account_id,intervention,ev,net,selected
A017791,large_withdrawal,122.39016961051719,47.39016961051719,1
A020607,large_withdrawal,211.62967090450582,136.62967090450582,1
A024967,large_withdrawal,155.04721552259855,80.04721552259855,1
A037824,large_withdrawal,221.5348032138343,146.5348032138343,1
A018252,large_withdrawal,1521.0781514528974,1446.0781514528974,1
A000179,large_withdrawal,80.69516312181175,5.6951631218117456,1
A002529,large_withdrawal,623.3621914396172,548.3621914396172,1
A009197,large_withdrawal,110.9836248552072,35.983624855207196,1
A026227,large_withdrawal,135.43610033320846,60.43610033320846,1
A009832,large_withdrawal,83.21243405182216,8.212434051822157,1
A005391,large_withdrawal,1154.6137457852751,1079.6137457852751,1
A026049,large_withdrawal,91.87932486920059,16.879324869200588,1
A015560,large_withdrawal,76.53764657981519,1.5376465798151884,1
A011473,large_withdrawal,77.91230839759429,2.9123083975942876,1
A018048,large_withdrawal,298.3678058156187,223.36780581561868,1
A014738,large_withdrawal,96.19991947595364,21.199919475953635,1
A031908,large_withdrawal,189.52096416686007,114.52096416686007,1
A038633,large_withdrawal,313.3834094574136,238.38340945741362,1
A038191,large_withdrawal,172.44586632968182,97.44586632968182,1
A034405,large_withdrawal,171.73129262772454,96.73129262772454,1
A001520,large_withdrawal,93.36885858933427,18.368858589334266,1
A029515,large_withdrawal,215.9940968576091,140.9940968576091,1
A019078,large_withdrawal,229.74542831512784,154.74542831512784,1
A021359,large_withdrawal,571.3860607911865,496.38606079118654,1
A027504,large_withdrawal,77.85496136659245,2.8549613665924483,1
A013735,large_withdrawal,249.40042121138438,174.40042121138438,1
A002034,large_withdrawal,970.8628439794364,895.8628439794364,1
A023037,large_withdrawal,238.14991502520928,163.14991502520928,1
A015919,large_withdrawal,242.08379258174963,167.08379258174963,1
A037360,large_withdrawal,132.91674375828975,57.916743758289755,1
A025665,large_withdrawal,146.25568503717545,71.25568503717545,1
A012962,large_withdrawal,172.46583942706715,97.46583942706715,1
A008234,large_withdrawal,174.67067924662902,99.67067924662902,1
A013932,large_withdrawal,95.82919658107542,20.829196581075422,1
A035178,large_withdrawal,239.20815784023273,164.20815784023273,1
A004704,large_withdrawal,174.20035550209505,99.20035550209505,1
A026832,large_withdrawal,85.94587191845618,10.945871918456177,1
A037345,large_withdrawal,82.29952430744936,7.29952430744936,1
A014857,large_withdrawal,279.98606957024987,204.98606957024987,1
A017422,large_withdrawal,103.30191681880824,28.301916818808238,1
A034230,large_withdrawal,133.3767034176571,58.3767034176571,1
A032407,large_withdrawal,114.77080738105816,39.77080738105816,1
A010147,large_withdrawal,148.34250672897704,73.34250672897704,1
A023305,large_withdrawal,91.81600044812564,16.816000448125635,1
A010308,large_withdrawal,103.50478063635757,28.504780636357566,1
A034139,large_withdrawal,130.37173562239752,55.37173562239752,1
A012839,large_withdrawal,75.42999317848674,0.4299931784867397,1
A027395,large_withdrawal,103.43208822391513,28.43208822391513,1
A017753,large_withdrawal,280.23079304513095,205.23079304513095,1
A019146,large_withdrawal,107.43217293103126,32.43217293103126,1
A004179,large_withdrawal,127.8598961925579,52.8598961925579,1
A036017,large_withdrawal,91.34402779441032,16.344027794410323,1
A027015,large_withdrawal,79.87071162325974,4.870711623259737,1
A039006,large_withdrawal,97.92703657601932,22.92703657601932,1
A000441,large_withdrawal,145.13777170392018,70.13777170392018,1
A022421,large_withdrawal,76.86452495460482,1.8645249546048177,1
A033705,large_withdrawal,116.97328172638153,41.97328172638153,1
A004899,large_withdrawal,147.55371146114405,72.55371146114405,1
A015628,large_withdrawal,78.14898490097671,3.148984900976714,1
A037906,large_withdrawal,133.68940539901834,58.68940539901834,1
A037237,large_withdrawal,134.98415924716244,59.98415924716244,1
A014418,large_withdrawal,314.45497661930875,239.45497661930875,1
A009205,large_withdrawal,100.61160515940679,25.611605159406793,1
A022488,large_withdrawal,186.43848125810212,111.43848125810212,1
A033139,large_withdrawal,500.9200242429191,425.9200242429191,1
A035421,large_withdrawal,203.3229287431356,128.3229287431356,1
A010573,large_withdrawal,190.89141048390826,115.89141048390826,1
A016789,large_withdrawal,103.02941495693241,28.029414956932413,1
A027774,large_withdrawal,255.2936218023013,180.2936218023013,1
A030722,large_withdrawal,101.60113851471495,26.601138514714947,1
A038555,large_withdrawal,102.84572139237066,27.845721392370663,1
A024291,large_withdrawal,147.80090390769817,72.80090390769817,1
A026281,large_withdrawal,105.46193656006912,30.46193656006912,1
A003597,large_withdrawal,324.16752873000115,249.16752873000115,1
A023229,large_withdrawal,116.59262474711277,41.592624747112765,1
A037398,large_withdrawal,122.809723283973,47.809723283973,1
A012828,large_withdrawal,266.17938346608406,191.17938346608406,1
A027082,large_withdrawal,322.13993288095605,247.13993288095605,1
A007458,large_withdrawal,152.2804760674341,77.28047606743411,1
A026359,large_withdrawal,80.19203137042139,5.19203137042139,1
A032135,large_withdrawal,368.7701612484121,293.7701612484121,1
A032739,large_withdrawal,151.537757731926,76.537757731926,1
A010472,large_withdrawal,87.43840754215925,12.438407542159254,1
A011535,large_withdrawal,391.4179156702633,316.4179156702633,1
A015774,large_withdrawal,127.19883026926153,52.198830269261535,1
A006315,large_withdrawal,152.99808583274643,77.99808583274643,1
A013758,large_withdrawal,392.0734708425895,317.0734708425895,1
A019055,large_withdrawal,160.23219137921487,85.23219137921487,1
A018816,large_withdrawal,329.15393803775083,254.15393803775083,1
A001336,large_withdrawal,965.1362923928576,890.1362923928576,1
A012171,large_withdrawal,174.6152248409775,99.6152248409775,1
A029340,large_withdrawal,499.8821252978101,424.8821252978101,1
A011247,large_withdrawal,135.86872082876621,60.868720828766214,1
A008416,large_withdrawal,118.1814842328894,43.1814842328894,1
A018026,large_withdrawal,96.09665361184322,21.096653611843223,1
A017123,large_withdrawal,86.468000079487,11.468000079486998,1
A002744,large_withdrawal,159.79151141719524,84.79151141719524,1
A024858,large_withdrawal,105.62778614626848,30.627786146268477,1
A007771,large_withdrawal,293.688414035189,218.688414035189,1
A013560,large_withdrawal,132.8113340290824,57.81133402908239,1
A006125,large_withdrawal,100.61723823894859,25.617238238948588,1
A020013,large_withdrawal,218.89591899364862,143.89591899364862,1
A020857,large_withdrawal,156.19990758104598,81.19990758104598,1
A028370,large_withdrawal,139.79668066065392,64.79668066065392,1
A021458,large_withdrawal,75.9912199373828,0.9912199373827946,1
A030829,large_withdrawal,93.95567393149607,18.955673931496065,1
A035065,large_withdrawal,129.48550240080064,54.48550240080064,1
A016773,large_withdrawal,141.67587147487546,66.67587147487546,1
A028544,large_withdrawal,85.96858222335636,10.968582223356364,1
A034460,large_withdrawal,151.25733633816557,76.25733633816557,1
A032727,large_withdrawal,92.1049305886951,17.104930588695098,1
A002243,large_withdrawal,696.0466940053301,621.0466940053301,1
A007646,large_withdrawal,75.48111507301431,0.48111507301430834,1
A004741,large_withdrawal,857.6794927670786,782.6794927670786,1
A002176,large_withdrawal,87.01983761639416,12.019837616394156,1
A038852,large_withdrawal,381.8226291271769,306.8226291271769,1
A013518,large_withdrawal,170.66718211629617,95.66718211629617,1
A034252,large_withdrawal,82.09384862519633,7.09384862519633,1
A035550,large_withdrawal,101.53232154511973,26.53232154511973,1
A003099,large_withdrawal,135.5594969671142,60.5594969671142,1
A039373,large_withdrawal,298.29798645590785,223.29798645590785,1
A033691,large_withdrawal,141.49792264100677,66.49792264100677,1
A004630,large_withdrawal,145.26481698364302,70.26481698364302,1
A027563,large_withdrawal,83.63624318789171,8.636243187891708,1
A011385,large_withdrawal,92.94083900624528,17.940839006245284,1
A038609,large_withdrawal,375.2288141894498,300.2288141894498,1
A020716,large_withdrawal,207.09089179198887,132.09089179198887,1
A011461,large_withdrawal,129.53089314146263,54.53089314146263,1
A026642,large_withdrawal,898.1530130950165,823.1530130950165,1
A011429,large_withdrawal,382.8352269437219,307.8352269437219,1
A015606,large_withdrawal,77.98516719901397,2.985167199013972,1
A000982,large_withdrawal,146.92015111840212,71.92015111840212,1
A034344,large_withdrawal,86.75777678018716,11.757776780187157,1
A015443,large_withdrawal,99.61119363042334,24.611193630423344,1
A026136,large_withdrawal,313.17509359795,238.17509359795002,1
A039710,large_withdrawal,119.81646586013525,44.81646586013525,1
A019189,large_withdrawal,95.48487166165961,20.48487166165961,1
A004762,large_withdrawal,105.97200911079928,30.972009110799277,1
A008252,large_withdrawal,78.19510687955393,3.195106879553933,1
A015500,large_withdrawal,126.61440138242122,51.61440138242122,1
A035765,large_withdrawal,199.4593637718176,124.4593637718176,1
A005624,large_withdrawal,99.27436935585729,24.27436935585729,1
A011174,large_withdrawal,143.58013312832105,68.58013312832105,1
A001541,large_withdrawal,88.58379973531534,13.583799735315338,1
A023687,large_withdrawal,492.23039782199527,417.23039782199527,1
A029703,large_withdrawal,76.10212646922811,1.1021264692281108,1
A016544,large_withdrawal,297.6037582655087,222.6037582655087,1
A017337,large_withdrawal,253.10189995096508,178.10189995096508,1
A033295,large_withdrawal,137.77864713662086,62.77864713662086,1
A015524,large_withdrawal,78.80559250309231,3.8055925030923134,1
A023877,large_withdrawal,93.33103419381143,18.331034193811433,1
A036508,large_withdrawal,339.8102142199053,264.8102142199053,1
A029472,large_withdrawal,185.91721265041338,110.91721265041338,1
A031018,large_withdrawal,108.02715534833999,33.02715534833999,1
A012858,large_withdrawal,211.56067597097666,136.56067597097666,1
A037527,large_withdrawal,89.84024941514828,14.840249415148278,1
A012016,large_withdrawal,773.5446435935256,698.5446435935256,1
A034027,large_withdrawal,280.62264148568454,205.62264148568454,1
A017311,large_withdrawal,104.88753211599479,29.887532115994787,1
A019918,large_withdrawal,116.80352251883943,41.80352251883943,1
A002171,dd_stop,205.57776868242885,105.57776868242885,1
A004192,dd_stop,124.8795382257295,24.879538225729505,1
A035815,dd_stop,321.6316236380146,221.63162363801462,1
A026243,dd_stop,297.23908033670284,197.23908033670284,1
A001904,dd_stop,296.5119293945977,196.5119293945977,1
A036084,dd_stop,251.70734166341015,151.70734166341015,1
A014519,dd_stop,234.08806193643912,134.08806193643912,1
A015140,dd_stop,372.35116650158943,272.35116650158943,1
A010346,dd_stop,395.49363111158027,295.49363111158027,1
A035914,dd_stop,181.0756218033964,81.07562180339639,1
A012175,dd_stop,326.00733236391295,226.00733236391295,1
A018071,dd_stop,190.9670111363603,90.9670111363603,1
A007092,dd_stop,226.35550653336108,126.35550653336108,1
A011876,dd_stop,423.8094099878141,323.8094099878141,1
A016084,dd_stop,669.3032808145856,569.3032808145856,1
A028123,dd_stop,231.92787993388177,131.92787993388177,1
A003539,dd_stop,151.28987490466199,51.289874904661986,1
A027445,dd_stop,160.4671252379306,60.46712523793059,1
A033109,dd_stop,164.72638040939586,64.72638040939586,1
A029286,dd_stop,2118.65584126628,2018.6558412662798,1
A030572,dd_stop,149.9312897642622,49.9312897642622,1
A008681,dd_stop,158.33362522406543,58.33362522406543,1
A020712,dd_stop,110.66721193049415,10.667211930494148,1
A019254,dd_stop,896.6393949853946,796.6393949853946,1
A025563,dd_stop,105.34856359660444,5.348563596604436,1
A004109,dd_stop,681.9040934505416,581.9040934505416,1
A027201,dd_stop,895.022314972717,795.022314972717,1
A034414,dd_stop,219.3879914752026,119.3879914752026,1
A000255,dd_stop,919.29771233758,819.29771233758,1
A012931,dd_stop,103.29357015231635,3.2935701523163488,1
A006843,dd_stop,115.45678307326321,15.45678307326321,1
A008100,dd_stop,431.75430233874533,331.75430233874533,1
A009246,dd_stop,611.4495058867377,511.4495058867377,1
A026622,dd_stop,289.0692056055488,189.0692056055488,1
A038835,dd_stop,251.60784842473385,151.60784842473385,1
A006842,dd_stop,149.02651920192218,49.026519201922184,1
A003899,dd_stop,2211.34383005476,2111.34383005476,1
A032702,dd_stop,130.0988905899373,30.098890589937298,1
A034265,dd_stop,1347.0261103486757,1247.0261103486757,1
A005442,dd_stop,207.52441557122935,107.52441557122935,1
A024411,dd_stop,113.29546331519455,13.295463315194553,1
A012610,dd_stop,114.28999580734907,14.289995807349072,1
A018477,dd_stop,118.00237289104707,18.002372891047074,1
A038335,dd_stop,784.1231373115783,684.1231373115783,1
A025366,dd_stop,146.26809568245713,46.26809568245713,1
A013513,dd_stop,1207.526957109341,1107.526957109341,1
A012952,dd_stop,241.33863940960887,141.33863940960887,1
A024119,dd_stop,279.1638179737747,179.1638179737747,1
A010178,dd_stop,193.46136946631137,93.46136946631137,1
A007876,dd_stop,134.45406363875398,34.45406363875398,1
A031856,dd_stop,111.12031339190827,11.120313391908269,1
A027431,dd_stop,256.41735378584696,156.41735378584696,1
A028087,dd_stop,430.6161842941417,330.6161842941417,1
A019308,dd_stop,1390.6941577495058,1290.6941577495058,1
A006389,dd_stop,449.0218539816091,349.0218539816091,1
A018655,dd_stop,272.3041728910902,172.30417289109022,1
A020681,dd_stop,139.03405542739466,39.03405542739466,1
A038743,dd_stop,147.61320329909273,47.61320329909273,1
A033671,dormant_cashback,127.55850289692755,92.55850289692755,1
A015286,dormant_cashback,335.6830931839184,300.6830931839184,1
A000746,dormant_cashback,143.19415775405812,108.19415775405812,1
A027560,dormant_cashback,46.766569048557585,11.766569048557585,1
A011729,dormant_cashback,417.79075391563555,382.79075391563555,1
A038840,dormant_cashback,279.3662177126397,244.3662177126397,1
A039081,dormant_cashback,42.564064134056466,7.564064134056466,1
A010405,dormant_cashback,85.80310169366977,50.803101693669774,1
A010287,dormant_cashback,40.23036340275463,5.230363402754627,1
A019860,dormant_cashback,66.74063539284573,31.740635392845732,1
A026168,dormant_cashback,67.14753693000621,32.14753693000621,1
A008366,dormant_cashback,49.89260567909161,14.89260567909161,1
A019122,dormant_cashback,46.24732190889265,11.247321908892651,1
A036269,dormant_cashback,40.52632705383083,5.526327053830833,1
A025960,dormant_cashback,71.70562377321714,36.70562377321714,1
A027804,dormant_cashback,384.5664703240486,349.5664703240486,1
A011023,dormant_cashback,302.53901966429896,267.53901966429896,1
A006257,dormant_cashback,50.968580621206065,15.968580621206065,1
A020852,dormant_cashback,213.69088204766666,178.69088204766666,1
A010797,dormant_cashback,78.03465109333783,43.03465109333783,1
A019294,dormant_cashback,70.60924685086549,35.60924685086549,1
A019341,dormant_cashback,38.81970794321588,3.8197079432158816,1
A026878,dormant_cashback,277.7398945573177,242.7398945573177,1
A030254,dormant_cashback,70.802822041213,35.802822041213005,1
A000019,dormant_cashback,63.00417507930363,28.00417507930363,1
A011514,dormant_cashback,253.31278941916494,218.31278941916494,1
A033834,dormant_cashback,36.966847252534755,1.9668472525347553,1
A009821,dormant_cashback,49.95476241442273,14.954762414422731,1
A002043,dormant_cashback,109.45002119578596,74.45002119578596,1
A013868,dormant_cashback,133.49557438371775,98.49557438371775,1
A017215,dormant_cashback,55.622725243077745,20.622725243077745,1
A036835,dormant_cashback,237.23429515709063,202.23429515709063,1
A025522,dormant_cashback,43.5319326721265,8.531932672126501,1
A035606,dormant_cashback,96.5431579756892,61.5431579756892,1
A014420,dormant_cashback,62.544907279457696,27.544907279457696,1
A010429,dormant_cashback,91.86575334779731,56.86575334779731,1
A007020,dormant_cashback,573.7774330321263,538.7774330321263,1
A018609,dormant_cashback,46.70821518214862,11.70821518214862,1
A010701,dormant_cashback,115.13370418950863,80.13370418950863,1
A032857,dormant_cashback,37.61596321744674,2.6159632174467404,1
A033374,dormant_cashback,43.88424471738942,8.884244717389421,1
A009961,dormant_cashback,99.14786074188389,64.14786074188389,1
A011783,dormant_cashback,321.5375333227748,286.5375333227748,1
A000432,dormant_cashback,78.12445856179625,43.124458561796246,1
A000229,dormant_cashback,47.532607019170385,12.532607019170385,1
A013031,dormant_cashback,52.358273925449815,17.358273925449815,1
A037967,dormant_cashback,233.39667813566925,198.39667813566925,1
A037173,dormant_cashback,41.51551567960953,6.515515679609528,1
A020126,dormant_cashback,108.554084581623,73.554084581623,1
A019118,dormant_cashback,62.09221304904554,27.09221304904554,1
A003232,dormant_cashback,41.02033530868813,6.020335308688132,1
A038584,dormant_cashback,229.43038398626808,194.43038398626808,1
A035227,dormant_cashback,205.19713935503484,170.19713935503484,1
A026343,dormant_cashback,73.19149939702486,38.191499397024856,1
A032170,dormant_cashback,43.95509308320992,8.955093083209917,1
A032475,dormant_cashback,59.746983439624486,24.746983439624486,1
A039873,dormant_cashback,80.646089958305,45.646089958305,1
A005454,dormant_cashback,137.78188084898224,102.78188084898224,1
A022069,dormant_cashback,192.6755198224926,157.6755198224926,1
A006690,dormant_cashback,116.2772966640841,81.2772966640841,1
A039079,dormant_cashback,93.57638075112682,58.57638075112682,1
A022269,dormant_cashback,110.47689941230777,75.47689941230777,1
A038957,dormant_cashback,98.70221184852348,63.702211848523476,1
A012185,dormant_cashback,35.9523628776634,0.952362877663397,1
A004833,dormant_cashback,35.45761495554904,0.4576149555490403,1
A002536,dormant_cashback,369.40078098184244,334.40078098184244,1
A036900,dormant_cashback,319.73564028747336,284.73564028747336,1
A022349,dormant_cashback,109.45194493035397,74.45194493035397,1
A019162,dormant_cashback,69.04098463693845,34.04098463693845,1
A004517,dormant_cashback,85.28635926918777,50.28635926918777,1
A007211,dormant_cashback,132.81211738463404,97.81211738463404,1
A016565,dormant_cashback,43.274745954966214,8.274745954966214,1
A008380,dormant_cashback,181.68337748291142,146.68337748291142,1
A013274,dormant_cashback,55.53372096354763,20.53372096354763,1
A039394,dormant_cashback,115.02419856430518,80.02419856430518,1
A038163,dormant_cashback,86.78507592200175,51.78507592200175,1
A017085,dormant_cashback,80.16098640972432,45.160986409724316,1
A001781,dormant_cashback,217.4938467093395,182.4938467093395,1
A015363,dormant_cashback,89.487740346144,54.487740346143994,1
A028634,dormant_cashback,45.89111639599918,10.891116395999177,1
A037386,dormant_cashback,39.41799979450299,4.41799979450299,1
A018678,dormant_cashback,156.1145059408726,121.11450594087259,1
A023559,dormant_cashback,37.19798526741689,2.1979852674168896,1
A013264,dormant_cashback,263.7642478433298,228.76424784332983,1
A026962,dormant_cashback,72.04295868000632,37.04295868000632,1
A019997,dormant_cashback,166.83230128735477,131.83230128735477,1
A002884,dormant_cashback,47.67221945339311,12.672219453393112,1
A028292,dormant_cashback,119.03505271796242,84.03505271796242,1
A001838,dormant_cashback,62.52318870264167,27.52318870264167,1
A020708,dormant_cashback,269.4139835326393,234.4139835326393,1
A017331,dormant_cashback,250.61362270831813,215.61362270831813,1
A038068,dormant_cashback,44.96705063336006,9.96705063336006,1
A023421,dormant_cashback,77.07054859328304,42.070548593283036,1
A016221,dormant_cashback,142.15622177401272,107.15622177401272,1
A031591,dormant_cashback,44.2216543017325,9.2216543017325,1
A012944,dormant_cashback,35.405822947597024,0.40582294759702364,1
A019020,dormant_cashback,139.20758867406707,104.20758867406707,1
A029997,dormant_cashback,246.42695367053327,211.42695367053327,1
A017326,dormant_cashback,73.95968890573978,38.95968890573978,1
A031665,dormant_cashback,39.961367517553626,4.961367517553626,1
A038359,dormant_cashback,39.10126105521629,4.101261055216291,1
A001375,dormant_cashback,56.8666394200865,21.8666394200865,1
A037684,dormant_cashback,84.66466311693037,49.66466311693037,1
A035854,dormant_cashback,52.18979257811475,17.189792578114748,1
A024734,dormant_cashback,51.48282455324713,16.482824553247127,1
A031684,dormant_cashback,41.487170586283305,6.487170586283305,1
A027858,dormant_cashback,134.15979260144928,99.15979260144928,1
A023236,dormant_cashback,339.88507845104533,304.88507845104533,1
A008618,dormant_cashback,107.90689964388282,72.90689964388282,1
A023336,dormant_cashback,96.63732477015695,61.63732477015695,1
A028524,dormant_cashback,44.16265473207576,9.162654732075758,1
A016355,dormant_cashback,37.753298675405446,2.7532986754054463,1
A021907,dormant_cashback,140.52304659349002,105.52304659349002,1
A010584,dormant_cashback,67.74924207623124,32.74924207623124,1
A025479,dormant_cashback,74.45274666312432,39.452746663124316,1
A030892,dormant_cashback,47.43255285640919,12.432552856409188,1
A026173,dormant_cashback,60.95334282566006,25.95334282566006,1
A031711,dormant_cashback,53.54381215131452,18.54381215131452,1
A014948,dormant_cashback,64.82852615176854,29.828526151768543,1
A019176,dormant_cashback,42.72130165708389,7.721301657083892,1
A006916,dormant_cashback,116.0193036663434,81.0193036663434,1
A037659,dormant_cashback,131.17913876108085,96.17913876108085,1
A020316,dormant_cashback,133.34693361911525,98.34693361911525,1
A024353,dormant_cashback,91.80762132405542,56.80762132405542,1
A030756,dormant_cashback,41.257310787446805,6.257310787446805,1
A007637,dormant_cashback,53.89411279673854,18.89411279673854,1
A031988,dormant_cashback,68.30881731338667,33.30881731338667,1
A003961,dormant_cashback,154.98091142484876,119.98091142484876,1
A018036,dormant_cashback,148.79801835567477,113.79801835567477,1
A000855,dormant_cashback,169.495641938659,134.495641938659,1
A027486,dormant_cashback,36.770200317403095,1.770200317403095,1
A012250,dormant_cashback,63.555001402900295,28.555001402900295,1
A013995,dormant_cashback,38.37188736943696,3.371887369436962,1
A022693,dormant_cashback,51.85269197935777,16.852691979357772,1
A031882,dormant_cashback,60.390416130320105,25.390416130320105,1
A037203,dormant_cashback,603.6910441538822,568.6910441538822,1
A004712,dormant_cashback,64.00541273322763,29.00541273322763,1
A012138,dormant_cashback,188.56364145161146,153.56364145161146,1
A002977,dormant_cashback,49.00542907347306,14.00542907347306,1
A029936,dormant_cashback,80.66912041733531,45.66912041733531,1
A018908,dormant_cashback,70.05476524213202,35.05476524213202,1
A004687,dormant_cashback,37.69469006946937,2.6946900694693667,1
A006857,dormant_cashback,228.47513899967942,193.47513899967942,1
A028737,dormant_cashback,102.90770057005192,67.90770057005192,1
A000318,dormant_cashback,66.18177174610551,31.18177174610551,1
A030858,dormant_cashback,65.69628288155027,30.696282881550275,1
A020907,dormant_cashback,42.00099343600732,7.00099343600732,1
A020599,dormant_cashback,66.31506908675999,31.31506908675999,1
A031277,dormant_cashback,111.101323949513,76.101323949513,1
A023445,dormant_cashback,42.79158263252062,7.7915826325206226,1
A000244,dormant_cashback,52.241428304839594,17.241428304839594,1
A021138,dormant_cashback,56.04025123654598,21.040251236545977,1
A020974,dormant_cashback,289.3517285622521,254.3517285622521,1
A030318,dormant_cashback,43.47851998477134,8.478519984771339,1
A002657,dormant_cashback,179.82419247969898,144.82419247969898,1
A005458,dormant_cashback,91.45418176551819,56.454181765518186,1
A032203,dormant_cashback,69.64468074248107,34.64468074248107,1
A013581,dormant_cashback,47.83735041133435,12.837350411334349,1
A036645,dormant_cashback,211.08900980655028,176.08900980655028,1
A029623,dormant_cashback,59.336936804485646,24.336936804485646,1
A012894,dormant_cashback,301.6301724451829,266.6301724451829,1
A007912,dormant_cashback,65.12726647126833,30.127266471268328,1
A014541,dormant_cashback,442.20756797883433,407.20756797883433,1
A013918,dormant_cashback,53.82614066284753,18.82614066284753,1
A013578,dormant_cashback,333.6675594323888,298.6675594323888,1
A011501,dormant_cashback,100.47114973283844,65.47114973283844,1
A019082,dormant_cashback,93.06411848157016,58.06411848157016,1
A025180,dormant_cashback,197.13234006553466,162.13234006553466,1
A037683,dormant_cashback,170.87521980622878,135.87521980622878,1
A018355,dormant_cashback,57.184522653366805,22.184522653366805,1
A028010,dormant_cashback,95.50248257866863,60.50248257866863,1
A025979,dormant_cashback,77.04973838177136,42.04973838177136,1
A019427,dormant_cashback,92.8091744177118,57.8091744177118,1
A039179,dormant_cashback,84.78055757375718,49.78055757375718,1
A021560,dormant_cashback,79.2912895590265,44.291289559026495,1
A017473,dormant_cashback,80.2421820562269,45.242182056226895,1
A037352,dormant_cashback,52.11448471429653,17.11448471429653,1
A016968,dormant_cashback,40.32940313069839,5.329403130698388,1
A020621,dormant_cashback,36.93269020847303,1.9326902084730335,1
A009847,dormant_cashback,146.65441395300743,111.65441395300743,1
A008270,dormant_cashback,80.7165814983233,45.71658149832329,1
A039513,dormant_cashback,82.82897240384405,47.82897240384405,1
A000174,dormant_cashback,335.5790885613434,300.5790885613434,1
A034581,dormant_cashback,266.33115791145707,231.33115791145707,1
A019088,dormant_cashback,172.74179790177274,137.74179790177274,1
A016822,dormant_cashback,44.390443374724754,9.390443374724754,1
A031484,dormant_cashback,356.33923906801783,321.33923906801783,1
A033102,dormant_cashback,1101.4095731803338,1066.4095731803338,1
A025363,dormant_cashback,296.7072835424226,261.7072835424226,1
A028756,dormant_cashback,41.31758373629273,6.3175837362927325,1
A011814,dormant_cashback,1199.4907847923844,1164.4907847923844,1
A027628,dormant_cashback,40.500816603300215,5.5008166033002155,1
A035525,dormant_cashback,298.729400657385,263.729400657385,1
A027299,dormant_cashback,332.98017519164836,297.98017519164836,1
A025295,dormant_cashback,83.03533472956485,48.03533472956485,1
A014778,dormant_cashback,128.63713067843548,93.63713067843548,1
A021867,dormant_cashback,41.230439712071025,6.230439712071025,1
A014202,dormant_cashback,342.1719848660286,307.1719848660286,1
A034636,dormant_cashback,168.42244968310024,133.42244968310024,1
A035634,dormant_cashback,110.97694854061714,75.97694854061714,1
A014363,dormant_cashback,61.2612156681866,26.2612156681866,1
A003635,dormant_cashback,120.88187862383815,85.88187862383815,1
A008773,dormant_cashback,109.17152414975516,74.17152414975516,1
A028826,dormant_cashback,77.69093749349734,42.690937493497344,1
A002042,dormant_cashback,195.037028786418,160.037028786418,1
A032155,dormant_cashback,89.52742283176511,54.52742283176511,1
A013563,dormant_cashback,40.513290007260956,5.513290007260956,1
A002731,dormant_cashback,60.03643356683069,25.036433566830688,1
A017977,dormant_cashback,240.0489744697383,205.0489744697383,1
A025151,dormant_cashback,60.10864664651855,25.10864664651855,1
A019108,dormant_cashback,175.4041472327284,140.4041472327284,1
A015485,dormant_cashback,71.9098291453656,36.909829145365606,1
A028365,dormant_cashback,135.07179896922543,100.07179896922543,1
A026189,dormant_cashback,51.142725748967536,16.142725748967536,1
A018815,dormant_cashback,69.53228878613395,34.53228878613395,1
A005504,dormant_cashback,113.08659951225393,78.08659951225393,1
A000700,dormant_cashback,139.12157118947738,104.12157118947738,1
A008959,dormant_cashback,62.878263928052974,27.878263928052974,1
A001343,dormant_cashback,181.75130198864554,146.75130198864554,1
A026197,dormant_cashback,184.08734537955212,149.08734537955212,1
A006199,dormant_cashback,171.41042180407013,136.41042180407013,1
A036882,dormant_cashback,44.211950347115575,9.211950347115575,1
A002341,dormant_cashback,64.98976923604548,29.989769236045476,1
A028730,dormant_cashback,49.04347176614732,14.04347176614732,1
A013283,dormant_cashback,143.2862805287883,108.2862805287883,1
A039062,dormant_cashback,68.25012674058611,33.25012674058611,1
A010783,dormant_cashback,107.23375937694365,72.23375937694365,1
A000828,dormant_cashback,96.39231037848096,61.39231037848096,1
A036765,dormant_cashback,112.06972345653197,77.06972345653197,1
A030064,dormant_cashback,36.32869137920361,1.3286913792036117,1
A037039,dormant_cashback,252.56778539418286,217.56778539418286,1
A031964,dormant_cashback,38.704520258230446,3.7045202582304455,1
A005374,dormant_cashback,40.82313324292915,5.823133242929153,1
A024689,dormant_cashback,129.74009254430266,94.74009254430266,1
A028708,dormant_cashback,107.4715780097318,72.4715780097318,1
A030659,dormant_cashback,38.073526390989464,3.073526390989464,1
A036043,dormant_cashback,214.34587170758783,179.34587170758783,1
A008323,dormant_cashback,35.96098522005238,0.960985220052379,1
A034407,dormant_cashback,67.37118668531849,32.37118668531849,1
A019024,dormant_cashback,106.34230469183626,71.34230469183626,1
A032069,dormant_cashback,36.3834780128566,1.3834780128565995,1
A027987,dormant_cashback,104.69133781702858,69.69133781702858,1
A001205,dormant_cashback,41.30250655354226,6.302506553542258,1
A034247,dormant_cashback,284.2456701518009,249.24567015180088,1
A035957,dormant_cashback,69.3598712319014,34.359871231901394,1
A018004,dormant_cashback,45.467264013687334,10.467264013687334,1
A031457,dormant_cashback,56.12365522161329,21.12365522161329,1
A036475,dormant_cashback,56.52197331425291,21.52197331425291,1
A009362,dormant_cashback,52.68301258145735,17.683012581457348,1
A012852,dormant_cashback,94.13166405529908,59.13166405529908,1
A028904,dormant_cashback,186.70747086178554,151.70747086178554,1
A038375,dormant_cashback,37.61433429410029,2.6143342941002885,1
A032229,dormant_cashback,52.165602944530924,17.165602944530924,1
A027551,dormant_cashback,63.70276770600191,28.702767706001907,1
A022647,dormant_cashback,43.98012455146112,8.980124551461117,1
A037295,dormant_cashback,63.0218528661472,28.0218528661472,1
A034291,dormant_cashback,132.0120947564852,97.0120947564852,1
A013293,dormant_cashback,90.70047067812102,55.70047067812102,1
A015702,dormant_cashback,51.442057893353,16.442057893353002,1
A027114,dormant_cashback,58.978937394694015,23.978937394694015,1
A017881,dormant_cashback,54.45941203873938,19.45941203873938,1
A020840,dormant_cashback,36.90925492367159,1.9092549236715897,1
A036480,dormant_cashback,48.01744075716163,13.01744075716163,1
A014307,dormant_cashback,80.43976311756212,45.43976311756212,1
A022911,dormant_cashback,292.72555136159997,257.72555136159997,1
A009724,dormant_cashback,45.11816316422499,10.118163164224988,1
A000837,dormant_cashback,52.383155318423974,17.383155318423974,1
A037908,dormant_cashback,53.67568776425945,18.67568776425945,1
A030642,dormant_cashback,124.17115449864968,89.17115449864968,1
A035565,dormant_cashback,45.93737633283452,10.937376332834518,1
A016369,dormant_cashback,59.654097733644726,24.654097733644726,1
A015428,dormant_cashback,69.19684186911913,34.196841869119126,1
A013335,dormant_cashback,82.15448849840858,47.15448849840858,1
A033174,dormant_cashback,544.6196628426626,509.6196628426626,1
A001910,dormant_cashback,55.69643798794376,20.69643798794376,1
A014539,dormant_cashback,58.442552843953294,23.442552843953294,1
A015167,dormant_cashback,37.05320869098351,2.05320869098351,1
A019813,dormant_cashback,49.711520019805675,14.711520019805675,1
A027578,dormant_cashback,399.0615255796705,364.0615255796705,1
A029758,dormant_cashback,43.471865778805366,8.471865778805366,1
A006475,dormant_cashback,173.81074733881175,138.81074733881175,1
A007339,dormant_cashback,49.3714550315183,14.371455031518302,1
A021908,dormant_cashback,67.19360586137279,32.19360586137279,1
A036972,dormant_cashback,269.2597889311536,234.2597889311536,1
A016210,dormant_cashback,129.6212661508016,94.6212661508016,1
A001260,dormant_cashback,82.73131797160929,47.731317971609286,1
A008901,dormant_cashback,389.75470063229267,354.75470063229267,1
A014331,dormant_cashback,100.87741583782201,65.87741583782201,1
A036762,dormant_cashback,321.9248061640189,286.9248061640189,1
A028674,dormant_cashback,135.49724506112102,100.49724506112102,1
A023514,dormant_cashback,113.72281725112053,78.72281725112053,1
A001953,dormant_cashback,84.75258626141998,49.75258626141998,1
A001024,dormant_cashback,77.97605783591516,42.97605783591516,1
A016022,dormant_cashback,165.37488831559696,130.37488831559696,1
A028844,dormant_cashback,117.9660706583259,82.9660706583259,1
A025759,dormant_cashback,73.11908697465127,38.11908697465127,1
A035340,dormant_cashback,72.64910306274314,37.64910306274314,1
A016222,dormant_cashback,108.25313770489429,73.25313770489429,1
A019604,dormant_cashback,80.02521828792474,45.025218287924744,1
A037822,dormant_cashback,145.9327822029515,110.9327822029515,1
A035008,dormant_cashback,80.71179800354294,45.71179800354294,1
A025081,dormant_cashback,416.87540431471973,381.87540431471973,1
A030942,dormant_cashback,180.46572459466591,145.46572459466591,1
A002597,dormant_cashback,91.64246461758205,56.64246461758205,1
A014392,dormant_cashback,371.7949092814383,336.7949092814383,1
A030368,dormant_cashback,103.2647346696464,68.2647346696464,1
A004491,dormant_cashback,46.91765522376379,11.917655223763788,1
A026536,dormant_cashback,136.68587081996927,101.68587081996927,1
A018257,dormant_cashback,54.34267717125355,19.34267717125355,1
A033294,dormant_cashback,361.5749532528021,326.5749532528021,1
A026269,dormant_cashback,91.61177911491491,56.61177911491491,1
A025318,dormant_cashback,82.46999010063482,47.46999010063482,1
A029849,dormant_cashback,83.4729050955173,48.472905095517305,1
A038085,dormant_cashback,35.317273441853125,0.3172734418531249,1
A015225,dormant_cashback,67.84140732694574,32.84140732694574,1
A033107,dormant_cashback,179.0695386202358,144.0695386202358,1
A007336,dormant_cashback,69.55769134446544,34.55769134446544,1
A025893,dormant_cashback,42.9972025447705,7.997202544770502,1
A038406,dormant_cashback,41.378985716132945,6.378985716132945,1
A037100,dormant_cashback,254.33065807703025,219.33065807703025,1
A036408,dormant_cashback,36.50656778647652,1.5065677864765235,1
A016396,dormant_cashback,56.25567696723444,21.255676967234443,1
A001352,dormant_cashback,50.01640276703405,15.016402767034052,1
A000140,dormant_cashback,105.64599282208076,70.64599282208076,1
A003011,dormant_cashback,82.9908151493742,47.9908151493742,1
A010202,dormant_cashback,94.2636231104632,59.2636231104632,1
A034268,dormant_cashback,52.61474618503808,17.61474618503808,1
A035582,dormant_cashback,62.41886116465322,27.418861164653222,1
A037421,dormant_cashback,68.50908782083006,33.50908782083006,1
A032827,dormant_cashback,458.5356345300281,423.5356345300281,1
A032175,dormant_cashback,93.38254751172997,58.38254751172997,1
A026129,dormant_cashback,143.64182716981117,108.64182716981117,1
A037956,dormant_cashback,43.08524557161416,8.08524557161416,1
A024831,dormant_cashback,72.54617512152059,37.54617512152059,1
A019520,dormant_cashback,54.25042298879596,19.25042298879596,1
A031587,dormant_cashback,43.81320484370284,8.813204843702842,1
A038628,dormant_cashback,82.89866588876683,47.89866588876683,1
A033915,dormant_cashback,45.219019939072965,10.219019939072965,1
A009252,dormant_cashback,59.18643402352782,24.186434023527823,1
A024836,dormant_cashback,204.66750032390723,169.66750032390723,1
A030701,dormant_cashback,202.1265569721959,167.1265569721959,1
A024974,dormant_cashback,242.37576957554438,207.37576957554438,1
A020972,dormant_cashback,52.67327471033657,17.67327471033657,1
A016184,dormant_cashback,556.1001332979763,521.1001332979763,1
A009381,dormant_cashback,234.394675827743,199.394675827743,1
A030076,dormant_cashback,50.404620002091214,15.404620002091214,1
A012937,dormant_cashback,74.18216602150133,39.18216602150133,1
A003549,dormant_cashback,36.605735794730805,1.6057357947308049,1
A006979,dormant_cashback,43.13630122740487,8.136301227404871,1
A001308,dormant_cashback,65.84510913606903,30.845109136069027,1
A038408,dormant_cashback,46.05956108119794,11.059561081197941,1
A019116,dormant_cashback,50.641426030338685,15.641426030338685,1
A029573,dormant_cashback,36.92650897167344,1.9265089716734423,1
A030102,dormant_cashback,76.37876141362221,41.378761413622215,1
A038279,dormant_cashback,54.8116698195421,19.811669819542097,1
A026957,dormant_cashback,46.484518352334696,11.484518352334696,1
A021406,dormant_cashback,43.98609155675497,8.986091556754971,1
A025478,dormant_cashback,35.16400925311026,0.16400925311025816,1
A014328,dormant_cashback,42.08056602432547,7.080566024325471,1
A004480,dormant_cashback,912.7403479089945,877.7403479089945,1
A018855,dormant_cashback,340.6258852843908,305.6258852843908,1
A015667,dormant_cashback,93.0414995625847,58.041499562584704,1
A009161,dormant_cashback,236.5899545679012,201.5899545679012,1
A030409,dormant_cashback,62.6054238938082,27.6054238938082,1
A014041,dormant_cashback,251.42661584016983,216.42661584016983,1
A004794,dormant_cashback,435.6543098337272,400.6543098337272,1
A005603,dormant_cashback,55.65613152315145,20.65613152315145,1
A008777,dormant_cashback,83.45507970688844,48.45507970688844,1
A009166,dormant_cashback,72.45329694152939,37.45329694152939,1
A007924,dormant_cashback,86.92327515098152,51.923275150981524,1
A019231,dormant_cashback,43.14586413128402,8.145864131284021,1
A012147,dormant_cashback,54.8322391512234,19.832239151223398,1
A009178,dormant_cashback,59.16003149472776,24.16003149472776,1
A004995,dormant_cashback,384.50325628241364,349.50325628241364,1
A033051,dormant_cashback,659.6670366061645,624.6670366061645,1
A032177,dormant_cashback,35.97650339749468,0.9765033974946817,1
A020219,dormant_cashback,94.13485548847616,59.13485548847616,1
A038508,dormant_cashback,140.1325797387239,105.1325797387239,1
A020915,dormant_cashback,361.9531599281537,326.9531599281537,1
A023155,dormant_cashback,186.60807940705678,151.60807940705678,1
A005928,dormant_cashback,74.19715099155864,39.197150991558644,1
A024379,dormant_cashback,208.57291662554795,173.57291662554795,1
A002039,dormant_cashback,127.48309614121254,92.48309614121254,1
A014394,dormant_cashback,191.2363460092669,156.2363460092669,1
A026802,dormant_cashback,138.17102177373454,103.17102177373454,1
A021472,dormant_cashback,221.07011310518962,186.07011310518962,1
A007154,dormant_cashback,68.02551333634439,33.02551333634439,1
A004601,dormant_cashback,193.5388910476267,158.5388910476267,1
A014303,dormant_cashback,49.35810435548215,14.358104355482148,1
A029267,dormant_cashback,137.2341797787811,102.23417977878111,1
A015763,dormant_cashback,67.79900640011078,32.799006400110784,1
A023449,dormant_cashback,101.25374772190693,66.25374772190693,1
A017162,dormant_cashback,66.16711799638603,31.167117996386025,1
A021777,dormant_cashback,54.895012898244254,19.895012898244254,1
A025685,dormant_cashback,77.19642846284819,42.19642846284819,1
A009559,dormant_cashback,69.02569686184759,34.02569686184759,1
A026060,dormant_cashback,52.67999592531136,17.67999592531136,1
A001564,dormant_cashback,183.886354742448,148.886354742448,1
A026073,dormant_cashback,63.58386628652718,28.583866286527183,1
A025935,dormant_cashback,56.99214065057124,21.992140650571237,1
A033324,dormant_cashback,723.7325982287691,688.7325982287691,1
A003942,dormant_cashback,47.29832983122336,12.298329831223363,1
A014447,dormant_cashback,145.60001375408,110.60001375408001,1
A000328,dormant_cashback,139.87274124624702,104.87274124624702,1
A016923,dormant_cashback,62.62809864460075,27.628098644600747,1
A017847,dormant_cashback,116.28730400361796,81.28730400361796,1
A001613,dormant_cashback,177.43082940508197,142.43082940508197,1
A016023,dormant_cashback,39.26914740967301,4.26914740967301,1
A006051,dormant_cashback,278.7079968783746,243.70799687837462,1
A002736,dormant_cashback,65.60697534144614,30.606975341446145,1
A021893,dormant_cashback,173.06411693872334,138.06411693872334,1
A036014,dormant_cashback,57.47163050439666,22.471630504396657,1
A029880,dormant_cashback,54.18284429005166,19.182844290051662,1
A029131,dormant_cashback,57.831628192020695,22.831628192020695,1
A005229,dormant_cashback,54.57832753308101,19.57832753308101,1
A008274,dormant_cashback,65.22451778637756,30.22451778637756,1
A029385,dormant_cashback,36.98573476833138,1.9857347683313833,1
A037607,dormant_cashback,140.8578030027214,105.8578030027214,1
A015516,dormant_cashback,180.66739381647648,145.66739381647648,1
A031028,dormant_cashback,181.03193831680932,146.03193831680932,1
A019076,dormant_cashback,66.62651402044563,31.626514020445626,1
A027457,dormant_cashback,77.65438446722099,42.65438446722099,1
A013637,dormant_cashback,59.38350336335142,24.383503363351423,1
A031136,dormant_cashback,137.17804036822477,102.17804036822477,1
A016378,dormant_cashback,271.2927493431861,236.29274934318607,1
A030797,dormant_cashback,75.63733329339726,40.63733329339726,1
A019973,dormant_cashback,62.35608381995423,27.35608381995423,1
A018787,dormant_cashback,250.2875509604142,215.2875509604142,1
A001223,dormant_cashback,60.850814586244724,25.850814586244724,1
A037394,dormant_cashback,144.3486171749088,109.34861717490881,1
A009818,dormant_cashback,77.06870660001844,42.068706600018444,1
A037820,dormant_cashback,160.25211944239592,125.25211944239592,1
A029729,dormant_cashback,650.1299687061986,615.1299687061986,1
A030477,dormant_cashback,46.31888298640991,11.31888298640991,1
A036410,dormant_cashback,42.96952499151901,7.969524991519009,1
A034845,dormant_cashback,95.83775348294634,60.83775348294634,1
A019546,dormant_cashback,155.559240968948,120.55924096894799,1
A032953,dormant_cashback,635.8694428396246,600.8694428396246,1
A014020,dormant_cashback,321.39795673054897,286.39795673054897,1
A011696,dormant_cashback,83.16516669456483,48.16516669456483,1
A034315,dormant_cashback,74.46722842718125,39.467228427181254,1
A031127,dormant_cashback,73.31530160893658,38.31530160893658,1
A029981,dormant_cashback,40.6644049915293,5.664404991529302,1
A028483,dormant_cashback,44.54778152579449,9.547781525794491,1
A036790,dormant_cashback,82.19401951862038,47.19401951862038,1
A026721,dormant_cashback,81.33180400532531,46.33180400532531,1
A014859,dormant_cashback,69.30183181340131,34.30183181340131,1
A023531,dormant_cashback,262.70017022876084,227.70017022876084,1
A022878,dormant_cashback,231.1574040348154,196.1574040348154,1
A020207,dormant_cashback,43.95044215921808,8.950442159218078,1
A032152,dormant_cashback,78.23307806079633,43.23307806079633,1
A030994,dormant_cashback,56.57577530692492,21.575775306924918,1
A035659,dormant_cashback,52.36192275640258,17.361922756402578,1
A028865,dormant_cashback,280.0023744918035,245.0023744918035,1
A020571,dormant_cashback,187.69057352215296,152.69057352215296,1
A018634,dormant_cashback,104.77160426530243,69.77160426530243,1
A033382,dormant_cashback,94.45341850945788,59.453418509457876,1
A029089,dormant_cashback,162.35990281280982,127.35990281280982,1
A038370,dormant_cashback,210.6867420034541,175.6867420034541,1
A002864,dormant_cashback,167.37986144351635,132.37986144351635,1
A025308,dormant_cashback,120.18890229955119,85.18890229955119,1
A031673,dormant_cashback,181.5833081207064,146.5833081207064,1
A025242,dormant_cashback,91.22315150455564,56.223151504555645,1
A037827,dormant_cashback,141.63578775823999,106.63578775823999,1
A000915,dormant_cashback,55.84203821865372,20.84203821865372,1
A034050,dormant_cashback,117.08864464125648,82.08864464125648,1
A039252,dormant_cashback,55.58336251347879,20.58336251347879,1
A028872,dormant_cashback,61.70526206409228,26.70526206409228,1
A000412,dormant_cashback,211.1693289224593,176.1693289224593,1
A031870,dormant_cashback,47.16594261744329,12.165942617443292,1
A029410,dormant_cashback,60.07381978062185,25.073819780621847,1
A022119,dormant_cashback,518.7004819571054,483.70048195710535,1
A009786,dormant_cashback,105.5655378831412,70.5655378831412,1
A021655,dormant_cashback,54.77334738041124,19.773347380411238,1
A035244,dormant_cashback,38.04162047698926,3.0416204769892587,1
A037526,dormant_cashback,87.54338146512339,52.54338146512339,1
A036880,dormant_cashback,148.7800383280844,113.7800383280844,1
A035682,dormant_cashback,157.04323855905548,122.04323855905548,1
A028485,dormant_cashback,532.0351575867593,497.0351575867593,1
A034164,dormant_cashback,85.3441254430402,50.3441254430402,1
A015021,dormant_cashback,60.83720486934651,25.837204869346508,1
A007152,dormant_cashback,1286.1131751164792,1251.1131751164792,1
A013265,dormant_cashback,43.41978230765651,8.419782307656511,1
A007995,dormant_cashback,176.3253906119476,141.3253906119476,1
A020323,dormant_cashback,90.57485361359932,55.574853613599316,1
A018098,dormant_cashback,42.472736609112395,7.4727366091123955,1
A001032,dormant_cashback,42.93990939348032,7.93990939348032,1
A009956,dormant_cashback,60.15769946396908,25.15769946396908,1
A010280,dormant_cashback,52.9634828150068,17.9634828150068,1
A022617,dormant_cashback,133.44902018100595,98.44902018100595,1
A030602,dormant_cashback,178.37001740532088,143.37001740532088,1
A039725,dormant_cashback,46.89346635588039,11.893466355880392,1
A005452,dormant_cashback,45.03368571480773,10.033685714807731,1
A014988,dormant_cashback,161.2751177888501,126.27511778885011,1
A019372,dormant_cashback,101.64672269749744,66.64672269749744,1
A010980,dormant_cashback,114.75905364829224,79.75905364829224,1
A019605,dormant_cashback,239.18893868613534,204.18893868613534,1
A012961,dormant_cashback,118.3833298591019,83.3833298591019,1
A006319,dormant_cashback,695.24545652096,660.24545652096,1
A030535,dormant_cashback,180.6349435644142,145.6349435644142,1
A010782,dormant_cashback,303.773478870815,268.773478870815,1
A020069,dormant_cashback,124.84163297297218,89.84163297297218,1
A013337,dormant_cashback,267.37529548813364,232.37529548813364,1
A034944,dormant_cashback,541.3005171957801,506.3005171957801,1
A020903,dormant_cashback,37.34530493029188,2.3453049302918814,1
A021337,dormant_cashback,73.0329283871145,38.032928387114495,1
A005808,dormant_cashback,424.808480747198,389.808480747198,1
A012265,dormant_cashback,69.65469316679354,34.654693166793535,1
A000249,dormant_cashback,64.7095048762704,29.7095048762704,1
A019863,dormant_cashback,94.64837533505587,59.648375335055874,1
A004365,dormant_cashback,272.3685338749602,237.36853387496018,1
A039374,dormant_cashback,40.25065332297597,5.250653322975971,1
A022643,dormant_cashback,305.44693531655105,270.44693531655105,1
A022522,dormant_cashback,56.59278456652909,21.59278456652909,1
A037015,dormant_cashback,35.06377101547298,0.06377101547298025,1
A001243,dormant_cashback,80.35772217419328,45.357722174193285,1
A003748,dormant_cashback,50.3881803699898,15.388180369989797,1
A018522,dormant_cashback,100.82468975918299,65.82468975918299,1
A032037,dormant_cashback,209.41361270534418,174.41361270534418,1
A020153,dormant_cashback,46.49194995014857,11.491949950148573,1
A028937,dormant_cashback,54.30527741065898,19.30527741065898,1
A034683,dormant_cashback,130.87402761732247,95.87402761732247,1
A025578,dormant_cashback,37.2112924573378,2.211292457337798,1
A005998,dormant_cashback,204.7741183300312,169.7741183300312,1
A035168,dormant_cashback,45.19799558428315,10.197995584283149,1
A019438,dormant_cashback,43.784044416310515,8.784044416310515,1
A009032,dormant_cashback,128.5378097772934,93.5378097772934,1
A014682,dormant_cashback,141.70534721927925,106.70534721927925,1
A034898,dormant_cashback,52.27976926366832,17.27976926366832,1
A004832,dormant_cashback,54.2768782885851,19.276878288585102,1
A024373,dormant_cashback,210.371447350826,175.371447350826,1
A020917,dormant_cashback,70.9151874874449,35.915187487444896,1
A035478,dormant_cashback,54.62659290474822,19.62659290474822,1
A031901,dormant_cashback,87.34542686045654,52.34542686045654,1
A030742,dormant_cashback,80.17791425451414,45.177914254514135,1
A023752,dormant_cashback,59.67476364507932,24.674763645079317,1
A028781,dormant_cashback,60.220874313954674,25.220874313954674,1
A017775,dormant_cashback,71.60866842203627,36.608668422036274,1
A021708,dormant_cashback,69.36881593462249,34.36881593462249,1
A024706,dormant_cashback,177.94211457463237,142.94211457463237,1
A015304,dormant_cashback,271.68146408901066,236.68146408901066,1
A025926,dormant_cashback,383.20302481752185,348.20302481752185,1
A017608,dormant_cashback,60.49125668049935,25.491256680499347,1
A028136,dormant_cashback,95.16558707007194,60.165587070071936,1
A019675,dormant_cashback,44.816034034213864,9.816034034213864,1
A035144,dormant_cashback,87.20498979200572,52.20498979200572,1
A012703,dormant_cashback,79.65940336682573,44.65940336682573,1
A006431,dormant_cashback,56.442929365528734,21.442929365528734,1
A007150,dormant_cashback,224.58556830285397,189.58556830285397,1
A005864,dormant_cashback,93.38455883403319,58.384558834033186,1
A027766,dormant_cashback,112.55950203200547,77.55950203200547,1
A008525,dormant_cashback,205.7600727048885,170.7600727048885,1
A001285,dormant_cashback,39.33587913872201,4.335879138722007,1
A036233,dormant_cashback,521.603296383181,486.60329638318103,1
A004115,dormant_cashback,40.6703900594305,5.670390059430503,1
A039089,dormant_cashback,395.68195281737104,360.68195281737104,1
A017803,dormant_cashback,41.934549599837794,6.934549599837794,1
A030032,dormant_cashback,179.79757787539847,144.79757787539847,1
A019826,dormant_cashback,119.25001570408469,84.25001570408469,1
A028426,dormant_cashback,36.56337427042543,1.5633742704254274,1
A021221,dormant_cashback,191.6892198453945,156.6892198453945,1
A036125,dormant_cashback,46.549030884788465,11.549030884788465,1
A014924,dormant_cashback,41.37640978842226,6.376409788422258,1
A035750,dormant_cashback,53.72106869218133,18.721068692181333,1
A000409,dormant_cashback,65.66658443579733,30.666584435797333,1
A015734,dormant_cashback,60.860366538407696,25.860366538407696,1
A033966,dormant_cashback,103.47318624265004,68.47318624265004,1
A004611,dormant_cashback,48.390650075259416,13.390650075259416,1
A029130,dormant_cashback,47.59465529334927,12.59465529334927,1
A003740,dormant_cashback,312.1526487964839,277.1526487964839,1
A038774,dormant_cashback,42.329173740162716,7.329173740162716,1
A028948,dormant_cashback,57.11870695607458,22.118706956074583,1
A039459,dormant_cashback,50.747623083542166,15.747623083542166,1
A019711,dormant_cashback,111.24934369122187,76.24934369122187,1
A032248,dormant_cashback,47.55601989726411,12.556019897264107,1
A017001,dormant_cashback,43.99243744922615,8.992437449226152,1
A033093,dormant_cashback,148.51850619608516,113.51850619608516,1
A012030,dormant_cashback,276.00077741311117,241.00077741311117,1
A033447,dormant_cashback,48.20929599052098,13.209295990520978,1
A010083,dormant_cashback,38.12709025054009,3.1270902505400926,1
A019005,dormant_cashback,90.73377126530248,55.73377126530248,1
A025882,dormant_cashback,112.79111645039377,77.79111645039377,1
A037862,dormant_cashback,161.58780469520897,126.58780469520897,1
A002527,dormant_cashback,194.07520514059036,159.07520514059036,1
A004307,dormant_cashback,75.50834661111554,40.50834661111554,1
A015267,dormant_cashback,43.96746123396978,8.967461233969779,1
A031500,dormant_cashback,123.55810241126142,88.55810241126142,1
A023955,dormant_cashback,139.51318891270012,104.51318891270012,1
A014624,dormant_cashback,89.01520737519762,54.01520737519762,1
A038482,dormant_cashback,252.08222495523648,217.08222495523648,1
A017734,dormant_cashback,49.8577735019858,14.857773501985797,1
A029322,dormant_cashback,52.826458318863104,17.826458318863104,1
A032964,dormant_cashback,53.05726460832848,18.05726460832848,1
A000577,dormant_cashback,149.20320850595584,114.20320850595584,1
A026463,dormant_cashback,67.40013729481035,32.40013729481035,1
A008202,dormant_cashback,187.53983478546934,152.53983478546934,1
A010619,dormant_cashback,109.25156189956296,74.25156189956296,1
A037034,dormant_cashback,65.82863202112026,30.828632021120256,1
A020317,dormant_cashback,38.708593163733504,3.7085931637335037,1
A021979,dormant_cashback,389.10483349672955,354.10483349672955,1
A003667,dormant_cashback,44.71919433637451,9.719194336374507,1
A012775,dormant_cashback,186.15290678411492,151.15290678411492,1
A004180,dormant_cashback,253.4737760261382,218.4737760261382,1
A006021,dormant_cashback,38.09214390329485,3.092143903294847,1
A017049,dormant_cashback,253.31482687798177,218.31482687798177,1
A002929,dormant_cashback,105.33993156948051,70.33993156948051,1
A012019,dormant_cashback,46.64401507632582,11.644015076325822,1
A032323,dormant_cashback,103.07455852205503,68.07455852205503,1
A028856,dormant_cashback,488.11561357213117,453.11561357213117,1
A037490,dormant_cashback,47.55676435931331,12.556764359313313,1
A034728,dormant_cashback,309.99473634073564,274.99473634073564,1
A025505,dormant_cashback,252.65245396686427,217.65245396686427,1
A000991,dormant_cashback,172.19958930671862,137.19958930671862,1
A034625,dormant_cashback,452.546632668261,417.546632668261,1
A020314,dormant_cashback,38.40855599280264,3.40855599280264,1
A017091,dormant_cashback,65.69029972114328,30.690299721143276,1
A003069,dormant_cashback,39.62929055137214,4.6292905513721365,1
A034290,dormant_cashback,176.79968931635366,141.79968931635366,1
A027345,dormant_cashback,206.3104823746354,171.3104823746354,1
A036172,dormant_cashback,214.78931064246163,179.78931064246163,1
A018801,dormant_cashback,44.66816915225014,9.668169152250137,1
A038274,dormant_cashback,74.2648212819297,39.2648212819297,1
A014408,dormant_cashback,100.36435890537307,65.36435890537307,1
A026036,dormant_cashback,47.363078747385195,12.363078747385195,1
A033079,dormant_cashback,36.522055837670266,1.5220558376702655,1
A001558,dormant_cashback,77.77144927773926,42.771449277739265,1
A012744,dormant_cashback,46.801216200320475,11.801216200320475,1
A001344,dormant_cashback,247.05684454244118,212.05684454244118,1
A014595,dormant_cashback,88.1210965139249,53.1210965139249,1
A034295,dormant_cashback,44.22174526163657,9.22174526163657,1
A017187,dormant_cashback,40.43360893643914,5.433608936439143,1
A037204,dormant_cashback,273.54585174887677,238.54585174887677,1
A027143,dormant_cashback,298.1474410363821,263.1474410363821,1
A008164,dormant_cashback,151.20648202947848,116.20648202947848,1
A038244,dormant_cashback,54.98211748633327,19.982117486333273,1
A039938,dormant_cashback,77.74207780751865,42.742077807518655,1
A028089,dormant_cashback,142.49513319820582,107.49513319820582,1
A012110,dormant_cashback,130.10202100682713,95.10202100682713,1
A014165,dormant_cashback,54.710817169393756,19.710817169393756,1
A000448,dormant_cashback,78.66473994387518,43.664739943875176,1
A039103,dormant_cashback,183.94294652388245,148.94294652388245,1
A018441,dormant_cashback,150.77938492341218,115.77938492341218,1
A020349,dormant_cashback,125.81467377315313,90.81467377315313,1
A011292,dormant_cashback,100.40673477391277,65.40673477391277,1
A038603,dormant_cashback,57.81203536927525,22.81203536927525,1
A014361,dormant_cashback,62.101222971944935,27.101222971944935,1
A037560,dormant_cashback,71.44167167174028,36.44167167174028,1
A005534,dormant_cashback,38.25316130111227,3.2531613011122715,1
A035160,dormant_cashback,51.050839491518666,16.050839491518666,1
A026268,dormant_cashback,77.59517959726801,42.595179597268015,1
A011758,dormant_cashback,113.13205325841913,78.13205325841913,1
A032813,dormant_cashback,45.325957063519425,10.325957063519425,1
A001185,dormant_cashback,234.00746319163642,199.00746319163642,1
A007081,dormant_cashback,237.46851471734223,202.46851471734223,1
A030509,dormant_cashback,66.30160433507159,31.301604335071588,1
A004802,dormant_cashback,535.2545173813099,500.25451738130994,1
A028157,dormant_cashback,41.24832111852573,6.24832111852573,1
A039864,dormant_cashback,80.95021033946146,45.950210339461464,1
A026591,dormant_cashback,38.86400999613177,3.86400999613177,1
A014461,dormant_cashback,93.84169052383999,58.841690523839986,1
A028713,dormant_cashback,195.8033630352527,160.8033630352527,1
A030077,dormant_cashback,38.233138730998625,3.2331387309986255,1
A004666,dormant_cashback,51.55393170912312,16.55393170912312,1
A029467,dormant_cashback,219.8839801797403,184.8839801797403,1
A020351,dormant_cashback,44.05773378015384,9.05773378015384,1
A033465,dormant_cashback,73.71922731432625,38.71922731432625,1
A004232,dormant_cashback,47.80800353059643,12.80800353059643,1
A039534,dormant_cashback,164.13366756140513,129.13366756140513,1
A011714,dormant_cashback,42.58164598302416,7.58164598302416,1
A009375,dormant_cashback,48.65153007235724,13.65153007235724,1
A018670,dormant_cashback,106.78724122940461,71.78724122940461,1
A025829,dormant_cashback,124.98562011591402,89.98562011591402,1
A026948,dormant_cashback,56.17403915589527,21.174039155895272,1
A026965,dormant_cashback,158.7893842416286,123.7893842416286,1
A029681,dormant_cashback,521.4997011728294,486.4997011728294,1
A021242,dormant_cashback,64.4517295967366,29.451729596736598,1
A032896,dormant_cashback,57.69111055270142,22.691110552701417,1
A006616,dormant_cashback,67.77622299820253,32.77622299820253,1
A025849,dormant_cashback,391.9568931861341,356.9568931861341,1
A021121,dormant_cashback,86.58835012896088,51.58835012896088,1
A012314,dormant_cashback,237.9806958519961,202.9806958519961,1
A029294,dormant_cashback,53.120069019544275,18.120069019544275,1
A031172,dormant_cashback,39.18816557885066,4.188165578850658,1
A007943,dormant_cashback,95.2955320337344,60.2955320337344,1
A032704,dormant_cashback,138.40387127255377,103.40387127255377,1
A002514,dormant_cashback,479.36787628456966,444.36787628456966,1
A039954,dormant_cashback,37.86143049210841,2.8614304921084113,1
A015488,dormant_cashback,233.74452087735594,198.74452087735594,1
A012271,dormant_cashback,148.82631351108125,113.82631351108125,1
A035721,dormant_cashback,286.06322073220264,251.06322073220264,1
A013041,dormant_cashback,97.22307391152748,62.22307391152748,1
A025231,dormant_cashback,414.0373866325124,379.0373866325124,1
A002932,dormant_cashback,35.731415711372755,0.7314157113727546,1
A004325,dormant_cashback,89.56099964914716,54.56099964914716,1
A031305,dormant_cashback,35.876084472929115,0.8760844729291151,1
A020475,dormant_cashback,74.45520053455333,39.45520053455333,1
A017862,dormant_cashback,44.83440876061748,9.834408760617478,1
A033627,dormant_cashback,53.62683247037258,18.626832470372577,1
A020927,dormant_cashback,75.44570441067228,40.44570441067228,1
A000278,dormant_cashback,36.07825302946921,1.0782530294692094,1
A038073,dormant_cashback,43.39838712468181,8.398387124681811,1
A013051,dormant_cashback,76.77605845601248,41.77605845601248,1
A028556,dormant_cashback,379.1399326611781,344.1399326611781,1
A038161,dormant_cashback,712.4303145753959,677.4303145753959,1
A009153,dormant_cashback,50.027966318064685,15.027966318064685,1
A000058,dormant_cashback,227.20532176313347,192.20532176313347,1
A005210,dormant_cashback,139.1020567223819,104.10205672238189,1
A001935,dormant_cashback,186.34678154697443,151.34678154697443,1
A001440,dormant_cashback,76.9459079931476,41.9459079931476,1
A021640,dormant_cashback,88.49310373983779,53.49310373983779,1
A019480,dormant_cashback,70.72391194889829,35.72391194889829,1
A017864,dormant_cashback,44.70314731918011,9.703147319180111,1
A012753,dormant_cashback,73.76114358428082,38.761143584280816,1
A018863,dormant_cashback,91.82917673049458,56.82917673049458,1
A000184,dormant_cashback,180.49051936274742,145.49051936274742,1
A004305,dormant_cashback,399.412121124466,364.412121124466,1
A022244,dormant_cashback,83.96376235992086,48.963762359920864,1
A039739,dormant_cashback,48.230100533909166,13.230100533909166,1
A004380,dormant_cashback,38.613355338890024,3.613355338890024,1
A000072,dormant_cashback,96.26021697827728,61.260216978277285,1
A019744,dormant_cashback,335.72095913225445,300.72095913225445,1
A015051,dormant_cashback,289.44906654138316,254.44906654138316,1
A029666,dormant_cashback,108.69633783241746,73.69633783241746,1
A024104,dormant_cashback,107.22064079301678,72.22064079301678,1
A031095,dormant_cashback,77.01250985929744,42.01250985929744,1
A015078,dormant_cashback,186.9805368003049,151.9805368003049,1
A018682,dormant_cashback,55.77347755003799,20.77347755003799,1
A028829,dormant_cashback,38.38442404596884,3.384424045968842,1
A033066,dormant_cashback,171.01342619998206,136.01342619998206,1
A036965,dormant_cashback,211.2004032693519,176.2004032693519,1
A036538,dormant_cashback,117.01316419449104,82.01316419449104,1
A008856,dormant_cashback,45.8780499393071,10.878049939307097,1
A011250,dormant_cashback,260.7458364455025,225.7458364455025,1
A020458,dormant_cashback,56.956274976042906,21.956274976042906,1
A010712,dormant_cashback,49.17700775548584,14.177007755485839,1
A030740,dormant_cashback,47.45846042249096,12.458460422490958,1
A007570,dormant_cashback,62.40965031164914,27.409650311649138,1
A005234,dormant_cashback,464.324797604164,429.324797604164,1
A007042,dormant_cashback,50.47070908389518,15.47070908389518,1
A010996,dormant_cashback,97.10294011443493,62.10294011443493,1
A020221,dormant_cashback,196.3961424494644,161.3961424494644,1
A013824,dormant_cashback,38.91334721935825,3.9133472193582506,1
A010987,dormant_cashback,81.35349586438842,46.35349586438842,1
A035326,dormant_cashback,42.50600318571595,7.506003185715947,1
A029792,dormant_cashback,779.6697410394797,744.6697410394797,1
A000390,dormant_cashback,485.17119445650553,450.17119445650553,1
A007494,dormant_cashback,59.02422667058832,24.02422667058832,1
A024486,dormant_cashback,128.62033724036428,93.62033724036428,1
A035159,dormant_cashback,232.79302978627564,197.79302978627564,1
A020358,dormant_cashback,98.45833275755496,63.458332757554956,1
A029799,dormant_cashback,203.38915016021846,168.38915016021846,1
A029139,dormant_cashback,99.05259003949631,64.05259003949631,1
A024950,dormant_cashback,140.19385770980827,105.19385770980827,1
A023888,dormant_cashback,126.70621773337616,91.70621773337616,1
A034033,dormant_cashback,84.72470492226985,49.72470492226985,1
A015476,dormant_cashback,759.7182837830413,724.7182837830413,1
A011691,dormant_cashback,170.10094449318544,135.10094449318544,1
A000556,dormant_cashback,65.91190857692499,30.911908576924986,1
A014932,dormant_cashback,61.25829374799375,26.258293747993747,1
A038505,dormant_cashback,71.61045220844154,36.610452208441544,1
A032245,dormant_cashback,44.836035986230286,9.836035986230286,1
A032154,dormant_cashback,90.56043931014582,55.560439310145824,1
A039483,dormant_cashback,142.93524448740948,107.93524448740948,1
A005927,dormant_cashback,318.93176553974666,283.93176553974666,1
A000968,dormant_cashback,52.33580098773671,17.33580098773671,1
A028597,dormant_cashback,57.98351549566287,22.98351549566287,1
A028256,dormant_cashback,104.90978719989396,69.90978719989396,1
A026258,dormant_cashback,235.6165323018053,200.6165323018053,1
A019151,dormant_cashback,1179.7003865943611,1144.7003865943611,1
A031048,dormant_cashback,52.790826523953235,17.790826523953235,1
A026125,dormant_cashback,587.5907087573281,552.5907087573281,1
A023580,dormant_cashback,41.50618451125648,6.506184511256478,1
A026180,dormant_cashback,37.66891572347702,2.6689157234770207,1
A014854,dormant_cashback,156.85372965746848,121.85372965746848,1
A008168,dormant_cashback,80.72786536914785,45.72786536914785,1
A008970,dormant_cashback,347.4205093152151,312.4205093152151,1
A016611,dormant_cashback,55.35214303326977,20.35214303326977,1
A015132,dormant_cashback,39.89416722248352,4.894167222483517,1
A013347,dormant_cashback,238.88244768736206,203.88244768736206,1
A010585,dormant_cashback,124.85403172384893,89.85403172384893,1
A007896,dormant_cashback,43.012230829091735,8.012230829091735,1
A033017,dormant_cashback,217.01211199142057,182.01211199142057,1
A031007,dormant_cashback,88.26983291112866,53.26983291112866,1
A020635,dormant_cashback,118.42303423906532,83.42303423906532,1
A035363,dormant_cashback,115.62620069723812,80.62620069723812,1
A031545,dormant_cashback,92.01876069278879,57.01876069278879,1
A038083,dormant_cashback,253.15188848640275,218.15188848640275,1
A035256,dormant_cashback,139.07674959703505,104.07674959703505,1
A034489,dormant_cashback,155.54867340372624,120.54867340372624,1
A035978,dormant_cashback,127.2648462557159,92.2648462557159,1
A027179,dormant_cashback,57.11192253938621,22.111922539386207,1
A022131,dormant_cashback,114.02039665132635,79.02039665132635,1
A012490,dormant_cashback,234.13668209230232,199.13668209230232,1
A020559,dormant_cashback,114.16697608389478,79.16697608389478,1
A006274,dormant_cashback,410.8986886485106,375.8986886485106,1
A031058,dormant_cashback,49.14180864974793,14.14180864974793,1
A016108,dormant_cashback,261.00492995033477,226.00492995033477,1
A029274,dormant_cashback,52.78914932140261,17.78914932140261,1
A018853,dormant_cashback,57.49799747134973,22.497997471349727,1
A001418,dormant_cashback,181.38502522085497,146.38502522085497,1
A012232,dormant_cashback,92.20265280954325,57.20265280954325,1
A016448,dormant_cashback,290.35376708121726,255.35376708121726,1
A029905,dormant_cashback,117.17895417992436,82.17895417992436,1
A034156,dormant_cashback,89.65006041512042,54.65006041512042,1
A026961,dormant_cashback,40.96090338594338,5.960903385943382,1
A016395,dormant_cashback,39.5963346683768,4.596334668376798,1
A009060,dormant_cashback,123.23026421223318,88.23026421223318,1
A004386,dormant_cashback,110.31738965711256,75.31738965711256,1
A001210,dormant_cashback,71.25867061212396,36.258670612123964,1
A038118,dormant_cashback,39.55192536822423,4.551925368224232,1
A017617,dormant_cashback,45.37925421049375,10.379254210493748,1
A027123,dormant_cashback,131.4104182142702,96.41041821427021,1
A033098,dormant_cashback,116.94669922477273,81.94669922477273,1
A028141,dormant_cashback,159.4483246583065,124.44832465830649,1
A006801,dormant_cashback,86.25829867857867,51.25829867857867,1
A010478,dormant_cashback,42.78153738948246,7.781537389482459,1
A025000,dormant_cashback,45.68939052064038,10.68939052064038,1
A001519,dormant_cashback,65.3115433605357,30.311543360535694,1
A006193,dormant_cashback,45.72163321636198,10.72163321636198,1
A019504,dormant_cashback,50.819399224045775,15.819399224045775,1
A033230,dormant_cashback,42.1346198849862,7.134619884986201,1
A003337,dormant_cashback,109.46097553190674,74.46097553190674,1
A004718,dormant_cashback,40.58548917887425,5.585489178874248,1
A032992,dormant_cashback,146.4442667608159,111.4442667608159,1
A038000,dormant_cashback,51.785608456188136,16.785608456188136,1
A026112,dormant_cashback,87.63473963645122,52.634739636451215,1
A034477,dormant_cashback,231.55158746541804,196.55158746541804,1
A002996,dormant_cashback,75.76363216048118,40.76363216048118,1
A027074,dormant_cashback,57.468999010851725,22.468999010851725,1
A039856,dormant_cashback,847.826230617392,812.826230617392,1
A036129,dormant_cashback,45.258715650411546,10.258715650411546,1
A023869,dormant_cashback,205.55711166639188,170.55711166639188,1
A027973,dormant_cashback,37.50709094811329,2.5070909481132873,1
A010420,dormant_cashback,142.40196487823192,107.40196487823192,1
A017006,dormant_cashback,35.11470880857601,0.11470880857601173,1
A028622,dormant_cashback,102.3548744583825,67.3548744583825,1
A013690,dormant_cashback,71.5130568899716,36.513056889971594,1
A033039,dormant_cashback,39.19848157104505,4.1984815710450505,1
A039202,dormant_cashback,131.87977157253383,96.87977157253383,1
A002238,dormant_cashback,179.2770090135038,144.2770090135038,1
A028748,dormant_cashback,48.93123327745088,13.931233277450879,1
A008746,dormant_cashback,39.76954192528716,4.769541925287157,1
A009049,dormant_cashback,46.70726366124697,11.70726366124697,1
A033824,dormant_cashback,40.074550162844666,5.074550162844666,1
A024511,dormant_cashback,66.73812211365939,31.738122113659387,1
A030127,dormant_cashback,131.7498007247748,96.74980072477479,1
A034876,dormant_cashback,96.12828933619512,61.128289336195124,1
A011933,dormant_cashback,241.91244105933694,206.91244105933694,1
A004859,dormant_cashback,58.22667050202541,23.226670502025407,1
A024147,dormant_cashback,151.03489997768398,116.03489997768398,1
A011145,dormant_cashback,135.1258925735555,100.12589257355549,1
A003879,dormant_cashback,101.61545331329583,66.61545331329583,1
A013561,dormant_cashback,275.2198721373405,240.21987213734047,1
A034576,dormant_cashback,77.96672873338312,42.96672873338312,1
A020015,dormant_cashback,68.38905306741242,33.38905306741242,1
A023319,dormant_cashback,87.21346922069827,52.21346922069827,1
A006874,dormant_cashback,148.01813490179742,113.01813490179742,1
A005686,dormant_cashback,70.67299532894569,35.67299532894569,1
A004782,dormant_cashback,147.74153941232154,112.74153941232154,1
A015682,dormant_cashback,48.98345938948663,13.983459389486633,1
A037854,dormant_cashback,106.76690331841658,71.76690331841658,1
A022111,dormant_cashback,228.42212692549722,193.42212692549722,1
A001637,dormant_cashback,181.2689234672184,146.2689234672184,1
A029143,dormant_cashback,35.67606729778235,0.6760672977823532,1
A027700,dormant_cashback,80.42428446998784,45.42428446998784,1
A007191,dormant_cashback,170.719017997606,135.719017997606,1
A011502,dormant_cashback,336.8953519419086,301.8953519419086,1
A019462,dormant_cashback,86.98934646486445,51.989346464864454,1
A036794,dormant_cashback,196.38630424198132,161.38630424198132,1
A031307,dormant_cashback,103.88755429635455,68.88755429635455,1
A000699,dormant_cashback,325.58174697715737,290.58174697715737,1
A032398,dormant_cashback,149.8197377201251,114.81973772012509,1
A018475,dormant_cashback,63.97810749146882,28.97810749146882,1
A012363,dormant_cashback,99.14070986614182,64.14070986614182,1
A006561,dormant_cashback,64.55287083699764,29.55287083699764,1
A003025,dormant_cashback,137.56283668803437,102.56283668803437,1
A020624,dormant_cashback,59.98029985829542,24.980299858295417,1
A015441,dormant_cashback,42.90528177026039,7.9052817702603875,1
A013999,dormant_cashback,123.28922092529793,88.28922092529793,1
A028104,dormant_cashback,108.3141100162859,73.3141100162859,1
A030011,dormant_cashback,350.49275237556174,315.49275237556174,1
A022902,dormant_cashback,107.75432123256854,72.75432123256854,1
A015108,dormant_cashback,101.71336328209603,66.71336328209603,1
A023058,dormant_cashback,70.45145990981155,35.45145990981155,1
A030478,dormant_cashback,47.27620848296174,12.276208482961742,1
A018770,dormant_cashback,63.69244813934153,28.69244813934153,1
A037905,dormant_cashback,120.99327880621524,85.99327880621524,1
A012980,dormant_cashback,104.16786073909395,69.16786073909395,1
A032486,dormant_cashback,51.67757532242072,16.677575322420722,1
A020225,dormant_cashback,91.45208330028512,56.452083300285125,1
A035609,dormant_cashback,100.15772054138912,65.15772054138912,1
A016073,dormant_cashback,36.13244441046374,1.1324444104637408,1
A021098,dormant_cashback,64.00033166213386,29.00033166213386,1
A036599,dormant_cashback,87.65180811578652,52.65180811578652,1
A001000,dormant_cashback,62.50315005735819,27.50315005735819,1
A011135,dormant_cashback,134.7163079562207,99.7163079562207,1
A031992,dormant_cashback,52.50143088239537,17.50143088239537,1
A011027,dormant_cashback,108.27898158181891,73.27898158181891,1
A033993,dormant_cashback,43.83853459893461,8.838534598934608,1
A023677,dormant_cashback,69.05495583427782,34.05495583427782,1
A019465,dormant_cashback,106.97781585470166,71.97781585470166,1
A032801,dormant_cashback,182.83346277732323,147.83346277732323,1
A038975,dormant_cashback,352.268660229705,317.268660229705,1
A005794,dormant_cashback,61.225708020402706,26.225708020402706,1
A010748,dormant_cashback,97.61298057529612,62.61298057529612,1
A037377,dormant_cashback,86.07579918231414,51.07579918231414,1
A026186,dormant_cashback,39.6041978856464,4.6041978856464,1
A029891,dormant_cashback,59.480061329508,24.480061329507997,1
A022931,dormant_cashback,35.4681944607217,0.4681944607216977,1
A004929,dormant_cashback,48.394290053920145,13.394290053920145,1
A026706,dormant_cashback,40.48467427223576,5.4846742722357575,1
A017504,dormant_cashback,59.694048471753796,24.694048471753796,1
A024482,dormant_cashback,150.93532986354614,115.93532986354614,1
A006763,dormant_cashback,69.91503287059854,34.91503287059854,1
A025652,dormant_cashback,37.909847214765904,2.909847214765904,1
A001340,dormant_cashback,329.50342335589187,294.50342335589187,1
A014772,dormant_cashback,53.93295255074212,18.932952550742122,1
A032144,dormant_cashback,41.956871023154285,6.956871023154285,1
A035344,dormant_cashback,37.89783527113866,2.8978352711386606,1
A000890,dormant_cashback,74.45791430655089,39.45791430655089,1
A037447,dormant_cashback,50.539716581977245,15.539716581977245,1
A031888,dormant_cashback,64.78018733946698,29.780187339466977,1
A009522,dormant_cashback,78.96778430380463,43.967784303804635,1
A029371,dormant_cashback,38.276229738125586,3.2762297381255863,1
A031871,dormant_cashback,127.31320809297513,92.31320809297513,1
A004582,dormant_cashback,47.940917803653534,12.940917803653534,1
A031858,dormant_cashback,48.298297414359624,13.298297414359624,1
A033989,dormant_cashback,980.761922284857,945.761922284857,1
A030402,dormant_cashback,48.65647738875266,13.656477388752663,1
A008954,dormant_cashback,137.63654471427614,102.63654471427614,1
A012912,dormant_cashback,98.98248071642439,63.98248071642439,1
A015883,dormant_cashback,49.347996758174446,14.347996758174446,1
A009345,dormant_cashback,305.01515146648387,270.01515146648387,1
A001828,dormant_cashback,189.70339019314235,154.70339019314235,1
A010917,dormant_cashback,127.9371000809911,92.9371000809911,1
A007035,dormant_cashback,54.963655581243685,19.963655581243685,1
A015634,dormant_cashback,173.7098112945405,138.7098112945405,1
A021786,dormant_cashback,49.904847332733205,14.904847332733205,1
A016708,dormant_cashback,54.84125079967783,19.84125079967783,1
A003474,dormant_cashback,83.37030599287094,48.37030599287094,1
A025777,dormant_cashback,672.366539770933,637.366539770933,1
A007467,dormant_cashback,87.69866311523052,52.69866311523052,1
A011516,dormant_cashback,56.341957433810286,21.341957433810286,1
A035240,dormant_cashback,189.74875007140454,154.74875007140454,1
A035289,dormant_cashback,63.24255750833657,28.242557508336567,1
A006656,dormant_cashback,47.20633349574773,12.206333495747728,1
A008146,dormant_cashback,38.147819010331375,3.147819010331375,1
A005185,dormant_cashback,77.53822679538787,42.53822679538787,1
A008969,dormant_cashback,108.97650789618102,73.97650789618102,1
A023822,dormant_cashback,40.09451107785501,5.09451107785501,1
A027536,dormant_cashback,132.69283559754456,97.69283559754456,1
A037658,dormant_cashback,49.5644990325885,14.5644990325885,1
A024895,dormant_cashback,105.09448366832927,70.09448366832927,1
A023627,dormant_cashback,48.313276941931136,13.313276941931136,1
A013832,dormant_cashback,35.831748903699406,0.8317489036994061,1
A004409,dormant_cashback,115.73516768733359,80.73516768733359,1
A015563,dormant_cashback,95.394193156669,60.394193156669004,1
A021998,dormant_cashback,84.38677486778985,49.38677486778985,1
A006316,dormant_cashback,91.88399842439436,56.88399842439436,1
A011859,dormant_cashback,125.89859856951543,90.89859856951543,1
A014101,dormant_cashback,162.34607882504693,127.34607882504693,1
A011735,dormant_cashback,41.87164002239851,6.871640022398509,1
A002588,dormant_cashback,72.18839997735795,37.188399977357946,1
A031787,dormant_cashback,69.96750949692645,34.96750949692645,1
A027859,dormant_cashback,154.38245753364697,119.38245753364697,1
A029726,dormant_cashback,72.10911458480793,37.10911458480793,1
A035626,dormant_cashback,371.1218333722667,336.1218333722667,1
A013372,dormant_cashback,86.61444640270682,51.61444640270682,1
A027026,dormant_cashback,59.19546969477275,24.195469694772747,1
A029884,dormant_cashback,77.37227676402283,42.37227676402283,1
A015348,dormant_cashback,113.82963908037927,78.82963908037927,1
A018730,dormant_cashback,93.44879953347728,58.448799533477285,1
A018122,dormant_cashback,103.21972834129528,68.21972834129528,1
A026254,dormant_cashback,146.77204175949615,111.77204175949615,1
A003585,dormant_cashback,168.53723737284886,133.53723737284886,1
A035086,dormant_cashback,67.6573941668591,32.657394166859106,1
A033710,dormant_cashback,424.3032130677187,389.3032130677187,1
A033377,dormant_cashback,217.08677381648198,182.08677381648198,1
A014060,dormant_cashback,55.91708896046046,20.91708896046046,1
A039105,dormant_cashback,214.0422961740867,179.0422961740867,1
A027370,dormant_cashback,85.25178944002624,50.25178944002624,1
A009257,dormant_cashback,230.1446401629612,195.1446401629612,1
A026434,dormant_cashback,124.81170405981896,89.81170405981896,1
A009576,dormant_cashback,77.56234657876566,42.562346578765656,1
A019077,dormant_cashback,95.21509759074966,60.215097590749664,1
A018027,dormant_cashback,36.92767125234638,1.9276712523463786,1
A003176,dormant_cashback,86.721886190529,51.721886190529005,1
A006270,dormant_cashback,82.62543223741243,47.625432237412426,1
A018167,dormant_cashback,190.78895641454514,155.78895641454514,1
A028617,dormant_cashback,43.5820576562582,8.5820576562582,1
A024577,dormant_cashback,124.22129829088546,89.22129829088546,1
A013480,dormant_cashback,141.2640413326439,106.2640413326439,1
A032546,dormant_cashback,57.683637674456314,22.683637674456314,1
A034239,dormant_cashback,92.82872655404124,57.82872655404124,1
A004233,dormant_cashback,150.46694920659735,115.46694920659735,1
A004598,dormant_cashback,143.17364947872736,108.17364947872736,1
A002911,dormant_cashback,76.70181702163215,41.70181702163215,1
A004374,dormant_cashback,169.837322217718,134.837322217718,1
A004848,dormant_cashback,40.08601768380446,5.086017683804457,1
A018307,dormant_cashback,93.89520245569697,58.895202455696975,1
A031353,dormant_cashback,255.67287677082993,220.67287677082993,1
A029349,dormant_cashback,44.480587310456826,9.480587310456826,1
A035810,dormant_cashback,178.79423908475547,143.79423908475547,1
A007182,dormant_cashback,298.95304070799926,263.95304070799926,1
A017724,dormant_cashback,35.866670959844875,0.8666709598448747,1
A008235,dormant_cashback,1223.2338053575936,1188.2338053575936,1
A013040,dormant_cashback,141.979956502407,106.97995650240699,1
A028437,dormant_cashback,39.79675541489403,4.7967554148940295,1
A007913,dormant_cashback,97.66336399682648,62.663363996826476,1
A007905,dormant_cashback,78.6195587557753,43.6195587557753,1
A025298,dormant_cashback,107.04027464293786,72.04027464293786,1
A003527,dormant_cashback,64.25684324083508,29.25684324083508,1
A036967,dormant_cashback,126.45823172438077,91.45823172438077,1
A006626,dormant_cashback,472.312618493147,437.312618493147,1
A034765,dormant_cashback,244.15439645430897,209.15439645430897,1
A022738,dormant_cashback,113.73698380182923,78.73698380182923,1
A023617,dormant_cashback,161.83075053727478,126.83075053727478,1
A016417,dormant_cashback,273.36905110398817,238.36905110398817,1
A002698,dormant_cashback,45.681194115929685,10.681194115929685,1
A027275,dormant_cashback,40.61852896585536,5.618528965855361,1
A004241,dormant_cashback,168.11740123921368,133.11740123921368,1
A007790,dormant_cashback,249.09629321544293,214.09629321544293,1
A038435,dormant_cashback,61.88921500299378,26.88921500299378,1
A032645,dormant_cashback,67.91738097862189,32.91738097862189,1
A033724,dormant_cashback,126.42930698056163,91.42930698056163,1
A029933,dormant_cashback,55.744417314921904,20.744417314921904,1
A036748,dormant_cashback,189.45612489679334,154.45612489679334,1
A009038,dormant_cashback,108.56506592156323,73.56506592156323,1
A021358,dormant_cashback,61.22549195799784,26.22549195799784,1
A039496,dormant_cashback,90.3547846924601,55.3547846924601,1
A032473,dormant_cashback,159.9728860861074,124.9728860861074,1
A000252,dormant_cashback,131.687498317546,96.68749831754599,1
A005588,dormant_cashback,35.02479732810782,0.02479732810782309,1
A028509,dormant_cashback,67.83475442677423,32.834754426774225,1
A000558,dormant_cashback,753.938055265438,718.938055265438,1
A005310,dormant_cashback,174.5083042423799,139.5083042423799,1
A037811,dormant_cashback,46.64942410850718,11.649424108507183,1
A038318,dormant_cashback,83.1202701156081,48.12027011560809,1
A018749,dormant_cashback,435.85194215135624,400.85194215135624,1
A011857,dormant_cashback,91.18460933090945,56.18460933090945,1
A019632,dormant_cashback,74.59571478109339,39.59571478109339,1
A015940,dormant_cashback,61.56100141927159,26.56100141927159,1
A024277,dormant_cashback,90.75138979270966,55.75138979270966,1
A009874,dormant_cashback,43.64548586396388,8.645485863963877,1
A008905,dormant_cashback,101.24558592026301,66.24558592026301,1
A008848,dormant_cashback,326.06534592414977,291.06534592414977,1
A004306,dormant_cashback,294.93796145290617,259.93796145290617,1
A018783,dormant_cashback,416.46107194047306,381.46107194047306,1
A026829,dormant_cashback,448.732219815942,413.732219815942,1
A037254,dormant_cashback,117.4457221107641,82.4457221107641,1
A022772,dormant_cashback,221.66206165587727,186.66206165587727,1
A022724,dormant_cashback,53.18891326901481,18.18891326901481,1
A032462,dormant_cashback,575.1601100586508,540.1601100586508,1
A005749,dormant_cashback,780.144350219242,745.144350219242,1
A011221,dormant_cashback,52.98833495576921,17.98833495576921,1
A019811,dormant_cashback,48.93487068598076,13.934870685980762,1
A031805,dormant_cashback,670.5076218994813,635.5076218994813,1
A034796,dormant_cashback,116.64238985977384,81.64238985977384,1
A016068,dormant_cashback,212.04829804246148,177.04829804246148,1
A023395,dormant_cashback,805.7096004270666,770.7096004270666,1
A037277,dormant_cashback,35.88531964204761,0.8853196420476124,1
A032846,dormant_cashback,75.1325892096735,40.1325892096735,1
A000271,dormant_cashback,151.0964339659665,116.0964339659665,1
A016755,dormant_cashback,163.99291944266363,128.99291944266363,1
A009368,dormant_cashback,59.05442550053588,24.054425500535878,1
A019186,dormant_cashback,50.14884660105593,15.14884660105593,1
A032293,dormant_cashback,183.3435506595536,148.3435506595536,1
A009442,dormant_cashback,40.79432113451653,5.7943211345165295,1
A030584,dormant_cashback,714.1622087383109,679.1622087383109,1
A024303,dormant_cashback,69.91890827350109,34.91890827350109,1
A008327,dormant_cashback,46.49920927771981,11.499209277719807,1
A003040,dormant_cashback,689.4635975516037,654.4635975516037,1
A014855,dormant_cashback,520.0964615440279,485.0964615440279,1
A033439,dormant_cashback,55.48231281415616,20.48231281415616,1
A030072,dormant_cashback,93.15939479607172,58.15939479607172,1
A020213,dormant_cashback,69.85162449828641,34.85162449828641,1
A014842,dormant_cashback,56.007171312899246,21.007171312899246,1
A007223,dormant_cashback,111.81358910446309,76.81358910446309,1
A038173,dormant_cashback,111.67542976917468,76.67542976917468,1
A002538,dormant_cashback,219.30735696977004,184.30735696977004,1
A034526,dormant_cashback,859.1753376900482,824.1753376900482,1
A004251,dormant_cashback,85.15854635603127,50.158546356031266,1
A034473,dormant_cashback,618.2786528422799,583.2786528422799,1
A023325,dormant_cashback,50.11524829607463,15.115248296074633,1
A031941,dormant_cashback,191.92715423869018,156.92715423869018,1
A037444,dormant_cashback,114.19670899108026,79.19670899108026,1
A016784,dormant_cashback,89.81482548729092,54.81482548729092,1
A035900,dormant_cashback,104.68909420047422,69.68909420047422,1
A025122,dormant_cashback,141.15240544677576,106.15240544677576,1
A037563,dormant_cashback,154.00878813069627,119.00878813069627,1
A028264,dormant_cashback,74.27600831976305,39.27600831976305,1
A037899,dormant_cashback,174.8110656043949,139.8110656043949,1
A021175,dormant_cashback,76.31176421568733,41.31176421568733,1
A001138,dormant_cashback,116.87829902205098,81.87829902205098,1
A016430,dormant_cashback,38.52077205837277,3.5207720583727706,1
A008763,dormant_cashback,353.6941618583989,318.6941618583989,1
A029608,dormant_cashback,45.94725629993291,10.94725629993291,1
A030513,dormant_cashback,264.93086821657226,229.93086821657226,1
A020462,dormant_cashback,49.290042279331004,14.290042279331004,1
A023968,dormant_cashback,97.08701142029143,62.08701142029143,1
A000716,dormant_cashback,232.41718434441535,197.41718434441535,1
A004366,dormant_cashback,64.92215054570214,29.922150545702138,1
A025651,dormant_cashback,69.3170281198794,34.317028119879396,1
A015547,dormant_cashback,629.1885997073645,594.1885997073645,1
A033007,dormant_cashback,65.63983464850457,30.639834648504575,1
A010910,dormant_cashback,163.89496476626246,128.89496476626246,1
A024236,dormant_cashback,70.49936725371822,35.49936725371822,1
A017347,dormant_cashback,81.5778464914512,46.5778464914512,1
A031879,dormant_cashback,50.35952925450666,15.359529254506661,1
A017453,dormant_cashback,68.59981639375016,33.59981639375016,1
A014109,dormant_cashback,55.286213741279504,20.286213741279504,1
A003559,dormant_cashback,125.0248626561811,90.0248626561811,1
A021537,dormant_cashback,305.8666016312576,270.8666016312576,1
A007728,dormant_cashback,410.39613528746753,375.39613528746753,1
A029994,dormant_cashback,87.72303750086881,52.72303750086881,1
A010124,dormant_cashback,146.27960344206716,111.27960344206716,1
A014970,dormant_cashback,81.00185847549125,46.00185847549125,1
A030712,dormant_cashback,193.0684423620335,158.0684423620335,1
A004613,dormant_cashback,79.93835354009904,44.938353540099044,1
A028193,dormant_cashback,229.46783448338905,194.46783448338905,1
A036629,dormant_cashback,68.35937632735643,33.35937632735643,1
A024322,dormant_cashback,96.44588081181018,61.445880811810184,1
A035646,dormant_cashback,40.461783704708225,5.461783704708225,1
A004822,dormant_cashback,1036.4697462861923,1001.4697462861923,1
A037555,dormant_cashback,43.04102508616341,8.041025086163408,1
A027656,dormant_cashback,326.2979351382666,291.2979351382666,1
A035320,dormant_cashback,145.6842952749843,110.6842952749843,1
A030484,dormant_cashback,183.45265259496455,148.45265259496455,1
A022709,dormant_cashback,96.26833081435905,61.26833081435905,1
A003135,dormant_cashback,35.49683400157449,0.4968340015744914,1
A003534,dormant_cashback,62.3771811014489,27.377181101448897,1
A003101,dormant_cashback,41.89693641300722,6.896936413007218,1
A022906,dormant_cashback,100.57583461520122,65.57583461520122,1
A034694,dormant_cashback,296.8780930056074,261.8780930056074,1
A038181,dormant_cashback,87.55337357284432,52.55337357284432,1
A038243,dormant_cashback,49.82753033985966,14.827530339859663,1
A039087,dormant_cashback,454.03248763031297,419.03248763031297,1
A012089,dormant_cashback,79.48199964490391,44.48199964490391,1
A023814,dormant_cashback,66.42171831486657,31.421718314866567,1
A019561,dormant_cashback,185.6177649364253,150.6177649364253,1
A023844,dormant_cashback,68.9831249305723,33.9831249305723,1
A034655,dormant_cashback,73.97134593266625,38.97134593266625,1
A022796,dormant_cashback,431.8340347389968,396.8340347389968,1
A005090,dormant_cashback,52.99951347258462,17.999513472584617,1
A028947,dormant_cashback,434.6434141772382,399.6434141772382,1
A026530,dormant_cashback,77.79569442472261,42.79569442472261,1
A039546,dormant_cashback,809.8016340271668,774.8016340271668,1
A007591,dormant_cashback,64.9659999913338,29.965999991333803,1
A000875,dormant_cashback,165.85965121680968,130.85965121680968,1
A018963,dormant_cashback,104.63075906038144,69.63075906038144,1
A007419,dormant_cashback,239.95131373575785,204.95131373575785,1
A013129,dormant_cashback,51.470867913051734,16.470867913051734,1
A008863,dormant_cashback,78.87598332768502,43.87598332768502,1
A020709,dormant_cashback,62.38731074958115,27.387310749581147,1
A022689,dormant_cashback,89.07274035876668,54.07274035876668,1
A032141,dormant_cashback,53.25563687654446,18.255636876544457,1
A036853,dormant_cashback,307.8695133514571,272.8695133514571,1
A005854,dormant_cashback,354.0297015867928,319.0297015867928,1
A025971,dormant_cashback,128.78943402053804,93.78943402053804,1
A031351,dormant_cashback,266.014995124603,231.014995124603,1
A032856,dormant_cashback,83.53222283310522,48.53222283310522,1
A011974,dormant_cashback,380.14476449788145,345.14476449788145,1
A007928,dormant_cashback,127.32856482480709,92.32856482480709,1
A030555,dormant_cashback,74.68572051107647,39.68572051107647,1
A009143,dormant_cashback,159.3759843429946,124.3759843429946,1
A013499,dormant_cashback,59.62698564885003,24.62698564885003,1
A034686,dormant_cashback,39.78911095515892,4.789110955158918,1
A030118,dormant_cashback,103.19446200168952,68.19446200168952,1
A004065,dormant_cashback,191.67892528550934,156.67892528550934,1
A003724,dormant_cashback,78.3877183722316,43.3877183722316,1
A002661,dormant_cashback,83.75259410955273,48.75259410955273,1
A003199,dormant_cashback,59.98427476677754,24.98427476677754,1
A005687,dormant_cashback,35.495964065578114,0.49596406557811434,1
A019975,dormant_cashback,160.33990199520363,125.33990199520363,1
A002129,dormant_cashback,111.64789712327354,76.64789712327354,1
A015245,dormant_cashback,76.3636816759212,41.3636816759212,1
A029482,dormant_cashback,237.73951024825266,202.73951024825266,1
A033359,dormant_cashback,57.434054738796945,22.434054738796945,1
A039389,dormant_cashback,45.47422810118964,10.474228101189638,1
A023451,dormant_cashback,68.39795131571022,33.397951315710216,1
A036174,dormant_cashback,86.96592380305168,51.96592380305168,1
A032723,dormant_cashback,150.83470482451548,115.83470482451548,1
A002374,dormant_cashback,49.580195973362315,14.580195973362315,1
A016722,dormant_cashback,144.36205571167093,109.36205571167093,1
A018994,dormant_cashback,121.7935242605143,86.7935242605143,1
A011427,dormant_cashback,109.17542275318816,74.17542275318816,1
A030656,dormant_cashback,171.58458223782551,136.58458223782551,1
A033156,dormant_cashback,74.10566854616445,39.10566854616445,1
A028543,dormant_cashback,42.1676434225849,7.167643422584902,1
A023805,dormant_cashback,111.74231983763262,76.74231983763262,1
A006816,dormant_cashback,78.80475018162181,43.80475018162181,1
A008329,dormant_cashback,38.927317573636245,3.9273175736362447,1
A037595,dormant_cashback,56.43165267303242,21.431652673032417,1
A016328,dormant_cashback,64.65860445745832,29.658604457458324,1
A005420,dormant_cashback,236.61006320710354,201.61006320710354,1
A026352,dormant_cashback,391.7418716425149,356.7418716425149,1
A007623,dormant_cashback,112.20496903871582,77.20496903871582,1
A005109,dormant_cashback,175.5264479359423,140.5264479359423,1
A035623,dormant_cashback,43.710380331062126,8.710380331062126,1
A027758,dormant_cashback,132.54619004258586,97.54619004258586,1
A009838,dormant_cashback,83.03426425426605,48.03426425426605,1
A022872,dormant_cashback,51.84602356454932,16.84602356454932,1
A016251,dormant_cashback,225.17964167154577,190.17964167154577,1
A027380,dormant_cashback,70.16424540136306,35.16424540136306,1
A010883,dormant_cashback,48.02310176143751,13.023101761437509,1
A013597,dormant_cashback,76.91465085750573,41.914650857505734,1
A033335,dormant_cashback,79.28069426879775,44.280694268797745,1
A025987,dormant_cashback,40.90507968791383,5.905079687913833,1
A021793,dormant_cashback,51.05968700078535,16.059687000785352,1
A037927,dormant_cashback,57.324259173463595,22.324259173463595,1
A034690,dormant_cashback,66.4477359696519,31.4477359696519,1
A013687,dormant_cashback,698.8984222857986,663.8984222857986,1
A014043,dormant_cashback,82.85921226614101,47.859212266141014,1
A033744,dormant_cashback,42.53295878656889,7.532958786568891,1
A000087,dormant_cashback,36.70458144459458,1.7045814445945808,1
A039662,dormant_cashback,115.61225404984341,80.61225404984341,1
A009019,dormant_cashback,154.2124424614834,119.21244246148339,1
A034729,dormant_cashback,53.69940129427874,18.699401294278744,1
A030104,dormant_cashback,143.58231912920746,108.58231912920746,1
A028471,dormant_cashback,82.94969272775585,47.949692727755846,1
A030009,dormant_cashback,93.18384188757301,58.18384188757301,1
A007206,dormant_cashback,141.6779495052478,106.6779495052478,1
A011616,dormant_cashback,1436.5611961653465,1401.5611961653465,1
A009080,dormant_cashback,54.29148683278279,19.291486832782788,1
A019158,dormant_cashback,45.059761805314245,10.059761805314245,1
A005606,dormant_cashback,38.72618680762434,3.7261868076243374,1
A025601,dormant_cashback,73.12683918004544,38.12683918004544,1
A000386,dormant_cashback,47.25333994857809,12.253339948578088,1
A002782,dormant_cashback,72.43692617766428,37.436926177664276,1
A006191,dormant_cashback,38.5477433476362,3.5477433476361995,1
A010264,dormant_cashback,60.17185644452054,25.171856444520543,1
A039520,dormant_cashback,96.63247008867248,61.63247008867248,1
A006848,dormant_cashback,54.71891731682537,19.71891731682537,1
A025276,dormant_cashback,186.19088280443282,151.19088280443282,1
A013248,dormant_cashback,194.79401807272419,159.79401807272419,1
A024713,dormant_cashback,40.2041075368829,5.204107536882901,1
A001378,dormant_cashback,128.21965702391603,93.21965702391603,1
A013738,dormant_cashback,346.99868766886334,311.99868766886334,1
A017092,dormant_cashback,203.8776488160166,168.8776488160166,1
A017937,dormant_cashback,41.29841733066638,6.298417330666382,1
A024198,dormant_cashback,119.68924048914707,84.68924048914707,1
A009979,dormant_cashback,161.90231271845227,126.90231271845227,1
A006900,dormant_cashback,54.05518117129843,19.05518117129843,1
A012241,dormant_cashback,51.71480460584886,16.71480460584886,1
A038860,dormant_cashback,71.50649783950355,36.50649783950355,1
A006395,dormant_cashback,157.52343585852216,122.52343585852216,1
A031974,dormant_cashback,61.36723264922978,26.367232649229777,1
A027205,dormant_cashback,109.50180670112434,74.50180670112434,1
A036074,dormant_cashback,115.37836157620033,80.37836157620033,1
A009116,dormant_cashback,69.78690493825228,34.78690493825228,1
A008906,dormant_cashback,91.60327176506996,56.60327176506996,1
A030694,dormant_cashback,1087.1225417332478,1052.1225417332478,1
A005520,dormant_cashback,47.94086685382202,12.940866853822023,1
A029940,dormant_cashback,326.02954533447684,291.02954533447684,1
A017002,dormant_cashback,101.3098003243683,66.3098003243683,1
A022530,dormant_cashback,259.09878837334577,224.09878837334577,1
A033313,dormant_cashback,51.39819371612897,16.398193716128972,1
A005605,dormant_cashback,146.75419362396153,111.75419362396153,1
A039924,dormant_cashback,104.02195300353196,69.02195300353196,1
A006887,dormant_cashback,51.13394779121115,16.13394779121115,1
A000822,dormant_cashback,273.04747537387306,238.04747537387306,1
A036004,dormant_cashback,61.36765481833322,26.36765481833322,1
A031368,dormant_cashback,86.07082218466974,51.07082218466974,1
A036941,dormant_cashback,65.14726348456836,30.147263484568356,1
A039185,dormant_cashback,38.13102833939939,3.1310283393993927,1
A038017,dormant_cashback,123.60930690052645,88.60930690052645,1
A011711,dormant_cashback,95.15267210244792,60.15267210244792,1
A038139,dormant_cashback,63.12676178971267,28.126761789712667,1
A010354,dormant_cashback,97.02286782589947,62.02286782589947,1
A025861,dormant_cashback,67.65493015382046,32.65493015382046,1
A028102,dormant_cashback,451.82907399124474,416.82907399124474,1
A011156,dormant_cashback,172.6790282391131,137.6790282391131,1
A010962,dormant_cashback,55.677888532873915,20.677888532873915,1
A011771,dormant_cashback,46.122431336609694,11.122431336609694,1
A013541,dormant_cashback,49.43786597046641,14.437865970466412,1
A031210,dormant_cashback,173.52943921652025,138.52943921652025,1
A026456,dormant_cashback,42.21911000108307,7.219110001083067,1
A007883,dormant_cashback,50.417562368763846,15.417562368763846,1
A033590,dormant_cashback,81.2313106368905,46.2313106368905,1
A004883,dormant_cashback,43.698563576152004,8.698563576152004,1
A024090,dormant_cashback,73.6143920265557,38.614392026555706,1
A012882,dormant_cashback,78.26854883677508,43.26854883677508,1
A036264,dormant_cashback,803.6220690743869,768.6220690743869,1
A019719,dormant_cashback,51.24153251045343,16.241532510453432,1
A019682,dormant_cashback,159.4513727838438,124.4513727838438,1
A014745,dormant_cashback,473.59143489695697,438.59143489695697,1
A022068,dormant_cashback,43.82851536504685,8.828515365046847,1
A011063,dormant_cashback,48.122735838465374,13.122735838465374,1
A003193,dormant_cashback,56.42406439789495,21.424064397894952,1
A026712,dormant_cashback,63.57802319313429,28.578023193134293,1
A025973,dormant_cashback,58.17642060025099,23.176420600250992,1
A032809,dormant_cashback,273.4849660239293,238.4849660239293,1
A028326,dormant_cashback,47.3414967261091,12.3414967261091,1
A000172,dormant_cashback,172.98511401733055,137.98511401733055,1
A020062,dormant_cashback,151.31362938553778,116.31362938553778,1
A030425,dormant_cashback,64.6956438901438,29.6956438901438,1
A005777,dormant_cashback,69.46925720345838,34.46925720345838,1
A021272,dormant_cashback,210.85505073713725,175.85505073713725,1
A012051,dormant_cashback,75.44813213544802,40.44813213544802,1
A014790,dormant_cashback,56.57200335439577,21.57200335439577,1
A033654,dormant_cashback,62.75180739268599,27.75180739268599,1
A008305,dormant_cashback,43.65063433532609,8.650634335326089,1
A008041,dormant_cashback,216.51456651620634,181.51456651620634,1
A030662,dormant_cashback,59.97551299825302,24.975512998253024,1
A001158,dormant_cashback,79.0473489832031,44.047348983203094,1
A015795,dormant_cashback,53.38048433058164,18.380484330581638,1
A017471,dormant_cashback,41.771167829263945,6.771167829263945,1
A014521,dormant_cashback,48.00711455142353,13.007114551423527,1
A034739,dormant_cashback,123.00362883741185,88.00362883741185,1
A018697,dormant_cashback,552.9287527478243,517.9287527478243,1
A003191,dormant_cashback,126.25142095183155,91.25142095183155,1
A033501,dormant_cashback,46.699977853250154,11.699977853250154,1
A024362,dormant_cashback,58.35498053546747,23.35498053546747,1
A032930,dormant_cashback,176.63137362709128,141.63137362709128,1
A016796,dormant_cashback,76.12191972031984,41.12191972031984,1
A009457,dormant_cashback,65.71639688164367,30.716396881643675,1
A030991,dormant_cashback,107.97503493397356,72.97503493397356,1
A024093,dormant_cashback,76.51142687345613,41.51142687345613,1
A034600,dormant_cashback,65.5519732914456,30.551973291445606,1
A022841,dormant_cashback,37.67328832939033,2.6732883293903313,1
A033187,dormant_cashback,685.048212878967,650.048212878967,1
A001419,dormant_cashback,75.31510687520976,40.315106875209764,1
A005892,dormant_cashback,52.56830177666177,17.56830177666177,1
A000646,dormant_cashback,169.9380588568025,134.9380588568025,1
A020004,dormant_cashback,85.91325359488293,50.91325359488293,1
A016257,dormant_cashback,97.75187915793218,62.75187915793218,1
A023463,dormant_cashback,54.80569411531892,19.80569411531892,1
A001783,dormant_cashback,114.90419928279185,79.90419928279185,1
A013094,dormant_cashback,39.35132045793778,4.351320457937781,1
A016157,dormant_cashback,91.46744877782452,56.467448777824515,1
A017170,dormant_cashback,85.77447939804532,50.774479398045315,1
A016212,dormant_cashback,141.4989862466402,106.49898624664019,1
A028987,dormant_cashback,60.81810984471649,25.81810984471649,1
A009940,dormant_cashback,214.9737550426336,179.9737550426336,1
A014364,dormant_cashback,106.74307733923712,71.74307733923712,1
A017804,dormant_cashback,289.717302639923,254.717302639923,1
A020449,dormant_cashback,477.89316120906676,442.89316120906676,1
A030825,dormant_cashback,70.1192400186409,35.119240018640895,1
A022920,dormant_cashback,114.07602332199257,79.07602332199257,1
A005067,dormant_cashback,61.71756629198124,26.717566291981242,1
A000914,dormant_cashback,88.76059864727911,53.76059864727911,1
A026558,dormant_cashback,56.177906196888735,21.177906196888735,1
A033511,dormant_cashback,37.57280464556956,2.572804645569562,1
A005264,dormant_cashback,94.87872740205815,59.878727402058146,1
A015261,dormant_cashback,56.334482572510375,21.334482572510375,1
A006808,dormant_cashback,66.58342345156245,31.583423451562453,1
A035186,dormant_cashback,200.46212412757203,165.46212412757203,1
A002144,dormant_cashback,50.54633449526853,15.546334495268532,1
A001162,dormant_cashback,415.3243651838371,380.3243651838371,1
A027067,dormant_cashback,84.12621723350945,49.12621723350945,1
A024375,dormant_cashback,1361.7266828453317,1326.7266828453317,1
A010523,dormant_cashback,101.33627872570692,66.33627872570692,1
A038653,dormant_cashback,75.17310562700956,40.17310562700956,1
A028580,dormant_cashback,218.77253408545988,183.77253408545988,1
A030372,dormant_cashback,119.99828991334302,84.99828991334302,1
A013034,dormant_cashback,42.671480931954456,7.671480931954456,1
A009510,dormant_cashback,105.97068554250033,70.97068554250033,1
A025509,dormant_cashback,62.2030625914983,27.203062591498302,1
A033874,dormant_cashback,98.67906890352188,63.67906890352188,1
A008736,dormant_cashback,55.17886679793357,20.178866797933573,1
A026509,dormant_cashback,166.6493034510589,131.6493034510589,1
A004462,dormant_cashback,59.230716320261045,24.230716320261045,1
A031841,dormant_cashback,44.808439837451814,9.808439837451814,1
A004541,dormant_cashback,53.193420153586665,18.193420153586665,1
A004048,dormant_cashback,47.60135280766475,12.601352807664753,1
A014693,dormant_cashback,180.2446158751351,145.2446158751351,1
A003471,dormant_cashback,53.369843941386556,18.369843941386556,1
A035608,dormant_cashback,42.511204693460805,7.5112046934608045,1
A012342,dormant_cashback,122.55700432364125,87.55700432364125,1
A035251,dormant_cashback,85.27341757525366,50.27341757525366,1
A014655,dormant_cashback,95.02489832607253,60.02489832607253,1
A034216,dormant_cashback,41.503207716799515,6.5032077167995155,1
A024805,dormant_cashback,117.79813476945424,82.79813476945424,1
A022372,dormant_cashback,41.45305981193243,6.453059811932427,1
A020457,dormant_cashback,161.85271894770642,126.85271894770642,1
A003036,dormant_cashback,621.9789789617391,586.9789789617391,1
A028790,dormant_cashback,146.03764395348313,111.03764395348313,1
A004016,dormant_cashback,257.77297546286763,222.77297546286763,1
A001078,dormant_cashback,171.5219436645429,136.5219436645429,1
A011747,dormant_cashback,35.417475900053795,0.41747590005379465,1
A001759,dormant_cashback,157.01850271843512,122.01850271843512,1
A007062,dormant_cashback,41.568587277623955,6.568587277623955,1
A019511,dormant_cashback,47.69612929425782,12.696129294257823,1
A026314,dormant_cashback,73.26594402181405,38.26594402181405,1
A034561,dormant_cashback,43.707517625188665,8.707517625188665,1
A012137,dormant_cashback,179.7318219957661,144.7318219957661,1
A010058,dormant_cashback,136.96210098011042,101.96210098011042,1
A007952,dormant_cashback,205.87285440108232,170.87285440108232,1
A011908,dormant_cashback,98.09865750497043,63.09865750497043,1
A016482,dormant_cashback,100.11752808357693,65.11752808357693,1
A017674,dormant_cashback,52.147692113639884,17.147692113639884,1
A007426,dormant_cashback,110.53638605374151,75.53638605374151,1
A023732,dormant_cashback,147.81903728166404,112.81903728166404,1
A015185,dormant_cashback,44.04900510981355,9.04900510981355,1
A025269,dormant_cashback,215.9290796472432,180.9290796472432,1
A027075,dormant_cashback,293.97840862142954,258.97840862142954,1
A029401,dormant_cashback,59.4112696201594,24.411269620159402,1
A027346,dormant_cashback,89.01075431634062,54.01075431634062,1
A026274,dormant_cashback,84.62900573460897,49.62900573460897,1
A033504,dormant_cashback,61.01591721554194,26.01591721554194,1
A030370,dormant_cashback,74.88902414814987,39.88902414814987,1
A029239,dormant_cashback,164.9777839544439,129.9777839544439,1
A019159,dormant_cashback,236.3118347096551,201.3118347096551,1
A019026,dormant_cashback,211.80466115071138,176.80466115071138,1
A022960,dormant_cashback,162.9214004526347,127.92140045263471,1
A003867,dormant_cashback,155.510432002996,120.510432002996,1
A038551,dormant_cashback,45.546708382316915,10.546708382316915,1
A027848,dormant_cashback,267.347679838913,232.347679838913,1
A021659,dormant_cashback,98.61979859231255,63.61979859231255,1
A026310,dormant_cashback,95.33189438474605,60.33189438474605,1
A003218,dormant_cashback,72.21772619458072,37.21772619458072,1
A037703,dormant_cashback,37.481659537373886,2.4816595373738863,1
A013412,dormant_cashback,72.7412807909666,37.7412807909666,1
A006973,dormant_cashback,132.2270282459922,97.22702824599219,1
A035797,dormant_cashback,78.41022928507782,43.41022928507782,1
A006548,dormant_cashback,75.95652578923546,40.95652578923546,1
A038841,dormant_cashback,158.66636954657457,123.66636954657457,1
A021681,dormant_cashback,516.45858923172,481.45858923172,1
A037297,dormant_cashback,57.81793581574616,22.81793581574616,1
A025996,dormant_cashback,82.51449830997869,47.51449830997869,1
A001705,dormant_cashback,97.98458650104281,62.98458650104281,1
A012368,dormant_cashback,121.89063875926146,86.89063875926146,1
A028705,dormant_cashback,292.7361385751459,257.7361385751459,1
A001206,dormant_cashback,56.56977307004637,21.569773070046367,1
A004671,dormant_cashback,621.2446256539894,586.2446256539894,1
A039727,dormant_cashback,113.19287491200976,78.19287491200976,1
A001055,dormant_cashback,74.90929700753608,39.90929700753608,1
A036400,dormant_cashback,47.89800908693325,12.89800908693325,1
A011078,dormant_cashback,722.549990731541,687.549990731541,1
A000712,dormant_cashback,69.14780579864605,34.14780579864605,1
A030510,dormant_cashback,91.23299238876281,56.23299238876281,1
A033664,dormant_cashback,92.1993987502029,57.1993987502029,1
A013606,dormant_cashback,142.3406453925409,107.34064539254089,1
A027282,dormant_cashback,166.58274033345086,131.58274033345086,1
A020976,dormant_cashback,134.04149813705595,99.04149813705595,1
A007581,dormant_cashback,110.9878111950261,75.9878111950261,1
A005472,dormant_cashback,86.63859647128348,51.63859647128348,1
A000391,dormant_cashback,84.29563534958226,49.295635349582255,1
A022465,dormant_cashback,65.53121884504826,30.531218845048258,1
A036045,dormant_cashback,35.42017547879693,0.42017547879692785,1
A012806,dormant_cashback,530.3912455214945,495.3912455214945,1
A036332,dormant_cashback,88.50778060810141,53.50778060810141,1
A007560,dormant_cashback,113.45483187614582,78.45483187614582,1
A010929,dormant_cashback,247.21218887888264,212.21218887888264,1
A034590,dormant_cashback,84.52842685662813,49.52842685662813,1
A010292,dormant_cashback,464.77137127981143,429.77137127981143,1
A036643,dormant_cashback,250.83655973725715,215.83655973725715,1
A000778,dormant_cashback,56.775527613857555,21.775527613857555,1
A017736,dormant_cashback,37.32363649836342,2.3236364983634203,1
A011980,dormant_cashback,50.29181285515056,15.29181285515056,1
A025832,dormant_cashback,45.372938577092505,10.372938577092505,1
A018788,dormant_cashback,79.75769731187823,44.75769731187823,1
A007018,dormant_cashback,60.00604522850234,25.006045228502337,1
A005464,dormant_cashback,151.6026633727785,116.6026633727785,1
A022871,dormant_cashback,89.82109787862984,54.82109787862984,1
A026338,dormant_cashback,93.9763006826835,58.9763006826835,1
A031020,dormant_cashback,78.13742664609029,43.13742664609029,1
A008939,dormant_cashback,99.23647756485279,64.23647756485279,1
A005743,dormant_cashback,105.90502748873436,70.90502748873436,1
A002750,dormant_cashback,141.39581585695893,106.39581585695893,1
A028077,dormant_cashback,94.70516404472922,59.705164044729216,1
A035514,dormant_cashback,57.730623129205284,22.730623129205284,1
A033077,dormant_cashback,38.226431881969894,3.2264318819698943,1
A010318,dormant_cashback,37.53411202733468,2.534112027334679,1
A038232,dormant_cashback,35.924374670785035,0.9243746707850349,1
A005953,dormant_cashback,58.6627552882582,23.662755288258197,1
A008973,dormant_cashback,35.19079566508963,0.19079566508963097,1
A024077,dormant_cashback,47.807326278467066,12.807326278467066,1
A027236,dormant_cashback,74.00811889236911,39.00811889236911,1
A013223,dormant_cashback,88.96433140734385,53.96433140734385,1
A003216,dormant_cashback,284.2085217596487,249.2085217596487,1
A024855,dormant_cashback,41.44746446674849,6.447464466748492,1
A003366,dormant_cashback,163.34324412414378,128.34324412414378,1
A023585,dormant_cashback,111.12585695554618,76.12585695554618,1
A005237,dormant_cashback,179.41174227070937,144.41174227070937,1
A025596,dormant_cashback,425.7320040509518,390.7320040509518,1
A024526,dormant_cashback,92.3027037073728,57.3027037073728,1
A012788,dormant_cashback,148.99947867834163,113.99947867834163,1
A026492,dormant_cashback,58.67486636441574,23.67486636441574,1
A005411,dormant_cashback,75.87608142292433,40.87608142292433,1
A012463,dormant_cashback,351.2079371133103,316.2079371133103,1
A026979,dormant_cashback,76.04731763254885,41.047317632548854,1
A011640,dormant_cashback,59.1576327125345,24.1576327125345,1
A029654,dormant_cashback,51.278892892206294,16.278892892206294,1
A015519,dormant_cashback,118.02964209833186,83.02964209833186,1
A002873,dormant_cashback,143.1264997488508,108.12649974885079,1
A003095,dormant_cashback,41.57136738326955,6.571367383269553,1
A014294,dormant_cashback,341.3570886099494,306.3570886099494,1
A013704,dormant_cashback,79.25816690922959,44.25816690922959,1
A001717,dormant_cashback,38.230231383077836,3.230231383077836,1
A007738,dormant_cashback,41.562352040632675,6.562352040632675,1
A039854,dormant_cashback,115.96376284062868,80.96376284062868,1
A027898,dormant_cashback,119.35756665808569,84.35756665808569,1
A000779,dormant_cashback,47.252625827997186,12.252625827997186,1
A011165,dormant_cashback,86.67495921963204,51.67495921963204,1
A027377,dormant_cashback,50.06188801119078,15.061888011190781,1
A031983,dormant_cashback,77.11828722115324,42.11828722115324,1
A004014,dormant_cashback,86.04636913067151,51.04636913067151,1
A029522,dormant_cashback,291.5093541534524,256.5093541534524,1
A032753,dormant_cashback,66.7660894283808,31.766089428380795,1
A017684,dormant_cashback,46.48863772264662,11.488637722646622,1
A029466,dormant_cashback,129.42184810342417,94.42184810342417,1
A035194,dormant_cashback,195.26466203667619,160.26466203667619,1
A008731,dormant_cashback,157.05442679369213,122.05442679369213,1
A010802,dormant_cashback,276.69363278440346,241.69363278440346,1
A007776,dormant_cashback,51.87800304423553,16.878003044235527,1
A017492,dormant_cashback,277.52410845960827,242.52410845960827,1
A009361,dormant_cashback,177.05779049187674,142.05779049187674,1
A002006,dormant_cashback,239.4212577972891,204.4212577972891,1
A009860,dormant_cashback,42.07650106992938,7.076501069929378,1
A010427,dormant_cashback,135.60155530091248,100.60155530091248,1
A037157,dormant_cashback,68.79528621719976,33.79528621719976,1
A020247,dormant_cashback,316.97018350989714,281.97018350989714,1
A008465,dormant_cashback,46.759154608060506,11.759154608060506,1
A009776,dormant_cashback,54.10561435747765,19.10561435747765,1
A008389,dormant_cashback,41.19457053654144,6.194570536541441,1
A003591,dormant_cashback,816.19049647718,781.19049647718,1
A011334,dormant_cashback,136.31502132440968,101.31502132440968,1
A028778,dormant_cashback,278.0603637633547,243.0603637633547,1
A000722,dormant_cashback,85.09137890498735,50.09137890498735,1
A012530,dormant_cashback,39.12332811149189,4.123328111491887,1
A030404,dormant_cashback,53.984273735179876,18.984273735179876,1
A019486,dormant_cashback,66.69908130121595,31.699081301215955,1
A003519,dormant_cashback,57.96720545907794,22.967205459077938,1
A021528,dormant_cashback,70.98605096070409,35.98605096070409,1
A006932,dormant_cashback,241.76986641541404,206.76986641541404,1
A022277,dormant_cashback,131.77044855156672,96.77044855156672,1
A035963,dormant_cashback,82.76748169526553,47.76748169526553,1
A031999,dormant_cashback,38.628570358714235,3.628570358714235,1
A008355,dormant_cashback,129.7541982207467,94.7541982207467,1
A012946,dormant_cashback,90.15017147783522,55.150171477835215,1
A011864,dormant_cashback,62.83534110681173,27.835341106811732,1
A039935,dormant_cashback,229.89540164925506,194.89540164925506,1
A030605,dormant_cashback,90.45414001249902,55.454140012499025,1
A006671,dormant_cashback,131.69966454651035,96.69966454651035,1
A036484,dormant_cashback,193.44122633640674,158.44122633640674,1
A015320,dormant_cashback,479.3313339616127,444.3313339616127,1
A014417,dormant_cashback,171.38538529442278,136.38538529442278,1
A031539,dormant_cashback,128.17933169707476,93.17933169707476,1
A005734,dormant_cashback,286.8622075058487,251.8622075058487,1
A021698,dormant_cashback,189.9212825822912,154.9212825822912,1
A002152,dormant_cashback,90.19730273531091,55.19730273531091,1
A001850,dormant_cashback,44.28178215895787,9.281782158957867,1
A036555,dormant_cashback,36.9351098264513,1.9351098264513027,1
A037020,dormant_cashback,38.500015515317024,3.500015515317024,1
A015236,dormant_cashback,96.59939928035445,61.59939928035445,1
A029392,dormant_cashback,234.1794749525749,199.1794749525749,1
A006379,dormant_cashback,112.30709774018868,77.30709774018868,1
A030106,dormant_cashback,55.262476804117895,20.262476804117895,1
A028770,dormant_cashback,76.75075556068994,41.75075556068994,1
A005165,dormant_cashback,205.3663205389134,170.3663205389134,1
A003064,dormant_cashback,41.54663418458574,6.546634184585741,1
A013159,dormant_cashback,155.96884485868839,120.96884485868839,1
A006987,dormant_cashback,343.17384189385615,308.17384189385615,1
A032656,dormant_cashback,291.86797836009197,256.86797836009197,1
A009307,dormant_cashback,54.5456482104116,19.5456482104116,1
A010821,dormant_cashback,132.41335416763562,97.41335416763562,1
A026921,dormant_cashback,56.07253354533543,21.072533545335432,1
A021629,dormant_cashback,172.3027997344761,137.3027997344761,1
A022228,dormant_cashback,46.42095433994039,11.420954339940387,1
A037901,dormant_cashback,81.8314282924714,46.8314282924714,1
A011961,dormant_cashback,128.99577412071474,93.99577412071474,1
A034883,dormant_cashback,268.92271313354695,233.92271313354695,1
A001563,dormant_cashback,219.86577717348914,184.86577717348914,1
A004493,dormant_cashback,76.89525869215252,41.895258692152524,1
A012557,dormant_cashback,102.43537637302393,67.43537637302393,1
A019672,dormant_cashback,77.14575239633828,42.14575239633828,1
A031284,dormant_cashback,38.38674346941964,3.386743469419642,1
A012746,dormant_cashback,203.9867855483141,168.9867855483141,1
A007341,dormant_cashback,197.2321143156683,162.2321143156683,1
A036623,dormant_cashback,236.80696096290447,201.80696096290447,1
A002436,dormant_cashback,131.305286750497,96.305286750497,1
A001788,dormant_cashback,187.25157294196282,152.25157294196282,1
A038894,dormant_cashback,44.569923676143105,9.569923676143105,1
A028963,dormant_cashback,111.36051294848681,76.36051294848681,1
A006595,dormant_cashback,172.80092628615478,137.80092628615478,1
A002107,dormant_cashback,180.32948134330874,145.32948134330874,1
A038109,dormant_cashback,241.76672236772268,206.76672236772268,1
A010966,dormant_cashback,47.97023411300096,12.970234113000963,1
A019379,dormant_cashback,63.59741124713979,28.59741124713979,1
A030145,dormant_cashback,312.1368862726005,277.1368862726005,1
A029528,dormant_cashback,70.39986881956801,35.39986881956801,1
A011477,dormant_cashback,635.4527907144512,600.4527907144512,1
A021447,dormant_cashback,90.63211450418336,55.63211450418336,1
A023141,dormant_cashback,780.8286823244094,745.8286823244094,1
A026835,dormant_cashback,114.0742290955667,79.0742290955667,1
A004489,dormant_cashback,62.81432304829226,27.81432304829226,1
A000905,dormant_cashback,41.19476427393692,6.194764273936919,1
A032574,dormant_cashback,45.63870614743699,10.638706147436992,1
A009708,dormant_cashback,109.15612809158742,74.15612809158742,1
A012112,dormant_cashback,38.90223173021536,3.9022317302153624,1
A033843,dormant_cashback,243.4994130387347,208.4994130387347,1
A039046,dormant_cashback,208.0068734041273,173.0068734041273,1
A027357,dormant_cashback,59.42199613051334,24.421996130513342,1
A011919,dormant_cashback,90.54570356754726,55.545703567547264,1
A020367,dormant_cashback,102.91980029783056,67.91980029783056,1
A007091,dormant_cashback,233.49833593542343,198.49833593542343,1
A013905,dormant_cashback,78.00517960476661,43.00517960476661,1
A031804,dormant_cashback,40.71329132825987,5.713291328259871,1
A027979,dormant_cashback,130.42609686828436,95.42609686828436,1
A024036,dormant_cashback,42.07358887773515,7.073588877735148,1
A001046,dormant_cashback,450.5979444862465,415.5979444862465,1
A004609,dormant_cashback,64.3912292093481,29.391229209348097,1
A015483,dormant_cashback,204.55859427472384,169.55859427472384,1
A029073,dormant_cashback,193.83722379135315,158.83722379135315,1
A015026,dormant_cashback,95.77859709524003,60.77859709524003,1
A016227,dormant_cashback,106.99444629887167,71.99444629887167,1
A009326,dormant_cashback,83.51038338783084,48.51038338783084,1
A010940,dormant_cashback,49.80583690558936,14.80583690558936,1
A033677,dormant_cashback,195.53529255591516,160.53529255591516,1
A005125,dormant_cashback,78.6904308255645,43.690430825564505,1
A004314,dormant_cashback,35.44613195747751,0.4461319574775118,1
A012564,dormant_cashback,747.689405159458,712.689405159458,1
A032976,dormant_cashback,130.68224588096942,95.68224588096942,1
A002183,dormant_cashback,37.662956592533256,2.6629565925332557,1
A027210,dormant_cashback,282.9932206813604,247.9932206813604,1
A012728,dormant_cashback,116.67503138837017,81.67503138837017,1
A005157,dormant_cashback,81.59656725593183,46.59656725593183,1
A012267,dormant_cashback,1115.5660822786997,1080.5660822786997,1
A001573,dormant_cashback,729.4887012904443,694.4887012904443,1
A007987,dormant_cashback,37.30365327278509,2.303653272785091,1
A038175,dormant_cashback,271.16670545633724,236.16670545633724,1
A009335,dormant_cashback,37.15886543308837,2.1588654330883728,1
A015095,dormant_cashback,140.40797018656863,105.40797018656863,1
A022616,dormant_cashback,63.63707231836213,28.63707231836213,1
A005997,dormant_cashback,559.0616123481551,524.0616123481551,1
A026904,dormant_cashback,38.62719448004563,3.627194480045631,1
A036818,dormant_cashback,127.67548239825638,92.67548239825638,1
A001225,dormant_cashback,41.19317694154625,6.193176941546248,1
A010336,dormant_cashback,51.01961183018492,16.01961183018492,1
A004637,dormant_cashback,47.425267380443714,12.425267380443714,1
A001470,dormant_cashback,55.45699881360156,20.456998813601558,1
A009689,dormant_cashback,128.65092115680537,93.65092115680537,1
A034767,dormant_cashback,191.18204690631734,156.18204690631734,1
A013985,dormant_cashback,39.851787381905744,4.851787381905744,1
A004689,dormant_cashback,85.44404491851968,50.44404491851968,1
A036150,dormant_cashback,194.69181334091877,159.69181334091877,1
A006371,dormant_cashback,47.849831345749436,12.849831345749436,1
A019871,dormant_cashback,61.44742681658428,26.447426816584283,1
A036758,dormant_cashback,69.3152691121005,34.315269112100495,1
A012474,dormant_cashback,62.95849309291379,27.95849309291379,1
A018287,dormant_cashback,57.065579300612164,22.065579300612164,1
A011663,dormant_cashback,36.45412615607145,1.4541261560714531,1
A036582,dormant_cashback,51.73299994123254,16.732999941232542,1
A032461,dormant_cashback,198.38411122732086,163.38411122732086,1
A008064,dormant_cashback,38.05204525200323,3.052045252003232,1
A009599,dormant_cashback,386.8668680923056,351.8668680923056,1
A011688,dormant_cashback,576.7962924951366,541.7962924951366,1
A024083,dormant_cashback,173.56228226704673,138.56228226704673,1
A034818,dormant_cashback,39.37153776848871,4.371537768488707,1
A026963,dormant_cashback,443.68016654344945,408.68016654344945,1
A020505,dormant_cashback,82.15903265858921,47.15903265858921,1
A006445,dormant_cashback,43.45522293709021,8.455222937090213,1
A032741,dormant_cashback,56.21514080881402,21.21514080881402,1
A038991,dormant_cashback,105.10153563543017,70.10153563543017,1
A038490,dormant_cashback,62.64197352370253,27.641973523702532,1
A012752,dormant_cashback,84.5826182580734,49.582618258073396,1
A024381,dormant_cashback,199.93929570567101,164.93929570567101,1
A001445,dormant_cashback,58.115335349165214,23.115335349165214,1
A018427,dormant_cashback,125.32648351415531,90.32648351415531,1
A011384,dormant_cashback,48.753887714540184,13.753887714540184,1
A021070,dormant_cashback,130.58211275567328,95.58211275567328,1
A003325,dormant_cashback,40.3437068588375,5.3437068588375,1
A015615,dormant_cashback,134.9168942451003,99.91689424510031,1
A026823,dormant_cashback,75.22936955787598,40.229369557875984,1
A038919,dormant_cashback,36.19146306356033,1.1914630635603274,1
A019556,dormant_cashback,80.14343696953455,45.14343696953455,1
A032974,dormant_cashback,67.46738452982513,32.467384529825125,1
A028453,dormant_cashback,129.3742326191948,94.3742326191948,1
A039277,dormant_cashback,77.5771589410887,42.5771589410887,1
A001557,dormant_cashback,71.70918207887554,36.70918207887554,1
A022645,dormant_cashback,54.888562409819755,19.888562409819755,1
A010020,dormant_cashback,615.2973437904973,580.2973437904973,1
A018772,dormant_cashback,70.55384071032904,35.55384071032904,1
A030653,dormant_cashback,325.11208989733626,290.11208989733626,1
A024743,dormant_cashback,217.1127437466612,182.1127437466612,1
A038848,dormant_cashback,1902.599693970772,1867.599693970772,1
A003802,dormant_cashback,205.34833423379365,170.34833423379365,1
A016465,dormant_cashback,41.69247017968268,6.6924701796826795,1
A032364,dormant_cashback,298.37571759478743,263.37571759478743,1
A037380,dormant_cashback,43.44956426880642,8.44956426880642,1
A010437,dormant_cashback,259.65115189930765,224.65115189930765,1
A027208,dormant_cashback,57.865526365996274,22.865526365996274,1
A017244,dormant_cashback,103.92449859006427,68.92449859006427,1
A020115,dormant_cashback,57.77717345344394,22.777173453443943,1
A023323,dormant_cashback,158.28303507766415,123.28303507766415,1
A003550,dormant_cashback,157.27492419866894,122.27492419866894,1
A033956,dormant_cashback,71.09645818087796,36.09645818087796,1
A023985,dormant_cashback,55.57121339563991,20.57121339563991,1
A019397,dormant_cashback,47.57226021121336,12.572260211213361,1
A019807,dormant_cashback,43.31626041165999,8.31626041165999,1
A001979,dormant_cashback,172.8964896507916,137.8964896507916,1
A010729,dormant_cashback,58.34310067714623,23.343100677146232,1
A001639,dormant_cashback,93.25099407493865,58.250994074938646,1
A011232,dormant_cashback,603.8164752366647,568.8164752366647,1
A023934,dormant_cashback,57.77233915499567,22.77233915499567,1
A000470,dormant_cashback,121.36010051254985,86.36010051254985,1
A025761,dormant_cashback,130.61868846114436,95.61868846114436,1
A002419,dormant_cashback,75.36241906545405,40.36241906545405,1
A027554,dormant_cashback,70.97598953281137,35.97598953281137,1
A011564,dormant_cashback,123.8922841938976,88.8922841938976,1
A038845,dormant_cashback,196.28068416268476,161.28068416268476,1
A033415,dormant_cashback,83.87098364251626,48.870983642516265,1
A011678,dormant_cashback,41.73945052482177,6.73945052482177,1
A039622,dormant_cashback,59.43900616837596,24.43900616837596,1
A004448,dormant_cashback,984.7971887408039,949.7971887408039,1
A006742,dormant_cashback,43.75099624085779,8.750996240857788,1
A034844,dormant_cashback,37.11665163121569,2.1166516312156887,1
A007613,dormant_cashback,49.5094907460119,14.509490746011899,1
A025359,dormant_cashback,174.9112288964204,139.9112288964204,1
A037246,dormant_cashback,306.747849466214,271.747849466214,1
A013757,dormant_cashback,36.01858235714805,1.0185823571480483,1
A000460,dormant_cashback,38.2478601920882,3.247860192088197,1
A037868,dormant_cashback,116.68832106692919,81.68832106692919,1
A033732,dormant_cashback,81.7518169920817,46.7518169920817,1
A034875,dormant_cashback,75.2717439032711,40.2717439032711,1
A016991,dormant_cashback,89.77994031246568,54.77994031246568,1
A033702,dormant_cashback,75.70784340022702,40.70784340022702,1
A035392,dormant_cashback,38.48153895091755,3.481538950917553,1
A035241,dormant_cashback,42.963076405247065,7.963076405247065,1
A039842,dormant_cashback,140.42754167118778,105.42754167118778,1
A029422,dormant_cashback,222.9756495014378,187.9756495014378,1
A019655,dormant_cashback,94.40291729719762,59.40291729719762,1
A010514,dormant_cashback,253.82181423104288,218.82181423104288,1
A039798,dormant_cashback,41.24365620124449,6.243656201244491,1
A014054,dormant_cashback,692.3561163263837,657.3561163263837,1
A012392,dormant_cashback,69.18044044716224,34.18044044716224,1
A002465,dormant_cashback,49.63699908528153,14.63699908528153,1
A014800,dormant_cashback,56.195120516014306,21.195120516014306,1
A016266,dormant_cashback,418.8210652912336,383.8210652912336,1
A002814,dormant_cashback,275.96000035014134,240.96000035014134,1
A039265,dormant_cashback,100.6677733607666,65.6677733607666,1
A021375,dormant_cashback,36.54843602841105,1.5484360284110465,1
A021141,dormant_cashback,287.1714575782832,252.1714575782832,1
A030345,dormant_cashback,142.42148284186507,107.42148284186507,1
A037189,dormant_cashback,86.38012096241161,51.38012096241161,1
A024953,dormant_cashback,55.491700895056645,20.491700895056645,1
A034698,dormant_cashback,120.71338397834674,85.71338397834674,1
A008620,dormant_cashback,51.60612473338177,16.60612473338177,1
A039222,dormant_cashback,54.35339270911806,19.35339270911806,1
A000759,dormant_cashback,63.36805883246818,28.36805883246818,1
A020864,dormant_cashback,88.31970709687353,53.31970709687353,1
A036554,dormant_cashback,196.1906062256699,161.1906062256699,1
A009622,dormant_cashback,49.26200900472711,14.262009004727112,1
A009839,dormant_cashback,101.96553326750832,66.96553326750832,1
A024363,dormant_cashback,92.46840744616739,57.46840744616739,1
A014032,dormant_cashback,42.78491939703943,7.784919397039431,1
A031755,dormant_cashback,73.68378317069359,38.68378317069359,1
A011092,dormant_cashback,44.66353124398761,9.663531243987613,1
A021622,dormant_cashback,298.296998914678,263.296998914678,1
A034660,dormant_cashback,154.33635811459993,119.33635811459993,1
A012476,dormant_cashback,101.64396767480578,66.64396767480578,1
A033929,dormant_cashback,61.68924505109354,26.689245051093543,1
A033143,dormant_cashback,44.26058395289869,9.260583952898692,1
A013068,dormant_cashback,65.68776390597024,30.687763905970243,1
A039040,dormant_cashback,62.41455280055666,27.414552800556663,1
A039294,dormant_cashback,220.5189672887574,185.5189672887574,1
A023118,dormant_cashback,167.11056090739004,132.11056090739004,1
A014091,dormant_cashback,35.467626061619036,0.4676260616190362,1
A036477,dormant_cashback,205.38910845454373,170.38910845454373,1
A019417,dormant_cashback,213.4780626985225,178.4780626985225,1
A001677,dormant_cashback,102.09677039938968,67.09677039938968,1
A003440,dormant_cashback,44.83093162128063,9.830931621280627,1
A032932,dormant_cashback,43.62318485876881,8.62318485876881,1
A009009,dormant_cashback,151.7434376764125,116.7434376764125,1
A039784,dormant_cashback,66.70787839989733,31.707878399897325,1
A020365,dormant_cashback,221.8403536754955,186.8403536754955,1
A031462,dormant_cashback,159.090265218661,124.09026521866099,1
A035952,dormant_cashback,434.5897469617237,399.5897469617237,1
A006946,dormant_cashback,391.7791524633393,356.7791524633393,1
A012151,dormant_cashback,48.18379266897859,13.18379266897859,1
A017240,dormant_cashback,82.84036460025311,47.84036460025311,1
A011984,dormant_cashback,48.641922852736464,13.641922852736464,1
A039903,dormant_cashback,410.89751558092473,375.89751558092473,1
A038805,dormant_cashback,349.6751697263708,314.6751697263708,1
A005169,dormant_cashback,38.09260648095007,3.0926064809500673,1
A006056,dormant_cashback,156.62145187459515,121.62145187459515,1
A002678,dormant_cashback,81.5228893053031,46.522889305303096,1
A004966,dormant_cashback,195.44218564838417,160.44218564838417,1
A029415,dormant_cashback,103.66877331533102,68.66877331533102,1
A031846,dormant_cashback,59.168512833578845,24.168512833578845,1
A034345,dormant_cashback,259.286005753368,224.286005753368,1
A021452,dormant_cashback,35.10911816144476,0.10911816144476205,1
A002897,dormant_cashback,158.5656393949115,123.5656393949115,1
A008119,dormant_cashback,697.5719278968385,662.5719278968385,1
A011776,dormant_cashback,46.09824861854718,11.098248618547181,1
A015284,dormant_cashback,118.60529774875053,83.60529774875053,1
A026307,dormant_cashback,75.98222955274649,40.98222955274649,1
A003730,dormant_cashback,87.19388063722144,52.19388063722144,1
A019998,dormant_cashback,189.38459827131223,154.38459827131223,1
A033157,dormant_cashback,117.66407804660022,82.66407804660022,1
A032392,dormant_cashback,306.4767744581737,271.4767744581737,1
A007519,dormant_cashback,54.67255656980037,19.67255656980037,1
A039805,dormant_cashback,45.319079966565816,10.319079966565816,1
A038905,dormant_cashback,217.4879357862235,182.4879357862235,1
A015998,dormant_cashback,36.08270583942029,1.0827058394202922,1
A008048,dormant_cashback,64.37148274651058,29.37148274651058,1
A016020,dormant_cashback,106.14022269166662,71.14022269166662,1
A008955,dormant_cashback,52.691087780371205,17.691087780371205,1
A005272,dormant_cashback,78.8857891499292,43.885789149929195,1
A021142,dormant_cashback,205.29438140898293,170.29438140898293,1
A038064,dormant_cashback,380.6967525379236,345.6967525379236,1
A015306,dormant_cashback,163.7060555172022,128.7060555172022,1
A018516,dormant_cashback,51.90060028442424,16.900600284424243,1
A030022,dormant_cashback,134.76913192690438,99.76913192690438,1
A019434,dormant_cashback,47.79998519922737,12.799985199227372,1
A022589,dormant_cashback,114.233333422043,79.233333422043,1
A032212,dormant_cashback,36.19159932357259,1.1915993235725892,1
A006095,dormant_cashback,233.79446468414292,198.79446468414292,1
A005198,dormant_cashback,93.73905459800682,58.73905459800682,1
A031057,dormant_cashback,45.25112049356298,10.25112049356298,1
A024129,dormant_cashback,91.04351846349144,56.04351846349144,1
A034214,dormant_cashback,36.19513487912156,1.1951348791215608,1
A001016,dormant_cashback,65.35498919191816,30.354989191918165,1
A002091,dormant_cashback,107.92004578021239,72.92004578021239,1
A017071,dormant_cashback,102.74425413566789,67.74425413566789,1
A032665,dormant_cashback,242.53853115396953,207.53853115396953,1
A004787,dormant_cashback,51.03827471745043,16.038274717450427,1
A034586,dormant_cashback,278.8889587152266,243.88895871522658,1
A003818,dormant_cashback,60.18752103468977,25.187521034689773,1
A039401,dormant_cashback,96.98998067202061,61.98998067202061,1
A005127,dormant_cashback,117.2485834095242,82.2485834095242,1
A006116,dormant_cashback,170.1793184534549,135.1793184534549,1
A002626,dormant_cashback,130.03248894305452,95.03248894305452,1
A025189,dormant_cashback,138.40803675367263,103.40803675367263,1
A038461,dormant_cashback,64.13988200218755,29.139882002187548,1
A026126,dormant_cashback,80.94075788446652,45.94075788446652,1
A031737,dormant_cashback,265.43544355899144,230.43544355899144,1
A001943,dormant_cashback,37.881442257141956,2.8814422571419556,1
A011644,dormant_cashback,59.67910022554851,24.67910022554851,1
A031485,dormant_cashback,51.22238176589189,16.22238176589189,1
A005677,dormant_cashback,47.41375571761508,12.413755717615082,1
A003494,dormant_cashback,47.52708838446909,12.527088384469089,1
A036255,dormant_cashback,529.6111976582366,494.6111976582366,1
A022114,dormant_cashback,295.2426724273024,260.2426724273024,1
A009855,dormant_cashback,83.34780827333964,48.34780827333964,1
A010788,dormant_cashback,70.41572672151166,35.41572672151166,1
A030911,dormant_cashback,181.57275811356752,146.57275811356752,1
A017948,dormant_cashback,92.56446921933622,57.56446921933622,1
A000606,dormant_cashback,85.38332019684297,50.38332019684297,1
A039441,dormant_cashback,54.931480571964926,19.931480571964926,1
A017303,dormant_cashback,92.08852307808611,57.08852307808611,1
A012629,dormant_cashback,37.29777120061645,2.2977712006164523,1
A018446,dormant_cashback,82.42690704062585,47.42690704062585,1
A025667,dormant_cashback,165.73143557353083,130.73143557353083,1
A000073,dormant_cashback,47.17300485526884,12.173004855268843,1
A037035,dormant_cashback,54.139811646854184,19.139811646854184,1
A009265,dormant_cashback,182.04710194026424,147.04710194026424,1
A037227,dormant_cashback,51.62235860421426,16.622358604214263,1
A009552,dormant_cashback,45.40470182212015,10.404701822120153,1
A011629,dormant_cashback,46.03190025731009,11.031900257310092,1
A031529,dormant_cashback,182.14570038651874,147.14570038651874,1
A008072,dormant_cashback,40.13461735258229,5.134617352582289,1
A022850,dormant_cashback,73.82665344117623,38.826653441176234,1
A021502,dormant_cashback,97.74975357656943,62.74975357656943,1
A026237,dormant_cashback,226.12525838306996,191.12525838306996,1
A024413,dormant_cashback,35.71113360919967,0.7111336091996705,1
A019322,dormant_cashback,44.45965994544898,9.459659945448983,1
A034317,dormant_cashback,210.863068683091,175.863068683091,1
A009438,dormant_cashback,66.60777300248395,31.607773002483952,1
A023550,dormant_cashback,151.35648872363188,116.35648872363188,1
A032815,dormant_cashback,105.61055359619819,70.61055359619819,1
A011708,dormant_cashback,94.10768587239329,59.10768587239329,1
A027089,dormant_cashback,82.11793270957526,47.11793270957526,1
A015735,dormant_cashback,45.13279671997754,10.132796719977541,1
A037142,dormant_cashback,50.2539501760922,15.253950176092197,1
A017461,dormant_cashback,93.66983441089903,58.66983441089903,1
A033164,dormant_cashback,97.01938941081806,62.019389410818064,1
A035112,dormant_cashback,73.92007317379476,38.92007317379476,1
A035794,dormant_cashback,136.1582806865119,101.15828068651189,1
A023673,dormant_cashback,166.28538854071897,131.28538854071897,1
A030679,dormant_cashback,284.11062894804667,249.11062894804667,1
A038614,dormant_cashback,193.73449590184708,158.73449590184708,1
A010826,dormant_cashback,71.51076708265836,36.51076708265836,1
A025176,dormant_cashback,74.85003389835146,39.850033898351455,1
A027808,dormant_cashback,36.76847621204037,1.768476212040369,1
A017446,dormant_cashback,153.69046217232366,118.69046217232366,1
A030087,dormant_cashback,235.63619984225858,200.63619984225858,1
A008443,dormant_cashback,77.91538213850569,42.91538213850569,1
A001047,dormant_cashback,69.96761374981028,34.96761374981028,1
A011958,dormant_cashback,245.92323755529307,210.92323755529307,1
A027869,dormant_cashback,112.16625954968801,77.16625954968801,1
A010669,dormant_cashback,156.88507922877145,121.88507922877145,1
A021426,dormant_cashback,61.234848569645074,26.234848569645074,1
A022970,dormant_cashback,60.07521829755131,25.07521829755131,1
A036718,dormant_cashback,43.59287141254533,8.592871412545328,1
A007490,dormant_cashback,64.8281096264449,29.8281096264449,1
A006406,dormant_cashback,165.81251291191464,130.81251291191464,1
A003835,dormant_cashback,79.28883978428159,44.28883978428159,1
A037349,dormant_cashback,185.23425107403017,150.23425107403017,1
A030352,dormant_cashback,37.675634824043705,2.675634824043705,1
A000234,dormant_cashback,176.33176049122656,141.33176049122656,1
A017048,dormant_cashback,133.70166007970917,98.70166007970917,1
A000153,dormant_cashback,357.4631045019849,322.4631045019849,1
A033239,dormant_cashback,63.8020306471659,28.8020306471659,1
A014358,dormant_cashback,1683.6616713092087,1648.6616713092087,1
A036801,dormant_cashback,62.60238334236548,27.602383342365478,1
A000648,dormant_cashback,68.03160624113528,33.03160624113528,1
A012554,dormant_cashback,38.77685545171102,3.7768554517110218,1
A025460,dormant_cashback,157.9267252141841,122.9267252141841,1
A008184,dormant_cashback,360.48413141221613,325.48413141221613,1
A036359,dormant_cashback,43.673178280682045,8.673178280682045,1
A033211,dormant_cashback,65.45058938179774,30.45058938179774,1
A005758,dormant_cashback,366.78526271738593,331.78526271738593,1
A008481,dormant_cashback,48.039036568883084,13.039036568883084,1
A007783,dormant_cashback,42.11243808419878,7.112438084198779,1
A029688,dormant_cashback,37.96509340256232,2.9650934025623172,1
A035896,dormant_cashback,41.523132926009495,6.523132926009495,1
A000388,dormant_cashback,37.432020651918364,2.4320206519183643,1
A010583,dormant_cashback,114.61339820549,79.61339820549,1
A019193,dormant_cashback,37.345165218303386,2.3451652183033858,1
A034371,dormant_cashback,116.06634930451713,81.06634930451713,1
A018099,dormant_cashback,167.1515416980528,132.1515416980528,1
A037672,dormant_cashback,93.45151710413847,58.451517104138475,1
A028317,dormant_cashback,70.14089074109131,35.14089074109131,1
A023630,dormant_cashback,103.11206728425185,68.11206728425185,1
A015608,dormant_cashback,88.06906260521943,53.06906260521943,1
A024315,dormant_cashback,395.282593128416,360.282593128416,1
A004438,dormant_cashback,36.32022296187189,1.3202229618718917,1
A023384,dormant_cashback,123.04503240168454,88.04503240168454,1
A014979,dormant_cashback,43.21864619040559,8.218646190405593,1
A020288,dormant_cashback,131.26512462896142,96.26512462896142,1
A009355,dormant_cashback,282.8212337471823,247.8212337471823,1
A016235,dormant_cashback,51.19383791734972,16.19383791734972,1
A027174,dormant_cashback,45.75882703143037,10.758827031430371,1
A002085,dormant_cashback,363.20304045584726,328.20304045584726,1
A026892,dormant_cashback,114.63624196897389,79.63624196897389,1
A001867,dormant_cashback,69.96013988774227,34.96013988774227,1
A029348,dormant_cashback,43.54553126712269,8.54553126712269,1
A008019,dormant_cashback,36.232985513654036,1.232985513654036,1
A007434,dormant_cashback,426.7009330924955,391.7009330924955,1
A015824,dormant_cashback,100.47063100103567,65.47063100103567,1
A034274,dormant_cashback,244.22970913351028,209.22970913351028,1
A018857,dormant_cashback,44.61517542516578,9.61517542516578,1
A038447,dormant_cashback,312.1759257601051,277.1759257601051,1
A000973,dormant_cashback,268.8604538969178,233.86045389691782,1
A026114,dormant_cashback,41.01457396075481,6.014573960754809,1
A026232,dormant_cashback,161.98690303443328,126.98690303443328,1
A006225,dormant_cashback,51.66115981329026,16.66115981329026,1
A007970,dormant_cashback,43.77458508877757,8.77458508877757,1
A008743,dormant_cashback,106.46257211256727,71.46257211256727,1
A013415,dormant_cashback,140.95895970875077,105.95895970875077,1
A036295,dormant_cashback,184.53595003294836,149.53595003294836,1
A024556,dormant_cashback,58.07290575167166,23.072905751671662,1
A031962,dormant_cashback,82.3095825856311,47.309582585631105,1
A015884,dormant_cashback,226.01529138483508,191.01529138483508,1
A002313,dormant_cashback,35.45992160923057,0.4599216092305696,1
A033305,dormant_cashback,159.50346737094034,124.50346737094034,1
A010755,dormant_cashback,144.4987548112854,109.49875481128541,1
A024626,dormant_cashback,71.55315141916427,36.553151419164266,1
A033777,dormant_cashback,207.76170206740744,172.76170206740744,1
A008725,dormant_cashback,44.88794161485824,9.887941614858242,1
A019461,dormant_cashback,38.48214530970338,3.4821453097033768,1
A027587,dormant_cashback,183.89821451369113,148.89821451369113,1
A007238,dormant_cashback,337.3157033174212,302.3157033174212,1
A026716,dormant_cashback,54.4332227145633,19.4332227145633,1
A036201,dormant_cashback,385.8661030835291,350.8661030835291,1
A030128,dormant_cashback,44.40590199045158,9.405901990451582,1
A025092,dormant_cashback,39.88162532135642,4.881625321356417,1
A024785,dormant_cashback,101.81717127435988,66.81717127435988,1
A016419,dormant_cashback,278.4624876122058,243.4624876122058,1
A006273,dormant_cashback,63.712173346015376,28.712173346015376,1
A010068,dormant_cashback,160.76397298883563,125.76397298883563,1
A011181,dormant_cashback,116.39374317830458,81.39374317830458,1
A027142,dormant_cashback,66.32101650132917,31.32101650132917,1
A036580,dormant_cashback,98.83520159686854,63.835201596868544,1
A015249,dormant_cashback,48.35273088383286,13.352730883832862,1
A028724,dormant_cashback,47.84248888021861,12.84248888021861,1
A002528,dormant_cashback,285.33004396203006,250.33004396203006,1
A008135,dormant_cashback,54.66999203671925,19.66999203671925,1
A036982,dormant_cashback,101.93937458784231,66.93937458784231,1
A010029,dormant_cashback,83.82768372393785,48.82768372393785,1
A036441,dormant_cashback,50.03963237668856,15.039632376688559,1
A012528,dormant_cashback,102.95016989769456,67.95016989769456,1
A010681,dormant_cashback,104.6174129737639,69.6174129737639,1
A017781,dormant_cashback,395.26096176442843,360.26096176442843,1
A035087,dormant_cashback,43.695365105926,8.695365105926001,1
A023302,dormant_cashback,69.20589890991123,34.20589890991123,1
A022582,dormant_cashback,96.14929365499644,61.14929365499644,1
A015473,dormant_cashback,298.4155425557997,263.4155425557997,1
A004621,dormant_cashback,74.72695674264608,39.72695674264608,1
A031195,dormant_cashback,44.74825281668493,9.748252816684932,1
A008710,dormant_cashback,42.624596352275745,7.624596352275745,1
A014856,dormant_cashback,73.62938987107921,38.62938987107921,1
A008840,dormant_cashback,951.2952374456496,916.2952374456496,1
A023241,dormant_cashback,42.73281813082449,7.732818130824491,1
A010279,dormant_cashback,69.74795355749525,34.74795355749525,1
A018054,dormant_cashback,114.41816177001921,79.41816177001921,1
A039948,dormant_cashback,265.2073156054941,230.2073156054941,1
A009344,dormant_cashback,193.69639775611046,158.69639775611046,1
A006159,dormant_cashback,36.85535968644224,1.8553596864422417,1
A024727,dormant_cashback,268.8504746601228,233.8504746601228,1
A022737,dormant_cashback,324.3570587771361,289.3570587771361,1
A034762,dormant_cashback,36.04644963693411,1.0464496369341134,1
A018844,dormant_cashback,78.23117260990294,43.23117260990294,1
A030738,dormant_cashback,55.25094076235349,20.250940762353487,1
A021094,dormant_cashback,125.08495888375747,90.08495888375747,1
A033236,dormant_cashback,82.15961213386316,47.15961213386316,1
A011849,dormant_cashback,101.35037193797343,66.35037193797343,1
A030279,dormant_cashback,62.23744582636174,27.237445826361743,1
A019708,dormant_cashback,63.54540784047204,28.545407840472038,1
A019685,dormant_cashback,48.11026744977835,13.110267449778348,1
A019135,dormant_cashback,39.90783359177691,4.907833591776907,1
A012255,dormant_cashback,50.96299445371376,15.962994453713762,1
A038001,dormant_cashback,80.38048521402632,45.38048521402632,1
A021043,dormant_cashback,1179.8295948321843,1144.8295948321843,1
A011555,dormant_cashback,138.5361672516754,103.53616725167541,1
A032058,dormant_cashback,176.13366944273895,141.13366944273895,1
A017274,dormant_cashback,107.41321916991063,72.41321916991063,1
A030810,dormant_cashback,72.32953653884911,37.32953653884911,1
A014997,dormant_cashback,230.57184481935775,195.57184481935775,1
A018352,dormant_cashback,54.53343427901879,19.533434279018792,1
A005073,dormant_cashback,35.122401631527374,0.12240163152737438,1
A021711,dormant_cashback,162.64713610540915,127.64713610540915,1
A014318,dormant_cashback,67.1447712156363,32.1447712156363,1
A015144,dormant_cashback,85.15121390992664,50.15121390992664,1
A017542,dormant_cashback,68.07069826304902,33.070698263049024,1
A032090,dormant_cashback,35.09465439068982,0.09465439068981851,1
A021294,dormant_cashback,123.44013676529877,88.44013676529877,1
A033479,dormant_cashback,70.19308201811991,35.19308201811991,1
A016074,dormant_cashback,69.1666277223628,34.166627722362804,1
A031373,dormant_cashback,77.74263983770604,42.74263983770604,1
A000754,dormant_cashback,58.6273319674664,23.627331967466397,1
A029847,dormant_cashback,447.5888911880589,412.5888911880589,1
A015230,dormant_cashback,81.57960992121025,46.57960992121025,1
A000618,dormant_cashback,47.08844542443242,12.088445424432422,1
A006340,dormant_cashback,122.9229508414647,87.9229508414647,1
A031613,dormant_cashback,81.73271810411136,46.732718104111356,1
A035191,dormant_cashback,48.71348735086727,13.713487350867268,1
A026225,dormant_cashback,125.91445753322111,90.91445753322111,1
A022086,dormant_cashback,41.83923101508355,6.8392310150835485,1
A022648,dormant_cashback,114.34669036059667,79.34669036059667,1
A038844,dormant_cashback,140.6472987746133,105.64729877461329,1
A012282,dormant_cashback,228.87018793924898,193.87018793924898,1
A017667,dormant_cashback,51.69331253251865,16.693312532518647,1
A007441,dormant_cashback,91.5944891492401,56.594489149240104,1
A035451,dormant_cashback,43.65915033392114,8.65915033392114,1
A006856,dormant_cashback,47.09333926316277,12.093339263162768,1
A002187,dormant_cashback,40.91180108889444,5.911801088894443,1
A023424,dormant_cashback,65.8642181480492,30.864218148049204,1
A007666,dormant_cashback,509.69271272314705,474.69271272314705,1
A036534,dormant_cashback,261.3277386331185,226.32773863311849,1
A022063,dormant_cashback,305.79864131188185,270.79864131188185,1
A034410,dormant_cashback,101.93476718588907,66.93476718588907,1
A014277,dormant_cashback,56.9196340780337,21.919634078033702,1
A026644,dormant_cashback,65.3674209180083,30.367420918008307,1
A002248,dormant_cashback,369.08395419418,334.08395419418,1
A020511,dormant_cashback,166.64218912264576,131.64218912264576,1
A037946,dormant_cashback,45.8963371597903,10.8963371597903,1
A009229,dormant_cashback,102.52978142785548,67.52978142785548,1
A034699,dormant_cashback,45.708631934996575,10.708631934996575,1
A001752,dormant_cashback,287.09119839359334,252.09119839359334,1
A039093,dormant_cashback,39.45394502416946,4.453945024169457,1
A024491,dormant_cashback,424.4707335864619,389.4707335864619,1
A018489,dormant_cashback,47.97134148286513,12.971341482865128,1
A030351,dormant_cashback,37.338835763774746,2.338835763774746,1
A000060,dormant_cashback,91.83252134667754,56.83252134667754,1
A008726,dormant_cashback,232.2703059772816,197.2703059772816,1
A020065,dormant_cashback,64.50439720718289,29.50439720718289,1
A027552,dormant_cashback,315.29466960218105,280.29466960218105,1
A036962,dormant_cashback,211.58835300329125,176.58835300329125,1
A003103,dormant_cashback,57.49099336505589,22.490993365055893,1
A005150,dormant_cashback,236.91035071612814,201.91035071612814,1
A011015,dormant_cashback,63.98938889441403,28.989388894414027,1
A015704,dormant_cashback,285.6784893490365,250.6784893490365,1
A032401,dormant_cashback,48.87584543728707,13.875845437287069,1
A027825,dormant_cashback,89.49045611564208,54.490456115642075,1
A006651,dormant_cashback,347.48377543378365,312.48377543378365,1
A022474,dormant_cashback,224.5711060628052,189.5711060628052,1
A026106,dormant_cashback,106.44731222870941,71.44731222870941,1
A037232,dormant_cashback,85.63829949228388,50.63829949228388,1
A001860,dormant_cashback,73.39073021289207,38.390730212892066,1
A003315,dormant_cashback,83.26977361552416,48.26977361552416,1
A034332,dormant_cashback,72.36736576372792,37.36736576372792,1
A022540,dormant_cashback,106.05179737222859,71.05179737222859,1
A009837,dormant_cashback,42.186881454845135,7.186881454845135,1
A024404,dormant_cashback,126.90376619897738,91.90376619897738,1
A025559,dormant_cashback,39.2549702548751,4.254970254875097,1
A007709,dormant_cashback,42.078897002002556,7.078897002002556,1
A002635,dormant_cashback,47.500209292543786,12.500209292543786,1
A035647,dormant_cashback,208.630680689924,173.630680689924,1
A021967,dormant_cashback,129.72111509794848,94.72111509794848,1
A002422,dormant_cashback,56.42301672054512,21.42301672054512,1
A000427,dormant_cashback,71.95865993381425,36.958659933814246,1
A026707,dormant_cashback,135.48023473016968,100.48023473016968,1
A022847,dormant_cashback,119.50646262853826,84.50646262853826,1
A029660,dormant_cashback,227.56975562250875,192.56975562250875,1
A038025,dormant_cashback,96.02985598795176,61.02985598795176,1
A006313,dormant_cashback,38.93630646114912,3.9363064611491225,1
A022674,dormant_cashback,74.91280720936248,39.912807209362484,1
A017561,dormant_cashback,157.64126021613387,122.64126021613387,1
A036598,dormant_cashback,374.5922448400296,339.5922448400296,1
A027421,dormant_cashback,49.001494697712,14.001494697711998,1
A026272,dormant_cashback,296.9772322940897,261.9772322940897,1
A032425,dormant_cashback,288.182553239264,253.182553239264,1
A022798,dormant_cashback,345.0496353820783,310.0496353820783,1
A029451,dormant_cashback,151.31280133774857,116.31280133774857,1
A008352,dormant_cashback,107.40574865458042,72.40574865458042,1
A003738,dormant_cashback,328.8738255649711,293.8738255649711,1
A020416,dormant_cashback,292.6326315247186,257.6326315247186,1
A009676,dormant_cashback,45.115501972897036,10.115501972897036,1
A007207,dormant_cashback,44.53506076303664,9.53506076303664,1
A020998,dormant_cashback,44.82275479690259,9.822754796902593,1
A023799,dormant_cashback,113.75106255046528,78.75106255046528,1
A025624,dormant_cashback,61.260718274430296,26.260718274430296,1
A031476,dormant_cashback,35.811678875178956,0.8116788751789556,1
A014688,dormant_cashback,56.549785938641655,21.549785938641655,1
A031763,dormant_cashback,76.84643996489217,41.84643996489217,1
A004588,dormant_cashback,49.77804237469495,14.778042374694948,1
A010324,dormant_cashback,202.9396788848235,167.9396788848235,1
A019320,dormant_cashback,239.75309833120892,204.75309833120892,1
A005760,dormant_cashback,131.18129445865824,96.18129445865824,1
A008151,dormant_cashback,39.62783211797557,4.627832117975572,1
A018147,dormant_cashback,177.54130307205116,142.54130307205116,1
A012869,dormant_cashback,122.93805201060768,87.93805201060768,1
A035093,dormant_cashback,59.056070689814966,24.056070689814966,1
A034760,dormant_cashback,634.793599192577,599.793599192577,1
A000210,dormant_cashback,44.75089274157801,9.750892741578006,1
A015504,dormant_cashback,99.38649679779182,64.38649679779182,1
A032421,dormant_cashback,240.341197723693,205.341197723693,1
A031726,dormant_cashback,85.97797686364665,50.977976863646646,1
A036429,dormant_cashback,116.51858190158485,81.51858190158485,1
A035746,dormant_cashback,55.641587158912394,20.641587158912394,1
A037773,dormant_cashback,158.07076752859936,123.07076752859936,1
A013843,dormant_cashback,36.33315577619851,1.3331557761985096,1
A017973,dormant_cashback,335.65960320848353,300.65960320848353,1
A022038,dormant_cashback,107.17700926970893,72.17700926970893,1
A022219,dormant_cashback,53.40665650311696,18.406656503116963,1
A020997,dormant_cashback,51.744215999958556,16.744215999958556,1
A006245,dormant_cashback,107.95501804573227,72.95501804573227,1
A031330,dormant_cashback,35.89430363821765,0.8943036382176501,1
A008125,dormant_cashback,50.17628120255072,15.176281202550719,1
A031474,dormant_cashback,164.50117350326215,129.50117350326215,1
A006378,dormant_cashback,361.1567738816515,326.1567738816515,1
A012088,dormant_cashback,102.33596166114792,67.33596166114792,1
A036827,dormant_cashback,119.86413221562985,84.86413221562985,1
A006752,dormant_cashback,451.84920834984086,416.84920834984086,1
A013505,dormant_cashback,217.28671374307788,182.28671374307788,1
A018592,dormant_cashback,92.02312120229267,57.02312120229267,1
A031283,dormant_cashback,56.7991816816029,21.799181681602903,1
A039417,dormant_cashback,49.66519264700615,14.665192647006151,1
A026618,dormant_cashback,653.1409967028496,618.1409967028496,1
A031304,dormant_cashback,163.27649790877211,128.27649790877211,1
A004676,dormant_cashback,289.81372556024496,254.81372556024496,1
A002310,dormant_cashback,39.22104238413909,4.221042384139089,1
A017676,dormant_cashback,88.42394943231969,53.42394943231969,1
A024475,dormant_cashback,88.17074311015591,53.17074311015591,1
A022476,dormant_cashback,315.0462141887069,280.0462141887069,1
A021000,dormant_cashback,55.46774335865949,20.46774335865949,1
A025192,dormant_cashback,59.06682041385605,24.06682041385605,1
A007714,dormant_cashback,62.440530607094445,27.440530607094445,1
A011298,dormant_cashback,36.50607984509504,1.5060798450950372,1
A035335,dormant_cashback,350.18924919257864,315.18924919257864,1
A008363,dormant_cashback,122.82051027285391,87.82051027285391,1
A019558,dormant_cashback,136.8946470946377,101.89464709463769,1
A035650,dormant_cashback,533.9232781202734,498.9232781202734,1
A028006,dormant_cashback,246.61383376638182,211.61383376638182,1
A036501,dormant_cashback,367.1559799577341,332.1559799577341,1
A028670,dormant_cashback,79.68948183620707,44.689481836207065,1
A021555,dormant_cashback,361.13610459402344,326.13610459402344,1
A007770,dormant_cashback,132.99517693726142,97.99517693726142,1
A011009,dormant_cashback,109.17150154264881,74.17150154264881,1
A012098,dormant_cashback,38.863047390039966,3.8630473900399664,1
A014402,dormant_cashback,83.19267558143915,48.19267558143915,1
A039008,dormant_cashback,315.70925725275674,280.70925725275674,1
A020680,dormant_cashback,51.461365279134654,16.461365279134654,1
A019058,dormant_cashback,36.74306427286902,1.7430642728690202,1
A035300,dormant_cashback,43.553726056179904,8.553726056179904,1
A022134,dormant_cashback,87.37373577157483,52.37373577157483,1
A003886,dormant_cashback,114.82338899679833,79.82338899679833,1
A006305,dormant_cashback,318.0225725555315,283.0225725555315,1
A029193,dormant_cashback,111.43134253794457,76.43134253794457,1
A005738,dormant_cashback,77.79952322516023,42.79952322516023,1
A023894,dormant_cashback,98.43604948960862,63.43604948960862,1
A000317,dormant_cashback,105.12483788165851,70.12483788165851,1
A001992,dormant_cashback,533.4047271603329,498.40472716033287,1
A036220,dormant_cashback,75.90022383709419,40.90022383709419,1
A022153,dormant_cashback,508.0544836289544,473.0544836289544,1
A016169,dormant_cashback,81.05375202486731,46.05375202486731,1
A000499,dormant_cashback,127.83394007581606,92.83394007581606,1
A025408,dormant_cashback,127.76579648065959,92.76579648065959,1
A008559,dormant_cashback,261.2978568694407,226.2978568694407,1
A010134,dormant_cashback,46.28304589305268,11.28304589305268,1
A004800,dormant_cashback,38.00406502576762,3.0040650257676234,1
A021249,dormant_cashback,47.81412390206608,12.814123902066079,1
A016306,dormant_cashback,52.17389630616046,17.173896306160458,1
A011832,dormant_cashback,83.44474943566388,48.44474943566388,1
A003431,dormant_cashback,141.0801713574797,106.08017135747971,1
A015190,dormant_cashback,319.59408236211175,284.59408236211175,1
A005143,dormant_cashback,1682.3161587724858,1647.3161587724858,1
A018493,dormant_cashback,469.375315419076,434.375315419076,1
A007330,dormant_cashback,67.90300470467358,32.90300470467358,1
A001879,dormant_cashback,100.96900752533976,65.96900752533976,1
A006041,dormant_cashback,68.1843134180182,33.184313418018206,1
A000913,dormant_cashback,99.02181295193986,64.02181295193986,1
A038371,dormant_cashback,81.75851115329188,46.75851115329188,1
A033776,dormant_cashback,181.72069541131285,146.72069541131285,1
A008576,dormant_cashback,212.96788435488915,177.96788435488915,1
A028919,dormant_cashback,120.93690161634636,85.93690161634636,1
A039286,dormant_cashback,169.53648663709208,134.53648663709208,1
A024272,dormant_cashback,135.04445567903164,100.04445567903164,1
A014336,dormant_cashback,147.66672352849267,112.66672352849267,1
A016106,dormant_cashback,85.88612382707133,50.88612382707133,1
A019989,dormant_cashback,464.5255365058646,429.5255365058646,1
A025692,dormant_cashback,129.775882486163,94.775882486163,1
A015004,dormant_cashback,38.30383806233668,3.3038380623366805,1
A011151,dormant_cashback,44.8139349749667,9.813934974966699,1
A032479,dormant_cashback,272.00799741740366,237.00799741740366,1
A021327,dormant_cashback,82.00396805089456,47.00396805089456,1
A026726,dormant_cashback,50.251019299836976,15.251019299836976,1
A039399,dormant_cashback,62.89429778730891,27.894297787308908,1
A003297,dormant_cashback,271.4110161654864,236.4110161654864,1
A015686,dormant_cashback,81.24541616966916,46.245416169669156,1
A000340,dormant_cashback,296.7060867721646,261.7060867721646,1
A017731,dormant_cashback,201.95025662894173,166.95025662894173,1
A012245,dormant_cashback,61.967693962168035,26.967693962168035,1
A032361,dormant_cashback,54.82393307616958,19.82393307616958,1
A037253,dormant_cashback,67.97855702977908,32.97855702977908,1
A013356,dormant_cashback,59.63334457764903,24.633344577649027,1
A003406,dormant_cashback,163.9886702894487,128.9886702894487,1
A021340,dormant_cashback,39.98505408368303,4.985054083683032,1
A039457,dormant_cashback,67.25994626707384,32.25994626707384,1
A010847,dormant_cashback,100.01460834185593,65.01460834185593,1
A030014,dormant_cashback,48.964447130863924,13.964447130863924,1
A002197,dormant_cashback,133.3144019788497,98.3144019788497,1
A037159,dormant_cashback,54.1799318129904,19.179931812990397,1
A035216,dormant_cashback,57.02599586831369,22.025995868313693,1
A029060,dormant_cashback,260.0268865156985,225.0268865156985,1
A035799,dormant_cashback,174.77230042463444,139.77230042463444,1
A033038,dormant_cashback,61.99751755523131,26.997517555231312,1
A005851,dormant_cashback,234.22239800197258,199.22239800197258,1
A020703,dormant_cashback,267.65339439264733,232.65339439264733,1
A018790,dormant_cashback,191.47385378488949,156.47385378488949,1
A034397,dormant_cashback,181.1354965388884,146.1354965388884,1
A039502,dormant_cashback,38.338155592637406,3.3381555926374062,1
A010447,dormant_cashback,168.1479899072824,133.1479899072824,1
A020124,dormant_cashback,60.58895197175221,25.58895197175221,1
A030847,dormant_cashback,98.50721138471926,63.507211384719255,1
A002363,dormant_cashback,42.542316448916274,7.542316448916274,1
A020824,dormant_cashback,139.487523804317,104.487523804317,1
A036036,dormant_cashback,66.67403130286951,31.67403130286951,1
A037769,dormant_cashback,56.259388690357824,21.259388690357824,1
A037860,dormant_cashback,101.9960080549516,66.9960080549516,1
A017390,dormant_cashback,57.26389427017074,22.263894270170738,1
A039552,dormant_cashback,97.94371334189724,62.94371334189724,1
A036305,dormant_cashback,49.84994005642563,14.84994005642563,1
A019882,dormant_cashback,119.22798130140151,84.22798130140151,1
A029128,dormant_cashback,64.35443937927194,29.354439379271938,1
A021055,dormant_cashback,506.1339210750933,471.1339210750933,1
A006287,dormant_cashback,53.21348536729894,18.213485367298937,1
A031487,dormant_cashback,1177.64621003438,1142.64621003438,1
A038813,dormant_cashback,238.55002505654554,203.55002505654554,1
A031187,dormant_cashback,46.91834027393187,11.918340273931868,1
A036090,dormant_cashback,38.68736593601578,3.68736593601578,1
A039765,dormant_cashback,63.66246724434589,28.66246724434589,1
A039733,dormant_cashback,207.62470736782817,172.62470736782817,1
A006339,dormant_cashback,42.757570760734694,7.757570760734694,1
A032729,dormant_cashback,86.48031649754122,51.480316497541224,1
A003801,dormant_cashback,286.7848775030912,251.7848775030912,1
A000815,dormant_cashback,180.85202410724335,145.85202410724335,1
A014827,dormant_cashback,50.51461248588953,15.51461248588953,1
A036561,dormant_cashback,70.19348654694596,35.19348654694596,1
A013814,dormant_cashback,58.49234828790154,23.492348287901542,1
A007720,dormant_cashback,323.02685213447694,288.02685213447694,1
A023586,dormant_cashback,102.64394744964548,67.64394744964548,1
A030766,dormant_cashback,85.32276497421171,50.32276497421171,1
A037788,dormant_cashback,54.173057650622006,19.173057650622006,1
A036712,dormant_cashback,154.70027748606756,119.70027748606756,1
A020905,dormant_cashback,217.81939141171318,182.81939141171318,1
A001712,dormant_cashback,203.22480898062565,168.22480898062565,1
A031752,dormant_cashback,70.78898537658236,35.78898537658236,1
A014679,dormant_cashback,224.30808220397722,189.30808220397722,1
A034893,dormant_cashback,62.140560114883144,27.140560114883144,1
A025240,dormant_cashback,142.9631305528123,107.96313055281229,1
A019152,dormant_cashback,64.24084839550915,29.240848395509147,1
A005768,dormant_cashback,49.32520734840743,14.325207348407432,1
A038642,dormant_cashback,189.42542580763805,154.42542580763805,1
A022718,dormant_cashback,100.29205509585002,65.29205509585002,1
A021453,dormant_cashback,82.52719151695864,47.52719151695864,1
A026989,dormant_cashback,44.552597154742905,9.552597154742905,1
A026301,dormant_cashback,102.52241811574636,67.52241811574636,1
A039664,dormant_cashback,59.084328120771936,24.084328120771936,1
A003746,dormant_cashback,39.99413463233943,4.994134632339431,1
A006078,dormant_cashback,638.0259333700199,603.0259333700199,1
A026758,dormant_cashback,56.46413081216939,21.464130812169387,1
A028003,dormant_cashback,54.665327736228505,19.665327736228505,1
A009064,dormant_cashback,72.93441181552735,37.934411815527355,1
A039122,dormant_cashback,135.96815629899342,100.96815629899342,1
A010813,dormant_cashback,68.42816674525703,33.42816674525703,1
A013176,dormant_cashback,66.3970336434407,31.397033643440693,1
A008018,dormant_cashback,73.08211577429626,38.082115774296255,1
A032940,dormant_cashback,47.89393937811577,12.893939378115768,1
A001674,dormant_cashback,64.67848503135303,29.678485031353034,1
A000177,dormant_cashback,110.5017244937288,75.5017244937288,1
A016786,dormant_cashback,50.46307473514482,15.463074735144822,1
A006483,dormant_cashback,61.739246141381436,26.739246141381436,1
A010489,dormant_cashback,147.4372998857527,112.43729988575271,1
A014929,dormant_cashback,45.72733055194987,10.72733055194987,1
A030999,dormant_cashback,305.71369356457814,270.71369356457814,1
A038346,dormant_cashback,41.751445900951346,6.751445900951346,1
A002035,dormant_cashback,56.93617277052638,21.936172770526383,1
A005329,dormant_cashback,120.19205931407413,85.19205931407413,1
A011575,dormant_cashback,148.1790480203356,113.17904802033561,1
A030640,dormant_cashback,78.60531567714553,43.605315677145526,1
A039500,dormant_cashback,682.7913536493336,647.7913536493336,1
A023886,dormant_cashback,126.55994340965516,91.55994340965516,1
A033432,dormant_cashback,1353.4550752914136,1318.4550752914136,1
A008600,dormant_cashback,56.00055412571859,21.000554125718587,1
A023402,dormant_cashback,77.46436303642669,42.46436303642669,1
A010352,dormant_cashback,91.0927687902411,56.092768790241095,1
A017210,dormant_cashback,42.99545979289898,7.995459792898977,1
A007443,dormant_cashback,64.21191345540845,29.21191345540845,1
A032859,dormant_cashback,113.43487594955972,78.43487594955972,1
A017615,dormant_cashback,303.14449510179077,268.14449510179077,1
A026841,dormant_cashback,213.97218386784357,178.97218386784357,1
A006216,dormant_cashback,84.55418969611323,49.55418969611323,1
A038818,dormant_cashback,105.51992823326819,70.51992823326819,1
A017493,dormant_cashback,108.46915103024129,73.46915103024129,1
A019596,dormant_cashback,38.430184139717554,3.4301841397175536,1
A000367,dormant_cashback,68.54411520406184,33.54411520406184,1
A002946,dormant_cashback,274.10083835967583,239.10083835967583,1
A031669,dormant_cashback,83.37448194839338,48.37448194839338,1
A026789,dormant_cashback,147.11489953915284,112.11489953915284,1
A002747,dormant_cashback,89.23948535976784,54.23948535976784,1
A032707,dormant_cashback,52.02132550870314,17.021325508703143,1
A006505,dormant_cashback,499.4396922916668,464.4396922916668,1
A010217,dormant_cashback,66.08194347901318,31.081943479013177,1
A032336,dormant_cashback,499.57513598763904,464.57513598763904,1
A032031,dormant_cashback,94.61198668282658,59.61198668282658,1
A032789,dormant_cashback,53.73145584943285,18.731455849432848,1
A016080,dormant_cashback,105.97926131344192,70.97926131344192,1
A020310,dormant_cashback,115.3600155496725,80.3600155496725,1
A034654,dormant_cashback,67.06582958984359,32.06582958984359,1
A009747,dormant_cashback,130.2771337247705,95.2771337247705,1
A003670,dormant_cashback,47.91078602326031,12.910786023260307,1
A036337,dormant_cashback,629.6433062652824,594.6433062652824,1
A026025,dormant_cashback,81.40453904801288,46.40453904801288,1
A022109,dormant_cashback,132.58063652509745,97.58063652509745,1
A036849,dormant_cashback,270.1257053038655,235.12570530386552,1
A038276,dormant_cashback,148.6531489490156,113.65314894901559,1
A003977,dormant_cashback,102.80821160853849,67.80821160853849,1
A031169,dormant_cashback,56.559989527951345,21.559989527951345,1
A018968,dormant_cashback,328.83742397663656,293.83742397663656,1
A022443,dormant_cashback,94.25925518426926,59.259255184269264,1
A031553,dormant_cashback,61.99824941748676,26.99824941748676,1
A004636,dormant_cashback,36.313800025900804,1.3138000259008038,1
A038369,dormant_cashback,44.893737418565344,9.893737418565344,1
A025129,dormant_cashback,56.42240766145632,21.42240766145632,1
A017985,dormant_cashback,257.17710163269703,222.17710163269703,1
A023648,dormant_cashback,84.65891745835785,49.65891745835785,1
A007457,dormant_cashback,71.03743776976556,36.03743776976556,1
A009079,dormant_cashback,71.5924596742674,36.5924596742674,1
A030317,dormant_cashback,57.44542193915073,22.445421939150727,1
A015700,dormant_cashback,160.63597101295161,125.63597101295161,1
A037330,dormant_cashback,388.0802904853556,353.0802904853556,1
A008838,dormant_cashback,96.14084219514268,61.14084219514268,1
A008324,dormant_cashback,845.4385176721025,810.4385176721025,1
A025682,dormant_cashback,38.218744467415824,3.2187444674158243,1
A037461,dormant_cashback,118.6368254901184,83.6368254901184,1
A017365,dormant_cashback,38.255638933438526,3.255638933438526,1
A020758,dormant_cashback,400.4779856544762,365.4779856544762,1
A009417,dormant_cashback,243.21019189227277,208.21019189227277,1
A017917,dormant_cashback,38.40216980409638,3.4021698040963813,1
A014292,dormant_cashback,72.67723371922028,37.67723371922028,1
A017364,dormant_cashback,36.84394591717813,1.8439459171781323,1
A038151,dormant_cashback,367.3597998723546,332.3597998723546,1
A033289,dormant_cashback,93.47813526600845,58.47813526600845,1
A013312,dormant_cashback,35.160161913526146,0.16016191352614584,1
A007619,dormant_cashback,73.0954324081556,38.0954324081556,1
A024834,dormant_cashback,372.9267725536933,337.9267725536933,1
A033349,dormant_cashback,116.02674656076375,81.02674656076375,1
A030468,dormant_cashback,61.12383856516326,26.12383856516326,1
A008290,dormant_cashback,71.80772247052673,36.80772247052673,1
A027491,dormant_cashback,36.2096148154054,1.209614815405402,1
A006179,dormant_cashback,74.3295849957025,39.329584995702504,1
A013778,dormant_cashback,43.94020004959309,8.940200049593088,1
A000978,dormant_cashback,574.0624339829677,539.0624339829677,1
A004361,dormant_cashback,41.37973798472088,6.379737984720883,1
A036889,dormant_cashback,110.94932180750504,75.94932180750504,1
A012681,dormant_cashback,81.47968007619126,46.47968007619126,1
A006376,dormant_cashback,41.825610688413605,6.8256106884136045,1
A027756,dormant_cashback,207.4457637491094,172.4457637491094,1
A005240,dormant_cashback,72.09886627508466,37.09886627508466,1
A027027,dormant_cashback,506.2471834248369,471.2471834248369,1
A016424,dormant_cashback,84.94377557461782,49.94377557461782,1
A008079,dormant_cashback,98.25565549855789,63.255655498557886,1
A005007,dormant_cashback,118.54642103628298,83.54642103628298,1
A036597,dormant_cashback,46.41438120663938,11.414381206639383,1
A019314,dormant_cashback,37.247652026358935,2.247652026358935,1
A015801,dormant_cashback,38.70927528796307,3.7092752879630666,1
A002733,dormant_cashback,87.40127522983428,52.40127522983428,1
A023806,dormant_cashback,70.72670188222355,35.72670188222355,1
A020575,dormant_cashback,344.49900570733325,309.49900570733325,1
A013627,dormant_cashback,146.550383106114,111.550383106114,1
A032873,dormant_cashback,155.19113840091947,120.19113840091947,1
A027092,dormant_cashback,574.159303060313,539.159303060313,1
A008815,dormant_cashback,51.611755865261856,16.611755865261856,1
A019522,dormant_cashback,403.87348088437693,368.87348088437693,1
A030305,dormant_cashback,40.105099173111476,5.105099173111476,1
A036557,dormant_cashback,106.26523456080122,71.26523456080122,1
A028767,dormant_cashback,69.45154668572836,34.45154668572836,1
A031877,dormant_cashback,156.2745012582042,121.2745012582042,1
A023013,dormant_cashback,75.73980186302393,40.73980186302393,1
A038722,dormant_cashback,48.2386653934169,13.238665393416902,1
A024427,dormant_cashback,73.96490176173086,38.96490176173086,1
A025043,dormant_cashback,89.78948571224893,54.78948571224893,1
A037054,dormant_cashback,50.75878616941775,15.758786169417753,1
A003755,dormant_cashback,35.51057850975232,0.510578509752321,1
A035048,dormant_cashback,60.27903992800475,25.27903992800475,1
A017061,dormant_cashback,42.05487578918103,7.0548757891810325,1
A035379,dormant_cashback,46.70231382365404,11.702313823654038,1
A023317,dormant_cashback,56.39157127396977,21.391571273969767,1
A023999,dormant_cashback,38.54703371318577,3.547033713185769,1
A013663,dormant_cashback,782.5257536321625,747.5257536321625,1
A020466,dormant_cashback,206.9530408017586,171.9530408017586,1
A017836,dormant_cashback,55.55594770657316,20.555947706573157,1
A006908,dormant_cashback,83.76180911957915,48.761809119579155,1
A014961,dormant_cashback,81.00235842732091,46.002358427320914,1
A037132,dormant_cashback,201.45044206467145,166.45044206467145,1
A005710,dormant_cashback,1404.1937230050453,1369.1937230050453,1
A039962,dormant_cashback,36.22276408848033,1.2227640884803321,1
A010718,dormant_cashback,56.07212480414953,21.07212480414953,1
A005878,dormant_cashback,36.46311987460509,1.4631198746050913,1
A008810,dormant_cashback,131.66404366181325,96.66404366181325,1
A032552,dormant_cashback,166.8896281856307,131.8896281856307,1
A032674,dormant_cashback,69.27893050118047,34.27893050118047,1
A024804,dormant_cashback,164.45465256546217,129.45465256546217,1
A018664,dormant_cashback,494.1740996444039,459.1740996444039,1
A036814,dormant_cashback,131.30161623146435,96.30161623146435,1
A036443,dormant_cashback,90.24735323638268,55.24735323638268,1
A029508,dormant_cashback,186.48787241469773,151.48787241469773,1
A016387,dormant_cashback,62.067726533612536,27.067726533612536,1
A024002,dormant_cashback,53.54144529131102,18.54144529131102,1
A010796,dormant_cashback,81.18553252936964,46.18553252936964,1
A033008,dormant_cashback,59.914889299628825,24.914889299628825,1
A023505,dormant_cashback,47.50520518803644,12.505205188036442,1
A017901,dormant_cashback,208.20637891702413,173.20637891702413,1
A023513,dormant_cashback,70.50337681555958,35.50337681555958,1
A028943,dormant_cashback,80.32069107262699,45.320691072626985,1
A037176,dormant_cashback,119.26508622122941,84.26508622122941,1
A033381,dormant_cashback,181.58747035416653,146.58747035416653,1
A004152,dormant_cashback,119.80817611349515,84.80817611349515,1
A039097,dormant_cashback,293.06057787338005,258.06057787338005,1
A011938,dormant_cashback,40.99137859798834,5.991378597988337,1
A018089,dormant_cashback,378.1379813123751,343.1379813123751,1
A033144,dormant_cashback,144.92663900120587,109.92663900120587,1
A038049,dormant_cashback,51.695281190409,16.695281190409,1
A010156,dormant_cashback,39.132175329308325,4.132175329308325,1
A028980,dormant_cashback,75.70816886005763,40.708168860057626,1
A029391,dormant_cashback,78.16064924175599,43.16064924175599,1
A038072,dormant_cashback,274.84036607950014,239.84036607950014,1
A015436,dormant_cashback,677.4999276413118,642.4999276413118,1
A002942,dormant_cashback,64.63804990735443,29.63804990735443,1
A005478,dormant_cashback,76.7444165178272,41.744416517827204,1
A024350,dormant_cashback,46.24098908949138,11.240989089491379,1
A005427,dormant_cashback,84.35722705696881,49.35722705696881,1
A028219,dormant_cashback,97.68850246824309,62.68850246824309,1
A003566,dormant_cashback,130.3187685132135,95.31876851321351,1
A018358,dormant_cashback,137.2703036456142,102.2703036456142,1
A003733,dormant_cashback,85.54050085603947,50.54050085603947,1
A028710,dormant_cashback,135.380318202554,100.38031820255401,1
A033539,dormant_cashback,200.84344514635768,165.84344514635768,1
A003015,dormant_cashback,96.00189036648314,61.00189036648314,1
A018448,dormant_cashback,264.72838232456104,229.72838232456104,1
A008445,dormant_cashback,45.24407718440147,10.244077184401469,1
A031321,dormant_cashback,61.01977480054482,26.019774800544823,1
A016197,dormant_cashback,121.97244021736348,86.97244021736348,1
A005050,dormant_cashback,175.56859822617977,140.56859822617977,1
A003183,dormant_cashback,77.79657047319698,42.79657047319698,1
A032617,dormant_cashback,58.4330554425522,23.433055442552202,1
A020516,dormant_cashback,95.67702020234442,60.67702020234442,1
A023611,dormant_cashback,709.1303609218727,674.1303609218727,1
A005937,dormant_cashback,55.16603575494887,20.166035754948872,1
A003557,dormant_cashback,70.87491259059878,35.87491259059878,1
A032080,dormant_cashback,125.14670790877126,90.14670790877126,1
A035306,dormant_cashback,165.915145705945,130.915145705945,1
A023183,dormant_cashback,121.98273592996082,86.98273592996082,1
A024385,dormant_cashback,45.511664566900606,10.511664566900606,1
A034458,dormant_cashback,43.203714408895245,8.203714408895245,1
A012272,dormant_cashback,71.26726033699383,36.26726033699383,1
A037043,dormant_cashback,75.21700524038603,40.21700524038603,1
A026964,dormant_cashback,97.52676936962062,62.526769369620624,1
A026116,dormant_cashback,35.828920721753015,0.8289207217530148,1
A007797,dormant_cashback,84.1472206026702,49.1472206026702,1
A001915,dormant_cashback,40.41518936540306,5.415189365403059,1
A027771,dormant_cashback,137.33027902572883,102.33027902572883,1
A012390,dormant_cashback,39.460840585832926,4.460840585832926,1
A017820,dormant_cashback,382.366434607337,347.366434607337,1
A033360,dormant_cashback,149.22490947013682,114.22490947013682,1
A009088,dormant_cashback,35.322489872241164,0.32248987224116377,1
A038994,dormant_cashback,382.2768676152796,347.2768676152796,1
A030101,dormant_cashback,45.07614028732441,10.076140287324407,1
A026495,dormant_cashback,527.2009335137207,492.20093351372066,1
A004391,dormant_cashback,62.16218907598847,27.162189075988472,1
A038911,dormant_cashback,179.14390643835839,144.14390643835839,1
A005557,dormant_cashback,64.01569000460667,29.015690004606668,1
A003772,dormant_cashback,42.4209941831139,7.420994183113898,1
A034531,dormant_cashback,57.51019927038493,22.51019927038493,1
A014989,dormant_cashback,248.95338629738188,213.95338629738188,1
A012166,dormant_cashback,109.86365785588471,74.86365785588471,1
A033012,dormant_cashback,139.31273135314322,104.31273135314322,1
A031829,dormant_cashback,648.125837812633,613.125837812633,1
A030838,dormant_cashback,148.77777442076646,113.77777442076646,1
A025220,dormant_cashback,61.570238316827336,26.570238316827336,1
A037410,dormant_cashback,114.26238038631388,79.26238038631388,1
A039758,dormant_cashback,59.65117298902597,24.651172989025973,1
A016015,dormant_cashback,47.98819635768631,12.988196357686313,1
A036238,dormant_cashback,438.4769415048698,403.4769415048698,1
A032581,dormant_cashback,64.95830090325687,29.95830090325687,1
A029811,dormant_cashback,60.86121214545335,25.86121214545335,1
A006677,dormant_cashback,72.20895792927178,37.208957929271776,1
A015832,dormant_cashback,51.845203492397395,16.845203492397395,1
A001654,dormant_cashback,154.99129953045824,119.99129953045824,1
A008186,dormant_cashback,37.699289124620464,2.6992891246204636,1
A019131,dormant_cashback,779.1457819464871,744.1457819464871,1
A031981,dormant_cashback,43.603707308547975,8.603707308547975,1
A019674,dormant_cashback,42.68915180850938,7.689151808509379,1
A000768,dormant_cashback,41.84745414900386,6.847454149003859,1
A026030,dormant_cashback,38.10114864395672,3.1011486439567193,1
A037812,dormant_cashback,1003.635001925087,968.635001925087,1
A005886,dormant_cashback,99.96518889053834,64.96518889053834,1
A030244,dormant_cashback,36.463076256801074,1.4630762568010738,1
A000888,dormant_cashback,38.85507550840519,3.855075508405193,1
A013454,dormant_cashback,142.34776752503663,107.34776752503663,1
A029486,dormant_cashback,335.286564128048,300.286564128048,1
A025429,dormant_cashback,141.17923472409956,106.17923472409956,1
A007409,dormant_cashback,212.7745816207179,177.7745816207179,1
A014995,dormant_cashback,82.5745654563522,47.574565456352204,1
A028447,dormant_cashback,306.47361015485785,271.47361015485785,1
A022615,dormant_cashback,61.48934907649797,26.489349076497973,1
A021731,dormant_cashback,50.35270896467332,15.352708964673319,1
A038056,dormant_cashback,35.04506555705315,0.04506555705314952,1
A012082,dormant_cashback,279.3778853655774,244.3778853655774,1
A013416,dormant_cashback,258.2539462345897,223.2539462345897,1
A033397,dormant_cashback,38.490889399520334,3.4908893995203343,1
A006822,dormant_cashback,72.51758298696777,37.51758298696777,1
A028091,dormant_cashback,199.70315321150977,164.70315321150977,1
A038436,dormant_cashback,42.44844267189488,7.448442671894881,1
A025704,dormant_cashback,97.93173847317809,62.931738473178086,1
A033126,dormant_cashback,158.485714882718,123.48571488271801,1
A008000,dormant_cashback,109.56997031119728,74.56997031119728,1
A039229,dormant_cashback,101.81801190865023,66.81801190865023,1
A018774,dormant_cashback,42.583165783493236,7.583165783493236,1
A032655,dormant_cashback,41.33182319279385,6.331823192793848,1
A020093,dormant_cashback,540.5601307943786,505.56013079437855,1
A012224,dormant_cashback,111.55010957639811,76.55010957639811,1
A023707,dormant_cashback,47.334489388259115,12.334489388259115,1
A032983,dormant_cashback,79.97064422672754,44.97064422672754,1
A012527,dormant_cashback,78.35715013824016,43.35715013824016,1
A010702,dormant_cashback,59.54631363247858,24.54631363247858,1
A039326,dormant_cashback,37.964303416427335,2.9643034164273345,1
A016457,dormant_cashback,48.03540869848003,13.035408698480033,1
A005522,dormant_cashback,49.17089447051512,14.170894470515123,1
A015288,dormant_cashback,684.2105422408213,649.2105422408213,1
A024828,dormant_cashback,78.40489669854102,43.40489669854102,1
A025488,dormant_cashback,86.81021184738958,51.81021184738958,1
A023588,dormant_cashback,123.60698949005203,88.60698949005203,1
A015110,dormant_cashback,353.4695513644656,318.4695513644656,1
A006360,dormant_cashback,36.37482066707601,1.3748206670760084,1
A037869,dormant_cashback,110.0062407088491,75.0062407088491,1
A008450,dormant_cashback,117.57782768827406,82.57782768827406,1
A026550,dormant_cashback,36.19174988608715,1.1917498860871518,1
A001572,dormant_cashback,47.38466237308246,12.384662373082463,1
A011031,dormant_cashback,62.02033266642764,27.02033266642764,1
A012281,dormant_cashback,74.0910873893214,39.0910873893214,1
A032960,dormant_cashback,67.72133847655317,32.72133847655317,1
A015114,dormant_cashback,139.04311846571252,104.04311846571252,1
A000346,dormant_cashback,117.76699375662555,82.76699375662555,1
A021661,dormant_cashback,143.40917147712537,108.40917147712537,1
A035429,dormant_cashback,67.37612111510934,32.37612111510934,1
A011258,dormant_cashback,35.76876358344819,0.768763583448191,1
A019910,dormant_cashback,128.53794311463665,93.53794311463665,1
A024246,dormant_cashback,331.7272032800542,296.7272032800542,1
A011097,dormant_cashback,109.92477414162808,74.92477414162808,1
A020026,dormant_cashback,406.0802237174989,371.0802237174989,1
A023896,dormant_cashback,148.63117410378277,113.63117410378277,1
A031011,dormant_cashback,271.014164364958,236.014164364958,1
A029995,dormant_cashback,166.7406923037629,131.7406923037629,1
A034467,dormant_cashback,181.7016215652418,146.7016215652418,1
A011759,dormant_cashback,79.91761584987059,44.917615849870586,1
A020568,dormant_cashback,74.69996952934805,39.69996952934805,1
A027181,dormant_cashback,37.465034874973014,2.465034874973014,1
A021665,dormant_cashback,42.122462440568334,7.122462440568334,1
A024273,dormant_cashback,68.65520480223496,33.65520480223496,1
A012916,dormant_cashback,129.11910556895535,94.11910556895535,1
A001502,dormant_cashback,82.41744612468477,47.41744612468477,1
A031159,dormant_cashback,74.29645529451237,39.29645529451237,1
A034784,dormant_cashback,264.63642240775886,229.63642240775886,1
A022468,dormant_cashback,175.01688178672788,140.01688178672788,1
A037466,dormant_cashback,406.3392363461588,371.3392363461588,1
A010176,dormant_cashback,130.73585618215233,95.73585618215233,1
A003858,dormant_cashback,55.912817681282135,20.912817681282135,1
A009660,dormant_cashback,102.22223789058833,67.22223789058833,1
A026490,dormant_cashback,58.94977588150554,23.949775881505538,1
A011185,dormant_cashback,46.11735462832603,11.117354628326026,1
A035513,dormant_cashback,59.91945506408761,24.919455064087607,1
A001588,dormant_cashback,113.92127932973965,78.92127932973965,1
A015707,dormant_cashback,67.8955673544674,32.8955673544674,1
A028177,dormant_cashback,55.18852893075132,20.188528930751318,1
A038089,dormant_cashback,44.19940557893523,9.199405578935227,1
A021144,dormant_cashback,89.74713359404184,54.74713359404184,1
A007502,dormant_cashback,89.39688858240797,54.39688858240797,1
A005607,dormant_cashback,35.43646605544418,0.4364660554441784,1
A039560,dormant_cashback,73.14254111756229,38.14254111756229,1
A039730,dormant_cashback,370.4507260345203,335.4507260345203,1
A036009,dormant_cashback,194.89465840497712,159.89465840497712,1
A035171,dormant_cashback,42.57773041382893,7.577730413828931,1
A020182,dormant_cashback,59.77508336088194,24.775083360881943,1
A036532,dormant_cashback,320.39603772240844,285.39603772240844,1
A012146,dormant_cashback,46.983779111899246,11.983779111899246,1
A028340,dormant_cashback,92.5091122628587,57.50911226285869,1
A036841,dormant_cashback,81.72650705338054,46.726507053380544,1
A025874,dormant_cashback,105.66618448576752,70.66618448576752,1
A013436,dormant_cashback,205.4844292466842,170.4844292466842,1
A010413,dormant_cashback,37.79903897695106,2.79903897695106,1
A018324,dormant_cashback,67.32676398145402,32.32676398145402,1
A024718,dormant_cashback,79.67161805865823,44.671618058658225,1
A012084,dormant_cashback,48.45433924842601,13.45433924842601,1
A018923,dormant_cashback,36.817927475289146,1.8179274752891459,1
A025600,dormant_cashback,57.954581297069915,22.954581297069915,1
A001091,dormant_cashback,230.3265973278319,195.3265973278319,1
A030511,dormant_cashback,57.39467152938134,22.39467152938134,1
A030055,dormant_cashback,260.3954679460268,225.39546794602683,1
A009251,dormant_cashback,495.95384946850714,460.95384946850714,1
A003524,dormant_cashback,470.0795612983269,435.0795612983269,1
A004057,dormant_cashback,64.71079736899468,29.710797368994676,1
A020609,dormant_cashback,45.64661305905822,10.646613059058218,1
A012648,dormant_cashback,83.49784507974677,48.49784507974677,1
A022051,dormant_cashback,421.4027377879699,386.4027377879699,1
A030139,dormant_cashback,43.28619975198356,8.28619975198356,1
A026312,dormant_cashback,302.96234419830574,267.96234419830574,1
A001125,dormant_cashback,73.76167323397657,38.761673233976566,1
A035727,dormant_cashback,212.79626619077672,177.79626619077672,1
A023050,dormant_cashback,232.57300251025717,197.57300251025717,1
A013845,dormant_cashback,59.24971786699855,24.24971786699855,1
A006523,dormant_cashback,75.43165293226969,40.431652932269685,1
A032236,dormant_cashback,78.80399159028941,43.803991590289414,1
A009945,dormant_cashback,220.45159828598798,185.45159828598798,1
A033365,dormant_cashback,83.06540555693667,48.06540555693667,1
A029719,dormant_cashback,80.41704653121828,45.417046531218276,1
A022535,dormant_cashback,128.0881990390003,93.0881990390003,1
A005577,dormant_cashback,50.55546152930317,15.555461529303173,1
A030089,dormant_cashback,128.0300975187448,93.03009751874481,1
A000091,dormant_cashback,218.03961337170318,183.03961337170318,1
A014797,dormant_cashback,162.62479007660232,127.62479007660232,1
A006957,dormant_cashback,72.71697852375713,37.716978523757135,1
A033927,dormant_cashback,133.02605880104167,98.02605880104167,1
A004121,dormant_cashback,96.56750803165404,61.56750803165404,1
A004896,dormant_cashback,101.81432509166102,66.81432509166102,1
A028615,dormant_cashback,129.98600362420478,94.98600362420478,1
A007990,dormant_cashback,234.87023599094712,199.87023599094712,1
A016254,dormant_cashback,154.519241914705,119.51924191470499,1
A012020,dormant_cashback,72.5467338979493,37.546733897949295,1
A003298,dormant_cashback,79.23341942818895,44.23341942818895,1
A005934,dormant_cashback,335.6728723881429,300.6728723881429,1
A001242,dormant_cashback,47.34201340125315,12.342013401253148,1
A028631,dormant_cashback,65.54478347093003,30.544783470930028,1
A025257,dormant_cashback,132.44392941971273,97.44392941971273,1
A039499,dormant_cashback,62.89050140007612,27.89050140007612,1
A031721,dormant_cashback,104.30532747211728,69.30532747211728,1
A031340,dormant_cashback,125.48694928313412,90.48694928313412,1
A020097,dormant_cashback,94.13685112895104,59.13685112895104,1
A022360,dormant_cashback,62.84668723723096,27.84668723723096,1
A014481,dormant_cashback,50.43789141028723,15.437891410287229,1
A009103,dormant_cashback,112.97652089311313,77.97652089311313,1
A018349,dormant_cashback,84.57753380165192,49.577533801651924,1
A016589,dormant_cashback,40.57770646966144,5.577706469661443,1
A005075,dormant_cashback,379.77541954547365,344.77541954547365,1
A010054,dormant_cashback,496.24002505123957,461.24002505123957,1
A021059,dormant_cashback,609.1587537256478,574.1587537256478,1
A014824,dormant_cashback,44.1079824638641,9.107982463864097,1
A021014,dormant_cashback,42.165221810292536,7.165221810292536,1
A023540,dormant_cashback,265.291681457031,230.29168145703102,1
A027594,dormant_cashback,42.16969498722146,7.169694987221462,1
A000546,dormant_cashback,197.999135501379,162.999135501379,1
A015863,dormant_cashback,85.90636895218361,50.90636895218361,1
A002684,dormant_cashback,899.8598811727454,864.8598811727454,1
A015967,dormant_cashback,170.7440391066461,135.7440391066461,1
A033907,dormant_cashback,35.24527003335846,0.24527003335845876,1
A028348,dormant_cashback,98.03715868283972,63.03715868283972,1
A015046,dormant_cashback,583.111121107285,548.111121107285,1
A016107,dormant_cashback,139.20993930852597,104.20993930852597,1
A036832,dormant_cashback,354.72911134782606,319.72911134782606,1
A010589,dormant_cashback,107.99397167313629,72.99397167313629,1
A002240,dormant_cashback,55.61565699701806,20.615656997018057,1
A039408,dormant_cashback,38.56706703752721,3.5670670375272095,1
A028649,dormant_cashback,117.79105764553991,82.79105764553991,1
A021996,dormant_cashback,769.5442178406305,734.5442178406305,1
A019806,dormant_cashback,68.57813758947978,33.57813758947978,1
A007076,dormant_cashback,119.93235087724292,84.93235087724292,1
A022195,dormant_cashback,46.31208863971161,11.312088639711611,1
A018620,dormant_cashback,79.21008499918388,44.21008499918388,1
A017330,dormant_cashback,114.4363222908281,79.4363222908281,1
A018032,dormant_cashback,44.44595108503949,9.44595108503949,1
A016500,dormant_cashback,115.67519555660901,80.67519555660901,1
A022657,dormant_cashback,298.86041074033835,263.86041074033835,1
A010862,dormant_cashback,61.608535774017476,26.608535774017476,1
A012248,dormant_cashback,94.4759959017317,59.47599590173169,1
A033756,dormant_cashback,51.386794894533466,16.386794894533466,1
A028541,dormant_cashback,57.387092898634926,22.387092898634926,1
A039420,dormant_cashback,89.3994689447485,54.399468944748506,1
A005010,dormant_cashback,109.80935825937331,74.80935825937331,1
A008197,dormant_cashback,47.66552349048696,12.665523490486962,1
A039562,dormant_cashback,106.40937408678197,71.40937408678197,1
A035825,dormant_cashback,526.7837285105459,491.78372851054587,1
A023218,dormant_cashback,205.9263724849089,170.9263724849089,1
A030469,dormant_cashback,48.569431307955384,13.569431307955384,1
A006648,dormant_cashback,411.5064758348233,376.5064758348233,1
A002392,dormant_cashback,56.65749564456338,21.657495644563383,1
A035042,dormant_cashback,82.42341440614602,47.42341440614602,1
A036322,dormant_cashback,36.36334793561289,1.363347935612893,1
A010746,dormant_cashback,38.41750565450643,3.417505654506428,1
A019033,dormant_cashback,189.52897159926357,154.52897159926357,1
A033019,dormant_cashback,100.30704648064179,65.30704648064179,1
A000788,dormant_cashback,54.16618078920945,19.16618078920945,1
A013851,dormant_cashback,42.02452986763249,7.024529867632488,1
A019242,dormant_cashback,82.13506197253356,47.13506197253356,1
A025961,dormant_cashback,145.4010187649088,110.4010187649088,1
A007262,dormant_cashback,78.5046582929814,43.504658292981404,1
A014572,dormant_cashback,91.9761544992316,56.9761544992316,1
A021350,dormant_cashback,36.29233517322459,1.2923351732245933,1
A011768,dormant_cashback,72.65846202323604,37.65846202323604,1
A013615,dormant_cashback,63.3934557010087,28.393455701008698,1
A017993,dormant_cashback,74.18085169505889,39.18085169505889,1
A032877,dormant_cashback,89.06159220386279,54.06159220386279,1
A032594,dormant_cashback,368.74215790086754,333.74215790086754,1
A012340,dormant_cashback,307.343293499904,272.343293499904,1
A006945,dormant_cashback,107.83644319689895,72.83644319689895,1
A003877,dormant_cashback,113.60130279400116,78.60130279400116,1
A033319,dormant_cashback,1038.694652382004,1003.694652382004,1
A029807,dormant_cashback,304.5020701462808,269.5020701462808,1
A018068,dormant_cashback,47.02839647757475,12.028396477574752,1
A030482,dormant_cashback,63.49001884851506,28.490018848515057,1
A036940,dormant_cashback,52.4197508171833,17.4197508171833,1
A023618,dormant_cashback,53.87623453395433,18.87623453395433,1
A030763,dormant_cashback,105.32450816714532,70.32450816714532,1
A027706,dormant_cashback,103.80977036036104,68.80977036036104,1
A017633,dormant_cashback,54.71906971911338,19.719069719113378,1
A015818,dormant_cashback,60.06669313564455,25.06669313564455,1
A008269,dormant_cashback,97.2081488821105,62.20814888211051,1
A025688,dormant_cashback,170.94863055628102,135.94863055628102,1
A017019,dormant_cashback,192.32659522962075,157.32659522962075,1
A033170,dormant_cashback,72.64544982592788,37.645449825927884,1
A005871,dormant_cashback,87.5499763386413,52.5499763386413,1
A036809,dormant_cashback,88.75580970837336,53.75580970837336,1
A027245,dormant_cashback,51.79090472082334,16.79090472082334,1
A020130,dormant_cashback,35.77337838962943,0.7733783896294284,1
A024678,dormant_cashback,85.57208584708613,50.57208584708613,1
A038097,dormant_cashback,93.13884423649452,58.13884423649452,1
A002300,dormant_cashback,321.38496306660016,286.38496306660016,1
A006901,dormant_cashback,125.09929287408714,90.09929287408714,1
A021255,dormant_cashback,111.0938766951141,76.0938766951141,1
A016810,dormant_cashback,72.20464981386324,37.20464981386324,1
A002247,dormant_cashback,148.37448073674102,113.37448073674102,1
A035358,dormant_cashback,36.9307984684215,1.9307984684215,1
A020956,dormant_cashback,75.80171031696963,40.80171031696963,1
A016642,dormant_cashback,238.73039631167148,203.73039631167148,1
A002727,dormant_cashback,153.7550817595599,118.75508175955991,1
A007700,dormant_cashback,145.02464926457912,110.02464926457912,1
A000800,dormant_cashback,114.67711978609692,79.67711978609692,1
A013547,dormant_cashback,58.70435529262511,23.70435529262511,1
A012391,dormant_cashback,39.06853233560572,4.068532335605717,1
A013350,dormant_cashback,51.92089787149822,16.92089787149822,1
A014070,dormant_cashback,107.05892781495477,72.05892781495477,1
A025901,dormant_cashback,568.8093281915557,533.8093281915557,1
A019040,dormant_cashback,147.01424000245999,112.01424000245999,1
A039072,dormant_cashback,300.18690851404256,265.18690851404256,1
A036908,dormant_cashback,141.94889096180273,106.94889096180273,1
A039961,dormant_cashback,41.75916311370945,6.759163113709448,1
A004450,dormant_cashback,461.65687161737634,426.65687161737634,1
A026171,dormant_cashback,76.29831751940283,41.29831751940283,1
A003791,dormant_cashback,45.374076224277914,10.374076224277914,1
A031862,dormant_cashback,45.72250855666852,10.722508556668522,1
A028261,dormant_cashback,75.08992392573532,40.08992392573532,1
A035173,dormant_cashback,48.632023163758575,13.632023163758575,1
A032449,dormant_cashback,102.49633845603242,67.49633845603242,1
A035637,dormant_cashback,256.9997045724372,221.99970457243722,1
A007968,dormant_cashback,105.12238901966215,70.12238901966215,1
A005405,dormant_cashback,45.841474872168895,10.841474872168895,1
A008229,dormant_cashback,423.8009445298174,388.8009445298174,1
A016949,dormant_cashback,154.2419606005996,119.24196060059961,1
A015933,dormant_cashback,83.59140439221737,48.59140439221737,1
A038851,dormant_cashback,215.6136045027622,180.6136045027622,1
A025256,dormant_cashback,83.11967671552273,48.11967671552273,1
A031132,dormant_cashback,108.96323519796802,73.96323519796802,1
A036405,dormant_cashback,60.60053609312681,25.600536093126813,1
A008110,dormant_cashback,266.38195167019154,231.38195167019154,1
A021848,dormant_cashback,89.42229868083722,54.422298680837216,1
A005437,dormant_cashback,122.23849515044425,87.23849515044425,1
A008172,dormant_cashback,38.23596576273428,3.2359657627342813,1
A027420,dormant_cashback,1204.6837250998892,1169.6837250998892,1
A006512,dormant_cashback,77.9170512725747,42.917051272574696,1
A031670,dormant_cashback,154.68669821713053,119.68669821713053,1
A038560,dormant_cashback,106.01449228860909,71.01449228860909,1
A013082,dormant_cashback,154.58948183641502,119.58948183641502,1
A019073,dormant_cashback,55.95972155119486,20.95972155119486,1
A017286,dormant_cashback,53.20773733433647,18.20773733433647,1
A008890,dormant_cashback,53.533422102303646,18.533422102303646,1
A007964,dormant_cashback,92.1689695221442,57.168969522144195,1
A034589,dormant_cashback,37.963180190200774,2.9631801902007737,1
A000421,dormant_cashback,773.1396067684535,738.1396067684535,1
A001126,dormant_cashback,316.71796097336033,281.71796097336033,1
A034288,dormant_cashback,79.97138552021997,44.97138552021997,1
A000200,dormant_cashback,303.53899948828337,268.53899948828337,1
A026083,dormant_cashback,174.00736620963048,139.00736620963048,1
A005784,dormant_cashback,69.64838502077376,34.64838502077376,1
A035953,dormant_cashback,48.22501298342796,13.225012983427959,1
A034889,dormant_cashback,84.81186803011154,49.81186803011154,1
A008078,dormant_cashback,108.89839144561327,73.89839144561327,1
A005136,dormant_cashback,59.90689399691516,24.90689399691516,1
A007399,dormant_cashback,45.26531771535614,10.26531771535614,1
A005485,dormant_cashback,171.33790430374594,136.33790430374594,1
A035688,dormant_cashback,56.17015198319211,21.170151983192113,1
A015819,dormant_cashback,56.27779105376197,21.277791053761973,1
A014470,dormant_cashback,492.86730054562867,457.86730054562867,1
A004196,dormant_cashback,71.87224733762447,36.87224733762447,1
A005402,dormant_cashback,48.26154292280009,13.26154292280009,1
A001971,dormant_cashback,401.70458388473463,366.70458388473463,1
A016938,dormant_cashback,317.174817841211,282.174817841211,1
A034351,dormant_cashback,307.2189336304073,272.2189336304073,1
A021154,dormant_cashback,90.51946951943138,55.51946951943138,1
A037838,dormant_cashback,119.33496971572112,84.33496971572112,1
A016813,dormant_cashback,42.13915446705648,7.139154467056478,1
A000155,dormant_cashback,233.85486337914153,198.85486337914153,1
A000497,dormant_cashback,48.43714769776364,13.437147697763642,1
A002271,dormant_cashback,40.08464743426283,5.084647434262827,1
A029497,dormant_cashback,131.59877995565128,96.59877995565128,1
A036163,dormant_cashback,89.47735849128335,54.477358491283354,1
A027302,dormant_cashback,110.8212290056925,75.8212290056925,1
A005365,dormant_cashback,116.64663470835197,81.64663470835197,1
A019964,dormant_cashback,35.10484758506459,0.10484758506459002,1
A003250,dormant_cashback,61.74033558020622,26.74033558020622,1
A029449,dormant_cashback,91.14310526895967,56.14310526895967,1
A011934,dormant_cashback,48.74818609415679,13.748186094156793,1
A012079,dormant_cashback,45.218258253567555,10.218258253567555,1
A034476,dormant_cashback,361.8614698774801,326.8614698774801,1
A012704,dormant_cashback,70.40298291880893,35.40298291880893,1
A036132,dormant_cashback,58.1259055802703,23.1259055802703,1
A039171,dormant_cashback,78.2724260570889,43.27242605708889,1
A016334,dormant_cashback,58.3656264344096,23.3656264344096,1
A037961,dormant_cashback,882.4415340077154,847.4415340077154,1
A022660,dormant_cashback,45.71267083736789,10.712670837367888,1
A012830,dormant_cashback,48.351989081530355,13.351989081530355,1
A030981,dormant_cashback,137.5061110512864,102.50611105128641,1
A034758,dormant_cashback,110.73228453889584,75.73228453889584,1
A001791,dormant_cashback,254.83482138225395,219.83482138225395,1
A016771,dormant_cashback,71.30894228760081,36.308942287600814,1
A036785,dormant_cashback,88.44441976831556,53.444419768315555,1
A022320,dormant_cashback,64.72800588963479,29.728005889634787,1
A030608,dormant_cashback,326.5468663907303,291.5468663907303,1
A017844,dormant_cashback,83.53263503452034,48.53263503452034,1
A031046,dormant_cashback,323.85449917028234,288.85449917028234,1
A008898,dormant_cashback,92.86945175834882,57.869451758348816,1
A009334,dormant_cashback,104.22273074926358,69.22273074926358,1
A020995,dormant_cashback,86.42844758802882,51.42844758802882,1
A035653,dormant_cashback,185.04713327970018,150.04713327970018,1
A024956,dormant_cashback,736.9150917610534,701.9150917610534,1
A022904,dormant_cashback,105.38189547687726,70.38189547687726,1
A005727,dormant_cashback,48.54091426385983,13.540914263859833,1
A020531,dormant_cashback,82.46953008373887,47.469530083738874,1
A017717,dormant_cashback,66.35971120552409,31.359711205524093,1
A038985,dormant_cashback,39.20271218189254,4.202712181892537,1
A000808,dormant_cashback,42.5345889869392,7.534588986939198,1
A016619,dormant_cashback,111.93203891980431,76.93203891980431,1
A000687,dormant_cashback,62.454210861264265,27.454210861264265,1
A033757,dormant_cashback,42.358282549455076,7.358282549455076,1
A025813,dormant_cashback,88.94197559379865,53.941975593798645,1
A002049,dormant_cashback,145.17099510477246,110.17099510477246,1
A018603,dormant_cashback,244.46573096420593,209.46573096420593,1
A007131,dormant_cashback,58.94402353017899,23.94402353017899,1
A001793,dormant_cashback,120.0713526397825,85.0713526397825,1
A005996,dormant_cashback,46.54502809869495,11.54502809869495,1
A018188,dormant_cashback,59.06808306246217,24.068083062462172,1
A005728,dormant_cashback,46.331216420120825,11.331216420120825,1
A017395,dormant_cashback,102.84864641238855,67.84864641238855,1
A025738,dormant_cashback,1283.8594975315596,1248.8594975315596,1
A032487,dormant_cashback,109.02777834913411,74.02777834913411,1
A036963,dormant_cashback,247.03960257601148,212.03960257601148,1
A008768,dormant_cashback,210.8064982499062,175.8064982499062,1
A022056,dormant_cashback,63.19351508883048,28.19351508883048,1
A026639,dormant_cashback,88.11930948669976,53.11930948669976,1
A015693,dormant_cashback,96.89115606201776,61.89115606201776,1
A021581,dormant_cashback,42.26007967972242,7.260079679722423,1
A002434,dormant_cashback,218.56311752551105,183.56311752551105,1
A009069,dormant_cashback,131.79862361955628,96.79862361955628,1
A021526,dormant_cashback,38.201623811255494,3.2016238112554944,1
A010995,dormant_cashback,100.29951702304126,65.29951702304126,1
A034666,dormant_cashback,75.89646293761153,40.89646293761153,1
A002860,dormant_cashback,66.38099517968296,31.380995179682955,1
A022044,dormant_cashback,207.3979404932031,172.3979404932031,1
A005209,dormant_cashback,47.19538372764126,12.195383727641257,1
A013032,dormant_cashback,161.28495277672025,126.28495277672025,1
A038197,dormant_cashback,70.34819335877197,35.348193358771965,1
A021630,dormant_cashback,497.1918796824335,462.1918796824335,1
A025784,dormant_cashback,45.165481515630354,10.165481515630354,1
A013066,dormant_cashback,97.88495813473452,62.88495813473452,1
A021762,dormant_cashback,47.779263595433434,12.779263595433434,1
A006504,dormant_cashback,132.14593395537383,97.14593395537383,1
A016099,dormant_cashback,159.21160845368243,124.21160845368243,1
A006367,dormant_cashback,321.4226349049683,286.4226349049683,1
A018901,dormant_cashback,39.34618742519022,4.346187425190223,1
A028895,dormant_cashback,356.2778391627371,321.2778391627371,1
A027332,dormant_cashback,123.54800149723042,88.54800149723042,1
A030041,dormant_cashback,155.5528893014171,120.55288930141711,1
A017124,dormant_cashback,171.91884562716066,136.91884562716066,1
A010424,dormant_cashback,53.628591887151096,18.628591887151096,1
A009670,dormant_cashback,41.36455732032603,6.364557320326028,1
A028891,dormant_cashback,91.76481907368894,56.76481907368894,1
A022782,dormant_cashback,145.63062398147923,110.63062398147923,1
A008268,dormant_cashback,61.309080437773005,26.309080437773005,1
A031719,dormant_cashback,341.55027710812874,306.55027710812874,1
A024241,dormant_cashback,85.68289509608684,50.68289509608684,1
A024344,dormant_cashback,37.07406994363175,2.0740699436317485,1
A019517,dormant_cashback,226.02700793246453,191.02700793246453,1
A033080,dormant_cashback,155.64245029773792,120.64245029773792,1
A033310,dormant_cashback,74.00223161692323,39.002231616923225,1
A026776,dormant_cashback,162.9667899752636,127.9667899752636,1
A029078,dormant_cashback,107.24805314271667,72.24805314271667,1
A005242,dormant_cashback,46.43085214703199,11.430852147031992,1
A001714,dormant_cashback,107.64675146142312,72.64675146142312,1
A002715,dormant_cashback,35.50118090158087,0.5011809015808666,1
A029993,dormant_cashback,55.869571790576586,20.869571790576586,1
A028291,dormant_cashback,153.05739399882808,118.05739399882808,1
A022270,dormant_cashback,96.81480370332254,61.81480370332254,1
A009233,dormant_cashback,73.24915368908562,38.24915368908562,1
A014267,dormant_cashback,42.17270192129077,7.172701921290773,1
A035203,dormant_cashback,89.25632043064878,54.256320430648785,1
A024360,dormant_cashback,50.166191321275136,15.166191321275136,1
A005403,dormant_cashback,67.34000285749717,32.34000285749717,1
A030146,dormant_cashback,365.28704993175916,330.28704993175916,1
A015527,dormant_cashback,132.9492688629805,97.94926886298049,1
A027130,dormant_cashback,68.92250527445864,33.92250527445864,1
A015224,dormant_cashback,510.5301988638873,475.5301988638873,1
A019250,dormant_cashback,83.66676420271727,48.666764202717275,1
A013038,dormant_cashback,114.30336243985468,79.30336243985468,1
A017706,dormant_cashback,85.75855210305517,50.758552103055166,1
A022520,dormant_cashback,48.66811810019724,13.66811810019724,1
A022225,dormant_cashback,305.0589898062309,270.0589898062309,1
A024742,dormant_cashback,265.82754596651245,230.82754596651245,1
A034211,dormant_cashback,114.04944228860232,79.04944228860232,1
A018540,dormant_cashback,137.7083880314201,102.7083880314201,1
A039984,dormant_cashback,415.51239698573244,380.51239698573244,1
A000141,dormant_cashback,130.20378241970516,95.20378241970516,1
A030325,dormant_cashback,95.4768819629466,60.47688196294661,1
A003810,dormant_cashback,54.94728670393554,19.94728670393554,1
A011743,dormant_cashback,47.655887106688915,12.655887106688915,1
A001331,dormant_cashback,197.27659583445393,162.27659583445393,1
A030696,dormant_cashback,104.5604177428954,69.5604177428954,1
A019385,dormant_cashback,52.257976144057096,17.257976144057096,1
A029398,dormant_cashback,49.67695914521144,14.676959145211441,1
A032647,dormant_cashback,40.48736291490361,5.487362914903613,1
A022509,dormant_cashback,354.17399484633887,319.17399484633887,1
A006604,dormant_cashback,37.83022924540494,2.8302292454049365,1
A028734,dormant_cashback,59.16569165966588,24.16569165966588,1
A018604,dormant_cashback,147.37573305171594,112.37573305171594,1
A019245,dormant_cashback,53.30745330509203,18.307453305092032,1
A013131,dormant_cashback,228.39452154183647,193.39452154183647,1
A016937,dormant_cashback,53.18765992012625,18.18765992012625,1
A020305,dormant_cashback,52.21169675652731,17.21169675652731,1
A004410,dormant_cashback,184.9524156108867,149.9524156108867,1
A012827,dormant_cashback,57.46186973329864,22.46186973329864,1
A019008,dormant_cashback,37.623835620336294,2.623835620336294,1
A025643,dormant_cashback,115.96487910376186,80.96487910376186,1
A034444,dormant_cashback,235.11780029362075,200.11780029362075,1
A007772,dormant_cashback,81.41179700212393,46.41179700212393,1
A037491,dormant_cashback,55.433893376003525,20.433893376003525,1
A018505,dormant_cashback,47.1195803145745,12.119580314574499,1
A019710,dormant_cashback,39.12070941694636,4.120709416946362,1
A025165,dormant_cashback,93.97726230832652,58.977262308326516,1
A005909,dormant_cashback,48.63915803267611,13.639158032676107,1
A020787,dormant_cashback,39.50914591748839,4.509145917488389,1
A016758,dormant_cashback,54.31646539382786,19.316465393827862,1
A017589,dormant_cashback,107.98857240284143,72.98857240284143,1
A004272,dormant_cashback,214.1674951095615,179.1674951095615,1
A016795,dormant_cashback,75.5836398127147,40.583639812714694,1
A009919,dormant_cashback,46.160208234837754,11.160208234837754,1
A019892,dormant_cashback,60.84088485955651,25.84088485955651,1
A038867,dormant_cashback,96.6206912434928,61.6206912434928,1
A029015,dormant_cashback,47.465246976724096,12.465246976724096,1
A014666,dormant_cashback,41.60418848979989,6.604188489799888,1
A028442,dormant_cashback,246.2835043179456,211.2835043179456,1
A021095,dormant_cashback,49.10694183444483,14.106941834444832,1
A013554,dormant_cashback,132.9238682233162,97.92386822331619,1
A026625,dormant_cashback,35.62715547437192,0.6271554743719179,1
A027104,dormant_cashback,200.48173008901009,165.48173008901009,1
A007940,dormant_cashback,72.88961971744581,37.88961971744581,1
A039411,dormant_cashback,51.20591239360768,16.205912393607683,1
A024991,dormant_cashback,627.4482753827966,592.4482753827966,1
A015800,dormant_cashback,300.32803241344925,265.32803241344925,1
A025061,dormant_cashback,102.43403456746012,67.43403456746012,1
A023230,dormant_cashback,175.7855377322973,140.7855377322973,1
A036440,dormant_cashback,174.70951966022795,139.70951966022795,1
A011787,dormant_cashback,47.868415382322105,12.868415382322105,1
A013070,dormant_cashback,37.87693940655365,2.876939406553653,1
A032082,dormant_cashback,130.25026096592558,95.25026096592558,1
A035743,dormant_cashback,63.810607490380185,28.810607490380185,1
A012738,dormant_cashback,88.07759123965455,53.07759123965455,1
A002236,dormant_cashback,46.106725434872004,11.106725434872004,1
A033946,dormant_cashback,45.48101397383366,10.481013973833662,1
A017526,dormant_cashback,106.63402414216065,71.63402414216065,1
A026010,dormant_cashback,40.53988157717285,5.539881577172849,1
A001298,dormant_cashback,215.56953270343993,180.56953270343993,1
A038133,dormant_cashback,37.231414524811484,2.231414524811484,1
A030231,dormant_cashback,59.027095593345436,24.027095593345436,1
A028612,dormant_cashback,96.33785167724636,61.33785167724636,1
A027725,dormant_cashback,74.55209536729231,39.55209536729231,1
A027094,dormant_cashback,85.30547330029256,50.30547330029256,1
A007642,dormant_cashback,45.352751027779185,10.352751027779185,1
A031750,dormant_cashback,52.49779491614776,17.49779491614776,1
A012868,dormant_cashback,467.02126751580624,432.02126751580624,1
A004149,dormant_cashback,108.64800998902514,73.64800998902514,1
A001150,dormant_cashback,36.71877003296464,1.7187700329646418,1
A013228,dormant_cashback,49.1166037644919,14.116603764491899,1
A005021,dormant_cashback,249.94218256410622,214.94218256410622,1
A026100,dormant_cashback,1744.5331905078037,1709.5331905078037,1
A018239,dormant_cashback,36.1924918196653,1.1924918196652996,1
A004417,dormant_cashback,88.68098296507185,53.68098296507185,1
A023430,dormant_cashback,78.57938669147543,43.579386691475435,1
A005161,dormant_cashback,38.547518711894085,3.547518711894085,1
A016351,dormant_cashback,260.5190467824812,225.5190467824812,1
A002935,dormant_cashback,63.08122427007466,28.081224270074657,1
A028273,dormant_cashback,77.03196234844543,42.03196234844543,1
A027438,dormant_cashback,126.23295425696894,91.23295425696894,1
A029612,dormant_cashback,77.17181914011178,42.17181914011178,1
A016423,dormant_cashback,53.23665904132536,18.23665904132536,1
A007584,dormant_cashback,44.35999214574028,9.359992145740279,1
A018562,dormant_cashback,37.72013772468533,2.7201377246853298,1
A011188,dormant_cashback,247.30647603107641,212.30647603107641,1
A016201,dormant_cashback,339.4431993668219,304.4431993668219,1
A034340,dormant_cashback,57.97326112881525,22.973261128815253,1
A033582,dormant_cashback,45.19840514116424,10.198405141164237,1
A012571,dormant_sms,2.7339570803035618,1.7339570803035618,1
A032578,dormant_sms,9.417147055887417,8.417147055887417,1
A021313,dormant_sms,11.519964009886811,10.519964009886811,1
A018784,dormant_sms,4.979451384510001,3.979451384510001,1
A032512,dormant_sms,7.708967512587566,6.708967512587566,1
A012537,dormant_sms,1.6972631053949623,0.6972631053949623,1
A000643,dormant_sms,3.205636474009161,2.205636474009161,1
A014389,dormant_sms,2.5274238111571403,1.5274238111571403,1
A017168,dormant_sms,2.4243683597380374,1.4243683597380374,1
A002078,dormant_sms,1.2765761393302657,0.2765761393302657,1
A023858,dormant_sms,7.3867229183450975,6.3867229183450975,1
A011488,dormant_sms,26.658136023527426,25.658136023527426,1
A009369,dormant_sms,6.429124595908402,5.429124595908402,1
A023207,dormant_sms,2.998490391299682,1.9984903912996819,1
A030855,dormant_sms,22.402933087722666,21.402933087722666,1
A000464,dormant_sms,52.005314455603724,51.005314455603724,1
A028690,dormant_sms,4.618005524825558,3.6180055248255583,1
A020309,dormant_sms,7.653938617744851,6.653938617744851,1
A006237,dormant_sms,16.48209772609743,15.482097726097429,1
A002752,dormant_sms,1.745946269888176,0.745946269888176,1
A011897,dormant_sms,5.809546274646187,4.809546274646187,1
A015143,dormant_sms,5.041012230493201,4.041012230493201,1
A017270,dormant_sms,8.158023363790575,7.158023363790575,1
A006203,dormant_sms,7.051448238234951,6.051448238234951,1
A037540,dormant_sms,8.289238195441996,7.289238195441996,1
A004699,dormant_sms,3.6951172030164243,2.6951172030164243,1
A036584,dormant_sms,54.857595297309935,53.857595297309935,1
A014597,dormant_sms,37.76450621717707,36.76450621717707,1
A020337,dormant_sms,4.110833672617208,3.1108336726172077,1
A023206,dormant_sms,10.651475026588958,9.651475026588958,1
A028420,dormant_sms,2.668313806362727,1.6683138063627272,1
A022173,dormant_sms,2.885201505860599,1.885201505860599,1
A035808,dormant_sms,9.619942382717706,8.619942382717706,1
A033995,dormant_sms,1.5428994397854234,0.5428994397854234,1
A010498,dormant_sms,15.556174851268919,14.556174851268919,1
A031268,dormant_sms,3.6019323783589443,2.6019323783589443,1
A001290,dormant_sms,6.749782658093354,5.749782658093354,1
A018729,dormant_sms,33.776941799880206,32.776941799880206,1
A033032,dormant_sms,8.305721659857026,7.305721659857026,1
A009008,dormant_sms,4.129995949683748,3.1299959496837477,1
A015548,dormant_sms,12.364797536525417,11.364797536525417,1
A008143,dormant_sms,34.80432384987529,33.80432384987529,1
A026943,dormant_sms,3.869143136347709,2.869143136347709,1
A003238,dormant_sms,12.640339349399804,11.640339349399804,1
A010717,dormant_sms,6.762593092287585,5.762593092287585,1
A028111,dormant_sms,22.291132154105927,21.291132154105927,1
A024774,dormant_sms,3.231527895800574,2.231527895800574,1
A037696,dormant_sms,5.626498581884503,4.626498581884503,1
A033387,dormant_sms,16.489640331207028,15.489640331207028,1
A036442,dormant_sms,4.878195686471732,3.8781956864717317,1
A009883,dormant_sms,7.789783790073143,6.789783790073143,1
A000755,dormant_sms,1.13220467591548,0.13220467591548002,1
A003182,dormant_sms,18.082597708311507,17.082597708311507,1
A007079,dormant_sms,11.561217777723694,10.561217777723694,1
A007906,dormant_sms,10.127228738094876,9.127228738094876,1
A024195,dormant_sms,4.221254355070967,3.2212543550709674,1
A025214,dormant_sms,8.719440454320512,7.719440454320512,1
A017457,dormant_sms,3.594596904494493,2.594596904494493,1
A035663,dormant_sms,7.455491246657937,6.455491246657937,1
A000125,dormant_sms,5.371393395256226,4.371393395256226,1
A004207,dormant_sms,3.5037642792354053,2.5037642792354053,1
A009573,dormant_sms,7.087453291987135,6.087453291987135,1
A034535,dormant_sms,13.918781358888094,12.918781358888094,1
A027185,dormant_sms,12.705233371248204,11.705233371248204,1
A002292,dormant_sms,2.839927920035926,1.839927920035926,1
A032823,dormant_sms,12.996266812021391,11.996266812021391,1
A032981,dormant_sms,3.0345557154242653,2.0345557154242653,1
A030243,dormant_sms,25.9226362843803,24.9226362843803,1
A026838,dormant_sms,32.39023256128643,31.39023256128643,1
A031137,dormant_sms,43.43649590995627,42.43649590995627,1
A002260,dormant_sms,18.510094455496585,17.510094455496585,1
A026346,dormant_sms,4.292034465097261,3.2920344650972613,1
A014059,dormant_sms,1.5738120253714443,0.5738120253714443,1
A009112,dormant_sms,3.798152636134391,2.798152636134391,1
A022130,dormant_sms,10.689263312081332,9.689263312081332,1
A030278,dormant_sms,5.8203731140022015,4.8203731140022015,1
A031463,dormant_sms,25.21702745721439,24.21702745721439,1
A011113,dormant_sms,9.646559184902609,8.646559184902609,1
A031336,dormant_sms,2.0671911504562774,1.0671911504562774,1
A003482,dormant_sms,8.304478512119392,7.304478512119392,1
A035197,dormant_sms,1.2911925267562392,0.2911925267562392,1
A032764,dormant_sms,3.465991353843029,2.465991353843029,1
A004790,dormant_sms,18.647869309776624,17.647869309776624,1
A021137,dormant_sms,19.98681345913684,18.98681345913684,1
A016649,dormant_sms,4.791327143664826,3.7913271436648257,1
A014472,dormant_sms,10.392663512744045,9.392663512744045,1
A024324,dormant_sms,4.316451705301049,3.3164517053010494,1
A018419,dormant_sms,2.9022001395382437,1.9022001395382437,1
A017694,dormant_sms,7.2160345213001476,6.2160345213001476,1
A029194,dormant_sms,12.901393559251149,11.901393559251149,1
A015790,dormant_sms,5.103742261322973,4.103742261322973,1
A012346,dormant_sms,16.43185259698854,15.431852596988541,1
A034973,dormant_sms,2.3294461739690773,1.3294461739690773,1
A038022,dormant_sms,2.9030643962137055,1.9030643962137055,1
A008434,dormant_sms,7.4131554645170885,6.4131554645170885,1
A039045,dormant_sms,1.35522463604626,0.3552246360462601,1
A008917,dormant_sms,21.673178579588278,20.673178579588278,1
A016183,dormant_sms,9.208202597226531,8.208202597226531,1
A009790,dormant_sms,10.115094525004633,9.115094525004633,1
A024546,dormant_sms,6.237334728347602,5.237334728347602,1
A026357,dormant_sms,1.166412932578164,0.16641293257816403,1
A016943,dormant_sms,10.450743151005339,9.450743151005339,1
A009662,dormant_sms,2.2894341684304624,1.2894341684304624,1
A025755,dormant_sms,6.131993617242925,5.131993617242925,1
A025208,dormant_sms,1.5365936050010707,0.5365936050010707,1
A025024,dormant_sms,30.936310803353088,29.936310803353088,1
A038880,dormant_sms,3.92830814850073,2.92830814850073,1
A018683,dormant_sms,6.893456702094962,5.893456702094962,1
A032460,dormant_sms,36.50720694323365,35.50720694323365,1
A005128,dormant_sms,13.250119480773881,12.250119480773881,1
A000169,dormant_sms,3.525471333183193,2.525471333183193,1
A012186,dormant_sms,2.8793638098510157,1.8793638098510157,1
A032384,dormant_sms,18.785478962561914,17.785478962561914,1
A003001,dormant_sms,12.29194930531637,11.29194930531637,1
A001214,dormant_sms,4.089908746786163,3.089908746786163,1
A013743,dormant_sms,6.1360482281731565,5.1360482281731565,1
A027396,dormant_sms,2.3447879958186824,1.3447879958186824,1
A008511,dormant_sms,3.4481540551077496,2.4481540551077496,1
A030718,dormant_sms,7.184582074560511,6.184582074560511,1
A034172,dormant_sms,3.9942657037401537,2.9942657037401537,1
A000193,dormant_sms,13.657223256419082,12.657223256419082,1
A036780,dormant_sms,3.422739252211396,2.422739252211396,1
A031060,dormant_sms,4.551752480009848,3.5517524800098483,1
A038655,dormant_sms,3.01130924940569,2.01130924940569,1
A027024,dormant_sms,12.321413601601524,11.321413601601524,1
A027443,dormant_sms,24.759208635305036,23.759208635305036,1
A020179,dormant_sms,5.593348999357567,4.593348999357567,1
A027933,dormant_sms,25.71812812680019,24.71812812680019,1
A011498,dormant_sms,45.615433648439826,44.615433648439826,1
A023561,dormant_sms,2.106620849619131,1.106620849619131,1
A031354,dormant_sms,1.6574000590142866,0.6574000590142866,1
A015427,dormant_sms,4.978582893608295,3.978582893608295,1
A020719,dormant_sms,14.826970742179187,13.826970742179187,1
A038174,dormant_sms,1.1951727965197303,0.1951727965197303,1
A029317,dormant_sms,5.520742211008341,4.520742211008341,1
A011602,dormant_sms,6.1259963844441225,5.1259963844441225,1
A024453,dormant_sms,6.274173639429878,5.274173639429878,1
A010925,dormant_sms,3.611228836171876,2.611228836171876,1
A026497,dormant_sms,41.36474882801052,40.36474882801052,1
A026763,dormant_sms,9.474287295159753,8.474287295159753,1
A016832,dormant_sms,3.6597345835715496,2.6597345835715496,1
A037557,dormant_sms,20.21992431224973,19.21992431224973,1
A037401,dormant_sms,7.1972422425408515,6.1972422425408515,1
A021852,dormant_sms,7.84556730425493,6.84556730425493,1
A007550,dormant_sms,3.9769138906872277,2.9769138906872277,1
A024477,dormant_sms,4.944760972263849,3.9447609722638486,1
A010869,dormant_sms,15.68088237601235,14.68088237601235,1
A022209,dormant_sms,7.156790862033582,6.156790862033582,1
A035598,dormant_sms,1.5224121270102258,0.5224121270102258,1
A000171,dormant_sms,2.2374042652537582,1.2374042652537582,1
A029523,dormant_sms,13.69847820071416,12.69847820071416,1
A033213,dormant_sms,2.0640389019921876,1.0640389019921876,1
A013510,dormant_sms,6.493142445755031,5.493142445755031,1
A015874,dormant_sms,3.424366541665058,2.424366541665058,1
A007268,dormant_sms,4.004419115347657,3.004419115347657,1
A007811,dormant_sms,6.335239443697697,5.335239443697697,1
A010282,dormant_sms,11.365437281336352,10.365437281336352,1
A001911,dormant_sms,5.908571891817884,4.908571891817884,1
A008875,dormant_sms,5.693225233234381,4.693225233234381,1
A025983,dormant_sms,54.70579993426406,53.70579993426406,1
A001664,dormant_sms,3.6607441295543204,2.6607441295543204,1
A014089,dormant_sms,32.48949098891662,31.48949098891662,1
A006696,dormant_sms,12.53015280404714,11.53015280404714,1
A004714,dormant_sms,1.035664617899828,0.03566461789982811,1
A039908,dormant_sms,12.258160104045063,11.258160104045063,1
A033248,dormant_sms,5.5851068180237595,4.5851068180237595,1
A005443,dormant_sms,2.3898313440968995,1.3898313440968995,1
A012756,dormant_sms,1.0082411120961925,0.008241112096192493,1
A016174,dormant_sms,11.208198380589915,10.208198380589915,1
A000508,dormant_sms,3.0526328240309786,2.0526328240309786,1
A026093,dormant_sms,5.935868520932212,4.935868520932212,1
A015855,dormant_sms,1.4887777825386166,0.4887777825386166,1
A016415,dormant_sms,4.015489735576933,3.0154897355769332,1
A010970,dormant_sms,15.61827369706847,14.61827369706847,1
A019177,dormant_sms,27.262926694945666,26.262926694945666,1
A022978,dormant_sms,2.1758402669585206,1.1758402669585206,1
A006599,dormant_sms,22.045056934503656,21.045056934503656,1
A020946,dormant_sms,11.93840258169872,10.93840258169872,1
A029166,dormant_sms,2.2233873599586538,1.2233873599586538,1
A037589,dormant_sms,22.974753634261493,21.974753634261493,1
A012104,dormant_sms,4.537207175056424,3.537207175056424,1
A006481,dormant_sms,5.671271639914712,4.671271639914712,1
A020512,dormant_sms,9.11100942915262,8.11100942915262,1
A019650,dormant_sms,3.611820337472007,2.611820337472007,1
A002805,dormant_sms,4.748096443369954,3.7480964433699544,1
A007469,dormant_sms,44.266776005710526,43.266776005710526,1
A027625,dormant_sms,1.1396527038122126,0.13965270381221262,1
A028706,dormant_sms,5.041120150974794,4.041120150974794,1
A019611,dormant_sms,5.1843607613483,4.1843607613483,1
A030035,dormant_sms,12.361304837507566,11.361304837507566,1
A014500,dormant_sms,1.9236764043814965,0.9236764043814965,1
A005249,dormant_sms,9.265388459402232,8.265388459402232,1
A026539,dormant_sms,5.957504499831195,4.957504499831195,1
A004728,dormant_sms,5.743941400179692,4.743941400179692,1
A036000,dormant_sms,6.929950308875139,5.929950308875139,1
A023916,dormant_sms,2.4295658478312188,1.4295658478312188,1
A028469,dormant_sms,2.365390020157672,1.365390020157672,1
A001962,dormant_sms,4.800601555399194,3.8006015553991936,1
A005424,dormant_sms,1.8053131819091153,0.8053131819091153,1
A016588,dormant_sms,14.384825682501779,13.384825682501779,1
A024939,dormant_sms,9.61856484950447,8.61856484950447,1
A010710,dormant_sms,8.874428040347716,7.874428040347716,1
A012520,dormant_sms,2.078109859902468,1.0781098599024679,1
A012552,dormant_sms,3.804632410124551,2.804632410124551,1
A037544,dormant_sms,1.1384380827967322,0.1384380827967322,1
A001739,dormant_sms,18.716839635241417,17.716839635241417,1
A031525,dormant_sms,3.4251829068636,2.4251829068636,1
A007658,dormant_sms,2.17752710494327,1.17752710494327,1
A035501,dormant_sms,11.032979991301882,10.032979991301882,1
A017585,dormant_sms,16.37273134024251,15.37273134024251,1
A003508,dormant_sms,5.8365997679297426,4.8365997679297426,1
A004354,dormant_sms,7.892871370369706,6.892871370369706,1
A009501,dormant_sms,4.364115415021885,3.3641154150218853,1
A008408,dormant_sms,16.308824115683425,15.308824115683425,1
A002955,dormant_sms,1.4019433978509117,0.4019433978509117,1
A020796,dormant_sms,6.3266377727776,5.3266377727776,1
A026278,dormant_sms,6.377056511169787,5.377056511169787,1
A027708,dormant_sms,9.733328045971728,8.733328045971728,1
A022881,dormant_sms,1.676577456712388,0.6765774567123879,1
A015313,dormant_sms,26.532430124459886,25.532430124459886,1
A005884,dormant_sms,3.950390913537832,2.950390913537832,1
A017023,dormant_sms,10.51086479172005,9.51086479172005,1
A018469,dormant_sms,6.013790919815105,5.013790919815105,1
A006625,dormant_sms,7.636774569427229,6.636774569427229,1
A014479,dormant_sms,6.970970472563345,5.970970472563345,1
A000597,dormant_sms,2.2449233267927284,1.2449233267927284,1
A010494,dormant_sms,2.7953670586655286,1.7953670586655286,1
A035744,dormant_sms,2.5269913496950265,1.5269913496950265,1
A006157,dormant_sms,3.4567589875089166,2.4567589875089166,1
A024434,dormant_sms,9.63329303363224,8.63329303363224,1
A038832,dormant_sms,31.278262646436684,30.278262646436684,1
A008227,dormant_sms,2.4738065802902356,1.4738065802902356,1
A013958,dormant_sms,3.6952139928570693,2.6952139928570693,1
A020541,dormant_sms,4.289271500709816,3.289271500709816,1
A003583,dormant_sms,8.243457826615284,7.243457826615284,1
A015179,dormant_sms,33.10730707416574,32.10730707416574,1
A028562,dormant_sms,56.299475130854795,55.299475130854795,1
A031765,dormant_sms,8.610616578655119,7.610616578655119,1
A002401,dormant_sms,9.290001899608539,8.290001899608539,1
A025958,dormant_sms,1.2817021169100224,0.28170211691002245,1
A006363,dormant_sms,7.484464517518758,6.484464517518758,1
A008382,dormant_sms,1.0423117394078303,0.042311739407830284,1
A024739,dormant_sms,5.167943252166522,4.167943252166522,1
A006469,dormant_sms,15.039892784622209,14.039892784622209,1
A036611,dormant_sms,15.820348752665431,14.820348752665431,1
A014271,dormant_sms,2.3285664910484374,1.3285664910484374,1
A019382,dormant_sms,3.6565903120170127,2.6565903120170127,1
A001922,dormant_sms,16.421720754316922,15.421720754316922,1
A031626,dormant_sms,7.490275506799357,6.490275506799357,1
A039479,dormant_sms,6.902435051249773,5.902435051249773,1
A025491,dormant_sms,18.044429255511734,17.044429255511734,1
A007697,dormant_sms,3.0218127624884494,2.0218127624884494,1
A028058,dormant_sms,2.9738231935356767,1.9738231935356767,1
A039053,dormant_sms,6.574632118485207,5.574632118485207,1
A039846,dormant_sms,4.479103269507255,3.479103269507255,1
A031943,dormant_sms,12.982363982682138,11.982363982682138,1
A008495,dormant_sms,10.161304877678601,9.161304877678601,1
A013061,dormant_sms,19.788723202575873,18.788723202575873,1
A034201,dormant_sms,1.1327665077897968,0.13276650778979682,1
A015613,dormant_sms,4.513449967172375,3.5134499671723747,1
A024885,dormant_sms,1.914487557097898,0.9144875570978981,1
A034481,dormant_sms,6.994123339158169,5.994123339158169,1
A028188,dormant_sms,4.472857753917438,3.472857753917438,1
A011718,dormant_sms,10.146109729838257,9.146109729838257,1
A001747,dormant_sms,2.6642156326283093,1.6642156326283093,1
A022388,dormant_sms,2.468053755018598,1.4680537550185981,1
A029313,dormant_sms,7.074530890704066,6.074530890704066,1
A034283,dormant_sms,7.690461410264872,6.690461410264872,1
A037839,dormant_sms,5.916094813293864,4.916094813293864,1
A021283,dormant_sms,13.069216471045076,12.069216471045076,1
A020436,dormant_sms,2.9674990129055656,1.9674990129055656,1
A010245,dormant_sms,5.282226533963635,4.282226533963635,1
A032389,dormant_sms,3.390886200099109,2.390886200099109,1
A037964,dormant_sms,1.3321695677062568,0.33216956770625683,1
A039197,dormant_sms,17.4936147801828,16.4936147801828,1
A014816,dormant_sms,40.10874173066695,39.10874173066695,1
A025725,dormant_sms,7.12007852189388,6.12007852189388,1
A034608,dormant_sms,18.867768750092516,17.867768750092516,1
A018484,dormant_sms,15.258609993817526,14.258609993817526,1
A017375,dormant_sms,5.1909616850737335,4.1909616850737335,1
A022001,dormant_sms,25.94742673274775,24.94742673274775,1
A038531,dormant_sms,11.803143762879488,10.803143762879488,1
A011386,dormant_sms,5.589322396589148,4.589322396589148,1
A013998,dormant_sms,5.096407981455205,4.096407981455205,1
A014210,dormant_sms,15.700122039234337,14.700122039234337,1
A020376,dormant_sms,31.331809781733,30.331809781733,1
A033723,dormant_sms,27.200692963682084,26.200692963682084,1
A007696,dormant_sms,17.808160100300945,16.808160100300945,1
A023191,dormant_sms,7.300923683930611,6.300923683930611,1
A019755,dormant_sms,6.415236190375345,5.415236190375345,1
A024962,dormant_sms,1.7522090976384845,0.7522090976384845,1
A034570,dormant_sms,27.11413079310141,26.11413079310141,1
A032191,dormant_sms,8.25436703333636,7.25436703333636,1
A036002,dormant_sms,3.0369811772118007,2.0369811772118007,1
A009037,dormant_sms,2.7986335952842736,1.7986335952842736,1
A021354,dormant_sms,5.260265595094792,4.260265595094792,1
A029911,dormant_sms,6.194381172096206,5.194381172096206,1
A028189,dormant_sms,8.867897124289085,7.867897124289085,1
A019999,dormant_sms,7.438947252966052,6.438947252966052,1
A003341,dormant_sms,3.100005849050932,2.100005849050932,1
A002449,dormant_sms,7.561642758525552,6.561642758525552,1
A019866,dormant_sms,16.227465293891214,15.227465293891214,1
A032284,dormant_sms,7.7143904954800435,6.7143904954800435,1
A033431,dormant_sms,12.91924819911266,11.91924819911266,1
A033890,dormant_sms,5.940327619220886,4.940327619220886,1
A031593,dormant_sms,10.881975678118524,9.881975678118524,1
A007992,dormant_sms,3.318854563653656,2.318854563653656,1
A028233,dormant_sms,9.231329658618066,8.231329658618066,1
A032761,dormant_sms,3.2368322856987133,2.2368322856987133,1
A035147,dormant_sms,1.8999842785471843,0.8999842785471843,1
A009882,dormant_sms,7.026065310037338,6.026065310037338,1
A032433,dormant_sms,3.53878793481067,2.53878793481067,1
A026110,dormant_sms,54.12718671223812,53.12718671223812,1
A020784,dormant_sms,5.273753021148712,4.273753021148712,1
A022230,dormant_sms,22.946829231346868,21.946829231346868,1
A007279,dormant_sms,1.040242710220906,0.040242710220905975,1
A003143,dormant_sms,18.03774912205105,17.03774912205105,1
A019814,dormant_sms,20.783357032446467,19.783357032446467,1
A020168,dormant_sms,15.09967315291193,14.09967315291193,1
A013944,dormant_sms,22.565237268231698,21.565237268231698,1
A008084,dormant_sms,2.0842146374392443,1.0842146374392443,1
A001562,dormant_sms,1.755107846986168,0.7551078469861681,1
A011767,dormant_sms,23.902191012264673,22.902191012264673,1
A032886,dormant_sms,1.7252496277570766,0.7252496277570766,1
A007292,dormant_sms,4.3176372100124825,3.3176372100124825,1
A018429,dormant_sms,7.1632512668801205,6.1632512668801205,1
A036291,dormant_sms,35.86565523997814,34.86565523997814,1
A022375,dormant_sms,5.9926298844797214,4.9926298844797214,1
A023342,dormant_sms,10.675472829514993,9.675472829514993,1
A020176,dormant_sms,21.72506903013657,20.72506903013657,1
A028161,dormant_sms,8.855176937300875,7.855176937300875,1
A010285,dormant_sms,12.540822465343798,11.540822465343798,1
A013189,dormant_sms,11.988623486491623,10.988623486491623,1
A027885,dormant_sms,2.350898652750516,1.3508986527505158,1
A020333,dormant_sms,11.35254552948395,10.35254552948395,1
A022499,dormant_sms,5.312109568442236,4.312109568442236,1
A038909,dormant_sms,14.989088779536232,13.989088779536232,1
A007667,dormant_sms,18.079400098233567,17.079400098233567,1
A026306,dormant_sms,11.46571574474336,10.46571574474336,1
A034328,dormant_sms,7.210409924413157,6.210409924413157,1
A005013,dormant_sms,4.512863837922855,3.512863837922855,1
A032018,dormant_sms,5.765122966899391,4.765122966899391,1
A010388,dormant_sms,20.985474354606446,19.985474354606446,1
A033166,dormant_sms,6.068153593428077,5.068153593428077,1
A010728,dormant_sms,2.493925806566401,1.4939258065664012,1
A011030,dormant_sms,11.378503787092514,10.378503787092514,1
A025389,dormant_sms,10.044427265094521,9.044427265094521,1
A016914,dormant_sms,4.122107029715701,3.1221070297157008,1
A004127,dormant_sms,16.44126815901707,15.44126815901707,1
A011892,dormant_sms,16.36269721363614,15.362697213636139,1
A011207,dormant_sms,24.604791727415694,23.604791727415694,1
A005779,dormant_sms,6.051397398225695,5.051397398225695,1
A033497,dormant_sms,16.71593705235016,15.71593705235016,1
A024425,dormant_sms,3.3059383682836834,2.3059383682836834,1
A005247,dormant_sms,8.984323649317936,7.984323649317936,1
A025475,dormant_sms,3.2647550245619983,2.2647550245619983,1
A025938,dormant_sms,30.13930537321634,29.13930537321634,1
A009752,dormant_sms,2.6542725702093795,1.6542725702093795,1
A012955,dormant_sms,1.4712981788316124,0.4712981788316124,1
A039318,dormant_sms,5.998791335065004,4.998791335065004,1
A029229,dormant_sms,7.755461649416337,6.755461649416337,1
A011903,dormant_sms,23.644832590277534,22.644832590277534,1
A033203,dormant_sms,22.84754463151303,21.84754463151303,1
A024157,dormant_sms,2.909319670121458,1.9093196701214579,1
A023469,dormant_sms,1.5316131563325146,0.5316131563325146,1
A001135,dormant_sms,3.8864086999394334,2.8864086999394334,1
A008351,dormant_sms,1.0077389006701547,0.0077389006701547025,1
A020789,dormant_sms,11.469208322192808,10.469208322192808,1
A000921,dormant_sms,1.1886509863560086,0.18865098635600863,1
A030887,dormant_sms,3.159297170122519,2.159297170122519,1
A006613,dormant_sms,2.5818770603198935,1.5818770603198935,1
A027890,dormant_sms,3.2745779214904807,2.2745779214904807,1
A016476,dormant_sms,37.906763266444386,36.906763266444386,1
A037765,dormant_sms,2.466859317915343,1.4668593179153429,1
A024368,dormant_sms,6.9093664907945005,5.9093664907945005,1
A017070,dormant_sms,4.284500275866144,3.2845002758661437,1
A021168,dormant_sms,3.5787403412462395,2.5787403412462395,1
A020975,dormant_sms,5.78781501378661,4.78781501378661,1
A001087,dormant_sms,2.2064148284977008,1.2064148284977008,1
A031274,dormant_sms,2.9660408820147177,1.9660408820147177,1
A020640,dormant_sms,7.2303679565999035,6.2303679565999035,1
A024715,dormant_sms,4.750322092119482,3.7503220921194824,1
A030534,dormant_sms,2.7730162355822987,1.7730162355822987,1
A026549,dormant_sms,3.6513623808533953,2.6513623808533953,1
A016063,dormant_sms,23.425378235123535,22.425378235123535,1
A027409,dormant_sms,2.5378511759054563,1.5378511759054563,1
A025822,dormant_sms,13.025575250045826,12.025575250045826,1
A006937,dormant_sms,1.8876742995955729,0.8876742995955729,1
A017441,dormant_sms,4.247976330274907,3.2479763302749074,1
A009275,dormant_sms,2.8166477398368714,1.8166477398368714,1
A001837,dormant_sms,7.081082289327792,6.081082289327792,1
A002983,dormant_sms,3.181550706533883,2.181550706533883,1
A023287,dormant_sms,6.893446822484786,5.893446822484786,1
A010444,dormant_sms,34.40677045125226,33.40677045125226,1
A028427,dormant_sms,4.137260238418378,3.137260238418378,1
A021117,dormant_sms,3.8270646332117053,2.8270646332117053,1
A024935,dormant_sms,17.588294528529776,16.588294528529776,1
A011816,dormant_sms,3.9705578491823603,2.9705578491823603,1
A017255,dormant_sms,2.2770510192830913,1.2770510192830913,1
A033573,dormant_sms,1.649700575695105,0.6497005756951051,1
A001854,dormant_sms,1.670385092440343,0.670385092440343,1
A006451,dormant_sms,11.074756470914771,10.074756470914771,1
A001728,dormant_sms,2.903901744847981,1.903901744847981,1
A009562,dormant_sms,2.679698018118221,1.6796980181182208,1
A025565,dormant_sms,7.803805095355629,6.803805095355629,1
A000777,dormant_sms,51.27698837009561,50.27698837009561,1
A023283,dormant_sms,3.2834519064126537,2.2834519064126537,1
A030688,dormant_sms,1.9921147314721617,0.9921147314721617,1
A035024,dormant_sms,5.102170395754806,4.102170395754806,1
A036298,dormant_sms,12.043008900416782,11.043008900416782,1
A021949,dormant_sms,6.651846995366771,5.651846995366771,1
A038331,dormant_sms,2.72241540174331,1.72241540174331,1
A008414,dormant_sms,1.150738934232037,0.1507389342320371,1
A031688,dormant_sms,4.695131245323216,3.695131245323216,1
A026875,dormant_sms,6.41932705274893,5.41932705274893,1
A033892,dormant_sms,23.119980655412288,22.119980655412288,1
A018207,dormant_sms,6.6458770414606345,5.6458770414606345,1
A032580,dormant_sms,6.7133014001499385,5.7133014001499385,1
A008787,dormant_sms,2.838122006829346,1.8381220068293458,1
A016510,dormant_sms,10.189859570971501,9.189859570971501,1
A012558,dormant_sms,14.177651262668427,13.177651262668427,1
A039668,dormant_sms,9.303131123046855,8.303131123046855,1
A016250,dormant_sms,16.19025914210001,15.190259142100011,1
A023593,dormant_sms,2.1940143271220554,1.1940143271220554,1
A034099,dormant_sms,5.161849800546981,4.161849800546981,1
A000185,dormant_sms,2.2901555859716036,1.2901555859716036,1
A001429,dormant_sms,11.899465593937713,10.899465593937713,1
A039253,dormant_sms,11.295831065430091,10.295831065430091,1
A004526,dormant_sms,10.951018452289246,9.951018452289246,1
A039763,dormant_sms,4.065693246055969,3.065693246055969,1
A010590,dormant_sms,9.282115042271272,8.282115042271272,1
A019590,dormant_sms,14.85804224138673,13.85804224138673,1
A017484,dormant_sms,18.127116643117603,17.127116643117603,1
A019714,dormant_sms,6.02423749868479,5.02423749868479,1
A006321,dormant_sms,21.803350476437867,20.803350476437867,1
A028931,dormant_sms,3.872021748388982,2.872021748388982,1
A034938,dormant_sms,6.919606830572067,5.919606830572067,1
A019410,dormant_sms,17.923045384601398,16.923045384601398,1
A030212,dormant_sms,5.0362323148245265,4.0362323148245265,1
A005529,dormant_sms,2.9554382256856453,1.9554382256856453,1
A021695,dormant_sms,4.191387839150245,3.191387839150245,1
A004557,dormant_sms,3.6088015028441753,2.6088015028441753,1
A007610,dormant_sms,3.0288754861966694,2.0288754861966694,1
A021705,dormant_sms,16.02608791205372,15.026087912053718,1
A035941,dormant_sms,2.8129978971733696,1.8129978971733696,1
A009914,dormant_sms,2.908714990687846,1.9087149906878458,1
A002741,dormant_sms,5.719454560860241,4.719454560860241,1
A034129,dormant_sms,1.9841415395093667,0.9841415395093667,1
A028953,dormant_sms,2.343480140956951,1.343480140956951,1
A025260,dormant_sms,14.150899956980023,13.150899956980023,1
A003684,dormant_sms,2.731836275765148,1.731836275765148,1
A026585,dormant_sms,4.080878366125371,3.080878366125371,1
A022747,dormant_sms,9.83439963705524,8.83439963705524,1
A038906,dormant_sms,1.5187320177984986,0.5187320177984986,1
A012464,dormant_sms,4.323057516284717,3.3230575162847167,1
A005410,dormant_sms,3.018583262091254,2.018583262091254,1
A022967,dormant_sms,9.245452059192761,8.245452059192761,1
A031472,dormant_sms,17.649661354677527,16.649661354677527,1
A026588,dormant_sms,9.47546918757895,8.47546918757895,1
A031547,dormant_sms,16.090768740978195,15.090768740978195,1
A008640,dormant_sms,5.9586178490667026,4.9586178490667026,1
A022045,dormant_sms,12.65991655980854,11.65991655980854,1
A007396,dormant_sms,6.377998134292598,5.377998134292598,1
A034609,dormant_sms,6.583316246765524,5.583316246765524,1
A025516,dormant_sms,11.576652463821612,10.576652463821612,1
A011823,dormant_sms,9.81810184531016,8.81810184531016,1
A024372,dormant_sms,6.614777410526665,5.614777410526665,1
A030245,dormant_sms,2.322638155827037,1.322638155827037,1
A024992,dormant_sms,4.056696995812691,3.0566969958126906,1
A001461,dormant_sms,1.7272378590915416,0.7272378590915416,1
A000029,dormant_sms,14.043652137884342,13.043652137884342,1
A029717,dormant_sms,12.22182379446906,11.22182379446906,1
A033999,dormant_sms,25.18888537071253,24.18888537071253,1
A030971,dormant_sms,1.7523831193584922,0.7523831193584922,1
A010102,dormant_sms,11.244995204647008,10.244995204647008,1
A037717,dormant_sms,2.705240014869114,1.7052400148691138,1
A020981,dormant_sms,63.37378763090423,62.37378763090423,1
A039460,dormant_sms,10.136421104603295,9.136421104603295,1
A004547,dormant_sms,5.0550800594930205,4.0550800594930205,1
A015617,dormant_sms,21.204734817827667,20.204734817827667,1
A028545,dormant_sms,1.1976102176067789,0.19761021760677888,1
A016223,dormant_sms,1.8924161176131207,0.8924161176131207,1
A023484,dormant_sms,19.469582354384684,18.469582354384684,1
A014660,dormant_sms,16.39064141465133,15.39064141465133,1
A005348,dormant_sms,5.921540075770411,4.921540075770411,1
A018542,dormant_sms,78.56502997757816,77.56502997757816,1
A014833,dormant_sms,6.797709480996107,5.797709480996107,1
A028577,dormant_sms,14.152966667022019,13.152966667022019,1
A022938,dormant_sms,55.142861875807746,54.142861875807746,1
A017366,dormant_sms,7.661834946152829,6.661834946152829,1
A038362,dormant_sms,9.294485707830567,8.294485707830567,1
A028151,dormant_sms,2.3492859832504513,1.3492859832504513,1
A008579,dormant_sms,16.343208479209263,15.343208479209263,1
A015369,dormant_sms,6.288114997907641,5.288114997907641,1
A018575,dormant_sms,3.789065634628929,2.789065634628929,1
A021725,dormant_sms,51.258666719874846,50.258666719874846,1
A020354,dormant_sms,17.577970161587462,16.577970161587462,1
A035704,dormant_sms,26.735950092798397,25.735950092798397,1
A011422,dormant_sms,5.164230640607837,4.164230640607837,1
A018913,dormant_sms,3.384782982915382,2.384782982915382,1
A013506,dormant_sms,4.0094864582554175,3.0094864582554175,1
A007141,dormant_sms,1.7929821062324598,0.7929821062324598,1
A018781,dormant_sms,18.60607132626837,17.60607132626837,1
A005487,dormant_sms,2.7857762509188104,1.7857762509188104,1
A033570,dormant_sms,5.862419127293963,4.862419127293963,1
A014573,dormant_sms,1.5986113766628605,0.5986113766628605,1
A009481,dormant_sms,10.131399226256248,9.131399226256248,1
A003041,dormant_sms,11.456259697731268,10.456259697731268,1
A039345,dormant_sms,10.717737575056367,9.717737575056367,1
A015217,dormant_sms,4.271512404094911,3.271512404094911,1
A015310,dormant_sms,19.772156743036632,18.772156743036632,1
A020701,dormant_sms,6.289331837174611,5.289331837174611,1
A000309,dormant_sms,1.639857399390246,0.6398573993902461,1
A011761,dormant_sms,2.447021516319702,1.447021516319702,1
A038534,dormant_sms,1.7643488024776492,0.7643488024776492,1
A028197,dormant_sms,5.79660299479514,4.79660299479514,1
A002311,dormant_sms,7.93378659509145,6.93378659509145,1
A030334,dormant_sms,12.40491745659612,11.40491745659612,1
A026384,dormant_sms,6.816005062005629,5.816005062005629,1
A019488,dormant_sms,4.233237644727901,3.233237644727901,1
A032022,dormant_sms,11.35226224941333,10.35226224941333,1
A007749,dormant_sms,17.950749770391774,16.950749770391774,1
A009093,dormant_sms,2.1681367094839628,1.1681367094839628,1
A031488,dormant_sms,3.9580167276099156,2.9580167276099156,1
A016288,dormant_sms,52.35916721293248,51.35916721293248,1
A038552,dormant_sms,32.722951355201516,31.722951355201516,1
A000226,dormant_sms,17.475401950441945,16.475401950441945,1
A021636,dormant_sms,13.326993863733938,12.326993863733938,1
A036104,dormant_sms,2.2887331124996453,1.2887331124996453,1
A021677,dormant_sms,2.317889861092341,1.317889861092341,1
A003606,dormant_sms,4.019409263180939,3.019409263180939,1
A020190,dormant_sms,3.5005852814417766,2.5005852814417766,1
A029668,dormant_sms,1.8788193010058094,0.8788193010058094,1
A028847,dormant_sms,3.6842690059920766,2.6842690059920766,1
A006968,dormant_sms,8.902940943500385,7.902940943500385,1
A004189,dormant_sms,1.999152168603407,0.999152168603407,1
A001549,dormant_sms,6.047553602368785,5.047553602368785,1
A020751,dormant_sms,24.847592116182557,23.847592116182557,1
A038990,dormant_sms,1.4040297948580158,0.4040297948580158,1
A020000,dormant_sms,2.8980827324893212,1.8980827324893212,1
A004199,dormant_sms,2.5217052929729444,1.5217052929729444,1
A019209,dormant_sms,21.260255724620674,20.260255724620674,1
A038310,dormant_sms,14.991290602849322,13.991290602849322,1
A027324,dormant_sms,1.0774161826957067,0.07741618269570671,1
A007251,dormant_sms,7.033143025193465,6.033143025193465,1
A012101,dormant_sms,15.364825958764804,14.364825958764804,1
A030470,dormant_sms,29.702854156403166,28.702854156403166,1
A019273,dormant_sms,18.32006338215929,17.32006338215929,1
A002156,dormant_sms,23.288744006511894,22.288744006511894,1
A004905,dormant_sms,3.552643090720305,2.552643090720305,1
A009002,dormant_sms,16.967427591700197,15.967427591700197,1
A027401,dormant_sms,8.549248840543479,7.549248840543479,1
A005608,dormant_sms,2.893721434197114,1.893721434197114,1
A011815,dormant_sms,3.1384725712095407,2.1384725712095407,1
A029107,dormant_sms,2.233427935023487,1.233427935023487,1
A002882,dormant_sms,5.9584409108411425,4.9584409108411425,1
A004302,dormant_sms,16.760905469416613,15.760905469416613,1
A037195,dormant_sms,4.272845799818597,3.2728457998185974,1
A018602,dormant_sms,1.2524295010491238,0.25242950104912376,1
A039351,dormant_sms,1.2718736797450296,0.27187367974502963,1
A007703,dormant_sms,17.50776214185161,16.50776214185161,1
A008500,dormant_sms,4.046825884930126,3.0468258849301257,1
A028034,dormant_sms,2.549520055792451,1.549520055792451,1
A032536,dormant_sms,2.573605895344898,1.573605895344898,1
A018023,dormant_sms,4.164430485834009,3.164430485834009,1
A015540,dormant_sms,2.965529465992133,1.965529465992133,1
A038084,dormant_sms,38.44804661726172,37.44804661726172,1
A016493,dormant_sms,1.7640312847513018,0.7640312847513018,1
A025911,dormant_sms,1.5067658074025967,0.5067658074025967,1
A029477,dormant_sms,3.5417942294393123,2.5417942294393123,1
A011318,dormant_sms,3.6305539795689383,2.6305539795689383,1
A011965,dormant_sms,9.171260887989387,8.171260887989387,1
A022572,dormant_sms,8.83561196024896,7.83561196024896,1
A010386,dormant_sms,2.4113041995661897,1.4113041995661897,1
A014617,dormant_sms,1.2157464185769682,0.2157464185769682,1
A038294,dormant_sms,3.1321683187943234,2.1321683187943234,1
A005905,dormant_sms,9.220158513592185,8.220158513592185,1
A001006,dormant_sms,3.916089175788737,2.916089175788737,1
A039189,dormant_sms,7.535687554840331,6.535687554840331,1
A005078,dormant_sms,1.9990348407481664,0.9990348407481664,1
A004754,dormant_sms,1.6028262175830923,0.6028262175830923,1
A034461,dormant_sms,5.188697626988518,4.188697626988518,1
A006209,dormant_sms,2.6243829758641946,1.6243829758641946,1
A006019,dormant_sms,62.587888705924335,61.587888705924335,1
A039636,dormant_sms,5.833396056342297,4.833396056342297,1
A039182,dormant_sms,14.155239454782679,13.155239454782679,1
A003117,dormant_sms,14.013260086703935,13.013260086703935,1
A022696,dormant_sms,39.68727843147934,38.68727843147934,1
A009357,dormant_sms,11.136612001840831,10.136612001840831,1
A015534,dormant_sms,3.9304486442465594,2.9304486442465594,1
A025305,dormant_sms,2.402549478117164,1.4025494781171641,1
A017069,dormant_sms,20.834362613171628,19.834362613171628,1
A003259,dormant_sms,2.810194569025121,1.8101945690251209,1
A037532,dormant_sms,4.032006311363844,3.032006311363844,1
A005594,dormant_sms,3.3200563613485814,2.3200563613485814,1
A033434,dormant_sms,2.5645892919122666,1.5645892919122666,1
A027851,dormant_sms,8.183353840722758,7.1833538407227575,1
A034558,dormant_sms,24.842977122284985,23.842977122284985,1
A033760,dormant_sms,9.710459211742823,8.710459211742823,1
A020049,dormant_sms,48.80082302371977,47.80082302371977,1
A025705,dormant_sms,12.581070795692263,11.581070795692263,1
A010118,dormant_sms,10.73859580961636,9.73859580961636,1
A002202,dormant_sms,1.742256715587963,0.7422567155879629,1
A016594,dormant_sms,8.192996158010645,7.192996158010645,1
A005017,dormant_sms,2.3366857664775695,1.3366857664775695,1
A014943,dormant_sms,5.008706548065419,4.008706548065419,1
A022110,dormant_sms,2.990871299549521,1.990871299549521,1
A001323,dormant_sms,1.168344263900738,0.16834426390073798,1
A022430,dormant_sms,13.57328152293724,12.57328152293724,1
A022721,dormant_sms,5.6006568862174095,4.6006568862174095,1
A035479,dormant_sms,53.02827210661589,52.02827210661589,1
A013938,dormant_sms,2.883699733187204,1.8836997331872039,1
A010206,dormant_sms,3.3312728713221333,2.3312728713221333,1
A022185,dormant_sms,21.943857824840013,20.943857824840013,1
A001364,dormant_sms,11.161105830167148,10.161105830167148,1
A033197,dormant_sms,15.501522360423783,14.501522360423783,1
A008572,dormant_sms,4.617375630850687,3.6173756308506873,1
A021112,dormant_sms,9.68426907215056,8.68426907215056,1
A026896,dormant_sms,14.578630521690227,13.578630521690227,1
A008378,dormant_sms,3.293545545850751,2.293545545850751,1
A006402,dormant_sms,4.6318465465052245,3.6318465465052245,1
A024192,dormant_sms,5.982904391496948,4.982904391496948,1
A003533,dormant_sms,2.767383423912708,1.7673834239127082,1
A009324,dormant_sms,9.508776051109772,8.508776051109772,1
A027008,dormant_sms,4.161784310282524,3.161784310282524,1
A022132,dormant_sms,5.489705445285554,4.489705445285554,1
A016838,dormant_sms,2.2423174400266124,1.2423174400266124,1
A037242,dormant_sms,3.303507982964035,2.303507982964035,1
A036959,dormant_sms,3.377076552955766,2.377076552955766,1
A036736,dormant_sms,4.313153932243966,3.3131539322439663,1
A030920,dormant_sms,7.706938886547283,6.706938886547283,1
A028114,dormant_sms,5.243529346373275,4.243529346373275,1
A038953,dormant_sms,5.057299031725389,4.057299031725389,1
A035188,dormant_sms,2.7483687851673704,1.7483687851673704,1
A026820,dormant_sms,10.200136863401388,9.200136863401388,1
A026807,dormant_sms,6.009234688094595,5.009234688094595,1
A019387,dormant_sms,4.421203935566951,3.4212039355669512,1
A008893,dormant_sms,3.959263944559989,2.959263944559989,1
A020501,dormant_sms,5.089123069971371,4.089123069971371,1
A024584,dormant_sms,4.196129590553776,3.1961295905537757,1
A013904,dormant_sms,26.845733646088796,25.845733646088796,1
A036345,dormant_sms,5.163620017754556,4.163620017754556,1
A017738,dormant_sms,2.150868374487453,1.150868374487453,1
A006222,dormant_sms,25.06130064445203,24.06130064445203,1
A002325,dormant_sms,6.175783161941057,5.175783161941057,1
A024149,dormant_sms,6.334265799228153,5.334265799228153,1
A000298,dormant_sms,10.091591929119565,9.091591929119565,1
A030992,dormant_sms,24.52877801554741,23.52877801554741,1
A032941,dormant_sms,5.845571161816462,4.845571161816462,1
A005719,dormant_sms,16.540475555142063,15.540475555142063,1
A001944,dormant_sms,23.632223003551573,22.632223003551573,1
A003666,dormant_sms,11.647219994015472,10.647219994015472,1
A026092,dormant_sms,3.29776155556372,2.29776155556372,1
A019868,dormant_sms,1.7458627278258316,0.7458627278258316,1
A023701,dormant_sms,3.7344864000319276,2.7344864000319276,1
A005101,dormant_sms,27.673773820734045,26.673773820734045,1
A022254,dormant_sms,10.657246997268981,9.657246997268981,1
A039164,dormant_sms,9.908620065910979,8.908620065910979,1
A012932,dormant_sms,11.432563699443799,10.432563699443799,1
A039232,dormant_sms,2.176385803233082,1.176385803233082,1
A017923,dormant_sms,1.9922027402643547,0.9922027402643547,1
A038532,dormant_sms,11.906947072739126,10.906947072739126,1
A014383,dormant_sms,4.776825452333349,3.776825452333349,1
A016133,dormant_sms,4.79447742429552,3.79447742429552,1
A038146,dormant_sms,1.3433085256768114,0.34330852567681136,1
A015498,dormant_sms,16.03632541444188,15.03632541444188,1
A003074,dormant_sms,8.507475740884455,7.5074757408844555,1
A034769,dormant_sms,11.701435671621367,10.701435671621367,1
A012058,dormant_sms,1.059841498093926,0.059841498093925916,1
A005988,dormant_sms,6.746007129373043,5.746007129373043,1
A017940,dormant_sms,4.18722201227628,3.1872220122762798,1
A003578,dormant_sms,6.267761675073422,5.267761675073422,1
A032752,dormant_sms,8.302734304736614,7.302734304736614,1
A017822,dormant_sms,12.481325019113985,11.481325019113985,1
A024961,dormant_sms,6.453761908291254,5.453761908291254,1
A004299,dormant_sms,2.7751699760543147,1.7751699760543147,1
A026014,dormant_sms,5.872512030630624,4.872512030630624,1
A010490,dormant_sms,3.3059620370204468,2.3059620370204468,1
A002691,dormant_sms,5.532159979256166,4.532159979256166,1
A012375,dormant_sms,4.322977743056062,3.322977743056062,1
A035806,dormant_sms,6.226926166242055,5.226926166242055,1
A011098,dormant_sms,1.9300419280416055,0.9300419280416055,1
A039254,dormant_sms,22.052140065734978,21.052140065734978,1
A001476,dormant_sms,1.5379382236525068,0.5379382236525068,1
A022735,dormant_sms,3.053197748017573,2.053197748017573,1
A022336,dormant_sms,3.0624487378034315,2.0624487378034315,1
A038029,dormant_sms,7.563452678209119,6.563452678209119,1
A005631,dormant_sms,16.84591106244319,15.84591106244319,1
A021892,dormant_sms,35.37001793491808,34.37001793491808,1
A014721,dormant_sms,37.083327862112334,36.083327862112334,1
A018988,dormant_sms,2.90240625390212,1.9024062539021198,1
A015376,dormant_sms,10.353117947093022,9.353117947093022,1
A039055,dormant_sms,3.2914907880657838,2.2914907880657838,1
A006221,dormant_sms,2.3417286352666347,1.3417286352666347,1
A014878,dormant_sms,2.6111772369748856,1.6111772369748856,1
A008213,dormant_sms,47.19957889738236,46.19957889738236,1
A012913,dormant_sms,10.28852074670831,9.28852074670831,1
A019483,dormant_sms,19.202148668604103,18.202148668604103,1
A039544,dormant_sms,10.836343958759057,9.836343958759057,1
A023094,dormant_sms,39.41098940615626,38.41098940615626,1
A017920,dormant_sms,9.59203839095369,8.59203839095369,1
A019572,dormant_sms,12.144826752832806,11.144826752832806,1
A036438,dormant_sms,3.5557267779204014,2.5557267779204014,1
A027661,dormant_sms,15.22994676684411,14.22994676684411,1
A005983,dormant_sms,2.9559294933896902,1.9559294933896902,1
A021100,dormant_sms,3.4168452594375784,2.4168452594375784,1
A027108,dormant_sms,13.376931515308986,12.376931515308986,1
A003676,dormant_sms,1.427457428329412,0.4274574283294119,1
A018681,dormant_sms,7.828203340719624,6.828203340719624,1
A039620,dormant_sms,6.639392107629176,5.639392107629176,1
A012055,dormant_sms,3.002427204121505,2.002427204121505,1
A030764,dormant_sms,14.875813566753573,13.875813566753573,1
A008169,dormant_sms,32.37582038969479,31.375820389694788,1
A021937,dormant_sms,7.350415618166559,6.350415618166559,1
A016744,dormant_sms,4.209700869080044,3.209700869080044,1
A009100,dormant_sms,2.6671505902203396,1.6671505902203396,1
A034319,dormant_sms,7.940126663549624,6.940126663549624,1
A017075,dormant_sms,9.597824392760925,8.597824392760925,1
A038598,dormant_sms,1.5694190222747588,0.5694190222747588,1
A008185,dormant_sms,13.59902185741072,12.59902185741072,1
A027993,dormant_sms,7.277673006432283,6.277673006432283,1
A026200,dormant_sms,13.271361302271151,12.271361302271151,1
A037306,dormant_sms,8.078434630778961,7.078434630778961,1
A033162,dormant_sms,4.761620810841615,3.761620810841615,1
A010577,dormant_sms,3.920010223781351,2.920010223781351,1
A032456,dormant_sms,5.736412943192358,4.736412943192358,1
A034861,dormant_sms,1.5966264140113435,0.5966264140113435,1
A035702,dormant_sms,7.570047572308956,6.570047572308956,1
A035215,dormant_sms,5.281271872976694,4.281271872976694,1
A009264,dormant_sms,3.459426272783858,2.459426272783858,1
A034146,dormant_sms,16.3881780699641,15.388178069964098,1
A002771,dormant_sms,23.21536126913078,22.21536126913078,1
A002371,dormant_sms,7.190662604743466,6.190662604743466,1
A014758,dormant_sms,15.406795077963686,14.406795077963686,1
A003427,dormant_sms,6.206305896175968,5.206305896175968,1
A027335,dormant_sms,43.39986621562311,42.39986621562311,1
A021057,dormant_sms,3.427859122277258,2.427859122277258,1
A019851,dormant_sms,1.582780749492988,0.582780749492988,1
A004432,dormant_sms,33.482841604018425,32.482841604018425,1
A014099,dormant_sms,1.1647895597633866,0.1647895597633866,1
A028876,dormant_sms,9.522089593182017,8.522089593182017,1
A015601,dormant_sms,1.5132628494124787,0.5132628494124787,1
A003610,dormant_sms,3.68644585514024,2.68644585514024,1
A023297,dormant_sms,2.526164866801612,1.526164866801612,1
A003856,dormant_sms,8.49656617425046,7.496566174250461,1
A034045,dormant_sms,32.57315206007777,31.573152060077767,1
A015138,dormant_sms,30.67377620752665,29.67377620752665,1
A019257,dormant_sms,7.3976842345848155,6.3976842345848155,1
A023444,dormant_sms,2.832946173270764,1.8329461732707641,1
A031311,dormant_sms,5.082708429368341,4.082708429368341,1
A003408,dormant_sms,1.197075284326839,0.19707528432683907,1
A004254,dormant_sms,2.975626417989462,1.9756264179894618,1
A002774,dormant_sms,7.6371240844617425,6.6371240844617425,1
A009899,dormant_sms,4.261615492431773,3.2616154924317726,1
A030557,dormant_sms,2.0089136043629288,1.0089136043629288,1
A008147,dormant_sms,3.894805160489895,2.894805160489895,1
A031261,dormant_sms,7.135239865779867,6.135239865779867,1
A007163,dormant_sms,19.659430142821787,18.659430142821787,1
A027119,dormant_sms,1.9799004355186236,0.9799004355186236,1
A001067,dormant_sms,20.671380011061043,19.671380011061043,1
A028350,dormant_sms,9.533732631288819,8.533732631288819,1
A006735,dormant_sms,4.64588373760439,3.6458837376043904,1
A004144,dormant_sms,21.2883414571257,20.2883414571257,1
A026711,dormant_sms,18.314064049250746,17.314064049250746,1
A002394,dormant_sms,7.829459924715746,6.829459924715746,1
A007294,dormant_sms,29.025121503902643,28.025121503902643,1
A029083,dormant_sms,7.29955808773456,6.29955808773456,1
A016116,dormant_sms,1.1983082240830925,0.19830822408309245,1
A007374,dormant_sms,1.660199186491731,0.6601991864917309,1
A036588,dormant_sms,4.823488551819248,3.8234885518192483,1
A017865,dormant_sms,12.920391549844501,11.920391549844501,1
A031651,dormant_sms,7.650136397495109,6.650136397495109,1
A021007,dormant_sms,1.2071882564758718,0.2071882564758718,1
A024792,dormant_sms,14.551487866181855,13.551487866181855,1
A010358,dormant_sms,5.601560519843966,4.601560519843966,1
A035986,dormant_sms,5.139629355252325,4.139629355252325,1
A027702,dormant_sms,40.578386733826875,39.578386733826875,1
A006310,dormant_sms,1.3695345951682694,0.36953459516826936,1
A005290,dormant_sms,5.213925657983512,4.213925657983512,1
A004677,dormant_sms,11.634297988023564,10.634297988023564,1
A016627,dormant_sms,6.153332956826482,5.153332956826482,1
A020715,dormant_sms,1.5694273199186617,0.5694273199186617,1
A033163,dormant_sms,5.464924822035139,4.464924822035139,1
A010269,dormant_sms,33.70983933170973,32.70983933170973,1
A025788,dormant_sms,16.091528071355146,15.091528071355146,1
A013194,dormant_sms,6.162930346924124,5.162930346924124,1
A028606,dormant_sms,18.757237705875152,17.757237705875152,1
A031123,dormant_sms,6.194881003373581,5.194881003373581,1
A014897,dormant_sms,18.69720852035725,17.69720852035725,1
A038799,dormant_sms,1.3330775470605971,0.3330775470605971,1
A004476,dormant_sms,8.294466451043952,7.294466451043952,1
A003828,dormant_sms,4.5127635530460095,3.5127635530460095,1
A038259,dormant_sms,5.986210418405142,4.986210418405142,1
A000404,dormant_sms,2.2581980483093314,1.2581980483093314,1
A029864,dormant_sms,7.7949294385257355,6.7949294385257355,1
A017442,dormant_sms,1.7989361015009167,0.7989361015009167,1
A032296,dormant_sms,36.52629858034,35.52629858034,1
A036850,dormant_sms,10.492049555933624,9.492049555933624,1
A021600,dormant_sms,21.919023657702603,20.919023657702603,1
A010558,dormant_sms,5.9843143975163064,4.9843143975163064,1
A027966,dormant_sms,7.725499965823897,6.725499965823897,1
A027343,dormant_sms,4.873039881063958,3.873039881063958,1
A021160,dormant_sms,3.844110285199689,2.844110285199689,1
A024986,dormant_sms,33.57246727819524,32.57246727819524,1
A025207,dormant_sms,1.638923929337792,0.638923929337792,1
A017249,dormant_sms,7.613654255317513,6.613654255317513,1
A034493,dormant_sms,6.718292823212839,5.718292823212839,1
A023153,dormant_sms,21.338983203762886,20.338983203762886,1
A016933,dormant_sms,20.09778754916721,19.09778754916721,1
A000692,dormant_sms,16.74290306723198,15.742903067231978,1
A021012,dormant_sms,3.4118057533505657,2.4118057533505657,1
A030451,dormant_sms,10.271784974750549,9.271784974750549,1
A000992,dormant_sms,4.47797704799827,3.4779770479982703,1
A038395,dormant_sms,2.8342317746655277,1.8342317746655277,1
A023621,dormant_sms,2.0791154665751796,1.0791154665751796,1
A039983,dormant_sms,17.033672069716765,16.033672069716765,1
A000957,dormant_sms,6.620308473047942,5.620308473047942,1
A024454,dormant_sms,2.6057548404017097,1.6057548404017097,1
A022034,dormant_sms,10.140736039152698,9.140736039152698,1
A004667,dormant_sms,9.397253003202108,8.397253003202108,1
A007453,dormant_sms,7.71058480265275,6.71058480265275,1
A012604,dormant_sms,32.308236041829126,31.308236041829126,1
A005663,dormant_sms,2.6792698807870146,1.6792698807870146,1
A031271,dormant_sms,11.906797202912294,10.906797202912294,1
A025351,dormant_sms,17.03566161046597,16.03566161046597,1
A004722,dormant_sms,15.067705726498614,14.067705726498614,1
A000527,dormant_sms,4.771679814751008,3.7716798147510078,1
A001028,dormant_sms,4.50349176393794,3.50349176393794,1
A038879,dormant_sms,12.440923141702266,11.440923141702266,1
A017737,dormant_sms,9.188447828369515,8.188447828369515,1
A017554,dormant_sms,3.503909744621194,2.503909744621194,1
A027033,dormant_sms,2.0556294863510276,1.0556294863510276,1
A034888,dormant_sms,16.4894789849475,15.4894789849475,1
A028741,dormant_sms,4.603603430000398,3.6036034300003976,1
A031603,dormant_sms,7.723802800173471,6.723802800173471,1
A014324,dormant_sms,10.677795483904031,9.677795483904031,1
A004535,dormant_sms,11.255261716463577,10.255261716463577,1
A035511,dormant_sms,2.703367909293356,1.7033679092933558,1
A015973,dormant_sms,1.1282310830458657,0.12823108304586572,1
A032138,dormant_sms,7.7095164912396665,6.7095164912396665,1
A016999,dormant_sms,53.79953409329516,52.79953409329516,1
A023032,dormant_sms,2.0888751075869343,1.0888751075869343,1
A019985,dormant_sms,8.094777102809845,7.094777102809845,1
A017073,dormant_sms,2.6472196312114833,1.6472196312114833,1
A006682,dormant_sms,8.157195426017324,7.157195426017324,1
A026616,dormant_sms,9.729221402883347,8.729221402883347,1
A016467,dormant_sms,2.284314767563904,1.2843147675639042,1
A037102,dormant_sms,2.5321983114372357,1.5321983114372357,1
A000596,dormant_sms,52.55728089640356,51.55728089640356,1
A012709,dormant_sms,21.555718169466175,20.555718169466175,1
A007328,dormant_sms,2.5950090504267442,1.5950090504267442,1
A029190,dormant_sms,3.4313150149725784,2.4313150149725784,1
A020794,dormant_sms,8.04881874693055,7.04881874693055,1
A005986,dormant_sms,3.4563976939440786,2.4563976939440786,1
A022992,dormant_sms,2.549197954837481,1.549197954837481,1
A015165,dormant_sms,7.412946801939512,6.412946801939512,1
A003552,dormant_sms,7.849726865805994,6.849726865805994,1
A011959,dormant_sms,3.2736665448907623,2.2736665448907623,1
A002358,dormant_sms,1.6690646984919901,0.6690646984919901,1
A007046,dormant_sms,1.7130450341114718,0.7130450341114718,1
A033095,dormant_sms,12.285495081581844,11.285495081581844,1
A033886,dormant_sms,9.487781487606886,8.487781487606886,1
A016536,dormant_sms,1.7854865191447717,0.7854865191447717,1
A035976,dormant_sms,1.0670245597459036,0.0670245597459036,1
A029632,dormant_sms,8.174505747650617,7.174505747650617,1
A008638,dormant_sms,5.337712613796349,4.337712613796349,1
A011878,dormant_sms,2.731977958221183,1.731977958221183,1
A025066,dormant_sms,3.8002887405601964,2.8002887405601964,1
A015645,dormant_sms,9.6147662657134,8.6147662657134,1
A015677,dormant_sms,14.875777844082805,13.875777844082805,1
A035492,dormant_sms,7.1638331128418775,6.1638331128418775,1
A028714,dormant_sms,6.420400414428503,5.420400414428503,1
A014367,dormant_sms,1.013170756006335,0.013170756006334994,1
A038366,dormant_sms,13.608266779513421,12.608266779513421,1
A005552,dormant_sms,3.9680424569803647,2.9680424569803647,1
A038281,dormant_sms,2.922894518992745,1.922894518992745,1
A018168,dormant_sms,2.7390106974110515,1.7390106974110515,1
A011957,dormant_sms,6.5001635699296125,5.5001635699296125,1
A021207,dormant_sms,1.6104155267097935,0.6104155267097935,1
A027960,dormant_sms,4.447631319896765,3.4476313198967654,1
A039697,dormant_sms,1.7759283533324177,0.7759283533324177,1
A038995,dormant_sms,7.246080371467252,6.246080371467252,1
A021604,dormant_sms,1.8245207172269329,0.8245207172269329,1
A029572,dormant_sms,31.170732887367404,30.170732887367404,1
A033522,dormant_sms,4.171115520225694,3.171115520225694,1
A020836,dormant_sms,44.85288437849367,43.85288437849367,1
A003445,dormant_sms,6.303395956014887,5.303395956014887,1
A031459,dormant_sms,3.031358618980665,2.031358618980665,1
A031680,dormant_sms,26.05133951583904,25.05133951583904,1
A006307,dormant_sms,20.31554806461902,19.31554806461902,1
A007733,dormant_sms,5.204389409927841,4.204389409927841,1
A020492,dormant_sms,1.3558292641378074,0.35582926413780736,1
A001052,dormant_sms,5.791205547134481,4.791205547134481,1
A033942,dormant_sms,2.1562163590707173,1.1562163590707173,1
A023023,dormant_sms,7.760458299154668,6.760458299154668,1
A000975,dormant_sms,2.652083289842209,1.652083289842209,1
A025420,dormant_sms,24.41658154776396,23.41658154776396,1
A030951,dormant_sms,11.157670750121744,10.157670750121744,1
A019241,dormant_sms,17.01446336546901,16.01446336546901,1
A017619,dormant_sms,4.59416464442562,3.5941646444256197,1
A020253,dormant_sms,7.3775422521704295,6.3775422521704295,1
A000010,dormant_sms,2.0089567270871043,1.0089567270871043,1
A033658,dormant_sms,5.235036103433937,4.235036103433937,1
A015698,dormant_sms,18.1912768866272,17.1912768866272,1
A030369,dormant_sms,5.15431947386155,4.15431947386155,1
A033037,dormant_sms,7.380834180093194,6.380834180093194,1
A024542,dormant_sms,3.9893734198657573,2.9893734198657573,1
A031728,dormant_sms,14.044020505982363,13.044020505982363,1
A012335,dormant_sms,1.6225546291268749,0.6225546291268749,1
A016027,dormant_sms,3.648809659356902,2.648809659356902,1
A032534,dormant_sms,14.62224330956897,13.62224330956897,1
A004015,dormant_sms,2.9195885324103985,1.9195885324103985,1
A020877,dormant_sms,19.50840977866665,18.50840977866665,1
A011345,dormant_sms,8.691841543812624,7.6918415438126235,1
A014944,dormant_sms,15.153864897635314,14.153864897635314,1
A004351,dormant_sms,2.8586026160834046,1.8586026160834046,1
A029462,dormant_sms,14.114101023248447,13.114101023248447,1
A006192,dormant_sms,3.1112388327707423,2.1112388327707423,1
A038625,dormant_sms,10.775693136947497,9.775693136947497,1
A014540,dormant_sms,24.65874376381033,23.65874376381033,1
A001494,dormant_sms,13.651627919015432,12.651627919015432,1
A037339,dormant_sms,6.816553488330008,5.816553488330008,1
A007173,dormant_sms,12.701444722973385,11.701444722973385,1
A038398,dormant_sms,7.651698403798769,6.651698403798769,1
A001625,dormant_sms,11.230834197482809,10.230834197482809,1
A007101,dormant_sms,4.239830884497623,3.239830884497623,1
A026275,dormant_sms,4.463788641265716,3.463788641265716,1
A034234,dormant_sms,7.234374042847263,6.234374042847263,1
A019920,dormant_sms,12.9857814057772,11.9857814057772,1
A031431,dormant_sms,2.804836903277143,1.8048369032771432,1
A002888,dormant_sms,14.765410644782628,13.765410644782628,1
A036452,dormant_sms,11.144533929111136,10.144533929111136,1
A019194,dormant_sms,5.089862250830537,4.089862250830537,1
A034733,dormant_sms,3.1466370777119814,2.1466370777119814,1
A034741,dormant_sms,13.134110692930532,12.134110692930532,1
A014258,dormant_sms,6.484972841665645,5.484972841665645,1
A035875,dormant_sms,17.283319241124598,16.283319241124598,1
A003136,dormant_sms,25.88707150561844,24.88707150561844,1
A017340,dormant_sms,14.73857961722632,13.73857961722632,1
A038471,dormant_sms,4.099995758882472,3.0999957588824723,1
A033260,dormant_sms,2.244386907713046,1.244386907713046,1
A037646,dormant_sms,15.92288395733134,14.92288395733134,1
A033833,dormant_sms,3.2981310594099114,2.2981310594099114,1
A016608,dormant_sms,1.4494513445895112,0.4494513445895112,1
A024549,dormant_sms,4.155792782734032,3.155792782734032,1
A033583,dormant_sms,3.9368695966790472,2.9368695966790472,1
A009449,dormant_sms,1.9021550388088317,0.9021550388088317,1
A028368,dormant_sms,11.069809086005714,10.069809086005714,1
A012694,dormant_sms,33.08266169343371,32.08266169343371,1
A025967,dormant_sms,2.7855096013963,1.7855096013963,1
A026646,dormant_sms,12.727354041589356,11.727354041589356,1
A017299,dormant_sms,7.891592780345287,6.891592780345287,1
A029526,dormant_sms,9.541276419460626,8.541276419460626,1
A023466,dormant_sms,3.915966739110221,2.915966739110221,1
A032508,dormant_sms,2.8841775605965543,1.8841775605965543,1
A033237,dormant_sms,4.58789111334717,3.58789111334717,1
A021261,dormant_sms,11.632347323532898,10.632347323532898,1
A005570,dormant_sms,7.704596340340421,6.704596340340421,1
A031980,dormant_sms,8.004686488074311,7.004686488074311,1
A035393,dormant_sms,48.456983206478625,47.456983206478625,1
A008452,dormant_sms,1.8350284955621072,0.8350284955621072,1
A015118,dormant_sms,2.654980917311248,1.654980917311248,1
A006344,dormant_sms,18.00426014909384,17.00426014909384,1
A024432,dormant_sms,2.293581761093912,1.293581761093912,1
A014905,dormant_sms,2.051101357921929,1.051101357921929,1
A019393,dormant_sms,10.682973486769352,9.682973486769352,1
A029297,dormant_sms,8.399681744949325,7.399681744949325,1
A011478,dormant_sms,3.1389071053681334,2.1389071053681334,1
A002607,dormant_sms,24.833223309525902,23.833223309525902,1
A002456,dormant_sms,1.7026137572544195,0.7026137572544195,1
A020753,dormant_sms,9.453235927498561,8.453235927498561,1
A011428,dormant_sms,18.807938381599573,17.807938381599573,1
A000734,dormant_sms,19.67060365834108,18.67060365834108,1
A039796,dormant_sms,2.594347669733814,1.5943476697338141,1
A018250,dormant_sms,11.5797647028287,10.5797647028287,1
A015882,dormant_sms,8.631746745216372,7.631746745216372,1
A006227,dormant_sms,3.075526371294687,2.075526371294687,1
A039838,dormant_sms,3.1630263790533792,2.1630263790533792,1
A011251,dormant_sms,4.646197977844976,3.6461979778449756,1
A018182,dormant_sms,14.414834943939413,13.414834943939413,1
A039086,dormant_sms,9.073945265739928,8.073945265739928,1
A003544,dormant_sms,1.9135123966998304,0.9135123966998304,1
A014065,dormant_sms,8.480653454562791,7.480653454562791,1
A019531,dormant_sms,5.775810501564728,4.775810501564728,1
A009306,dormant_sms,8.712809346632282,7.712809346632282,1
A003236,dormant_sms,36.655952156571296,35.655952156571296,1
A015346,dormant_sms,14.280446230470469,13.280446230470469,1
A017000,dormant_sms,6.823433981407179,5.823433981407179,1
A029571,dormant_sms,5.068684840259614,4.068684840259614,1
A034552,dormant_sms,9.264087334464827,8.264087334464827,1
A038762,dormant_sms,5.053166381466427,4.053166381466427,1
A013101,dormant_sms,25.412585571936493,24.412585571936493,1
A038074,dormant_sms,24.702881409151885,23.702881409151885,1
A001079,dormant_sms,1.8730801238382326,0.8730801238382326,1
A001430,dormant_sms,11.562830818068818,10.562830818068818,1
A026299,dormant_sms,10.352540950867919,9.352540950867919,1
A016895,dormant_sms,14.07543903541936,13.07543903541936,1
A013862,dormant_sms,1.516812552758816,0.5168125527588161,1
A037795,dormant_sms,2.323625995677997,1.3236259956779972,1
A002630,dormant_sms,8.869964628803642,7.869964628803642,1
A013074,dormant_sms,5.082268956056536,4.082268956056536,1
A015448,dormant_sms,6.798016783867909,5.798016783867909,1
A023128,dormant_sms,8.12029394923968,7.120293949239681,1
A019819,dormant_sms,1.7075844079027522,0.7075844079027522,1
A023769,dormant_sms,5.980561051865552,4.980561051865552,1
A007359,dormant_sms,30.909948340507626,29.909948340507626,1
A007977,dormant_sms,2.114255072324031,1.1142550723240312,1
A005368,dormant_sms,9.134523146994347,8.134523146994347,1
A026082,dormant_sms,3.185401780242311,2.185401780242311,1
A026920,dormant_sms,2.403448901999192,1.4034489019991918,1
A024415,dormant_sms,8.501292591046951,7.501292591046951,1
A001155,dormant_sms,3.3655417777044043,2.3655417777044043,1
A024348,dormant_sms,9.49596940980064,8.49596940980064,1
A016487,dormant_sms,1.4409582750271461,0.44095827502714613,1
A017338,dormant_sms,14.25529832629271,13.25529832629271,1
A032419,dormant_sms,2.2962871726710183,1.2962871726710183,1
A015107,dormant_sms,5.302226165085564,4.302226165085564,1
A013807,dormant_sms,2.267206936295914,1.267206936295914,1
A016626,dormant_sms,1.5235897652212496,0.5235897652212496,1
A028501,dormant_sms,1.5856965147362676,0.5856965147362676,1
A024137,dormant_sms,18.541755441358955,17.541755441358955,1
A021593,dormant_sms,10.497153587172804,9.497153587172804,1
A034555,dormant_sms,6.196259738442803,5.196259738442803,1
A003850,dormant_sms,5.312049582331798,4.312049582331798,1
A030504,dormant_sms,15.11160268697176,14.11160268697176,1
A006774,dormant_sms,9.851053994711288,8.851053994711288,1
A007489,dormant_sms,7.495510117682591,6.495510117682591,1
A013537,dormant_sms,3.500624408013895,2.500624408013895,1
A002267,dormant_sms,12.645445426360679,11.645445426360679,1
A013896,dormant_sms,1.7673217926248166,0.7673217926248166,1
A019166,dormant_sms,3.6321901785616686,2.6321901785616686,1
A038565,dormant_sms,5.529973482136155,4.529973482136155,1
A000026,dormant_sms,7.127201973109561,6.127201973109561,1
A033198,dormant_sms,17.086973731832718,16.086973731832718,1
A023596,dormant_sms,11.152333852549532,10.152333852549532,1
A035476,dormant_sms,5.12704213194357,4.12704213194357,1
A006449,dormant_sms,6.919989173912826,5.919989173912826,1
A026580,dormant_sms,2.634307319532458,1.634307319532458,1
A033491,dormant_sms,11.376848474096496,10.376848474096496,1
A005373,dormant_sms,4.961933139294167,3.9619331392941666,1
A000349,dormant_sms,4.763655751595027,3.763655751595027,1
A018854,dormant_sms,7.798898760614392,6.798898760614392,1
A039445,dormant_sms,7.200354735738334,6.200354735738334,1
A034749,dormant_sms,2.094901975245456,1.094901975245456,1
A021293,dormant_sms,1.7108590314139784,0.7108590314139784,1
A037613,dormant_sms,19.54019703020011,18.54019703020011,1
A036793,dormant_sms,35.925239572575016,34.925239572575016,1
A024663,dormant_sms,3.807277186574997,2.807277186574997,1
A009125,dormant_sms,16.22403236104597,15.224032361045971,1
A002982,dormant_sms,1.1690772034650634,0.16907720346506339,1
A029167,dormant_sms,4.674034207869091,3.6740342078690906,1
A004574,dormant_sms,3.466352550086466,2.466352550086466,1
A003736,dormant_sms,4.050654033380263,3.0506540333802628,1
A002610,dormant_sms,2.6902485404089855,1.6902485404089855,1
A017148,dormant_sms,20.171178299077255,19.171178299077255,1
A026439,dormant_sms,17.784301141838423,16.784301141838423,1
A009494,dormant_sms,18.59297567458266,17.59297567458266,1
A001753,dormant_sms,28.65907897445565,27.65907897445565,1
A008195,dormant_sms,15.241643126804608,14.241643126804608,1
A009199,dormant_sms,47.148654212953225,46.148654212953225,1
A032027,dormant_sms,7.403195641091836,6.403195641091836,1
A034314,dormant_sms,3.0307228100106287,2.0307228100106287,1
A011369,dormant_sms,4.604947120000137,3.604947120000137,1
A025579,dormant_sms,7.310413726810914,6.310413726810914,1
A012402,dormant_sms,1.2374659646832735,0.23746596468327352,1
A028280,dormant_sms,2.889446100663921,1.8894461006639212,1
A008023,dormant_sms,1.4424867675709825,0.4424867675709825,1
A030703,dormant_sms,7.677220930657982,6.677220930657982,1
A000343,dormant_sms,5.421554424373524,4.421554424373524,1
A016343,dormant_sms,7.293853220407895,6.293853220407895,1
A020820,dormant_sms,10.228263098250977,9.228263098250977,1
A001596,dormant_sms,43.670060774490636,42.670060774490636,1
A022854,dormant_sms,2.3180097799907102,1.3180097799907102,1
A020169,dormant_sms,11.71332474166394,10.71332474166394,1
A029977,dormant_sms,10.721013489840136,9.721013489840136,1
A019805,dormant_sms,2.284842353405893,1.2848423534058928,1
A012032,dormant_sms,14.385714853600733,13.385714853600733,1
A021971,dormant_sms,28.07379587397077,27.07379587397077,1
A031294,dormant_sms,42.75270940017017,41.75270940017017,1
A017878,dormant_sms,26.015322155495667,25.015322155495667,1
A026610,dormant_sms,16.821245971504453,15.821245971504453,1
A004421,dormant_sms,1.4098556238945896,0.4098556238945896,1
A002870,dormant_sms,5.0775115541243485,4.0775115541243485,1
A012901,dormant_sms,18.517824139638023,17.517824139638023,1
A023733,dormant_sms,5.031126938107504,4.031126938107504,1
A013574,dormant_sms,9.368545067645666,8.368545067645666,1
A001286,dormant_sms,4.799646163234483,3.799646163234483,1
A029120,dormant_sms,3.1692756605803702,2.1692756605803702,1
A005082,dormant_sms,3.8333459910211345,2.8333459910211345,1
A006311,dormant_sms,4.010734086463976,3.010734086463976,1
A036046,dormant_sms,6.396844262171242,5.396844262171242,1
A031928,dormant_sms,4.6620889598713795,3.6620889598713795,1
A019543,dormant_sms,7.044471998454465,6.044471998454465,1
A030960,dormant_sms,2.0427713423791487,1.0427713423791487,1
A031319,dormant_sms,10.682301633990754,9.682301633990754,1
A017275,dormant_sms,3.439426927343244,2.439426927343244,1
A004141,dormant_sms,37.9516621118896,36.9516621118896,1
A026428,dormant_sms,1.3224691345449275,0.32246913454492754,1
A023150,dormant_sms,8.897079357943923,7.897079357943923,1
A009757,dormant_sms,12.514115031183406,11.514115031183406,1
A000359,dormant_sms,13.36672400425804,12.36672400425804,1
A019970,dormant_sms,7.560910458670763,6.560910458670763,1
A018373,dormant_sms,2.872328684191648,1.8723286841916482,1
A018637,dormant_sms,6.53347745263812,5.53347745263812,1
A015826,dormant_sms,10.4462231379773,9.4462231379773,1
A036641,dormant_sms,7.053068176384358,6.053068176384358,1
A039517,dormant_sms,3.3175241064720447,2.3175241064720447,1
A017863,dormant_sms,3.6298607222949104,2.6298607222949104,1
A032357,dormant_sms,8.106335484949978,7.1063354849499785,1
A014281,dormant_sms,8.402706234565542,7.402706234565542,1
A019883,dormant_sms,4.820341721491952,3.8203417214919524,1
A027994,dormant_sms,2.479575665852281,1.479575665852281,1
A008003,dormant_sms,2.3747929281877274,1.3747929281877274,1
A036300,dormant_sms,2.2780050871441224,1.2780050871441224,1
A022237,dormant_sms,32.93465343873002,31.934653438730017,1
A036033,dormant_sms,7.130635641260446,6.130635641260446,1
A025532,dormant_sms,17.05199151605185,16.05199151605185,1
A014366,dormant_sms,4.03319067193299,3.0331906719329904,1
A030020,dormant_sms,1.9684136905503862,0.9684136905503862,1
A004117,dormant_sms,5.69102400668872,4.69102400668872,1
A009702,dormant_sms,5.788322371216532,4.788322371216532,1
A004132,dormant_sms,9.732994804056135,8.732994804056135,1
A010190,dormant_sms,7.844643071525385,6.844643071525385,1
A032640,dormant_sms,2.5869256081586802,1.5869256081586802,1
A006170,dormant_sms,2.6283001123126617,1.6283001123126617,1
A033070,dormant_sms,8.85585982904142,7.855859829041419,1
A006312,dormant_sms,6.5850331240145765,5.5850331240145765,1
A033138,dormant_sms,44.687320936053474,43.687320936053474,1
A014672,dormant_sms,4.181932949164415,3.1819329491644153,1
A036817,dormant_sms,6.924265027867697,5.924265027867697,1
A005925,dormant_sms,4.162820766098922,3.162820766098922,1
A038700,dormant_sms,13.752749966160339,12.752749966160339,1
A038224,dormant_sms,4.758735329387863,3.7587353293878634,1
A012353,dormant_sms,4.178085216073643,3.178085216073643,1
A037806,dormant_sms,6.299737800929472,5.299737800929472,1
A013670,dormant_sms,3.9478771061192224,2.9478771061192224,1
A033024,dormant_sms,4.013874272426542,3.013874272426542,1
A026971,dormant_sms,3.743246357108665,2.743246357108665,1
A012107,dormant_sms,8.811708294981255,7.811708294981255,1
A003571,dormant_sms,8.444481309623582,7.444481309623582,1
A029206,dormant_sms,5.973214626292526,4.973214626292526,1
A016514,dormant_sms,22.68132789481349,21.68132789481349,1
A022870,dormant_sms,20.30898333430679,19.30898333430679,1
A014098,dormant_sms,11.026025114668645,10.026025114668645,1
A022997,dormant_sms,2.5492690850421056,1.5492690850421056,1
A022035,dormant_sms,6.523165950817614,5.523165950817614,1
A003998,dormant_sms,2.3781361015975824,1.3781361015975824,1
A006018,dormant_sms,28.680754952623328,27.680754952623328,1
A002480,dormant_sms,7.8235142941647045,6.8235142941647045,1
A039887,dormant_sms,4.947490898380666,3.947490898380666,1
A001368,dormant_sms,1.8478502750296084,0.8478502750296084,1
A014909,dormant_sms,1.9159715868345548,0.9159715868345548,1
A001973,dormant_sms,9.187399169793334,8.187399169793334,1
A034675,dormant_sms,2.94783017349121,1.94783017349121,1
A024771,dormant_sms,7.621781637851094,6.621781637851094,1
A013054,dormant_sms,5.384109613408722,4.384109613408722,1
A033285,dormant_sms,5.1579771958983445,4.1579771958983445,1
A025343,dormant_sms,6.451619372565965,5.451619372565965,1
A034276,dormant_sms,10.933622535282353,9.933622535282353,1
A005587,dormant_sms,3.5802027816213533,2.5802027816213533,1
A028598,dormant_sms,12.957759016850964,11.957759016850964,1
A001247,dormant_sms,8.68614405609444,7.68614405609444,1
A037355,dormant_sms,1.5677995001644587,0.5677995001644587,1
A038433,dormant_sms,21.863594896364333,20.863594896364333,1
A022025,dormant_sms,1.648431604222555,0.6484316042225551,1
A037497,dormant_sms,19.125732896639807,18.125732896639807,1
A007302,dormant_sms,2.235852464605388,1.235852464605388,1
A014958,dormant_sms,11.754208983395658,10.754208983395658,1
A001141,dormant_sms,1.0160877973588038,0.016087797358803835,1
A019029,dormant_sms,15.57983314462862,14.57983314462862,1
A026440,dormant_sms,9.762392796836066,8.762392796836066,1
A020053,dormant_sms,7.505596935411093,6.505596935411093,1
A035341,dormant_sms,3.3589583078164926,2.3589583078164926,1
A015914,dormant_sms,19.647212404582376,18.647212404582376,1
A037894,dormant_sms,6.727139186905279,5.727139186905279,1
A003993,dormant_sms,4.682238696577,3.6822386965770004,1
A023322,dormant_sms,2.4175169829094463,1.4175169829094463,1
A018546,dormant_sms,1.7995237113363334,0.7995237113363334,1
A005204,dormant_sms,10.241813622915325,9.241813622915325,1
A003637,dormant_sms,8.193469911359788,7.193469911359788,1
A037882,dormant_sms,13.398965339178039,12.398965339178039,1
A002867,dormant_sms,4.9892025834368425,3.9892025834368425,1
A039596,dormant_sms,1.9001536474077623,0.9001536474077623,1
A011576,dormant_sms,3.259823373171639,2.259823373171639,1
A000215,dormant_sms,3.225476586211987,2.225476586211987,1
A036083,dormant_sms,14.90776315344006,13.90776315344006,1
A039574,dormant_sms,11.751649205716033,10.751649205716033,1
A004370,dormant_sms,1.5562394248688731,0.5562394248688731,1
A012317,dormant_sms,18.487683765558376,17.487683765558376,1
A033769,dormant_sms,2.300650571622376,1.3006505716223762,1
A009383,dormant_sms,4.154205386454042,3.1542053864540422,1
A033503,dormant_sms,25.416096279504057,24.416096279504057,1
A007097,dormant_sms,2.3621281242693075,1.3621281242693075,1
A033586,dormant_sms,19.84089141213798,18.84089141213798,1
A016508,dormant_sms,6.39388972761046,5.39388972761046,1
A006167,dormant_sms,20.38088857846413,19.38088857846413,1
A033291,dormant_sms,9.53209124799643,8.53209124799643,1
A039685,dormant_sms,3.6877876723853897,2.6877876723853897,1
A009866,dormant_sms,7.663589269356299,6.663589269356299,1
A024786,dormant_sms,1.349264179393913,0.3492641793939131,1
A008862,dormant_sms,11.063496677781265,10.063496677781265,1
A020459,dormant_sms,5.431213164507584,4.431213164507584,1
A029881,dormant_sms,6.122575223139264,5.122575223139264,1
A010751,dormant_sms,6.191265339570807,5.191265339570807,1
A014533,dormant_sms,20.20661380212737,19.20661380212737,1
A038442,dormant_sms,9.050507530077988,8.050507530077988,1
A024646,dormant_sms,5.7648793988794385,4.7648793988794385,1
A032884,dormant_sms,9.974372222886773,8.974372222886773,1
A003857,dormant_sms,12.582743476988393,11.582743476988393,1
A002367,dormant_sms,3.497063365040187,2.497063365040187,1
A024443,dormant_sms,1.7998296871883523,0.7998296871883523,1
A017799,dormant_sms,9.453561292711425,8.453561292711425,1
A034471,dormant_sms,22.398437282288942,21.398437282288942,1
A028558,dormant_sms,1.3745487014946745,0.37454870149467445,1
A034516,dormant_sms,6.3106989007771235,5.3106989007771235,1
A004164,dormant_sms,5.808789201066393,4.808789201066393,1
A023568,dormant_sms,2.3189147077483745,1.3189147077483745,1
A010504,dormant_sms,2.0036704787524386,1.0036704787524386,1
A033794,dormant_sms,8.929986883063995,7.929986883063995,1
A023298,dormant_sms,1.7467987629391866,0.7467987629391866,1
A023063,dormant_sms,4.51053032901294,3.5105303290129397,1
A036990,dormant_sms,10.798374054292003,9.798374054292003,1
A000413,dormant_sms,2.2076811351999734,1.2076811351999734,1
A037158,dormant_sms,12.638156863317874,11.638156863317874,1
A038641,dormant_sms,1.1035147951730155,0.10351479517301554,1
A029950,dormant_sms,4.961252081014625,3.9612520810146252,1
A012369,dormant_sms,4.828162076924654,3.828162076924654,1
A004729,dormant_sms,5.151102504428354,4.151102504428354,1
A026949,dormant_sms,5.711864404785064,4.711864404785064,1
A022877,dormant_sms,2.9366465768510244,1.9366465768510244,1
A001614,dormant_sms,9.327360985214453,8.327360985214453,1
A009435,dormant_sms,1.6367567935517298,0.6367567935517298,1
A026182,dormant_sms,10.463405436488525,9.463405436488525,1
A000630,dormant_sms,35.826714762315966,34.826714762315966,1
A038147,dormant_sms,7.376779876382771,6.376779876382771,1
A038507,dormant_sms,5.318721353618932,4.318721353618932,1
A037612,dormant_sms,2.1007659246294352,1.1007659246294352,1
A021152,dormant_sms,5.8972676371459185,4.8972676371459185,1
A016710,dormant_sms,39.80406671667533,38.80406671667533,1
A007084,dormant_sms,6.066492708524796,5.066492708524796,1
A037900,dormant_sms,2.73068921284544,1.7306892128454399,1
A011127,dormant_sms,5.388800250821476,4.388800250821476,1
A033971,dormant_sms,8.122178755412717,7.122178755412717,1
A009283,dormant_sms,3.601102495761528,2.601102495761528,1
A027776,dormant_sms,22.539126607281204,21.539126607281204,1
A007168,dormant_sms,7.074959707572045,6.074959707572045,1
A033879,dormant_sms,3.4840357686285754,2.4840357686285754,1
A034528,dormant_sms,3.8131466349594056,2.8131466349594056,1
A006570,dormant_sms,3.8459509632371516,2.8459509632371516,1
A025673,dormant_sms,7.32248616824921,6.32248616824921,1
A039651,dormant_sms,1.295417748262962,0.2954177482629621,1
A035037,dormant_sms,7.032093506424011,6.032093506424011,1
A028536,dormant_sms,5.4333999694528625,4.4333999694528625,1
A025615,dormant_sms,8.127765215787049,7.127765215787049,1
A009709,dormant_sms,3.971143139367228,2.971143139367228,1
A019251,dormant_sms,13.330361322696474,12.330361322696474,1
A022569,dormant_sms,3.3673961391628646,2.3673961391628646,1
A005890,dormant_sms,43.24965878216988,42.24965878216988,1
A033125,dormant_sms,52.260760375056186,51.260760375056186,1
A033275,dormant_sms,4.129920551555563,3.1299205515555633,1
A013210,dormant_sms,10.548818547362036,9.548818547362036,1
A038810,dormant_sms,3.1156116450353273,2.1156116450353273,1
A015603,dormant_sms,19.011541055963658,18.011541055963658,1
A015887,dormant_sms,2.566701156963827,1.566701156963827,1
A026760,dormant_sms,1.428141384610321,0.42814138461032103,1
A027498,dormant_sms,6.852446915420042,5.852446915420042,1
A002329,dormant_sms,15.562939856762542,14.562939856762542,1
A004623,dormant_sms,2.299813864679834,1.2998138646798338,1
A032232,dormant_sms,1.1676618771569511,0.16766187715695113,1
A011504,dormant_sms,3.7844927380773847,2.7844927380773847,1
A034710,dormant_sms,10.832386584612724,9.832386584612724,1
A021982,dormant_sms,4.047172737844488,3.0471727378444884,1
A035860,dormant_sms,1.0807181524195013,0.08071815241950131,1
A013984,dormant_sms,1.2608802583581424,0.26088025835814244,1
A023711,dormant_sms,4.8735596712285805,3.8735596712285805,1
A009323,dormant_sms,7.439568223024957,6.439568223024957,1
A033045,dormant_sms,3.7252366923088496,2.7252366923088496,1
A024232,dormant_sms,2.0619547712547384,1.0619547712547384,1
A007012,dormant_sms,1.4469700811515467,0.4469700811515467,1
A011623,dormant_sms,24.756975137400328,23.756975137400328,1
A005721,dormant_sms,6.781837868524944,5.781837868524944,1
A020315,dormant_sms,6.609606175764092,5.609606175764092,1
A009955,dormant_sms,4.44526818953074,3.44526818953074,1
A004269,dormant_sms,8.360541780051364,7.3605417800513635,1
A027156,dormant_sms,5.23316070046172,4.23316070046172,1
A033303,dormant_sms,2.9326226083136473,1.9326226083136473,1
A009437,dormant_sms,4.763767305437344,3.7637673054373444,1
A018894,dormant_sms,22.545192854775074,21.545192854775074,1
A032304,dormant_sms,5.054620550269781,4.054620550269781,1
A022284,dormant_sms,1.5951466667812484,0.5951466667812484,1
A027856,dormant_sms,2.641948705032229,1.6419487050322288,1
A026226,dormant_sms,2.1404690138956872,1.1404690138956872,1
A023963,dormant_sms,8.70715483687731,7.70715483687731,1
A013322,dormant_sms,6.26751265518024,5.26751265518024,1
A033464,dormant_sms,11.666201239950501,10.666201239950501,1
A036294,dormant_sms,7.990394043863037,6.990394043863037,1
A001730,dormant_sms,2.561401082967126,1.561401082967126,1
A036312,dormant_sms,48.123908790056,47.123908790056,1
A035776,dormant_sms,27.309423677581897,26.309423677581897,1
A014110,dormant_sms,16.72006918847617,15.72006918847617,1
A016161,dormant_sms,10.213946822818409,9.213946822818409,1
A011260,dormant_sms,9.80747571763651,8.80747571763651,1
A027772,dormant_sms,4.238829926996698,3.238829926996698,1
A000663,dormant_sms,3.621898832158821,2.621898832158821,1
A001994,dormant_sms,11.05315080256816,10.05315080256816,1
A007503,dormant_sms,4.8174455625982855,3.8174455625982855,1
A027078,dormant_sms,16.201948583456897,15.201948583456897,1
A004495,dormant_sms,30.560783090406606,29.560783090406606,1
A013302,dormant_sms,1.269400602217636,0.26940060221763606,1
A002146,dormant_sms,28.364271910288966,27.364271910288966,1
A018090,dormant_sms,2.2293555269985106,1.2293555269985106,1
A012062,dormant_sms,8.543030161564594,7.5430301615645945,1
A010103,dormant_sms,2.475728798715118,1.4757287987151182,1
A016297,dormant_sms,9.921600185365586,8.921600185365586,1
A018440,dormant_sms,9.851594263497637,8.851594263497637,1
A014133,dormant_sms,26.223160252523147,25.223160252523147,1
A023008,dormant_sms,7.613286515277578,6.613286515277578,1
A004178,dormant_sms,2.2393106961969416,1.2393106961969416,1
A030952,dormant_sms,6.673716151227152,5.673716151227152,1
A007669,dormant_sms,2.9427018884862894,1.9427018884862894,1
A025361,dormant_sms,10.931198146800051,9.931198146800051,1
A036713,dormant_sms,2.1159857421485158,1.1159857421485158,1
A004668,dormant_sms,10.28753104629837,9.28753104629837,1
A006174,dormant_sms,24.14081573821407,23.14081573821407,1
A013147,dormant_sms,3.670149447623021,2.670149447623021,1
A038098,dormant_sms,4.8515600118725475,3.8515600118725475,1
A009420,dormant_sms,2.2748204177595475,1.2748204177595475,1
A002637,dormant_sms,5.483602075102638,4.483602075102638,1
A026879,dormant_sms,15.377523888690654,14.377523888690654,1
A015043,dormant_sms,6.186650134485089,5.186650134485089,1
A015546,dormant_sms,5.236693003262098,4.236693003262098,1
A011315,dormant_sms,1.6555421820390832,0.6555421820390832,1
A028563,dormant_sms,2.3909864307135544,1.3909864307135544,1
A003057,dormant_sms,29.737311530450338,28.737311530450338,1
A025104,dormant_sms,6.278845765566781,5.278845765566781,1
A013930,dormant_sms,23.65192816935553,22.65192816935553,1
A005635,dormant_sms,3.4400852474626946,2.4400852474626946,1
A007754,dormant_sms,27.203011203672975,26.203011203672975,1
A020403,dormant_sms,44.16194771013526,43.16194771013526,1
A027949,dormant_sms,45.402116195175765,44.402116195175765,1
A009202,dormant_sms,3.137772149429357,2.137772149429357,1
A035939,dormant_sms,7.801300653933292,6.801300653933292,1
A022419,dormant_sms,8.491321327849393,7.491321327849393,1
A020023,dormant_sms,1.5650230462730848,0.5650230462730848,1
A030594,dormant_sms,4.702046686299105,3.702046686299105,1
A005968,dormant_sms,14.887821079324066,13.887821079324066,1
A028914,dormant_sms,2.405461220617779,1.405461220617779,1
A038416,dormant_sms,7.92989447586387,6.92989447586387,1
A011470,dormant_sms,8.934855175760664,7.934855175760664,1
A019512,dormant_sms,6.3364210628332,5.3364210628332,1
A016418,dormant_sms,1.8311962609268002,0.8311962609268002,1
A002726,dormant_sms,15.462141456149402,14.462141456149402,1
A023566,dormant_sms,4.010579061755126,3.0105790617551262,1
A035200,dormant_sms,3.405899243980305,2.405899243980305,1
A033069,dormant_sms,11.329839386894916,10.329839386894916,1
A019750,dormant_sms,11.431025729295305,10.431025729295305,1
A020906,dormant_sms,2.946182866896536,1.9461828668965362,1
A006425,dormant_sms,2.665265988372791,1.665265988372791,1
A027988,dormant_sms,34.28468900405975,33.28468900405975,1
A014018,dormant_sms,6.092020182039201,5.092020182039201,1
A008332,dormant_sms,17.7202179118783,16.7202179118783,1
A037545,dormant_sms,3.310406483653247,2.310406483653247,1
A000889,dormant_sms,10.269356420714699,9.269356420714699,1
A000710,dormant_sms,3.9790654331988344,2.9790654331988344,1
A014604,dormant_sms,17.260145523171875,16.260145523171875,1
A029823,dormant_sms,1.6141612785290302,0.6141612785290302,1
A003536,dormant_sms,18.58544397354006,17.58544397354006,1
A010322,dormant_sms,7.152738080267165,6.152738080267165,1
A015124,dormant_sms,2.6319120812278425,1.6319120812278425,1
A019227,dormant_sms,43.90454092124447,42.90454092124447,1
A008065,dormant_sms,10.81659346816571,9.81659346816571,1
A031833,dormant_sms,11.119333112454642,10.119333112454642,1
A020799,dormant_sms,8.722345042161722,7.722345042161722,1
A015087,dormant_sms,2.576436786361684,1.576436786361684,1
A005398,dormant_sms,11.225420057526474,10.225420057526474,1
A036183,dormant_sms,5.161710407365158,4.161710407365158,1
A014080,dormant_sms,4.511210778717709,3.511210778717709,1
A009902,dormant_sms,1.4624166918351633,0.4624166918351633,1
A038585,dormant_sms,22.25363442186892,21.25363442186892,1
A032045,dormant_sms,2.416550868389856,1.416550868389856,1
A030683,dormant_sms,13.854957951960262,12.854957951960262,1
A039658,dormant_sms,4.819997717205075,3.8199977172050747,1
A030384,dormant_sms,10.782170430052611,9.782170430052611,1
A023462,dormant_sms,5.29381430435039,4.29381430435039,1
A023914,dormant_sms,1.598908514303891,0.598908514303891,1
A002997,dormant_sms,5.727194712142075,4.727194712142075,1
A002340,dormant_sms,49.3085778915152,48.3085778915152,1
A015414,dormant_sms,18.46919243131443,17.46919243131443,1
A028293,dormant_sms,23.608039698323367,22.608039698323367,1
A033574,dormant_sms,28.72597425235944,27.72597425235944,1
A010139,dormant_sms,14.158067375584308,13.158067375584308,1
A000050,dormant_sms,1.2849623147776548,0.28496231477765477,1
A023033,dormant_sms,33.32201353990686,32.32201353990686,1
A012776,dormant_sms,16.560587278168068,15.560587278168068,1
A024244,dormant_sms,5.015157977942934,4.015157977942934,1
A003006,dormant_sms,10.84623077871714,9.84623077871714,1
A012073,dormant_sms,2.7827853092408343,1.7827853092408343,1
A004513,dormant_sms,3.0646874922320997,2.0646874922320997,1
A007941,dormant_sms,10.746386299003508,9.746386299003508,1
A021561,dormant_sms,2.950881854447792,1.950881854447792,1
A032136,dormant_sms,9.370623681799243,8.370623681799243,1
A013060,dormant_sms,7.00317093771571,6.00317093771571,1
A016408,dormant_sms,11.329279335718427,10.329279335718427,1
A034918,dormant_sms,6.257977400939397,5.257977400939397,1
A021334,dormant_sms,57.62160186855339,56.62160186855339,1
A025499,dormant_sms,7.985011457088143,6.985011457088143,1
A035401,dormant_sms,3.4216665642358617,2.4216665642358617,1
A010737,dormant_sms,9.182623497052127,8.182623497052127,1
A000781,dormant_sms,11.343865585547453,10.343865585547453,1
A002575,dormant_sms,21.34502536002518,20.34502536002518,1
A011701,dormant_sms,15.25547011107651,14.25547011107651,1
A000220,dormant_sms,32.762707082681345,31.762707082681345,1
A006115,dormant_sms,3.401615983308464,2.401615983308464,1
A013309,dormant_sms,1.3939182569955908,0.3939182569955908,1
A017766,dormant_sms,6.48900626808557,5.48900626808557,1
A000351,dormant_sms,6.547335685179642,5.547335685179642,1
A021382,dormant_sms,55.2650530606906,54.2650530606906,1
A018638,dormant_sms,3.1543429324163887,2.1543429324163887,1
A034081,dormant_sms,11.338417823221016,10.338417823221016,1
A018630,dormant_sms,3.5234657015678414,2.5234657015678414,1
A001294,dormant_sms,1.9965204251915112,0.9965204251915112,1
A027233,dormant_sms,70.96849190856162,69.96849190856162,1
A018573,dormant_sms,4.976837770700097,3.9768377707000973,1
A023327,dormant_sms,18.90202260828472,17.90202260828472,1
A037562,dormant_sms,31.63745075187178,30.63745075187178,1
A026833,dormant_sms,1.9227091404567302,0.9227091404567302,1
A025255,dormant_sms,7.354478478064518,6.354478478064518,1
A007465,dormant_sms,33.27476183180443,32.27476183180443,1
A016852,dormant_sms,2.0898710950059813,1.0898710950059813,1
A025648,dormant_sms,3.7929897884112576,2.7929897884112576,1
A022819,dormant_sms,8.655308258367318,7.655308258367318,1
A007225,dormant_sms,24.444965280665254,23.444965280665254,1
A009045,dormant_sms,6.448367173228702,5.448367173228702,1
A036318,dormant_sms,34.716450044877824,33.716450044877824,1
A036263,dormant_sms,6.447447526010662,5.447447526010662,1
A038291,dormant_sms,2.9841067329606026,1.9841067329606026,1
A005811,dormant_sms,1.9148063228674201,0.9148063228674201,1
A035488,dormant_sms,2.8474538574127224,1.8474538574127224,1
A034114,dormant_sms,8.944395663070171,7.944395663070171,1
A022220,dormant_sms,4.609138620867169,3.609138620867169,1
A038476,dormant_sms,16.10597756982937,15.10597756982937,1
A034298,dormant_sms,9.418242726510899,8.418242726510899,1
A007594,dormant_sms,29.239135442108886,28.239135442108886,1
A038690,dormant_sms,3.4179112840677703,2.4179112840677703,1
A009605,dormant_sms,7.007175211839715,6.007175211839715,1
A014194,dormant_sms,8.299555264333089,7.2995552643330885,1
A006394,dormant_sms,1.461666908588587,0.46166690858858694,1
A036279,dormant_sms,2.0502253547804106,1.0502253547804106,1
A017132,dormant_sms,13.659045627863502,12.659045627863502,1
A005780,dormant_sms,8.189153056324301,7.189153056324301,1
A011067,dormant_sms,2.6759897490089615,1.6759897490089615,1
A019210,dormant_sms,11.716296497558055,10.716296497558055,1
A019019,dormant_sms,14.382994610676949,13.382994610676949,1
A010311,dormant_sms,3.695252702044288,2.695252702044288,1
A024662,dormant_sms,3.4531947102023315,2.4531947102023315,1
A004291,dormant_sms,4.940151581181767,3.940151581181767,1
A036456,dormant_sms,7.410770136813206,6.410770136813206,1
A020024,dormant_sms,1.6874650489742362,0.6874650489742362,1
A008918,dormant_sms,1.989056810354006,0.989056810354006,1
A034384,dormant_sms,5.509602408678133,4.509602408678133,1
A017566,dormant_sms,9.875589757483395,8.875589757483395,1
A013768,dormant_sms,10.948337361440458,9.948337361440458,1
A009192,dormant_sms,54.014220562681174,53.014220562681174,1
A008630,dormant_sms,8.331714158550897,7.331714158550897,1
A017800,dormant_sms,2.3828225321915166,1.3828225321915166,1
A019516,dormant_sms,16.23424108265237,15.234241082652371,1
A019571,dormant_sms,2.790575676262026,1.790575676262026,1
A032540,dormant_sms,1.0247833721573125,0.024783372157312522,1
A014623,dormant_sms,5.273936755042087,4.273936755042087,1
A000260,dormant_sms,10.602644406357193,9.602644406357193,1
A027394,dormant_sms,2.384714137923193,1.384714137923193,1
A030431,dormant_sms,5.056354609691698,4.056354609691698,1
A009989,dormant_sms,32.99754216223807,31.99754216223807,1
A027221,dormant_sms,12.092401257359404,11.092401257359404,1
A009074,dormant_sms,31.006649085309117,30.006649085309117,1
A016013,dormant_sms,9.865337606522706,8.865337606522706,1
A007645,dormant_sms,5.568484023496325,4.568484023496325,1
A032484,dormant_sms,6.480672888588947,5.480672888588947,1
A007721,dormant_sms,5.77598299524643,4.77598299524643,1
A013043,dormant_sms,3.2222633291470686,2.2222633291470686,1
A001585,dormant_sms,2.681661395157142,1.6816613951571422,1
A016159,dormant_sms,2.8146032554679077,1.8146032554679077,1
A034521,dormant_sms,8.120911373230346,7.120911373230346,1
A017334,dormant_sms,3.2630536585192678,2.2630536585192678,1
A000217,dormant_sms,14.52876717938126,13.52876717938126,1
A005757,dormant_sms,1.4069401566426705,0.40694015664267047,1
A036608,dormant_sms,4.480462604419529,3.480462604419529,1
A014535,dormant_sms,1.3564366203498874,0.35643662034988743,1
A025917,dormant_sms,1.0753712170678686,0.07537121706786865,1
A029076,dormant_sms,3.783770971249526,2.783770971249526,1
A019402,dormant_sms,1.0795407989299324,0.07954079892993238,1
A036499,dormant_sms,3.02916074308858,2.02916074308858,1
A015171,dormant_sms,4.606056069315988,3.606056069315988,1
A011770,dormant_sms,1.983958885777458,0.9839588857774579,1
A006303,dormant_sms,28.568412355857205,27.568412355857205,1
A038443,dormant_sms,5.627017520962273,4.627017520962273,1
A011724,dormant_sms,5.245883967619992,4.245883967619992,1
A021517,dormant_sms,4.400265485051664,3.400265485051664,1
A039230,dormant_sms,1.1647310911526318,0.16473109115263185,1
A010254,dormant_sms,1.8434031798285673,0.8434031798285673,1
A036728,dormant_sms,1.3397229347317317,0.33972293473173165,1
A006248,dormant_sms,3.747313406620342,2.747313406620342,1
A023969,dormant_sms,1.8735853381555803,0.8735853381555803,1
A014411,dormant_sms,6.716575754069782,5.716575754069782,1
A002215,dormant_sms,1.3695050540993685,0.3695050540993685,1
A005192,dormant_sms,26.88967938032938,25.88967938032938,1
A010267,dormant_sms,2.814519004898383,1.8145190048983828,1
A029598,dormant_sms,1.9658743648341488,0.9658743648341488,1
A025724,dormant_sms,2.730146734746457,1.730146734746457,1
A022732,dormant_sms,20.149100169258922,19.149100169258922,1
A026498,dormant_sms,3.4232516663786936,2.4232516663786936,1
A012970,dormant_sms,1.5958942710127058,0.5958942710127058,1
A027564,dormant_sms,2.5955316852036674,1.5955316852036674,1
A032343,dormant_sms,8.56980333447801,7.56980333447801,1
A038440,dormant_sms,12.139455439203216,11.139455439203216,1
A017513,dormant_sms,13.15425863720338,12.15425863720338,1
A032372,dormant_sms,11.509648408948701,10.509648408948701,1
A023839,dormant_sms,2.865498374196365,1.865498374196365,1
A035966,dormant_sms,2.2815279685144922,1.2815279685144922,1
A020158,dormant_sms,9.365922091429628,8.365922091429628,1
A021748,dormant_sms,8.123444420721023,7.1234444207210235,1
A004076,dormant_sms,4.44279421688899,3.4427942168889896,1
A032928,dormant_sms,3.2495023458065435,2.2495023458065435,1
A001641,dormant_sms,18.892240316257062,17.892240316257062,1
A032969,dormant_sms,3.484161776269831,2.484161776269831,1
A035380,dormant_sms,9.23646027772108,8.23646027772108,1
A024548,dormant_sms,16.081365185359452,15.081365185359452,1
A027985,dormant_sms,5.2260087039829175,4.2260087039829175,1
A023948,dormant_sms,4.50034427388006,3.50034427388006,1
A036690,dormant_sms,2.577273479630292,1.5772734796302919,1
A028542,dormant_sms,13.883383388200334,12.883383388200334,1
A010848,dormant_sms,4.1006866344658714,3.1006866344658714,1
A018695,dormant_sms,9.67279969184734,8.67279969184734,1
A031039,dormant_sms,2.9150002465981095,1.9150002465981095,1
A020224,dormant_sms,1.7280692610820905,0.7280692610820905,1
A037507,dormant_sms,6.484113129793998,5.484113129793998,1
A018671,dormant_sms,6.215455743405795,5.215455743405795,1
A009625,dormant_sms,3.3303329610202517,2.3303329610202517,1
A034035,dormant_sms,26.330162124596914,25.330162124596914,1
A018056,dormant_sms,10.651590527347825,9.651590527347825,1
A028739,dormant_sms,51.968411936641026,50.968411936641026,1
A019968,dormant_sms,2.336912209824079,1.3369122098240789,1
A039409,dormant_sms,3.4238124555868525,2.4238124555868525,1
A029845,dormant_sms,2.818195270203482,1.818195270203482,1
A008287,dormant_sms,5.317355326496584,4.317355326496584,1
A028069,dormant_sms,10.838041348848853,9.838041348848853,1
A005163,dormant_sms,12.871075970651876,11.871075970651876,1
A004078,dormant_sms,43.36305085471956,42.36305085471956,1
A003749,dormant_sms,14.793956058184177,13.793956058184177,1
A008203,dormant_sms,4.96251850982829,3.96251850982829,1
A012134,dormant_sms,3.2789527108974794,2.2789527108974794,1
A039617,dormant_sms,4.825501227719893,3.8255012277198928,1
A011668,dormant_sms,20.987580094756847,19.987580094756847,1
A038334,dormant_sms,3.292057620642953,2.292057620642953,1
A020813,dormant_sms,11.648431114572471,10.648431114572471,1
A011234,dormant_sms,2.757397465389678,1.757397465389678,1
A015987,dormant_sms,1.6498897383608166,0.6498897383608166,1
A017752,dormant_sms,27.52145472808854,26.52145472808854,1
A038275,dormant_sms,5.398759964962679,4.398759964962679,1
A025870,dormant_sms,4.222005719156973,3.2220057191569733,1
A006040,dormant_sms,12.03164922231006,11.03164922231006,1
A025437,dormant_sms,1.4746940629496696,0.47469406294966965,1
A034312,dormant_sms,8.397878895126912,7.397878895126912,1
A016696,dormant_sms,19.966712495623558,18.966712495623558,1
A029205,dormant_sms,7.783258732933113,6.783258732933113,1
A032772,dormant_sms,22.06420835040503,21.06420835040503,1
A021324,dormant_sms,3.513841255206943,2.513841255206943,1
A025730,dormant_sms,2.6228242999811218,1.6228242999811218,1
A036607,dormant_sms,9.34162843509321,8.34162843509321,1
A007266,dormant_sms,10.133748495506095,9.133748495506095,1
A016203,dormant_sms,19.09931989070611,18.09931989070611,1
A011306,dormant_sms,38.00772922029978,37.00772922029978,1
A017875,dormant_sms,3.309287274152763,2.309287274152763,1
A033122,dormant_sms,1.1884527480748062,0.18845274807480616,1
A006049,dormant_sms,42.153709436160746,41.153709436160746,1
A025899,dormant_sms,50.335344655950244,49.335344655950244,1
A032731,dormant_sms,4.042239924918153,3.042239924918153,1
A003004,dormant_sms,1.2291593185284284,0.2291593185284284,1
A014212,dormant_sms,5.2175364576342,4.2175364576342,1
A034656,dormant_sms,10.086311714183964,9.086311714183964,1
A038958,dormant_sms,2.300895032233838,1.300895032233838,1
A036999,dormant_sms,8.805987771245322,7.805987771245322,1
A020534,dormant_sms,10.380370251401821,9.380370251401821,1
A032683,dormant_sms,1.4505504227710413,0.4505504227710413,1
A001481,dormant_sms,50.58513824403053,49.58513824403053,1
A023647,dormant_sms,19.173716667704568,18.173716667704568,1
A036842,dormant_sms,17.00958532575554,16.00958532575554,1
A034985,dormant_sms,7.580545049625113,6.580545049625113,1
A013852,dormant_sms,1.6956805692582952,0.6956805692582952,1
A030350,dormant_sms,1.8043803305023836,0.8043803305023836,1
A032301,dormant_sms,13.259511791442367,12.259511791442367,1
A023995,dormant_sms,6.656964923085772,5.656964923085772,1
A010761,dormant_sms,2.154924411047441,1.1549244110474408,1
A015759,dormant_sms,3.823904690199567,2.823904690199567,1
A000476,dormant_sms,3.422592068400235,2.422592068400235,1
A036225,dormant_sms,3.6544939628648194,2.6544939628648194,1
A025548,dormant_sms,9.64146669272123,8.64146669272123,1
A028818,dormant_sms,2.025692324361803,1.025692324361803,1
A013286,dormant_sms,49.53294280468177,48.53294280468177,1
A039787,dormant_sms,10.728707411112238,9.728707411112238,1
A002128,dormant_sms,4.329489567334172,3.3294895673341722,1
A011377,dormant_sms,7.547274990156709,6.547274990156709,1
A023600,dormant_sms,4.349932212837742,3.349932212837742,1
A037076,dormant_sms,30.133767864877978,29.133767864877978,1
A028954,dormant_sms,15.71192213688158,14.71192213688158,1
A031835,dormant_sms,6.7976317081374535,5.7976317081374535,1
A001621,dormant_sms,4.528046318543282,3.528046318543282,1
A034484,dormant_sms,6.826402010615671,5.826402010615671,1
A030591,dormant_sms,8.129952237021051,7.129952237021051,1
A031497,dormant_sms,14.915913381141907,13.915913381141907,1
A035366,dormant_sms,11.565457738458445,10.565457738458445,1
A017621,dormant_sms,7.102715036812599,6.102715036812599,1
A027219,dormant_sms,9.57511165858201,8.57511165858201,1
A025797,dormant_sms,13.324937345779562,12.324937345779562,1
A026340,dormant_sms,1.2248442035852558,0.2248442035852558,1
A017036,dormant_sms,1.3835710317505563,0.3835710317505563,1
A010833,dormant_sms,7.855791107765645,6.855791107765645,1
A004941,dormant_sms,7.2319937207156,6.2319937207156,1
A010392,dormant_sms,2.998135174575218,1.9981351745752178,1
A022453,dormant_sms,33.97444621842136,32.97444621842136,1
A012035,dormant_sms,8.528127029786479,7.528127029786479,1
A022036,dormant_sms,19.180739579340376,18.180739579340376,1
A038003,dormant_sms,3.2928524573715854,2.2928524573715854,1
A037561,dormant_sms,6.579197790461032,5.579197790461032,1
A038160,dormant_sms,13.052285982812428,12.052285982812428,1
A017906,dormant_sms,9.277209423169033,8.277209423169033,1
A013201,dormant_sms,3.4651388630287765,2.4651388630287765,1
A007213,dormant_sms,2.3832879566989322,1.3832879566989322,1
A030672,dormant_sms,7.8333043713906605,6.8333043713906605,1
A022171,dormant_sms,15.664230229538449,14.664230229538449,1
A008334,dormant_sms,6.030500948589801,5.030500948589801,1
A017437,dormant_sms,5.930882486355501,4.930882486355501,1
A011989,dormant_sms,1.3719816012745178,0.37198160127451785,1
A006496,dormant_sms,4.262001476824405,3.2620014768244054,1
A029050,dormant_sms,6.247475892416981,5.247475892416981,1
A010855,dormant_sms,20.640108839923844,19.640108839923844,1
A034678,dormant_sms,5.690890421500308,4.690890421500308,1
A017199,dormant_sms,5.1745601432174295,4.1745601432174295,1
A021170,dormant_sms,8.028531581350588,7.028531581350588,1
A001663,dormant_sms,9.931317209387917,8.931317209387917,1
A028024,dormant_sms,55.09635607243829,54.09635607243829,1
A019386,dormant_sms,12.766879876905774,11.766879876905774,1
A025734,dormant_sms,1.0988033169760167,0.09880331697601674,1
A001887,dormant_sms,2.038382304833399,1.0383823048333989,1
A030614,dormant_sms,3.551473449287493,2.551473449287493,1
A010141,dormant_sms,3.30554712767887,2.30554712767887,1
A030471,dormant_sms,4.409244966312546,3.4092449663125457,1
A014708,dormant_sms,3.690867867693357,2.690867867693357,1
A032585,dormant_sms,8.380347399382812,7.380347399382812,1
A020991,dormant_sms,5.5044666919694905,4.5044666919694905,1
A005691,dormant_sms,12.933486548529164,11.933486548529164,1
A033977,dormant_sms,1.4610356775661846,0.4610356775661846,1
A030026,dormant_sms,6.680233270437684,5.680233270437684,1
A039898,dormant_sms,15.889663331829208,14.889663331829208,1
A026834,dormant_sms,2.2422304344184036,1.2422304344184036,1
A026703,dormant_sms,15.911183417334133,14.911183417334133,1
A029691,dormant_sms,6.939855292889212,5.939855292889212,1
A035988,dormant_sms,24.781787040826984,23.781787040826984,1
A005592,dormant_sms,9.98758793941646,8.98758793941646,1
A024151,dormant_sms,6.357714419779135,5.357714419779135,1
A002913,dormant_sms,13.457301792261378,12.457301792261378,1
A012129,dormant_sms,1.3169219177220037,0.31692191772200373,1
A011082,dormant_sms,1.9316284476658843,0.9316284476658843,1
A036811,dormant_sms,4.13572036711473,3.13572036711473,1
A002503,dormant_sms,20.462827189512886,19.462827189512886,1
A031392,dormant_sms,6.471399532323557,5.471399532323557,1
A029925,dormant_sms,9.602029306024203,8.602029306024203,1
A018547,dormant_sms,4.569738629595225,3.569738629595225,1
A034102,dormant_sms,7.732880014874605,6.732880014874605,1
A034065,dormant_sms,5.591532568041026,4.591532568041026,1
A029044,dormant_sms,3.9325777001260827,2.9325777001260827,1
A028742,dormant_sms,1.9903516944490587,0.9903516944490587,1
A030314,dormant_sms,3.035394174943739,2.035394174943739,1
A008371,dormant_sms,7.959574534104657,6.959574534104657,1
A004193,dormant_sms,3.8711966464042007,2.8711966464042007,1
A032060,dormant_sms,2.5418608491733785,1.5418608491733785,1
A023719,dormant_sms,2.1962556146798917,1.1962556146798917,1
A002453,dormant_sms,4.21791014153415,3.2179101415341496,1
A002674,dormant_sms,7.582577630337903,6.582577630337903,1
A002387,dormant_sms,2.4192967036420217,1.4192967036420217,1
A028228,dormant_sms,11.184836909489698,10.184836909489698,1
A016329,dormant_sms,16.341012395275275,15.341012395275275,1
A038067,dormant_sms,4.025899914262143,3.025899914262143,1
A030380,dormant_sms,1.2313822217339572,0.23138222173395717,1
A008847,dormant_sms,8.516203407732466,7.5162034077324655,1
A030492,dormant_sms,12.462448156713327,11.462448156713327,1
A006441,dormant_sms,12.377269414256954,11.377269414256954,1
A007229,dormant_sms,3.2045353782682886,2.2045353782682886,1
A007257,dormant_sms,7.367736004389993,6.367736004389993,1
A037224,dormant_sms,12.798808688231551,11.798808688231551,1
A014131,dormant_sms,1.5502045743180135,0.5502045743180135,1
A027668,dormant_sms,11.109490332115882,10.109490332115882,1
A039689,dormant_sms,5.500216600919211,4.500216600919211,1
A031254,dormant_sms,2.334646463024813,1.334646463024813,1
A030449,dormant_sms,7.283004974407271,6.283004974407271,1
A016823,dormant_sms,31.982964965898223,30.982964965898223,1
A017578,dormant_sms,8.094239556864792,7.0942395568647925,1
A000181,dormant_sms,33.392067014627415,32.392067014627415,1
A018199,dormant_sms,11.171857779757083,10.171857779757083,1
A027200,dormant_sms,2.716740742378889,1.7167407423788892,1
A025727,dormant_sms,56.253637613352005,55.253637613352005,1
A013331,dormant_sms,3.1721737427264323,2.1721737427264323,1
A024290,dormant_sms,14.509054521766076,13.509054521766076,1
A013142,dormant_sms,2.3740854903838575,1.3740854903838575,1
A026856,dormant_sms,7.198607029288988,6.198607029288988,1
A009803,dormant_sms,11.771538215602389,10.771538215602389,1
A023524,dormant_sms,11.03119430166661,10.03119430166661,1
A020395,dormant_sms,5.799542394369647,4.799542394369647,1
A011856,dormant_sms,16.497126854452706,15.497126854452706,1
A035876,dormant_sms,4.0089916342796466,3.0089916342796466,1
A011552,dormant_sms,3.787031019691175,2.787031019691175,1
A026547,dormant_sms,10.735406318663907,9.735406318663907,1
A031363,dormant_sms,10.570660121836848,9.570660121836848,1
A020776,dormant_sms,1.1072381760006726,0.10723817600067265,1
A003580,dormant_sms,2.069469730243606,1.0694697302436058,1
A015044,dormant_sms,40.85018440143511,39.85018440143511,1
A017930,dormant_sms,7.739947602191924,6.739947602191924,1
A006123,dormant_sms,2.4143159036146393,1.4143159036146393,1
A037653,dormant_sms,7.870222911785468,6.870222911785468,1
A006001,dormant_sms,6.587942547355082,5.587942547355082,1
A035106,dormant_sms,3.716222511945973,2.716222511945973,1
A026794,dormant_sms,3.878700213053904,2.878700213053904,1
A003170,dormant_sms,13.931417739118809,12.931417739118809,1
A033802,dormant_sms,2.3645777073926837,1.3645777073926837,1
A026188,dormant_sms,3.0253594935843013,2.0253594935843013,1
A013491,dormant_sms,19.205044560402964,18.205044560402964,1
A023041,dormant_sms,3.2412132955282433,2.2412132955282433,1
A007132,dormant_sms,6.205795933693266,5.205795933693266,1
A025396,dormant_sms,3.4718270153485675,2.4718270153485675,1
A022928,dormant_sms,1.6616478098207914,0.6616478098207914,1
A033543,dormant_sms,5.795207010626671,4.795207010626671,1
A000766,dormant_sms,24.738657546284266,23.738657546284266,1
A010331,dormant_sms,4.531537627481856,3.531537627481856,1
A022407,dormant_sms,4.9231566206407,3.9231566206407003,1
A000408,dormant_sms,12.187415820841482,11.187415820841482,1
A002763,dormant_sms,1.0594361420972964,0.05943614209729642,1
A013227,dormant_sms,5.6739188574107065,4.6739188574107065,1
A031441,dormant_sms,12.466279841356343,11.466279841356343,1
A009020,dormant_sms,15.9418706916079,14.9418706916079,1
A025177,dormant_sms,3.971470928942506,2.971470928942506,1
A008124,dormant_sms,2.196882483668546,1.196882483668546,1
A039386,dormant_sms,3.3521474871880312,2.3521474871880312,1
A000461,dormant_sms,2.0433279346298354,1.0433279346298354,1
A039852,dormant_sms,8.220135224942474,7.220135224942474,1
A037321,dormant_sms,28.198711895306438,27.198711895306438,1
A018628,dormant_sms,24.957763751368404,23.957763751368404,1
A032363,dormant_sms,12.175117345207438,11.175117345207438,1
A033924,dormant_sms,11.38438465311929,10.38438465311929,1
A039704,dormant_sms,12.836775114058863,11.836775114058863,1
A010319,dormant_sms,8.473980079790742,7.473980079790742,1
A013469,dormant_sms,6.511717128933045,5.511717128933045,1
A015053,dormant_sms,2.015500982500281,1.015500982500281,1
A031748,dormant_sms,5.6205393373143995,4.6205393373143995,1
A011160,dormant_sms,4.350524557977892,3.3505245579778924,1
A026817,dormant_sms,26.992362626609417,25.992362626609417,1
A006080,dormant_sms,1.9853163919001726,0.9853163919001726,1
A012325,dormant_sms,5.867539164019522,4.867539164019522,1
A033913,dormant_sms,7.2379562195859135,6.2379562195859135,1
A001157,dormant_sms,5.624633320143609,4.624633320143609,1
A039866,dormant_sms,4.397897297308356,3.397897297308356,1
A026324,dormant_sms,12.255346248817638,11.255346248817638,1
A003798,dormant_sms,19.46768357446708,18.46768357446708,1
A000170,dormant_sms,2.3484136643738287,1.3484136643738287,1
A023341,dormant_sms,8.220553862658772,7.220553862658772,1
A019942,dormant_sms,5.747407666056444,4.747407666056444,1
A003671,dormant_sms,9.539253621155131,8.539253621155131,1
A022459,dormant_sms,11.693001382036117,10.693001382036117,1
A026339,dormant_sms,5.690846960633496,4.690846960633496,1
A036909,dormant_sms,3.8204648352534054,2.8204648352534054,1
A034928,dormant_sms,1.205441004700047,0.205441004700047,1
A022435,dormant_sms,8.087683927052632,7.087683927052632,1
A009713,dormant_sms,2.3534938426482856,1.3534938426482856,1
A034316,dormant_sms,2.9351689917485633,1.9351689917485633,1
A027090,dormant_sms,4.38912347721849,3.38912347721849,1
A003362,dormant_sms,6.492338286466762,5.492338286466762,1
A030638,dormant_sms,4.010671535455533,3.0106715354555327,1
A010675,dormant_sms,4.089032141941291,3.089032141941291,1
A019917,dormant_sms,7.711516231687649,6.711516231687649,1
A027505,dormant_sms,1.6839181926637907,0.6839181926637907,1
A025586,dormant_sms,23.598971756747847,22.598971756747847,1
A004716,dormant_sms,1.1674180480448275,0.16741804804482752,1
A014917,dormant_sms,2.825167612015668,1.825167612015668,1
A038972,dormant_sms,4.8748102526638055,3.8748102526638055,1
A038102,dormant_sms,9.986847491139402,8.986847491139402,1
A004206,dormant_sms,4.652914191764105,3.652914191764105,1
A035440,dormant_sms,7.255478535527548,6.255478535527548,1
A003043,dormant_sms,11.995520578920248,10.995520578920248,1
A011193,dormant_sms,17.19999016420078,16.19999016420078,1
A027612,dormant_sms,6.426712580059125,5.426712580059125,1
A021019,dormant_sms,13.551296310132141,12.551296310132141,1
A004744,dormant_sms,20.12587006869744,19.12587006869744,1
A016491,dormant_sms,6.568177261178647,5.568177261178647,1
A006205,dormant_sms,3.0641838034448075,2.0641838034448075,1
A028105,dormant_sms,7.24979005699592,6.24979005699592,1
A004165,dormant_sms,1.1540373594575861,0.15403735945758612,1
A025525,dormant_sms,10.168264144068292,9.168264144068292,1
A036559,dormant_sms,3.2545982650905874,2.2545982650905874,1
A014991,dormant_sms,6.906064706465795,5.906064706465795,1
A030112,dormant_sms,1.4418300956628252,0.44183009566282516,1
A038678,dormant_sms,2.155383515519285,1.155383515519285,1
A019143,dormant_sms,11.90044059917924,10.90044059917924,1
A005423,dormant_sms,8.500557817955647,7.500557817955647,1
A026094,dormant_sms,6.545888964775407,5.545888964775407,1
A039275,dormant_sms,3.3762425169934054,2.3762425169934054,1
A033846,dormant_sms,14.657788406715602,13.657788406715602,1
A027637,dormant_sms,2.7828753594365137,1.7828753594365137,1
A009411,dormant_sms,18.55048660122944,17.55048660122944,1
A007608,dormant_sms,2.389769917216703,1.3897699172167028,1
A022590,dormant_sms,4.522243471608165,3.5222434716081654,1
A030162,dormant_sms,6.4726783423220065,5.4726783423220065,1
A026056,dormant_sms,3.5750014973156685,2.5750014973156685,1
A017430,dormant_sms,13.545871075876464,12.545871075876464,1
A012665,dormant_sms,4.694858775737215,3.694858775737215,1
A035894,dormant_sms,1.3240648274645865,0.32406482746458654,1
A038214,dormant_sms,1.3147442741894442,0.3147442741894442,1
A035633,dormant_sms,47.18309227506018,46.18309227506018,1
A019093,dormant_sms,15.301230150644425,14.301230150644425,1
A006466,dormant_sms,11.313419852687428,10.313419852687428,1
A006787,dormant_sms,2.74227629002616,1.74227629002616,1
A018564,dormant_sms,28.71521550866876,27.71521550866876,1
A016060,dormant_sms,6.757465549164874,5.757465549164874,1
A008062,dormant_sms,2.4381153942923532,1.4381153942923532,1
A030405,dormant_sms,1.8301520614792322,0.8301520614792322,1
A026491,dormant_sms,1.6321434632880378,0.6321434632880378,1
A024015,dormant_sms,5.049493793931395,4.049493793931395,1
A009592,dormant_sms,7.428726213597522,6.428726213597522,1
A034206,dormant_sms,9.097839437099926,8.097839437099926,1
A025880,dormant_sms,14.222251860331825,13.222251860331825,1
A004885,dormant_sms,7.186451303330669,6.186451303330669,1
A024108,dormant_sms,2.585787536933169,1.5857875369331689,1
A016045,dormant_sms,4.75362300642159,3.7536230064215896,1
A002201,dormant_sms,3.938725549719909,2.938725549719909,1
A028654,dormant_sms,14.705284687725666,13.705284687725666,1
A035025,dormant_sms,1.0334415943531612,0.033441594353161186,1
A026858,dormant_sms,4.777654393619877,3.777654393619877,1
A033643,dormant_sms,3.843632123187045,2.843632123187045,1
A006720,dormant_sms,36.58612651143942,35.58612651143942,1
A008860,dormant_sms,8.133922714718365,7.133922714718365,1
A032779,dormant_sms,7.631935035624102,6.631935035624102,1
A009277,dormant_sms,12.909009193315619,11.909009193315619,1
A007791,dormant_sms,1.5676858606219954,0.5676858606219954,1
A038492,dormant_sms,4.304701666545771,3.304701666545771,1
A005016,dormant_sms,5.5828664603518945,4.5828664603518945,1
A038876,dormant_sms,14.222566100392582,13.222566100392582,1
A030463,dormant_sms,1.5560201378615253,0.5560201378615253,1
A008354,dormant_sms,2.1451787360324635,1.1451787360324635,1
A031689,dormant_sms,6.652501210395172,5.652501210395172,1
A003473,dormant_sms,3.062746506259519,2.062746506259519,1
A015741,dormant_sms,12.974983129665937,11.974983129665937,1
A028716,dormant_sms,4.107778397468545,3.107778397468545,1
A032996,dormant_sms,2.130939887710001,1.1309398877100012,1
A004045,dormant_sms,12.165044920588839,11.165044920588839,1
A001312,dormant_sms,13.479394509710392,12.479394509710392,1
A017581,dormant_sms,14.902856021203636,13.902856021203636,1
A017625,dormant_sms,8.263024364712122,7.2630243647121215,1
A018700,dormant_sms,12.30402727122937,11.30402727122937,1
A012926,dormant_sms,1.9130355292164865,0.9130355292164865,1
A023067,dormant_sms,11.479113644622762,10.479113644622762,1
A030498,dormant_sms,6.256543657852718,5.256543657852718,1
A007767,dormant_sms,11.360484983413953,10.360484983413953,1
A027293,dormant_sms,7.295482234141265,6.295482234141265,1
A020547,dormant_sms,58.294044138573724,57.294044138573724,1
A005024,dormant_sms,26.076163515194217,25.076163515194217,1
A039200,dormant_sms,2.623367326265359,1.6233673262653592,1
A024830,dormant_sms,2.0373576158684306,1.0373576158684306,1
A016231,dormant_sms,6.122621688478471,5.122621688478471,1
A003564,dormant_sms,6.059242303097587,5.059242303097587,1
A018120,dormant_sms,4.448757431328821,3.448757431328821,1
A031374,dormant_sms,3.040361125192867,2.040361125192867,1
A007527,dormant_sms,8.394351132069474,7.394351132069474,1
A004715,dormant_sms,3.211185245593534,2.211185245593534,1
A031388,dormant_sms,26.05157902077005,25.05157902077005,1
A012667,dormant_sms,15.143055712235618,14.143055712235618,1
A031604,dormant_sms,2.3482004853515486,1.3482004853515486,1
A014999,dormant_sms,8.550526415163784,7.550526415163784,1
A013787,dormant_sms,24.56214324140654,23.56214324140654,1
A009654,dormant_sms,9.210764320370817,8.210764320370817,1
A023024,dormant_sms,1.0462917793147966,0.046291779314796555,1
A025747,dormant_sms,2.608747356925821,1.608747356925821,1
A012812,dormant_sms,20.531058752846867,19.531058752846867,1
A025219,dormant_sms,16.575808206419957,15.575808206419957,1
A023900,dormant_sms,4.452553953501519,3.4525539535015186,1
A019224,dormant_sms,2.45629342476234,1.45629342476234,1
A009169,dormant_sms,6.307964731544839,5.307964731544839,1
A038185,dormant_sms,17.173408909174512,16.173408909174512,1
A026976,dormant_sms,3.760920790277692,2.760920790277692,1
A002214,dormant_sms,1.4654007400364035,0.4654007400364035,1
A030798,dormant_sms,2.231974938561555,1.2319749385615548,1
A020954,dormant_sms,4.093394806218158,3.093394806218158,1
A032649,dormant_sms,16.452429486249233,15.452429486249233,1
A037318,dormant_sms,8.887231073327833,7.887231073327833,1
A006412,dormant_sms,12.135868623029765,11.135868623029765,1
A007011,dormant_sms,8.856547138648217,7.856547138648217,1
A032378,dormant_sms,6.978586156699407,5.978586156699407,1
A005946,dormant_sms,2.806551208545713,1.806551208545713,1
A035193,dormant_sms,8.712044454963182,7.712044454963182,1
A007149,dormant_sms,3.3120179086599886,2.3120179086599886,1
A001924,dormant_sms,25.530665941115082,24.530665941115082,1
A037083,dormant_sms,7.022603969763642,6.022603969763642,1
A028841,dormant_sms,1.2508298024979023,0.2508298024979023,1
A022022,dormant_sms,3.7502187850975863,2.7502187850975863,1
A007537,dormant_sms,52.65493258912543,51.65493258912543,1
A014677,dormant_sms,11.36215194327992,10.36215194327992,1
A015727,dormant_sms,7.276672707053999,6.276672707053999,1
A003511,dormant_sms,1.6945794730970456,0.6945794730970456,1
A035405,dormant_sms,11.667204904664034,10.667204904664034,1
A024717,dormant_sms,7.604960349990873,6.604960349990873,1
A031192,dormant_sms,4.774811309022128,3.7748113090221276,1
A031795,dormant_sms,32.9367030698029,31.936703069802903,1
A030743,dormant_sms,10.5037594351012,9.5037594351012,1
A013789,dormant_sms,4.940536460949318,3.9405364609493176,1
A000354,dormant_sms,21.952172363631046,20.952172363631046,1
A012723,dormant_sms,2.329447698221653,1.329447698221653,1
A012018,dormant_sms,5.860159600885116,4.860159600885116,1
A014403,dormant_sms,8.533417181794896,7.533417181794896,1
A021544,dormant_sms,3.159636323921902,2.159636323921902,1
A015607,dormant_sms,1.6880052873311155,0.6880052873311155,1
A021585,dormant_sms,4.758307837730879,3.7583078377308787,1
A023403,dormant_sms,28.742841763509198,27.742841763509198,1
A002706,dormant_sms,3.2119601544453262,2.2119601544453262,1
A011088,dormant_sms,14.94278941323436,13.94278941323436,1
A039335,dormant_sms,2.0979629472987775,1.0979629472987775,1
A012616,dormant_sms,4.62191782527962,3.6219178252796196,1
A018028,dormant_sms,15.602192352002783,14.602192352002783,1
A021541,dormant_sms,2.0579331750084737,1.0579331750084737,1
A003309,dormant_sms,3.65682484332271,2.65682484332271,1
A024566,dormant_sms,21.048093299625496,20.048093299625496,1
A007926,dormant_sms,3.3897021787422243,2.3897021787422243,1
A039791,dormant_sms,7.2590362487958915,6.2590362487958915,1
A039019,dormant_sms,4.698635900524535,3.6986359005245353,1
A010810,dormant_sms,6.832865119389453,5.832865119389453,1
A011577,dormant_sms,3.177875623907396,2.177875623907396,1
A026267,dormant_sms,14.185571480768663,13.185571480768663,1
A027677,dormant_sms,5.381169066428749,4.381169066428749,1
A024845,dormant_sms,6.383336689078011,5.383336689078011,1
A006387,dormant_sms,2.983223878496253,1.9832238784962528,1
A014087,dormant_sms,4.134445681434914,3.134445681434914,1
A025611,dormant_sms,12.068003254765554,11.068003254765554,1
A018455,dormant_sms,1.452351292072842,0.4523512920728421,1
A004713,dormant_sms,7.2728632262810375,6.2728632262810375,1
A023387,dormant_sms,2.7494552840724706,1.7494552840724706,1
A009259,dormant_sms,2.5604325685697558,1.5604325685697558,1
A007859,dormant_sms,7.882179415913134,6.882179415913134,1
A005224,dormant_sms,6.055240967003616,5.055240967003616,1
A006013,dormant_sms,3.027138199824163,2.027138199824163,1
A026078,dormant_sms,7.34675986403731,6.34675986403731,1
A027113,dormant_sms,3.360271774576781,2.360271774576781,1
A031422,dormant_sms,8.00333965749164,7.00333965749164,1
A037273,dormant_sms,2.7850639510162796,1.7850639510162796,1
A036709,dormant_sms,7.598367445488291,6.598367445488291,1
A039098,dormant_sms,9.179905035508117,8.179905035508117,1
A001662,dormant_sms,3.3656948437032117,2.3656948437032117,1
A010359,dormant_sms,52.764046362598776,51.764046362598776,1
A007911,dormant_sms,3.312411549270447,2.312411549270447,1
A013504,dormant_sms,30.89833321735275,29.89833321735275,1
A009219,dormant_sms,9.380899566652822,8.380899566652822,1
A032043,dormant_sms,15.3740831068251,14.3740831068251,1
A035587,dormant_sms,14.7348604536586,13.7348604536586,1
A036275,dormant_sms,3.318134561109065,2.318134561109065,1
A008387,dormant_sms,9.560094379573094,8.560094379573094,1
A009421,dormant_sms,1.8759220523380522,0.8759220523380522,1
A001438,dormant_sms,26.769296457805375,25.769296457805375,1
A024334,dormant_sms,3.282121978824532,2.282121978824532,1
A027718,dormant_sms,11.275020557076317,10.275020557076317,1
A023734,dormant_sms,5.110696943144674,4.110696943144674,1
A018123,dormant_sms,8.057765342262572,7.057765342262572,1
A010951,dormant_sms,6.77788194023318,5.77788194023318,1
A016220,dormant_sms,10.868752285547304,9.868752285547304,1
A038943,dormant_sms,10.621156816891768,9.621156816891768,1
A013202,dormant_sms,1.1669965099876445,0.16699650998764448,1
A002798,dormant_sms,4.288772098526596,3.2887720985265956,1
A021277,dormant_sms,6.239187857145774,5.239187857145774,1
A005193,dormant_sms,6.426825027054039,5.426825027054039,1
A012991,dormant_sms,23.908818617770876,22.908818617770876,1
A018268,dormant_sms,8.97967194989727,7.97967194989727,1
A023598,dormant_sms,3.1554789012603717,2.1554789012603717,1
A004352,dormant_sms,24.249261960780178,23.249261960780178,1
A012601,dormant_sms,2.8893983791087074,1.8893983791087074,1
A003561,dormant_sms,6.214498724328901,5.214498724328901,1
A021216,dormant_sms,38.20726129857425,37.20726129857425,1
A025174,dormant_sms,15.193190151446165,14.193190151446165,1
A000738,dormant_sms,11.975867375136849,10.975867375136849,1
A037896,dormant_sms,7.195290606862155,6.195290606862155,1
A035664,dormant_sms,15.22920935869619,14.22920935869619,1
A012076,dormant_sms,3.013983842607215,2.013983842607215,1
A011194,dormant_sms,3.8678711080284387,2.8678711080284387,1
A022890,dormant_sms,6.664252732834878,5.664252732834878,1
A032775,dormant_sms,13.952607209613523,12.952607209613523,1
A002079,dormant_sms,4.3602404265422,3.3602404265422,1
A007938,dormant_sms,1.433342588622799,0.43334258862279906,1
A028045,dormant_sms,2.5131879258608043,1.5131879258608043,1
A004010,dormant_sms,1.5091765440149618,0.5091765440149618,1
A029432,dormant_sms,2.853632245204251,1.8536322452042509,1
A013675,dormant_sms,4.603798811470772,3.6037988114707717,1
A003255,dormant_sms,5.19605937980965,4.19605937980965,1
A032755,dormant_sms,7.844067143561571,6.844067143561571,1
A038588,dormant_sms,28.554073290038524,27.554073290038524,1
A008419,dormant_sms,3.0722958197438017,2.0722958197438017,1
A031875,dormant_sms,12.40687953567558,11.40687953567558,1
A037709,dormant_sms,6.438609634733932,5.438609634733932,1
A037428,dormant_sms,2.3479397498298944,1.3479397498298944,1
A017355,dormant_sms,8.334468589842357,7.334468589842357,1
A019874,dormant_sms,2.9588307736823314,1.9588307736823314,1
A024180,dormant_sms,3.681550524151438,2.681550524151438,1
A033937,dormant_sms,5.078953436475496,4.078953436475496,1
A019475,dormant_sms,5.826718046376001,4.826718046376001,1
A023924,dormant_sms,11.916594621594584,10.916594621594584,1
A020338,dormant_sms,3.8681193699267067,2.8681193699267067,1
A002227,dormant_sms,8.108859635982324,7.1088596359823235,1
A027429,dormant_sms,3.423015737842052,2.423015737842052,1
A017076,dormant_sms,8.93219016770737,7.93219016770737,1
A014802,dormant_sms,6.038572703042598,5.038572703042598,1
A028430,dormant_sms,12.80598243975421,11.80598243975421,1
A034695,dormant_sms,19.319086689134263,18.319086689134263,1
A022770,dormant_sms,3.4186759512607185,2.4186759512607185,1
A038223,dormant_sms,3.6608612750914,2.6608612750914,1
A011573,dormant_sms,7.483572806663274,6.483572806663274,1
A019946,dormant_sms,5.606117735890457,4.606117735890457,1
A012192,dormant_sms,2.698411310707019,1.698411310707019,1
A009474,dormant_sms,5.615187752896076,4.615187752896076,1
A001738,dormant_sms,8.775179447699417,7.775179447699417,1
A001201,dormant_sms,6.994656298966989,5.994656298966989,1
A023200,dormant_sms,18.231370083700906,17.231370083700906,1
A013492,dormant_sms,9.913000590064756,8.913000590064756,1
A011340,dormant_sms,23.25368473726032,22.25368473726032,1
A006148,dormant_sms,2.2569126296104853,1.2569126296104853,1
A017388,dormant_sms,5.8199658339170925,4.8199658339170925,1
A027368,dormant_sms,14.553171816625621,13.553171816625621,1
A023299,dormant_sms,7.811732453466296,6.811732453466296,1
A028977,dormant_sms,9.07532904646667,8.07532904646667,1
A002586,dormant_sms,8.031966966309563,7.031966966309563,1
A009721,dormant_sms,5.721946344637333,4.721946344637333,1
A003364,dormant_sms,22.708274536969725,21.708274536969725,1
A003369,dormant_sms,11.410726844861056,10.410726844861056,1
A004239,dormant_sms,9.628007453210914,8.628007453210914,1
A011282,dormant_sms,7.536435064368987,6.536435064368987,1
A037215,dormant_sms,4.038546935451622,3.038546935451622,1
A000378,dormant_sms,3.019794622733826,2.019794622733826,1
A009516,dormant_sms,16.700862030485396,15.700862030485396,1
A003870,dormant_sms,17.531241373762274,16.531241373762274,1
A033730,dormant_sms,6.152389806939342,5.152389806939342,1
A035282,dormant_sms,3.839320194514212,2.839320194514212,1
A018269,dormant_sms,3.6947328330823006,2.6947328330823006,1
A017127,dormant_sms,7.730308289393947,6.730308289393947,1
A039010,dormant_sms,6.1835967597786885,5.1835967597786885,1
A018887,dormant_sms,3.677269788329087,2.677269788329087,1
A038336,dormant_sms,12.075683142563342,11.075683142563342,1
A018452,dormant_sms,2.29461519372938,1.29461519372938,1
A030833,dormant_sms,3.3938485484163947,2.3938485484163947,1
A028419,dormant_sms,7.829616415256423,6.829616415256423,1
A016682,dormant_sms,1.6147692468616446,0.6147692468616446,1
A022579,dormant_sms,3.3622936082678936,2.3622936082678936,1
A015452,dormant_sms,20.484414001257818,19.484414001257818,1
A012844,dormant_sms,17.09451708420827,16.09451708420827,1
A004013,dormant_sms,22.077941645579724,21.077941645579724,1
A020270,dormant_sms,2.4009719009603314,1.4009719009603314,1
A016326,dormant_sms,2.6119129508837164,1.6119129508837164,1
A017122,dormant_sms,2.3587799011762383,1.3587799011762383,1
A034827,dormant_sms,5.4676134973135895,4.4676134973135895,1
A005712,dormant_sms,8.31172985893456,7.3117298589345605,1
A021363,dormant_sms,1.1469095731397376,0.14690957313973763,1
A029859,dormant_sms,2.694447629080379,1.6944476290803792,1
A026531,dormant_sms,8.296522446902735,7.296522446902735,1
A002948,dormant_sms,9.902575794805312,8.902575794805312,1
A033830,dormant_sms,1.7246495655722773,0.7246495655722773,1
A003701,dormant_sms,73.50650196446485,72.50650196446485,1
A006184,dormant_sms,17.5756032310317,16.5756032310317,1
A027400,dormant_sms,1.8045839061630071,0.8045839061630071,1
A016899,dormant_sms,2.4904403888232207,1.4904403888232207,1
A023203,dormant_sms,23.220936769913873,22.220936769913873,1
A020620,dormant_sms,1.056146748860262,0.05614674886026205,1
A025617,dormant_sms,9.202162385241333,8.202162385241333,1
A004118,dormant_sms,1.8342536450732623,0.8342536450732623,1
A006940,dormant_sms,2.015377902515083,1.015377902515083,1
A015958,dormant_sms,2.4672527484096154,1.4672527484096154,1
A028381,dormant_sms,6.797154386218219,5.797154386218219,1
A006730,dormant_sms,10.08692037323071,9.08692037323071,1
A003529,dormant_sms,7.169261306842985,6.169261306842985,1
A003756,dormant_sms,12.62703506879822,11.62703506879822,1
A009040,dormant_sms,4.8515198028414845,3.8515198028414845,1
A038092,dormant_sms,10.716842461371494,9.716842461371494,1
A022473,dormant_sms,2.778481168617858,1.778481168617858,1
A004216,dormant_sms,7.127967896356205,6.127967896356205,1
A012161,dormant_sms,8.744906895338564,7.7449068953385645,1
A036525,dormant_sms,12.267565132199483,11.267565132199483,1
A002023,dormant_sms,9.181864333865017,8.181864333865017,1
A039292,dormant_sms,43.450695970241014,42.450695970241014,1
A038342,dormant_sms,18.52663121191795,17.52663121191795,1
A011437,dormant_sms,19.816438528965183,18.816438528965183,1
A031229,dormant_sms,4.828787584753061,3.8287875847530612,1
A026941,dormant_sms,7.122736640969641,6.122736640969641,1
A017582,dormant_sms,13.187834237639535,12.187834237639535,1
A021547,dormant_sms,21.68123012669282,20.68123012669282,1
A038581,dormant_sms,6.912576888657112,5.912576888657112,1
A007106,dormant_sms,3.3466205477470274,2.3466205477470274,1
A037609,dormant_sms,1.2211229166113104,0.22112291661131045,1
A015469,dormant_sms,7.229482045741909,6.229482045741909,1
A008364,dormant_sms,4.852458077056452,3.8524580770564523,1
A035926,dormant_sms,6.274974524440093,5.274974524440093,1
A017189,dormant_sms,1.1828297534810779,0.18282975348107788,1
A010378,dormant_sms,5.8607348688118215,4.8607348688118215,1
A027197,dormant_sms,3.7650816822325766,2.7650816822325766,1
A019589,dormant_sms,9.782064269000218,8.782064269000218,1
A024899,dormant_sms,1.5710327658162981,0.5710327658162981,1
A039708,dormant_sms,16.984581317519865,15.984581317519865,1
A019764,dormant_sms,67.56487114522035,66.56487114522035,1
A002471,dormant_sms,2.180111808091798,1.180111808091798,1
A001718,dormant_sms,10.26719227180533,9.26719227180533,1
A009428,dormant_sms,4.200450420834562,3.200450420834562,1
A001798,dormant_sms,5.317448042083765,4.317448042083765,1
A000294,dormant_sms,16.584259040176313,15.584259040176313,1
A017136,dormant_sms,1.0445898043697521,0.04458980436975213,1
A010794,dormant_sms,8.34309839387612,7.3430983938761205,1
A003377,dormant_sms,1.9916599465707165,0.9916599465707165,1
A002237,dormant_sms,1.9651448079327856,0.9651448079327856,1
A014765,dormant_sms,4.836447437843322,3.836447437843322,1
A002058,dormant_sms,5.453924140428638,4.453924140428638,1
A016977,dormant_sms,3.5349863773532597,2.5349863773532597,1
A026565,dormant_sms,8.686113983555531,7.686113983555531,1
A020477,dormant_sms,8.17117798307415,7.17117798307415,1
A004104,dormant_sms,10.799043806193671,9.799043806193671,1
A027478,dormant_sms,1.3203794418701649,0.32037944187016487,1
A010502,dormant_sms,13.153233297255174,12.153233297255174,1
A026713,dormant_sms,18.58133272412625,17.58133272412625,1
A017612,dormant_sms,4.240508862963256,3.2405088629632557,1
A025713,dormant_sms,6.569934234948317,5.569934234948317,1
A005097,dormant_sms,10.816632920632891,9.816632920632891,1
A006280,dormant_sms,8.719061591640806,7.719061591640806,1
A034873,dormant_sms,27.10731485477096,26.10731485477096,1
A020605,dormant_sms,2.3814164849176547,1.3814164849176547,1
A013527,dormant_sms,4.427749000393592,3.427749000393592,1
A000136,dormant_sms,2.5877578784499446,1.5877578784499446,1
A006448,dormant_sms,5.40023380493255,4.40023380493255,1
A002677,dormant_sms,3.220123945663173,2.220123945663173,1
A032016,dormant_sms,2.2175332518715596,1.2175332518715596,1
A001592,dormant_sms,8.270220520562857,7.270220520562857,1
A017708,dormant_sms,21.772087329527178,20.772087329527178,1
A005817,dormant_sms,23.03903237219224,22.03903237219224,1
A000098,dormant_sms,6.095257298160222,5.095257298160222,1
A024789,dormant_sms,1.3362341790963417,0.3362341790963417,1
A027273,dormant_sms,4.402352722076275,3.402352722076275,1
A004701,dormant_sms,14.118728698339387,13.118728698339387,1
A004921,dormant_sms,2.835558197931783,1.8355581979317832,1
A014129,dormant_sms,3.4731762106181945,2.4731762106181945,1
A018970,dormant_sms,3.7592613922741407,2.7592613922741407,1
A003943,dormant_sms,7.545210827844981,6.545210827844981,1
A006027,dormant_sms,18.5567412339721,17.5567412339721,1
A008492,dormant_sms,5.484468920179274,4.484468920179274,1
A031074,dormant_sms,2.8027569441624363,1.8027569441624363,1
A003188,dormant_sms,1.9314331063368588,0.9314331063368588,1
A029323,dormant_sms,19.226104755862053,18.226104755862053,1
A027572,dormant_sms,7.010417122128783,6.010417122128783,1
A013545,dormant_sms,6.207790939131361,5.207790939131361,1
A017653,dormant_sms,16.50300726260234,15.503007262602338,1
A029142,dormant_sms,2.9095940811902112,1.9095940811902112,1
A005253,dormant_sms,9.97590412810091,8.97590412810091,1
A010544,dormant_sms,2.133172011456633,1.133172011456633,1
A007525,dormant_sms,23.086226936108453,22.086226936108453,1
A021212,dormant_sms,2.642072861767415,1.642072861767415,1
A008113,dormant_sms,13.068170601677236,12.068170601677236,1
A017574,dormant_sms,11.035571157346492,10.035571157346492,1
A005092,dormant_sms,4.288459468453754,3.2884594684537536,1
A016567,dormant_sms,2.1763701044427903,1.1763701044427903,1
A039691,dormant_sms,5.974217938259404,4.974217938259404,1
A015510,dormant_sms,6.127847038084304,5.127847038084304,1
A002145,dormant_sms,6.437853273521783,5.437853273521783,1
A000345,dormant_sms,10.983495978153488,9.983495978153488,1
A009905,dormant_sms,4.220014659158851,3.220014659158851,1
A028745,dormant_sms,1.7142205302737092,0.7142205302737092,1
A022299,dormant_sms,7.8042657752247715,6.8042657752247715,1
A020302,dormant_sms,14.287239773563508,13.287239773563508,1
A015408,dormant_sms,22.87023802466981,21.87023802466981,1
A038977,dormant_sms,2.426694182649326,1.4266941826493258,1
A002265,dormant_sms,34.47494449570676,33.47494449570676,1
A030006,dormant_sms,16.309797807185,15.309797807185,1
A016684,dormant_sms,1.6300331081407635,0.6300331081407635,1
A020230,dormant_sms,10.58582158021022,9.58582158021022,1
A003312,dormant_sms,2.6166278465888566,1.6166278465888566,1
A024778,dormant_sms,39.037850675963504,38.037850675963504,1
A037737,dormant_sms,7.68867367763627,6.68867367763627,1
A032377,dormant_sms,88.16067515653316,87.16067515653316,1
A018256,dormant_sms,5.936365667644216,4.936365667644216,1
A021933,dormant_sms,1.9218769249966614,0.9218769249966614,1
A007908,dormant_sms,24.075888388704485,23.075888388704485,1
A038265,dormant_sms,4.973709675794342,3.9737096757943418,1
A004052,dormant_sms,2.862439274713134,1.8624392747131342,1
A022981,dormant_sms,3.3068685751671363,2.3068685751671363,1
A026919,dormant_sms,25.096036454310326,24.096036454310326,1
A029586,dormant_sms,5.2115778996287565,4.2115778996287565,1
A028347,dormant_sms,4.95828456617146,3.95828456617146,1
A014552,dormant_sms,3.4528698487531155,2.4528698487531155,1
A017157,dormant_sms,1.830110529204775,0.830110529204775,1
A011077,dormant_sms,12.750178976314151,11.750178976314151,1
A032311,dormant_sms,2.710022683986045,1.710022683986045,1
A033601,dormant_sms,4.666270361672088,3.6662703616720878,1
A018348,dormant_sms,7.968299310560711,6.968299310560711,1
A000086,dormant_sms,1.7885166636676315,0.7885166636676315,1
A028916,dormant_sms,35.29417219205675,34.29417219205675,1
A036249,dormant_sms,5.497679269756008,4.497679269756008,1
A016550,dormant_sms,3.340125193425358,2.340125193425358,1
A012126,dormant_sms,9.476669010141094,8.476669010141094,1
A029903,dormant_sms,2.9746462445025963,1.9746462445025963,1
A038415,dormant_sms,2.477493161899151,1.477493161899151,1
A018761,dormant_sms,8.241011150296677,7.241011150296677,1
A024297,dormant_sms,23.401426278982072,22.401426278982072,1
A014126,dormant_sms,2.9639632166214622,1.9639632166214622,1
A018227,dormant_sms,4.292952788990751,3.2929527889907506,1
A000824,dormant_sms,34.27107450652659,33.27107450652659,1
A018511,dormant_sms,13.179184742175906,12.179184742175906,1
A007602,dormant_sms,15.57994561787083,14.57994561787083,1
A027161,dormant_sms,5.889341600741937,4.889341600741937,1
A027356,dormant_sms,7.243033345733552,6.243033345733552,1
A031212,dormant_sms,3.1665210650790803,2.1665210650790803,1
A000401,dormant_sms,6.8823198328296655,5.8823198328296655,1
A022733,dormant_sms,3.424052273989608,2.424052273989608,1
A024338,dormant_sms,38.77466266983609,37.77466266983609,1
A018304,dormant_sms,4.811422310613119,3.8114223106131186,1
A027826,dormant_sms,25.468819360465556,24.468819360465556,1
A021187,dormant_sms,7.390992284131631,6.390992284131631,1
A037217,dormant_sms,1.1129986536039813,0.11299865360398131,1
A001154,dormant_sms,6.669320035668433,5.669320035668433,1
A035863,dormant_sms,1.9048797441302443,0.9048797441302443,1
A027951,dormant_sms,14.84438472333943,13.84438472333943,1
A027922,dormant_sms,2.6747835769620707,1.6747835769620707,1
A012628,dormant_sms,12.211340125174276,11.211340125174276,1
A012205,dormant_sms,1.99650295354109,0.9965029535410901,1
A030767,dormant_sms,1.9500779156941754,0.9500779156941754,1
A013375,dormant_sms,22.993572268556765,21.993572268556765,1
A038411,dormant_sms,8.338940787378984,7.338940787378984,1
A034667,dormant_sms,1.9117200122580718,0.9117200122580718,1
A023137,dormant_sms,6.772662998125891,5.772662998125891,1
A025819,dormant_sms,2.454915739057577,1.454915739057577,1
A023989,dormant_sms,4.30799131360829,3.30799131360829,1
A035425,dormant_sms,2.6386941381979048,1.6386941381979048,1
A007880,dormant_sms,3.2135021001678337,2.2135021001678337,1
A031358,dormant_sms,18.35666018002321,17.35666018002321,1
A034011,dormant_sms,10.492064223232784,9.492064223232784,1
A009214,dormant_sms,3.1568073300351576,2.1568073300351576,1
A032465,dormant_sms,1.6438114833332398,0.6438114833332398,1
A026582,dormant_sms,7.573817357270072,6.573817357270072,1
A022077,dormant_sms,1.1023156729218613,0.10231567292186128,1
A034648,dormant_sms,7.18543686468081,6.18543686468081,1
A037168,dormant_sms,8.888244838958515,7.888244838958515,1
A001274,dormant_sms,2.277565303822257,1.2775653038222572,1
A031551,dormant_sms,5.991822005770182,4.991822005770182,1
A019712,dormant_sms,2.4408355350078517,1.4408355350078517,1
A014515,dormant_sms,4.603551177489878,3.6035511774898783,1
A001981,dormant_sms,1.0195801030933813,0.019580103093381318,1
A025390,dormant_sms,4.008346232948407,3.0083462329484068,1
A024275,dormant_sms,4.086162557786936,3.0861625577869356,1
A028566,dormant_sms,4.94167244440783,3.94167244440783,1
A028951,dormant_sms,3.057593766205263,2.057593766205263,1
A000001,dormant_sms,14.59964979437212,13.59964979437212,1
A027085,dormant_sms,2.534365566619171,1.534365566619171,1
A009896,dormant_sms,9.953835709025492,8.953835709025492,1
A025009,dormant_sms,5.29812688731576,4.29812688731576,1
A006540,dormant_sms,9.980979522445255,8.980979522445255,1
A032224,dormant_sms,6.01978570942035,5.01978570942035,1
A000134,dormant_sms,5.813043838642867,4.813043838642867,1
A002080,dormant_sms,12.006477377766492,11.006477377766492,1
A020116,dormant_sms,13.730621392340764,12.730621392340764,1
A012419,dormant_sms,1.1675207807206984,0.16752078072069843,1
A004220,dormant_sms,3.35507902218302,2.35507902218302,1
A027184,dormant_sms,9.86102529064747,8.86102529064747,1
A037504,dormant_sms,4.511477963179506,3.511477963179506,1
A032942,dormant_sms,9.130626107836468,8.130626107836468,1
A005417,dormant_sms,41.260094439643346,40.260094439643346,1
A012771,dormant_sms,5.2808636200985335,4.2808636200985335,1
A031454,dormant_sms,1.0987921065673332,0.09879210656733317,1
A002902,dormant_sms,1.4386453400530546,0.43864534005305456,1
A039491,dormant_sms,5.414329652043107,4.414329652043107,1
A023209,dormant_sms,3.8820007356509043,2.8820007356509043,1
A018981,dormant_sms,3.2682866925064435,2.2682866925064435,1
A035143,dormant_sms,1.8317472203365577,0.8317472203365577,1
A002905,dormant_sms,2.1598818450259674,1.1598818450259674,1
A030552,dormant_sms,10.783533032488295,9.783533032488295,1
A039510,dormant_sms,6.6519870937020995,5.6519870937020995,1
A022742,dormant_sms,14.069006663655992,13.069006663655992,1
A019631,dormant_sms,3.2248724474126043,2.2248724474126043,1
A001566,dormant_sms,15.721091404283563,14.721091404283563,1
A029311,dormant_sms,4.802195472510829,3.802195472510829,1
A039553,dormant_sms,9.523344068876295,8.523344068876295,1
A015520,dormant_sms,15.918805493334212,14.918805493334212,1
A002327,dormant_sms,4.732518175469054,3.732518175469054,1
A007744,dormant_sms,6.12961950566427,5.12961950566427,1
A011264,dormant_sms,4.137252707324065,3.1372527073240652,1
A019856,dormant_sms,10.012603078595527,9.012603078595527,1
A013191,dormant_sms,7.58254859808652,6.58254859808652,1
A020085,dormant_sms,1.2235329576174034,0.22353295761740344,1
A019170,dormant_sms,3.388209430193371,2.388209430193371,1
A018608,dormant_sms,5.690429917514637,4.690429917514637,1
A036549,dormant_sms,4.700582659464935,3.700582659464935,1
A007179,dormant_sms,18.299732582340212,17.299732582340212,1
A007683,dormant_sms,6.434486550623322,5.434486550623322,1
A032818,dormant_sms,15.647553632112718,14.647553632112718,1
A037238,dormant_sms,12.150448509356224,11.150448509356224,1
A028394,dormant_sms,6.779676496214933,5.779676496214933,1
A000835,dormant_sms,8.99380504169383,7.993805041693831,1
A001763,dormant_sms,8.278358165334495,7.278358165334495,1
A021803,dormant_sms,6.281010323554515,5.281010323554515,1
A026101,dormant_sms,17.640708380652143,16.640708380652143,1
A014931,dormant_sms,4.695376501743102,3.6953765017431017,1
A002149,dormant_sms,5.837846097901509,4.837846097901509,1
A034511,dormant_sms,3.938108370361896,2.938108370361896,1
A027952,dormant_sms,18.003394857519854,17.003394857519854,1
A031923,dormant_sms,29.597436625124235,28.597436625124235,1
A037328,dormant_sms,15.012918455830226,14.012918455830226,1
A038491,dormant_sms,4.771470645198567,3.7714706451985673,1
A037414,dormant_sms,10.044690750823444,9.044690750823444,1
A027509,dormant_sms,12.067858500550505,11.067858500550505,1
A009000,dormant_sms,32.11078714170052,31.11078714170052,1
A027984,dormant_sms,2.065723164296842,1.065723164296842,1
A005415,dormant_sms,12.758076945002307,11.758076945002307,1
A010897,dormant_sms,2.3715489273840267,1.3715489273840267,1
A014663,dormant_sms,3.612451131407833,2.612451131407833,1
A001130,dormant_sms,14.276556478197545,13.276556478197545,1
A021556,dormant_sms,12.86536887035293,11.86536887035293,1
A023764,dormant_sms,3.0774557835966614,2.0774557835966614,1
A000419,dormant_sms,2.0966846458685384,1.0966846458685384,1
A032285,dormant_sms,3.8345264186144887,2.8345264186144887,1
A035495,dormant_sms,1.2141234400917376,0.21412344009173756,1
A011041,dormant_sms,4.960789737461975,3.960789737461975,1
A033939,dormant_sms,2.525166360612197,1.525166360612197,1
A027977,dormant_sms,6.356722097559711,5.356722097559711,1
A007971,dormant_sms,13.076478908832181,12.076478908832181,1
A026885,dormant_sms,1.3539519167600478,0.3539519167600478,1
A005733,dormant_sms,10.222883749559664,9.222883749559664,1
A004227,dormant_sms,3.5630058168280483,2.5630058168280483,1
A018371,dormant_sms,19.76661960234729,18.76661960234729,1
A025626,dormant_sms,3.2262119894270596,2.2262119894270596,1
A035595,dormant_sms,2.761976378052275,1.761976378052275,1
A032122,dormant_sms,10.7369947084703,9.7369947084703,1
A039925,dormant_sms,3.686198261171079,2.686198261171079,1
A012767,dormant_sms,5.8830764760215954,4.8830764760215954,1
A018976,dormant_sms,16.411276707020424,15.411276707020424,1
A030479,dormant_sms,6.930240800850606,5.930240800850606,1
A019084,dormant_sms,6.457482232899837,5.457482232899837,1
A031960,dormant_sms,6.90269640105632,5.90269640105632,1
A002834,dormant_sms,8.947217935041943,7.947217935041943,1
A031250,dormant_sms,2.1995514655950745,1.1995514655950745,1
A013722,dormant_sms,2.77890613591988,1.77890613591988,1
A020590,dormant_sms,10.588371745280478,9.588371745280478,1
A005091,dormant_sms,8.609995064547588,7.609995064547588,1
A031115,dormant_sms,4.630262805122115,3.630262805122115,1
A018466,dormant_sms,7.5168862639495035,6.5168862639495035,1
A021497,dormant_sms,26.254993827235353,25.254993827235353,1
A007075,dormant_sms,6.624311783131495,5.624311783131495,1
A009754,dormant_sms,32.73113403212049,31.731134032120487,1
A013478,dormant_sms,6.778563752681037,5.778563752681037,1
A008025,dormant_sms,31.25777221966858,30.25777221966858,1
A026883,dormant_sms,6.029132552463457,5.029132552463457,1
A031435,dormant_sms,1.6103398057523792,0.6103398057523792,1
A024330,dormant_sms,4.551499236358982,3.551499236358982,1
A012671,dormant_sms,4.897913531949859,3.8979135319498592,1
A005546,dormant_sms,9.061941828557917,8.061941828557917,1
A001060,dormant_sms,33.07943101290878,32.07943101290878,1
A016276,dormant_sms,1.8560916331335564,0.8560916331335564,1
A036354,dormant_sms,75.03679645818579,74.03679645818579,1
A025934,dormant_sms,6.315216416461187,5.315216416461187,1
A012782,dormant_sms,2.0289840721342682,1.0289840721342682,1
A035872,dormant_sms,4.64897608971207,3.64897608971207,1
A003349,dormant_sms,3.987687117787162,2.987687117787162,1
A034789,dormant_sms,2.3298046968834742,1.3298046968834742,1
A033351,dormant_sms,9.281631339657208,8.281631339657208,1
A007743,dormant_sms,5.4910713835226534,4.4910713835226534,1
A003395,dormant_sms,2.7153480433412094,1.7153480433412094,1
A000934,dormant_sms,7.103390768682811,6.103390768682811,1
A006554,dormant_sms,3.491725435393571,2.491725435393571,1
A002458,dormant_sms,8.258402926663205,7.258402926663205,1
A019592,dormant_sms,3.86969011271417,2.86969011271417,1
A012974,dormant_sms,1.756111107169585,0.756111107169585,1
A007417,dormant_sms,6.404945706661761,5.404945706661761,1
A020035,dormant_sms,1.5455738867797701,0.5455738867797701,1
A009354,dormant_sms,5.902595841020551,4.902595841020551,1
A014845,dormant_sms,2.544427702403266,1.544427702403266,1
A008819,dormant_sms,30.520090335705795,29.520090335705795,1
A006330,dormant_sms,1.8246088049735478,0.8246088049735478,1
A021069,dormant_sms,5.906391520856662,4.906391520856662,1
A019717,dormant_sms,2.656572954781698,1.6565729547816979,1
A012133,dormant_sms,16.369697768925263,15.369697768925263,1
A007812,dormant_sms,3.520245668939648,2.520245668939648,1
A006213,dormant_sms,1.8849810009798473,0.8849810009798473,1
A026746,dormant_sms,23.347608877010398,22.347608877010398,1
A029606,dormant_sms,1.3141809146808503,0.3141809146808503,1
A022415,dormant_sms,1.6050459519837852,0.6050459519837852,1
A027062,dormant_sms,4.986752932206526,3.9867529322065263,1
A006914,dormant_sms,2.923901414620088,1.923901414620088,1
A033804,dormant_sms,3.794805593047035,2.794805593047035,1
A018421,dormant_sms,2.9560802248834546,1.9560802248834546,1
A023426,dormant_sms,5.061543157152498,4.061543157152498,1
A022480,dormant_sms,2.5551399428624086,1.5551399428624086,1
A017929,dormant_sms,5.3794621222519226,4.3794621222519226,1
A035690,dormant_sms,1.8866395201755888,0.8866395201755888,1
A019238,dormant_sms,5.50334895418086,4.50334895418086,1
A025247,dormant_sms,6.653397463302166,5.653397463302166,1
A018472,dormant_sms,18.175998713421183,17.175998713421183,1
A011277,dormant_sms,18.048880089988693,17.048880089988693,1
A015625,dormant_sms,27.54930435116163,26.54930435116163,1
A021489,dormant_sms,29.25248744707754,28.25248744707754,1
A015183,dormant_sms,45.642004842283924,44.642004842283924,1
A030464,dormant_sms,25.94264071801593,24.94264071801593,1
A017912,dormant_sms,29.31335975671221,28.31335975671221,1
A025465,dormant_sms,4.443530481432356,3.443530481432356,1
A021394,dormant_sms,3.1927514043414225,2.1927514043414225,1
A010300,dormant_sms,7.095436510340633,6.095436510340633,1
A026375,dormant_sms,9.687339014586705,8.687339014586705,1
A015159,dormant_sms,7.489006296952518,6.489006296952518,1
A004229,dormant_sms,3.042248750704196,2.042248750704196,1
A034811,dormant_sms,2.082570110711196,1.0825701107111958,1
A037148,dormant_sms,8.639333621810161,7.639333621810161,1
A022580,dormant_sms,3.3507345799356556,2.3507345799356556,1
A003192,dormant_sms,3.5812865399931173,2.5812865399931173,1
A013684,dormant_sms,18.29818369503172,17.29818369503172,1
A012505,dormant_sms,4.333756549522614,3.3337565495226142,1
A003829,dormant_sms,3.502539165615179,2.502539165615179,1
A026446,dormant_sms,5.945345382351633,4.945345382351633,1
A007680,dormant_sms,5.886985628371476,4.886985628371476,1
A026333,dormant_sms,2.1119535420616202,1.1119535420616202,1
A027153,dormant_sms,18.257501131884883,17.257501131884883,1
A031014,dormant_sms,1.5899550022009856,0.5899550022009856,1
A035732,dormant_sms,23.7841876015282,22.7841876015282,1
A019615,dormant_sms,5.764555329313961,4.764555329313961,1
A004021,dormant_sms,15.008667129198036,14.008667129198036,1
A024586,dormant_sms,4.377476763912341,3.377476763912341,1
A035056,dormant_sms,5.801725095087401,4.801725095087401,1
A036284,dormant_sms,5.024674473912987,4.024674473912987,1
A016011,dormant_sms,4.654661871276616,3.654661871276616,1
A015627,dormant_sms,8.193727961594423,7.193727961594423,1
A006861,dormant_sms,4.771236358902111,3.7712363589021107,1
A013373,dormant_sms,1.369659727250297,0.36965972725029705,1
A037092,dormant_sms,2.7404995801189296,1.7404995801189296,1
A026715,dormant_sms,3.0445587012035844,2.0445587012035844,1
A035561,dormant_sms,11.450697505248518,10.450697505248518,1
A022663,dormant_sms,11.914752572423426,10.914752572423426,1
A036450,dormant_sms,5.235253883522261,4.235253883522261,1
A014575,dormant_sms,1.3407378437170796,0.3407378437170796,1
A008460,dormant_sms,5.198400673479386,4.198400673479386,1
A036885,dormant_sms,1.9069730309486288,0.9069730309486288,1
A021032,dormant_sms,2.0473816398697204,1.0473816398697204,1
A010587,dormant_sms,13.01692873413965,12.01692873413965,1
A023234,dormant_sms,16.6369006563669,15.636900656366901,1
A009363,dormant_sms,24.339347197254607,23.339347197254607,1
A031998,dormant_sms,11.320333076397961,10.320333076397961,1
A002548,dormant_sms,3.8006991693140755,2.8006991693140755,1
A006143,dormant_sms,4.032476322539968,3.032476322539968,1
A025316,dormant_sms,4.089505859962403,3.0895058599624026,1
A036921,dormant_sms,14.706705114121384,13.706705114121384,1
A037673,dormant_sms,13.28473663281393,12.28473663281393,1
A029946,dormant_sms,9.69852012135395,8.69852012135395,1
A008639,dormant_sms,9.423834272768758,8.423834272768758,1
A009347,dormant_sms,12.444766284715184,11.444766284715184,1
A039263,dormant_sms,5.827270645513607,4.827270645513607,1
A006791,dormant_sms,15.383479704045698,14.383479704045698,1
A029604,dormant_sms,17.87115704730664,16.87115704730664,1
A024631,dormant_sms,5.532929808316982,4.532929808316982,1
A034821,dormant_sms,18.800180149732302,17.800180149732302,1
A004441,dormant_sms,8.278807724077224,7.2788077240772235,1
A016794,dormant_sms,8.345765264123195,7.3457652641231945,1
A010774,dormant_sms,5.268138471226969,4.268138471226969,1
A027313,dormant_sms,2.8616573245245283,1.8616573245245283,1
A021133,dormant_sms,34.131750492434406,33.131750492434406,1
A026075,dormant_sms,6.319644376932006,5.319644376932006,1
A039729,dormant_sms,26.246630204277963,25.246630204277963,1
A035747,dormant_sms,2.950977801971117,1.950977801971117,1
A021647,dormant_sms,2.7234065806793004,1.7234065806793004,1
A027945,dormant_sms,1.975766773152004,0.9757667731520041,1
A000555,dormant_sms,15.214326225746406,14.214326225746406,1
A012878,dormant_sms,10.000525346897419,9.000525346897419,1
A001482,dormant_sms,8.84657687577024,7.846576875770239,1
A014629,dormant_sms,2.8960553986814435,1.8960553986814435,1
A031483,dormant_sms,3.386168939981425,2.386168939981425,1
A006636,dormant_sms,44.913484139324595,43.913484139324595,1
A030227,dormant_sms,1.2686596565018546,0.26865965650185464,1
A027634,dormant_sms,9.10922366465985,8.10922366465985,1
A039712,dormant_sms,27.380215102588608,26.380215102588608,1
A010321,dormant_sms,4.2093439564221375,3.2093439564221375,1
A031342,dormant_sms,25.22476371339233,24.22476371339233,1
A036662,dormant_sms,7.4482643342994646,6.4482643342994646,1
A033722,dormant_sms,11.590047004286074,10.590047004286074,1
A006176,dormant_sms,6.779709246509687,5.779709246509687,1
A026424,dormant_sms,7.808004296595854,6.808004296595854,1
A039430,dormant_sms,17.142492229636854,16.142492229636854,1
A010090,dormant_sms,2.5810003240078996,1.5810003240078996,1
A016294,dormant_sms,33.456512961593255,32.456512961593255,1
A035960,dormant_sms,6.133844690412514,5.133844690412514,1
A015413,dormant_sms,1.8644432996721785,0.8644432996721785,1
A013291,dormant_sms,13.628971017033185,12.628971017033185,1
A027667,dormant_sms,4.074577299384959,3.074577299384959,1
A026271,dormant_sms,1.8325357303047523,0.8325357303047523,1
A028583,dormant_sms,6.077629530629029,5.077629530629029,1
A013566,dormant_sms,9.243852495136544,8.243852495136544,1
A029335,dormant_sms,12.599369343256743,11.599369343256743,1
A036221,dormant_sms,5.913186382263003,4.913186382263003,1
A001330,dormant_sms,3.208843613636949,2.208843613636949,1
A018024,dormant_sms,2.6735470958487233,1.6735470958487233,1
A001845,dormant_sms,4.039141894767322,3.0391418947673223,1
A003204,dormant_sms,4.4013151771688985,3.4013151771688985,1
A009181,dormant_sms,2.5023036802390974,1.5023036802390974,1
A008189,dormant_sms,1.6300891459433213,0.6300891459433213,1
A018116,dormant_sms,2.3791180575215862,1.3791180575215862,1
A016150,dormant_sms,6.216702730831103,5.216702730831103,1
A007844,dormant_sms,3.4719973966081477,2.4719973966081477,1
A033961,dormant_sms,3.00623035366285,2.00623035366285,1
A025233,dormant_sms,2.301976235055735,1.3019762350557351,1
A026864,dormant_sms,6.501155942755442,5.501155942755442,1
A038065,dormant_sms,25.180425511464232,24.180425511464232,1
A025483,dormant_sms,17.2667892097833,16.2667892097833,1
A002877,dormant_sms,10.33248975177648,9.33248975177648,1
A006992,dormant_sms,2.499096183168108,1.499096183168108,1
A021844,dormant_sms,9.99667815180476,8.99667815180476,1
A013909,dormant_sms,4.038219027372021,3.038219027372021,1
A008070,dormant_sms,1.6532522196962856,0.6532522196962856,1
A027731,dormant_sms,8.267781240679492,7.267781240679492,1
A030166,dormant_sms,30.499456752126676,29.499456752126676,1
A012655,dormant_sms,35.78996500185902,34.78996500185902,1
A033965,dormant_sms,3.252589847509054,2.252589847509054,1
A013997,dormant_sms,1.2480569390309793,0.24805693903097925,1
A031451,dormant_sms,11.360056376225433,10.360056376225433,1
A033762,dormant_sms,11.01052645325555,10.01052645325555,1
A014352,dormant_sms,6.780214992999423,5.780214992999423,1
A039720,dormant_sms,22.30392982148355,21.30392982148355,1
A030019,dormant_sms,1.4481692612699533,0.44816926126995327,1
A022695,dormant_sms,4.335322962947811,3.335322962947811,1
A002309,dormant_sms,3.1028783258521027,2.1028783258521027,1
A020544,dormant_sms,4.687819358456692,3.687819358456692,1
A010969,dormant_sms,30.335618710436425,29.335618710436425,1
A006375,dormant_sms,12.376549250991077,11.376549250991077,1
A006130,dormant_sms,2.5440463151379755,1.5440463151379755,1
A032638,dormant_sms,3.6645743864061386,2.6645743864061386,1
A022018,dormant_sms,3.128852849932956,2.128852849932956,1
A013558,dormant_sms,1.123312640633578,0.12331264063357805,1
A018228,dormant_sms,1.507605721201699,0.5076057212016989,1
A002344,dormant_sms,1.274070878782,0.2740708787820001,1
A030524,dormant_sms,3.0926630760428604,2.0926630760428604,1
A002357,dormant_sms,1.4442491976967375,0.44424919769673754,1
A031308,dormant_sms,4.641154604422898,3.6411546044228977,1
A001560,dormant_sms,4.73405849151248,3.7340584915124797,1
A015426,dormant_sms,17.0595224076553,16.0595224076553,1
A006881,dormant_sms,28.25330676430829,27.25330676430829,1
A013037,dormant_sms,5.479188733883035,4.479188733883035,1
A010716,dormant_sms,5.118270834090432,4.118270834090432,1
A009535,dormant_sms,4.273971832994524,3.2739718329945244,1
A002280,dormant_sms,1.5740184646068813,0.5740184646068813,1
A031924,dormant_sms,2.008116906382861,1.008116906382861,1
A010117,dormant_sms,15.169945145771743,14.169945145771743,1
A027042,dormant_sms,26.71804673595248,25.71804673595248,1
A016688,dormant_sms,4.653056168430442,3.6530561684304423,1
A004234,dormant_sms,21.31926017557728,20.31926017557728,1
A033031,dormant_sms,6.564150044955578,5.564150044955578,1
A024781,dormant_sms,6.850915366188294,5.850915366188294,1
A002613,dormant_sms,6.459967873604967,5.459967873604967,1
A017380,dormant_sms,3.297442520742886,2.297442520742886,1
A027562,dormant_sms,8.263277653994345,7.263277653994345,1
A018796,dormant_sms,2.7468992072597183,1.7468992072597183,1
A015743,dormant_sms,1.5038550306496279,0.5038550306496279,1
A000758,dormant_sms,25.299144219736913,24.299144219736913,1
A014314,dormant_sms,11.120538152210381,10.120538152210381,1
A023199,dormant_sms,23.476858694156327,22.476858694156327,1
A009068,dormant_sms,3.728636696931202,2.728636696931202,1
A036621,dormant_sms,3.982186120568467,2.982186120568467,1
A005009,dormant_sms,29.05523922045288,28.05523922045288,1
A001105,dormant_sms,14.27379038330805,13.27379038330805,1
A028164,dormant_sms,1.9999906797276812,0.9999906797276812,1
A024999,dormant_sms,7.217021270912268,6.217021270912268,1
A002370,dormant_sms,11.64218239776849,10.64218239776849,1
A021400,dormant_sms,3.55820934460115,2.55820934460115,1
A009881,dormant_sms,16.070438707097995,15.070438707097995,1
A020944,dormant_sms,7.338385672056448,6.338385672056448,1
A010938,dormant_sms,6.422819737321572,5.422819737321572,1
A009836,dormant_sms,2.115904543620566,1.115904543620566,1
A021477,dormant_sms,9.489717909751837,8.489717909751837,1
A005135,dormant_sms,18.052163389835922,17.052163389835922,1
A039234,dormant_sms,2.9337436623456488,1.9337436623456488,1
A000323,dormant_sms,1.2065139178774684,0.20651391787746842,1
A039161,dormant_sms,1.004748816655017,0.004748816655016919,1
A029217,dormant_sms,8.819897991258902,7.819897991258902,1
A007668,dormant_sms,1.8912532694093518,0.8912532694093518,1
A014569,dormant_sms,3.374149284890029,2.374149284890029,1
A017951,dormant_sms,8.747255137169102,7.747255137169102,1
A014238,dormant_sms,4.461357761274243,3.461357761274243,1
A031585,dormant_sms,11.067667173240851,10.067667173240851,1
A020969,dormant_sms,1.1817937041950897,0.18179370419508967,1
A026231,dormant_sms,1.9338562668063768,0.9338562668063768,1
A032720,dormant_sms,2.4972265120327233,1.4972265120327233,1
A019066,dormant_sms,3.142252612984681,2.142252612984681,1
A038865,dormant_sms,8.801848417203656,7.801848417203656,1
A039776,dormant_sms,2.561383406809636,1.561383406809636,1
A022241,dormant_sms,24.45707466886884,23.45707466886884,1
A019591,dormant_sms,3.5662890725590284,2.5662890725590284,1
A038998,dormant_sms,6.451020600040512,5.451020600040512,1
A010256,dormant_sms,12.678525490127628,11.678525490127628,1
A016129,dormant_sms,6.683364785063234,5.683364785063234,1
A013329,dormant_sms,5.6959218578205375,4.6959218578205375,1
A028015,dormant_sms,12.926301322355151,11.926301322355151,1
A017722,dormant_sms,7.4963041572213935,6.4963041572213935,1
A006964,dormant_sms,6.712121441053506,5.712121441053506,1
A012162,dormant_sms,6.807656015159424,5.807656015159424,1
A017099,dormant_sms,7.494613273711871,6.494613273711871,1
A017739,dormant_sms,6.809418064195177,5.809418064195177,1
A012790,dormant_sms,7.608288243022925,6.608288243022925,1
A005621,dormant_sms,6.573960019639999,5.573960019639999,1
A012754,dormant_sms,7.55839733394292,6.55839733394292,1
A030207,dormant_sms,9.050795686534252,8.050795686534252,1
A001089,dormant_sms,4.3127751642980074,3.3127751642980074,1
A013525,dormant_sms,6.455923856683796,5.455923856683796,1
A006243,dormant_sms,23.88441582680552,22.88441582680552,1
A001455,dormant_sms,7.325821561083164,6.325821561083164,1
A022950,dormant_sms,28.835525162018616,27.835525162018616,1
A025149,dormant_sms,24.678111344371143,23.678111344371143,1
A038530,dormant_sms,6.953574559056095,5.953574559056095,1
A003393,dormant_sms,1.2505589693415406,0.25055896934154065,1
A037757,dormant_sms,1.9922814585693547,0.9922814585693547,1
A021491,dormant_sms,10.247847422026403,9.247847422026403,1
A037727,dormant_sms,1.6520991815489556,0.6520991815489556,1
A036795,dormant_sms,52.10049554064542,51.10049554064542,1
A038477,dormant_sms,2.8450808654350856,1.8450808654350856,1
A016456,dormant_sms,9.316132107073214,8.316132107073214,1
A013825,dormant_sms,18.884533967865213,17.884533967865213,1
A010804,dormant_sms,6.288355002221031,5.288355002221031,1
A011739,dormant_sms,21.472758467049008,20.472758467049008,1
A027410,dormant_sms,1.4892266347633671,0.48922663476336714,1
A025848,dormant_sms,2.4263281694539844,1.4263281694539844,1
A035883,dormant_sms,9.948875983842521,8.948875983842521,1
A032157,dormant_sms,16.864384745680464,15.864384745680464,1
A005446,dormant_sms,1.440763756704948,0.44076375670494805,1
A002116,dormant_sms,5.187560604776858,4.187560604776858,1
A013014,dormant_sms,26.313019207812733,25.313019207812733,1
A036479,dormant_sms,1.0577005912390784,0.05770059123907845,1
A024141,dormant_sms,4.204398700565203,3.2043987005652026,1
A000132,dormant_sms,7.0930768992572295,6.0930768992572295,1
A013726,dormant_sms,5.491924642086323,4.491924642086323,1
A014413,dormant_sms,15.578114164299159,14.578114164299159,1
A013451,dormant_sms,64.84488974819564,63.84488974819564,1
A006915,dormant_sms,25.55054796180716,24.55054796180716,1
A009543,dormant_sms,4.324619445553096,3.324619445553096,1
A014118,dormant_sms,2.254945226728033,1.254945226728033,1
A035352,dormant_sms,2.515645303614107,1.5156453036141069,1
A005371,dormant_sms,30.269816170638283,29.269816170638283,1
A016284,dormant_sms,3.680269358189444,2.680269358189444,1
A026587,dormant_sms,4.207016145233695,3.2070161452336947,1
A038594,dormant_sms,5.404569169574055,4.404569169574055,1
A030276,dormant_sms,2.5961224302481942,1.5961224302481942,1
A015312,dormant_sms,2.737482779300353,1.737482779300353,1
A011941,dormant_sms,4.0520872731732975,3.0520872731732975,1
A020195,dormant_sms,4.196288116455601,3.1962881164556007,1
A023676,dormant_sms,8.38569197834001,7.3856919783400095,1
A031904,dormant_sms,4.35318608773125,3.35318608773125,1
A004277,dormant_sms,5.075142640728893,4.075142640728893,1
A010168,dormant_sms,1.1704628502040109,0.17046285020401086,1
A031622,dormant_sms,40.29620552691623,39.29620552691623,1
A027320,dormant_sms,2.489375878374652,1.489375878374652,1
A005505,dormant_sms,3.3287786022810675,2.3287786022810675,1
A014241,dormant_sms,10.644151386429922,9.644151386429922,1
A023947,dormant_sms,3.9501383530845207,2.9501383530845207,1
A020775,dormant_sms,4.893245280095337,3.8932452800953374,1
A025831,dormant_sms,3.9730246028405767,2.9730246028405767,1
A028398,dormant_sms,1.6469829237391318,0.6469829237391318,1
A003689,dormant_sms,19.59012236158885,18.59012236158885,1
A026555,dormant_sms,7.827413171709586,6.827413171709586,1
A021716,dormant_sms,9.956554471145017,8.956554471145017,1
A037513,dormant_sms,12.166898128538774,11.166898128538774,1
A012737,dormant_sms,4.746974538597325,3.7469745385973248,1
A023867,dormant_sms,5.540526360521834,4.540526360521834,1
A007201,dormant_sms,18.229603844050704,17.229603844050704,1
A015238,dormant_sms,7.149351868797094,6.149351868797094,1
A010404,dormant_sms,9.36854515183787,8.36854515183787,1
A030222,dormant_sms,10.836991642288744,9.836991642288744,1
A027631,dormant_sms,7.769329956658656,6.769329956658656,1
A001737,dormant_sms,2.658569290658062,1.658569290658062,1
A018454,dormant_sms,12.22821190985496,11.22821190985496,1
A013640,dormant_sms,14.017819781066502,13.017819781066502,1
A028510,dormant_sms,3.4573495764568927,2.4573495764568927,1
A005600,dormant_sms,4.566572021608199,3.5665720216081986,1
A030986,dormant_sms,2.8627794997503107,1.8627794997503107,1
A037930,dormant_sms,7.52063556852331,6.52063556852331,1
A036048,dormant_sms,6.359934450476252,5.359934450476252,1
A022408,dormant_sms,5.01078014896263,4.01078014896263,1
A028769,dormant_sms,2.843925312784216,1.843925312784216,1
A022889,dormant_sms,8.676379305099285,7.676379305099285,1
A033840,dormant_sms,11.1331812458481,10.1331812458481,1
A002295,dormant_sms,17.760098196431915,16.760098196431915,1
A035741,dormant_sms,2.261273178851886,1.2612731788518858,1
A022632,dormant_sms,4.806572014515777,3.806572014515777,1
A028758,dormant_sms,1.7629392674517883,0.7629392674517883,1
A025053,dormant_sms,3.182372465980412,2.182372465980412,1
A015767,dormant_sms,8.791039922519845,7.791039922519845,1
A006333,dormant_sms,6.516153517720842,5.516153517720842,1
A029203,dormant_sms,5.2272188418417285,4.2272188418417285,1
A006931,dormant_sms,8.930129288328208,7.930129288328208,1
A031296,dormant_sms,3.0502179412783184,2.0502179412783184,1
A029236,dormant_sms,1.997863512579414,0.997863512579414,1
A017873,dormant_sms,2.6630241299503523,1.6630241299503523,1
A024061,dormant_sms,19.197758172228145,18.197758172228145,1
A031615,dormant_sms,1.4748539538920573,0.4748539538920573,1
A005816,dormant_sms,9.742996612931186,8.742996612931186,1
A032106,dormant_sms,3.425121508089705,2.425121508089705,1
A029272,dormant_sms,13.675112247589956,12.675112247589956,1
A007586,dormant_sms,10.184674373315934,9.184674373315934,1
A020370,dormant_sms,3.5485495493180665,2.5485495493180665,1
A021462,dormant_sms,7.899980678929192,6.899980678929192,1
A025063,dormant_sms,7.362604595006513,6.362604595006513,1
A036189,dormant_sms,4.195259381067304,3.195259381067304,1
A009538,dormant_sms,4.266376725383109,3.2663767253831093,1
A023280,dormant_sms,19.841918940648537,18.841918940648537,1
A011796,dormant_sms,7.6035816046726215,6.6035816046726215,1
A019749,dormant_sms,2.169083776384823,1.1690837763848232,1
A009555,dormant_sms,4.980866650218993,3.980866650218993,1
A022414,dormant_sms,11.384272051045489,10.384272051045489,1
A005020,dormant_sms,15.715182505627276,14.715182505627276,1
A000205,dormant_sms,2.3613384645964186,1.3613384645964186,1
A025147,dormant_sms,11.828552682230143,10.828552682230143,1
A015012,dormant_sms,6.0940050435468045,5.0940050435468045,1
A015922,dormant_sms,9.22642189541011,8.22642189541011,1
A000160,dormant_sms,8.229919690045673,7.229919690045673,1
A029431,dormant_sms,7.412220120251569,6.412220120251569,1
A022158,dormant_sms,3.993965870408354,2.993965870408354,1
A007044,dormant_sms,39.07928907788125,38.07928907788125,1
A035944,dormant_sms,5.166124722505238,4.166124722505238,1
A029302,dormant_sms,2.0019801943959834,1.0019801943959834,1
A003286,dormant_sms,2.6962600844731788,1.6962600844731788,1
A003145,dormant_sms,1.6476120553138867,0.6476120553138867,1
A029457,dormant_sms,15.281835516833642,14.281835516833642,1
A013730,dormant_sms,5.140729246638305,4.140729246638305,1
A007198,dormant_sms,2.584777728528783,1.584777728528783,1
A037326,dormant_sms,3.7284580869999346,2.7284580869999346,1
A021814,dormant_sms,16.77595947328714,15.775959473287141,1
A033978,dormant_sms,2.812173181141535,1.8121731811415351,1
A038061,dormant_sms,6.746915381000417,5.746915381000417,1
A004209,dormant_sms,7.211574230200603,6.211574230200603,1
A006109,dormant_sms,14.967752935407503,13.967752935407503,1
A003971,dormant_sms,1.1828673803307956,0.18286738033079564,1
A039344,dormant_sms,4.768660359293827,3.7686603592938273,1
A008699,dormant_sms,2.897587451701945,1.8975874517019449,1
A017100,dormant_sms,12.130909583246076,11.130909583246076,1
A027824,dormant_sms,26.811653437734613,25.811653437734613,1
A007643,dormant_sms,11.266040928931565,10.266040928931565,1
A013251,dormant_sms,5.54328684045103,4.54328684045103,1
A007430,dormant_sms,2.856501721021572,1.856501721021572,1
A022273,dormant_sms,3.4134137257791997,2.4134137257791997,1
A037917,dormant_sms,11.831169514925817,10.831169514925817,1
A015565,dormant_sms,5.69776385397046,4.69776385397046,1
A011844,dormant_sms,5.095746084121073,4.095746084121073,1
A006043,dormant_sms,5.053312210849797,4.053312210849797,1
A007263,dormant_sms,1.7246146118711876,0.7246146118711876,1
A012120,dormant_sms,46.25508235810969,45.25508235810969,1
A004565,dormant_sms,6.952354204846897,5.952354204846897,1
A020658,dormant_sms,15.860533850092382,14.860533850092382,1
A000576,dormant_sms,6.407243233612857,5.407243233612857,1
A013015,dormant_sms,11.438025994652632,10.438025994652632,1
A010550,dormant_sms,15.857907809393938,14.857907809393938,1
A023920,dormant_sms,4.519248711042426,3.519248711042426,1
A012814,dormant_sms,26.477431308137117,25.477431308137117,1
A000363,dormant_sms,5.291097563237301,4.291097563237301,1
A030335,dormant_sms,5.343902140123742,4.343902140123742,1
A003834,dormant_sms,15.49530342407832,14.49530342407832,1
A016955,dormant_sms,33.604207624242925,32.604207624242925,1
A003039,dormant_sms,7.761535031647238,6.761535031647238,1
A024923,dormant_sms,2.8856826693907363,1.8856826693907363,1
A023956,dormant_sms,16.54727941064167,15.547279410641671,1
A028828,dormant_sms,7.945547823410543,6.945547823410543,1
A016006,dormant_sms,7.903666014525588,6.903666014525588,1
A005845,dormant_sms,4.944674471073209,3.944674471073209,1
A015467,dormant_sms,3.3788759981043843,2.3788759981043843,1
A030192,dormant_sms,3.0704133524220394,2.0704133524220394,1
A034619,dormant_sms,1.2907618472379048,0.29076184723790477,1
A019706,dormant_sms,10.62027576699858,9.62027576699858,1
A012436,dormant_sms,5.566132448438599,4.566132448438599,1
A017292,dormant_sms,7.026852753276287,6.026852753276287,1
A034703,dormant_sms,6.5399653563081515,5.5399653563081515,1
A022441,dormant_sms,3.7998334742609186,2.7998334742609186,1
A009814,dormant_sms,5.534490882823124,4.534490882823124,1
A001103,dormant_sms,4.510811438724704,3.510811438724704,1
A011166,dormant_sms,19.76969589696385,18.76969589696385,1
A016402,dormant_sms,8.382046481807153,7.382046481807153,1
A014635,dormant_sms,34.96428130784125,33.96428130784125,1
A028156,dormant_sms,16.090892594846228,15.090892594846228,1
A023112,dormant_sms,8.091358284732857,7.091358284732857,1
A007436,dormant_sms,11.057588884478713,10.057588884478713,1
A023753,dormant_sms,6.409430895306653,5.409430895306653,1
A031005,dormant_sms,3.395221760810947,2.395221760810947,1
A018619,dormant_sms,19.32379925975373,18.32379925975373,1
A004927,dormant_sms,35.185376783459645,34.185376783459645,1
A026212,dormant_sms,17.479481439336126,16.479481439336126,1
A000561,dormant_sms,4.351350468014001,3.351350468014001,1
A018460,dormant_sms,4.25842100561022,3.25842100561022,1
A004017,dormant_sms,15.375569069089893,14.375569069089893,1
A019584,dormant_sms,5.761429536672072,4.761429536672072,1
A022554,dormant_sms,7.5649671538490875,6.5649671538490875,1
A014365,dormant_sms,3.5536909357849265,2.5536909357849265,1
A036289,dormant_sms,9.293456813313748,8.293456813313748,1
A022958,dormant_sms,5.143994637705916,4.143994637705916,1
A013025,dormant_sms,5.574437341114454,4.574437341114454,1
A039889,dormant_sms,5.47240075949013,4.47240075949013,1
A012109,dormant_sms,11.787266195360557,10.787266195360557,1
A031002,dormant_sms,32.390182807360006,31.390182807360006,1
A038881,dormant_sms,12.517218519199009,11.517218519199009,1
A028720,dormant_sms,18.210389274113936,17.210389274113936,1
A033873,dormant_sms,12.216956871047085,11.216956871047085,1
A003066,dormant_sms,5.501689143536249,4.501689143536249,1
A003187,dormant_sms,4.551706045517569,3.5517060455175686,1
A019236,dormant_sms,2.427292113190842,1.427292113190842,1
A006336,dormant_sms,6.670797557498876,5.670797557498876,1
A014976,dormant_sms,9.357140412205878,8.357140412205878,1
A004521,dormant_sms,4.294346310690198,3.294346310690198,1
A008721,dormant_sms,1.7981654725148994,0.7981654725148994,1
A006290,dormant_sms,3.1299974425722183,2.1299974425722183,1
A008932,dormant_sms,9.016010687338246,8.016010687338246,1
A021369,dormant_sms,6.564221745448537,5.564221745448537,1
A030805,dormant_sms,27.661823216961906,26.661823216961906,1
A016177,dormant_sms,12.24398923191149,11.24398923191149,1
A008067,dormant_sms,27.07048337846933,26.07048337846933,1
A022343,dormant_sms,9.748493746056976,8.748493746056976,1
A012047,dormant_sms,8.99926656434051,7.999266564340511,1
A025955,dormant_sms,3.6012125664723302,2.6012125664723302,1
A027768,dormant_sms,2.112737570462404,1.112737570462404,1
A002845,dormant_sms,6.067197389075995,5.067197389075995,1
A033370,dormant_sms,8.714186710971838,7.714186710971838,1
A020671,dormant_sms,14.87155534239475,13.87155534239475,1
A012886,dormant_sms,27.891458001262336,26.891458001262336,1
A005944,dormant_sms,3.710506968348275,2.710506968348275,1
A027129,dormant_sms,12.578971676213667,11.578971676213667,1
A000787,dormant_sms,5.156918824146313,4.156918824146313,1
A002343,dormant_sms,5.316175193011357,4.316175193011357,1
A020892,dormant_sms,2.456802572711151,1.456802572711151,1
A038622,dormant_sms,1.754093074102599,0.7540930741025991,1
A022067,dormant_sms,3.6548911158619624,2.6548911158619624,1
A035874,dormant_sms,55.672004244105565,54.672004244105565,1
A007322,dormant_sms,2.813663670979348,1.813663670979348,1
A013924,dormant_sms,14.358982244621803,13.358982244621803,1
A032441,dormant_sms,17.628009628716693,16.628009628716693,1
A027473,dormant_sms,2.880550408782028,1.8805504087820282,1
A016366,dormant_sms,21.97269651410643,20.97269651410643,1
A039963,dormant_sms,11.870345780683639,10.870345780683639,1
A026021,dormant_sms,46.5334848876108,45.5334848876108,1
A037954,dormant_sms,3.487438746089357,2.487438746089357,1
A020647,dormant_sms,21.796961835298507,20.796961835298507,1
A015170,dormant_sms,2.6660232875042005,1.6660232875042005,1
A003639,dormant_sms,2.4177887054933955,1.4177887054933955,1
A019375,dormant_sms,2.9336631963616955,1.9336631963616955,1
A011515,dormant_sms,16.350421423690943,15.350421423690943,1
A031450,dormant_sms,2.734159826346928,1.7341598263469278,1
A030899,dormant_sms,1.2520795997551382,0.25207959975513816,1
A029066,dormant_sms,56.564552042409474,55.564552042409474,1
A020335,dormant_sms,4.05850413218254,3.0585041321825397,1
A030720,dormant_sms,12.55767217774474,11.55767217774474,1
A004037,dormant_sms,15.291470470535259,14.291470470535259,1
A023057,dormant_sms,10.44059006257329,9.44059006257329,1
A031949,dormant_sms,44.4100775802072,43.4100775802072,1
A012561,dormant_sms,7.803917098709586,6.803917098709586,1
A039192,dormant_sms,9.58637237227145,8.58637237227145,1
A020520,dormant_sms,5.17947198648531,4.17947198648531,1
A028985,dormant_sms,8.522113177195966,7.5221131771959655,1
A029434,dormant_sms,1.827659552920523,0.8276595529205231,1
A033659,dormant_sms,15.983174133049978,14.983174133049978,1
A034959,dormant_sms,11.82166237882854,10.82166237882854,1
A022763,dormant_sms,6.891740070841868,5.891740070841868,1
A025421,dormant_sms,6.1451890524216335,5.1451890524216335,1
A036763,dormant_sms,7.733252416769457,6.733252416769457,1
A013193,dormant_sms,12.642975067343528,11.642975067343528,1
A000675,dormant_sms,1.9395875896090158,0.9395875896090158,1
A001377,dormant_sms,3.6579468229983756,2.6579468229983756,1
A034776,dormant_sms,6.604366831742817,5.604366831742817,1
A036381,dormant_sms,10.835310487298253,9.835310487298253,1
A001073,dormant_sms,7.837091795217725,6.837091795217725,1
A006694,dormant_sms,5.434922708285657,4.434922708285657,1
A031569,dormant_sms,10.945640349465066,9.945640349465066,1
A004952,dormant_sms,1.9174464129321902,0.9174464129321902,1
A017404,dormant_sms,5.130936257514596,4.130936257514596,1
A003265,dormant_sms,3.2097338813171827,2.2097338813171827,1
A015384,dormant_sms,5.849918295801884,4.849918295801884,1
A030332,dormant_sms,17.715373831884698,16.715373831884698,1
A023768,dormant_sms,5.563015852926307,4.563015852926307,1
A001497,dormant_sms,4.264791889514182,3.264791889514182,1
A033276,dormant_sms,9.471918396228777,8.471918396228777,1
A022897,dormant_sms,1.378173502078401,0.37817350207840095,1
A034770,dormant_sms,6.573098410073136,5.573098410073136,1
A011801,dormant_sms,26.42996054882623,25.42996054882623,1
A002791,dormant_sms,1.2609054207854786,0.2609054207854786,1
A025246,dormant_sms,5.3496434651313844,4.3496434651313844,1
A019585,dormant_sms,10.58708073865917,9.58708073865917,1
A029378,dormant_sms,9.28356422945106,8.28356422945106,1
A032257,dormant_sms,6.9388261875730946,5.9388261875730946,1
A037690,dormant_sms,16.54079190301948,15.540791903019478,1
A024506,dormant_sms,2.976323411365561,1.976323411365561,1
A033177,dormant_sms,2.341549641294552,1.3415496412945518,1
A015188,dormant_sms,52.83350667030679,51.83350667030679,1
A018836,dormant_sms,1.8768048202298113,0.8768048202298113,1
A003360,dormant_sms,73.84905230316853,72.84905230316853,1
A011028,dormant_sms,2.7653417980938833,1.7653417980938833,1
A018488,dormant_sms,55.684764804008296,54.684764804008296,1
A004819,dormant_sms,8.912561528414999,7.912561528414999,1
A015925,dormant_sms,4.940346114709941,3.940346114709941,1
A017382,dormant_sms,5.174929493224845,4.174929493224845,1
A025994,dormant_sms,2.487909301198622,1.4879093011986222,1
A016024,dormant_sms,4.78184746830137,3.78184746830137,1
A020051,dormant_sms,2.414703142910184,1.414703142910184,1
A027972,dormant_sms,2.2730934132485383,1.2730934132485383,1
A027727,dormant_sms,5.553139880256861,4.553139880256861,1
A019000,dormant_sms,18.64461429175499,17.64461429175499,1
A017078,dormant_sms,4.079793117952692,3.0797931179526916,1
A011753,dormant_sms,6.274678969966332,5.274678969966332,1
A015038,dormant_sms,4.000608622378292,3.0006086223782917,1
A024591,dormant_sms,23.970864658441428,22.970864658441428,1
A010236,dormant_sms,3.381643172777009,2.381643172777009,1
A026059,dormant_sms,7.457763563684917,6.457763563684917,1
A035253,dormant_sms,7.381295162681771,6.381295162681771,1
A011615,dormant_sms,8.56193839613637,7.5619383961363695,1
A012096,dormant_sms,9.416530586621173,8.416530586621173,1
A028497,dormant_sms,5.301537917299687,4.301537917299687,1
A029875,dormant_sms,10.860566494468443,9.860566494468443,1
A023147,dormant_sms,2.7263152544312668,1.7263152544312668,1
A039731,dormant_sms,23.762397834851573,22.762397834851573,1
A037890,dormant_sms,23.679077884324226,22.679077884324226,1
A009875,dormant_sms,12.268150454880674,11.268150454880674,1
A006169,dormant_sms,4.917562199526157,3.9175621995261567,1
A032999,dormant_sms,2.75117490875722,1.75117490875722,1
A025587,dormant_sms,2.502668646169822,1.502668646169822,1
A002452,dormant_sms,3.9109741920136574,2.9109741920136574,1
A028859,dormant_sms,30.174357352065226,29.174357352065226,1
A031218,dormant_sms,1.4262566674007682,0.4262566674007682,1
A029868,dormant_sms,4.204463534006219,3.2044635340062193,1
A034953,dormant_sms,3.4360982129455886,2.4360982129455886,1
A037303,dormant_sms,2.3258252293182693,1.3258252293182693,1
A017324,dormant_sms,7.461631118407455,6.461631118407455,1
A011646,dormant_sms,31.705945454757007,30.705945454757007,1
A023483,dormant_sms,4.911213026087394,3.9112130260873936,1
A035334,dormant_sms,7.399335967962414,6.399335967962414,1
A028052,dormant_sms,4.913244365544934,3.9132443655449336,1
A029393,dormant_sms,4.870224327707203,3.870224327707203,1
A014662,dormant_sms,1.0263016244949414,0.026301624494941445,1
A034174,dormant_sms,20.785833750413854,19.785833750413854,1
A039138,dormant_sms,3.6130481639145406,2.6130481639145406,1
A039364,dormant_sms,10.596274177613966,9.596274177613966,1
A009318,dormant_sms,18.700969880288504,17.700969880288504,1
A035910,dormant_sms,5.30089776746131,4.30089776746131,1
A011951,dormant_sms,9.5147493943798,8.5147493943798,1
A014156,dormant_sms,6.719985812065799,5.719985812065799,1
A032114,dormant_sms,11.088303911517063,10.088303911517063,1
A007956,dormant_sms,2.018667494654742,1.0186674946547418,1
A034540,dormant_sms,9.093279664898693,8.093279664898693,1
A001012,dormant_sms,1.1194580695710366,0.11945806957103655,1
A012972,dormant_sms,3.8755238954233637,2.8755238954233637,1
A036138,dormant_sms,4.4428618531229525,3.4428618531229525,1
A009743,dormant_sms,7.780222671335391,6.780222671335391,1
A010516,dormant_sms,8.09522638940565,7.095226389405649,1
A036953,dormant_sms,2.8639007325949946,1.8639007325949946,1
A001439,dormant_sms,3.8113733866152617,2.8113733866152617,1
A015788,dormant_sms,7.479949473241985,6.479949473241985,1
A024869,dormant_sms,5.3446268840387585,4.3446268840387585,1
A004250,dormant_sms,3.9236311083345727,2.9236311083345727,1
A026508,dormant_sms,42.9225893640135,41.9225893640135,1
A035000,dormant_sms,1.8866539900119164,0.8866539900119164,1
A036328,dormant_sms,5.580267572655419,4.580267572655419,1
A015912,dormant_sms,3.4881099715601285,2.4881099715601285,1
A026938,dormant_sms,3.5578520552888047,2.5578520552888047,1
A027102,dormant_sms,7.4360610152502735,6.4360610152502735,1
A027581,dormant_sms,7.721250443902411,6.721250443902411,1
A001120,dormant_sms,3.837136293276339,2.837136293276339,1
A005476,dormant_sms,8.583168016933708,7.583168016933708,1
A028635,dormant_sms,32.28797957963991,31.28797957963991,1
A036214,dormant_sms,10.253690763964077,9.253690763964077,1
A037431,dormant_sms,12.157687042909526,11.157687042909526,1
A020244,dormant_sms,30.192778193945156,29.192778193945156,1
A013910,dormant_sms,18.08114348590948,17.08114348590948,1
A028353,dormant_sms,3.7594812469763306,2.7594812469763306,1
A022670,dormant_sms,4.130101539663806,3.130101539663806,1
A025764,dormant_sms,3.6962906248549734,2.6962906248549734,1
A020898,dormant_sms,5.573349175956874,4.573349175956874,1
A022253,dormant_sms,9.167420914643658,8.167420914643658,1
A005904,dormant_sms,57.56593953190548,56.56593953190548,1
A019636,dormant_sms,2.898247137714389,1.8982471377143888,1
A032995,dormant_sms,7.110731888024613,6.110731888024613,1
A006301,dormant_sms,1.599267116237518,0.599267116237518,1
A015055,dormant_sms,2.3887807073191882,1.3887807073191882,1
A009853,dormant_sms,6.216360272431046,5.216360272431046,1
A034241,dormant_sms,31.483935027948633,30.483935027948633,1
A007745,dormant_sms,5.440874282470057,4.440874282470057,1
A012456,dormant_sms,4.213309150245869,3.213309150245869,1
A017175,dormant_sms,16.124638668978236,15.124638668978236,1
A025485,dormant_sms,9.660248760854277,8.660248760854277,1
A001273,dormant_sms,23.803046965063686,22.803046965063686,1
A004419,dormant_sms,2.6064655545481497,1.6064655545481497,1
A035934,dormant_sms,2.5617610985164814,1.5617610985164814,1
A014122,dormant_sms,9.998187469839602,8.998187469839602,1
A007518,dormant_sms,3.8567733022734316,2.8567733022734316,1
A014079,dormant_sms,2.0274279209091803,1.0274279209091803,1
A029618,dormant_sms,6.191185035562847,5.191185035562847,1
A015614,dormant_sms,36.21629488552316,35.21629488552316,1
A039306,dormant_sms,9.135337526267511,8.135337526267511,1
A037761,dormant_sms,8.686884849998597,7.686884849998597,1
A015150,dormant_sms,3.0462988819738928,2.0462988819738928,1
A014731,dormant_sms,4.487550133109548,3.487550133109548,1
A004160,dormant_sms,5.816143176271198,4.816143176271198,1
A015075,dormant_sms,1.8086406182726051,0.8086406182726051,1
A035919,dormant_sms,4.918675986587988,3.9186759865879877,1
A022803,dormant_sms,4.597684047667709,3.597684047667709,1
A001258,dormant_sms,4.559187834677607,3.5591878346776067,1
A037962,dormant_sms,2.9464993782247655,1.9464993782247655,1
A034529,dormant_sms,3.7378614192822166,2.7378614192822166,1
A026528,dormant_sms,4.308995394189276,3.3089953941892762,1
A035597,dormant_sms,1.6970514701833055,0.6970514701833055,1
A015356,dormant_sms,3.921557775997065,2.921557775997065,1
A005467,dormant_sms,5.116394318320884,4.116394318320884,1
A029611,dormant_sms,2.688226143876635,1.6882261438766348,1
A031331,dormant_sms,4.5649744899086,3.5649744899086,1
A004799,dormant_sms,3.639689774445425,2.639689774445425,1
A026157,dormant_sms,4.723521946146546,3.723521946146546,1
A030921,dormant_sms,13.471081881224135,12.471081881224135,1
A000923,dormant_sms,2.3858143655618615,1.3858143655618615,1
A024499,dormant_sms,3.117085254236817,2.117085254236817,1
A012816,dormant_sms,6.361084753138274,5.361084753138274,1
A021448,dormant_sms,1.2953487261470713,0.2953487261470713,1
A026844,dormant_sms,1.2028497329948051,0.20284973299480513,1
A002986,dormant_sms,21.098617059438205,20.098617059438205,1
A022019,dormant_sms,13.37664186817777,12.37664186817777,1
A006500,dormant_sms,3.7226513321423385,2.7226513321423385,1
A014390,dormant_sms,14.528254373221014,13.528254373221014,1
A009155,dormant_sms,3.640250926242903,2.640250926242903,1
A011581,dormant_sms,3.390251424055909,2.390251424055909,1
A017992,dormant_sms,3.282715937808975,2.282715937808975,1
A026791,dormant_sms,9.17976028380949,8.17976028380949,1
A009115,dormant_sms,17.106823011770267,16.106823011770267,1
A032971,dormant_sms,5.549671945409775,4.549671945409775,1
A027579,dormant_sms,2.60460880925864,1.60460880925864,1
A032435,dormant_sms,14.766146957515815,13.766146957515815,1
A025286,dormant_sms,5.852208372316199,4.852208372316199,1
A012176,dormant_sms,1.212526656965934,0.2125266569659341,1
A013718,dormant_sms,12.342232465244589,11.342232465244589,1
A033251,dormant_sms,8.320323543383275,7.3203235433832745,1
A002846,dormant_sms,5.787705951232503,4.787705951232503,1
A010401,dormant_sms,14.317562730916348,13.317562730916348,1
A019566,dormant_sms,4.390572372271176,3.3905723722711762,1
A008659,dormant_sms,33.80641881132287,32.80641881132287,1
A027964,dormant_sms,4.373121095830204,3.3731210958302036,1
A028168,dormant_sms,4.218648796066505,3.218648796066505,1
A015719,dormant_sms,4.1365405833102615,3.1365405833102615,1
A035668,dormant_sms,19.117927815278662,18.117927815278662,1
A004888,dormant_sms,14.447949712829676,13.447949712829676,1
A006172,dormant_sms,4.569016343925607,3.5690163439256066,1
A027948,dormant_sms,21.73171325229391,20.73171325229391,1
A021594,dormant_sms,4.709578819923825,3.7095788199238253,1
A028911,dormant_sms,1.005041351883046,0.005041351883046108,1
A035369,dormant_sms,1.3179344528567574,0.31793445285675737,1
A009612,dormant_sms,19.62242428257516,18.62242428257516,1
A004646,dormant_sms,10.321912657614893,9.321912657614893,1
A023743,dormant_sms,8.807737208606996,7.807737208606996,1
A012269,dormant_sms,6.33050869072883,5.33050869072883,1
A035699,dormant_sms,8.345207301352445,7.3452073013524455,1
A034333,dormant_sms,4.9411952411184465,3.9411952411184465,1
A027426,dormant_sms,6.976459564177533,5.976459564177533,1
A025173,dormant_sms,3.6395812340277853,2.6395812340277853,1
A037415,dormant_sms,2.926904015210066,1.926904015210066,1
A029761,dormant_sms,2.8285229983917115,1.8285229983917115,1
A005955,dormant_sms,2.702215536165188,1.702215536165188,1
A002189,dormant_sms,3.5311116994750815,2.5311116994750815,1
A023532,dormant_sms,1.2107484836335367,0.2107484836335367,1
A037542,dormant_sms,9.792689372234564,8.792689372234564,1
A037879,dormant_sms,8.221108570816948,7.2211085708169485,1
A034140,dormant_sms,4.1372938372578725,3.1372938372578725,1
A009561,dormant_sms,15.171004386124592,14.171004386124592,1
A013181,dormant_sms,1.5763614657803597,0.5763614657803597,1
A000259,dormant_sms,9.28224966524947,8.28224966524947,1
A021855,dormant_sms,6.7195700901555915,5.7195700901555915,1
A030667,dormant_sms,9.09574430871135,8.09574430871135,1
A026725,dormant_sms,4.068638879041495,3.0686388790414947,1
A039319,dormant_sms,2.9330285322497547,1.9330285322497547,1
A006284,dormant_sms,5.885874728481046,4.885874728481046,1
A013762,dormant_sms,5.421185731418541,4.421185731418541,1
A036180,dormant_sms,2.7262930589559127,1.7262930589559127,1
A030881,dormant_sms,12.28083905891131,11.28083905891131,1
A018049,dormant_sms,4.342114054150151,3.3421140541501506,1
A038423,dormant_sms,34.352401047112416,33.352401047112416,1
A008076,dormant_sms,29.23003977323196,28.23003977323196,1
A005174,dormant_sms,12.85422039441859,11.85422039441859,1
A027596,dormant_sms,22.925422875565236,21.925422875565236,1
A036576,dormant_sms,5.961004091622235,4.961004091622235,1
A009898,dormant_sms,17.791978279746562,16.791978279746562,1
A036562,dormant_sms,14.845192312005073,13.845192312005073,1
A034191,dormant_sms,1.7575423950305753,0.7575423950305753,1
A031093,dormant_sms,13.64571003522517,12.64571003522517,1
A028698,dormant_sms,1.736301144470888,0.736301144470888,1
A008183,dormant_sms,5.527911941074574,4.527911941074574,1
A033902,dormant_sms,9.44070980386126,8.44070980386126,1
A024339,dormant_sms,3.73459124436857,2.73459124436857,1
A026532,dormant_sms,4.12997189672342,3.1299718967234202,1
A018046,dormant_sms,5.090901451064672,4.090901451064672,1
A010513,dormant_sms,1.0904274115424957,0.09042741154249567,1
A026893,dormant_sms,4.757844544305076,3.757844544305076,1
A020123,dormant_sms,6.18336305829168,5.18336305829168,1
A024197,dormant_sms,6.8145348084707145,5.8145348084707145,1
A005769,dormant_sms,3.3516308457972728,2.3516308457972728,1
A033040,dormant_sms,8.524083368836024,7.524083368836024,1
A023138,dormant_sms,4.220467880242055,3.2204678802420554,1
A004531,dormant_sms,1.0515171165942365,0.05151711659423652,1
A013098,dormant_sms,1.3185305524998214,0.31853055249982143,1
A028066,dormant_sms,1.5702252112432444,0.5702252112432444,1
A031696,dormant_sms,1.9468853614433799,0.9468853614433799,1
A021270,dormant_sms,14.548202357019655,13.548202357019655,1
A012846,dormant_sms,5.030715517587551,4.030715517587551,1
A004011,dormant_sms,19.90691485069054,18.90691485069054,1
A000192,dormant_sms,2.4462473830772122,1.4462473830772122,1
A001892,dormant_sms,7.739797780778528,6.739797780778528,1
A001700,dormant_sms,2.8218512014983537,1.8218512014983537,1
A013664,dormant_sms,3.64356462480669,2.64356462480669,1
A013886,dormant_sms,4.090463948653967,3.0904639486539667,1
A032448,dormant_sms,8.870347691615834,7.870347691615834,1
A007693,dormant_sms,14.72777531097508,13.72777531097508,1
A018051,dormant_sms,20.157559915887006,19.157559915887006,1
A000269,dormant_sms,47.42181460199658,46.42181460199658,1
A032356,dormant_sms,1.2897536827125928,0.28975368271259283,1
A019272,dormant_sms,8.0791501014983,7.0791501014983,1
A029759,dormant_sms,8.251887223343108,7.2518872233431075,1
A020233,dormant_sms,10.1063514461634,9.1063514461634,1
A014061,dormant_sms,4.683784900943242,3.683784900943242,1
A019603,dormant_sms,3.0291980747459477,2.0291980747459477,1
A002395,dormant_sms,1.4779380589610709,0.4779380589610709,1
A006503,dormant_sms,17.465909894272052,16.465909894272052,1
A014831,dormant_sms,7.091992267388424,6.091992267388424,1
A007133,dormant_sms,9.007463591735547,8.007463591735547,1
A022118,dormant_sms,3.2180327719144075,2.2180327719144075,1
A001198,dormant_sms,15.977120336146916,14.977120336146916,1
A039333,dormant_sms,3.0805520604483307,2.0805520604483307,1
A028068,dormant_sms,6.548738539415678,5.548738539415678,1
A018588,dormant_sms,2.1353013196278487,1.1353013196278487,1
A004454,dormant_sms,24.00182369814842,23.00182369814842,1
A008776,dormant_sms,16.493837530145267,15.493837530145267,1
A029665,dormant_sms,6.29837977943019,5.29837977943019,1
A015207,dormant_sms,10.551496814587018,9.551496814587018,1
A033682,dormant_sms,4.511879845353217,3.511879845353217,1
A016032,dormant_sms,1.5890192587359675,0.5890192587359675,1
A036492,dormant_sms,3.864368002646801,2.864368002646801,1
A039694,dormant_sms,36.70073971232284,35.70073971232284,1
A030084,dormant_sms,5.545293946893696,4.545293946893696,1
A013026,dormant_sms,5.254307616390686,4.254307616390686,1
A024826,dormant_sms,12.078172931750034,11.078172931750034,1
A031638,dormant_sms,2.2743734442435617,1.2743734442435617,1
A000812,dormant_sms,30.77743435381379,29.77743435381379,1
A037137,dormant_sms,1.2530800947267435,0.25308009472674353,1
A016897,dormant_sms,1.132784509526484,0.1327845095264839,1
A001074,dormant_sms,14.684383512150111,13.684383512150111,1
A022764,dormant_sms,5.903969955043554,4.903969955043554,1
A031397,dormant_sms,3.113366404774917,2.113366404774917,1
A031429,dormant_sms,14.018110448574541,13.018110448574541,1
A009204,dormant_sms,6.107704413455049,5.107704413455049,1
A011930,dormant_sms,1.6494021619016797,0.6494021619016797,1
A026788,dormant_sms,6.829578067073469,5.829578067073469,1
A007730,dormant_sms,12.464304497121239,11.464304497121239,1
A032570,dormant_sms,18.9656337870408,17.9656337870408,1
A038356,dormant_sms,21.146354062677695,20.146354062677695,1
A005832,dormant_sms,6.385420549366394,5.385420549366394,1
A023010,dormant_sms,20.83370029749565,19.83370029749565,1
A023399,dormant_sms,13.436200649921137,12.436200649921137,1
A006661,dormant_sms,2.67648226915788,1.67648226915788,1
A030323,dormant_sms,21.825651433295292,20.825651433295292,1
A019458,dormant_sms,7.667905790587793,6.667905790587793,1
A016115,dormant_sms,1.041767404450937,0.04176740445093707,1
A027595,dormant_sms,2.787093204798196,1.7870932047981958,1
A038554,dormant_sms,2.0153893396565272,1.0153893396565272,1
A004961,dormant_sms,9.642550191852816,8.642550191852816,1
A018746,dormant_sms,8.287952197545739,7.287952197545739,1
A026542,dormant_sms,2.58294491767601,1.5829449176760102,1
A026603,dormant_sms,2.7694667913468134,1.7694667913468134,1
A009434,dormant_sms,2.1020354203047225,1.1020354203047225,1
A017962,dormant_sms,4.688906936834891,3.688906936834891,1
A012216,dormant_sms,3.3439450745635564,2.3439450745635564,1
A007332,dormant_sms,2.390870990834059,1.3908709908340589,1
A026974,dormant_sms,20.18805429555764,19.18805429555764,1
A017137,dormant_sms,10.019784004215365,9.019784004215365,1
A016192,dormant_sms,14.580703393150149,13.580703393150149,1
A005100,dormant_sms,3.9500117037491975,2.9500117037491975,1
A001005,dormant_sms,4.2664399786304426,3.2664399786304426,1
A017190,dormant_sms,8.803394313032907,7.803394313032907,1
A026813,dormant_sms,4.782934869110502,3.782934869110502,1
A015782,dormant_sms,11.901698515481389,10.901698515481389,1
A036964,dormant_sms,3.3838395911373818,2.3838395911373818,1
A002410,dormant_sms,2.5371153220302958,1.5371153220302958,1
A003797,dormant_sms,6.940865915310774,5.940865915310774,1
A037705,dormant_sms,4.4416698244410595,3.4416698244410595,1
A010602,dormant_sms,5.167199009260382,4.167199009260382,1
A034702,dormant_sms,37.517116888637005,36.517116888637005,1
A030028,dormant_sms,27.902631969457776,26.902631969457776,1
A029649,dormant_sms,6.718420642358564,5.718420642358564,1
A019469,dormant_sms,16.889404238182127,15.889404238182127,1
A011400,dormant_sms,2.190334514335784,1.1903345143357842,1
A014969,dormant_sms,8.904092468817717,7.904092468817717,1
A014940,dormant_sms,5.421966649897068,4.421966649897068,1
A027983,dormant_sms,1.9131014343571264,0.9131014343571264,1
A000228,dormant_sms,32.36761337757952,31.367613377579517,1
A012014,dormant_sms,6.433931909851605,5.433931909851605,1
A004926,dormant_sms,11.546501118703627,10.546501118703627,1
A002381,dormant_sms,3.6318926180556557,2.6318926180556557,1
A025808,dormant_sms,4.798074014872758,3.798074014872758,1
A027969,dormant_sms,2.7185027036171197,1.7185027036171197,1
A032616,dormant_sms,3.2603757128098354,2.2603757128098354,1
A034403,dormant_sms,9.103039962004768,8.103039962004768,1
A017094,dormant_sms,4.961782479132569,3.9617824791325686,1
A037073,dormant_sms,8.76077194127316,7.760771941273161,1
A024685,dormant_sms,1.7573848454874166,0.7573848454874166,1
A018293,dormant_sms,1.7194996737467332,0.7194996737467332,1
A026222,dormant_sms,3.3887533881770397,2.3887533881770397,1
A030364,dormant_sms,39.5689122365965,38.5689122365965,1
A000233,dormant_sms,8.152895416095124,7.152895416095124,1
A024839,dormant_sms,3.059413921650134,2.059413921650134,1
A030823,dormant_sms,17.1256290531829,16.1256290531829,1
A022506,dormant_sms,6.196387672622404,5.196387672622404,1
A020600,dormant_sms,3.6508988297258798,2.6508988297258798,1
A039803,dormant_sms,26.000230177204077,25.000230177204077,1
A001048,dormant_sms,11.86090754351423,10.86090754351423,1
A016140,dormant_sms,3.70182212069461,2.70182212069461,1
A039676,dormant_sms,2.3685512425842155,1.3685512425842155,1
A020306,dormant_sms,16.07694851512752,15.076948515127519,1
A019560,dormant_sms,10.928154372106887,9.928154372106887,1
A038263,dormant_sms,15.09612417725248,14.09612417725248,1
A022428,dormant_sms,12.78733667371655,11.78733667371655,1
A033321,dormant_sms,6.916163446751094,5.916163446751094,1
A034925,dormant_sms,6.696011855346342,5.696011855346342,1
A000163,dormant_sms,2.8344557817056564,1.8344557817056564,1
A004951,dormant_sms,5.546981645693529,4.546981645693529,1
A015396,dormant_sms,8.046536037060168,7.046536037060168,1
A019616,dormant_sms,2.2681871649718786,1.2681871649718786,1
A024067,dormant_sms,10.218888055967708,9.218888055967708,1
A009028,dormant_sms,4.110985841992972,3.1109858419929717,1
A004408,dormant_sms,10.102515306053142,9.102515306053142,1
A002008,dormant_sms,2.2553077348775266,1.2553077348775266,1
A003130,dormant_sms,5.167609121330713,4.167609121330713,1
A004478,dormant_sms,2.7193405445574306,1.7193405445574306,1
A034143,dormant_sms,3.5217062094324167,2.5217062094324167,1
A018669,dormant_sms,25.831472325075715,24.831472325075715,1
A008199,dormant_sms,2.983673435098562,1.983673435098562,1
A002252,dormant_sms,11.392258097295457,10.392258097295457,1
A039449,dormant_sms,8.362596037722957,7.362596037722957,1
A029157,dormant_sms,14.966442555231534,13.966442555231534,1
A010215,dormant_sms,29.155369600720093,28.155369600720093,1
A022550,dormant_sms,5.021251352753727,4.021251352753727,1
A023054,dormant_sms,19.747871119350027,18.747871119350027,1
A027614,dormant_sms,24.133219097287448,23.133219097287448,1
A034167,dormant_sms,10.484247772998867,9.484247772998867,1
A015130,dormant_sms,10.006902937836172,9.006902937836172,1
A021616,dormant_sms,3.973532547326628,2.973532547326628,1
A005662,dormant_sms,10.293465035888682,9.293465035888682,1
A017224,dormant_sms,7.091383483188968,6.091383483188968,1
A031318,dormant_sms,7.018846317223283,6.018846317223283,1
A028444,dormant_sms,4.837202152351697,3.837202152351697,1
A021615,dormant_sms,2.8493356138054646,1.8493356138054646,1
A038542,dormant_sms,7.714895011310367,6.714895011310367,1
A025619,dormant_sms,7.156284631560112,6.156284631560112,1
A027140,dormant_sms,13.934618958160996,12.934618958160996,1
A037614,dormant_sms,21.943472170453376,20.943472170453376,1
A039027,dormant_sms,15.830623800608207,14.830623800608207,1
A018915,dormant_sms,6.580538136871867,5.580538136871867,1
A016762,dormant_sms,11.181864814751739,10.181864814751739,1
A012810,dormant_sms,9.826493643241436,8.826493643241436,1
A029124,dormant_sms,2.470260664911754,1.4702606649117538,1
A029266,dormant_sms,8.03976173852439,7.0397617385243905,1
A008342,dormant_sms,7.031193046886782,6.031193046886782,1
A016386,dormant_sms,9.399074804183035,8.399074804183035,1
A007689,dormant_sms,15.394413344156174,14.394413344156174,1
A037569,dormant_sms,9.748484879193196,8.748484879193196,1
A020714,dormant_sms,21.826338968594417,20.826338968594417,1
A011618,dormant_sms,1.4443274983821281,0.44432749838212815,1
A024702,dormant_sms,6.755708514571883,5.755708514571883,1
A013557,dormant_sms,3.2533293123324123,2.2533293123324123,1
A029299,dormant_sms,3.1025656674791193,2.1025656674791193,1
A021390,dormant_sms,3.367240338191377,2.367240338191377,1
A022262,dormant_sms,3.9930090404334573,2.9930090404334573,1
A009336,dormant_sms,12.940826761624203,11.940826761624203,1
A002305,dormant_sms,5.43917764024759,4.43917764024759,1
A008449,dormant_sms,3.4139523783846593,2.4139523783846593,1
A006352,dormant_sms,5.78907584410708,4.78907584410708,1
A029766,dormant_sms,1.8415057564569919,0.8415057564569919,1
A006833,dormant_sms,11.242821013536663,10.242821013536663,1
A022555,dormant_sms,6.377777006944076,5.377777006944076,1
A025237,dormant_sms,6.955967693355475,5.955967693355475,1
A034816,dormant_sms,5.063804820236895,4.063804820236895,1
A011013,dormant_sms,37.11405293072459,36.11405293072459,1
A019955,dormant_sms,2.6130099484142972,1.6130099484142972,1
A034761,dormant_sms,2.197159565629903,1.197159565629903,1
A021021,dormant_sms,2.7427792931660315,1.7427792931660315,1
A018627,dormant_sms,2.323558885411188,1.3235588854111882,1
A027031,dormant_sms,26.76639468506424,25.76639468506424,1
A013152,dormant_sms,8.314736925801897,7.314736925801897,1
A025990,dormant_sms,1.9194924580594,0.9194924580593999,1
A024296,dormant_sms,2.644187245243699,1.6441872452436992,1
A022591,dormant_sms,8.939272578593222,7.939272578593222,1
A034688,dormant_sms,6.070529702361113,5.070529702361113,1
A024665,dormant_sms,3.9020783956300877,2.9020783956300877,1
A022837,dormant_sms,32.32577916874617,31.325779168746173,1
A019637,dormant_sms,15.114971574985454,14.114971574985454,1
A012203,dormant_sms,19.591123895230695,18.591123895230695,1
A035821,dormant_sms,2.6953480006110637,1.6953480006110637,1
A027148,dormant_sms,15.429933538736284,14.429933538736284,1
A022994,dormant_sms,1.620492852172983,0.6204928521729829,1
A011388,dormant_sms,5.96999829183437,4.96999829183437,1
A033738,dormant_sms,4.836748668021304,3.836748668021304,1
A020572,dormant_sms,6.941414152540746,5.941414152540746,1
A018824,dormant_sms,2.470246072356822,1.4702460723568218,1
A031559,dormant_sms,6.230802276165413,5.230802276165413,1
A004140,dormant_sms,13.256140337097301,12.256140337097301,1
A018468,dormant_sms,2.3262378367941707,1.3262378367941707,1
A017439,dormant_sms,8.939631267578203,7.9396312675782035,1
A037625,dormant_sms,3.0457946794419133,2.0457946794419133,1
A028110,dormant_sms,8.144925812977446,7.144925812977446,1
A019340,dormant_sms,4.395237617903484,3.3952376179034838,1
A003213,dormant_sms,3.037177893529148,2.037177893529148,1
A008772,dormant_sms,10.041542884921519,9.041542884921519,1
A004490,dormant_sms,54.53609864070648,53.53609864070648,1
A012531,dormant_sms,5.652248789105505,4.652248789105505,1
A027648,dormant_sms,11.852078994656454,10.852078994656454,1
A007385,dormant_sms,2.684784385478426,1.6847843854784261,1
A027868,dormant_sms,16.175428237812515,15.175428237812515,1
A010652,dormant_sms,17.50358303885425,16.50358303885425,1
A016985,dormant_sms,1.7378407069333588,0.7378407069333588,1
A007673,dormant_sms,5.344636390086021,4.344636390086021,1
A033020,dormant_sms,4.194670369360447,3.1946703693604466,1
A009486,dormant_sms,9.263371216166723,8.263371216166723,1
A022100,dormant_sms,13.373046714510416,12.373046714510416,1
A000886,dormant_sms,18.689249257677123,17.689249257677123,1
A029359,dormant_sms,3.435331047969019,2.435331047969019,1
A022288,dormant_sms,6.052046761459347,5.052046761459347,1
A020983,dormant_sms,2.286399430922727,1.2863994309227271,1
A017084,dormant_sms,3.3338407057426895,2.3338407057426895,1
A002337,dormant_sms,3.1858712584023743,2.1858712584023743,1
A021226,dormant_sms,9.677435243143565,8.677435243143565,1
A031801,dormant_sms,5.402168211792862,4.402168211792862,1
A019474,dormant_sms,4.268997817215293,3.2689978172152934,1
A009674,dormant_sms,8.105067497214298,7.105067497214298,1
A036460,dormant_sms,5.211389292052994,4.211389292052994,1
A015618,dormant_sms,2.597375645742226,1.597375645742226,1
A005232,dormant_sms,6.297258666448465,5.297258666448465,1
A005930,dormant_sms,16.99108667889897,15.99108667889897,1
A016714,dormant_sms,17.728549613851662,16.728549613851662,1
A026935,dormant_sms,15.188500982997631,14.188500982997631,1
A017211,dormant_sms,15.329813092811774,14.329813092811774,1
A033482,dormant_sms,4.422094656370565,3.4220946563705654,1
A008831,dormant_sms,1.9798120759613873,0.9798120759613873,1
A030311,dormant_sms,2.872659980307449,1.872659980307449,1
A036481,dormant_sms,3.5537506974005297,2.5537506974005297,1
A019510,dormant_sms,9.769482822483546,8.769482822483546,1
A039384,dormant_sms,41.89078260921695,40.89078260921695,1
A032598,dormant_sms,2.2364536856532653,1.2364536856532653,1
A007329,dormant_sms,8.719546497080058,7.719546497080058,1
A023245,dormant_sms,1.3191053544612081,0.31910535446120813,1
A034151,dormant_sms,7.582544490125811,6.582544490125811,1
A020793,dormant_sms,2.6614667125819333,1.6614667125819333,1
A008250,dormant_sms,5.809522888270343,4.809522888270343,1
A016459,dormant_sms,5.813205148399062,4.813205148399062,1
A028736,dormant_sms,3.3273959928132752,2.3273959928132752,1
A010852,dormant_sms,25.906584685912915,24.906584685912915,1
A008669,dormant_sms,20.32901785460484,19.32901785460484,1
A030174,dormant_sms,8.258668446833697,7.258668446833697,1
A026300,dormant_sms,7.708924185290928,6.708924185290928,1
A000462,dormant_sms,7.355349146113,6.355349146113,1
A030004,dormant_sms,1.2793553064865106,0.27935530648651064,1
A012643,dormant_sms,5.727012977084911,4.727012977084911,1
A038117,dormant_sms,13.879220189247668,12.879220189247668,1
A029247,dormant_sms,2.454927340677134,1.4549273406771341,1
A031400,dormant_sms,4.746646974023672,3.7466469740236716,1
A033770,dormant_sms,4.290402852349944,3.290402852349944,1
A027371,dormant_sms,2.6796807911757714,1.6796807911757714,1
A025444,dormant_sms,4.4155824943614395,3.4155824943614395,1
A008271,dormant_sms,3.402734344410756,2.402734344410756,1
A003439,dormant_sms,5.410773851554514,4.410773851554514,1
A016976,dormant_sms,1.977894884798435,0.977894884798435,1
A008818,dormant_sms,11.726503692836852,10.726503692836852,1
A004529,dormant_sms,49.80690284520275,48.80690284520275,1
A011807,dormant_sms,1.3325195870345607,0.33251958703456075,1
A035074,dormant_sms,9.403895376212539,8.403895376212539,1
A003882,dormant_sms,26.4284058806369,25.4284058806369,1
A023854,dormant_sms,1.699024029105562,0.699024029105562,1
A027968,dormant_sms,3.007807791337372,2.007807791337372,1
A028397,dormant_sms,15.032014159110627,14.032014159110627,1
A017627,dormant_sms,2.5335763306298325,1.5335763306298325,1
A026292,dormant_sms,1.9030719602044015,0.9030719602044015,1
A001483,dormant_sms,20.125707440091965,19.125707440091965,1
A035571,dormant_sms,5.8324413655383545,4.8324413655383545,1
A036040,dormant_sms,7.933700428144448,6.933700428144448,1
A033733,dormant_sms,4.472248934545261,3.472248934545261,1
A014341,dormant_sms,3.261689057506607,2.261689057506607,1
A013846,dormant_sms,1.2027854498549417,0.20278544985494174,1
A015670,dormant_sms,4.628958832009714,3.6289588320097144,1
A002602,dormant_sms,10.482050283762696,9.482050283762696,1
A024667,dormant_sms,4.825058165501665,3.825058165501665,1
A009723,dormant_sms,4.554986748410699,3.554986748410699,1
A014786,dormant_sms,19.683566635307592,18.683566635307592,1
A032099,dormant_sms,9.655199263038408,8.655199263038408,1
A025722,dormant_sms,14.511444759258074,13.511444759258074,1
A014620,dormant_sms,7.940554583357252,6.940554583357252,1
A039018,dormant_sms,16.234531839018803,15.234531839018803,1
A014531,dormant_sms,7.367635213128563,6.367635213128563,1
A024502,dormant_sms,6.783012561226141,5.783012561226141,1
A012434,dormant_sms,12.727158270929715,11.727158270929715,1
A023949,dormant_sms,2.6341483365218434,1.6341483365218434,1
A025540,dormant_sms,1.6729488134469659,0.6729488134469659,1
A009650,dormant_sms,15.405844314188949,14.405844314188949,1
A007386,dormant_sms,3.382916876813083,2.382916876813083,1
A022097,dormant_sms,3.011665289389791,2.011665289389791,1
A008259,dormant_sms,1.1181463459741505,0.11814634597415052,1
A002576,dormant_sms,2.2546489047950313,1.2546489047950313,1
A030099,dormant_sms,2.5188548803382336,1.5188548803382336,1
A033393,dormant_sms,7.704818587177862,6.704818587177862,1
A007283,dormant_sms,2.634602157349562,1.634602157349562,1
A021821,dormant_sms,1.4117485107052468,0.41174851070524676,1
A015916,dormant_sms,36.644468259114795,35.644468259114795,1
A029441,dormant_sms,12.224802405168713,11.224802405168713,1
A025539,dormant_sms,18.540646593968216,17.540646593968216,1
A035221,dormant_sms,20.165983309979197,19.165983309979197,1
A023998,dormant_sms,4.5985913684591795,3.5985913684591795,1
A021058,dormant_sms,1.0583454037118216,0.05834540371182162,1
A013658,dormant_sms,21.68719295358577,20.68719295358577,1
A035778,dormant_sms,4.6375711687299495,3.6375711687299495,1
A039561,dormant_sms,14.772604939287929,13.772604939287929,1
A008409,dormant_sms,5.690981264149567,4.690981264149567,1
A009700,dormant_sms,10.04572714773332,9.04572714773332,1
A034697,dormant_sms,8.902192946176573,7.902192946176573,1
A035573,dormant_sms,3.523227712515149,2.523227712515149,1
A007247,dormant_sms,12.026436841867051,11.026436841867051,1
A030356,dormant_sms,64.99664906199607,63.99664906199607,1
A030629,dormant_sms,6.8122098232187325,5.8122098232187325,1
A037937,dormant_sms,3.864544962593017,2.864544962593017,1
A003131,dormant_sms,2.6965347986373733,1.6965347986373733,1
A004801,dormant_sms,1.056379801112103,0.056379801112103056,1
A021417,dormant_sms,2.7967001582142332,1.7967001582142332,1
A003883,dormant_sms,3.717126849455561,2.717126849455561,1
A037920,dormant_sms,5.24433434416102,4.24433434416102,1
A036738,dormant_sms,3.9982510757035157,2.9982510757035157,1
A015407,dormant_sms,13.096187253415001,12.096187253415001,1
A006414,dormant_sms,4.901047472428994,3.901047472428994,1
A035970,dormant_sms,3.029563467846433,2.029563467846433,1
A022008,dormant_sms,1.6264868526660607,0.6264868526660607,1
A011858,dormant_sms,3.317493662699228,2.317493662699228,1
A008012,dormant_sms,13.131774979996557,12.131774979996557,1
A005376,dormant_sms,9.407511306591655,8.407511306591655,1
A007454,dormant_sms,8.259857495743272,7.259857495743272,1
A020423,dormant_sms,2.175671145783001,1.1756711457830011,1
A035082,dormant_sms,3.950074629867193,2.950074629867193,1
A028772,dormant_sms,3.241440425855702,2.241440425855702,1
A001830,dormant_sms,8.278970585425109,7.2789705854251086,1
A022357,dormant_sms,2.1199636010715963,1.1199636010715963,1
A008218,dormant_sms,2.7412169518229357,1.7412169518229357,1
A006688,dormant_sms,6.06112711471918,5.06112711471918,1
A025534,dormant_sms,16.022388155255125,15.022388155255125,1
A002326,dormant_sms,2.193413787110878,1.1934137871108779,1
A034992,dormant_sms,4.806150315712788,3.806150315712788,1
A004664,dormant_sms,13.044188751715543,12.044188751715543,1
A012444,dormant_sms,21.385525072708262,20.385525072708262,1
A020094,dormant_sms,2.2890208330948503,1.2890208330948503,1
A000222,dormant_sms,9.330958041471503,8.330958041471503,1
A014809,dormant_sms,8.390773898542427,7.390773898542427,1
A012606,dormant_sms,10.36865061383807,9.36865061383807,1
A019296,dormant_sms,6.8640017786144405,5.8640017786144405,1
A002433,dormant_sms,11.929002716093526,10.929002716093526,1
A004397,dormant_sms,2.149937363079755,1.1499373630797551,1
A021353,dormant_sms,12.590683782129608,11.590683782129608,1
A010563,dormant_sms,9.523875129746868,8.523875129746868,1
A039001,dormant_sms,16.528569294254012,15.528569294254012,1
A020010,dormant_sms,25.60489144394366,24.60489144394366,1
A027381,dormant_sms,3.3155825493067335,2.3155825493067335,1
A014475,dormant_sms,24.318703435964775,23.318703435964775,1
A032582,dormant_sms,7.174345284391693,6.174345284391693,1
A022168,dormant_sms,70.20883417398734,69.20883417398734,1
A002250,dormant_sms,8.139576192755671,7.139576192755671,1
A001173,dormant_sms,18.585946598477687,17.585946598477687,1
A038577,dormant_sms,17.318937098470805,16.318937098470805,1
A025206,dormant_sms,10.848054974605473,9.848054974605473,1
A015090,dormant_sms,7.9263367585184525,6.9263367585184525,1
A024374,dormant_sms,14.972047017671848,13.972047017671848,1
A001320,dormant_sms,2.551796993355358,1.551796993355358,1
A009083,dormant_sms,6.312284322887118,5.312284322887118,1
A000592,dormant_sms,10.482987984072915,9.482987984072915,1
A035942,dormant_sms,5.675531664852868,4.675531664852868,1
A009652,dormant_sms,9.870151348407626,8.870151348407626,1
A006577,dormant_sms,29.968569991542026,28.968569991542026,1
A037384,dormant_sms,7.3143704085382515,6.3143704085382515,1
A034508,dormant_sms,2.510771062861945,1.510771062861945,1
A022020,dormant_sms,9.05449503776229,8.05449503776229,1
A034339,dormant_sms,8.47620186264091,7.4762018626409095,1
A031575,dormant_sms,2.276824045206321,1.2768240452063209,1
A006867,dormant_sms,1.506212522109031,0.506212522109031,1
A029035,dormant_sms,3.469664617335787,2.469664617335787,1
A028364,dormant_sms,3.690035845842663,2.690035845842663,1
A008262,dormant_sms,3.866494576994367,2.866494576994367,1
A021603,dormant_sms,3.9913047661210617,2.9913047661210617,1
A028167,dormant_sms,11.388080809647262,10.388080809647262,1
A017413,dormant_sms,7.564827526005137,6.564827526005137,1
A021109,dormant_sms,2.094277915041874,1.0942779150418742,1
A019081,dormant_sms,2.9028042039915887,1.9028042039915887,1
A006551,dormant_sms,7.25702514324393,6.25702514324393,1
A014477,dormant_sms,8.204462030662263,7.204462030662263,1
A021739,dormant_sms,4.164520943922237,3.164520943922237,1
A006331,dormant_sms,6.546188913375211,5.546188913375211,1
A017047,dormant_sms,1.6269431989738337,0.6269431989738337,1
A026018,dormant_sms,9.675999953418058,8.675999953418058,1
A022620,dormant_sms,1.7509679196732373,0.7509679196732373,1
A001833,dormant_sms,14.220784700160976,13.220784700160976,1
A009773,dormant_sms,9.296824475063891,8.296824475063891,1
A013954,dormant_sms,5.536891727327848,4.536891727327848,1
A001277,dormant_sms,8.71735281878477,7.71735281878477,1
A005182,dormant_sms,1.030644337940623,0.030644337940622934,1
A006795,dormant_sms,2.7528370594943867,1.7528370594943867,1
A006952,dormant_sms,4.527943415398047,3.527943415398047,1
A020508,dormant_sms,8.949508162283077,7.949508162283077,1
A030015,dormant_sms,9.320264714172284,8.320264714172284,1
A022610,dormant_sms,2.6014713083174374,1.6014713083174374,1
A017605,dormant_sms,2.6154643957160335,1.6154643957160335,1
A019423,dormant_sms,8.085272033015812,7.085272033015812,1
A031343,dormant_sms,3.0604134898646596,2.0604134898646596,1
A020923,dormant_sms,7.446266730544546,6.446266730544546,1
A022820,dormant_sms,8.20885178618886,7.208851786188861,1
A002756,dormant_sms,2.492868705023683,1.492868705023683,1
A006292,dormant_sms,17.995477618462115,16.995477618462115,1
A009184,dormant_sms,2.0204188043798195,1.0204188043798195,1
A029489,dormant_sms,6.431516499092378,5.431516499092378,1
A020655,dormant_sms,20.388166499250254,19.388166499250254,1
A020240,dormant_sms,70.49755242542689,69.49755242542689,1
A034071,dormant_sms,2.5457018667873688,1.5457018667873688,1
A029992,dormant_sms,12.109162820459419,11.109162820459419,1
A002543,dormant_sms,4.028597663590763,3.028597663590763,1
A023380,dormant_sms,2.1926566078727876,1.1926566078727876,1
A032850,dormant_sms,43.697065563438464,42.697065563438464,1
A008216,dormant_sms,10.112629791369054,9.112629791369054,1
A035745,dormant_sms,44.18361138319182,43.18361138319182,1
A035949,dormant_sms,1.8374643317116326,0.8374643317116326,1
A015641,dormant_sms,2.528242985744464,1.528242985744464,1
A025462,dormant_sms,6.323063512970607,5.323063512970607,1
A010501,dormant_sms,3.6293789441675166,2.6293789441675166,1
A003642,dormant_sms,19.139893343365337,18.139893343365337,1
A022557,dormant_sms,17.068214599233844,16.068214599233844,1
A007572,dormant_sms,14.335975589643546,13.335975589643546,1
A012221,dormant_sms,1.9381817826180714,0.9381817826180714,1
A002894,dormant_sms,19.17837785779486,18.17837785779486,1
A013433,dormant_sms,6.701817393677959,5.701817393677959,1
A031252,dormant_sms,1.2933434971613795,0.29334349716137953,1
A024525,dormant_sms,13.398940128966666,12.398940128966666,1
A006538,dormant_sms,23.258243454087154,22.258243454087154,1
A037167,dormant_sms,1.9742239761803302,0.9742239761803302,1
A024252,dormant_sms,3.6839203003225687,2.6839203003225687,1
A019684,dormant_sms,2.4106167979598476,1.4106167979598476,1
A039382,dormant_sms,16.010030481112373,15.010030481112373,1
A002936,dormant_sms,8.595154061178004,7.595154061178004,1
A009880,dormant_sms,2.975007105950067,1.9750071059500671,1
A039353,dormant_sms,11.837516135254068,10.837516135254068,1
A028309,dormant_sms,6.64552471128518,5.64552471128518,1
A025241,dormant_sms,3.4118698669873493,2.4118698669873493,1
A002669,dormant_sms,7.760566033777006,6.760566033777006,1
A038697,dormant_sms,5.373872636118348,4.373872636118348,1
A000911,dormant_sms,2.7693923470316495,1.7693923470316495,1
A012729,dormant_sms,3.770327413749447,2.770327413749447,1
A017181,dormant_sms,21.462290528260805,20.462290528260805,1
A038325,dormant_sms,7.131376997608818,6.131376997608818,1
A004157,dormant_sms,2.211421103518607,1.211421103518607,1
A004538,dormant_sms,5.483057671834454,4.483057671834454,1
A009554,dormant_sms,7.091399025747255,6.091399025747255,1
A023693,dormant_sms,5.3313873348666645,4.3313873348666645,1
A006065,dormant_sms,4.792091150764031,3.7920911507640307,1
A010754,dormant_sms,2.2446306302134333,1.2446306302134333,1
A029151,dormant_sms,2.559261774901814,1.559261774901814,1
A017038,dormant_sms,1.2727580344134621,0.27275803441346214,1
A019117,dormant_sms,61.91519691261737,60.91519691261737,1
A021188,dormant_sms,3.9257384821056736,2.9257384821056736,1
A003153,dormant_sms,3.4438800588591327,2.4438800588591327,1
A019965,dormant_sms,2.795343250087381,1.795343250087381,1
A026991,dormant_sms,1.6765517075494596,0.6765517075494596,1
A039740,dormant_sms,5.4022041789538235,4.4022041789538235,1
A034243,dormant_sms,17.359401487940687,16.359401487940687,1
A008347,dormant_sms,3.4647867574678486,2.4647867574678486,1
A009637,dormant_sms,2.3398672687808544,1.3398672687808544,1
A020087,dormant_sms,8.290866992938023,7.290866992938023,1
A003761,dormant_sms,14.753404024389688,13.753404024389688,1
A010376,dormant_sms,4.986265007300844,3.986265007300844,1
A025163,dormant_sms,4.149143050808768,3.1491430508087683,1
A003716,dormant_sms,13.204932220159456,12.204932220159456,1
A004477,dormant_sms,10.145750175693712,9.145750175693712,1
A017709,dormant_sms,1.3554606742242732,0.3554606742242732,1
A012577,dormant_sms,3.269655845255638,2.269655845255638,1
A031971,dormant_sms,1.5046090257011646,0.5046090257011646,1
A009520,dormant_sms,24.02761016056464,23.02761016056464,1
A009351,dormant_sms,8.50006856374146,7.5000685637414595,1
A010286,dormant_sms,3.811053007090778,2.811053007090778,1
A029679,dormant_sms,7.1839479903261765,6.1839479903261765,1
A035231,dormant_sms,1.8931661885488986,0.8931661885488986,1
A006086,dormant_sms,1.285835000775496,0.28583500077549595,1
A021181,dormant_sms,6.172136889634836,5.172136889634836,1
A032483,dormant_sms,39.269191925060156,38.269191925060156,1
A033520,dormant_sms,22.45182359313932,21.45182359313932,1
A006780,dormant_sms,7.965874709652481,6.965874709652481,1
A039299,dormant_sms,3.7200524090144897,2.7200524090144897,1
A025549,dormant_sms,8.622174668261788,7.622174668261788,1
A019229,dormant_sms,15.96715098344389,14.96715098344389,1
A012249,dormant_sms,23.081359721766795,22.081359721766795,1
A015830,dormant_sms,36.10060241652201,35.10060241652201,1
A030675,dormant_sms,4.8581532628669235,3.8581532628669235,1
A001394,dormant_sms,24.280174146223185,23.280174146223185,1
A009256,dormant_sms,2.4227548078873187,1.4227548078873187,1
A032200,dormant_sms,26.835384883281577,25.835384883281577,1
A033208,dormant_sms,10.986945022062251,9.986945022062251,1
A015321,dormant_sms,1.303716751744885,0.3037167517448851,1
A034714,dormant_sms,5.083565205636466,4.083565205636466,1
A031518,dormant_sms,1.2264818990354571,0.22648189903545712,1
A036140,dormant_sms,24.912978863727382,23.912978863727382,1
A000131,dormant_sms,3.178730222636393,2.178730222636393,1
A019255,dormant_sms,3.576554474725842,2.576554474725842,1
A006322,dormant_sms,6.646384843086176,5.646384843086176,1
A027353,dormant_sms,2.4263307478344185,1.4263307478344185,1
A004202,dormant_sms,3.543840374216346,2.543840374216346,1
A035120,dormant_sms,13.699316666542794,12.699316666542794,1
A036146,dormant_sms,2.2376624069694717,1.2376624069694717,1
A003033,dormant_sms,7.340230579811028,6.340230579811028,1
A024096,dormant_sms,12.633986837098462,11.633986837098462,1
A001657,dormant_sms,8.701071259007772,7.701071259007772,1
A017668,dormant_sms,1.5322558345538846,0.5322558345538846,1
A007751,dormant_sms,4.459487941151934,3.4594879411519344,1
A037218,dormant_sms,5.420006785475455,4.420006785475455,1
A018742,dormant_sms,5.105554941745424,4.105554941745424,1
A002268,dormant_sms,8.553276096520216,7.553276096520216,1
A011122,dormant_sms,5.629179359552299,4.629179359552299,1
A002862,dormant_sms,14.715497657497902,13.715497657497902,1
A026735,dormant_sms,5.04807848843896,4.04807848843896,1
A013526,dormant_sms,11.941768077689053,10.941768077689053,1
A026824,dormant_sms,2.7844401894439654,1.7844401894439654,1
A010732,dormant_sms,11.350073995280828,10.350073995280828,1
A019279,dormant_sms,2.720145583941496,1.720145583941496,1
A019141,dormant_sms,1.0053471961435831,0.005347196143583144,1
A015984,dormant_sms,38.2529192438604,37.2529192438604,1
A035287,dormant_sms,18.607043381270827,17.607043381270827,1
A015807,dormant_sms,17.151843703303772,16.151843703303772,1
A030685,dormant_sms,3.5179643046475313,2.5179643046475313,1
A022352,dormant_sms,7.121780765542842,6.121780765542842,1
A026120,dormant_sms,9.470340440224536,8.470340440224536,1
A021529,dormant_sms,23.209045949257302,22.209045949257302,1
A022757,dormant_sms,5.589688717908691,4.589688717908691,1
A037958,dormant_sms,10.833342687773014,9.833342687773014,1
A030027,dormant_sms,9.516999600168003,8.516999600168003,1
A039531,dormant_sms,7.080623841016829,6.080623841016829,1
A005018,dormant_sms,1.2278089117750113,0.22780891177501128,1
A003790,dormant_sms,10.899413653549185,9.899413653549185,1
A015802,dormant_sms,4.78548274366118,3.7854827436611798,1
A029412,dormant_sms,10.225712567544836,9.225712567544836,1
A011130,dormant_sms,11.054540054403306,10.054540054403306,1
A017226,dormant_sms,10.59029870275145,9.59029870275145,1
A026916,dormant_sms,10.190549872645484,9.190549872645484,1
A014614,dormant_sms,2.146406002687332,1.146406002687332,1
A036869,dormant_sms,9.857965127099714,8.857965127099714,1
A030898,dormant_sms,10.7766536208816,9.7766536208816,1
A021679,dormant_sms,22.635798963279875,21.635798963279875,1
A017999,dormant_sms,7.816402631953746,6.816402631953746,1
A039094,dormant_sms,8.011064957385315,7.011064957385315,1
A006337,dormant_sms,2.824242568256542,1.8242425682565422,1
A023653,dormant_sms,1.826626169611645,0.826626169611645,1
A025477,dormant_sms,7.609411074900029,6.609411074900029,1
A028883,dormant_sms,3.149766872657448,2.149766872657448,1
A030845,dormant_sms,6.797655917857011,5.797655917857011,1
A023223,dormant_sms,15.975327198821326,14.975327198821326,1
A007916,dormant_sms,5.25310065942781,4.25310065942781,1
A033011,dormant_sms,31.028387062161023,30.028387062161023,1
A030777,dormant_sms,28.998195969701356,27.998195969701356,1
A016217,dormant_sms,8.928647063292331,7.928647063292331,1
A036102,dormant_sms,3.527382210706146,2.527382210706146,1
A014670,dormant_sms,3.310388271711629,2.310388271711629,1
A018457,dormant_sms,6.465048131539145,5.465048131539145,1
A036518,dormant_sms,6.049530549939333,5.049530549939333,1
A018192,dormant_sms,48.12903757840303,47.12903757840303,1
A011917,dormant_sms,14.329012658353747,13.329012658353747,1
A036677,dormant_sms,3.1097205200821323,2.1097205200821323,1
A006591,dormant_sms,23.384741006407904,22.384741006407904,1
A025264,dormant_sms,1.5553269382112815,0.5553269382112815,1
A013388,dormant_sms,8.642743312957034,7.642743312957034,1
A030400,dormant_sms,17.28184966741546,16.28184966741546,1
A033048,dormant_sms,14.241185769964542,13.241185769964542,1
A008493,dormant_sms,11.793453677083761,10.793453677083761,1
A008273,dormant_sms,2.6874314684274543,1.6874314684274543,1
A005694,dormant_sms,6.350489748760783,5.350489748760783,1
A022467,dormant_sms,5.445950524144137,4.445950524144137,1
A011254,dormant_sms,18.883774572382354,17.883774572382354,1
A037548,dormant_sms,8.156509940547329,7.156509940547329,1
A013614,dormant_sms,17.68379411112927,16.68379411112927,1
A021403,dormant_sms,2.877970639171757,1.8779706391717572,1
A005340,dormant_sms,1.2812055028409943,0.2812055028409943,1
A028808,dormant_sms,20.910231328716808,19.910231328716808,1
A032034,dormant_sms,1.2222433557897419,0.22224335578974186,1
A013705,dormant_sms,4.368384880848259,3.368384880848259,1
A020769,dormant_sms,4.27529137022764,3.27529137022764,1
A028683,dormant_sms,8.135827787612092,7.135827787612092,1
A023715,dormant_sms,4.9555115163577605,3.9555115163577605,1
A009111,dormant_sms,5.420073026575689,4.420073026575689,1
A032289,dormant_sms,1.7304092589900062,0.7304092589900062,1
A021812,dormant_sms,8.32804154138745,7.328041541387449,1
A023978,dormant_sms,15.576741508884497,14.576741508884497,1
A016715,dormant_sms,6.916961684045503,5.916961684045503,1
A011415,dormant_sms,2.388998100809986,1.388998100809986,1
A031216,dormant_sms,3.6702245705302747,2.6702245705302747,1
A012284,dormant_sms,2.518130111435881,1.5181301114358812,1
A019044,dormant_sms,3.6173099680739496,2.6173099680739496,1
A029670,dormant_sms,27.14197615071657,26.14197615071657,1
A022090,dormant_sms,2.0172026341957188,1.0172026341957188,1
A037213,dormant_sms,20.955415126503514,19.955415126503514,1
A023620,dormant_sms,4.176720359561578,3.1767203595615783,1
A030225,dormant_sms,12.138976674844391,11.138976674844391,1
A006275,dormant_sms,17.66931098303635,16.66931098303635,1
A004973,dormant_sms,2.1176195835119556,1.1176195835119556,1
A036057,dormant_sms,23.61555634410364,22.61555634410364,1
A020918,dormant_sms,8.636033723055212,7.6360337230552116,1
A034311,dormant_sms,23.890332102508903,22.890332102508903,1
A011568,dormant_sms,15.167026755044182,14.167026755044182,1
A037146,dormant_sms,7.178825387818654,6.178825387818654,1
A038347,dormant_sms,5.640057098105626,4.640057098105626,1
A028576,dormant_sms,2.614293696834968,1.614293696834968,1
A012148,dormant_sms,3.8137147316241444,2.8137147316241444,1
A030972,dormant_sms,1.5085934969755017,0.5085934969755017,1
A031779,dormant_sms,5.289663303861485,4.289663303861485,1
A001746,dormant_sms,2.155995969856041,1.1559959698560411,1
A024376,dormant_sms,26.481152694018217,25.481152694018217,1
A003336,dormant_sms,6.1932820496845755,5.1932820496845755,1
A003679,dormant_sms,4.247009137930448,3.2470091379304478,1
A037280,dormant_sms,3.9703076715330936,2.9703076715330936,1
A029948,dormant_sms,3.0946927863864917,2.0946927863864917,1
A037445,dormant_sms,22.17775938988239,21.17775938988239,1
A004602,dormant_sms,2.041335001139128,1.041335001139128,1
A002851,dormant_sms,4.926756140883046,3.926756140883046,1
A028694,dormant_sms,2.6407974061627315,1.6407974061627315,1
A022395,dormant_sms,2.4264315314444,1.4264315314444,1
A025649,dormant_sms,1.3293775226633326,0.32937752266333264,1
A012757,dormant_sms,2.148246535803562,1.1482465358035618,1
A038034,dormant_sms,16.13912728437109,15.139127284371089,1
A034849,dormant_sms,12.387900891855365,11.387900891855365,1
A038809,dormant_sms,2.395179302148526,1.395179302148526,1
A013813,dormant_sms,7.891048179749727,6.891048179749727,1
A003314,dormant_sms,15.008574666335187,14.008574666335187,1
A015578,dormant_sms,3.1150399060599185,2.1150399060599185,1
A026181,dormant_sms,5.6263999643437765,4.6263999643437765,1
A032872,dormant_sms,4.073774604591486,3.0737746045914864,1
A034833,dormant_sms,4.217541508157119,3.217541508157119,1
A014657,dormant_sms,17.824297850432874,16.824297850432874,1
A026850,dormant_sms,2.1414471720599666,1.1414471720599666,1
A023080,dormant_sms,14.392440520056613,13.392440520056613,1
A037373,dormant_sms,7.641250140676289,6.641250140676289,1
A007695,dormant_sms,2.7265779406728785,1.7265779406728785,1
A000109,dormant_sms,34.223686222740305,33.223686222740305,1
A027682,dormant_sms,5.125607959720699,4.125607959720699,1
A009392,dormant_sms,22.253760298696978,21.253760298696978,1
A033388,dormant_sms,2.358686750675599,1.358686750675599,1
A021042,dormant_sms,3.5727350223203906,2.5727350223203906,1
A000594,dormant_sms,4.647430188284211,3.6474301882842113,1
A034862,dormant_sms,2.1299782889257273,1.1299782889257273,1
A017539,dormant_sms,4.168805219311577,3.1688052193115768,1
A036063,dormant_sms,4.690574701869682,3.690574701869682,1
A010183,dormant_sms,1.322202119440247,0.3222021194402469,1
A007773,dormant_sms,4.354520058398365,3.354520058398365,1
A020128,dormant_sms,2.5359754923922,1.5359754923922,1
A020999,dormant_sms,2.2060941938848493,1.2060941938848493,1
A028412,dormant_sms,1.9997244467522353,0.9997244467522353,1
A032089,dormant_sms,7.198500294656935,6.198500294656935,1
A002970,dormant_sms,9.960691068545897,8.960691068545897,1
A036076,dormant_sms,10.250934969451354,9.250934969451354,1
A038807,dormant_sms,7.87263811696041,6.87263811696041,1
A009690,dormant_sms,10.369215800789265,9.369215800789265,1
A030726,dormant_sms,8.931028767057779,7.931028767057779,1
A009039,dormant_sms,19.149094514239128,18.149094514239128,1
A023663,dormant_sms,1.9293977121261,0.9293977121260999,1
A025932,dormant_sms,1.2156336349644548,0.21563363496445476,1
A034735,dormant_sms,1.5462988179120933,0.5462988179120933,1
A021397,dormant_sms,1.8224318479274113,0.8224318479274113,1
A003256,dormant_sms,16.140773335944328,15.140773335944328,1
A016756,dormant_sms,17.779048118717864,16.779048118717864,1
A020730,dormant_sms,21.201353489948623,20.201353489948623,1
A017111,dormant_sms,1.7801593862288492,0.7801593862288492,1
A011054,dormant_sms,7.2918809048758435,6.2918809048758435,1
A015199,dormant_sms,5.024204316104636,4.024204316104636,1
A004594,dormant_sms,7.754970673970175,6.754970673970175,1
A011441,dormant_sms,1.2247442925819367,0.22474429258193673,1
A009511,dormant_sms,18.041657128881326,17.041657128881326,1
A003824,dormant_sms,19.248900362786962,18.248900362786962,1
A017662,dormant_sms,34.74888103585963,33.74888103585963,1
A018326,dormant_sms,5.381207694900632,4.381207694900632,1
A004100,dormant_sms,4.17712089066643,3.17712089066643,1
A019859,dormant_sms,3.4634616037067727,2.4634616037067727,1
A025292,dormant_sms,13.316305321026345,12.316305321026345,1
A030846,dormant_sms,3.1398759426320995,2.1398759426320995,1
A002761,dormant_sms,2.404992836860626,1.4049928368606261,1
A022060,dormant_sms,1.668552460410178,0.668552460410178,1
A031131,dormant_sms,9.986551538585394,8.986551538585394,1
A007845,dormant_sms,14.92710994453125,13.92710994453125,1
A008381,dormant_sms,18.976117840184315,17.976117840184315,1
A039023,dormant_sms,7.2420346385583105,6.2420346385583105,1
A034093,dormant_sms,22.466983704597393,21.466983704597393,1
A000017,dormant_sms,61.089579048274345,60.089579048274345,1
A026336,dormant_sms,4.433944493003915,3.4339444930039154,1
A029445,dormant_sms,9.249683442630035,8.249683442630035,1
A018698,dormant_sms,1.6238415910583262,0.6238415910583262,1
A033787,dormant_sms,6.2618760934622735,5.2618760934622735,1
A037282,dormant_sms,25.04389338484126,24.04389338484126,1
A027953,dormant_sms,8.528493977190667,7.528493977190667,1
A022400,dormant_sms,9.347578816257135,8.347578816257135,1
A033394,dormant_sms,2.5483405130340633,1.5483405130340633,1
A037711,dormant_sms,7.50700252632467,6.50700252632467,1
A019640,dormant_sms,1.9146252078280426,0.9146252078280426,1
A023366,dormant_sms,4.002269171263594,3.0022691712635936,1
A029629,dormant_sms,1.2115485112354771,0.21154851123547713,1
A007004,dormant_sms,20.89660186380642,19.89660186380642,1
A023848,dormant_sms,5.674228845070914,4.674228845070914,1
A007045,dormant_sms,11.41406633514629,10.41406633514629,1
A017156,dormant_sms,1.991779075567544,0.991779075567544,1
A023796,dormant_sms,7.419025593214799,6.419025593214799,1
A029831,dormant_sms,3.587484313246492,2.587484313246492,1
A000797,dormant_sms,18.786979611321925,17.786979611321925,1
A029175,dormant_sms,14.645507207993425,13.645507207993425,1
A000266,dormant_sms,21.625968321947315,20.625968321947315,1
A021209,dormant_sms,3.345978454948739,2.345978454948739,1
A009672,dormant_sms,23.748707876055413,22.748707876055413,1
A024480,dormant_sms,17.054976189324748,16.054976189324748,1
A033383,dormant_sms,2.5006431721724196,1.5006431721724196,1
A026995,dormant_sms,5.162279007851346,4.162279007851346,1
A031405,dormant_sms,5.652579228781649,4.652579228781649,1
A008432,dormant_sms,19.864320350976815,18.864320350976815,1
A014434,dormant_sms,31.062262484858458,30.062262484858458,1
A021442,dormant_sms,1.6768736317907131,0.6768736317907131,1
A001749,dormant_sms,3.5805280852752364,2.5805280852752364,1
A007920,dormant_sms,32.03154913310824,31.031549133108243,1
A002444,dormant_sms,5.934844516138089,4.934844516138089,1
A019896,dormant_sms,1.994417579660196,0.994417579660196,1
A039355,dormant_sms,23.473878363975107,22.473878363975107,1
A023285,dormant_sms,6.94784543638377,5.94784543638377,1
A018007,dormant_sms,44.448783883393844,43.448783883393844,1
A036659,dormant_sms,10.621472848024325,9.621472848024325,1
A037193,dormant_sms,8.153408645283251,7.1534086452832515,1
A014489,dormant_sms,29.072117646526454,28.072117646526454,1
A029337,dormant_sms,16.571418571642027,15.571418571642027,1
A015147,dormant_sms,1.9166821172236255,0.9166821172236255,1
A034774,dormant_sms,12.652111123508947,11.652111123508947,1
A033753,dormant_sms,21.783178758277334,20.783178758277334,1
A034003,dormant_sms,1.226880764281348,0.22688076428134796,1
A016803,dormant_sms,2.3301771878480735,1.3301771878480735,1
A031963,dormant_sms,3.443316634484007,2.443316634484007,1
A021015,dormant_sms,5.939579227865296,4.939579227865296,1
A017907,dormant_sms,5.430461727550364,4.430461727550364,1
A017535,dormant_sms,9.415777995368973,8.415777995368973,1
A036428,dormant_sms,6.143182606145108,5.143182606145108,1
A020573,dormant_sms,5.2745453190736695,4.2745453190736695,1
A029778,dormant_sms,16.04263762888705,15.04263762888705,1
A013134,dormant_sms,15.332428759731497,14.332428759731497,1
A037934,dormant_sms,12.745128705027653,11.745128705027653,1
A036960,dormant_sms,6.351003641350787,5.351003641350787,1
A020384,dormant_sms,9.930208475077468,8.930208475077468,1
A024011,dormant_sms,7.004099552764539,6.004099552764539,1
A038432,dormant_sms,2.231857621632033,1.2318576216320332,1
A012829,dormant_sms,1.309465562434429,0.3094655624344289,1
A018900,dormant_sms,4.938604456141653,3.938604456141653,1
A002656,dormant_sms,4.790207591537099,3.790207591537099,1
A015808,dormant_sms,2.329443124868391,1.3294431248683911,1
A025439,dormant_sms,14.414294627356181,13.414294627356181,1
A014843,dormant_sms,5.370975528771469,4.370975528771469,1
A003506,dormant_sms,3.1759955031776883,2.1759955031776883,1
A023198,dormant_sms,8.752391961498596,7.752391961498596,1
A036783,dormant_sms,4.168470602507501,3.168470602507501,1
A023012,dormant_sms,9.177667796916893,8.177667796916893,1
A031383,dormant_sms,15.750870853364052,14.750870853364052,1
A028098,dormant_sms,7.887755992532488,6.887755992532488,1
A030894,dormant_sms,1.855840153502054,0.8558401535020539,1
A001156,dormant_sms,6.828594715241541,5.828594715241541,1
A019121,dormant_sms,11.219658826267478,10.219658826267478,1
A003055,dormant_sms,11.698648946839171,10.698648946839171,1
A028557,dormant_sms,4.565191582088223,3.5651915820882234,1
A022644,dormant_sms,1.1515095814659262,0.1515095814659262,1
A024288,dormant_sms,4.735083902844813,3.7350839028448126,1
A002302,dormant_sms,3.7921697032157597,2.7921697032157597,1
A033326,dormant_sms,19.87088543273603,18.87088543273603,1
A005408,dormant_sms,1.5021106377952749,0.5021106377952749,1
A021928,dormant_sms,2.4852497942009357,1.4852497942009357,1
A013795,dormant_sms,8.552487454606721,7.552487454606721,1
A023348,dormant_sms,12.244997789031125,11.244997789031125,1
A031607,dormant_sms,14.191488423260303,13.191488423260303,1
A039025,dormant_sms,23.09407324649155,22.09407324649155,1
A025399,dormant_sms,7.471720980095783,6.471720980095783,1
A018663,dormant_sms,3.7496402322088263,2.7496402322088263,1
A010508,dormant_sms,9.03355322458874,8.03355322458874,1
A024416,dormant_sms,39.030917113573636,38.030917113573636,1
A036547,dormant_sms,3.7306158008550376,2.7306158008550376,1
A019705,dormant_sms,2.4858151176626095,1.4858151176626095,1
A018644,dormant_sms,7.619445779516831,6.619445779516831,1
A020869,dormant_sms,7.809667528274521,6.809667528274521,1
A024156,dormant_sms,11.360901025739134,10.360901025739134,1
A016172,dormant_sms,9.86620110172463,8.86620110172463,1
A012441,dormant_sms,6.750376690504843,5.750376690504843,1
A030208,dormant_sms,3.6123053816882718,2.6123053816882718,1
A024679,dormant_sms,29.902820344165374,28.902820344165374,1
A016469,dormant_sms,1.7765184092590773,0.7765184092590773,1
A039580,dormant_sms,7.450886900108281,6.450886900108281,1
A018410,dormant_sms,10.102109725952275,9.102109725952275,1
A037768,dormant_sms,3.9401787784244626,2.9401787784244626,1
A019538,dormant_sms,4.127380677558318,3.1273806775583184,1
A006583,dormant_sms,26.787050163958902,25.787050163958902,1
A024997,dormant_sms,11.985040450204275,10.985040450204275,1
A018177,dormant_sms,2.1066843893774405,1.1066843893774405,1
A004498,dormant_sms,3.5500180330989726,2.5500180330989726,1
A034874,dormant_sms,5.009614301262098,4.009614301262098,1
A005736,dormant_sms,4.114484307668898,3.1144843076688984,1
A031579,dormant_sms,2.7627542636181412,1.7627542636181412,1
A027330,dormant_sms,58.009252326393884,57.009252326393884,1
A029170,dormant_sms,9.562868469265617,8.562868469265617,1
A019881,dormant_sms,16.309746498715487,15.309746498715487,1
A037048,dormant_sms,14.814189758526215,13.814189758526215,1
A026927,dormant_sms,7.820834447080589,6.820834447080589,1
A012638,dormant_sms,16.983257154795037,15.983257154795037,1
A025810,dormant_sms,3.4929512243654792,2.4929512243654792,1
A022502,dormant_sms,1.25033739086643,0.2503373908664299,1
A023992,dormant_sms,3.8902761618987443,2.8902761618987443,1
A036993,dormant_sms,1.835951072627422,0.835951072627422,1
A024043,dormant_sms,2.9458977586885267,1.9458977586885267,1
A036733,dormant_sms,5.343840225715796,4.343840225715796,1
A006581,dormant_sms,3.9858012203716324,2.9858012203716324,1
A027065,dormant_sms,21.17595180885404,20.17595180885404,1
A001194,dormant_sms,2.064441802355012,1.0644418023550122,1
A033047,dormant_sms,16.885000471158765,15.885000471158765,1
A031655,dormant_sms,9.281440501764548,8.281440501764548,1
A034210,dormant_sms,4.286546222309231,3.286546222309231,1
A009011,dormant_sms,4.043514918518989,3.043514918518989,1
A035154,dormant_sms,8.286464547355104,7.286464547355104,1
A006889,dormant_sms,17.698699873102225,16.698699873102225,1
A011075,dormant_sms,3.9119316866340483,2.9119316866340483,1
A013361,dormant_sms,2.776083393463737,1.776083393463737,1
A005184,dormant_sms,4.2918405446518175,3.2918405446518175,1
A022308,dormant_sms,7.948810629768124,6.948810629768124,1
A002286,dormant_sms,12.362804847057818,11.362804847057818,1
A033181,dormant_sms,4.197584395385447,3.197584395385447,1
A019747,dormant_sms,4.7128623184074385,3.7128623184074385,1
A022884,dormant_sms,8.161491694026907,7.161491694026907,1
A004500,dormant_sms,33.10225788268806,32.10225788268806,1
A024870,dormant_sms,1.1551143784488715,0.15511437844887155,1
A030387,dormant_sms,2.5208123145506867,1.5208123145506867,1
A002994,dormant_sms,6.4581030778591675,5.4581030778591675,1
A019569,dormant_sms,7.483598615178788,6.483598615178788,1
A022438,dormant_sms,2.130211439552248,1.130211439552248,1
A032129,dormant_sms,2.2729205387459936,1.2729205387459936,1
A033030,dormant_sms,3.88700198544579,2.88700198544579,1
A023276,dormant_sms,5.150381641667134,4.150381641667134,1
A020587,dormant_sms,7.368937368980248,6.368937368980248,1
A015120,dormant_sms,5.519874265903913,4.519874265903913,1
A027412,dormant_sms,6.535799567854908,5.535799567854908,1
A016070,dormant_sms,5.105789932632544,4.105789932632544,1
A014792,dormant_sms,4.27287480303243,3.2728748030324297,1
A039769,dormant_sms,1.5030085621405684,0.5030085621405684,1
A037424,dormant_sms,6.633994969885161,5.633994969885161,1
A016038,dormant_sms,1.6987271509417539,0.6987271509417539,1
A024815,dormant_sms,32.4393903970381,31.439390397038103,1
A031768,dormant_sms,33.338697618586515,32.338697618586515,1
A008005,dormant_sms,19.848115858648068,18.848115858648068,1
A003053,dormant_sms,3.4783892918001644,2.4783892918001644,1
A020735,dormant_sms,1.7019240046695037,0.7019240046695037,1
A039190,dormant_sms,8.223457606973495,7.223457606973495,1
A010454,dormant_sms,37.89284004335931,36.89284004335931,1
A009470,dormant_sms,4.429230204364859,3.429230204364859,1
A009812,dormant_sms,7.739131406451505,6.739131406451505,1
A019549,dormant_sms,4.710962941241899,3.710962941241899,1
A007648,dormant_sms,6.3553295755586205,5.3553295755586205,1
A025300,dormant_sms,54.20210934123586,53.20210934123586,1
A002759,dormant_sms,6.331854676769103,5.331854676769103,1
A026099,dormant_sms,10.563829209189445,9.563829209189445,1
A034153,dormant_sms,2.6709263913538135,1.6709263913538135,1
A035772,dormant_sms,1.841470533993015,0.8414705339930151,1
A005095,dormant_sms,8.578071203682587,7.578071203682587,1
A030313,dormant_sms,1.616442976196588,0.6164429761965879,1
A023367,dormant_sms,4.401940874160608,3.4019408741606076,1
A009174,dormant_sms,6.357844180158889,5.357844180158889,1
A039137,dormant_sms,5.590370143359662,4.590370143359662,1
A016109,dormant_sms,7.0157106351507394,6.0157106351507394,1
A027109,dormant_sms,23.770185943245217,22.770185943245217,1
A020979,dormant_sms,19.510509446789992,18.510509446789992,1
A023642,dormant_sms,3.467161855811839,2.467161855811839,1
A011417,dormant_sms,3.5353239517950428,2.5353239517950428,1
A022399,dormant_sms,11.932167995733082,10.932167995733082,1
A038257,dormant_sms,3.932852308974119,2.932852308974119,1
A017414,dormant_sms,3.9150664357863154,2.9150664357863154,1
A021404,dormant_sms,6.025558315336981,5.025558315336981,1
A023535,dormant_sms,3.521436325324218,2.521436325324218,1
A018773,dormant_sms,1.7873049127906873,0.7873049127906873,1
A035862,dormant_sms,2.998158350246348,1.998158350246348,1
A010539,dormant_sms,3.650803908963859,2.650803908963859,1
A035589,dormant_sms,19.32236650825855,18.32236650825855,1
A021251,dormant_sms,11.302418037615636,10.302418037615636,1
A004804,dormant_sms,24.44006469611849,23.44006469611849,1
A017895,dormant_sms,6.539843084278528,5.539843084278528,1
A013769,dormant_sms,12.773633157313025,11.773633157313025,1
A031026,dormant_sms,3.9674016359024113,2.9674016359024113,1
A017695,dormant_sms,4.1099388483842025,3.1099388483842025,1
A015015,dormant_sms,31.87312917549595,30.87312917549595,1
A001827,dormant_sms,8.353687363384395,7.353687363384395,1
A030199,dormant_sms,3.926370215687227,2.926370215687227,1
A016537,dormant_sms,2.6126919763735,1.6126919763735001,1
A002960,dormant_sms,2.6745107947754345,1.6745107947754345,1
A014586,dormant_sms,29.78814997634281,28.78814997634281,1
A002199,dormant_sms,4.654800525977784,3.654800525977784,1
A033186,dormant_sms,3.9206209777969776,2.9206209777969776,1
A037667,dormant_sms,9.931441294461639,8.931441294461639,1
A007445,dormant_sms,4.24010946614343,3.24010946614343,1
A030151,dormant_sms,1.6465229006532638,0.6465229006532638,1
A014299,dormant_sms,2.1231572123747906,1.1231572123747906,1
A018820,dormant_sms,2.3801279841517946,1.3801279841517946,1
A020362,dormant_sms,1.9144566122138957,0.9144566122138957,1
A006112,dormant_sms,1.566736300969778,0.5667363009697779,1
A010062,dormant_sms,6.132994799268464,5.132994799268464,1
A026998,dormant_sms,2.369953600374666,1.3699536003746662,1
A039096,dormant_sms,4.173330861937219,3.1733308619372194,1
A014525,dormant_sms,9.351080497889619,8.351080497889619,1
A013110,dormant_sms,9.639612839563572,8.639612839563572,1
A026127,dormant_sms,2.3032844333183196,1.3032844333183196,1
A000883,dormant_sms,8.055485831095766,7.0554858310957655,1
A023475,dormant_sms,10.09109145992451,9.09109145992451,1
A033808,dormant_sms,12.778658149435786,11.778658149435786,1
A034466,dormant_sms,7.193039292533525,6.193039292533525,1
A007538,dormant_sms,21.82189866712278,20.82189866712278,1
A000284,dormant_sms,4.775745302334389,3.775745302334389,1
A027508,dormant_sms,7.231375338981386,6.231375338981386,1
A008993,dormant_sms,7.469177142041693,6.469177142041693,1
A000270,dormant_sms,11.076180241068126,10.076180241068126,1
A001688,dormant_sms,2.268145568992765,1.268145568992765,1
A022578,dormant_sms,2.0938949638730993,1.0938949638730993,1
A014650,dormant_sms,12.38703401928139,11.38703401928139,1
A013964,dormant_sms,3.3891620892303904,2.3891620892303904,1
A035691,dormant_sms,6.6191012833175575,5.6191012833175575,1
A008802,dormant_sms,26.473011771300737,25.473011771300737,1
A019455,dormant_sms,1.233133036058556,0.23313303605855595,1
A011946,dormant_sms,3.135730913317681,2.135730913317681,1
A026793,dormant_sms,5.079742909500923,4.079742909500923,1
A020345,dormant_sms,5.251156816785111,4.251156816785111,1
A030789,dormant_sms,3.4041775549861852,2.4041775549861852,1
A023279,dormant_sms,27.62872148484221,26.62872148484221,1
A015330,dormant_sms,7.066564180263565,6.066564180263565,1
A039129,dormant_sms,25.9255411448326,24.9255411448326,1
A026371,dormant_sms,6.264256435505802,5.264256435505802,1
A002164,dormant_sms,4.2844952677634875,3.2844952677634875,1
A022826,dormant_sms,3.9088401525744967,2.9088401525744967,1
A024430,dormant_sms,1.3228638375115431,0.32286383751154313,1
A039178,dormant_sms,3.9322608372959817,2.9322608372959817,1
A006977,dormant_sms,8.065871503543715,7.065871503543715,1
A014608,dormant_sms,3.700354364089133,2.700354364089133,1
A013691,dormant_sms,5.382970775223752,4.382970775223752,1
A024541,dormant_sms,4.726627139561085,3.726627139561085,1
A034196,dormant_sms,2.925520507962026,1.925520507962026,1
A023649,dormant_sms,9.248284482336022,8.248284482336022,1
A035348,dormant_sms,7.2401786636601715,6.2401786636601715,1
A013784,dormant_sms,1.1509212458925362,0.1509212458925362,1
A007021,dormant_sms,5.320814002048464,4.320814002048464,1
A001233,dormant_sms,18.63729542745307,17.63729542745307,1
A034977,dormant_sms,5.154504950246307,4.154504950246307,1
A022982,dormant_sms,60.96947787823632,59.96947787823632,1
A005134,dormant_sms,20.93961668400157,19.93961668400157,1
A039987,dormant_sms,2.175576323065197,1.1755763230651972,1
A031550,dormant_sms,2.7673984710944532,1.7673984710944532,1
A024412,dormant_sms,2.88370585891861,1.88370585891861,1
A025405,dormant_sms,3.081854956489621,2.081854956489621,1
A022727,dormant_sms,5.0205187870389905,4.0205187870389905,1
A000880,dormant_sms,3.9560792646076,2.9560792646076,1
A031844,dormant_sms,3.8679647571092426,2.8679647571092426,1
A006368,dormant_sms,7.922478641079983,6.922478641079983,1
A015429,dormant_sms,39.966760891618435,38.966760891618435,1
A003292,dormant_sms,3.7609056893267883,2.7609056893267883,1
A006845,dormant_sms,4.823731153280576,3.8237311532805762,1
A019941,dormant_sms,1.0031749361116586,0.003174936111658644,1
A031235,dormant_sms,4.3184499480625425,3.3184499480625425,1
A004195,dormant_sms,1.8193819969940794,0.8193819969940794,1
A016671,dormant_sms,8.548819007788538,7.548819007788538,1
A020633,dormant_sms,10.933988019642053,9.933988019642053,1
A001795,dormant_sms,17.792901438977033,16.792901438977033,1
A003168,dormant_sms,1.382940585957087,0.3829405859570869,1
A014317,dormant_sms,1.7869853336941064,0.7869853336941064,1
A000665,dormant_sms,23.234810815935088,22.234810815935088,1
A030961,dormant_sms,9.927453462363516,8.927453462363516,1
A029475,dormant_sms,2.1027603005159423,1.1027603005159423,1
A018533,dormant_sms,14.838094158219103,13.838094158219103,1
A024854,dormant_sms,5.48490965413973,4.48490965413973,1
A020396,dormant_sms,24.61512781455809,23.61512781455809,1
A003428,dormant_sms,14.312142428328253,13.312142428328253,1
A032958,dormant_sms,3.629283008111147,2.629283008111147,1
A017164,dormant_sms,29.536168231428647,28.536168231428647,1
A028626,dormant_sms,8.414001527324697,7.414001527324697,1
A021669,dormant_sms,19.83906202892969,18.83906202892969,1
A008057,dormant_sms,1.507725898330756,0.507725898330756,1
A032387,dormant_sms,2.426801522627418,1.426801522627418,1
A035416,dormant_sms,4.8400389644848065,3.8400389644848065,1
A005660,dormant_sms,2.4374852612635824,1.4374852612635824,1
A021562,dormant_sms,12.504677106660173,11.504677106660173,1
A030939,dormant_sms,3.287875786451049,2.287875786451049,1
A035485,dormant_sms,2.9648477132407542,1.9648477132407542,1
A002467,dormant_sms,17.12367654095942,16.12367654095942,1
A002332,dormant_sms,10.359409858531949,9.359409858531949,1
A000118,dormant_sms,5.265574381529135,4.265574381529135,1
A021292,dormant_sms,2.858496769155393,1.8584967691553929,1
A020114,dormant_sms,19.445488806449692,18.445488806449692,1
A006459,dormant_sms,4.966618721244105,3.966618721244105,1
A020555,dormant_sms,17.36198255991562,16.36198255991562,1
A011211,dormant_sms,79.04344610466893,78.04344610466893,1
A009042,dormant_sms,5.362973080063037,4.362973080063037,1
A013875,dormant_sms,4.072442104960116,3.072442104960116,1
A036216,dormant_sms,9.11852306756165,8.11852306756165,1
A003809,dormant_sms,2.011289470289353,1.011289470289353,1
A000780,dormant_sms,3.2323952376427467,2.2323952376427467,1
A006147,dormant_sms,22.594003006719394,21.594003006719394,1
A037798,dormant_sms,6.385169365077292,5.385169365077292,1
A015850,dormant_sms,1.1105095263700338,0.11050952637003375,1
A031352,dormant_sms,1.4170120191737914,0.4170120191737914,1
A020891,dormant_sms,16.290621069304475,15.290621069304475,1
A020156,dormant_sms,3.8702181695625004,2.8702181695625004,1
A017890,dormant_sms,2.311445158045878,1.3114451580458781,1
A036088,dormant_sms,8.215706919573206,7.215706919573206,1
A003065,dormant_sms,12.351124602408985,11.351124602408985,1
A014237,dormant_sms,31.509825297998862,30.509825297998862,1
A016571,dormant_sms,44.47941258526398,43.47941258526398,1
A001248,dormant_sms,6.735735363484128,5.735735363484128,1
A018136,dormant_sms,2.0052800871815766,1.0052800871815766,1
A031599,dormant_sms,8.096920904975061,7.096920904975061,1
A001743,dormant_sms,1.4131050107976735,0.4131050107976735,1
A009224,dormant_sms,7.115901194081567,6.115901194081567,1
A008348,dormant_sms,4.448721525864048,3.4487215258640482,1
A012037,dormant_sms,9.17800669000361,8.17800669000361,1
A036867,dormant_sms,6.0686321491075885,5.0686321491075885,1
A012411,dormant_sms,9.313074773808152,8.313074773808152,1
A002938,dormant_sms,4.714359207775313,3.7143592077753134,1
A018298,dormant_sms,2.2393278125854508,1.2393278125854508,1
A024695,dormant_sms,2.9529660531865023,1.9529660531865023,1
A035748,dormant_sms,1.3215291551406292,0.3215291551406292,1
A005683,dormant_sms,4.94983839375564,3.9498383937556403,1
A001808,dormant_sms,2.149303695839135,1.149303695839135,1
A020648,dormant_sms,2.862535104265781,1.8625351042657812,1
A009624,dormant_sms,29.721647595106845,28.721647595106845,1
A024990,dormant_sms,1.447992583426009,0.447992583426009,1
A031158,dormant_sms,6.352015688657105,5.352015688657105,1
A009297,dormant_sms,4.703548820896222,3.7035488208962217,1
A033949,dormant_sms,26.448461799504813,25.448461799504813,1
A008708,dormant_sms,5.298809697073413,4.298809697073413,1
A022085,dormant_sms,10.868827283093415,9.868827283093415,1
A007155,dormant_sms,1.7861886444263553,0.7861886444263553,1
A013457,dormant_sms,28.161154797359202,27.161154797359202,1
A013184,dormant_sms,11.397532760518832,10.397532760518832,1
A009172,dormant_sms,13.108209902249248,12.108209902249248,1
A035661,dormant_sms,1.280172860380897,0.28017286038089706,1
A018740,dormant_sms,4.191497022944044,3.191497022944044,1
A028632,dormant_sms,2.0724937534752934,1.0724937534752934,1
A025736,dormant_sms,2.5883114828185376,1.5883114828185376,1
A008684,dormant_sms,55.993647431852516,54.993647431852516,1
A020996,dormant_sms,7.541796909636375,6.541796909636375,1
A023486,dormant_sms,3.1213615462060127,2.1213615462060127,1
A039068,dormant_sms,1.1574008489929564,0.15740084899295637,1
A037192,dormant_sms,17.840717249991215,16.840717249991215,1
A000971,dormant_sms,3.2372579106907384,2.2372579106907384,1
A029672,dormant_sms,2.247348862221002,1.2473488622210018,1
A026929,dormant_sms,9.398911927946209,8.398911927946209,1
A005274,dormant_sms,5.474041076690844,4.474041076690844,1
A020400,dormant_sms,5.529712991042804,4.529712991042804,1
A033963,dormant_sms,3.784292677221199,2.784292677221199,1
A015049,dormant_sms,9.438015291677374,8.438015291677374,1
A039942,dormant_sms,5.01208632542999,4.01208632542999,1
A036969,dormant_sms,8.693334225809348,7.693334225809348,1
A019160,dormant_sms,2.2772038070108973,1.2772038070108973,1
A023575,dormant_sms,9.685141638290698,8.685141638290698,1
A028258,dormant_sms,8.485481066501576,7.485481066501576,1
A013085,dormant_sms,1.0903965726758633,0.09039657267586332,1
A016788,dormant_sms,4.1127397151132055,3.1127397151132055,1
A023151,dormant_sms,6.611337756148873,5.611337756148873,1
A010041,dormant_sms,9.119208646588921,8.119208646588921,1
A006740,dormant_sms,6.7558388598690975,5.7558388598690975,1
A001292,dormant_sms,50.2197003656814,49.2197003656814,1
A039163,dormant_sms,1.4135616344317667,0.41356163443176674,1
A032687,dormant_sms,6.417546166153998,5.417546166153998,1
A019365,dormant_sms,11.474489065892238,10.474489065892238,1
A000312,dormant_sms,3.1965734701558204,2.1965734701558204,1
A009502,dormant_sms,17.713115745353477,16.713115745353477,1
A038355,dormant_sms,7.908001444362921,6.908001444362921,1
A018029,dormant_sms,19.181157427214693,18.181157427214693,1
A010204,dormant_sms,8.270798914645967,7.270798914645967,1
A015957,dormant_sms,8.333846044142103,7.333846044142103,1
A032591,dormant_sms,3.96377300279844,2.96377300279844,1
A008799,dormant_sms,5.819742320477411,4.819742320477411,1
A007935,dormant_sms,3.2974206473558456,2.2974206473558456,1
A005005,dormant_sms,1.6338373429172939,0.6338373429172939,1
A030982,dormant_sms,8.455988430943954,7.455988430943954,1
A011697,dormant_sms,13.672276762310814,12.672276762310814,1
A010428,dormant_sms,2.0957246826947515,1.0957246826947515,1
A027499,dormant_sms,1.8692167135388653,0.8692167135388653,1
A004682,dormant_sms,2.687304345470108,1.6873043454701082,1
A019670,dormant_sms,9.795527471456296,8.795527471456296,1
A026688,dormant_sms,2.4596845920576635,1.4596845920576635,1
A026248,dormant_sms,11.217667718874749,10.217667718874749,1
A008717,dormant_sms,40.94090136388927,39.94090136388927,1
A012343,dormant_sms,5.283344958661986,4.283344958661986,1
A024493,dormant_sms,2.376947999651215,1.376947999651215,1
A021632,dormant_sms,3.8692272285845086,2.8692272285845086,1
A012622,dormant_sms,4.1826551311771984,3.1826551311771984,1
A038812,dormant_sms,9.234703261094541,8.234703261094541,1
A039641,dormant_sms,5.21619832810279,4.21619832810279,1
A014832,dormant_sms,1.506700085538227,0.5067000855382271,1
A011524,dormant_sms,4.38161388388291,3.3816138838829097,1
A029433,dormant_sms,16.954709180266033,15.954709180266033,1
A013765,dormant_sms,2.324119004976036,1.324119004976036,1
A002725,dormant_sms,1.1159191522316882,0.11591915223168825,1
A009796,dormant_sms,7.544470621764725,6.544470621764725,1
A003047,dormant_sms,3.122958599535079,2.122958599535079,1
A021598,dormant_sms,7.237685269558277,6.237685269558277,1
A033809,dormant_sms,7.766419371153946,6.766419371153946,1
A013975,dormant_sms,14.190587443877664,13.190587443877664,1
A002137,dormant_sms,10.928921281317816,9.928921281317816,1
A011219,dormant_sms,12.053243930834233,11.053243930834233,1
A001934,dormant_sms,26.52330712762236,25.52330712762236,1
A028686,dormant_sms,1.3480526973464155,0.34805269734641553,1
A023093,dormant_sms,16.853204493830173,15.853204493830173,1
A005554,dormant_sms,49.03801910712142,48.03801910712142,1
A027510,dormant_sms,1.6082589202717763,0.6082589202717763,1
A007630,dormant_sms,2.7716095029579075,1.7716095029579075,1
A014592,dormant_sms,4.225477561782327,3.225477561782327,1
A033506,dormant_sms,1.74864072506775,0.74864072506775,1
A005571,dormant_sms,4.5102179625551155,3.5102179625551155,1
A037340,dormant_sms,19.7282069157056,18.7282069157056,1
A009137,dormant_sms,6.843570181562827,5.843570181562827,1
A032360,dormant_sms,3.6661719604564014,2.6661719604564014,1
A007086,dormant_sms,2.7074666883276883,1.7074666883276883,1
A039388,dormant_sms,3.841623660300529,2.841623660300529,1
A000223,dormant_sms,2.6847369782316295,1.6847369782316295,1
A031401,dormant_sms,4.97408393428612,3.97408393428612,1
A006370,dormant_sms,8.405751619128097,7.405751619128097,1
A026380,dormant_sms,9.978766346714822,8.978766346714822,1
A025814,dormant_sms,6.849377095143165,5.849377095143165,1
A006132,dormant_sms,9.040096438660532,8.040096438660532,1
A002795,dormant_sms,1.5904859752290779,0.5904859752290779,1
A018904,dormant_sms,10.47073399982586,9.47073399982586,1
A039677,dormant_sms,3.7920954988711513,2.7920954988711513,1
A031012,dormant_sms,14.87764360382935,13.87764360382935,1
A016362,dormant_sms,1.1561493573413244,0.1561493573413244,1
A026385,dormant_sms,12.620898717450578,11.620898717450578,1
A006972,dormant_sms,5.502185166802536,4.502185166802536,1
A033057,dormant_sms,13.47440290299463,12.47440290299463,1
A006306,dormant_sms,30.487242861072836,29.487242861072836,1
A005601,dormant_sms,3.1416064519542473,2.1416064519542473,1
A014251,dormant_sms,8.461855136370852,7.461855136370852,1
A031982,dormant_sms,3.5982372135158918,2.5982372135158918,1
A036593,dormant_sms,8.130583400030515,7.130583400030515,1
A025102,dormant_sms,22.474066142504153,21.474066142504153,1
A038613,dormant_sms,4.791167146032465,3.791167146032465,1
A036947,dormant_sms,6.280901968519702,5.280901968519702,1
A001574,dormant_sms,5.069047631289658,4.069047631289658,1
A023759,dormant_sms,55.05617156982928,54.05617156982928,1
A031056,dormant_sms,12.71173809124853,11.71173809124853,1
A007820,dormant_sms,5.48074282460842,4.48074282460842,1
A015964,dormant_sms,16.888747406186173,15.888747406186173,1
A005900,dormant_sms,4.663477120792746,3.663477120792746,1
A031317,dormant_sms,6.043766952233636,5.043766952233636,1
A038226,dormant_sms,19.893825974941777,18.893825974941777,1
A002135,dormant_sms,5.170066671926758,4.170066671926758,1
A024821,dormant_sms,24.484323384788514,23.484323384788514,1
A037516,dormant_sms,28.97540439208576,27.97540439208576,1
A039360,dormant_sms,14.345644260207292,13.345644260207292,1
A012579,dormant_sms,2.1518906261260424,1.1518906261260424,1
A007631,dormant_sms,25.52813242695203,24.52813242695203,1
A039474,dormant_sms,2.2822517964066433,1.2822517964066433,1
A016383,dormant_sms,9.159128884130626,8.159128884130626,1
A006226,dormant_sms,20.20698909368553,19.20698909368553,1
A005565,dormant_sms,4.404470038844006,3.404470038844006,1
A021601,dormant_sms,4.514354551348774,3.5143545513487737,1
A012191,dormant_sms,17.40857377418666,16.40857377418666,1
A001473,dormant_sms,2.5087882359669855,1.5087882359669855,1
A019619,dormant_sms,11.709975453158805,10.709975453158805,1
A006588,dormant_sms,7.080364856103923,6.080364856103923,1
A019928,dormant_sms,10.100986149783386,9.100986149783386,1
A032604,dormant_sms,10.445446113131348,9.445446113131348,1
A009443,dormant_sms,29.287146550385472,28.287146550385472,1
A035725,dormant_sms,33.31191262626927,32.31191262626927,1
A027283,dormant_sms,1.680644004795261,0.6806440047952611,1
A036066,dormant_sms,19.699341365100732,18.699341365100732,1
A005347,dormant_sms,4.958591704618573,3.9585917046185726,1
A015697,dormant_sms,9.526452819045993,8.526452819045993,1
A011120,dormant_sms,26.303951626523794,25.303951626523794,1
A018996,dormant_sms,4.264339968802351,3.264339968802351,1
A012409,dormant_sms,7.50680198925764,6.50680198925764,1
A014529,dormant_sms,1.8207306868699287,0.8207306868699287,1
A004976,dormant_sms,2.807926519237422,1.807926519237422,1
A037105,dormant_sms,2.669643586340077,1.6696435863400771,1
A026557,dormant_sms,5.2837944044400285,4.2837944044400285,1
A021563,dormant_sms,2.9257762080985446,1.9257762080985446,1
A024497,dormant_sms,7.754139402282536,6.754139402282536,1
A039878,dormant_sms,5.808656269673655,4.808656269673655,1
A004991,dormant_sms,12.21683445136582,11.21683445136582,1
A003891,dormant_sms,1.5677992698304672,0.5677992698304672,1
A026805,dormant_sms,25.495225206441926,24.495225206441926,1
A009444,dormant_sms,4.818066539989852,3.818066539989852,1
A008486,dormant_sms,4.126798664953799,3.1267986649537987,1
A039612,dormant_sms,1.26688497707823,0.26688497707823,1
A006888,dormant_sms,2.759685363402086,1.759685363402086,1
A034374,dormant_sms,14.54478132972812,13.54478132972812,1
A013229,dormant_sms,4.6454112435645305,3.6454112435645305,1
A033253,dormant_sms,10.638577118271495,9.638577118271495,1
A021194,dormant_sms,4.345188489888068,3.345188489888068,1
A017636,dormant_sms,1.7351324577870213,0.7351324577870213,1
A033493,dormant_sms,24.17874165317076,23.17874165317076,1
A022096,dormant_sms,40.140036592889224,39.140036592889224,1
A039795,dormant_sms,10.836374458071871,9.836374458071871,1
A039732,dormant_sms,6.767483746609013,5.767483746609013,1
A030376,dormant_sms,7.471017974426472,6.471017974426472,1
A022203,dormant_sms,2.777171542097575,1.7771715420975749,1
A023851,dormant_sms,23.471206322246957,22.471206322246957,1
A039482,dormant_sms,5.693235743705156,4.693235743705156,1
A020878,dormant_sms,6.900324859258468,5.900324859258468,1
A023884,dormant_sms,5.487174879694662,4.487174879694662,1
A008950,dormant_sms,10.977707220483165,9.977707220483165,1
A033127,dormant_sms,8.941845242294995,7.941845242294995,1
A008830,dormant_sms,13.229220023069617,12.229220023069617,1
A007199,dormant_sms,6.76523965118101,5.76523965118101,1
A004642,dormant_sms,4.699523705619561,3.699523705619561,1
A010930,dormant_sms,13.170116547647183,12.170116547647183,1
A011059,dormant_sms,11.744592953343549,10.744592953343549,1
A029775,dormant_sms,14.687445497834371,13.687445497834371,1
A021393,dormant_sms,2.1130555919056917,1.1130555919056917,1
A033858,dormant_sms,15.483545035879912,14.483545035879912,1
A014788,dormant_sms,5.691625795730375,4.691625795730375,1
A007214,dormant_sms,5.869127903551109,4.869127903551109,1
A015259,dormant_sms,3.831236458295079,2.831236458295079,1
A026946,dormant_sms,14.812681875670698,13.812681875670698,1
A005773,dormant_sms,35.43654419845818,34.43654419845818,1
A003348,dormant_sms,10.994365750845592,9.994365750845592,1
A019109,dormant_sms,14.830545403595842,13.830545403595842,1
A019442,dormant_sms,2.0020070085973085,1.0020070085973085,1
A014697,dormant_sms,6.986362942362506,5.986362942362506,1
A027561,dormant_sms,7.543982529511562,6.543982529511562,1
A034401,dormant_sms,1.8994693371301605,0.8994693371301605,1
A030426,dormant_sms,3.7623273325293205,2.7623273325293205,1
A021346,dormant_sms,2.847319777914476,1.847319777914476,1
A029498,dormant_sms,6.270045004228267,5.270045004228267,1
A014262,dormant_sms,11.164245404082742,10.164245404082742,1
A028232,dormant_sms,9.446219374334804,8.446219374334804,1
A005019,dormant_sms,5.3979807921236915,4.3979807921236915,1
A037464,dormant_sms,19.6764966219119,18.6764966219119,1
A024969,dormant_sms,17.90664060621633,16.90664060621633,1
A032967,dormant_sms,4.022190497435639,3.0221904974356386,1
A021683,dormant_sms,5.591125777043732,4.591125777043732,1
A014424,dormant_sms,10.463172235664885,9.463172235664885,1
A025581,dormant_sms,5.790497461437733,4.790497461437733,1
A021330,dormant_sms,10.14105722271157,9.14105722271157,1
A007701,dormant_sms,4.00065581050349,3.00065581050349,1
A023746,dormant_sms,2.064572821889326,1.064572821889326,1
A022536,dormant_sms,9.852839347946738,8.852839347946738,1
A016874,dormant_sms,1.12627447632076,0.12627447632075994,1
A024054,dormant_sms,5.453680418914385,4.453680418914385,1
A037184,dormant_sms,2.0090440228898454,1.0090440228898454,1
A016304,dormant_sms,5.388376383323627,4.388376383323627,1
A001309,dormant_sms,3.2134114046102957,2.2134114046102957,1
A033332,dormant_sms,35.27348806489021,34.27348806489021,1
A020684,dormant_sms,11.415096989143565,10.415096989143565,1
A039663,dormant_sms,1.947514153951837,0.947514153951837,1
A027659,dormant_sms,6.294111215190814,5.294111215190814,1
A035333,dormant_sms,14.034475822286977,13.034475822286977,1
A039212,dormant_sms,1.276828575778151,0.276828575778151,1
A004248,dormant_sms,27.640375296396652,26.640375296396652,1
A027986,dormant_sms,4.972447939825565,3.9724479398255648,1
A031714,dormant_sms,3.0391897316338623,2.0391897316338623,1
A033819,dormant_sms,9.607304758992651,8.607304758992651,1
A024987,dormant_sms,9.976631641973912,8.976631641973912,1
A022139,dormant_sms,6.485360561693425,5.485360561693425,1
A000955,dormant_sms,12.36170081491821,11.36170081491821,1
A006271,dormant_sms,10.07550447800196,9.07550447800196,1
A034532,dormant_sms,4.105237164132687,3.105237164132687,1
A027672,dormant_sms,2.5226153203762327,1.5226153203762327,1
A031687,dormant_sms,4.9779198323759015,3.9779198323759015,1
A008337,dormant_sms,5.236172973200487,4.236172973200487,1
A024209,dormant_sms,9.81024116895192,8.81024116895192,1
A028775,dormant_sms,12.48821717491341,11.48821717491341,1
A026987,dormant_sms,10.851635386956932,9.851635386956932,1
A024873,dormant_sms,1.0856703758715036,0.08567037587150361,1
A019785,dormant_sms,7.062555933409519,6.062555933409519,1
A006518,dormant_sms,2.541277902960214,1.5412779029602142,1
A029930,dormant_sms,11.771411385342573,10.771411385342573,1
A017079,dormant_sms,4.271070072183339,3.2710700721833392,1
A000871,dormant_sms,3.3959247056096435,2.3959247056096435,1
A010682,dormant_sms,1.5281241279003683,0.5281241279003683,1
A008490,dormant_sms,7.137738513377254,6.137738513377254,1
A034662,dormant_sms,1.000515166477499,0.0005151664774989406,1
A011482,dormant_sms,4.297322206406106,3.297322206406106,1
A028239,dormant_sms,11.276622991910394,10.276622991910394,1
A026891,dormant_sms,4.166994364442951,3.1669943644429512,1
A024299,dormant_sms,7.584552584770103,6.584552584770103,1
A029421,dormant_sms,3.263446994415249,2.263446994415249,1
A001723,dormant_sms,7.305887847322006,6.305887847322006,1
A025095,dormant_sms,9.65108069020011,8.65108069020011,1
A028540,dormant_sms,4.010976756276296,3.010976756276296,1
A020740,dormant_sms,10.393109231372296,9.393109231372296,1
A036844,dormant_sms,25.36480137048275,24.36480137048275,1
A028216,dormant_sms,11.009405199836323,10.009405199836323,1
A029211,dormant_sms,4.523285026391162,3.5232850263911617,1
A003127,dormant_sms,11.041879473152509,10.041879473152509,1
A016814,dormant_sms,3.992028090594624,2.992028090594624,1
A004600,dormant_sms,3.9429543060083265,2.9429543060083265,1
A028030,dormant_sms,4.8048106805953,3.8048106805953,1
A006440,dormant_sms,1.888564383095141,0.8885643830951411,1
A036388,dormant_sms,7.942682752451141,6.942682752451141,1
A033814,dormant_sms,2.6963469393717943,1.6963469393717943,1
A024802,dormant_sms,2.783424383847836,1.7834243838478359,1
A006297,dormant_sms,7.2406374870345624,6.2406374870345624,1
A022914,dormant_sms,6.469924150369368,5.469924150369368,1
A008651,dormant_sms,6.208185041497529,5.208185041497529,1
A018204,dormant_sms,14.405824418953348,13.405824418953348,1
A030945,dormant_sms,9.145445655565902,8.145445655565902,1
A000595,dormant_sms,4.212596875313743,3.212596875313743,1
A034647,dormant_sms,1.3846036574335177,0.38460365743351765,1
A035141,dormant_sms,7.052082184208985,6.052082184208985,1
A021732,dormant_sms,8.78209438663754,7.7820943866375405,1
A012654,dormant_sms,7.3369998850831815,6.3369998850831815,1
A007555,dormant_sms,10.412376500629136,9.412376500629136,1
A020580,dormant_sms,4.725966588511687,3.725966588511687,1
A006498,dormant_sms,8.26337657070816,7.263376570708161,1
A035675,dormant_sms,2.8923739130813053,1.8923739130813053,1
A012029,dormant_sms,5.367671443767572,4.367671443767572,1
A024621,dormant_sms,9.020905337998565,8.020905337998565,1
A015106,dormant_sms,2.276950373993546,1.2769503739935462,1
A005509,dormant_sms,26.11294061561588,25.11294061561588,1
A002501,dormant_sms,2.4000667149883275,1.4000667149883275,1
A001235,dormant_sms,1.0207542217894081,0.02075422178940811,1
A023685,dormant_sms,3.4304631247079787,2.4304631247079787,1
A015849,dormant_sms,11.058768282215153,10.058768282215153,1
A003562,dormant_sms,5.6466910626945985,4.6466910626945985,1
A038198,dormant_sms,7.380279818949362,6.380279818949362,1
A030474,dormant_sms,19.26612343142592,18.26612343142592,1
A026877,dormant_sms,3.756024503252541,2.756024503252541,1
A026395,dormant_sms,3.2309462912707656,2.2309462912707656,1
A010752,dormant_sms,10.955027946519698,9.955027946519698,1
A027512,dormant_sms,5.326696335667978,4.326696335667978,1
A019782,dormant_sms,2.4278159507719335,1.4278159507719335,1
A012526,dormant_sms,3.6475754516777212,2.6475754516777212,1
A028681,dormant_sms,10.330681346936046,9.330681346936046,1
A011901,dormant_sms,4.543262734708963,3.5432627347089634,1
A006764,dormant_sms,10.380347967289357,9.380347967289357,1
A012545,dormant_sms,2.9359041189504107,1.9359041189504107,1
A007528,dormant_sms,32.427299309680066,31.427299309680066,1
