account_id,region_id,value_score,value_group,churn_mode,proba_none,proba_large_withdrawal,proba_dd_stop,proba_dormant,predicted_mode
A031989,R05,5913.07,high,none,0.91374445,0.046602283,0.02416704,0.0154862255,none
A025054,R07,23457.89,high,none,0.93443334,0.040707257,0.00588245,0.01897692,none
A021320,R01,2289.63,low,none,0.89525604,0.008255929,0.0506473,0.045840796,none
A026009,R03,10311.66,high,none,0.90963906,0.05482466,0.014111786,0.02142443,none
A013414,R09,15396.19,high,none,0.8923748,0.019697642,0.06853291,0.019394597,none
A005439,R03,1654.11,low,none,0.9449629,0.0075229807,0.018382622,0.029131414,none
A017720,R05,1799.17,low,none,0.942134,0.029902881,0.004735125,0.023227923,none
A019893,R05,1660.7,low,none,0.88350326,0.03260956,0.0073198266,0.07656733,none
A003528,R00,13060.88,high,none,0.9246723,0.019177707,0.024901664,0.031248247,none
A013254,R08,11954.35,high,none,0.96804273,0.0051496564,0.0052308217,0.021576775,none
A004829,R00,898.93,low,none,0.8691932,0.022526607,0.025690783,0.08258936,none
A019220,R08,2401.93,low,none,0.93719435,0.035395492,0.0046877502,0.022722423,none
A016157,R09,8867.56,high,none,0.9463663,0.030116372,0.0060752584,0.017442025,none
A005262,R02,31948.79,high,none,0.925211,0.035595987,0.014720855,0.024472162,none
A027033,R06,1529.58,low,none,0.94231725,0.040610522,0.002379674,0.014692524,none
A005508,R02,33943.79,high,dormant,0.9679322,0.009181803,0.003154065,0.019731866,none
A034032,R04,4671.75,low,none,0.82941943,0.036774617,0.035030138,0.0987758,none
A014903,R03,49558.2,high,none,0.95343095,0.01552778,0.007531226,0.02351001,none
A004650,R05,1720.6,low,none,0.89536744,0.025816599,0.05641768,0.02239829,none
A011015,R06,8045.1,high,none,0.6465203,0.014718346,0.01190814,0.32685325,none
A001871,R07,26723.78,high,none,0.96732205,0.006122675,0.0052274256,0.021327855,none
A012008,R02,3021.76,low,large_withdrawal,0.89652455,0.032194164,0.032017075,0.03926421,none
A021079,R03,2358.91,low,none,0.9575758,0.016958939,0.004960102,0.020505175,none
A001524,R05,1553.85,low,none,0.91462237,0.04682042,0.013654911,0.02490227,none
A036738,R06,1671.17,low,none,0.9636562,0.008701646,0.006331889,0.021310283,none
A005400,R09,6700.49,high,none,0.9444676,0.018481331,0.012778529,0.024272604,none
A023970,R02,3769.99,low,none,0.8989757,0.044667687,0.02723647,0.029120171,none
A006372,R09,1173.46,low,none,0.8601372,0.0033635579,0.043244354,0.0932548,none
A016397,R08,1398.69,low,none,0.95444995,0.007864925,0.0050278828,0.032657262,none
A032550,R01,1818.81,low,none,0.9102684,0.010152851,0.046777632,0.032801025,none
A001505,R08,7463.09,high,none,0.6702832,0.013883762,0.038922586,0.27691045,none
A009089,R04,4337.76,low,none,0.8666241,0.053147152,0.05330405,0.026924677,none
A014724,R06,39337.53,high,none,0.94856423,0.009950689,0.006687572,0.034797482,none
A000019,R07,12135.46,high,none,0.81615114,0.09159429,0.0129137,0.079340845,none
A034203,R09,3513.0,low,dd_stop,0.89183587,0.0071674963,0.07572107,0.025275579,none
A007758,R01,4293.49,low,none,0.8254674,0.068876736,0.064024866,0.041631013,none
A001032,R00,9901.07,high,none,0.8848453,0.016715696,0.010274207,0.08816472,none
A031523,R06,2610.53,low,none,0.94241244,0.015826585,0.011690175,0.030070817,none
A033014,R04,1218.09,low,large_withdrawal,0.86375564,0.008993551,0.09067186,0.036578927,none
A016638,R05,3198.46,low,none,0.9323852,0.011451402,0.025722824,0.030440543,none
A032273,R07,1928.46,low,none,0.7972188,0.1088184,0.06196509,0.031997733,none
A025801,R03,2899.53,low,none,0.94437146,0.016875893,0.016178237,0.022574462,none
A012006,R01,5539.32,high,none,0.9541789,0.0051394138,0.007735936,0.032945674,none
A038810,R00,2295.45,low,none,0.82135886,0.09446863,0.054996625,0.02917592,none
A035630,R01,10454.05,high,none,0.77617097,0.12167932,0.025521033,0.07662867,none
A032047,R04,6155.27,high,none,0.93363607,0.024906589,0.012557156,0.028900217,none
A018961,R09,10559.25,high,dd_stop,0.8460255,0.07261072,0.05787302,0.023490753,none
A038501,R01,859.8,low,none,0.9101766,0.012204664,0.0028838392,0.074734904,none
A034286,R05,23977.53,high,none,0.8971599,0.0027198005,0.06916099,0.030959357,none
A013794,R04,3130.25,low,none,0.8764411,0.02145903,0.066728294,0.0353716,none
A013931,R07,57819.19,high,none,0.9435995,0.029681835,0.0072853365,0.01943328,none
A000178,R08,2469.48,low,none,0.89414793,0.011224441,0.048151426,0.04647621,none
A035939,R06,2564.58,low,none,0.8997668,0.04753245,0.019539881,0.033160865,none
A033561,R00,871.63,low,large_withdrawal,0.892915,0.06456515,0.008042495,0.034477293,none
A031560,R07,183217.07,high,none,0.92081815,0.0007776582,0.048734598,0.029669605,none
A024517,R01,12274.53,high,none,0.9258331,0.04516775,0.006381145,0.022617951,none
A002113,R09,2707.84,low,none,0.933058,0.013472314,0.024319837,0.029149821,none
A016959,R03,9557.42,high,none,0.8661118,0.0112962965,0.09383167,0.02876021,none
A010691,R05,2983.53,low,none,0.8715854,0.1124929,0.003555185,0.012366538,none
A009635,R08,1710.29,low,dormant,0.9044278,0.015428678,0.01121747,0.06892597,none
A017175,R06,2666.8,low,none,0.8833288,0.008754802,0.025853282,0.082063146,none
A032920,R00,4099.5,low,large_withdrawal,0.9032483,0.044612043,0.016940694,0.03519895,none
A036714,R08,1943.53,low,none,0.9365814,0.024738837,0.019059705,0.019620113,none
A014419,R08,3744.14,low,none,0.83967584,0.035451386,0.014494883,0.11037788,none
A029633,R08,1072.83,low,none,0.9330894,0.03318581,0.01132523,0.022399586,none
A003144,R09,17390.51,high,large_withdrawal,0.77742386,0.06973185,0.047919214,0.104925096,none
A009990,R08,7407.66,high,none,0.848825,0.0058715525,0.02466809,0.12063534,none
A002942,R03,13496.97,high,none,0.9004429,0.014104316,0.0065974505,0.078855336,none
A020150,R02,4605.87,low,dd_stop,0.89201075,0.010817649,0.0029565066,0.09421518,none
A036198,R03,9660.7,high,none,0.9407121,0.01719604,0.015873894,0.026218012,none
A028781,R02,22679.24,high,none,0.93390435,0.006277852,0.010924358,0.04889348,none
A030222,R01,1535.39,low,none,0.8506579,0.012181515,0.031871676,0.10528887,none
A019339,R00,256.36,low,none,0.8676957,0.017672855,0.015994135,0.09863731,none
A002327,R07,1955.28,low,none,0.9498496,0.016990809,0.014657599,0.018502014,none
A011664,R03,31892.99,high,none,0.9311298,0.011401485,0.026095832,0.031372853,none
A033144,R01,20316.91,high,none,0.86657524,0.020940904,0.06851757,0.043966223,none
A009942,R09,2287.8,low,none,0.93109083,0.001998984,0.046663955,0.020246182,none
A033862,R07,12651.41,high,none,0.9623517,0.013922042,0.005873583,0.017852696,none
A001832,R00,3563.39,low,none,0.9684677,0.0030330752,0.0061724917,0.022326697,none
A032290,R07,6877.06,high,none,0.9322997,0.013309497,0.017430637,0.036960132,none
A019464,R09,36168.66,high,none,0.9193962,0.030023288,0.023672638,0.026907844,none
A026992,R04,5468.75,high,none,0.93436486,0.02579656,0.016886147,0.02295241,none
A012814,R07,3356.74,low,none,0.93624675,0.0043991115,0.026417378,0.03293674,none
A019904,R05,1723.23,low,dormant,0.7569053,0.013405268,0.015713325,0.21397609,none
A026151,R06,1916.55,low,none,0.86877173,0.041359574,0.054606803,0.035261896,none
A000450,R07,2657.57,low,none,0.8401354,0.067666754,0.06467866,0.027519234,none
A034065,R05,3710.6,low,none,0.91279024,0.054742493,0.0046537914,0.02781349,none
A024747,R03,7663.6,high,dd_stop,0.85353106,0.0010324904,0.05649371,0.088942744,none
A007568,R02,697.42,low,dormant,0.89634687,0.0031188088,0.018022215,0.08251217,none
A027216,R00,7348.73,high,none,0.9285205,0.042657737,0.005880825,0.02294093,none
A033496,R05,36504.66,high,none,0.9687062,0.011600165,0.004185341,0.015508265,none
A005748,R01,2031.53,low,none,0.9656051,0.012315309,0.004248441,0.017831227,none
A033284,R05,3930.1,low,none,0.9253527,0.017353158,0.027615897,0.029678246,none
A011612,R02,12833.63,high,none,0.9626438,0.0007039807,0.013339587,0.02331262,none
A028522,R06,3996.04,low,none,0.9452744,0.031895958,0.0057786275,0.01705096,none
A029490,R08,1507.84,low,none,0.9469531,0.0098459935,0.017612914,0.025588011,none
A039077,R09,2957.98,low,dormant,0.90510714,0.018072508,0.038200006,0.03862038,none
A038165,R05,6302.31,high,none,0.9243948,0.04703697,0.0105738165,0.01799444,none
A013169,R02,2517.91,low,dd_stop,0.8133659,0.000792167,0.06280607,0.12303596,none
A023965,R06,4383.15,low,none,0.9443884,0.0013095887,0.021669261,0.032632798,none
A002557,R05,16124.36,high,large_withdrawal,0.9100344,0.02649191,0.033535317,0.029938351,none
A001867,R01,11335.17,high,none,0.9372122,0.02211632,0.01932903,0.021342443,none
A008364,R01,3009.37,low,none,0.8568952,0.08549926,0.03717727,0.020428311,none
A010943,R04,4595.08,low,none,0.9240213,0.014538759,0.039892886,0.021547038,none
A010680,R00,4483.89,low,none,0.8564868,0.07655374,0.03830178,0.028657705,none
A003687,R09,2574.51,low,none,0.9160428,0.020889308,0.023409752,0.03965813,none
A001090,R03,3220.46,low,none,0.9577693,0.014845662,0.007282948,0.020102104,none
A038146,R06,632.79,low,none,0.92149365,0.027750842,0.031104153,0.019651406,none
A027853,R07,2973.37,low,none,0.9596351,0.0122485105,0.008042097,0.020074239,none
A038219,R08,5014.86,high,dormant,0.6897744,0.011552163,0.028266698,0.27040672,none
A029451,R08,10714.31,high,none,0.8853547,0.04882502,0.04288874,0.022931611,none
A005637,R04,2700.19,low,none,0.92120004,0.04490276,0.014974643,0.01892256,none
A034772,R03,7754.34,high,none,0.9454826,0.017516484,0.016259031,0.020741941,none
A026694,R07,2004.11,low,none,0.9510601,0.00938059,0.015276984,0.02428233,none
A017048,R00,15679.93,high,none,0.88408333,0.03673859,0.005410182,0.07376792,none
A008052,R03,4007.44,low,none,0.82639396,0.015883438,0.051520694,0.10620187,none
A005383,R06,9079.03,high,dormant,0.37780112,0.00075523864,0.008827462,0.6126162,dormant
A009746,R08,750.85,low,none,0.9392128,0.020223139,0.017056609,0.023507452,none
A035288,R05,9406.34,high,none,0.86439973,0.08976933,0.02379306,0.022037882,none
A031112,R03,2022.57,low,dormant,0.9214994,0.0068949875,0.040277448,0.031328145,none
A014245,R00,3088.47,low,none,0.85519195,0.08568367,0.02973415,0.02939018,none
A036588,R03,3992.22,low,none,0.95352393,0.020456338,0.00512674,0.020892974,none
A007958,R09,7472.6,high,none,0.8765577,0.043913513,0.011660637,0.0678682,none
A024197,R02,3049.11,low,none,0.79039913,0.0394553,0.13697012,0.033175495,none
A009950,R05,2202.91,low,none,0.9261279,0.021954376,0.026798405,0.025119282,none
A037172,R08,419.79,low,dormant,0.92134714,0.012566436,0.041266628,0.024819735,none
A039401,R04,50842.99,high,none,0.9387611,0.018717999,0.005945617,0.03657521,none
A035246,R05,1708.89,low,large_withdrawal,0.8957546,0.01443186,0.03343851,0.056375075,none
A023743,R03,1546.97,low,dd_stop,0.8914038,0.008587516,0.06518747,0.034821235,none
A015246,R00,2385.13,low,none,0.6736573,0.063436516,0.0279738,0.23493235,none
A010894,R08,2950.95,low,none,0.754604,0.06451451,0.07132312,0.10955836,none
A025442,R04,5680.16,high,dormant,0.7036314,0.012479416,0.025639981,0.25824916,none
A004451,R01,108.94,low,none,0.86961555,0.021509554,0.023395522,0.08547936,none
A036521,R04,2720.5,low,none,0.9260852,0.025401922,0.014626032,0.033886887,none
A006970,R01,5532.69,high,none,0.8783665,0.08075264,0.013383721,0.027497213,none
A000055,R09,4222.6,low,none,0.92149514,0.028152674,0.009416866,0.04093537,none
A030350,R07,774.97,low,dd_stop,0.9533631,0.0054573556,0.017839368,0.023340136,none
A020296,R02,37720.41,high,none,0.8888899,0.03217653,0.030912817,0.048020728,none
A022346,R06,541.97,low,none,0.9601225,0.008635426,0.004276161,0.026965834,none
A004231,R03,7688.34,high,none,0.80831033,0.0074170902,0.09597306,0.08829957,none
A017227,R01,4710.52,low,none,0.9265997,0.033508096,0.015281563,0.02461069,none
A003863,R06,7742.75,high,none,0.86268586,0.054849282,0.057218008,0.0252469,none
A004561,R06,3076.41,low,none,0.7133553,0.0033537098,0.01542152,0.26786947,none
A010626,R03,18534.22,high,none,0.72716516,0.022696769,0.15387589,0.09626219,none
A013538,R01,2566.42,low,none,0.8849526,0.019068392,0.06019561,0.03578346,none
A027710,R01,2929.83,low,none,0.8920337,0.00824971,0.014271502,0.08544515,none
A025843,R03,2545.08,low,none,0.8026888,0.08506086,0.0069976007,0.1052528,none
A016497,R05,8906.64,high,large_withdrawal,0.874248,0.05697459,0.035045076,0.03373237,none
A021196,R09,2602.37,low,none,0.92947495,0.025212312,0.01736409,0.027948609,none
A036571,R01,34950.7,high,large_withdrawal,0.8943052,0.018475035,0.044990882,0.042228833,none
A023201,R04,25687.66,high,none,0.9343024,0.022787735,0.009486753,0.033423137,none
A011741,R07,3814.22,low,none,0.7974856,0.11663724,0.06986771,0.016009457,none
A020175,R01,33796.4,high,none,0.9230458,0.046069756,0.0111532295,0.01973125,none
A015167,R05,6367.51,high,none,0.91950536,0.024877293,0.035088964,0.020528411,none
A018939,R02,3405.13,low,none,0.91615087,0.031622853,0.02829768,0.02392862,none
A008492,R00,2534.55,low,none,0.9051506,0.04871487,0.021581698,0.02455288,none
A010034,R06,1267.3,low,none,0.9501713,0.020474618,0.011427452,0.017926706,none
A029136,R03,3454.22,low,dormant,0.5524593,0.03510449,0.048572734,0.36386347,none
A016214,R09,20956.42,high,none,0.93830633,0.037423775,0.0057123112,0.018557604,none
A030803,R08,68571.13,high,none,0.9593804,0.012264303,0.005637002,0.022718322,none
A011622,R07,23614.29,high,none,0.92435074,0.005831458,0.04294926,0.02686852,none
A025824,R03,6267.68,high,none,0.8703172,0.024747908,0.010154191,0.094780736,none
A020524,R04,2413.3,low,none,0.9129832,0.028790342,0.019211505,0.039014965,none
A001668,R05,2279.15,low,none,0.93599355,0.016513849,0.025738154,0.02175449,none
A038082,R08,2739.83,low,none,0.9407824,0.014209177,0.016332272,0.028676165,none
A032004,R07,2368.91,low,none,0.9066168,0.021033525,0.03994511,0.03240456,none
A001949,R03,4181.27,low,none,0.7206563,0.053685445,0.103403226,0.12225503,none
A011056,R00,40425.18,high,none,0.8877357,0.005131249,0.02384372,0.08328928,none
A002723,R07,15333.44,high,none,0.95421714,0.01511307,0.0055595674,0.025110243,none
A025692,R00,9488.38,high,dormant,0.65658784,0.01721816,0.019201515,0.30699253,none
A017316,R07,8491.39,high,none,0.96728146,0.0044742315,0.008696886,0.019547403,none
A029094,R02,35183.45,high,none,0.8595007,0.02002704,0.04054765,0.07992461,none
A015352,R06,1243.97,low,dormant,0.478128,0.0121886,0.034930203,0.4747533,none
A029321,R04,24883.03,high,none,0.9619163,0.0012570904,0.005065792,0.031760786,none
A028460,R06,7740.03,high,none,0.9226088,0.028424298,0.030817453,0.01814952,none
A006576,R07,2955.42,low,none,0.85424,0.022779081,0.04240187,0.08057905,none
A029350,R01,20072.18,high,dormant,0.82413024,0.049535386,0.09073106,0.035603307,none
A026831,R01,11015.78,high,none,0.9699187,0.005784418,0.0045871083,0.019709699,none
A005608,R02,1382.07,low,none,0.9336078,0.014375288,0.029537957,0.02247895,none
A021883,R07,3371.84,low,none,0.947877,0.018091463,0.012801728,0.021229805,none
A021867,R01,10670.73,high,none,0.87341195,0.08282719,0.024175776,0.019585116,none
A012534,R09,16775.16,high,none,0.69066143,0.017652785,0.0073248595,0.28436098,none
A015806,R09,1051.61,low,none,0.9406873,0.008038612,0.023992442,0.027281644,none
A022225,R05,45238.97,high,none,0.8055729,0.1312519,0.044206947,0.018968184,none
A027789,R01,2029.27,low,none,0.96208626,0.01008238,0.004367086,0.023464253,none
A008923,R00,2641.89,low,dormant,0.89333713,0.03671163,0.003779793,0.066171475,none
A001290,R01,2278.81,low,none,0.8753185,0.049533367,0.0037399472,0.07140819,none
A037509,R00,15941.67,high,none,0.8964192,0.044633992,0.026581904,0.03236487,none
A019361,R08,6421.49,high,none,0.8538782,0.036593974,0.0870297,0.022498136,none
A029166,R07,1304.92,low,none,0.7800225,0.011373428,0.0065174093,0.20208666,none
A036932,R01,366.58,low,none,0.9568956,0.008817471,0.018322617,0.015964342,none
A001702,R08,3461.36,low,none,0.72310144,0.010185361,0.0056783273,0.2610349,none
A026589,R05,4266.85,low,none,0.84921896,0.07576975,0.04208372,0.032927517,none
A022605,R05,2675.29,low,none,0.9251706,0.02570666,0.023227729,0.025894959,none
A013557,R06,1272.9,low,none,0.90901375,0.01559049,0.03674182,0.03865396,none
A005325,R02,60773.54,high,none,0.94517463,0.020507768,0.0057034,0.028614229,none
A037832,R01,1251.33,low,dd_stop,0.8103484,0.013499502,0.0760561,0.10009607,none
A036195,R03,2712.27,low,dormant,0.6452508,0.031206865,0.013497249,0.3100451,none
A003596,R06,1740.94,low,none,0.87776077,0.025713215,0.06693782,0.029588131,none
A011827,R09,4916.82,low,dd_stop,0.78560144,0.06423769,0.067847,0.08231385,none
A038197,R03,12147.69,high,dd_stop,0.883946,0.033716425,0.05475273,0.027584838,none
A029954,R08,1366.48,low,none,0.9224214,0.034514535,0.021894556,0.021169549,none
A039090,R09,8198.31,high,none,0.8542996,0.011635715,0.023511551,0.11055311,none
A008133,R02,11654.11,high,none,0.9454339,0.016886938,0.013172735,0.02450648,none
A007844,R00,2533.9,low,none,0.89969367,0.050357793,0.021363486,0.028585067,none
A004706,R01,7217.1,high,none,0.7593745,0.006665813,0.016308986,0.21765071,none
A008951,R02,15481.09,high,none,0.9488115,0.0191291,0.0047733695,0.027286101,none
A007754,R08,4620.44,low,none,0.9246822,0.04849329,0.01049723,0.01632726,none
A005056,R03,1887.59,low,none,0.87853354,0.04363343,0.037150294,0.040682767,none
A032247,R02,4109.4,low,dormant,0.72237945,0.06267927,0.092125796,0.12281548,none
A011595,R07,3631.06,low,none,0.8863387,0.049904667,0.034170788,0.029585835,none
A023048,R07,19811.84,high,none,0.96282613,0.0079197,0.004925252,0.024328958,none
A011868,R09,1007.75,low,none,0.83726525,0.036480665,0.09957127,0.0266828,none
A015676,R04,6883.33,high,none,0.94695795,0.0006631587,0.02140434,0.030974511,none
A037419,R04,1309.12,low,none,0.91874903,0.04122557,0.006344173,0.033681154,none
A011994,R06,8491.74,high,none,0.91639465,0.048542064,0.015036067,0.020027174,none
A008020,R07,82.62,low,dormant,0.90173626,0.0059703123,0.025436398,0.06685708,none
A014252,R07,4229.83,low,none,0.92549103,0.039237585,0.00812462,0.02714683,none
A034167,R00,1074.8,low,none,0.90309644,0.016963929,0.006454471,0.07348514,none
A000455,R06,10057.02,high,none,0.95280296,0.020820558,0.01643557,0.00994086,none
A002506,R01,16538.75,high,none,0.9293455,0.014332515,0.023019657,0.03330234,none
A022275,R04,5599.02,high,none,0.7321989,0.010940238,0.03525446,0.22160642,none
A029128,R00,7817.84,high,dormant,0.85133445,0.016398206,0.030334761,0.10193258,none
A004053,R07,6152.64,high,none,0.94237846,0.013096729,0.022328857,0.02219602,none
A036479,R06,523.57,low,none,0.9588005,0.0011158981,0.009023957,0.031059682,none
A012092,R09,18357.46,high,large_withdrawal,0.88351774,0.036875222,0.0071899937,0.07241705,none
A017498,R00,1312.67,low,none,0.8432862,0.07950882,0.05231341,0.024891572,none
A009627,R01,7505.71,high,dd_stop,0.5998475,0.011696788,0.07187405,0.31658167,none
A011417,R08,1294.02,low,none,0.95159113,0.0030839476,0.017064122,0.028260801,none
A028308,R02,2837.41,low,dormant,0.68022376,0.023812464,0.0092741065,0.28668964,none
A018033,R06,6941.94,high,none,0.8547624,0.019919435,0.10105878,0.02425937,none
A009241,R09,8678.85,high,none,0.94782823,0.01175411,0.009166223,0.031251363,none
A039520,R08,27931.3,high,none,0.8741831,0.025107274,0.069956996,0.030752586,none
A002053,R02,44039.93,high,none,0.8442957,0.006744536,0.012353485,0.13660623,none
A026129,R04,14510.53,high,none,0.8542034,0.007020229,0.0236331,0.115143225,none
A021602,R00,2704.13,low,none,0.90972,0.018881986,0.034679957,0.036718063,none
A009265,R06,27287.74,high,dd_stop,0.8388952,0.018077416,0.056155354,0.08687201,none
A025026,R06,27517.03,high,none,0.9497813,0.015088402,0.011972533,0.023157794,none
A029018,R07,1414.25,low,none,0.95710415,0.0006507041,0.019518007,0.022727178,none
A002835,R00,6934.94,high,none,0.90224546,0.049085572,0.030426182,0.018242791,none
A009063,R05,5418.67,high,none,0.8973482,0.051033366,0.028632216,0.022986181,none
A016516,R03,3172.9,low,dd_stop,0.8309067,0.014306599,0.063499816,0.09128693,none
A013201,R09,1097.22,low,none,0.8161931,0.093797304,0.0750976,0.014912055,none
A020703,R06,15325.8,high,none,0.91215205,0.038447868,0.016653564,0.032746505,none
A009702,R03,3022.24,low,none,0.8867319,0.054952264,0.031761132,0.02655467,none
A018069,R01,14544.52,high,none,0.9410674,0.03655681,0.0028284327,0.01954732,none
A002659,R05,3518.86,low,none,0.9327955,0.012609011,0.025526132,0.029069325,none
A025536,R08,1835.87,low,dormant,0.91334766,0.012639351,0.0046077883,0.06940518,none
A012263,R08,2564.69,low,none,0.8476012,0.015018079,0.033603378,0.10377737,none
A007505,R04,22647.69,high,none,0.93057024,0.012820871,0.021454409,0.035154495,none
A007170,R08,2898.14,low,none,0.95307046,0.022271749,0.006434704,0.01822305,none
A023320,R08,2598.94,low,none,0.5638036,0.060239643,0.05601167,0.31994507,none
A005837,R07,1410.39,low,none,0.79854554,0.099389784,0.07557777,0.026486974,none
A015747,R06,2669.8,low,none,0.93106663,0.030390996,0.014783384,0.023758993,none
A011564,R02,12327.92,high,none,0.73623586,0.018066693,0.021481877,0.22421558,none
A012142,R03,8659.76,high,none,0.9564294,0.011398658,0.0150072845,0.017164677,none
A011103,R00,18733.34,high,none,0.86888963,0.021348605,0.004409298,0.10535249,none
A025848,R00,1559.05,low,dormant,0.94839007,0.010389786,0.01454637,0.026673809,none
A006467,R01,1311.25,low,none,0.8998559,0.044059735,0.03181971,0.024264617,none
A020757,R09,5189.88,high,none,0.8220585,0.046409067,0.010702906,0.12082948,none
A021899,R04,3271.82,low,none,0.92321587,0.026367558,0.025958873,0.024457756,none
A038745,R09,1736.6,low,none,0.94605297,0.029300787,0.012101903,0.012544417,none
A038863,R07,9722.37,high,none,0.8954734,0.05100242,0.034384195,0.01913998,none
A039850,R06,7579.69,high,none,0.837142,0.038821384,0.03623477,0.0878019,none
A031583,R02,3437.93,low,none,0.914348,0.050636362,0.0135998195,0.021415813,none
A030306,R05,2179.42,low,none,0.9009318,0.02273698,0.03789632,0.038434986,none
A036331,R08,2873.08,low,none,0.9469997,0.009116009,0.02732811,0.016556095,none
A025674,R07,2224.64,low,none,0.9422343,0.016740857,0.018559735,0.022465143,none
A037645,R05,3919.4,low,none,0.88165337,0.01207227,0.028596804,0.07767761,none
A018081,R03,4939.7,low,none,0.82308143,0.06925469,0.077245116,0.030418755,none
A010139,R00,2727.73,low,none,0.8034204,0.021541681,0.053113326,0.121924564,none
A030295,R06,5149.48,high,none,0.94353944,0.029385783,0.005120308,0.02195446,none
A014075,R04,9062.67,high,dormant,0.86813706,0.049968332,0.05223505,0.02965952,none
A002278,R05,4053.97,low,none,0.82958496,0.08253135,0.0696744,0.01820924,none
A014069,R03,24087.67,high,none,0.9253219,0.0011515568,0.031570468,0.04195609,none
A010457,R03,479.08,low,none,0.9499962,0.02421117,0.0044219303,0.021370696,none
A000824,R04,3115.71,low,none,0.8713312,0.023572437,0.06691447,0.038181894,none
A030972,R06,1249.74,low,none,0.87959564,0.0046037063,0.01073088,0.10506976,none
A015677,R04,4681.2,low,none,0.90346664,0.02849396,0.026640575,0.041398857,none
A000785,R04,1900.44,low,none,0.6159607,0.01856781,0.037277818,0.32819363,none
A007848,R09,3888.02,low,none,0.90109164,0.0019209147,0.062830664,0.034156837,none
A029276,R07,17762.63,high,none,0.8761688,0.08118393,0.015084866,0.027562466,none
A020486,R05,4352.49,low,none,0.8057631,0.08149093,0.03472421,0.07802171,none
A024307,R09,12331.26,high,none,0.8815408,0.055776183,0.039114516,0.02356853,none
A016076,R03,1700.1,low,none,0.9481156,0.019433752,0.014324365,0.018126294,none
A012945,R06,1606.56,low,none,0.9180061,0.038044054,0.019015634,0.024934141,none
A013431,R04,1683.97,low,none,0.9180559,0.016282653,0.03573045,0.029930968,none
A017309,R04,6113.87,high,none,0.91615224,0.02785886,0.019355502,0.03663342,none
A011843,R04,2534.88,low,large_withdrawal,0.9470514,0.00940786,0.017110886,0.026429912,none
A034197,R00,2170.93,low,dormant,0.686582,0.015641078,0.018682769,0.27909407,none
A013109,R02,8726.26,high,none,0.93919384,0.01301849,0.022861445,0.024926258,none
A010154,R01,76868.48,high,none,0.9619828,0.00343319,0.005756117,0.028827978,none
A020218,R03,3294.76,low,none,0.95884323,0.010725674,0.0055880845,0.024843037,none
A002458,R03,2074.11,low,none,0.83557916,0.032067314,0.040495414,0.09185817,none
A030664,R02,1831.41,low,none,0.8657662,0.03296735,0.06373681,0.03752963,none
A020060,R07,4874.3,low,none,0.8044529,0.1341514,0.03209506,0.02930059,none
A019288,R03,2951.61,low,none,0.881784,0.03630191,0.047090065,0.034823984,none
A023203,R04,3732.68,low,none,0.8312288,0.016268509,0.04608693,0.10641582,none
A025124,R08,28746.22,high,none,0.8657001,0.00058538077,0.05347103,0.0802435,none
A037048,R04,2998.37,low,dd_stop,0.88321686,0.027960623,0.06385434,0.024968162,none
A031294,R01,2717.13,low,none,0.8711165,0.023737803,0.017238354,0.08790731,none
A038377,R09,7434.24,high,none,0.92291105,0.019128323,0.034880176,0.023080468,none
A000336,R06,4739.27,low,none,0.91215837,0.019216716,0.0044458946,0.06417899,none
A011943,R00,6536.58,high,none,0.9100966,0.011163578,0.047148313,0.031591535,none
A034893,R00,19415.99,high,none,0.8587199,0.01173079,0.004364725,0.12518463,none
A029793,R07,1479.63,low,none,0.871093,0.02642867,0.030212108,0.07226628,none
A004378,R09,13264.9,high,none,0.9304656,0.004656551,0.028922686,0.035955206,none
A003028,R04,7746.03,high,none,0.9247462,0.023006672,0.028928105,0.02331904,none
A003910,R07,1736.95,low,none,0.900548,0.033932142,0.044568103,0.020951768,none
A037320,R08,2752.97,low,none,0.8669621,0.012119185,0.008524643,0.11239407,none
A022419,R02,2134.17,low,none,0.7222594,0.015490988,0.004864666,0.25738496,none
A017272,R09,6116.55,high,none,0.96701336,0.011957847,0.005372729,0.015656013,none
A009317,R03,4392.02,low,none,0.9576239,0.0056188903,0.0062075094,0.030549688,none
A036609,R01,6742.25,high,none,0.7845739,0.07764418,0.034941297,0.10284059,none
A027436,R01,37681.96,high,none,0.9591058,0.012520895,0.008903807,0.019469505,none
A033068,R09,2342.03,low,none,0.91506016,0.022931121,0.037608925,0.024399776,none
A036057,R09,4858.57,low,dormant,0.8548122,0.013899711,0.03299645,0.098291606,none
A006662,R03,32850.41,high,none,0.94936424,0.02570807,0.0061955927,0.018732138,none
A032462,R05,24075.68,high,large_withdrawal,0.759335,0.07344517,0.11357963,0.053640217,none
A033581,R05,2480.66,low,none,0.833272,0.007283667,0.05640693,0.10303742,none
A038835,R03,41158.44,high,none,0.8833283,0.022625845,0.07243091,0.021614946,none
A015967,R08,32170.47,high,none,0.8311928,0.023561984,0.05314385,0.09210137,none
A022165,R00,8981.46,high,none,0.9665109,0.011682693,0.0062815035,0.015524913,none
A010511,R05,1254.65,low,none,0.60054916,0.047008872,0.055059977,0.297382,none
A023948,R00,1923.53,low,none,0.89185786,0.009879063,0.005171285,0.09309185,none
A024562,R08,1347.19,low,none,0.95472413,0.0049015232,0.018231343,0.02214307,none
A012409,R02,2272.04,low,none,0.91646487,0.02057418,0.031277195,0.03168382,none
A039887,R01,1021.46,low,none,0.9139668,0.011721186,0.040356033,0.033956006,none
A012840,R00,3709.15,low,large_withdrawal,0.8978664,0.03306022,0.0038493318,0.06522397,none
A022662,R08,4626.3,low,none,0.9418824,0.01202185,0.011871745,0.034223974,none
A029017,R03,6758.68,high,none,0.8151779,0.07609392,0.034170993,0.07455713,none
A024707,R04,2919.57,low,none,0.9003713,0.026092976,0.0043006097,0.06923513,none
A036980,R05,37853.07,high,none,0.9607705,0.017685594,0.0026111926,0.018932724,none
A001172,R07,2834.89,low,none,0.8557812,0.03647969,0.012845866,0.09489323,none
A034858,R05,5754.08,high,none,0.55673355,0.0060366667,0.029896764,0.40733302,none
A013667,R01,26414.95,high,none,0.9482161,0.0049805287,0.008542213,0.03826117,none
A001491,R01,85438.81,high,none,0.82764524,0.012215802,0.010275829,0.14986315,none
A027997,R01,18489.66,high,dormant,0.82430774,0.029511029,0.059752524,0.08642871,none
A036733,R02,2024.83,low,none,0.9599831,0.0007674603,0.004923783,0.03432559,none
A006896,R01,5708.0,high,none,0.89074403,0.005742359,0.005208513,0.09830506,none
A037269,R03,14231.25,high,none,0.8767027,0.004963423,0.077465534,0.040868286,none
A025094,R08,26770.28,high,none,0.8868591,0.037419204,0.041276596,0.034445126,none
A020384,R03,2538.21,low,none,0.7988531,0.03590361,0.04270053,0.122542724,none
A034185,R09,2924.58,low,dd_stop,0.90236956,0.021028304,0.052333258,0.024268864,none
A036200,R04,5483.02,high,none,0.8615205,0.033175502,0.01654288,0.088761054,none
A016093,R08,42652.7,high,none,0.90332824,0.010582507,0.011492271,0.074596934,none
A021481,R04,10416.1,high,none,0.89014757,0.079651736,0.013597433,0.0166033,none
A012853,R01,372.74,low,none,0.85651326,0.030581102,0.07426695,0.038638692,none
A013800,R07,8134.33,high,none,0.95850605,0.020413026,0.004715568,0.016365414,none
A006615,R02,14013.58,high,none,0.95870745,0.020252535,0.006285876,0.014754104,none
A012212,R09,1672.9,low,none,0.73447794,0.010099004,0.007392378,0.24803063,none
A030977,R04,2371.87,low,none,0.8148807,0.10890645,0.058878638,0.017334191,none
A021853,R00,13760.54,high,none,0.95334613,0.014731815,0.005453767,0.026468314,none
A025011,R09,10001.79,high,none,0.9094602,0.0288339,0.03498082,0.026725104,none
A013048,R08,5741.64,high,none,0.89424247,0.01562532,0.06817622,0.021955961,none
A016834,R05,8200.22,high,none,0.90241575,0.010205826,0.025827294,0.06155109,none
A022619,R09,1066.44,low,dd_stop,0.9436945,0.009972201,0.021905988,0.024427352,none
A026520,R09,3640.05,low,none,0.9283242,0.0047132033,0.0041461117,0.06281649,none
A021825,R05,3560.85,low,none,0.91296744,0.030492865,0.031151893,0.025387792,none
A035513,R02,12448.62,high,none,0.79892814,0.021639794,0.09125468,0.088177435,none
A026482,R01,11591.67,high,none,0.819878,0.072919756,0.08145136,0.025750918,none
A039647,R03,7151.72,high,none,0.8843113,0.022940785,0.065846466,0.026901415,none
A024352,R09,2951.89,low,none,0.8722427,0.028154295,0.009969249,0.08963374,none
A025545,R01,13729.23,high,none,0.9598051,0.021515597,0.003891166,0.014788213,none
A025589,R06,2674.66,low,none,0.9057398,0.00080899254,0.057765488,0.035685673,none
A026044,R05,7329.12,high,none,0.9489935,0.014057056,0.01195117,0.02499832,none
A039769,R00,885.37,low,none,0.8602142,0.10842709,0.011604659,0.019754108,none
A029895,R06,7620.63,high,dormant,0.73829985,0.013581607,0.0365452,0.2115733,none
A018955,R09,15563.22,high,none,0.873676,0.016415063,0.0754847,0.03442422,none
A025380,R08,2232.69,low,dd_stop,0.8617062,0.011926525,0.07689776,0.04946955,none
A037470,R07,2251.79,low,none,0.88789856,0.02043967,0.05895047,0.03271132,none
A004240,R01,13621.16,high,none,0.906207,0.012136176,0.053236037,0.028420767,none
A001748,R09,14916.94,high,none,0.71820873,0.021635516,0.022515772,0.23764001,none
A029283,R04,3303.98,low,none,0.9178416,0.03719925,0.02036792,0.02459119,none
A002494,R09,7065.66,high,none,0.9215563,0.04893374,0.0123649,0.017145025,none
A007971,R02,3801.08,low,none,0.83574474,0.034062978,0.034181435,0.09601087,none
A003134,R09,1094.66,low,none,0.9460978,0.0040589436,0.018382339,0.03146092,none
A039184,R00,10888.38,high,none,0.9096676,0.049179178,0.019303355,0.02184992,none
A030133,R09,3408.95,low,none,0.9544764,0.017171476,0.008047241,0.020304855,none
A028033,R01,12146.6,high,none,0.91936517,0.018014403,0.036262624,0.026357729,none
A037548,R05,4391.1,low,none,0.9181727,0.01165563,0.047375455,0.022796122,none
A002222,R06,8019.67,high,none,0.8668914,0.060374815,0.045496166,0.027237589,none
A023828,R08,11474.65,high,none,0.9421292,0.029527135,0.0023243243,0.026019309,none
A032261,R00,17423.07,high,none,0.9629863,0.015537801,0.0042629275,0.017213054,none
A029746,R06,5558.57,high,dormant,0.8607191,0.031613335,0.013692087,0.093975455,none
A014859,R04,11652.96,high,none,0.6566565,0.013873481,0.06991145,0.25955856,none
A005784,R04,11723.99,high,large_withdrawal,0.8060224,0.08042683,0.08548822,0.028062578,none
A006273,R06,5060.86,high,none,0.9299611,0.0036225517,0.031420246,0.03499616,none
A033790,R03,1087.88,low,dormant,0.8578907,0.03583013,0.017760975,0.08851815,none
A012271,R04,7372.67,high,none,0.8541385,0.0012103935,0.09898884,0.045662202,none
A019214,R08,4328.01,low,none,0.88092303,0.064283915,0.026179086,0.028613936,none
A034991,R00,3191.66,low,none,0.859021,0.022783041,0.021971732,0.0962242,none
A000556,R02,23479.2,high,none,0.920817,0.019294139,0.027271524,0.032617323,none
A005128,R06,3113.47,low,none,0.8543378,0.029401893,0.014381947,0.10187834,none
A015335,R08,1474.97,low,large_withdrawal,0.6760294,0.016627723,0.044535294,0.26280758,none
A007503,R06,3587.42,low,none,0.8926817,0.016622731,0.06195229,0.028743213,none
A019886,R07,2502.94,low,none,0.8904451,0.018795934,0.03312384,0.057635117,none
A038445,R07,8644.45,high,none,0.7266131,0.020570315,0.011848325,0.24096827,none
A027627,R05,8546.3,high,none,0.86202985,0.0012931976,0.013622166,0.12305483,none
A005778,R01,3183.51,low,none,0.8579101,0.07476401,0.031901166,0.03542474,none
A009941,R01,5651.73,high,none,0.9269229,0.020840993,0.009901704,0.042334367,none
A032685,R02,7223.3,high,none,0.9356991,0.034650274,0.00779712,0.021853525,none
A032730,R08,8241.87,high,dormant,0.8711422,0.06447865,0.03638452,0.027994588,none
A029691,R00,859.33,low,none,0.86551774,0.05549977,0.039854784,0.039127726,none
A025639,R04,1808.97,low,none,0.8600813,0.055090014,0.05382582,0.031002875,none
A021024,R05,90705.88,high,none,0.93701434,0.03665202,0.0046348316,0.021698732,none
A025905,R04,2550.29,low,none,0.680595,0.031796914,0.1450287,0.14257945,none
A019024,R03,10922.44,high,none,0.7828418,0.008794762,0.07253033,0.13583313,none
A019086,R01,2113.5,low,none,0.82138467,0.0115816565,0.07202766,0.095005974,none
A005831,R09,8830.17,high,none,0.86267513,0.027549578,0.043594416,0.06618092,none
A015555,R08,2443.0,low,none,0.8367401,0.09254387,0.05119833,0.019517675,none
A036362,R09,23579.73,high,none,0.8677806,0.005928663,0.092634834,0.03365585,none
A009086,R05,2207.24,low,none,0.7615599,0.11815273,0.10292551,0.017361911,none
A021338,R00,18028.83,high,none,0.872128,0.0052144653,0.056315556,0.066341914,none
A035230,R03,4279.77,low,dormant,0.71189016,0.001372619,0.019279303,0.26745796,none
A011059,R02,4831.08,low,none,0.87771505,0.02213338,0.004584141,0.09556743,none
A036836,R01,17815.84,high,none,0.8793538,0.03756542,0.022117807,0.060963012,none
A036622,R06,5942.03,high,none,0.93653035,0.027511997,0.0125834765,0.023374159,none
A021191,R05,5065.82,high,none,0.93431187,0.019422896,0.030707724,0.015557458,none
A015972,R05,5741.11,high,none,0.79560685,0.082145564,0.030798627,0.09144892,none
A021745,R00,15318.44,high,none,0.94388545,0.016014772,0.013769477,0.02633035,none
A002582,R02,373.28,low,none,0.8647381,0.04279023,0.033176254,0.059295427,none
A031780,R09,34223.21,high,none,0.96970266,0.007531255,0.005963253,0.016802754,none
A006448,R01,2854.76,low,none,0.9115596,0.01344898,0.003128498,0.07186293,none
A000430,R09,3661.75,low,none,0.67119575,0.0068141026,0.051897578,0.27009258,none
A003012,R04,13433.8,high,none,0.92391735,0.012181011,0.013825804,0.05007586,none
A013366,R08,5249.86,high,none,0.8050076,0.027292704,0.07321538,0.09448435,none
A010586,R03,1442.11,low,none,0.91582,0.04977169,0.019647265,0.014761053,none
A039553,R06,4825.28,low,none,0.21098913,0.00791719,0.022442507,0.7586512,dormant
A012753,R06,7243.16,high,none,0.80598646,0.04798436,0.048926476,0.09710273,none
A013483,R03,6758.51,high,large_withdrawal,0.86221033,0.021182807,0.02045734,0.09614953,none
A013765,R09,1809.61,low,none,0.9551657,0.011060515,0.005080542,0.028693205,none
A032192,R07,2178.61,low,none,0.9301248,0.00927181,0.03552085,0.025082553,none
A029967,R06,2291.91,low,none,0.92292047,0.016217744,0.002833345,0.05802838,none
A017782,R06,1013.72,low,none,0.8935003,0.045160275,0.04129979,0.020039607,none
A006829,R02,7444.71,high,none,0.73821473,0.051048517,0.11308259,0.097654134,none
A016646,R02,3657.0,low,none,0.9389348,0.0010867104,0.024234239,0.035744186,none
A021366,R00,3566.52,low,none,0.8382517,0.047209796,0.06728194,0.047256526,none
A033342,R01,18592.19,high,none,0.95026535,0.022712244,0.005394978,0.021627454,none
A021856,R06,3929.62,low,none,0.8726696,0.016291067,0.030821752,0.08021758,none
A038957,R03,7127.88,high,none,0.8041442,0.012346342,0.06579961,0.11770987,none
A018064,R00,4352.53,low,none,0.8939569,0.0007516232,0.079185255,0.026106212,none
A038599,R08,6440.74,high,none,0.7960946,0.016990859,0.0685458,0.11836877,none
A001499,R04,8634.42,high,none,0.92543733,0.023003591,0.025288958,0.026270192,none
A025215,R08,5592.59,high,none,0.9262161,0.001287064,0.046789166,0.025707586,none
A029893,R07,3191.45,low,none,0.8727337,0.01951295,0.079190634,0.028562777,none
A021060,R00,5596.72,high,none,0.9283658,0.054394286,0.0036866525,0.013553257,none
A038267,R06,1686.7,low,none,0.95588064,0.015316641,0.006224544,0.022578185,none
A004234,R03,4782.46,low,none,0.85430926,0.055796143,0.04379883,0.046095714,none
A010530,R06,6815.38,high,none,0.94412816,0.039484203,0.003179977,0.013207704,none
A002934,R05,13405.21,high,none,0.9237262,0.010115232,0.030478984,0.03567959,none
A015161,R05,1200.17,low,none,0.9245943,0.04988749,0.013018802,0.012499497,none
A012327,R07,16165.21,high,none,0.8907681,0.06567823,0.02102553,0.022528116,none
A000428,R06,2328.25,low,none,0.8460196,0.04472749,0.08233449,0.026918381,none
A023644,R09,8756.71,high,dormant,0.90841514,0.0008326793,0.018954469,0.071797684,none
A033096,R05,1034.73,low,none,0.857497,0.0133963,0.05709917,0.07200756,none
A010581,R04,16158.56,high,none,0.8651904,0.06310152,0.041519232,0.030188838,none
A037301,R03,5494.46,high,dd_stop,0.9288864,0.01442343,0.024931626,0.03175856,none
A019105,R07,514.38,low,none,0.80038315,0.011599264,0.0102474885,0.17777008,none
A023306,R06,1082.99,low,none,0.74941325,0.088771835,0.05964796,0.10216697,none
A038797,R07,8725.8,high,none,0.9281667,0.03294039,0.023108268,0.015784701,none
A014860,R08,7556.05,high,none,0.879619,0.07597547,0.031236365,0.013169136,none
A011294,R09,10842.45,high,none,0.9126301,0.027692238,0.027636273,0.03204139,none
A013932,R06,14377.76,high,none,0.84382844,0.064354606,0.06884107,0.022975914,none
A037828,R02,8015.86,high,none,0.9056524,0.031987414,0.004743625,0.057616595,none
A007727,R02,1401.34,low,none,0.9449465,0.0009868462,0.028177563,0.02588906,none
A020102,R04,3904.02,low,none,0.95216686,0.014077489,0.0077560996,0.025999563,none
A001497,R01,2361.26,low,none,0.9477701,0.007554214,0.018523969,0.026151711,none
A002472,R04,47572.99,high,none,0.86468977,0.009659885,0.010731558,0.11491874,none
A027352,R05,352.62,low,none,0.8713005,0.04280967,0.05463493,0.031254895,none
A011525,R02,25151.98,high,none,0.9708251,0.0089757955,0.0021239072,0.018075217,none
A000352,R07,4771.88,low,none,0.9215614,0.057558578,0.005322392,0.015557609,none
A012426,R09,3925.14,low,large_withdrawal,0.8271626,0.0940993,0.057579692,0.021158366,none
A000646,R06,6034.42,high,none,0.9055399,0.06377519,0.008348049,0.022336848,none
A020322,R08,1809.09,low,none,0.7749361,0.08560141,0.051592488,0.08787,none
A001924,R02,4716.17,low,none,0.9185935,0.039321143,0.013814876,0.028270416,none
A028870,R02,14190.99,high,none,0.9630423,0.012583087,0.0030417952,0.021332849,none
A000480,R01,940.99,low,none,0.9599379,0.018600453,0.0027063058,0.018755354,none
A026862,R00,3943.16,low,none,0.8482782,0.02014332,0.09989092,0.03168751,none
A032039,R09,1642.08,low,none,0.94403744,0.030025924,0.00485656,0.021080056,none
A031488,R02,2621.54,low,none,0.94228303,0.00832595,0.025187394,0.024203591,none
A035341,R08,4026.77,low,none,0.8037239,0.046675004,0.06281138,0.08678982,none
A005429,R06,12034.05,high,none,0.8999114,0.036850702,0.025468118,0.03776977,none
A031077,R03,29770.79,high,none,0.86936235,0.06669192,0.032333963,0.031611774,none
A013692,R05,2229.83,low,none,0.81260884,0.032011475,0.069027215,0.08635247,none
A036407,R00,1671.17,low,none,0.9057579,0.008635478,0.0058903806,0.07971623,none
A021709,R05,7949.93,high,none,0.8629556,0.02409659,0.03840492,0.07454292,none
A031862,R00,9455.74,high,none,0.70023066,0.02300192,0.040563185,0.2362042,none
A028454,R05,600.98,low,none,0.9335157,0.016875237,0.026377913,0.023231095,none
A012749,R07,6728.22,high,none,0.8742932,0.042308558,0.06505773,0.018340526,none
A022809,R09,108779.94,high,none,0.9019581,0.02025724,0.050867915,0.026916722,none
A039155,R03,8765.2,high,none,0.86849666,0.0093573565,0.030029988,0.09211596,none
A005587,R04,2633.62,low,none,0.95343804,0.020854717,0.0038384637,0.02186879,none
A032358,R03,32125.59,high,none,0.9431556,0.02731224,0.007045904,0.022486204,none
A005382,R02,6896.12,high,none,0.84603775,0.032194823,0.0061140205,0.115653425,none
A027205,R05,7766.89,high,none,0.85910684,0.072059534,0.03935162,0.02948199,none
A016252,R05,1874.28,low,none,0.94043547,0.0013085023,0.022161873,0.036094222,none
A039537,R00,2855.75,low,none,0.8817742,0.039745584,0.006675108,0.0718051,none
A006301,R05,1393.55,low,none,0.92669255,0.025553703,0.027726652,0.020027082,none
A010116,R02,1652.18,low,none,0.8743156,0.018202418,0.013342576,0.09413939,none
A038106,R07,2217.89,low,none,0.86346656,0.04215449,0.050204717,0.044174206,none
A037434,R00,4048.58,low,none,0.8479698,0.01443376,0.030869156,0.10672731,none
A005678,R06,5150.83,high,dd_stop,0.5273042,0.0134121245,0.034258973,0.42502475,none
A011229,R04,9244.67,high,none,0.9085604,0.036567695,0.02232229,0.032549657,none
A039953,R02,555.7,low,none,0.85330737,0.01464344,0.022846907,0.10920224,none
A038618,R06,11140.94,high,none,0.8910222,0.036892027,0.003805318,0.068280436,none
A027631,R04,2812.4,low,none,0.8097482,0.014079876,0.07318638,0.10298557,none
A033855,R07,2330.76,low,none,0.9314166,0.01585705,0.031799536,0.020926826,none
A002758,R00,3908.16,low,none,0.89767706,0.06616224,0.0068582622,0.029302431,none
A009195,R06,2155.31,low,dormant,0.8613981,0.011026141,0.012532466,0.11504327,none
A035433,R01,11743.54,high,dormant,0.90025455,0.01888484,0.0069461595,0.073914416,none
A034265,R07,119729.85,high,none,0.8456811,0.07374028,0.058115408,0.022463262,none
A024055,R08,4237.97,low,none,0.65333986,0.030511627,0.014715345,0.3014332,none
A013074,R05,2719.11,low,none,0.8957341,0.0105414605,0.024110258,0.06961414,none
A023435,R02,4103.2,low,none,0.946186,0.0008981264,0.025595276,0.027320582,none
A039204,R03,23256.75,high,none,0.90398085,0.0402869,0.016629884,0.039102383,none
A008398,R07,5300.76,high,none,0.8474121,0.005452952,0.03445588,0.11267907,none
A016589,R09,13595.96,high,none,0.940512,0.022130158,0.013952185,0.023405625,none
A021661,R08,12073.22,high,none,0.8257499,0.0050449884,0.053499434,0.115705706,none
A020822,R02,10835.6,high,none,0.88600963,0.05351804,0.038742244,0.021730077,none
A039482,R03,2288.89,low,none,0.9525534,0.0009763377,0.013115726,0.033354595,none
A022536,R04,2420.77,low,none,0.8907946,0.015971242,0.006844571,0.086389646,none
A018776,R04,1066.37,low,none,0.9478744,0.020853868,0.0046012225,0.026670527,none
A023524,R08,3923.89,low,none,0.8710672,0.019336347,0.011241957,0.09835454,none
A007814,R04,6484.68,high,none,0.83885884,0.03745875,0.046430778,0.07725155,none
A011115,R05,2465.39,low,none,0.89423704,0.025269786,0.060132843,0.020360315,none
A022199,R08,12044.91,high,none,0.84189093,0.049786415,0.011022746,0.09729989,none
A020151,R04,3479.15,low,none,0.8663415,0.020788953,0.025744973,0.087124564,none
A030563,R09,2498.76,low,large_withdrawal,0.8992458,0.03504026,0.034091756,0.031622164,none
A037217,R07,714.63,low,none,0.9349901,0.009867216,0.028180482,0.02696214,none
A031562,R05,9213.79,high,none,0.80170935,0.013599715,0.020361496,0.16432947,none
A017979,R02,12044.3,high,none,0.8878376,0.0768328,0.0095712,0.025758442,none
A030617,R02,2729.4,low,none,0.92782634,0.030470742,0.004870588,0.036832277,none
A038153,R05,4701.85,low,none,0.9403897,0.026190976,0.015095654,0.018323638,none
A001294,R06,975.56,low,none,0.929954,0.026498554,0.022871172,0.02067625,none
A024882,R05,2820.7,low,none,0.6610117,0.023744762,0.026713712,0.2885298,none
A027366,R03,1740.93,low,none,0.92017156,0.012163716,0.035649,0.032015745,none
A013599,R03,745.68,low,none,0.7296687,0.07812795,0.049399577,0.14280383,none
A030766,R02,18953.39,high,none,0.9357224,0.019968208,0.015538461,0.02877099,none
A032030,R09,2660.5,low,none,0.9161849,0.012317637,0.016925203,0.054572232,none
A008715,R06,3465.94,low,none,0.9607502,0.0034633148,0.008339087,0.027447391,none
A024652,R08,8141.57,high,none,0.91473585,0.059950322,0.010704906,0.014608907,none
A020482,R08,6113.58,high,dormant,0.836292,0.005751156,0.057663057,0.10029378,none
A005797,R04,11265.3,high,none,0.89795023,0.022520449,0.0050995746,0.07442969,none
A002194,R06,7955.0,high,none,0.69939667,0.014393396,0.023350587,0.2628593,none
A010593,R04,1467.62,low,none,0.7371881,0.06275452,0.020908099,0.17914928,none
A020684,R02,2895.5,low,none,0.8636642,0.057611503,0.043040786,0.035683528,none
A036423,R09,1248.16,low,none,0.9286712,0.015853023,0.03403786,0.021437882,none
A025607,R05,8868.04,high,none,0.92260057,0.022926118,0.033417817,0.021055521,none
A011504,R01,1121.14,low,dd_stop,0.88541514,0.0072809756,0.08287897,0.024424903,none
A002353,R05,6417.92,high,none,0.9524419,0.021684505,0.007234844,0.018638745,none
A020841,R00,56560.43,high,none,0.88235176,0.011490357,0.05932308,0.046834875,none
A010798,R01,9508.08,high,none,0.8640085,0.035829797,0.072601065,0.027560707,none
A023041,R06,1427.4,low,none,0.8649242,0.031720493,0.072862916,0.03049243,none
A026973,R09,1383.57,low,none,0.9407231,0.0148766525,0.02279784,0.021602312,none
A031796,R05,2133.42,low,none,0.8320677,0.015632158,0.058520205,0.09377996,none
A036780,R08,1084.47,low,none,0.88175535,0.029216772,0.06171586,0.027312016,none
A024841,R01,1148.25,low,none,0.9062582,0.009350714,0.051985458,0.032405563,none
A014714,R03,3184.34,low,none,0.9128403,0.03527558,0.013019465,0.038864627,none
A032677,R09,5226.93,high,none,0.9024716,0.019083753,0.052424762,0.026019929,none
A010603,R02,5725.6,high,none,0.8723428,0.0075760926,0.0057837847,0.114297286,none
A025604,R02,4270.45,low,none,0.95182633,0.013916672,0.0025824546,0.03167452,none
A020356,R08,2117.48,low,none,0.9571593,0.022590773,0.0032397404,0.017010208,none
A016355,R01,9531.59,high,none,0.86308366,0.029844452,0.084862635,0.02220923,none
A015337,R04,7121.81,high,none,0.95580965,0.01585674,0.0037050797,0.024628496,none
A018065,R01,626.56,low,none,0.92511296,0.048062064,0.015296848,0.011528098,none
A019276,R07,4889.75,low,none,0.85922426,0.05315791,0.0041222763,0.08349555,none
A014940,R00,2942.92,low,none,0.8661693,0.073582985,0.043023072,0.017224608,none
A015457,R00,5506.5,high,none,0.84409535,0.068582885,0.066479966,0.020841755,none
A011867,R09,14898.23,high,none,0.9502751,0.017688112,0.0062703416,0.025766397,none
A030327,R05,1741.99,low,none,0.88548356,0.0087221265,0.027862458,0.07793191,none
A019553,R00,1503.44,low,none,0.91570354,0.06340936,0.0028670202,0.018020118,none
A018148,R03,1392.98,low,dormant,0.9228551,0.06348795,0.0039447686,0.009712231,none
A034933,R09,1199.49,low,none,0.9194756,0.0063877017,0.009284869,0.064851835,none
A007167,R08,779.46,low,none,0.9038556,0.013317435,0.022998985,0.059827972,none
A022450,R03,15210.31,high,none,0.92771685,0.025961354,0.017317435,0.029004358,none
A039361,R00,43210.18,high,none,0.89836836,0.036699165,0.026786225,0.038146295,none
A012189,R04,5613.0,high,none,0.74048847,0.11062013,0.05002534,0.09886603,none
A011778,R00,8105.79,high,none,0.85606587,0.061386924,0.05667834,0.02586894,none
A035611,R04,893.19,low,none,0.898114,0.04476015,0.03054837,0.02657742,none
A025680,R07,4604.68,low,none,0.9586925,0.01082279,0.0065215235,0.023963232,none
A030044,R00,8700.88,high,none,0.9454242,0.015673673,0.01747973,0.02142237,none
A010795,R08,1727.95,low,none,0.9046971,0.012342121,0.04556748,0.03739327,none
A017356,R04,3307.4,low,dormant,0.65597755,0.025589226,0.015812172,0.3026211,none
A036070,R01,384.35,low,none,0.7265099,0.018844,0.022507451,0.23213857,none
A000222,R03,3591.92,low,none,0.92539066,0.033330284,0.015739894,0.025539216,none
A001740,R03,14288.99,high,none,0.959481,0.0142168235,0.010589724,0.01571243,none
A031907,R07,483.52,low,dd_stop,0.9156126,0.017415892,0.03645603,0.03051553,none
A001918,R03,7644.18,high,none,0.9049641,0.06657193,0.0063972175,0.02206674,none
A036314,R04,928.7,low,none,0.86762017,0.04597909,0.040132258,0.04626855,none
A011149,R03,10389.34,high,none,0.9741411,0.008623846,0.0030667095,0.014168344,none
A023376,R05,1113.02,low,none,0.80144083,0.0010692227,0.09309068,0.104399316,none
A028623,R06,5473.27,high,none,0.8450023,0.031445246,0.033994026,0.08955846,none
A012887,R00,1164.09,low,none,0.96070963,0.016162235,0.005712975,0.0174152,none
A017497,R08,2649.73,low,none,0.9066373,0.0009837719,0.014353501,0.07802542,none
A034750,R00,3125.39,low,none,0.9207272,0.05923225,0.0057256655,0.014314928,none
A032679,R05,2617.29,low,none,0.94829947,0.010769796,0.011937352,0.028993329,none
A014585,R01,6274.89,high,none,0.77694434,0.0946873,0.0071698087,0.1211986,none
A036560,R08,17143.79,high,dormant,0.8232937,0.07256152,0.08204354,0.022101276,none
A019395,R02,9920.7,high,none,0.9461048,0.023567114,0.0132619655,0.017066166,none
A036361,R00,10183.84,high,none,0.92085177,0.00067014055,0.01928076,0.059197288,none
A037880,R01,7318.09,high,none,0.7699189,0.11578037,0.08975146,0.024549263,none
A017620,R09,22497.39,high,none,0.90720713,0.05542578,0.014718685,0.022648362,none
A037844,R06,5749.09,high,none,0.962301,0.00090046,0.014959647,0.0218389,none
A025296,R09,4399.89,low,none,0.83516836,0.05554545,0.07821977,0.03106645,none
A020981,R06,4433.54,low,large_withdrawal,0.8733823,0.043148983,0.05552164,0.027947072,none
A011082,R06,3034.54,low,none,0.7742678,0.08824877,0.032477647,0.10500574,none
A028243,R04,1921.32,low,none,0.8836864,0.0075799953,0.012530171,0.09620338,none
A022218,R06,37027.33,high,none,0.8676316,0.025929622,0.023507543,0.08293124,none
A018537,R02,13699.59,high,none,0.8788729,0.05512446,0.038994655,0.027007947,none
A030698,R05,3468.67,low,none,0.56804454,0.0010914648,0.032430377,0.3984336,none
A034954,R05,2164.25,low,none,0.8758659,0.0606979,0.043319095,0.02011718,none
A012111,R01,2446.44,low,none,0.8716036,0.03741223,0.016669733,0.07431441,none
A018419,R01,1242.8,low,none,0.96716946,0.0055406205,0.003260048,0.024029896,none
A007429,R02,3461.77,low,none,0.89477986,0.046624012,0.034817643,0.023778426,none
A026961,R02,5391.21,high,none,0.84545875,0.055293776,0.07892407,0.02032336,none
A030396,R01,861.61,low,none,0.9440998,0.03262531,0.006513757,0.016761089,none
A023520,R09,2035.55,low,none,0.91347927,0.03151843,0.022905864,0.03209648,none
A001777,R03,4499.46,low,none,0.9136948,0.052695863,0.016999332,0.01661008,none
A029585,R08,14841.85,high,none,0.95146346,0.029054021,0.005123597,0.014358957,none
A019450,R08,4434.43,low,none,0.92070633,0.02503303,0.026813367,0.027447278,none
A028146,R02,3807.54,low,none,0.9094955,0.00862946,0.0032041087,0.07867089,none
A013661,R00,25760.92,high,none,0.90198874,0.05463614,0.016266212,0.027108956,none
A033730,R04,2332.04,low,none,0.42175314,0.008046164,0.056075476,0.5141252,dormant
A007696,R02,4443.75,low,none,0.8248383,0.020283638,0.026017467,0.12886062,none
A019057,R00,2946.4,low,none,0.8095,0.12408405,0.046057556,0.020358426,none
A009929,R04,19975.91,high,none,0.95107394,0.010954375,0.014103508,0.023868155,none
A008180,R07,4359.47,low,none,0.8847716,0.039458744,0.050340544,0.025429167,none
A024001,R08,5235.43,high,dd_stop,0.82238024,0.06748033,0.055581883,0.054557603,none
A021272,R01,39065.03,high,none,0.919475,0.013379469,0.028833652,0.03831188,none
A038696,R01,42375.99,high,dormant,0.8857723,0.016265756,0.0041956115,0.093766354,none
A022098,R06,8136.61,high,none,0.88250804,0.015375545,0.004932742,0.09718366,none
A003355,R03,9358.72,high,none,0.92658657,0.025107048,0.027273914,0.021032494,none
A031197,R06,6973.26,high,none,0.92898095,0.0010590113,0.03632579,0.0336342,none
A008324,R01,101744.61,high,none,0.9635181,0.013577684,0.0056605795,0.017243719,none
A027926,R01,14271.38,high,none,0.89778775,0.012945897,0.020422049,0.06884434,none
A036684,R07,11778.64,high,none,0.9353058,0.010815346,0.0026220067,0.051256884,none
A010132,R08,17047.47,high,large_withdrawal,0.8554948,0.016143894,0.068330616,0.060030714,none
A013914,R00,1420.9,low,dd_stop,0.8498978,0.049393743,0.070232116,0.030476268,none
A032574,R00,6585.76,high,none,0.91531765,0.046339914,0.0091728065,0.02916967,none
A025148,R01,9443.93,high,none,0.7820843,0.093218654,0.09982482,0.024872258,none
A023582,R04,2694.39,low,dormant,0.8726274,0.006904281,0.006572912,0.11389545,none
A001877,R00,2027.62,low,none,0.9370552,0.022207852,0.008150428,0.032586534,none
A033650,R04,1788.46,low,none,0.8679717,0.008562215,0.034591023,0.08887506,none
A002401,R09,3293.62,low,none,0.832238,0.014619415,0.05581659,0.09732602,none
A028401,R02,912.28,low,none,0.9209267,0.017671363,0.025873024,0.03552891,none
A039911,R03,705.22,low,dd_stop,0.8826834,0.021492159,0.071046725,0.024777727,none
A004044,R02,10681.53,high,none,0.8992035,0.053091116,0.030557042,0.01714838,none
A004845,R09,3644.92,low,none,0.8769906,0.013587746,0.05978143,0.049640186,none
A032125,R01,6411.73,high,none,0.7803522,0.057164095,0.07092495,0.09155875,none
A032865,R08,2462.23,low,none,0.94233775,0.011624809,0.01662043,0.029416926,none
A006988,R08,15659.47,high,none,0.8777618,0.0960708,0.0087712165,0.01739622,none
A006056,R03,47021.39,high,none,0.9398161,0.003331872,0.010304889,0.046547092,none
A030017,R06,2036.98,low,none,0.88099897,0.0065177577,0.04478485,0.0676984,none
A018219,R06,9665.35,high,none,0.84326833,0.0619321,0.025177428,0.0696222,none
A002445,R01,1445.15,low,none,0.83140963,0.031430002,0.09525515,0.041905213,none
A025623,R00,2239.8,low,none,0.96873593,0.0053092777,0.00822655,0.017728286,none
A021459,R05,1989.31,low,none,0.9583847,0.026769917,0.0047696214,0.010075766,none
A011992,R09,7461.91,high,none,0.87979233,0.0037041395,0.022533122,0.09397038,none
A015824,R02,19591.66,high,none,0.9422602,0.032019235,0.007385566,0.018335028,none
A036012,R06,252.44,low,none,0.8999767,0.012612041,0.0027981193,0.084613204,none
A032719,R00,9430.53,high,none,0.8887832,0.008809512,0.006916215,0.09549102,none
A038280,R06,1861.15,low,none,0.75243795,0.06873007,0.07679131,0.1020407,none
A035172,R06,8774.16,high,none,0.8745655,0.013759239,0.01590071,0.09577454,none
A030463,R04,715.77,low,none,0.9607597,0.0014357612,0.0096988,0.028105767,none
A007943,R09,17545.97,high,none,0.9531857,0.01797324,0.005580723,0.02326037,none
A027847,R05,525.35,low,none,0.9433791,0.011349649,0.024078142,0.021193128,none
A006964,R02,2409.04,low,large_withdrawal,0.9291485,0.031540096,0.007623225,0.031688236,none
A008702,R02,1309.75,low,none,0.9056265,0.025658986,0.028937928,0.03977663,none
A034367,R02,14921.89,high,none,0.9237616,0.025836412,0.031364996,0.019036964,none
A027425,R07,11946.25,high,none,0.94364005,0.030430267,0.004738752,0.021190943,none
A011251,R07,850.72,low,none,0.8373611,0.04572996,0.021723388,0.095185615,none
A016360,R02,3387.27,low,none,0.7905387,0.07570588,0.09912289,0.034632552,none
A039252,R04,6534.06,high,none,0.8597268,0.005621764,0.015906217,0.118745215,none
A024545,R03,3457.49,low,none,0.7995559,0.023390003,0.05348046,0.123573646,none
A013612,R01,20176.94,high,none,0.9103943,0.020489225,0.038248397,0.03086813,none
A003574,R04,4053.07,low,none,0.9327794,0.032910664,0.013198353,0.021111565,none
A024526,R06,14109.99,high,none,0.89866275,0.04323515,0.035236225,0.022865875,none
A034537,R08,1867.79,low,none,0.96828175,0.0123010725,0.0048040734,0.014613111,none
A010640,R09,7523.01,high,none,0.83274454,0.058132,0.010440943,0.09868255,none
A031705,R06,3301.47,low,none,0.90573466,0.057835564,0.0131645175,0.023265293,none
A035353,R06,19334.32,high,dd_stop,0.9122309,0.027705815,0.029933512,0.03012977,none
A020234,R01,957.64,low,none,0.9278886,0.042870395,0.0056852424,0.023555815,none
A016881,R07,3414.44,low,none,0.95449924,0.017193811,0.008291647,0.020015283,none
A008475,R07,1214.82,low,none,0.87836736,0.018641734,0.06337183,0.039619014,none
A003913,R00,101486.22,high,none,0.8413326,0.07022946,0.056120772,0.03231714,none
A022657,R06,26651.17,high,none,0.9286097,0.017229019,0.037355572,0.016805723,none
A031985,R04,7120.23,high,none,0.8934925,0.027324915,0.003512894,0.07566969,none
A002370,R09,3929.16,low,none,0.8386596,0.022987798,0.009136118,0.12921648,none
A034804,R01,7261.83,high,none,0.9504359,0.014422979,0.017275542,0.017865596,none
A008556,R08,2094.58,low,none,0.88578594,0.061425067,0.029185873,0.023603179,none
A032408,R07,1792.28,low,large_withdrawal,0.78820616,0.10543037,0.069009505,0.03735399,none
A027482,R02,2912.31,low,none,0.54389316,0.047367528,0.075043306,0.33369598,none
A007806,R08,16195.83,high,none,0.84662616,0.024076067,0.099555306,0.029742524,none
A009503,R03,2318.13,low,none,0.9385121,0.020519814,0.015310308,0.025657805,none
A033851,R08,709.49,low,none,0.93562835,0.045609973,0.005174575,0.013587105,none
A018204,R03,3380.58,low,none,0.9442963,0.0077687027,0.01869936,0.029235607,none
A027278,R09,13347.55,high,dormant,0.67333853,0.02420396,0.026580902,0.27587664,none
A011165,R07,7203.68,high,none,0.96222985,0.015556809,0.0072478885,0.014965424,none
A026148,R04,21858.71,high,none,0.86885095,0.01866795,0.08396447,0.028516712,none
A018298,R04,1845.25,low,none,0.9673139,0.007916956,0.0032054211,0.021563731,none
A016134,R01,5956.22,high,none,0.84505635,0.025943633,0.022519173,0.10648085,none
A021930,R02,8723.24,high,none,0.94404125,0.03351436,0.0048544263,0.017589979,none
A006026,R05,1673.05,low,none,0.9163407,0.004323132,0.046108868,0.033227276,none
A005623,R02,3028.85,low,none,0.81347823,0.050534703,0.04931063,0.08667643,none
A010781,R01,2306.78,low,dormant,0.8067588,0.0316479,0.06377129,0.09782196,none
A006221,R08,1297.91,low,large_withdrawal,0.9380048,0.009220803,0.028886829,0.023887515,none
A006492,R01,888.88,low,none,0.93635666,0.036692016,0.007332591,0.019618731,none
A026717,R06,5245.23,high,none,0.8464897,0.053542703,0.0036448166,0.096322775,none
A031188,R03,24826.76,high,none,0.87506604,0.03353588,0.0066713365,0.08472671,none
A016648,R00,5025.37,high,none,0.80170697,0.08454502,0.07490807,0.038839974,none
A018840,R00,41850.33,high,none,0.8853715,0.043163244,0.054751743,0.016713496,none
A023369,R01,760.58,low,none,0.91448444,0.026754484,0.03218398,0.026577087,none
A036721,R09,3244.65,low,none,0.67657053,0.013343145,0.05109235,0.25899398,none
A037512,R08,4898.83,low,none,0.8819937,0.0077496218,0.005443063,0.10481359,none
A030101,R02,19312.48,high,none,0.93635416,0.031076878,0.0051226662,0.027446253,none
A039838,R04,4221.69,low,dormant,0.93267703,0.04249864,0.008717948,0.016106378,none
A004085,R07,2348.03,low,none,0.9000357,0.05154731,0.023122776,0.025294248,none
A022889,R07,2987.38,low,none,0.90252256,0.012508477,0.0077544707,0.07721443,none
A026266,R08,3042.59,low,none,0.93988913,0.0032393842,0.03075998,0.026111528,none
A019345,R03,39122.93,high,none,0.9430724,0.0077041015,0.017402926,0.031820603,none
A014730,R06,24807.97,high,none,0.934016,0.025265114,0.01808612,0.022632705,none
A024757,R08,753.72,low,none,0.8712294,0.059531927,0.050963707,0.018274948,none
A012858,R08,26793.11,high,none,0.9172574,0.042428296,0.02073213,0.019582152,none
A018807,R01,16782.85,high,dd_stop,0.94532615,0.002981033,0.027658539,0.02403423,none
A013184,R02,4395.9,low,none,0.9487143,0.017550202,0.0075136274,0.026221884,none
A033010,R03,6163.19,high,none,0.8459543,0.085399024,0.043258518,0.025388118,none
A022837,R09,3942.51,low,none,0.9430835,0.0063308924,0.014052747,0.03653288,none
A010970,R04,3880.34,low,none,0.86813366,0.03223246,0.06591541,0.03371845,none
A012842,R02,3153.19,low,dormant,0.5040487,0.00084884436,0.039817806,0.45528468,none
A003819,R05,6213.06,high,dormant,0.7901618,0.04545676,0.058580533,0.10580095,none
A009565,R00,7845.88,high,none,0.96791226,0.008126693,0.005270237,0.018690877,none
A037843,R00,1524.57,low,none,0.86683685,0.061613794,0.032690305,0.038859118,none
A025696,R05,3397.68,low,none,0.9204555,0.031659365,0.017495278,0.030389909,none
A004252,R02,13102.46,high,none,0.818026,0.0027333414,0.004268098,0.17497256,none
A014462,R04,17269.48,high,none,0.87281823,0.029567989,0.0155409435,0.08207288,none
A032773,R01,7266.46,high,none,0.86256903,0.054426726,0.0051930468,0.07781115,none
A004582,R01,11216.48,high,none,0.90256023,0.0014592173,0.05394053,0.04204005,none
A015742,R06,1976.81,low,dormant,0.71361774,0.008987132,0.0036837296,0.27371138,none
A000315,R04,45904.13,high,none,0.96566933,0.0073995255,0.002980594,0.02395061,none
A032891,R05,7259.26,high,none,0.9054093,0.022664381,0.0036270893,0.068299256,none
A024863,R06,2450.76,low,none,0.8763786,0.028597558,0.06477137,0.030252464,none
A021798,R02,14204.88,high,none,0.7731975,0.06613409,0.1394625,0.021205928,none
A032798,R02,4014.42,low,none,0.89824456,0.0011256731,0.061439544,0.039190207,none
A026112,R00,20769.81,high,none,0.88811916,0.04706056,0.029604875,0.03521543,none
A032150,R07,773.19,low,none,0.9364609,0.015259548,0.033007145,0.015272419,none
A028751,R05,10612.8,high,none,0.93968683,0.035771817,0.0056241127,0.0189172,none
A038846,R05,4325.12,low,none,0.92703325,0.0396492,0.008859891,0.02445767,none
A019763,R07,31197.22,high,none,0.8711536,0.0643466,0.02957618,0.03492365,none
A007207,R08,18878.33,high,none,0.85744166,0.0009980317,0.011313406,0.13024691,none
A005136,R00,15374.69,high,none,0.897166,0.018713048,0.031164372,0.052956525,none
A035654,R09,711.12,low,none,0.6255468,0.15924895,0.0613548,0.15384941,none
A007315,R04,2074.18,low,none,0.81467545,0.01959152,0.050953854,0.11477915,none
A032762,R02,5479.53,high,none,0.9398635,0.0009556989,0.025337012,0.03384376,none
A031148,R07,2107.88,low,none,0.9613787,0.015745204,0.0046856534,0.01819046,none
A001725,R04,6681.83,high,none,0.8790068,0.07122263,0.033305436,0.01646511,none
A008294,R03,3670.72,low,none,0.8667403,0.033722233,0.0082085505,0.09132891,none
A032009,R03,8688.21,high,none,0.87985474,0.054731414,0.041274432,0.024139393,none
A039139,R03,21980.33,high,none,0.9673987,0.008028116,0.005944981,0.018628199,none
A007654,R09,1123.71,low,none,0.9439412,0.0075010485,0.015507888,0.03304983,none
A002290,R01,14449.3,high,dd_stop,0.8774624,0.02231876,0.061396804,0.03882202,none
A013615,R01,9957.71,high,none,0.85597116,0.04971012,0.05871782,0.035600923,none
A006522,R02,2748.9,low,dd_stop,0.8377365,0.07700151,0.059063,0.026199058,none
A012025,R07,4327.65,low,none,0.84384644,0.053475287,0.08322286,0.019455425,none
A039262,R00,809.09,low,none,0.7712813,0.16290703,0.035191096,0.03062058,none
A021550,R01,5894.46,high,none,0.8413082,0.049067643,0.0886224,0.021001821,none
A020265,R01,16211.84,high,dd_stop,0.8287648,0.049313184,0.08747033,0.034451738,none
A036493,R07,1327.49,low,none,0.9183771,0.0034653717,0.010258401,0.06789916,none
A023261,R01,4105.64,low,none,0.92605716,0.023296548,0.018633144,0.032013133,none
A021290,R09,12423.87,high,none,0.85050255,0.032407958,0.03130518,0.085784286,none
A006539,R03,4708.56,low,none,0.85382277,0.060974218,0.04991009,0.03529291,none
A004868,R04,12757.74,high,none,0.8983179,0.018319802,0.0067036618,0.07665872,none
A013988,R07,3329.77,low,none,0.9074528,0.015598162,0.045449812,0.03149928,none
A032948,R05,15222.88,high,none,0.927642,0.043101072,0.012511796,0.016745156,none
A003152,R03,17885.0,high,none,0.9644273,0.017166283,0.003100899,0.015305532,none
A033249,R01,1515.68,low,none,0.90765977,0.039323,0.027376596,0.025640618,none
A013467,R03,6685.76,high,none,0.926508,0.054634564,0.0068194135,0.012038019,none
A025736,R09,979.81,low,none,0.9484754,0.012350035,0.013861041,0.025313465,none
A028838,R07,1801.19,low,none,0.9498238,0.018255543,0.009941179,0.02197947,none
A001766,R03,5297.59,high,none,0.8911144,0.03509056,0.050386284,0.023408707,none
A020481,R05,7300.05,high,dormant,0.9080122,0.023062808,0.04125445,0.027670585,none
A000722,R07,6713.84,high,none,0.9296787,0.0031056106,0.036950257,0.030265447,none
A007485,R05,4609.74,low,none,0.8706003,0.012932372,0.027536923,0.08893048,none
A034017,R08,1928.94,low,none,0.8655248,0.062797986,0.03943762,0.032239553,none
A030468,R08,18002.22,high,none,0.9407775,0.019647514,0.016470427,0.023104563,none
A019328,R01,3062.4,low,none,0.7725537,0.021331621,0.088493355,0.11762132,none
A013797,R00,1907.66,low,none,0.8876735,0.043937434,0.038199857,0.030189209,none
A038677,R09,7317.29,high,none,0.9160156,0.026437644,0.035297994,0.0222488,none
A039784,R09,16373.85,high,none,0.8626056,0.032258276,0.015856577,0.089279585,none
A001023,R09,6263.16,high,none,0.9356631,0.022269852,0.020359132,0.021707948,none
A010945,R03,5082.15,high,none,0.9562423,0.010130071,0.002101429,0.031526126,none
A031172,R09,5889.35,high,none,0.8858039,0.05557919,0.03653335,0.022083566,none
A030532,R07,11880.35,high,none,0.83196884,0.03064472,0.06425123,0.07313519,none
A018937,R06,3397.39,low,none,0.9573298,0.020325227,0.0044554076,0.017889556,none
A010912,R04,3884.54,low,none,0.80927795,0.03240544,0.004962624,0.15335391,none
A020499,R09,3764.8,low,none,0.8264145,0.033117887,0.11154987,0.028917694,none
A032758,R00,577.25,low,none,0.8779627,0.052227557,0.037238944,0.03257075,none
A007601,R02,17126.33,high,none,0.69843066,0.014999674,0.003768735,0.2828009,none
A004723,R03,8754.39,high,none,0.8025294,0.096205,0.073520415,0.02774519,none
A004637,R00,7526.3,high,none,0.91341543,0.042527556,0.017048059,0.027008954,none
A007211,R03,6940.48,high,none,0.90385395,0.036490913,0.034009233,0.025645902,none
A036574,R07,1788.64,low,dormant,0.9612058,0.011112358,0.008500216,0.019181645,none
A013332,R00,15710.55,high,none,0.8379661,0.08268542,0.051373307,0.02797519,none
A028949,R08,2616.53,low,none,0.76260835,0.013859735,0.045117147,0.1784148,none
A006626,R02,24495.83,high,none,0.91832143,0.03569947,0.0125637315,0.033415437,none
A014490,R01,4702.44,low,none,0.913997,0.019497626,0.03999333,0.026512014,none
A001050,R07,2205.85,low,none,0.8081551,0.019032963,0.07344997,0.09936198,none
A024309,R06,14526.27,high,none,0.91424435,0.022454109,0.0333644,0.029937176,none
A011924,R06,6496.29,high,none,0.94308615,0.015919443,0.00842061,0.03257377,none
A012497,R02,3109.1,low,none,0.8094984,0.0247726,0.015346586,0.15038235,none
A007388,R02,3507.95,low,none,0.951672,0.004017047,0.0071995393,0.03711145,none
A001025,R05,1435.84,low,none,0.86221457,0.0036408983,0.026222931,0.107921645,none
A021086,R06,18497.08,high,none,0.9286086,0.042276356,0.0130998455,0.016015166,none
A017136,R02,1312.18,low,none,0.88611895,0.003641667,0.038509417,0.071729995,none
A024582,R07,4868.48,low,none,0.8969379,0.012360036,0.007099951,0.08360217,none
A033357,R08,2885.6,low,none,0.96892154,0.0016912002,0.0094933845,0.019893829,none
A037086,R04,83264.78,high,none,0.9500585,0.013642484,0.004247895,0.03205116,none
A026051,R07,2157.93,low,none,0.9505652,0.008069578,0.020696392,0.020668767,none
A023265,R02,9745.84,high,none,0.88622284,0.05823257,0.03404749,0.02149711,none
A001761,R07,6638.36,high,none,0.9595148,0.0008410566,0.015154309,0.024489837,none
A003712,R07,3448.01,low,none,0.7758465,0.10650881,0.09353895,0.024105802,none
A022188,R07,5817.56,high,none,0.9271723,0.02352539,0.029662969,0.019639391,none
A035041,R04,3125.31,low,none,0.9607388,0.009802063,0.0056597753,0.023799412,none
A002280,R04,1180.57,low,none,0.9295072,0.026266014,0.02593666,0.018290196,none
A017464,R09,5293.34,high,none,0.9475577,0.0142112505,0.015111417,0.023119574,none
A026184,R05,1827.0,low,none,0.6982824,0.012730094,0.031545423,0.25744206,none
A005270,R03,4426.59,low,none,0.8973013,0.0682241,0.020824753,0.013649883,none
A023309,R09,2345.82,low,none,0.9462817,0.0023875462,0.03225917,0.019071667,none
A020171,R08,3072.8,low,none,0.95609325,0.009029958,0.0041203904,0.030756423,none
A033171,R08,7683.32,high,none,0.6506737,0.019234143,0.01406884,0.31602332,none
A034944,R09,51479.22,high,none,0.85121214,0.04682973,0.080898836,0.021059275,none
A020397,R02,10046.74,high,none,0.8874856,0.026964221,0.016087262,0.06946296,none
A039298,R09,1271.62,low,none,0.9323314,0.020672316,0.028262995,0.01873327,none
A000272,R02,1822.86,low,none,0.83109695,0.08688545,0.058144975,0.023872659,none
A012496,R09,5721.77,high,dormant,0.6712127,0.022687912,0.025623165,0.28047627,none
A033953,R07,6808.64,high,none,0.91121113,0.028741628,0.036860358,0.023186827,none
A011377,R01,2395.35,low,none,0.9227319,0.028338252,0.020727316,0.028202565,none
A009851,R04,11666.34,high,none,0.94636565,0.02215816,0.004763935,0.026712231,none
A011266,R01,1645.0,low,none,0.8614844,0.023892883,0.030143496,0.08447919,none
A002637,R04,3319.88,low,none,0.94229007,0.0138614895,0.023397086,0.020451372,none
A001183,R09,4389.56,low,none,0.93293345,0.046586175,0.008405104,0.01207534,none
A008311,R04,1100.68,low,none,0.865895,0.02134739,0.07832937,0.03442829,none
A033565,R08,3488.19,low,none,0.7955499,0.08755008,0.10057437,0.016325561,none
A027014,R03,12281.01,high,none,0.8713174,0.037575345,0.06280254,0.028304722,none
A006850,R02,7816.55,high,none,0.8803832,0.025757186,0.06906043,0.02479922,none
A024715,R06,2423.35,low,none,0.78977954,0.04660636,0.066874765,0.09673935,none
A019072,R01,1711.4,low,none,0.8587719,0.04267044,0.06552289,0.03303477,none
A001769,R09,1860.93,low,none,0.9379423,0.02792488,0.014420345,0.019712446,none
A020114,R02,2739.02,low,none,0.8793478,0.005408411,0.04145626,0.07378749,none
A039343,R07,6626.89,high,none,0.81207395,0.022639472,0.08421397,0.08107259,none
A029055,R03,3170.48,low,none,0.82798654,0.07194354,0.081995524,0.018074455,none
A025757,R08,2170.87,low,none,0.84751505,0.054151658,0.063039355,0.035293918,none
A004864,R07,3892.92,low,none,0.9073726,0.007490219,0.0057015303,0.0794357,none
A017267,R00,1044.68,low,none,0.83351487,0.0014091288,0.10507553,0.060000464,none
A018249,R06,15575.53,high,none,0.9219539,0.029709885,0.0136460895,0.03469009,none
A035906,R01,1644.82,low,none,0.8605518,0.034972444,0.069382966,0.035092793,none
A036366,R02,6107.97,high,none,0.9150189,0.016613636,0.032432303,0.035935115,none
A037782,R08,7854.67,high,none,0.8611661,0.03286323,0.029903278,0.07606734,none
A014414,R06,7222.28,high,none,0.92733145,0.041788597,0.0050420924,0.025837801,none
A027610,R09,12942.37,high,none,0.8884112,0.041857913,0.011462529,0.058268387,none
A012137,R03,14738.9,high,none,0.95724785,0.015184685,0.0077734385,0.019794026,none
A035554,R08,870.97,low,none,0.9317729,0.030985393,0.012909727,0.024331998,none
A027088,R08,3047.99,low,none,0.9466094,0.01853532,0.013028186,0.021827152,none
A035129,R01,7852.51,high,none,0.9200625,0.049785655,0.014272388,0.015879508,none
A018633,R07,1075.27,low,none,0.7733477,0.046798468,0.086646006,0.0932079,none
A022684,R09,16226.06,high,none,0.94589794,0.025360296,0.0067545366,0.021987207,none
A028822,R07,24163.54,high,none,0.90172637,0.011353105,0.03618742,0.050733116,none
A008512,R04,1321.59,low,none,0.88908494,0.049905412,0.036971953,0.024037652,none
A015102,R04,2481.61,low,none,0.9724382,0.0012026512,0.0061357142,0.020223465,none
A011665,R01,3763.83,low,none,0.84313065,0.028583167,0.01594968,0.11233653,none
A028100,R01,5437.48,high,none,0.8886109,0.001174608,0.081181936,0.02903254,none
A006872,R06,6825.49,high,none,0.88741803,0.009605338,0.019007577,0.08396904,none
A022542,R05,36847.29,high,none,0.9595599,0.016371896,0.003969202,0.02009905,none
A032049,R05,890.32,low,none,0.89322907,0.017398586,0.0612221,0.028150275,none
A030934,R07,10921.54,high,none,0.8054984,0.010488501,0.07292627,0.11108684,none
A015269,R02,1021.01,low,none,0.8843095,0.006087242,0.013114405,0.09648893,none
A036311,R03,2518.31,low,none,0.8765284,0.017431436,0.04937606,0.05666408,none
A011718,R06,2680.12,low,none,0.86344486,0.06586898,0.01799039,0.052695747,none
A028459,R03,7441.0,high,none,0.75543666,0.06949944,0.053213816,0.121850066,none
A012472,R08,6054.22,high,none,0.8635504,0.07244242,0.039610103,0.024397044,none
A021774,R00,10848.28,high,none,0.7430294,0.11127928,0.10513894,0.04055241,none
A006925,R01,20529.03,high,none,0.8441556,0.044716023,0.009940111,0.10118828,none
A034960,R09,2019.82,low,none,0.85094756,0.0036153544,0.01421539,0.13122167,none
A024090,R04,14497.89,high,none,0.9173212,0.020970494,0.013635906,0.04807234,none
A008438,R06,6142.53,high,none,0.95876765,0.011789647,0.0045970725,0.024845688,none
A026120,R06,1634.72,low,none,0.87757,0.027357282,0.061331436,0.03374131,none
A005838,R06,7622.2,high,none,0.89905775,0.023091385,0.05635651,0.02149438,none
A004022,R03,7344.72,high,none,0.8746239,0.042529974,0.0057303463,0.07711572,none
A029619,R08,3062.57,low,none,0.74588424,0.050391775,0.07076277,0.13296118,none
A028345,R09,758.55,low,none,0.92471874,0.030621747,0.016450796,0.028208768,none
A009058,R06,6790.92,high,none,0.86150867,0.05096639,0.024190733,0.06333423,none
A002915,R09,3491.19,low,none,0.8228918,0.0041366727,0.058625635,0.1143459,none
A001738,R08,4132.07,low,none,0.9025065,0.03887221,0.036342595,0.022278775,none
A029183,R04,318.78,low,none,0.90159535,0.007893051,0.056736786,0.033774786,none
A006905,R01,5815.36,high,none,0.9421407,0.019139325,0.014350429,0.02436954,none
A022712,R08,3677.84,low,dormant,0.88923293,0.010109092,0.027734663,0.072923325,none
A005488,R05,1677.62,low,none,0.94010264,0.0007863391,0.020217014,0.038894087,none
A031297,R00,10081.57,high,none,0.9399271,0.018678037,0.020621074,0.020773746,none
A020435,R08,8563.85,high,none,0.96125156,0.018879112,0.0031816282,0.016687632,none
A008639,R03,4907.72,low,none,0.9635,0.013104124,0.00457645,0.018819401,none
A020041,R09,29184.92,high,large_withdrawal,0.88949597,0.01900122,0.021342706,0.07016011,none
A031973,R06,1421.5,low,none,0.89552534,0.05400065,0.027930008,0.022544032,none
A029792,R01,88013.62,high,none,0.9136954,0.03994543,0.019679895,0.026679283,none
A029113,R09,10015.06,high,none,0.9192033,0.05487234,0.010847287,0.015077031,none
A027071,R01,8227.35,high,none,0.9168173,0.042544056,0.020288482,0.020350138,none
A039486,R06,11772.66,high,none,0.97105545,0.00088994694,0.0061031,0.02195147,none
A032143,R03,23286.81,high,none,0.9256584,0.01420659,0.036102753,0.024032274,none
A001265,R02,46801.5,high,none,0.93206394,0.017646637,0.004590847,0.045698594,none
A007235,R04,12404.88,high,none,0.82511926,0.057126984,0.0869121,0.030841688,none
A015594,R03,5661.93,high,none,0.86147505,0.038244095,0.028871221,0.071409605,none
A019528,R09,379.22,low,large_withdrawal,0.90591174,0.037538473,0.026916089,0.029633688,none
A007710,R02,5299.02,high,none,0.93717664,0.020547064,0.015805539,0.026470747,none
A014786,R09,4046.73,low,none,0.80632836,0.050375182,0.040334493,0.102961935,none
A039865,R07,2414.44,low,none,0.9556697,0.017826,0.0034637982,0.02304045,none
A025220,R06,12704.96,high,none,0.93805873,0.014608151,0.01560859,0.03172448,none
A023219,R01,18283.95,high,none,0.8853192,0.0022824819,0.01754747,0.094850935,none
A009535,R07,1571.08,low,none,0.9249098,0.027706057,0.027052568,0.020331586,none
A004627,R06,3258.18,low,dormant,0.9359407,0.0053309193,0.034553494,0.024174942,none
A023169,R09,12801.37,high,none,0.9066109,0.004999898,0.06266198,0.025727207,none
A013037,R04,4667.77,low,none,0.94351673,0.033398446,0.0055428147,0.01754205,none
A012234,R00,4040.23,low,none,0.87456846,0.081090346,0.01673565,0.02760557,none
A022935,R07,7814.94,high,none,0.8867265,0.03575127,0.009572732,0.06794948,none
A028274,R06,29240.87,high,none,0.95218736,0.006634169,0.0060900683,0.03508836,none
A039513,R07,6268.3,high,none,0.835634,0.06159098,0.08370339,0.01907164,none
A004712,R02,6679.37,high,large_withdrawal,0.8543378,0.034396548,0.007657793,0.1036078,none
A024739,R08,3440.08,low,large_withdrawal,0.9459271,0.030022254,0.0054494045,0.018601285,none
A011219,R08,1960.05,low,none,0.92889166,0.011103651,0.02815017,0.031854507,none
A032336,R09,49873.11,high,none,0.9401794,0.0108647775,0.011654638,0.03730117,none
A024132,R08,9663.45,high,large_withdrawal,0.8756878,0.004235135,0.004768002,0.11530914,none
A024537,R07,1891.36,low,none,0.88754225,0.025020381,0.06983557,0.017601812,none
A015841,R04,5151.13,high,none,0.8428743,0.051766146,0.015205479,0.09015404,none
A032038,R05,3571.24,low,none,0.9249155,0.0006646321,0.05349568,0.020924166,none
A028195,R01,913.57,low,none,0.9055558,0.06968914,0.015627228,0.009127878,none
A001357,R04,15387.1,high,none,0.60292816,0.00929986,0.0116919745,0.37608,none
A030178,R08,44748.76,high,none,0.92652416,0.009027527,0.0025350542,0.06191324,none
A014482,R06,929.2,low,none,0.9633074,0.0052347495,0.007674415,0.023783388,none
A010386,R05,2950.82,low,none,0.9020126,0.055921055,0.016728127,0.025338227,none
A014474,R02,2522.48,low,none,0.919656,0.006459539,0.028075827,0.04580867,none
A026295,R08,6626.68,high,none,0.9459583,0.031740796,0.002969592,0.019331332,none
A002773,R08,5205.98,high,none,0.9469295,0.0010510025,0.019998224,0.032021277,none
A019298,R08,3668.01,low,none,0.85696137,0.000716049,0.021522997,0.12079956,none
A002118,R06,1950.45,low,none,0.9421025,0.018633774,0.014106007,0.025157724,none
A017777,R01,8018.09,high,none,0.7851818,0.064617254,0.074062146,0.076138765,none
A020687,R06,2162.57,low,none,0.86148894,0.04201161,0.004855495,0.09164397,none
A008635,R06,1362.96,low,none,0.91438407,0.032857988,0.024376621,0.028381316,none
A014958,R02,4109.08,low,none,0.80197525,0.03496891,0.0490315,0.114024356,none
A034551,R05,2050.68,low,none,0.9034274,0.03205469,0.033341117,0.03117682,none
A025953,R06,34804.18,high,none,0.7931653,0.013385827,0.0042405226,0.18920825,none
A032473,R09,14167.98,high,none,0.9082625,0.043233924,0.016616587,0.03188698,none
A000748,R00,9412.83,high,dd_stop,0.86076087,0.077671506,0.022057237,0.039510373,none
A014426,R05,4448.97,low,none,0.94209194,0.016011804,0.017974332,0.023921954,none
A039099,R05,1492.7,low,none,0.9431244,0.016693063,0.016309222,0.02387327,none
A009021,R03,2968.29,low,none,0.8780672,0.0023204505,0.018781165,0.10083119,none
A006438,R08,7214.62,high,none,0.86770207,0.044785716,0.06183314,0.025679028,none
A002530,R05,502.6,low,none,0.93183106,0.017407592,0.023019794,0.027741546,none
A019357,R06,1866.79,low,none,0.8940029,0.022186909,0.037666325,0.04614386,none
A024510,R04,1709.06,low,none,0.96743,0.008373498,0.00554192,0.01865453,none
A027660,R06,1310.79,low,none,0.83557415,0.02175882,0.029312396,0.11335463,none
A036315,R04,16341.07,high,none,0.9431568,0.018580396,0.016649794,0.02161303,none
A004636,R01,8163.5,high,none,0.9196233,0.024008116,0.026490182,0.029878397,none
A021989,R00,8659.6,high,none,0.89859134,0.04985992,0.0284608,0.023087893,none
A033951,R00,22374.24,high,none,0.79818565,0.074032225,0.05839992,0.06938222,none
A001542,R02,1899.53,low,none,0.954862,0.01004145,0.0053498503,0.029746648,none
A015993,R01,18488.3,high,none,0.90211535,0.010707531,0.039974537,0.047202624,none
A001349,R05,6764.43,high,none,0.9323322,0.02037941,0.031086512,0.01620179,none
A010826,R06,14171.24,high,none,0.7677744,0.079673916,0.005931175,0.14662053,none
A038877,R07,4104.14,low,none,0.7414468,0.007306809,0.03845882,0.2127876,none
A006376,R06,15041.39,high,none,0.92688245,0.024601925,0.02812208,0.020393543,none
A034235,R04,3744.24,low,none,0.9480886,0.0032701567,0.019995868,0.028645394,none
A017729,R00,7553.14,high,none,0.9403406,0.007869407,0.0335689,0.018221164,none
A010350,R02,47723.94,high,none,0.87966394,0.032520853,0.06572839,0.022086857,none
A035106,R00,1713.63,low,none,0.9505258,0.01764572,0.003976256,0.027852237,none
A006289,R00,1932.38,low,none,0.827499,0.07867564,0.052235916,0.041589495,none
A024215,R05,5427.78,high,none,0.94721085,0.004793844,0.028762544,0.019232774,none
A037885,R00,9162.01,high,none,0.7970822,0.046274748,0.06142549,0.0952175,none
A015625,R05,4855.97,low,none,0.85180527,0.023763902,0.012402383,0.112028465,none
A027845,R00,3362.83,low,none,0.7807259,0.033725362,0.058464855,0.12708385,none
A004016,R05,29526.52,high,dormant,0.41386622,0.013693329,0.019753985,0.55268645,dormant
A022968,R03,5665.5,high,none,0.8614705,0.083081,0.03519532,0.020253189,none
A036342,R01,7736.95,high,none,0.9406489,0.015696712,0.019063042,0.024591347,none
A027123,R09,9394.12,high,none,0.90341926,0.036637396,0.036499463,0.023443863,none
A037597,R00,36188.06,high,none,0.9581164,0.019082045,0.00309553,0.019705972,none
A000277,R03,2753.82,low,none,0.9182658,0.009720436,0.015072036,0.056941714,none
A019952,R09,7704.73,high,none,0.96338373,0.015596452,0.0028376475,0.018182138,none
A006256,R05,6243.09,high,none,0.85480505,0.0013233937,0.0092331,0.13463849,none
A028074,R04,3494.14,low,dormant,0.7815038,0.026300136,0.10666866,0.08552741,none
A021018,R01,5771.84,high,none,0.9091879,0.021487981,0.033332527,0.035991568,none
A004398,R02,2832.14,low,none,0.90855694,0.02525292,0.003958172,0.06223201,none
A039462,R06,7721.66,high,none,0.9405414,0.032022048,0.012179835,0.015256669,none
A004563,R00,2908.45,low,none,0.8127561,0.018247737,0.07466662,0.094329536,none
A007311,R08,739.56,low,dormant,0.912527,0.003744003,0.032016426,0.051712573,none
A004879,R03,2122.42,low,none,0.967911,0.0046580154,0.0061483867,0.02128254,none
A009619,R08,4706.95,low,none,0.94793034,0.026095333,0.0030318163,0.022942469,none
A032657,R04,14007.14,high,none,0.9277094,0.04424789,0.0064206547,0.021622077,none
A017537,R00,26115.0,high,none,0.8776709,0.013554569,0.015169015,0.093605496,none
A007799,R01,7000.25,high,large_withdrawal,0.94078827,0.024945112,0.01509445,0.019172147,none
A027443,R03,3869.13,low,none,0.8195066,0.014851374,0.061581112,0.10406094,none
A015284,R01,12183.62,high,none,0.8230114,0.044442613,0.03977368,0.09277234,none
A005168,R07,20327.56,high,none,0.85482293,0.07880835,0.042392325,0.023976443,none
A006462,R06,2642.64,low,none,0.95306,0.005787559,0.014430087,0.026722362,none
A004307,R07,13604.81,high,none,0.928533,0.037228487,0.016813496,0.017424935,none
A006347,R06,2632.6,low,none,0.95659244,0.0039057822,0.02391545,0.015586357,none
A033134,R01,1991.85,low,large_withdrawal,0.8526431,0.030434871,0.010405626,0.10651642,none
A007732,R02,6960.85,high,none,0.56699675,0.029163841,0.044214446,0.35962495,none
A007939,R03,892.01,low,none,0.7842517,0.057816572,0.019243674,0.13868806,none
A015599,R03,3537.02,low,none,0.89169514,0.0009772079,0.06101499,0.04631263,none
A022733,R01,2077.15,low,none,0.973931,0.0030728919,0.0035481388,0.019447984,none
A031654,R06,5332.73,high,none,0.6799015,0.022518797,0.007883242,0.2896965,none
A009134,R06,5027.47,high,none,0.82650733,0.08202721,0.067832336,0.023633152,none
A038282,R08,3240.31,low,dormant,0.86076266,0.029597769,0.014671894,0.09496774,none
A032647,R04,6118.33,high,none,0.8389063,0.07659957,0.05276688,0.031727243,none
A030370,R04,5061.83,high,none,0.9599241,0.012407629,0.010922735,0.016745508,none
A002926,R08,15127.12,high,none,0.94819576,0.02348878,0.0046359347,0.02367957,none
A033815,R02,4178.08,low,none,0.8290219,0.036540225,0.020870496,0.113567345,none
A015934,R00,7461.73,high,none,0.7915944,0.09035075,0.008184243,0.1098706,none
A027448,R02,2168.44,low,none,0.91637033,0.0076839468,0.0039228476,0.07202286,none
A006600,R01,1316.45,low,none,0.91639715,0.059309904,0.0043805563,0.019912425,none
A025729,R04,8657.97,high,none,0.9504851,0.025090048,0.0053112553,0.0191136,none
A015565,R08,2878.34,low,none,0.84203434,0.035353288,0.011993056,0.1106193,none
A002687,R04,15109.09,high,none,0.8538087,0.07682199,0.04671753,0.02265182,none
A016210,R05,33444.93,high,none,0.95451117,0.021406583,0.004057473,0.020024711,none
A000788,R07,12436.96,high,none,0.8303988,0.012784133,0.07069001,0.08612703,none
A028716,R04,2582.8,low,none,0.813443,0.11413609,0.040013365,0.032407574,none
A005568,R00,15033.44,high,none,0.95025504,0.029110707,0.0032679255,0.017366353,none
A009267,R06,1968.49,low,none,0.8541752,0.033275113,0.08847851,0.024071105,none
A035382,R07,10556.63,high,dd_stop,0.90268284,0.008322925,0.061659984,0.027334243,none
A015026,R00,7083.13,high,none,0.8850713,0.0681244,0.028785715,0.018018601,none
A012086,R01,5638.03,high,none,0.95360875,0.020937467,0.0037743282,0.021679498,none
A037965,R09,2820.56,low,none,0.9311625,0.016551362,0.021988252,0.03029789,none
A010043,R09,23393.57,high,none,0.7809137,0.015196791,0.035042286,0.16884725,none
A019516,R00,2270.35,low,none,0.89574224,0.01567497,0.036847074,0.05173579,none
A019279,R09,2455.06,low,none,0.90362173,0.05079026,0.028493153,0.01709484,none
A002279,R01,458.65,low,none,0.94957584,0.024706168,0.0060105305,0.019707521,none
A036413,R03,9195.78,high,none,0.95540375,0.0036227256,0.00949151,0.031481992,none
A030001,R09,7045.52,high,none,0.7822782,0.007519968,0.108216844,0.10198506,none
A007332,R02,2315.41,low,none,0.9202117,0.03596366,0.026140928,0.017683806,none
A038184,R08,2379.86,low,dormant,0.9638572,0.010225805,0.005042843,0.020874135,none
A013948,R03,4592.49,low,none,0.89600474,0.019856915,0.04546325,0.038675062,none
A002937,R05,8712.71,high,none,0.9303072,0.016521247,0.02803863,0.025132947,none
A006884,R09,2996.06,low,none,0.9006414,0.05546545,0.010367079,0.033526085,none
A008615,R03,9398.4,high,none,0.8344139,0.053876273,0.018382464,0.09332739,none
A030611,R03,22307.94,high,none,0.88512,0.038533993,0.04295627,0.03338977,none
A021302,R07,26626.95,high,none,0.90819025,0.038196526,0.028056556,0.025556665,none
A022696,R05,3550.56,low,none,0.8807977,0.04672856,0.039517775,0.032955986,none
A032489,R05,7524.25,high,none,0.8824314,0.023523726,0.036965944,0.057078905,none
A027039,R08,3596.41,low,none,0.9214593,0.017717522,0.03400971,0.0268135,none
A014048,R06,6801.94,high,none,0.82556176,0.0620765,0.027260676,0.08510111,none
A018850,R01,18563.9,high,none,0.85355353,0.008485972,0.019400643,0.118559845,none
A012536,R08,2964.53,low,none,0.86132646,0.011902808,0.024359224,0.102411516,none
A026458,R05,1129.7,low,none,0.88901585,0.020655556,0.002807903,0.08752062,none
A025847,R08,35703.99,high,none,0.9131095,0.005458304,0.024640856,0.056791402,none
A004931,R08,12487.82,high,none,0.7643449,0.025392244,0.017543823,0.19271901,none
A018987,R09,5910.84,high,none,0.9297235,0.010811767,0.035990875,0.02347384,none
A013856,R07,886.41,low,dormant,0.96700114,0.012396626,0.0028522573,0.017750047,none
A026085,R09,3318.28,low,none,0.93039715,0.020186849,0.019531611,0.02988436,none
A009318,R02,2628.34,low,none,0.74321306,0.024034055,0.008036509,0.2247164,none
A029878,R01,30903.3,high,none,0.8923538,0.017919391,0.06085605,0.028870841,none
A028852,R09,5330.39,high,none,0.7412552,0.017753355,0.013815136,0.22717634,none
A017828,R02,11228.95,high,none,0.9305506,0.00097109255,0.027848907,0.040629465,none
A020879,R07,1885.55,low,dormant,0.59108424,0.06802789,0.02729568,0.31359217,none
A008771,R09,5483.46,high,none,0.8770041,0.009264519,0.0077385255,0.10599287,none
A035500,R01,3969.05,low,none,0.9590692,0.012746721,0.004585311,0.023598736,none
A034311,R03,2308.88,low,none,0.85769564,0.029242676,0.06525999,0.04780175,none
A023075,R09,14118.47,high,none,0.9645675,0.011283665,0.0066000447,0.017548798,none
A035394,R03,5913.55,high,dormant,0.76904804,0.009603836,0.024341242,0.1970069,none
A020761,R02,15972.18,high,none,0.9419269,0.023485448,0.016029388,0.018558305,none
A020790,R06,6481.89,high,none,0.95996106,0.012761909,0.007273347,0.020003757,none
A021636,R03,2098.49,low,none,0.796802,0.032826655,0.04792418,0.1224472,none
A011642,R08,6206.64,high,none,0.8313734,0.013239655,0.069109224,0.08627779,none
A022661,R07,1977.62,low,none,0.93365365,0.008668568,0.028712884,0.02896494,none
A032890,R06,332.88,low,none,0.8314514,0.046377927,0.08760362,0.03456706,none
A011215,R09,4300.94,low,none,0.95472455,0.01722847,0.007939831,0.020107206,none
A030529,R01,607.53,low,none,0.92221886,0.023515053,0.028693318,0.02557274,none
A019240,R02,62601.89,high,none,0.8951721,0.06549869,0.011892599,0.027436573,none
A012787,R05,6687.82,high,none,0.9167608,0.002205118,0.048064407,0.03296966,none
A036288,R04,10432.67,high,none,0.92259717,0.010960376,0.0350025,0.031439956,none
A002230,R07,20034.97,high,large_withdrawal,0.8544575,0.048923098,0.05952385,0.03709554,none
A027722,R09,4120.24,low,none,0.89415115,0.01832377,0.05433309,0.033192016,none
A038690,R00,1341.18,low,none,0.9577212,0.022502832,0.0055443393,0.014231636,none
A028714,R05,2798.84,low,none,0.9532586,0.017233139,0.006066716,0.023441533,none
A028975,R05,11991.81,high,none,0.9126987,0.04804681,0.011280276,0.027974246,none
A009925,R05,10190.8,high,none,0.93910193,0.042667575,0.0039680847,0.014262359,none
A030869,R04,2607.99,low,none,0.76710427,0.067172356,0.03806702,0.12765639,none
A009639,R06,41091.13,high,none,0.9536159,0.01867497,0.003216692,0.024492491,none
A002156,R08,3560.42,low,none,0.8680423,0.019081539,0.07269074,0.04018543,none
A009908,R03,5847.29,high,none,0.9044706,0.023973206,0.04639613,0.02515997,none
A018142,R00,2599.27,low,none,0.8179927,0.077892005,0.015387799,0.08872756,none
A027599,R08,7601.17,high,none,0.8800372,0.017893197,0.0069283755,0.09514119,none
A010427,R01,36734.82,high,none,0.91414255,0.017572721,0.011480073,0.056804672,none
A033444,R02,4939.59,low,none,0.9481132,0.00638872,0.013186567,0.032311454,none
A019683,R08,19098.38,high,none,0.9396103,0.03677,0.0059004677,0.017719232,none
A010074,R02,10197.45,high,none,0.8971306,0.0007464621,0.03910005,0.06302291,none
A034251,R08,1933.99,low,none,0.94220155,0.0079684295,0.0233774,0.026452633,none
A017824,R00,8249.06,high,none,0.89797175,0.023866175,0.034892168,0.043269917,none
A010568,R04,4058.05,low,none,0.9518829,0.008056873,0.00951979,0.030540401,none
A030425,R00,20372.17,high,none,0.89544666,0.050335187,0.033015456,0.021202711,none
A020380,R07,16279.86,high,none,0.88792104,0.029943936,0.0061683673,0.07596666,none
A039163,R03,1631.71,low,none,0.9543229,0.012358667,0.014859055,0.018459419,none
A003579,R06,2305.98,low,none,0.93256783,0.015639376,0.02324183,0.028550979,none
A013634,R04,11207.82,high,none,0.9445681,0.02579246,0.0055950144,0.02404445,none
A008767,R03,947.8,low,none,0.9254626,0.02865289,0.015669165,0.030215321,none
A027525,R07,65.93,low,none,0.7709528,0.054255072,0.066632986,0.10815913,none
A025284,R02,10810.0,high,none,0.86904615,0.035755113,0.06098823,0.03421051,none
A017693,R03,2951.88,low,none,0.96009684,0.0061628856,0.012807469,0.020932812,none
A038026,R08,896.1,low,none,0.88604516,0.012221017,0.006102041,0.09563177,none
A021801,R08,1027.24,low,dormant,0.6187502,0.005951754,0.07795071,0.29734728,none
A036316,R00,7875.26,high,none,0.84571224,0.048906304,0.011338994,0.09404246,none
A031844,R09,2358.74,low,none,0.89655435,0.004011641,0.01110012,0.08833391,none
A027623,R08,16286.95,high,large_withdrawal,0.6805566,0.084041364,0.12614332,0.10925872,none
A033658,R03,4724.71,low,none,0.97426856,0.0056054797,0.0042351848,0.015890775,none
A036223,R02,1589.04,low,none,0.9143449,0.061990175,0.002663151,0.021001732,none
A021767,R03,11135.4,high,none,0.96104795,0.012032625,0.0044475775,0.022471802,none
A024877,R06,2775.56,low,none,0.9028759,0.023887163,0.051798288,0.021438649,none
A023561,R02,524.97,low,none,0.8976363,0.014812695,0.01180103,0.07574995,none
A006821,R01,6131.05,high,none,0.9059985,0.026174914,0.031433977,0.03639258,none
A010292,R00,35043.43,high,none,0.9320047,0.016763818,0.016233768,0.034997687,none
A016240,R02,14752.83,high,none,0.9091536,0.04115972,0.030517297,0.019169403,none
A020428,R00,10922.82,high,none,0.905918,0.029082041,0.0031440025,0.061855882,none
A023609,R05,2941.39,low,none,0.9209075,0.023371307,0.033689603,0.022031574,none
A017650,R08,4366.87,low,none,0.9205726,0.02545563,0.023903722,0.030068122,none
A027947,R08,13774.31,high,dormant,0.68481976,0.022608794,0.01389591,0.27867556,none
A033665,R09,2330.58,low,none,0.9450941,0.011642241,0.0147807915,0.028482826,none
A037925,R09,5162.73,high,none,0.9214587,0.02878631,0.014949527,0.034805432,none
A039332,R02,18446.88,high,none,0.9367218,0.025419064,0.014187111,0.023672055,none
A008309,R05,1909.73,low,none,0.9530686,0.014835012,0.0054164147,0.026679903,none
A002970,R00,2550.04,low,large_withdrawal,0.77662104,0.10288341,0.094740264,0.02575529,none
A008035,R02,13664.19,high,none,0.73518527,0.058100536,0.105973594,0.10074062,none
A015902,R08,3763.9,low,none,0.8852646,0.011510867,0.0073635927,0.09586095,none
A012521,R06,64849.61,high,none,0.69611835,0.04695468,0.07954721,0.1773798,none
A033173,R02,6676.85,high,none,0.95510906,0.0068230024,0.019111987,0.018955957,none
A032216,R08,12863.24,high,none,0.84919095,0.02431533,0.043487944,0.08300579,none
A028310,R06,2911.42,low,none,0.9003335,0.02632017,0.03900811,0.034338247,none
A025585,R00,10432.74,high,none,0.896791,0.07186645,0.011575774,0.019766837,none
A021139,R09,2591.68,low,none,0.8038018,0.08756506,0.07414777,0.034485433,none
A014431,R07,392.5,low,none,0.9375074,0.035325095,0.0053966367,0.02177092,none
A036451,R02,1895.77,low,none,0.74100655,0.014689787,0.10175038,0.14255321,none
A034437,R06,9381.57,high,none,0.9225476,0.030291835,0.031265035,0.015895547,none
A033334,R03,17686.03,high,none,0.9216618,0.04721359,0.0133630615,0.017761556,none
A032909,R05,3812.19,low,none,0.90238774,0.035235405,0.040535904,0.021840928,none
A037391,R08,5103.74,high,none,0.6654366,0.015467084,0.040236175,0.2788601,none
A005878,R04,8568.58,high,none,0.84388655,0.019608155,0.03567105,0.100834265,none
A035649,R07,2136.94,low,none,0.81478906,0.018161448,0.07937559,0.0876739,none
A014203,R06,7766.81,high,none,0.94282156,0.03271375,0.0073593548,0.017105319,none
A029443,R01,1337.55,low,dd_stop,0.8303132,0.08249667,0.0041530705,0.08303704,none
A007389,R00,9743.4,high,none,0.8725014,0.035501525,0.022569008,0.0694281,none
A036400,R01,5512.64,high,none,0.96451324,0.0067781648,0.0063553024,0.022353273,none
A028452,R02,7093.04,high,none,0.9616138,0.00097460375,0.011852305,0.025559276,none
A006649,R09,25453.78,high,none,0.9333417,0.01603833,0.024569238,0.02605076,none
A031792,R03,5284.43,high,none,0.8704405,0.0052871867,0.02066368,0.103608645,none
A013621,R07,6563.93,high,none,0.86164963,0.033491272,0.043743122,0.061115943,none
A039534,R09,10167.91,high,none,0.87828904,0.015113513,0.016910382,0.08968705,none
A003351,R04,5624.61,high,dormant,0.8623702,0.010857202,0.006174925,0.12059769,none
A036904,R09,703.55,low,none,0.8607441,0.004884352,0.091877446,0.042494133,none
A007924,R01,28239.25,high,none,0.9216644,0.013773332,0.029764019,0.034798205,none
A038281,R07,2224.67,low,none,0.95778954,0.01889741,0.0028212394,0.020491868,none
A030568,R07,4454.46,low,none,0.8884531,0.024857625,0.0063402057,0.08034904,none
A005109,R03,5808.24,high,none,0.92006844,0.026195234,0.018779196,0.03495713,none
A009914,R01,938.06,low,none,0.9007323,0.013507493,0.05579591,0.029964294,none
A035499,R00,267054.71,high,none,0.8890037,0.036687642,0.00772729,0.06658137,none
A025341,R08,5997.03,high,dormant,0.7358973,0.011114605,0.007078148,0.24590999,none
A039050,R02,8480.46,high,none,0.94429564,0.02294273,0.007199116,0.025562461,none
A023606,R06,3297.44,low,none,0.8202218,0.029626934,0.05321106,0.096940294,none
A021321,R05,10244.79,high,none,0.9084413,0.0014594919,0.028950864,0.061148375,none
A023415,R01,490.22,low,none,0.9348508,0.040383086,0.0063146558,0.0184514,none
A016063,R03,3046.4,low,none,0.833709,0.0116295675,0.04140283,0.11325867,none
A017280,R01,8193.33,high,none,0.83347785,0.099398576,0.044358436,0.022765098,none
A019517,R02,13871.23,high,none,0.7778494,0.07064156,0.06464496,0.08686407,none
A012122,R05,99977.92,high,none,0.95362496,0.013624437,0.006747622,0.026002936,none
A007264,R05,8396.26,high,none,0.88085705,0.021946715,0.07574049,0.021455726,none
A002163,R02,556.76,low,none,0.92369395,0.028113324,0.01540864,0.03278404,none
A025219,R02,3161.46,low,none,0.80177504,0.025785789,0.03775769,0.13468155,none
A030011,R01,24217.34,high,large_withdrawal,0.86672103,0.033539433,0.027142746,0.07259685,none
A018023,R05,3573.63,low,none,0.95187414,0.020491067,0.005303533,0.02233129,none
A004349,R06,1938.26,low,none,0.5372039,0.013403176,0.009166692,0.44022617,none
A014539,R09,9668.94,high,none,0.9347752,0.0006736982,0.038015112,0.026535954,none
A000358,R08,5402.15,high,none,0.7699898,0.019250441,0.0052525215,0.20550728,none
A020184,R02,2862.85,low,none,0.78503865,0.08279322,0.0861171,0.04605103,none
A008449,R03,1675.23,low,none,0.8829122,0.033094577,0.042595733,0.041397534,none
A039873,R06,13114.12,high,none,0.95891666,0.002858599,0.01821045,0.020014307,none
A015535,R03,39245.76,high,none,0.8395756,0.05634165,0.0809181,0.02316465,none
A027155,R09,9767.56,high,none,0.80276793,0.07633637,0.05200943,0.068886235,none
A016138,R03,6742.96,high,none,0.92694104,0.031080417,0.01754206,0.024436424,none
A036280,R00,380.91,low,none,0.7450584,0.158035,0.0637183,0.03318834,none
A038686,R01,5296.46,high,none,0.9655005,0.012756462,0.0060832114,0.015659817,none
A001346,R09,18674.12,high,none,0.96164036,0.015876701,0.004966906,0.017516054,none
A003324,R00,1420.9,low,none,0.9123426,0.050755605,0.008675697,0.028226132,none
A002895,R00,1641.49,low,none,0.8643959,0.03289723,0.07208995,0.030616852,none
A011828,R02,2583.31,low,dormant,0.8669571,0.001036125,0.025638986,0.10636773,none
A024094,R03,13327.09,high,none,0.93013865,0.036401972,0.011691836,0.021767586,none
A013059,R03,26587.46,high,none,0.95256853,0.009992205,0.013297741,0.024141503,none
A011781,R07,1500.48,low,none,0.8824759,0.0094866,0.07755119,0.030486252,none
A029697,R00,8211.72,high,none,0.79526025,0.066776544,0.048320044,0.08964319,none
A022284,R02,705.47,low,none,0.8151506,0.023533452,0.0669764,0.09433952,none
A038974,R04,3882.27,low,dormant,0.70279205,0.005214117,0.026630323,0.26536357,none
A023254,R00,31983.19,high,dormant,0.8919815,0.014037423,0.023429548,0.07055157,none
A026048,R09,11859.8,high,none,0.8482708,0.019527879,0.1012265,0.030974912,none
A005169,R09,7582.62,high,large_withdrawal,0.9666903,0.0117622465,0.0035290576,0.01801839,none
A032957,R04,16495.22,high,none,0.9290608,0.027605312,0.008112471,0.035221394,none
A009440,R06,10202.16,high,none,0.74454,0.01333164,0.0038981906,0.23823021,none
A032007,R05,7497.62,high,none,0.8832904,0.037622325,0.0065025883,0.07258469,none
A018237,R08,25448.19,high,none,0.891492,0.01585455,0.0034857963,0.08916765,none
A005582,R07,464.1,low,none,0.88561815,0.02839217,0.05523108,0.030758569,none
A013130,R00,5874.45,high,none,0.86648095,0.08722752,0.030454945,0.015836572,none
A030841,R09,3704.7,low,dormant,0.9622523,0.005868224,0.0099013485,0.021978091,none
A028501,R02,1634.75,low,none,0.90359116,0.038358178,0.033615116,0.024435561,none
A033430,R09,6583.95,high,none,0.82096386,0.11269872,0.04454745,0.021789972,none
A007031,R01,8040.65,high,none,0.844639,0.0117237205,0.042507697,0.10112963,none
A035966,R05,1712.38,low,none,0.9084306,0.016072553,0.039892163,0.03560474,none
A017202,R01,826.01,low,none,0.8590083,0.0902879,0.025451064,0.025252761,none
A009915,R03,573.72,low,none,0.9517343,0.014542777,0.0051690345,0.028553864,none
A024904,R06,2074.18,low,none,0.957636,0.00087413087,0.015454791,0.026035067,none
A038139,R08,9228.59,high,none,0.7743971,0.053283077,0.06974139,0.10257849,none
A024359,R07,86979.92,high,none,0.95586073,0.020962687,0.0040230397,0.019153507,none
A025575,R01,1126.99,low,none,0.9312282,0.012052959,0.026490148,0.030228732,none
A007923,R09,5423.13,high,dormant,0.6872836,0.019328956,0.020617837,0.27276963,none
A005946,R01,3574.75,low,none,0.9595216,0.01719185,0.004363028,0.018923538,none
A021130,R04,3091.47,low,none,0.8894245,0.06274726,0.022292616,0.025535623,none
A029773,R00,7716.85,high,none,0.93664706,0.007930426,0.03014685,0.025275702,none
A001619,R07,3646.46,low,none,0.7053339,0.0010657635,0.04238109,0.25121924,none
A018865,R05,2821.48,low,none,0.8878026,0.02684612,0.008046262,0.07730501,none
A033616,R08,2025.36,low,none,0.79439133,0.03676454,0.047895912,0.12094824,none
A002542,R03,29903.55,high,dormant,0.8308904,0.0071617565,0.037096743,0.12485106,none
A003628,R06,8190.73,high,none,0.8851202,0.027032627,0.012440755,0.07540642,none
A000204,R09,1610.29,low,none,0.8942396,0.005694216,0.019308943,0.08075724,none
A026965,R06,14534.25,high,none,0.9551033,0.019183915,0.00466002,0.02105284,none
A031776,R02,1345.6,low,none,0.94640696,0.011276608,0.023334488,0.018981913,none
A004331,R03,651.09,low,none,0.94783884,0.009390972,0.015479685,0.027290534,none
A014388,R09,7078.24,high,dormant,0.84939206,0.04806569,0.028318739,0.07422353,none
A011305,R06,11988.17,high,none,0.9578207,0.024191197,0.0035289824,0.014459157,none
A019634,R08,10365.83,high,none,0.9662623,0.012718999,0.002962824,0.018055884,none
A013203,R09,4542.61,low,none,0.95309734,0.019332785,0.005204422,0.022365449,none
A039843,R06,8938.93,high,none,0.94286865,0.023992447,0.013337936,0.019801011,none
A001794,R05,11977.88,high,none,0.95652497,0.017075976,0.0047585093,0.021640606,none
A025786,R02,20976.53,high,none,0.8768119,0.013721016,0.030470693,0.07899639,none
A004738,R00,16321.64,high,none,0.94532585,0.022091843,0.0118802795,0.020701986,none
A027016,R09,2749.03,low,none,0.8466765,0.043708608,0.009198697,0.100416124,none
A009819,R01,3966.12,low,none,0.90087503,0.0009821355,0.07098548,0.027157346,none
A038491,R05,3785.43,low,none,0.89794505,0.027884794,0.05343747,0.020732677,none
A010422,R07,3543.83,low,none,0.947795,0.025810437,0.008173176,0.018221417,none
A009227,R00,298.72,low,none,0.9093488,0.040166702,0.02982711,0.02065737,none
A011335,R09,1116.42,low,none,0.8546556,0.028778996,0.014631909,0.10193344,none
A008145,R05,23688.86,high,none,0.89181167,0.01570293,0.030718451,0.06176692,none
A039485,R09,6395.95,high,none,0.9053237,0.05905373,0.02377001,0.011852548,none
A033435,R08,7260.44,high,none,0.8331529,0.023015322,0.09873022,0.0451016,none
A004133,R05,3264.44,low,none,0.9600971,0.0053242566,0.018133141,0.01644558,none
A023803,R07,14695.1,high,none,0.8725128,0.05401667,0.004720776,0.0687497,none
A010305,R09,12760.73,high,none,0.9318521,0.028760098,0.009325899,0.030061934,none
A007107,R08,2446.15,low,none,0.9128874,0.034386717,0.025947906,0.02677799,none
A023494,R06,15014.87,high,none,0.8835676,0.009692298,0.025237003,0.08150319,none
A033414,R02,5769.45,high,none,0.8970321,0.024775757,0.052127928,0.026064225,none
A031498,R01,3754.41,low,none,0.93492573,0.02386969,0.013207777,0.027996788,none
A033728,R01,11766.54,high,dd_stop,0.7779717,0.036893982,0.09663454,0.08849982,none
A023123,R09,77199.31,high,large_withdrawal,0.88891536,0.012794693,0.0766376,0.021652339,none
A023665,R04,21903.19,high,dd_stop,0.90501964,0.0038340334,0.05310664,0.038039718,none
A034446,R08,7398.96,high,none,0.7167319,0.1346982,0.05348101,0.09508888,none
A018903,R01,7041.65,high,large_withdrawal,0.8656592,0.03240076,0.023269843,0.07867019,none
A038561,R08,5818.64,high,none,0.94787765,0.025684673,0.0037134076,0.022724262,none
A029661,R03,12836.51,high,none,0.8590977,0.013490547,0.024709977,0.1027018,none
A024645,R04,2129.29,low,none,0.8258147,0.012529933,0.06141029,0.10024508,none
A000625,R09,4593.14,low,none,0.84997094,0.07850506,0.05539805,0.016125906,none
A029904,R00,3363.74,low,none,0.8509379,0.08016809,0.039220247,0.02967376,none
A005003,R00,20056.78,high,none,0.9420565,0.008426294,0.025164636,0.024352534,none
A020781,R05,989.03,low,none,0.9620781,0.0008216812,0.008440747,0.028659467,none
A032466,R01,17256.58,high,none,0.9304077,0.025346868,0.02064551,0.02359988,none
A028791,R02,1760.0,low,none,0.7174551,0.0073388643,0.006115945,0.26909012,none
A021718,R00,2363.18,low,none,0.8404024,0.07563992,0.04093657,0.0430211,none
A012943,R02,4489.77,low,none,0.8574967,0.021071484,0.032092094,0.08933972,none
A010101,R07,3714.43,low,none,0.8490387,0.07239,0.05073238,0.02783888,none
A023525,R01,4932.14,low,dormant,0.8442867,0.005485909,0.014871303,0.13535613,none
A038754,R04,8988.74,high,none,0.9148878,0.051857952,0.013958443,0.019295765,none
A012000,R01,1492.48,low,none,0.9452962,0.043849345,0.002534809,0.00831961,none
A006277,R04,7258.47,high,none,0.9446725,0.013660355,0.017803153,0.023863938,none
A020235,R08,14909.96,high,none,0.9605058,0.018127263,0.003666096,0.017700866,none
A002308,R08,1870.91,low,none,0.84146786,0.09042327,0.04316915,0.024939792,none
A029643,R09,3952.96,low,large_withdrawal,0.8761832,0.020069335,0.0068725008,0.09687498,none
A005546,R07,1626.79,low,none,0.95186585,0.017372474,0.015260217,0.015501446,none
A014216,R00,6068.31,high,none,0.8821106,0.009413545,0.0085176835,0.099958226,none
A029410,R03,5087.19,high,none,0.81576806,0.035394598,0.041108757,0.10772863,none
A038395,R01,1069.96,low,none,0.9583445,0.015592062,0.0048894305,0.021174032,none
A036878,R07,8683.97,high,large_withdrawal,0.72401404,0.024183601,0.028166194,0.22363614,none
A005668,R05,1757.93,low,large_withdrawal,0.89058876,0.009521726,0.007728553,0.09216095,none
A025024,R04,2155.89,low,none,0.8903495,0.00899399,0.02704768,0.07360878,none
A014503,R08,53647.39,high,none,0.90009016,0.056017455,0.02917856,0.014713844,none
A034467,R07,10284.69,high,none,0.74960226,0.020813728,0.023849867,0.20573412,none
A016761,R02,4259.19,low,none,0.9049759,0.0044297324,0.070073515,0.020520879,none
A010389,R06,9259.52,high,none,0.8667292,0.021267617,0.073400185,0.03860298,none
A018197,R00,8749.42,high,none,0.8833963,0.0658679,0.025519928,0.025215875,none
A024259,R02,4916.05,low,none,0.95058626,0.0131622115,0.005491438,0.030760055,none
A011398,R08,1898.9,low,none,0.9111161,0.03631873,0.025219405,0.027345685,none
A034461,R02,2799.11,low,none,0.93451214,0.010853067,0.03140502,0.023229783,none
A004076,R09,1679.27,low,none,0.8798558,0.024867486,0.045959957,0.0493167,none
A019358,R07,6245.13,high,none,0.895905,0.011562547,0.018658334,0.073874064,none
A013627,R06,7747.09,high,none,0.8136539,0.020862127,0.058943655,0.10654031,none
A002071,R09,353.47,low,none,0.8773018,0.024542574,0.06686738,0.03128823,none
A009133,R09,2029.5,low,none,0.96031624,0.007875399,0.0061181164,0.025690302,none
A004149,R09,17906.2,high,none,0.82600576,0.0013773222,0.030661833,0.14195508,none
A007871,R02,2690.57,low,none,0.89480126,0.048027284,0.027542597,0.0296288,none
A032543,R06,7485.75,high,none,0.9328776,0.024835488,0.025175255,0.01711164,none
A001250,R08,1571.6,low,none,0.92496914,0.021739202,0.032135833,0.021155799,none
A006066,R02,15060.38,high,none,0.9314256,0.017746901,0.029509412,0.021318052,none
A006973,R09,13990.57,high,none,0.85753757,0.0764051,0.038794525,0.027262792,none
A018259,R09,14234.4,high,none,0.9607929,0.018856764,0.0027424486,0.017607827,none
A000485,R06,4461.5,low,none,0.8555298,0.024018759,0.03463304,0.08581843,none
A018123,R00,4077.68,low,none,0.8935503,0.059489638,0.019957842,0.027002277,none
A010282,R01,3870.06,low,none,0.8482029,0.034706928,0.085136026,0.031954125,none
A013125,R05,5114.25,high,none,0.6054606,0.0010964917,0.043622628,0.34982032,none
A018129,R08,8848.31,high,large_withdrawal,0.70297533,0.0068073124,0.0032166098,0.28700075,none
A004711,R00,1385.2,low,none,0.9124906,0.0016755929,0.008745489,0.07708838,none
A038655,R00,2053.55,low,dd_stop,0.82516056,0.020556184,0.05566021,0.098623045,none
A028937,R05,5600.46,high,none,0.8054241,0.089874715,0.039995395,0.06470576,none
A016310,R09,9996.17,high,none,0.86587185,0.042431366,0.06995641,0.021740431,none
A006228,R00,9263.66,high,none,0.88107115,0.05352507,0.035603516,0.02980022,none
A023256,R08,27319.23,high,dormant,0.9009341,0.007511006,0.02523966,0.066315204,none
A018068,R04,12240.86,high,none,0.89602417,0.050386246,0.0075720525,0.04601752,none
A035999,R04,2854.03,low,none,0.8774954,0.062863834,0.03581208,0.023828607,none
A004286,R05,1406.03,low,none,0.88319814,0.032534305,0.060585015,0.023682566,none
A019914,R09,14252.5,high,none,0.86546934,0.022195749,0.083127014,0.02920796,none
A010697,R08,419.21,low,none,0.8889164,0.008336421,0.016276972,0.08647018,none
A016414,R02,5288.06,high,none,0.9508123,0.025736015,0.005628704,0.017823026,none
A038078,R08,45117.74,high,none,0.88976175,0.014475973,0.022221262,0.07354096,none
A039323,R05,9914.91,high,none,0.95605934,0.017885117,0.0041578915,0.02189763,none
A015185,R01,12923.82,high,none,0.9036896,0.012992773,0.0048646666,0.07845296,none
A031969,R04,5756.43,high,none,0.9558736,0.012731428,0.0071795164,0.024215437,none
A027817,R00,27216.6,high,none,0.85890025,0.013868624,0.039356142,0.08787497,none
A008265,R06,21521.16,high,none,0.8194147,0.026552511,0.008279288,0.1457535,none
A005798,R00,1917.7,low,none,0.956048,0.018523555,0.0032129714,0.022215493,none
A012203,R06,4042.44,low,none,0.96082914,0.0056582186,0.012749188,0.02076343,none
A027006,R06,9188.1,high,none,0.9290076,0.044962876,0.011618521,0.014411039,none
A007525,R01,2386.55,low,none,0.8221433,0.021306215,0.040690012,0.11586048,none
A023295,R04,27302.08,high,none,0.9116561,0.04049289,0.025892157,0.021958897,none
A028242,R08,5131.2,high,none,0.70139736,0.009956714,0.055135142,0.23351076,none
A015697,R01,2085.44,low,none,0.825143,0.013456433,0.06338977,0.09801083,none
A039089,R02,24240.42,high,none,0.8824325,0.032560375,0.045538332,0.03946879,none
A014434,R08,4784.29,low,none,0.8809663,0.06990932,0.03206443,0.017059889,none
A024688,R02,2650.21,low,none,0.9512137,0.009574014,0.013325361,0.02588694,none
A017796,R03,40164.1,high,large_withdrawal,0.9349468,0.021350434,0.010940083,0.03276269,none
A017760,R06,1085.65,low,none,0.83423835,0.066885374,0.06788681,0.030989425,none
A020337,R02,2301.88,low,none,0.8455664,0.034546778,0.09113733,0.02874953,none
A017438,R04,15293.38,high,none,0.90315235,0.007106947,0.060476612,0.029264139,none
A001015,R07,934.17,low,none,0.95967275,0.016425785,0.0061448286,0.017756682,none
A013873,R02,15883.96,high,none,0.9219548,0.0327424,0.031527236,0.013775551,none
A032195,R03,8636.44,high,none,0.93302214,0.05236513,0.0038484153,0.010764267,none
A025297,R08,3817.0,low,none,0.8938859,0.019212766,0.008397253,0.078504056,none
A002967,R08,8238.43,high,none,0.95832664,0.009113353,0.011746445,0.020813556,none
A002824,R05,5395.59,high,none,0.8159141,0.032319505,0.07006191,0.08170445,none
A026680,R09,2409.68,low,none,0.9085621,0.05034449,0.0067801997,0.034313194,none
A000330,R04,2979.51,low,none,0.7711819,0.001527798,0.08997137,0.13731895,none
A001841,R05,6939.44,high,none,0.9408653,0.022985948,0.016083132,0.020065695,none
A002269,R04,5470.25,high,none,0.9320979,0.020945018,0.014649519,0.032307547,none
A020548,R02,1297.55,low,none,0.89628595,0.024950823,0.035066403,0.043696884,none
A027444,R04,9539.03,high,none,0.94459945,0.011607076,0.02224341,0.021550065,none
A037201,R07,1632.95,low,none,0.9430796,0.023450807,0.014540545,0.018929021,none
A030763,R07,5225.72,high,none,0.9240454,0.04792728,0.008278453,0.019748868,none
A013018,R06,5234.42,high,dd_stop,0.9187418,0.021286266,0.024633674,0.035338223,none
A012059,R01,3907.94,low,dormant,0.84776497,0.027952962,0.029856477,0.09442559,none
A000362,R09,3250.02,low,dormant,0.93467075,0.041445613,0.0067802365,0.017103424,none
A009643,R04,1039.79,low,none,0.86219746,0.010412094,0.06612923,0.06126124,none
A007355,R09,1434.01,low,none,0.9455864,0.011278109,0.019924251,0.02321124,none
A017231,R09,9892.53,high,large_withdrawal,0.9176892,0.024327558,0.035232004,0.022751255,none
A007457,R04,7036.99,high,dormant,0.6176379,0.038989015,0.039818194,0.30355492,none
A033104,R09,4324.81,low,none,0.62034905,0.030441303,0.007200293,0.34200937,none
A039857,R01,6174.62,high,none,0.8713783,0.062903725,0.045598343,0.020119669,none
A010822,R05,1928.47,low,none,0.86045927,0.036523867,0.0065728584,0.096444,none
A024323,R07,7129.63,high,none,0.94480586,0.019412762,0.014258599,0.021522801,none
A015379,R06,4931.06,low,none,0.8868567,0.018486138,0.03274149,0.061915644,none
A039955,R00,10282.76,high,none,0.9527792,0.030165913,0.0033661688,0.01368879,none
A018805,R03,12302.43,high,none,0.95429075,0.0052946527,0.015223584,0.025190992,none
A017872,R02,7930.43,high,none,0.94205165,0.0009497816,0.019787906,0.037210632,none
A039095,R00,11538.39,high,none,0.923534,0.015682964,0.029628497,0.031154532,none
A016143,R01,60093.32,high,none,0.8655626,0.057657212,0.05837623,0.018403925,none
A033136,R05,907.97,low,none,0.8569338,0.040584307,0.04305204,0.05942983,none
A031833,R09,3349.62,low,none,0.81788486,0.033047017,0.043127954,0.10594017,none
A016021,R03,6679.42,high,none,0.95765525,0.018080236,0.0036402815,0.02062419,none
A027126,R04,3043.63,low,none,0.9557453,0.015433192,0.005701135,0.02312032,none
A003879,R06,8164.82,high,none,0.8480402,0.07227705,0.05903322,0.020649496,none
A037895,R02,3670.7,low,dd_stop,0.8245346,0.061495624,0.08790729,0.026062526,none
A033878,R06,13155.35,high,none,0.9238772,0.02402483,0.027806683,0.024291335,none
A017239,R01,21802.46,high,none,0.9253898,0.025486631,0.028959915,0.020163637,none
A025836,R09,1678.37,low,none,0.9161525,0.009154764,0.042546857,0.03214591,none
A023409,R00,4787.43,low,none,0.90058964,0.0009348218,0.008464522,0.090010986,none
A007049,R00,619.54,low,none,0.950798,0.024368191,0.006805767,0.018028066,none
A003607,R07,3897.86,low,none,0.900866,0.038279902,0.028656194,0.032197956,none
A021995,R04,929.66,low,none,0.93291754,0.0330133,0.0072156377,0.0268535,none
A035139,R05,5885.01,high,none,0.9287995,0.018227262,0.008497197,0.044475973,none
A001277,R07,2331.12,low,none,0.96119136,0.0075475066,0.00793082,0.023330351,none
A033672,R05,10032.93,high,none,0.962955,0.0010844639,0.011743785,0.024216741,none
A014409,R03,1761.7,low,none,0.95543766,0.0154414745,0.0074301483,0.02169074,none
A020789,R08,3994.13,low,none,0.82345974,0.027772889,0.012923286,0.13584414,none
A015607,R08,1291.15,low,none,0.9604782,0.004716226,0.012609748,0.022195898,none
A004984,R06,221.12,low,dormant,0.87125003,0.037477873,0.059001166,0.0322709,none
A038150,R06,3668.12,low,none,0.90178657,0.034259144,0.036814675,0.027139654,none
A011479,R08,1741.1,low,none,0.91054463,0.009129113,0.051054254,0.029272066,none
A016484,R06,14500.3,high,large_withdrawal,0.87471676,0.07173183,0.035015587,0.018535845,none
A012841,R06,2512.28,low,none,0.8844691,0.018798534,0.06436658,0.032365832,none
A026935,R08,4286.51,low,none,0.80362004,0.0934613,0.07479967,0.028118946,none
A032761,R07,1001.34,low,none,0.8621404,0.057945404,0.05325511,0.026659094,none
A007629,R03,46922.36,high,none,0.89729863,0.024076141,0.05790871,0.020716486,none
A003590,R05,669.0,low,none,0.9015964,0.049695104,0.02394468,0.024763865,none
A027643,R01,3488.13,low,none,0.7270295,0.007460623,0.04129135,0.22421855,none
A019731,R08,3292.13,low,none,0.6772049,0.018195165,0.04073163,0.2638683,none
A031250,R00,2634.84,low,none,0.87977076,0.029605625,0.010405802,0.080217846,none
A037465,R08,1372.8,low,none,0.93019086,0.022656187,0.02567485,0.021478081,none
A026356,R04,3569.97,low,none,0.94038546,0.012678924,0.02129028,0.025645273,none
A006220,R01,5701.89,high,none,0.84502447,0.07444227,0.05932491,0.021208316,none
A031170,R01,1942.24,low,none,0.95123464,0.0034735647,0.018342407,0.026949415,none
A007792,R06,7104.23,high,none,0.8905084,0.00080987846,0.080199815,0.028481854,none
A033475,R03,1101.95,low,dormant,0.9461873,0.016856756,0.010310782,0.02664514,none
A033716,R06,24690.67,high,none,0.88076466,0.01018884,0.022915568,0.08613093,none
A021314,R08,3261.71,low,none,0.8613402,0.017976096,0.003422135,0.117261514,none
A035880,R08,10757.04,high,none,0.85626376,0.0011557784,0.09416333,0.04841714,none
A000811,R06,2027.22,low,dormant,0.64049244,0.028864615,0.017849557,0.3127934,none
A038122,R04,4140.23,low,none,0.5973909,0.014245159,0.039064143,0.34929976,none
A033589,R04,3901.83,low,none,0.9512772,0.01866261,0.00531771,0.02474247,none
A038092,R01,1812.53,low,none,0.8415409,0.052430674,0.07147403,0.03455449,none
A009331,R02,7852.42,high,none,0.9275599,0.009024135,0.023583997,0.039831944,none
A006426,R02,11342.18,high,none,0.9239593,0.041375138,0.011914917,0.022750605,none
A029252,R03,3028.8,low,none,0.86747766,0.02376639,0.07941869,0.029337296,none
A019934,R00,714.77,low,large_withdrawal,0.89543796,0.07629723,0.018029353,0.010235423,none
A032770,R03,23600.15,high,none,0.94156206,0.006452342,0.03886413,0.01312148,none
A039459,R05,13824.34,high,none,0.91985613,0.053977773,0.0048392643,0.021326814,none
A004509,R08,758.07,low,none,0.92852473,0.0009606299,0.020441623,0.050073,none
A001218,R08,2572.41,low,none,0.91706437,0.038081415,0.023980843,0.020873362,none
A015272,R06,1546.86,low,none,0.95243126,0.015180581,0.004375265,0.028012926,none
A013305,R09,17067.94,high,none,0.92655545,0.03775389,0.01856462,0.017126014,none
A008781,R00,23013.08,high,none,0.9247184,0.011425692,0.01563135,0.048224602,none
A011956,R08,2324.41,low,none,0.8722255,0.033865757,0.06309005,0.030818624,none
A013883,R06,14361.1,high,none,0.90962124,0.0142210275,0.004581555,0.07157613,none
A037731,R03,1744.13,low,dd_stop,0.8790336,0.008946219,0.023123536,0.08889669,none
A007800,R09,9733.34,high,none,0.87649137,0.056917176,0.04271869,0.023872755,none
A023848,R02,1292.5,low,none,0.7690949,0.048689414,0.044239827,0.1379759,none
A025526,R07,4566.85,low,none,0.8675105,0.007011131,0.057258517,0.0682198,none
A012177,R05,16258.85,high,none,0.90898156,0.012132341,0.0031168235,0.07576928,none
A032611,R09,1979.36,low,none,0.96019727,0.015802776,0.0049295,0.01907045,none
A039659,R02,943.06,low,none,0.87610674,0.024411732,0.041398484,0.058083028,none
A033417,R09,9732.5,high,none,0.8567456,0.014777649,0.10435887,0.024117846,none
A013904,R09,2414.54,low,none,0.81986076,0.060488712,0.019264689,0.10038584,none
A002707,R01,3252.95,low,dormant,0.89577204,0.013449997,0.062203187,0.028574778,none
A023817,R06,5200.04,high,none,0.9569581,0.021570135,0.003106865,0.018364897,none
A029672,R08,645.46,low,none,0.9389525,0.00861179,0.029720102,0.022715593,none
A036816,R09,1036.44,low,none,0.89791775,0.016400836,0.005205985,0.08047539,none
A032698,R09,2971.35,low,none,0.81257224,0.00789302,0.0697082,0.10982661,none
A005650,R00,2129.15,low,none,0.92143965,0.018551955,0.03313579,0.02687258,none
A015052,R08,5563.74,high,none,0.8884938,0.008407943,0.07997203,0.023126232,none
A007083,R05,5972.71,high,none,0.9096374,0.033570413,0.03524168,0.021550493,none
A011797,R09,5747.14,high,none,0.92713714,0.02208929,0.026644016,0.024129579,none
A005772,R01,11649.32,high,none,0.9690148,0.0009016848,0.0047675357,0.025316022,none
A015770,R05,2835.83,low,none,0.9131796,0.04155231,0.024229886,0.021038251,none
A014285,R05,3915.46,low,none,0.9501705,0.025834322,0.0056572696,0.01833783,none
A033812,R07,6239.1,high,dd_stop,0.84409213,0.019295363,0.041927777,0.09468471,none
A005832,R09,2807.7,low,none,0.905298,0.0009119303,0.020603139,0.07318696,none
A014980,R04,10438.38,high,none,0.8995809,0.04597168,0.032523546,0.021923868,none
A025414,R08,5700.25,high,none,0.9284643,0.052009866,0.004508489,0.0150174,none
A021922,R02,2141.92,low,none,0.834888,0.048137013,0.06347478,0.053500183,none
A016851,R07,4958.19,low,none,0.9668197,0.0047541014,0.008939096,0.019487139,none
A014556,R02,129.11,low,none,0.8658008,0.043345653,0.043175872,0.04767771,none
A033902,R02,3056.62,low,none,0.94115967,0.025026074,0.003875828,0.029938364,none
A002206,R09,11969.27,high,none,0.8755598,0.017818969,0.006507793,0.10011348,none
A026796,R07,20099.55,high,none,0.9037751,0.016642034,0.0027507935,0.076832086,none
A028766,R01,13838.5,high,none,0.9401652,0.028767914,0.005934548,0.02513233,none
A004141,R09,4649.99,low,none,0.7004295,0.013666911,0.024269547,0.26163405,none
A022415,R06,735.89,low,none,0.79283947,0.09374939,0.08157811,0.031832978,none
A025861,R06,13175.95,high,dd_stop,0.9302016,0.02438837,0.008189853,0.037220214,none
A028238,R06,2600.63,low,none,0.9342225,0.013568339,0.028679818,0.023529371,none
A028300,R09,6101.45,high,large_withdrawal,0.9422839,0.028924033,0.0051847687,0.023607278,none
A038210,R04,6638.83,high,none,0.90516263,0.014837056,0.050841074,0.029159253,none
A028931,R06,2371.62,low,none,0.89824706,0.02143485,0.01157937,0.068738766,none
A030660,R01,2685.47,low,none,0.87017393,0.025007837,0.066578366,0.038239866,none
A008173,R07,2598.87,low,none,0.8609043,0.03618115,0.05530465,0.047609903,none
A023799,R07,21322.17,high,none,0.84329647,0.019307591,0.10932523,0.028070768,none
A023051,R03,8704.39,high,none,0.95861083,0.0016424909,0.015435565,0.024311094,none
A003484,R05,19138.52,high,none,0.92510784,0.03536555,0.014697872,0.024828704,none
A014878,R03,1555.33,low,none,0.9208989,0.019205466,0.02820062,0.03169502,none
A017249,R07,2327.58,low,none,0.74100024,0.09786998,0.061649106,0.09948065,none
A002742,R00,4534.18,low,none,0.9144997,0.012929196,0.04466973,0.027901385,none
A001462,R04,380.96,low,none,0.9197772,0.021738322,0.030860027,0.027624449,none
A003016,R06,679.3,low,none,0.8553132,0.020371955,0.04209524,0.082219645,none
A026444,R08,6718.95,high,large_withdrawal,0.81912905,0.037884515,0.04850266,0.094483785,none
A017214,R07,2514.39,low,none,0.9185913,0.019238567,0.028872125,0.033298016,none
A011625,R09,7096.82,high,none,0.95931095,0.009097839,0.0062825307,0.025308684,none
A015570,R04,7753.5,high,none,0.920119,0.010506144,0.033000115,0.03637479,none
A035444,R01,4064.56,low,none,0.9047778,0.04778611,0.026740948,0.02069511,none
A028488,R03,4718.37,low,none,0.9385501,0.0019810915,0.01804779,0.04142098,none
A004281,R06,1857.88,low,none,0.94937885,0.012734381,0.015671594,0.022215232,none
A022959,R01,1735.86,low,none,0.9612573,0.0012988215,0.014206177,0.023237638,none
A002608,R08,102.62,low,none,0.8833115,0.0006522917,0.0061445,0.10989165,none
A009495,R04,3188.87,low,none,0.9059329,0.031030906,0.008842459,0.05419374,none
A018852,R01,22893.49,high,none,0.9287229,0.014405991,0.0036979194,0.05317321,none
A022249,R07,11431.19,high,none,0.9701274,0.00091863336,0.007644449,0.021309584,none
A025643,R09,7401.18,high,none,0.9418423,0.018384766,0.020055637,0.019717272,none
A029062,R05,11417.38,high,none,0.72818893,0.004904613,0.03400506,0.23290142,none
A027217,R09,3749.12,low,none,0.9235841,0.010750743,0.03917758,0.0264875,none
A033116,R06,3587.0,low,none,0.93064296,0.018566914,0.023278408,0.027511748,none
A013120,R05,19147.74,high,dormant,0.8668156,0.017462369,0.08904664,0.02667534,none
A027034,R09,2981.05,low,none,0.93890005,0.03988491,0.010683929,0.010531098,none
A007733,R05,4723.88,low,none,0.88096106,0.054943956,0.043172855,0.020922154,none
A013179,R03,24253.83,high,none,0.91174823,0.0076060463,0.040568985,0.040076714,none
A033538,R01,11857.86,high,none,0.92408794,0.00074245996,0.003745957,0.07142361,none
A036987,R03,6456.46,high,none,0.8473662,0.05125989,0.0155868465,0.08578706,none
A020365,R00,33295.2,high,none,0.85255384,0.01702969,0.07463869,0.05577775,none
A003093,R03,3339.27,low,dormant,0.9187077,0.026587136,0.0171939,0.03751127,none
A035533,R05,5881.54,high,none,0.89495045,0.030555282,0.032545898,0.041948292,none
A031916,R09,1308.38,low,none,0.8233971,0.009563258,0.060346775,0.1066929,none
A024503,R02,994.32,low,none,0.7847146,0.11561078,0.07148474,0.028189963,none
A030777,R06,4391.94,low,none,0.93786365,0.00686281,0.03122169,0.02405188,none
A036043,R09,13614.39,high,none,0.83334076,0.1044384,0.037543587,0.02467725,none
A029667,R05,922.83,low,none,0.90422624,0.053715494,0.030124707,0.011933527,none
A010528,R04,986.22,low,none,0.8701058,0.01936473,0.03375076,0.07677877,none
A023576,R04,3286.78,low,none,0.94433975,0.001112434,0.02088294,0.03366485,none
A032415,R02,13392.58,high,none,0.90062165,0.051831927,0.030729175,0.016817244,none
A007480,R07,3715.78,low,none,0.9478515,0.019271532,0.005660592,0.027216349,none
A002480,R09,1306.35,low,none,0.8727119,0.0057662763,0.019940019,0.10158182,none
A017737,R04,4333.01,low,none,0.9064823,0.02709687,0.02663681,0.039784074,none
A035915,R03,4934.43,low,none,0.9021873,0.018591188,0.050918195,0.02830329,none
A014658,R05,34182.68,high,none,0.88473594,0.012722658,0.060808036,0.04173332,none
A022144,R07,26296.6,high,none,0.954452,0.0028436508,0.018748945,0.023955388,none
A006268,R09,5004.71,high,none,0.9532716,0.0196678,0.004353512,0.022707144,none
A029152,R02,18248.02,high,large_withdrawal,0.87647396,0.015114619,0.0137666585,0.0946447,none
A039737,R09,304.47,low,none,0.9164911,0.012173144,0.035988484,0.035347316,none
A022035,R05,3987.09,low,none,0.8764164,0.028255971,0.010892608,0.08443501,none
A023943,R05,5162.34,high,dd_stop,0.7931734,0.045600105,0.08310633,0.07812022,none
A014542,R02,3676.81,low,none,0.8796192,0.046128705,0.04253389,0.03171823,none
A018607,R04,10224.03,high,none,0.8806068,0.028977305,0.015089418,0.07532654,none
A005218,R04,1499.38,low,none,0.821082,0.007650136,0.056029193,0.11523866,none
A006201,R09,3007.43,low,none,0.8776444,0.013963913,0.07264351,0.03574811,none
A016826,R02,1167.01,low,none,0.75354767,0.0421479,0.031067334,0.17323713,none
A003044,R09,4774.57,low,dd_stop,0.92156994,0.027277136,0.018134763,0.033018198,none
A032120,R06,2566.81,low,none,0.85290414,0.051919185,0.06630873,0.028867973,none
A007036,R01,452.53,low,none,0.96035534,0.014861633,0.004419779,0.020363273,none
A023433,R06,35226.54,high,none,0.86298376,0.006279023,0.04539893,0.08533823,none
A022235,R00,4606.55,low,none,0.8871951,0.028542232,0.050052576,0.034210127,none
A005482,R01,10786.52,high,none,0.9286249,0.016551482,0.03176245,0.02306108,none
A013913,R07,5606.24,high,none,0.87547004,0.00938427,0.031061381,0.084084325,none
A019923,R06,27129.72,high,none,0.9247011,0.039429083,0.024440765,0.01142909,none
A035231,R08,1554.03,low,none,0.8147601,0.054480486,0.037965696,0.09279366,none
A006434,R02,1913.74,low,none,0.47135586,0.017329808,0.008078633,0.5032357,dormant
A038563,R05,3034.99,low,dormant,0.6791564,0.049023032,0.015831625,0.25598896,none
A027703,R02,30874.56,high,none,0.87570596,0.017344508,0.011576203,0.09537332,none
A017487,R04,3503.98,low,none,0.9189289,0.06347833,0.0053703976,0.012222351,none
A020203,R07,3564.55,low,none,0.7024594,0.014986321,0.015776144,0.2667781,none
A009396,R03,7765.64,high,none,0.9598914,0.020219827,0.0059307134,0.013958028,none
A028741,R07,4151.91,low,dormant,0.8660308,0.030227182,0.06521965,0.038522333,none
A014157,R02,15828.29,high,dormant,0.8407417,0.001240857,0.031448867,0.12656853,none
A031924,R04,2316.14,low,large_withdrawal,0.9249294,0.032941274,0.022259302,0.019870043,none
A027902,R06,1261.63,low,none,0.84290725,0.0078016976,0.0053814566,0.1439096,none
A000564,R02,5726.89,high,none,0.9262828,0.035240233,0.013813754,0.024663245,none
A031601,R06,42898.01,high,none,0.93381846,0.009788788,0.0056797,0.050713047,none
A025766,R06,4297.63,low,none,0.9210108,0.008777504,0.010940429,0.059271235,none
A019787,R09,1343.97,low,none,0.9377549,0.017559618,0.027487129,0.017198326,none
A030913,R03,2490.73,low,none,0.9123759,0.016847175,0.039519377,0.031257518,none
A028073,R00,1330.9,low,dormant,0.92715776,0.05163186,0.0061954036,0.015015042,none
A008791,R07,1434.89,low,none,0.49782038,0.0089172805,0.047200583,0.4460618,none
A005636,R04,666.45,low,none,0.95152336,0.021681191,0.0051669152,0.02162854,none
A031261,R07,1070.63,low,none,0.8845714,0.012978088,0.037660066,0.06479045,none
A024907,R03,3925.68,low,none,0.8982511,0.031851407,0.041209634,0.028687842,none
A030304,R06,12876.27,high,none,0.88424605,0.0010179613,0.008402515,0.10633342,none
A017852,R06,1471.7,low,none,0.96732986,0.0074891914,0.00567298,0.019507954,none
A028636,R02,9061.97,high,none,0.857973,0.01471349,0.016059544,0.11125397,none
A024558,R00,13395.89,high,none,0.90089923,0.057066984,0.016246967,0.0257868,none
A023095,R02,5975.45,high,none,0.88861215,0.05440054,0.03707396,0.01991338,none
A029083,R00,3637.31,low,none,0.8972662,0.01942083,0.0036775647,0.07963542,none
A022487,R02,10182.13,high,none,0.92391974,0.019694742,0.03072062,0.02566495,none
A035703,R04,15735.34,high,none,0.8405623,0.03807293,0.08158101,0.039783753,none
A011736,R09,8202.66,high,none,0.83053255,0.0010791257,0.060191542,0.10819681,none
A011476,R09,6940.38,high,none,0.6476952,0.027803754,0.017933965,0.30656713,none
A030549,R04,3807.09,low,none,0.88883406,0.024593432,0.056290552,0.03028194,none
A009182,R08,12679.43,high,none,0.8245337,0.05055124,0.010828248,0.11408684,none
A023669,R00,13807.41,high,dd_stop,0.88575476,0.040415287,0.043275945,0.03055398,none
A034231,R00,1751.47,low,none,0.84852505,0.045567106,0.039241873,0.06666595,none
A033268,R09,7807.16,high,none,0.940065,0.0065442366,0.023084842,0.030305902,none
A023437,R07,1801.04,low,none,0.69747055,0.03103525,0.010781428,0.2607128,none
A014417,R08,12879.74,high,none,0.80854845,0.03484254,0.062828265,0.09378072,none
A035256,R00,44219.29,high,none,0.93856496,0.02023994,0.021008525,0.020186627,none
A000512,R06,6739.94,high,none,0.94051886,0.015075873,0.020335002,0.024070231,none
A005281,R03,7595.0,high,none,0.90990734,0.006672981,0.05332957,0.030090116,none
A014104,R02,5568.02,high,none,0.90121245,0.013813352,0.0502526,0.034721654,none
A009788,R08,21297.05,high,none,0.9823629,0.0008748643,0.0048793685,0.011882896,none
A028722,R00,4826.73,low,none,0.9381628,0.013272501,0.0147191705,0.033845488,none
A026191,R06,14679.33,high,none,0.8817283,0.031104133,0.059692238,0.027475309,none
A024283,R04,48417.85,high,none,0.89769846,0.008994818,0.051909767,0.04139692,none
A013115,R02,4953.13,low,none,0.83419746,0.04621384,0.097987294,0.021601373,none
A022792,R01,5842.55,high,none,0.9365754,0.007818625,0.024987504,0.030618425,none
A028376,R06,5391.21,high,none,0.90911937,0.033704594,0.03879839,0.018377606,none
A023255,R03,1587.97,low,none,0.8620871,0.024417238,0.021555064,0.09194067,none
A016269,R02,6375.75,high,none,0.7678653,0.09092735,0.025446841,0.11576055,none
A031459,R07,1048.53,low,none,0.9262467,0.0317777,0.009281513,0.0326941,none
A036473,R06,5138.33,high,none,0.8878989,0.02934172,0.0042428584,0.078516446,none
A014719,R09,5819.74,high,dd_stop,0.88435465,0.036078542,0.05508177,0.024485042,none
A026619,R01,4296.69,low,none,0.94346994,0.004464265,0.0186687,0.033397153,none
A021090,R04,1436.04,low,none,0.89033514,0.057389062,0.026632667,0.025643148,none
A006563,R08,11210.94,high,none,0.8560303,0.03611241,0.06539928,0.042458,none
A028997,R04,8636.81,high,none,0.9541375,0.008806405,0.004600087,0.032456003,none
A007581,R09,15013.98,high,none,0.8734403,0.025047207,0.0065266164,0.094985895,none
A013490,R07,11863.8,high,dormant,0.77393496,0.10042148,0.07524229,0.05040131,none
A001038,R04,5256.48,high,none,0.91051286,0.011789559,0.005767807,0.07192973,none
A024992,R05,381.81,low,none,0.94206727,0.0008308011,0.008258403,0.048843484,none
A023420,R00,10489.4,high,none,0.9147499,0.0007425425,0.06047445,0.02403304,none
A039349,R09,7183.32,high,none,0.9532766,0.002447704,0.019401262,0.024874453,none
A014765,R04,4348.11,low,none,0.95397854,0.018135792,0.003294611,0.024591107,none
A021793,R05,7395.88,high,none,0.87717026,0.060331114,0.028116452,0.034382172,none
A014064,R07,10867.95,high,none,0.9025383,0.049215276,0.03177797,0.016468436,none
A002705,R07,11453.54,high,none,0.9599027,0.015493617,0.004318522,0.020285182,none
A030175,R01,5018.64,high,dormant,0.42989284,0.012497593,0.03257571,0.52503383,dormant
A029312,R08,9395.69,high,none,0.9463871,0.01167939,0.015609008,0.02632443,none
A004227,R06,1709.04,low,none,0.93425363,0.04006168,0.0035689014,0.022115761,none
A002446,R08,3345.4,low,none,0.7748952,0.046537086,0.091360405,0.08720733,none
A008898,R09,5402.48,high,none,0.8979141,0.012907872,0.006094038,0.083083995,none
A031203,R04,4016.86,low,none,0.8176294,0.025364595,0.051302608,0.105703354,none
A004702,R06,9093.83,high,none,0.9420085,0.033129346,0.004423061,0.020439174,none
A021969,R07,2916.64,low,none,0.95085657,0.019552084,0.009865995,0.019725362,none
A035250,R04,5969.62,high,none,0.8743034,0.029661492,0.046383932,0.049651213,none
A009977,R05,2677.96,low,none,0.9537654,0.010901871,0.012451647,0.022881053,none
A038838,R07,7289.46,high,none,0.93723685,0.0029077302,0.039255697,0.020599741,none
A022922,R05,4482.41,low,none,0.87801,0.018327015,0.027124487,0.07653855,none
A012273,R08,2629.08,low,none,0.81562203,0.06637261,0.088312835,0.029692573,none
A028609,R05,7473.5,high,none,0.95214427,0.0008973766,0.022840245,0.024118114,none
A029036,R08,18096.97,high,none,0.9642711,0.015299317,0.0035831884,0.01684636,none
A004226,R00,5358.77,high,none,0.9503683,0.02023116,0.004112809,0.02528778,none
A035224,R09,1688.9,low,none,0.9497952,0.017760118,0.0063121193,0.026132567,none
A005824,R05,5025.2,high,none,0.8621886,0.032937255,0.010178401,0.09469573,none
A000794,R07,2096.35,low,dormant,0.84720296,0.049980696,0.028088082,0.07472828,none
A015278,R04,1915.5,low,none,0.95908684,0.014846462,0.0021785852,0.02388806,none
A000792,R07,2680.35,low,none,0.8810361,0.012158425,0.079191394,0.027614072,none
A017894,R05,3611.78,low,none,0.9112051,0.05031808,0.010986374,0.027490463,none
A034387,R05,5287.94,high,none,0.90475094,0.020726362,0.0037985453,0.07072419,none
A009352,R05,2926.64,low,large_withdrawal,0.93301874,0.037569128,0.0076270723,0.021785067,none
A008909,R02,1254.28,low,none,0.8660342,0.028574053,0.07748627,0.02790554,none
A008445,R01,5599.41,high,none,0.946152,0.018487768,0.003807093,0.03155313,none
A036402,R05,2168.05,low,none,0.88248366,0.015185839,0.012824634,0.08950587,none
A031893,R06,3944.72,low,none,0.8747606,0.0070260568,0.021195358,0.097017996,none
A033093,R06,27028.71,high,none,0.87137496,0.013152062,0.007847824,0.10762517,none
A011475,R05,5064.81,high,none,0.9465584,0.025884068,0.005747023,0.021810513,none
A002935,R00,6110.01,high,none,0.8510236,0.050350003,0.072373845,0.026252499,none
A010167,R01,2690.56,low,none,0.82384354,0.030013435,0.04790182,0.09824125,none
A016181,R04,33946.43,high,none,0.8930968,0.0009536377,0.057541188,0.048408445,none
A020834,R08,11816.71,high,none,0.7065128,0.013220845,0.01266675,0.26759958,none
A027828,R08,5587.51,high,none,0.9303104,0.030969385,0.012871106,0.025849085,none
A020146,R02,5901.49,high,none,0.94980603,0.00089814444,0.013404679,0.035891123,none
A033305,R04,15340.76,high,none,0.9173513,0.031072875,0.010336626,0.041239165,none
A000925,R00,2237.79,low,none,0.9458604,0.008663568,0.029340025,0.016136011,none
A011425,R06,4888.3,low,dormant,0.7119832,0.010942471,0.028802022,0.2482723,none
A035636,R05,6527.01,high,none,0.9547519,0.020100769,0.0030484349,0.022098841,none
A025948,R06,1385.61,low,none,0.92796624,0.01835094,0.032395028,0.021287788,none
A021224,R09,5200.23,high,none,0.94557947,0.016295759,0.012772538,0.025352288,none
A003239,R03,16892.65,high,none,0.9354973,0.026925419,0.014355547,0.02322169,none
A025202,R05,14159.75,high,none,0.7165679,0.0015038804,0.0045133606,0.27741492,none
A002500,R05,16208.1,high,none,0.8641455,0.037108403,0.029674666,0.06907137,none
A037337,R07,8921.5,high,none,0.760218,0.01779578,0.0043258285,0.21766041,none
A011873,R08,15388.92,high,dd_stop,0.9234984,0.0341448,0.00956548,0.032791357,none
A023935,R07,5487.79,high,none,0.9320319,0.014681039,0.024904342,0.028382689,none
A033713,R02,15908.1,high,none,0.93938243,0.0010266476,0.027595991,0.031994887,none
A012066,R06,3604.2,low,none,0.80472445,0.07932176,0.08391487,0.032038923,none
A005144,R04,11246.25,high,none,0.8207224,0.06578452,0.079548925,0.03394414,none
A004468,R03,7785.13,high,none,0.87728673,0.02250919,0.077529095,0.022674922,none
A009083,R01,3126.65,low,none,0.9173259,0.021681506,0.03320409,0.027788438,none
A009351,R06,4186.16,low,none,0.8631244,0.04272479,0.008747493,0.08540338,none
A003909,R09,31236.11,high,none,0.92508227,0.0361033,0.0061288546,0.032685626,none
A012910,R04,3113.84,low,none,0.82991606,0.06494955,0.06823294,0.036901418,none
A031281,R08,1796.62,low,none,0.8380741,0.038512077,0.08172877,0.04168504,none
A020536,R01,4578.53,low,none,0.8782545,0.021075303,0.034464434,0.06620575,none
A021539,R01,6543.87,high,none,0.92487735,0.054949846,0.0036499165,0.016522909,none
A029226,R05,8477.31,high,none,0.9581387,0.017345216,0.004190403,0.020325681,none
A028812,R04,6718.12,high,none,0.9383416,0.021895109,0.015605787,0.024157472,none
A028168,R08,1783.12,low,none,0.88766664,0.021938518,0.05301695,0.03737782,none
A012666,R02,10281.62,high,none,0.8108685,0.13706207,0.033783413,0.018286014,none
A031068,R06,11426.04,high,none,0.9493312,0.010840488,0.018392958,0.02143531,none
A037657,R06,4487.73,low,none,0.84876907,0.033818014,0.033695452,0.08371745,none
A026161,R02,12226.47,high,none,0.9688196,0.014008315,0.0026461033,0.014525962,none
A010890,R09,7596.8,high,none,0.8633646,0.030141942,0.07393185,0.032561682,none
A033095,R07,4629.64,low,none,0.87377757,0.09089816,0.0091559915,0.026168248,none
A035116,R06,29487.35,high,none,0.9368417,0.03596424,0.006620964,0.020573057,none
A003880,R04,15747.02,high,none,0.9413802,0.02819821,0.0088576535,0.021563908,none
A016079,R08,20088.78,high,none,0.9265084,0.050302684,0.00778869,0.015400195,none
A021371,R07,21623.85,high,none,0.8550302,0.035591517,0.08657663,0.022801628,none
A017797,R04,4280.71,low,none,0.8777302,0.030364469,0.03887447,0.053030826,none
A016070,R03,1869.65,low,none,0.8404759,0.066619515,0.041018352,0.05188615,none
A015663,R09,1227.82,low,none,0.8884531,0.020829778,0.045881256,0.044835903,none
A023905,R08,3098.99,low,none,0.94030654,0.03569234,0.0055120126,0.018489132,none
A027192,R00,3044.12,low,none,0.8485222,0.0833279,0.04883456,0.01931536,none
A023492,R05,19879.88,high,none,0.9383831,0.014700325,0.0123440325,0.03457252,none
A011334,R03,18717.62,high,none,0.7482137,0.022292726,0.00714798,0.22234553,none
A039386,R02,4043.6,low,none,0.92464215,0.045639005,0.0073125334,0.022406338,none
A015108,R05,9070.37,high,none,0.8122529,0.07595341,0.03086916,0.080924585,none
A027037,R00,6756.41,high,none,0.9188753,0.03486287,0.017020913,0.029240983,none
A003172,R04,12692.18,high,none,0.8586429,0.03775115,0.06824114,0.035364766,none
A021518,R05,3845.81,low,none,0.8841971,0.046881754,0.027007977,0.0419132,none
A016624,R08,4250.38,low,none,0.9600462,0.0008798002,0.009987304,0.029086668,none
A032766,R05,18893.12,high,none,0.88906175,0.013782932,0.0035010201,0.093654335,none
A037746,R00,22888.82,high,none,0.8823793,0.020214766,0.042061586,0.05534436,none
A012997,R01,4688.07,low,none,0.9162626,0.0061443313,0.0042869155,0.07330613,none
A017124,R05,39742.23,high,none,0.92429507,0.016353033,0.023507088,0.035844788,none
A002372,R06,4217.0,low,dormant,0.9109191,0.022276426,0.037035774,0.029768696,none
A015736,R00,15977.79,high,none,0.71172035,0.09015863,0.021259151,0.17686187,none
A022742,R09,2735.98,low,none,0.85537565,0.07008013,0.058712568,0.015831633,none
A031994,R03,2770.49,low,dormant,0.93810815,0.007970865,0.015883775,0.038037222,none
A011573,R00,2741.42,low,none,0.67879677,0.03358211,0.0061097504,0.2815114,none
A030847,R02,8319.99,high,none,0.7912004,0.012328786,0.07578848,0.12068236,none
A039624,R09,5116.6,high,none,0.9074203,0.030104918,0.026847394,0.035627395,none
A011113,R09,3826.36,low,none,0.9257188,0.049357515,0.0066817566,0.018241934,none
A031594,R09,2760.98,low,none,0.8607326,0.024214605,0.03649502,0.0785578,none
A034516,R09,2567.92,low,none,0.85572124,0.029814698,0.03298819,0.08147587,none
A012856,R02,5000.51,high,none,0.964817,0.00081314525,0.0080480585,0.026321772,none
A030387,R00,1765.86,low,none,0.89730793,0.019308332,0.051414385,0.031969335,none
A017634,R07,12167.58,high,none,0.8707055,0.011211534,0.04578324,0.072299816,none
A029595,R00,1379.0,low,none,0.80533797,0.008269293,0.073997736,0.112395026,none
A000813,R05,9235.29,high,none,0.83060896,0.014159916,0.05220241,0.10302872,none
A006864,R01,10835.66,high,large_withdrawal,0.8006209,0.14280593,0.032319784,0.024253419,none
A008330,R07,1939.25,low,none,0.9668445,0.0045361803,0.005374074,0.023245275,none
A031992,R02,7805.97,high,large_withdrawal,0.92761695,0.04919683,0.008870108,0.014316073,none
A021703,R05,2341.99,low,none,0.87195206,0.07778844,0.035285134,0.014974348,none
A034829,R01,3242.39,low,none,0.86975014,0.022450583,0.07109608,0.03670317,none
A034087,R07,10504.95,high,none,0.90804553,0.022707729,0.052307345,0.01693944,none
A007275,R03,1493.74,low,none,0.95151615,0.013077596,0.008022921,0.02738331,none
A022993,R05,10317.46,high,none,0.8472115,0.013040679,0.058079205,0.08166865,none
A003381,R08,4609.98,low,none,0.9195304,0.05592034,0.011960892,0.012588378,none
A032186,R06,3798.69,low,none,0.8737461,0.03031528,0.0066459426,0.08929273,none
A028664,R08,6178.58,high,none,0.93161243,0.036794227,0.013335794,0.018257618,none
A005249,R06,3078.26,low,none,0.8263505,0.05578858,0.09458395,0.02327693,none
A012485,R07,5622.29,high,none,0.8552488,0.04947255,0.07617933,0.019099265,none
A008029,R09,2406.89,low,none,0.9158396,0.024588784,0.033986352,0.025585284,none
A001291,R01,6761.77,high,none,0.73876,0.011602706,0.03606469,0.21357262,none
A019326,R08,1090.35,low,none,0.95374113,0.0012512609,0.011391628,0.03361596,none
A031001,R07,3268.25,low,dormant,0.81660783,0.040791266,0.02816401,0.1144369,none
A011918,R04,1063.59,low,none,0.8210912,0.0734818,0.089569606,0.015857488,none
A008198,R07,9691.29,high,none,0.912001,0.04160027,0.01801321,0.028385468,none
A011757,R01,4108.15,low,none,0.90813553,0.01854356,0.040930368,0.032390505,none
A008979,R04,4934.47,low,none,0.9012746,0.05313599,0.020656569,0.024932873,none
A025906,R00,13829.44,high,none,0.9172385,0.013004556,0.0033777733,0.06637917,none
A004645,R04,702.63,low,none,0.90202105,0.06056313,0.0202071,0.017208712,none
A027468,R05,1240.86,low,none,0.9346846,0.04799497,0.003912046,0.013408402,none
A032144,R02,6612.96,high,large_withdrawal,0.8433692,0.019618573,0.029262366,0.10774989,none
A033481,R03,2968.78,low,none,0.9495263,0.016364744,0.008708873,0.025400136,none
A039028,R07,2175.42,low,none,0.9253981,0.048285313,0.008597321,0.017719287,none
A036305,R07,39280.59,high,dormant,0.9020896,0.0039608655,0.01011882,0.083830744,none
A019334,R04,6102.53,high,none,0.90296054,0.059449352,0.022648817,0.014941315,none
A018122,R09,12420.47,high,none,0.9196943,0.04314956,0.020552361,0.016603732,none
A018549,R07,1896.79,low,none,0.8439495,0.05815548,0.05322339,0.04467169,none
A010644,R02,3536.31,low,none,0.90035856,0.03147697,0.031091264,0.037073288,none
A031227,R02,5346.57,high,none,0.8635799,0.06904782,0.041160733,0.026211547,none
A037374,R00,10743.98,high,none,0.931832,0.020165602,0.018832259,0.029170182,none
A030041,R02,19149.75,high,dormant,0.516667,0.00086982583,0.015914008,0.46654916,none
A035615,R08,6820.84,high,none,0.88957787,0.009958657,0.020467531,0.07999599,none
A031141,R00,4147.79,low,none,0.9412509,0.012357009,0.02271962,0.023672467,none
A032061,R02,3887.7,low,large_withdrawal,0.941856,0.034662046,0.011034807,0.012447127,none
A016255,R07,2405.07,low,none,0.8703673,0.014194473,0.048675362,0.06676282,none
A017130,R02,3028.21,low,dormant,0.84007186,0.052819245,0.077527426,0.029581444,none
A029693,R06,1719.3,low,none,0.8282878,0.011504452,0.055985335,0.10422244,none
A015118,R06,1395.98,low,none,0.88126415,0.06262174,0.036581974,0.019532116,none
A003358,R01,18570.74,high,none,0.86877406,0.062468853,0.050183035,0.01857403,none
A006759,R07,7874.92,high,dormant,0.89600664,0.023962893,0.016743721,0.063286684,none
A027291,R01,14482.43,high,none,0.88934803,0.010127217,0.07730058,0.02322417,none
A001164,R01,2973.58,low,none,0.84154844,0.10199612,0.022917904,0.03353751,none
A018783,R00,46178.01,high,none,0.90231735,0.01544576,0.004423036,0.077813834,none
A003188,R03,1758.5,low,none,0.81007427,0.05789675,0.03178345,0.100245565,none
A003177,R09,2659.07,low,none,0.87649274,0.030459864,0.047041103,0.046006326,none
A016077,R08,1829.56,low,none,0.90076727,0.031000942,0.037335772,0.030895945,none
A019835,R05,1120.79,low,none,0.8653279,0.0011020069,0.035812806,0.097757295,none
A005704,R07,322.99,low,none,0.9333982,0.0012829984,0.03597113,0.029347729,none
A006642,R08,1269.2,low,none,0.9287331,0.014889724,0.03192546,0.024451688,none
A024942,R00,182.48,low,none,0.9197168,0.016763836,0.008829179,0.05469016,none
A024202,R07,15925.31,high,none,0.87568384,0.020287458,0.0062705963,0.09775816,none
A028034,R00,1747.5,low,none,0.949971,0.005432112,0.011813281,0.032783635,none
A020319,R08,7512.56,high,none,0.91201895,0.024082104,0.028124837,0.035774164,none
A037905,R05,14073.6,high,none,0.8552456,0.07342492,0.050610937,0.020718498,none
A011818,R01,7961.27,high,none,0.85933477,0.044579998,0.018553322,0.07753186,none
A010860,R09,2221.5,low,none,0.9374323,0.04005534,0.0048448634,0.017667497,none
A025057,R05,2284.83,low,none,0.8974745,0.048837904,0.023085633,0.030601934,none
A022375,R07,2305.44,low,dd_stop,0.86303806,0.0322469,0.077225804,0.0274893,none
A033329,R00,4333.85,low,none,0.91603243,0.029350098,0.031855956,0.022761574,none
A033989,R03,103238.44,high,none,0.8699847,0.0028676356,0.017079987,0.11006773,none
A000197,R09,6720.53,high,none,0.89336604,0.024699835,0.048019443,0.033914704,none
A030417,R01,25886.61,high,dd_stop,0.8784431,0.0073564914,0.077920005,0.036280435,none
A038430,R04,3547.85,low,none,0.90830064,0.013424075,0.013671033,0.064604186,none
A020153,R08,16692.44,high,none,0.9621126,0.0154273305,0.0028378302,0.019622244,none
A004558,R02,8762.35,high,none,0.7823744,0.017218573,0.08116095,0.11924607,none
A011734,R02,2080.26,low,none,0.8389883,0.043216843,0.06938356,0.048411313,none
A021275,R02,7920.93,high,none,0.93724644,0.027516365,0.01620865,0.019028546,none
A023141,R08,21749.54,high,none,0.802176,0.045900676,0.12204195,0.02988138,none
A016557,R00,21659.04,high,none,0.8834401,0.07113356,0.011516287,0.03391004,none
A004703,R04,3605.86,low,none,0.53297424,0.06849866,0.04206877,0.35645834,none
A006598,R00,1523.01,low,none,0.9509643,0.0016208643,0.003605366,0.043809503,none
A027121,R05,7627.83,high,none,0.92980856,0.0072691706,0.04932905,0.013593258,none
A001395,R04,1512.3,low,none,0.5818674,0.022785494,0.060781777,0.33456528,none
A039443,R02,22312.76,high,none,0.85074425,0.0019624787,0.027951524,0.119341716,none
A012180,R04,11355.5,high,none,0.84201366,0.05016812,0.0339127,0.07390556,none
A007882,R03,9936.4,high,none,0.8784548,0.026002008,0.020468803,0.07507438,none
A011506,R08,3867.44,low,none,0.8876928,0.051780462,0.035530217,0.02499657,none
A012206,R05,6326.24,high,none,0.9358597,0.016696243,0.028813656,0.018630499,none
A003229,R05,13050.32,high,none,0.860469,0.053645078,0.060155578,0.025730323,none
A037553,R02,11374.92,high,large_withdrawal,0.79930174,0.05171286,0.035757758,0.1132276,none
A030565,R07,13727.85,high,large_withdrawal,0.80844086,0.024645245,0.09532961,0.071584314,none
A007223,R06,35045.36,high,none,0.9683146,0.012080429,0.0030916403,0.016513376,none
A029940,R00,26223.78,high,dd_stop,0.84822536,0.018560024,0.009191536,0.12402305,none
A001154,R01,2821.64,low,none,0.8841787,0.041649386,0.038852323,0.03531962,none
A033919,R04,1765.8,low,none,0.8197437,0.034366623,0.11452049,0.031369124,none
A027134,R06,1840.8,low,none,0.84599775,0.033440053,0.08687167,0.033690527,none
A035239,R06,2261.23,low,none,0.84478647,0.052557334,0.0665952,0.03606105,none
A031289,R05,10087.41,high,none,0.88883114,0.01810213,0.06378294,0.029283801,none
A031912,R04,2403.55,low,large_withdrawal,0.9458522,0.014268117,0.0140039865,0.025875723,none
A028557,R09,3995.2,low,none,0.9583712,0.0231386,0.004603181,0.013886941,none
A029288,R00,15716.99,high,none,0.9506929,0.023082765,0.004741238,0.021483053,none
A037835,R00,11062.43,high,none,0.92709696,0.030642064,0.025461126,0.016799863,none
A019087,R06,12798.73,high,none,0.76047784,0.084975086,0.03986883,0.114678234,none
A013619,R04,3281.08,low,none,0.9505533,0.0113673275,0.013407691,0.024671663,none
A038903,R02,2686.83,low,none,0.6775804,0.005969589,0.056000404,0.26044962,none
A034074,R09,2805.53,low,none,0.94415015,0.01887355,0.0057289386,0.031247402,none
A037199,R01,53250.15,high,none,0.93443435,0.009803678,0.009365121,0.046396803,none
A034795,R03,7496.79,high,none,0.86244994,0.0768656,0.04238434,0.018300127,none
A030878,R01,5454.21,high,dormant,0.94844455,0.01100174,0.0044454457,0.03610826,none
A020033,R08,2613.54,low,none,0.85845417,0.022532633,0.025096014,0.09391718,none
A004223,R07,1766.18,low,none,0.7224736,0.021500463,0.04493183,0.21109411,none
A014201,R07,42491.05,high,dormant,0.9232701,0.0070526837,0.041124348,0.028552797,none
A030028,R09,2376.29,low,none,0.78408676,0.025252843,0.058113478,0.13254689,none
A007933,R06,21008.9,high,none,0.95682836,0.01615411,0.0050048637,0.022012651,none
A033418,R08,6844.85,high,dormant,0.8981829,0.012302817,0.0054692174,0.0840451,none
A004773,R00,6419.7,high,none,0.8813174,0.023343679,0.0721013,0.023237597,none
A017973,R08,13380.45,high,none,0.83008474,0.05935848,0.06944709,0.041109674,none
A019015,R00,5434.95,high,none,0.93863696,0.01791815,0.01192803,0.0315168,none
A026317,R01,6716.71,high,none,0.8895305,0.05685285,0.030246299,0.023370342,none
A027821,R02,11524.66,high,large_withdrawal,0.91087145,0.030858539,0.007445455,0.050824538,none
A021372,R01,2140.49,low,none,0.8799939,0.007704279,0.0049218633,0.10737991,none
A011908,R00,11184.84,high,none,0.9575503,0.0041525518,0.008497498,0.029799623,none
A039925,R04,1685.21,low,none,0.72510874,0.030052891,0.019381361,0.22545707,none
A021786,R05,23050.95,high,none,0.8866702,0.038191974,0.050454266,0.024683567,none
A028135,R00,23730.21,high,none,0.8510657,0.034634486,0.019207302,0.09509257,none
A010499,R04,69424.95,high,none,0.92858934,0.026991205,0.017321525,0.027097931,none
A033080,R09,11515.74,high,none,0.87307143,0.024195176,0.011044221,0.09168918,none
A024272,R04,15650.81,high,none,0.74732345,0.0075731757,0.10453118,0.14057218,none
A030324,R01,709.72,low,none,0.9508887,0.015235134,0.017638512,0.016237663,none
A025338,R07,10352.13,high,none,0.8827543,0.018154658,0.028171519,0.07091945,none
A006603,R06,6582.84,high,none,0.8597727,0.022218006,0.050464466,0.067544825,none
A005307,R01,1556.46,low,none,0.90233266,0.008251788,0.045903586,0.04351196,none
A029518,R07,1678.97,low,none,0.84237385,0.058898658,0.009765284,0.08896218,none
A037789,R06,2248.32,low,none,0.9625233,0.0075458987,0.005878526,0.024052262,none
A016169,R04,13259.21,high,none,0.93060225,0.005345329,0.040009286,0.024043163,none
A014336,R06,20051.39,high,none,0.8708902,0.004677718,0.005657503,0.11877452,none
A027099,R03,2789.13,low,none,0.8466096,0.01648372,0.08655634,0.05035039,none
A014652,R00,3458.01,low,none,0.9092393,0.026380135,0.0363536,0.028027007,none
A012193,R01,4833.62,low,none,0.75580996,0.1008811,0.048673686,0.094635226,none
A013212,R06,9599.82,high,none,0.9266074,0.0037712706,0.045547552,0.024073832,none
A005455,R05,4628.23,low,dormant,0.95483303,0.020507673,0.004459438,0.020199833,none
A024627,R00,1283.95,low,none,0.9357445,0.014575317,0.016070375,0.033609834,none
A023096,R03,585.19,low,large_withdrawal,0.907752,0.034035742,0.02950682,0.028705439,none
A026500,R07,38247.43,high,none,0.9389243,0.02093696,0.009245077,0.030893637,none
A000881,R02,5467.91,high,none,0.9241295,0.038612604,0.01421372,0.023044132,none
A034299,R01,895.48,low,none,0.89074016,0.05184129,0.040160816,0.017257756,none
A011785,R05,2267.85,low,none,0.82938,0.0990113,0.049041808,0.02256691,none
A027335,R08,4446.39,low,none,0.9433185,0.009894249,0.014828683,0.03195859,none
A031763,R00,5122.71,high,none,0.954933,0.017828377,0.010844031,0.016394561,none
A001302,R01,13965.22,high,none,0.8474051,0.025204357,0.041820005,0.08557054,none
A026454,R09,5667.45,high,none,0.9368059,0.026702957,0.019674309,0.0168168,none
A029115,R00,608.82,low,none,0.77160203,0.1651815,0.043724515,0.01949197,none
A011241,R07,2828.01,low,none,0.9581121,0.005790564,0.016336992,0.019760324,none
A000324,R05,1493.47,low,none,0.88889754,0.0016316873,0.06852872,0.040942058,none
A020278,R08,9029.33,high,none,0.8791297,0.030894138,0.012851646,0.077124536,none
A018736,R05,2113.24,low,none,0.90928286,0.07078952,0.009020415,0.010907227,none
A027774,R07,14627.59,high,none,0.8411918,0.086858965,0.049528047,0.02242115,none
A011259,R02,4537.97,low,none,0.88160324,0.016139382,0.050158836,0.052098565,none
A009515,R04,2342.45,low,none,0.82087845,0.04261356,0.037521627,0.098986365,none
A023073,R05,1525.83,low,none,0.88535625,0.018185098,0.07048299,0.02597565,none
A007999,R07,534.71,low,none,0.9020283,0.015783941,0.013836436,0.06835131,none
A032785,R03,5552.02,high,none,0.85487545,0.057494733,0.06674786,0.020881943,none
A005170,R06,7475.18,high,none,0.88581014,0.013720977,0.06538362,0.0350852,none
A005976,R08,5041.44,high,none,0.80820185,0.025509935,0.073638275,0.09264997,none
A036859,R05,28534.9,high,none,0.90207225,0.008229585,0.0064039985,0.08329418,none
A006065,R07,4069.38,low,none,0.9495897,0.028200932,0.005178046,0.017031286,none
A009572,R01,13279.92,high,none,0.93830407,0.018781647,0.013759797,0.029154526,none
A001762,R07,47783.87,high,none,0.9408009,0.021220228,0.010652351,0.02732646,none
A021813,R07,1340.11,low,none,0.8237467,0.0131227225,0.0037151538,0.15941545,none
A028361,R08,8249.41,high,none,0.94975376,0.034469973,0.003939951,0.01183635,none
A027804,R07,30876.93,high,none,0.94017017,0.0191724,0.014342802,0.026314605,none
A038374,R03,1346.58,low,none,0.80690753,0.06501348,0.018863846,0.10921521,none
A015256,R02,14687.47,high,none,0.9503395,0.02664401,0.0027590068,0.020257495,none
A009829,R00,22411.44,high,none,0.9605907,0.024150686,0.0030510218,0.012207585,none
A005504,R05,19779.06,high,none,0.9266956,0.003035242,0.040541533,0.02972763,none
A008127,R05,15482.95,high,none,0.89153093,0.053024266,0.025531609,0.029913153,none
A032193,R00,15275.09,high,none,0.9085255,0.033491354,0.036035746,0.021947352,none
A021254,R01,6685.63,high,none,0.9471966,0.0011372023,0.031187378,0.020478811,none
A014519,R02,41921.58,high,none,0.9202542,0.03530396,0.0067432546,0.037698627,none
A012438,R01,22175.9,high,none,0.8876756,0.020047812,0.054434028,0.0378426,none
A033867,R07,4791.92,low,none,0.91667414,0.024927523,0.034561034,0.023837257,none
A034393,R04,1796.44,low,none,0.8712916,0.019135674,0.07632071,0.033252064,none
A000299,R06,25421.93,high,none,0.89648026,0.03289462,0.0046159523,0.06600917,none
A031701,R05,1876.29,low,large_withdrawal,0.9321036,0.026772266,0.010127431,0.030996684,none
A036503,R02,5141.54,high,none,0.95572245,0.013652124,0.007149829,0.02347566,none
A009496,R08,10471.46,high,none,0.8522082,0.084475026,0.03728576,0.026031036,none
A013377,R09,6622.98,high,dormant,0.8351504,0.017894581,0.06815455,0.078800514,none
A008665,R06,4781.66,low,large_withdrawal,0.70552343,0.05913505,0.014112856,0.22122864,none
A012642,R02,10545.54,high,none,0.9023581,0.001176692,0.05886134,0.037603855,none
A010212,R04,21149.67,high,none,0.58197236,0.011630736,0.0055847075,0.40081218,none
A013919,R08,4542.74,low,none,0.91251636,0.02964334,0.037557494,0.020282771,none
A008937,R00,3629.35,low,none,0.9168127,0.016095636,0.03866394,0.028427694,none
A008974,R09,11054.96,high,none,0.7643872,0.019704476,0.024911795,0.19099654,none
A001585,R03,466.88,low,none,0.88282675,0.023716744,0.008106821,0.08534967,none
A018969,R04,21743.95,high,none,0.95998013,0.012635529,0.0028997667,0.024484523,none
A027386,R09,2018.42,low,none,0.57389104,0.023276605,0.007097775,0.39573458,none
A016703,R02,40798.05,high,none,0.9266666,0.027800169,0.0057117334,0.03982145,none
A002623,R03,5521.03,high,none,0.90794456,0.008255717,0.023185894,0.060613856,none
A013328,R09,5978.58,high,none,0.9058092,0.000578176,0.016692957,0.07691956,none
A003543,R08,8357.79,high,none,0.90269333,0.021460949,0.050233584,0.025612116,none
A001442,R08,2994.81,low,none,0.95334864,0.013185168,0.0051556537,0.028310593,none
A013050,R05,1467.09,low,none,0.90788436,0.045836028,0.034071956,0.0122077,none
A000290,R06,4371.15,low,none,0.6563649,0.032186415,0.06549867,0.24595001,none
A016590,R03,8300.84,high,none,0.92374545,0.058869623,0.0052068965,0.012178007,none
A019330,R02,1962.0,low,none,0.9537123,0.00700133,0.0076594935,0.03162686,none
A000757,R05,600.2,low,none,0.86928815,0.016297396,0.032936938,0.08147754,none
A011709,R06,6216.26,high,none,0.8907488,0.027910382,0.055612657,0.025728136,none
A003946,R03,8180.18,high,dormant,0.88068396,0.0013682713,0.0119305365,0.10601724,none
A011372,R09,2362.84,low,none,0.7126064,0.027320914,0.035724994,0.22434773,none
A012705,R04,4423.42,low,none,0.9435513,0.005601633,0.028163252,0.022683855,none
A032015,R00,2409.67,low,none,0.89291984,0.037423424,0.03529898,0.034357734,none
A020450,R03,3829.85,low,none,0.8737313,0.058759935,0.036491614,0.031017171,none
A005365,R06,11300.05,high,none,0.91572684,0.058147687,0.008750735,0.01737471,none
A035022,R03,4507.5,low,none,0.93780303,0.015949387,0.02219946,0.024048103,none
A016878,R04,1195.29,low,none,0.8531918,0.00844064,0.02816857,0.11019897,none
A034927,R04,2409.6,low,none,0.7701899,0.0023519455,0.028680522,0.19877766,none
A029535,R01,902.49,low,none,0.8584088,0.053396404,0.05507085,0.03312394,none
A033844,R05,1673.24,low,none,0.96706563,0.009728307,0.012860117,0.010345947,none
A008428,R01,11865.55,high,none,0.96280545,0.015544805,0.004401634,0.017248137,none
A033622,R00,6364.92,high,none,0.89074767,0.027064653,0.02822634,0.053961348,none
A000136,R04,1828.3,low,none,0.90505105,0.031898145,0.0384715,0.024579301,none
A014436,R05,4913.0,low,none,0.8376695,0.06282609,0.018829394,0.08067509,none
A034135,R09,35584.1,high,none,0.8367223,0.040455904,0.019941056,0.102880746,none
A001278,R03,1309.96,low,none,0.9280715,0.013634476,0.029383015,0.028911,none
A012558,R05,3962.71,low,none,0.8014938,0.09617677,0.06965986,0.032669615,none
A020267,R03,7749.23,high,none,0.91356003,0.049088728,0.018296763,0.019054426,none
A038286,R03,7933.93,high,none,0.8980646,0.066598,0.014338857,0.020998478,none
A024763,R02,2832.03,low,none,0.85905796,0.00090405165,0.10010722,0.03993082,none
A031097,R09,6725.16,high,none,0.9132409,0.0009601294,0.054010153,0.031788804,none
A025936,R07,20087.95,high,none,0.92397404,0.016333072,0.0033824858,0.056310344,none
A034521,R00,4766.24,low,none,0.89584804,0.020734992,0.0054153777,0.07800157,none
A009417,R01,45233.74,high,dd_stop,0.85923517,0.0071834,0.09922534,0.03435611,none
A001988,R03,33406.22,high,none,0.9147164,0.035220485,0.022432214,0.027630867,none
A033322,R06,11756.94,high,none,0.87795264,0.015518508,0.014826764,0.09170217,none
A025419,R09,4733.63,low,none,0.94315094,0.03715942,0.005754199,0.013935384,none
A002767,R09,3094.76,low,none,0.95060426,0.015888289,0.012387212,0.021120312,none
A020504,R05,29386.24,high,dd_stop,0.85131496,0.024696559,0.06444679,0.059541672,none
A036617,R03,13812.03,high,none,0.7995941,0.05956994,0.111990795,0.028845157,none
A027545,R05,13310.17,high,none,0.85745454,0.062476177,0.010338753,0.06973052,none
A033676,R09,14789.0,high,none,0.9106493,0.03638229,0.03235649,0.020611942,none
A025301,R08,2614.83,low,none,0.9402111,0.0060465503,0.030050702,0.023691602,none
A031387,R08,3159.46,low,none,0.85521865,0.008742614,0.032061838,0.10397694,none
A038217,R00,3594.02,low,none,0.9281005,0.021040801,0.007078158,0.043780513,none
A038783,R00,17555.27,high,none,0.80998164,0.09433918,0.07243455,0.023244625,none
A017964,R04,3303.51,low,none,0.9589562,0.012713479,0.0046249176,0.023705408,none
A034629,R04,5164.66,high,none,0.9137914,0.04099156,0.014137921,0.031079115,none
A036148,R07,5054.3,high,none,0.9266813,0.042486757,0.007950611,0.022881333,none
A036452,R05,3474.81,low,none,0.9526479,0.0203776,0.00842788,0.01854661,none
A005581,R06,9356.17,high,none,0.92911214,0.00876971,0.03738161,0.024736494,none
A023419,R07,2289.53,low,none,0.8896854,0.02350863,0.060436334,0.026369572,none
A026732,R03,937.36,low,dormant,0.8922947,0.008373704,0.0072335657,0.09209799,none
A009131,R08,12090.55,high,none,0.8433152,0.06922376,0.060769856,0.026691165,none
A025378,R04,12984.79,high,dormant,0.86852986,0.074482016,0.027401181,0.029586898,none
A006911,R00,8707.81,high,none,0.87170726,0.032583743,0.027776547,0.06793241,none
A038451,R07,4630.18,low,none,0.9493071,0.0008585844,0.018573126,0.031261265,none
A024270,R00,8830.69,high,none,0.8640517,0.017611006,0.009317983,0.1090193,none
A015844,R04,6166.1,high,none,0.84138834,0.023192314,0.015348128,0.12007125,none
A036393,R07,6041.06,high,none,0.8286096,0.012286976,0.08323083,0.07587266,none
A015064,R03,5194.94,high,none,0.9303045,0.026031882,0.023663325,0.020000217,none
A009511,R05,3236.27,low,dd_stop,0.90489274,0.0013174607,0.053818207,0.039971646,none
A020869,R06,1549.69,low,none,0.8858944,0.009976701,0.012515807,0.09161309,none
A030147,R00,24949.04,high,none,0.9161989,0.046943057,0.009771254,0.027086785,none
A036696,R01,1420.55,low,none,0.836574,0.0071785282,0.033610463,0.12263701,none
A004722,R09,3918.46,low,none,0.7791223,0.06896288,0.12216925,0.02974559,none
A011182,R08,2418.52,low,none,0.96496135,0.01630897,0.0024933764,0.016236296,none
A004854,R00,22333.93,high,none,0.9401967,0.00059618824,0.032550294,0.026656859,none
A010001,R02,28986.93,high,none,0.869965,0.022725493,0.0037829485,0.103526525,none
A016735,R09,7290.92,high,none,0.8494365,0.09506588,0.034449775,0.021047808,none
A001158,R03,6290.36,high,none,0.9272384,0.041920166,0.013402427,0.017438957,none
A035644,R02,6775.14,high,none,0.62749815,0.028892783,0.0041750823,0.33943397,none
A004610,R00,3998.24,low,none,0.92788863,0.03266558,0.013292328,0.026153388,none
A028316,R02,57772.63,high,none,0.850599,0.00069829205,0.0058601974,0.14284252,none
A005183,R02,2690.61,low,none,0.94051844,0.042992715,0.0037234228,0.012765464,none
A005328,R06,6212.81,high,none,0.8135428,0.058772307,0.03622391,0.09146098,none
A012964,R03,9128.41,high,none,0.9020065,0.0688212,0.012625878,0.0165464,none
A009189,R02,1690.8,low,large_withdrawal,0.841971,0.03435172,0.08011652,0.043560755,none
A024930,R04,11210.3,high,none,0.8696789,0.038791373,0.00771998,0.0838097,none
A039138,R01,1960.96,low,none,0.9216872,0.026403733,0.027567321,0.024341749,none
A021470,R02,6155.09,high,dd_stop,0.8194415,0.08784102,0.06249037,0.030227052,none
A011555,R09,52376.43,high,none,0.9080646,0.013996506,0.054456823,0.023482086,none
A004522,R09,8319.98,high,none,0.9149791,0.018002506,0.032021657,0.034996714,none
A011712,R01,195.0,low,none,0.80192983,0.04268333,0.05894234,0.09644447,none
A022401,R02,37078.21,high,none,0.90946436,0.008701547,0.025826024,0.0560081,none
A009852,R02,8563.24,high,dormant,0.644662,0.00095653685,0.0036047446,0.3507767,none
A036369,R09,12745.68,high,none,0.9697855,0.014032736,0.003459836,0.0127219455,none
A015264,R00,10922.21,high,none,0.870709,0.025480874,0.030250253,0.073559836,none
A004835,R08,7041.89,high,large_withdrawal,0.8611103,0.038853113,0.06814097,0.03189556,none
A009652,R01,1973.67,low,none,0.78171617,0.1576086,0.041493494,0.019181764,none
A022176,R08,443.55,low,none,0.9546807,0.021541124,0.0032173414,0.020560862,none
A021830,R09,10409.13,high,large_withdrawal,0.8547628,0.08163666,0.045150686,0.018449822,none
A021528,R09,14685.33,high,none,0.94732344,0.009685652,0.019104458,0.023886472,none
A020448,R03,5000.7,high,none,0.79549783,0.009927292,0.07147821,0.12309665,none
A011265,R02,3557.07,low,none,0.8552928,0.009495493,0.031118436,0.10409326,none
A021644,R03,656.44,low,none,0.9310614,0.020889135,0.023085011,0.024964426,none
A024894,R06,11931.66,high,none,0.88883156,0.07581857,0.01603399,0.019315884,none
A019320,R05,24623.25,high,dd_stop,0.89662576,0.06730047,0.019311361,0.016762432,none
A027949,R04,4686.08,low,none,0.9347622,0.026035378,0.014290503,0.024911994,none
A005208,R02,4863.62,low,dormant,0.67230105,0.016992697,0.021493679,0.28921258,none
A015444,R00,9696.44,high,none,0.9101069,0.038110442,0.029131701,0.022650985,none
A034096,R00,1529.23,low,none,0.9009698,0.017446116,0.03310758,0.048476532,none
A021805,R09,22930.23,high,dd_stop,0.83271456,0.020047598,0.058010396,0.08922745,none
A019424,R05,7001.29,high,none,0.8812988,0.025683768,0.06746746,0.025550032,none
A021623,R03,3039.56,low,none,0.948783,0.009493839,0.009990095,0.031733036,none
A023637,R07,10656.39,high,none,0.8220216,0.030622834,0.062030982,0.08532461,none
A038778,R08,9273.49,high,dd_stop,0.901013,0.053314406,0.028858425,0.016814178,none
A035674,R07,10905.49,high,none,0.8439626,0.005402159,0.022347268,0.1282879,none
A008382,R08,1167.32,low,none,0.9469606,0.015135425,0.022046141,0.01585784,none
A026699,R07,20248.21,high,none,0.8656058,0.07272484,0.032057393,0.029612029,none
A029020,R08,3063.26,low,none,0.758117,0.044899054,0.06379461,0.13318928,none
A013450,R00,950.62,low,none,0.8735337,0.06671203,0.02623264,0.0335216,none
A008292,R06,1720.52,low,none,0.88871235,0.019746542,0.015338016,0.07620313,none
A025045,R04,10499.11,high,dormant,0.12935418,0.0040626335,0.0059636175,0.8606196,dormant
A036533,R08,19769.18,high,dormant,0.7716768,0.02488224,0.053347427,0.15009359,none
A005660,R09,556.93,low,none,0.7085384,0.015594297,0.027480787,0.2483865,none
A013721,R03,3886.16,low,none,0.8839701,0.030996403,0.043961994,0.04107151,none
A031911,R09,12155.92,high,none,0.9474565,0.015381706,0.016901806,0.020260017,none
A017090,R04,1920.41,low,none,0.8946025,0.041505292,0.039188467,0.024703747,none
A016364,R06,14892.43,high,none,0.91811216,0.046051558,0.015714118,0.020122204,none
A018861,R07,4908.77,low,large_withdrawal,0.95603645,0.022040226,0.00469105,0.017232254,none
A035217,R04,3343.88,low,none,0.88521844,0.027727451,0.0067814332,0.080272675,none
A012369,R00,2636.4,low,none,0.90981203,0.03809964,0.030199442,0.021888908,none
A014020,R01,26156.6,high,none,0.920108,0.031394392,0.023687636,0.024809986,none
A010397,R08,5123.52,high,none,0.79019475,0.010821436,0.07304394,0.12593985,none
A012559,R04,7592.33,high,none,0.9151222,0.06089083,0.011891928,0.012095031,none
A003557,R02,8375.24,high,large_withdrawal,0.9445627,0.016520789,0.020666368,0.018250167,none
A030700,R05,6391.9,high,dormant,0.7830975,0.030614965,0.026743807,0.15954371,none
A001444,R08,1520.81,low,large_withdrawal,0.75495255,0.120016925,0.06188305,0.06314744,none
A000985,R08,420.73,low,none,0.87864274,0.064516425,0.027390555,0.02945022,none
A004356,R09,1061.16,low,none,0.663772,0.050454866,0.006440619,0.27933255,none
A025391,R03,3713.84,low,dormant,0.42768952,0.019086992,0.047323275,0.50590014,dormant
A007746,R06,5769.56,high,none,0.88123435,0.01173032,0.084142916,0.022892416,none
A002065,R09,10165.25,high,none,0.8940032,0.0141523825,0.0075074984,0.084336974,none
A009098,R00,8148.01,high,none,0.87346476,0.030132828,0.027740259,0.06866219,none
A033109,R09,13440.57,high,none,0.818362,0.038006768,0.04857366,0.09505762,none
A022714,R06,7762.72,high,none,0.9153394,0.055052377,0.013143975,0.016464228,none
A007191,R07,10323.17,high,none,0.91733634,0.025155483,0.037313808,0.020194298,none
A028637,R06,5225.8,high,none,0.88713765,0.090869576,0.0047021867,0.017290527,none
A009837,R02,5435.16,high,none,0.6215879,0.045323566,0.04849803,0.2845905,none
A010567,R05,1047.8,low,dd_stop,0.9456517,0.0059193624,0.021819191,0.02660975,none
A033509,R05,6251.38,high,none,0.914732,0.034697924,0.032357123,0.018213002,none
A024445,R07,15824.28,high,none,0.9523891,0.025027797,0.00667525,0.015907794,none
A003506,R00,1236.2,low,large_withdrawal,0.7979565,0.123093955,0.059219506,0.01973002,none
A009581,R05,4170.13,low,none,0.96006894,0.0059155994,0.009108389,0.024907066,none
A011643,R07,5623.61,high,none,0.8833516,0.06107709,0.035259113,0.020312158,none
A034749,R01,1455.85,low,none,0.87703526,0.008190001,0.0783241,0.036450654,none
A030168,R07,8373.76,high,none,0.8876534,0.071700275,0.017745806,0.02290047,none
A029469,R06,8215.01,high,dormant,0.9116389,0.014394712,0.049242,0.024724295,none
A012248,R05,12148.96,high,none,0.890565,0.018685734,0.071423054,0.019326257,none
A028132,R06,154.8,low,none,0.89334077,0.030390576,0.044231184,0.032037526,none
A013597,R04,19825.26,high,dd_stop,0.8157718,0.010346366,0.054983854,0.118897945,none
A025423,R06,7202.22,high,none,0.9148836,0.014343809,0.004118684,0.06665394,none
A019019,R00,4881.22,low,none,0.85825765,0.01720606,0.02977773,0.094758555,none
A020576,R06,6000.32,high,none,0.92083186,0.052570697,0.005384273,0.021213142,none
A010251,R06,7966.99,high,none,0.9319812,0.02696634,0.018256566,0.022795867,none
A002366,R03,2036.08,low,none,0.83966506,0.08391911,0.03550946,0.040906414,none
A018989,R07,5019.74,high,none,0.9436666,0.035435162,0.005177661,0.015720578,none
A015953,R06,2630.38,low,none,0.8855144,0.01775892,0.005886437,0.090840295,none
A037546,R07,2833.4,low,dd_stop,0.8840868,0.020644164,0.055960353,0.039308682,none
A031707,R01,78774.07,high,none,0.8207003,0.018147986,0.13205074,0.029100964,none
A032270,R04,2065.39,low,none,0.8673888,0.029191583,0.054161556,0.04925803,none
A024738,R04,5088.27,high,none,0.9070187,0.057224173,0.010966949,0.024790175,none
A029174,R05,18614.58,high,none,0.75564235,0.050359078,0.09999523,0.09400333,none
A013457,R08,2761.94,low,none,0.96288437,0.004874516,0.0067212847,0.025519796,none
A019156,R05,5656.43,high,none,0.88965315,0.029476184,0.05816214,0.022708567,none
A039261,R04,20423.95,high,none,0.80396956,0.100415625,0.06826208,0.027352734,none
A029006,R01,1346.27,low,none,0.94759375,0.01281348,0.017106943,0.022485843,none
A014871,R00,16376.86,high,none,0.9332023,0.034624692,0.007234393,0.024938624,none
A030550,R05,265.87,low,none,0.6562458,0.17764153,0.08053561,0.08557702,none
A006208,R08,9233.17,high,dd_stop,0.92475677,0.02647643,0.013553665,0.035213195,none
A000858,R05,10308.9,high,dd_stop,0.89725316,0.018962847,0.016455846,0.0673282,none
A000767,R01,990.44,low,none,0.95209175,0.022362098,0.002502053,0.023044087,none
A032674,R01,11726.17,high,none,0.93010896,0.023738125,0.020530386,0.025622515,none
A016513,R08,6069.14,high,none,0.6795793,0.016250648,0.029632514,0.27453756,none
A037251,R02,5959.37,high,dormant,0.9574326,0.0008113239,0.018133711,0.023622358,none
A012733,R05,11578.3,high,none,0.9560446,0.022600733,0.005725405,0.015629236,none
A002775,R05,23018.65,high,none,0.91933984,0.049192853,0.005904665,0.02556263,none
A035494,R09,1094.3,low,none,0.9023303,0.051563654,0.0072845886,0.038821522,none
A020521,R02,17458.15,high,dormant,0.95147467,0.002896586,0.017766867,0.027861862,none
A021165,R01,2317.49,low,none,0.87881565,0.037028667,0.03734936,0.046806376,none
A036656,R03,28720.74,high,none,0.910932,0.048933085,0.008914041,0.03122085,none
A006557,R09,51356.92,high,none,0.74437994,0.011151423,0.07632233,0.1681463,none
A002931,R08,6495.47,high,dd_stop,0.85675937,0.04404698,0.02882684,0.07036686,none
A014595,R09,8411.16,high,none,0.93032724,0.02517051,0.017423086,0.027079217,none
A022928,R08,997.41,low,large_withdrawal,0.9353881,0.017052114,0.017735727,0.02982406,none
A024612,R03,13238.08,high,none,0.9475262,0.028092232,0.004114459,0.020267127,none
A031802,R03,7145.37,high,none,0.81793845,0.08596647,0.071215965,0.024879187,none
A034971,R04,9631.71,high,none,0.9344981,0.0051965695,0.031245068,0.029060278,none
A013293,R07,13702.39,high,none,0.92148054,0.0139919305,0.016021669,0.048505835,none
A023634,R01,3341.45,low,none,0.9595407,0.017824644,0.0037862232,0.018848449,none
A019738,R01,9884.11,high,large_withdrawal,0.9071027,0.025174554,0.041977797,0.025745016,none
A005521,R07,704.52,low,none,0.8707932,0.04314567,0.05552694,0.030534172,none
A030049,R01,7303.2,high,none,0.9003941,0.03293881,0.0058849314,0.060782213,none
A022044,R01,34000.4,high,dd_stop,0.80417275,0.006258449,0.09058505,0.09898375,none
A026554,R03,13001.48,high,none,0.83863217,0.035423584,0.051166672,0.07477759,none
A007701,R02,3436.75,low,none,0.88589704,0.01712866,0.027437372,0.069536865,none
A026426,R01,1834.98,low,none,0.8764545,0.0018194986,0.04079314,0.0809329,none
A009773,R05,3181.5,low,none,0.84394974,0.07539959,0.046955317,0.033695403,none
A004924,R01,4296.25,low,large_withdrawal,0.8608722,0.03399512,0.0055666477,0.09956603,none
A029263,R04,1389.28,low,none,0.9348358,0.044116486,0.0076672677,0.013380436,none
A002750,R00,15246.98,high,none,0.66506135,0.025628982,0.033372927,0.27593675,none
A018595,R07,18979.65,high,none,0.9501859,0.009514214,0.014169155,0.026130673,none
A015245,R01,10200.49,high,dormant,0.69710827,0.009980497,0.020255582,0.27265564,none
A021251,R08,3527.06,low,none,0.9232257,0.04564402,0.004435206,0.026695045,none
A006327,R06,13711.51,high,none,0.8623439,0.04473653,0.016473329,0.076446205,none
A004895,R05,1167.88,low,none,0.9378153,0.030995622,0.012622603,0.018566415,none
A006742,R04,19038.63,high,none,0.9602621,0.009825551,0.0051731854,0.024739075,none
A026277,R02,18205.96,high,none,0.8460637,0.043890797,0.08485351,0.025192032,none
A023333,R06,6429.66,high,none,0.71215165,0.03950374,0.01533425,0.23301037,none
A004284,R02,3729.07,low,large_withdrawal,0.92473024,0.035526864,0.013369373,0.026373513,none
A039476,R01,6209.08,high,none,0.9342654,0.013751158,0.032979514,0.019003954,none
A001024,R03,40887.12,high,none,0.94366956,0.013214968,0.02770877,0.015406672,none
A025580,R04,27387.4,high,none,0.9549392,0.0048717917,0.01590579,0.024283214,none
A019344,R01,11498.0,high,none,0.884423,0.0012805164,0.086331435,0.027965063,none
A018079,R00,5877.65,high,none,0.95342034,0.001303874,0.023677308,0.021598471,none
A003673,R06,5041.64,high,dormant,0.8858878,0.012652036,0.0152733615,0.08618683,none
A010396,R03,3210.02,low,none,0.9139307,0.023361413,0.02414764,0.038560204,none
A023842,R07,3475.07,low,none,0.949787,0.004632014,0.019103948,0.026477018,none
A021679,R07,4297.3,low,none,0.81882423,0.027558362,0.0766531,0.076964274,none
A021161,R02,5903.13,high,none,0.8608569,0.018051274,0.0056788926,0.11541291,none
A016996,R02,2260.9,low,none,0.83562934,0.078561746,0.04216161,0.043647308,none
A002691,R06,2129.41,low,none,0.9210029,0.028482663,0.019403584,0.031110821,none
A028837,R05,6507.74,high,none,0.8605947,0.083249934,0.035620242,0.020535171,none
A004410,R00,68938.98,high,none,0.91502005,0.052922472,0.014075289,0.017982211,none
A003251,R04,9565.77,high,none,0.7647075,0.009669366,0.0065354584,0.21908772,none
A015838,R02,13451.09,high,none,0.93545276,0.00871046,0.03088138,0.024955457,none
A019960,R01,8475.94,high,none,0.8610722,0.055577863,0.057381533,0.025968479,none
A016672,R09,915.4,low,none,0.71182084,0.19612408,0.07507994,0.0169751,none
A016691,R08,67332.5,high,none,0.9469293,0.008477912,0.010716232,0.03387656,none
A023539,R07,5212.72,high,none,0.8228314,0.012062901,0.06655456,0.09855119,none
A030341,R03,21627.54,high,none,0.9611126,0.007784217,0.007576404,0.023526821,none
A038112,R08,11821.03,high,none,0.95369023,0.014798537,0.0071203182,0.024390846,none
A026474,R04,2277.23,low,none,0.85027504,0.020424794,0.09917024,0.030129863,none
A009881,R03,3785.27,low,none,0.875638,0.014333547,0.020290295,0.08973808,none
A028620,R01,13158.95,high,none,0.76746017,0.0128072,0.007096072,0.21263656,none
A021203,R07,1478.95,low,none,0.9608225,0.01755007,0.0032573263,0.018370114,none
A004965,R03,5189.03,high,none,0.8274845,0.059976112,0.019222876,0.09331653,none
A000001,R06,2954.2,low,none,0.88666135,0.012954581,0.046358656,0.054025482,none
A022602,R02,56895.08,high,dd_stop,0.8078844,0.014646429,0.049054272,0.12841487,none
A007244,R00,913.16,low,dormant,0.9234593,0.018415084,0.030744817,0.027380783,none
A008972,R01,2345.17,low,none,0.86399823,0.016944373,0.087139145,0.031918272,none
A013056,R00,23226.55,high,none,0.93618333,0.02951649,0.010592091,0.023708094,none
A022759,R07,7637.67,high,none,0.9456295,0.0145462835,0.012230482,0.02759381,none
A012770,R08,1997.78,low,none,0.88068414,0.026554815,0.05478499,0.037976004,none
A034713,R01,8274.44,high,none,0.9470871,0.018688284,0.013962615,0.020262014,none
A006154,R08,10273.58,high,dormant,0.87368584,0.024685627,0.030597784,0.0710308,none
A031111,R07,2418.54,low,none,0.97359854,0.008326915,0.0025232772,0.015551213,none
A001331,R01,35166.73,high,none,0.9078592,0.0101717785,0.010015627,0.07195338,none
A037716,R08,4018.97,low,dormant,0.9176625,0.0049264147,0.003073664,0.07433738,none
A026202,R00,15893.55,high,none,0.9257622,0.044322297,0.009746441,0.020169074,none
A020277,R05,33638.76,high,none,0.9573288,0.024349192,0.003633622,0.014688346,none
A009313,R08,5096.54,high,none,0.9515947,0.026161999,0.004687852,0.01755548,none
A028078,R04,16670.15,high,none,0.92425096,0.043903477,0.007921952,0.023923637,none
A037213,R04,1990.46,low,none,0.9064584,0.008234889,0.052986495,0.032320205,none
A030317,R07,5338.3,high,none,0.89133245,0.015340113,0.06235947,0.030967962,none
A009895,R06,2973.78,low,none,0.9341785,0.0017479751,0.025161058,0.038912512,none
A026544,R06,15660.22,high,none,0.88568574,0.08084975,0.012394626,0.021069838,none
A008547,R00,8228.78,high,dormant,0.91998124,0.009917356,0.025243798,0.044857647,none
A014170,R01,1381.53,low,none,0.95308214,0.00093492103,0.021672606,0.024310298,none
A000452,R01,8575.68,high,none,0.674748,0.01356578,0.041922662,0.2697636,none
A031057,R05,13589.37,high,none,0.909155,0.016585967,0.036056045,0.03820294,none
A004470,R08,3366.47,low,none,0.8871491,0.026323903,0.05287543,0.033651557,none
A019695,R04,15969.51,high,none,0.89306647,0.052722234,0.02054131,0.033670057,none
A004676,R00,83353.01,high,none,0.8940251,0.060591754,0.015744599,0.029638559,none
A002508,R09,6741.34,high,none,0.9052716,0.07253706,0.004085051,0.018106285,none
A037240,R07,3604.27,low,none,0.94098496,0.03669287,0.004980096,0.01734204,none
A037494,R08,4048.69,low,none,0.9185372,0.039484113,0.015192592,0.026786128,none
A020693,R01,12350.51,high,none,0.91512585,0.052694343,0.007998861,0.024180954,none
A028215,R02,27687.91,high,dd_stop,0.9295593,0.00072340627,0.009988238,0.059729073,none
A035257,R02,23483.76,high,none,0.8746741,0.051067136,0.048332244,0.025926588,none
A009653,R09,1886.77,low,none,0.8155547,0.11637588,0.051713794,0.01635561,none
A039947,R00,897.82,low,none,0.84932166,0.05372976,0.062694535,0.034254048,none
A006726,R04,42301.92,high,none,0.922748,0.014067669,0.004422894,0.058761474,none
A004148,R05,2548.91,low,none,0.60389894,0.0015140071,0.0072701075,0.38731694,none
A003837,R00,68394.5,high,none,0.9240203,0.030936511,0.023835704,0.021207487,none
A008419,R02,633.4,low,none,0.8849637,0.0059091495,0.017032117,0.09209506,none
A035430,R05,4670.11,low,none,0.87170506,0.066934705,0.029078837,0.032281388,none
A025119,R05,9554.92,high,none,0.8338226,0.07190617,0.06884705,0.02542415,none
A026211,R08,5292.91,high,none,0.91819614,0.00430332,0.051682357,0.02581816,none
A005244,R00,9117.05,high,none,0.8220784,0.023974104,0.055712532,0.09823501,none
A016670,R09,13459.88,high,none,0.9155952,0.027543427,0.037644006,0.019217348,none
A019598,R02,3438.71,low,none,0.94139826,0.03032446,0.006161617,0.022115603,none
A015002,R07,2989.97,low,none,0.87491554,0.00108202,0.08306702,0.04093537,none
A014928,R05,1753.53,low,none,0.80500567,0.056575924,0.10449811,0.033920277,none
A029783,R06,4457.76,low,none,0.87488276,0.018845612,0.06985778,0.036413863,none
A033749,R05,30441.37,high,none,0.94384146,0.0012466878,0.012722492,0.04218935,none
A008062,R06,1812.83,low,none,0.8724954,0.08228007,0.019941926,0.025282644,none
A012398,R06,8686.09,high,none,0.957622,0.0076888953,0.016679099,0.018009953,none
A002174,R08,4637.54,low,none,0.8261709,0.012248804,0.050598484,0.110981844,none
A003299,R03,4432.76,low,none,0.92455614,0.004395213,0.030135548,0.040913124,none
A032609,R08,16788.88,high,none,0.93970966,0.029792154,0.005090046,0.025408113,none
A014476,R00,12173.71,high,dormant,0.87927794,0.0057506426,0.024121976,0.09084946,none
A010561,R01,14601.74,high,none,0.9483353,0.012449474,0.009988562,0.029226637,none
A039983,R03,1991.96,low,none,0.9332475,0.01402192,0.019014418,0.03371617,none
A016122,R02,859.88,low,none,0.9248663,0.024418043,0.024015678,0.026699884,none
A016098,R01,7854.18,high,none,0.90835387,0.01728173,0.04117471,0.033189654,none
A033156,R05,12135.38,high,none,0.9371695,0.0006653215,0.033733677,0.028431538,none
A008323,R02,10055.54,high,dormant,0.9349777,0.033199176,0.0081445165,0.023678612,none
A026969,R01,2610.91,low,none,0.8274012,0.11770962,0.021547098,0.03334205,none
A001040,R07,9962.97,high,none,0.9293313,0.015509725,0.030892247,0.024266751,none
A029356,R08,2412.31,low,dormant,0.87967324,0.02566981,0.026602441,0.0680545,none
A012277,R05,23367.71,high,none,0.95860296,0.0012483505,0.006581235,0.03356748,none
A028582,R07,9532.07,high,none,0.9190338,0.029489122,0.029714858,0.021762192,none
A018637,R09,2236.26,low,none,0.94108343,0.01885107,0.017552711,0.022512797,none
A008167,R09,21215.33,high,none,0.88102996,0.018350836,0.0137352105,0.08688397,none
A010692,R06,5222.4,high,none,0.84733725,0.068548,0.05833121,0.025783576,none
A037039,R08,11055.81,high,none,0.8271437,0.06484988,0.07821329,0.029793067,none
A009425,R06,2374.95,low,none,0.9298972,0.01080153,0.030787818,0.028513445,none
A013888,R01,3374.54,low,none,0.87888885,0.06284254,0.034746166,0.023522431,none
A015532,R06,19931.39,high,none,0.8326039,0.061776344,0.077139705,0.028480088,none
A031593,R01,2652.28,low,none,0.85762936,0.05392709,0.047587104,0.04085651,none
A010796,R05,22439.85,high,dormant,0.9437082,0.0049049575,0.019617721,0.03176914,none
A019988,R02,43852.05,high,none,0.8869728,0.024888057,0.0042878888,0.08385125,none
A017455,R08,4830.89,low,none,0.92894095,0.041857082,0.007852192,0.021349804,none
A017161,R00,9171.76,high,none,0.8468108,0.014196621,0.029173348,0.10981923,none
A005507,R03,16271.73,high,dormant,0.93458545,0.015675379,0.008885041,0.040854126,none
A006175,R08,14389.1,high,none,0.94942206,0.021922704,0.0043944623,0.024260743,none
A021088,R07,18617.76,high,none,0.89912856,0.026604474,0.049338013,0.024928926,none
A035465,R07,7880.68,high,none,0.75403684,0.08108293,0.0370175,0.12786274,none
A012401,R05,799.58,low,none,0.9554412,0.018066773,0.004815787,0.02167624,none
A005524,R07,2336.34,low,none,0.8694634,0.011352541,0.022258807,0.09692526,none
A038538,R06,17922.63,high,none,0.92770445,0.00894786,0.017725332,0.045622338,none
A022231,R08,6437.94,high,none,0.88036746,0.036113225,0.04026958,0.043249756,none
A016365,R00,4032.09,low,none,0.8667686,0.015637718,0.025082812,0.092510894,none
A030605,R09,7544.13,high,none,0.8854415,0.011493551,0.0060031815,0.097061805,none
A000087,R05,7195.52,high,none,0.89816886,0.0011449435,0.06911699,0.0315692,none
A012690,R04,1023.69,low,none,0.8030334,0.12259468,0.054702222,0.01966967,none
A026093,R00,1915.91,low,none,0.9474659,0.017424062,0.016117474,0.018992566,none
A004917,R00,5171.3,high,none,0.8577227,0.058401406,0.0077714026,0.076104514,none
A016051,R08,4987.0,high,none,0.87644845,0.073710576,0.029782593,0.0200584,none
A005306,R00,5232.73,high,none,0.9369254,0.019374164,0.015624517,0.028075866,none
A002215,R07,1216.79,low,none,0.95176595,0.0008235064,0.026863711,0.020546893,none
A026543,R04,3334.76,low,none,0.8701859,0.012197928,0.030305656,0.08731044,none
A024483,R05,6139.0,high,none,0.93986374,0.014825702,0.031165935,0.014144659,none
A026247,R03,4403.9,low,none,0.8476154,0.028786067,0.005243405,0.11835517,none
A020549,R04,3168.44,low,none,0.89149183,0.00819439,0.008216528,0.09209727,none
A032691,R00,1137.16,low,none,0.9176977,0.013134799,0.041552667,0.027614787,none
A000715,R07,3158.24,low,none,0.8395437,0.06744112,0.06567702,0.027338227,none
A028148,R08,6332.16,high,none,0.8694563,0.070932806,0.039531205,0.020079704,none
A017155,R07,5217.32,high,none,0.91638166,0.05745133,0.0057516033,0.02041539,none
A017194,R00,922.05,low,none,0.95452154,0.01638666,0.0038992208,0.025192663,none
A000101,R01,4235.37,low,none,0.9115145,0.057523746,0.013509502,0.017452184,none
A022253,R07,2246.99,low,dormant,0.751674,0.013121597,0.013800355,0.22140405,none
A001600,R09,3438.71,low,none,0.90201813,0.016911726,0.004287181,0.07678292,none
A019711,R01,12535.19,high,none,0.6829013,0.023849284,0.005812479,0.2874369,none
A018717,R06,2724.84,low,none,0.8620697,0.053761728,0.05723471,0.02693382,none
A034222,R01,95393.01,high,none,0.9585593,0.009908837,0.0028749262,0.02865698,none
A034597,R08,18905.7,high,none,0.91257215,0.02849974,0.038084246,0.020843862,none
A035994,R01,4066.48,low,dormant,0.9436239,0.027641147,0.007546241,0.021188721,none
A003591,R05,152639.11,high,none,0.85150766,0.011231077,0.027122332,0.11013898,none
A015871,R09,3913.48,low,none,0.86137307,0.0148078,0.030275054,0.09354415,none
A030939,R09,3511.57,low,none,0.96247494,0.01225784,0.0030465624,0.022220686,none
A006548,R02,34627.52,high,none,0.9249037,0.011159361,0.0029150438,0.0610219,none
A030479,R08,2041.19,low,none,0.93792397,0.017447637,0.010781615,0.033846762,none
A030901,R04,13669.85,high,none,0.8590758,0.012920567,0.02142096,0.10658267,none
A013949,R05,1390.75,low,none,0.96721643,0.01107714,0.0036849205,0.018021517,none
A011508,R03,5915.61,high,none,0.9294707,0.012392038,0.033374004,0.02476326,none
A021404,R00,2920.32,low,none,0.6758812,0.19867349,0.0353529,0.09009242,none
A004340,R03,2197.71,low,none,0.76308805,0.10503435,0.03616808,0.095709465,none
A006428,R03,6082.73,high,none,0.9303812,0.03050947,0.014103595,0.025005741,none
A023820,R08,6984.81,high,none,0.85513455,0.032011062,0.07989055,0.0329639,none
A030225,R06,1903.77,low,none,0.93509424,0.029951934,0.012114614,0.022839194,none
A017127,R05,1822.02,low,none,0.9457126,0.0036467144,0.00697219,0.0436685,none
A019136,R08,19764.77,high,none,0.876918,0.004195626,0.080707,0.03817941,none
A019452,R00,2689.27,low,dd_stop,0.89265287,0.06949311,0.018133268,0.019720724,none
A035617,R02,14122.4,high,none,0.90900904,0.03041209,0.029423326,0.03115559,none
A010503,R01,1182.82,low,none,0.37204164,0.016913623,0.05440785,0.55663687,dormant
A029291,R07,7573.17,high,none,0.94436574,0.021025533,0.011614328,0.022994442,none
A037041,R01,3387.25,low,none,0.90320307,0.04354484,0.030619772,0.022632249,none
A038422,R07,1224.55,low,none,0.8515162,0.018270904,0.061952844,0.06826002,none
A034400,R09,1091.34,low,none,0.93485916,0.033063423,0.017551692,0.014525755,none
A016114,R02,606.86,low,dormant,0.387903,0.02101307,0.04900924,0.5420747,dormant
A027122,R00,5344.81,high,none,0.79913896,0.050880954,0.013107177,0.13687292,none
A018801,R03,7104.54,high,none,0.91723204,0.011499802,0.0058480785,0.065420076,none
A009288,R02,1930.74,low,dormant,0.67475796,0.024797913,0.0027962807,0.29764783,none
A023764,R04,2063.64,low,none,0.87062347,0.019179335,0.021956092,0.08824105,none
A028825,R08,2032.98,low,none,0.88055545,0.049474936,0.030690819,0.03927875,none
A037681,R01,1005.82,low,large_withdrawal,0.81430805,0.061238956,0.017409593,0.107043386,none
A025346,R05,18346.92,high,none,0.8934159,0.016472215,0.061041083,0.029070826,none
A034420,R01,3491.22,low,none,0.8820107,0.022289114,0.067189485,0.028510671,none
A005217,R07,4535.49,low,none,0.9249852,0.00994071,0.026888462,0.038185686,none
A017660,R00,9045.09,high,large_withdrawal,0.88884574,0.082490906,0.0050765793,0.02358679,none
A031291,R09,7685.46,high,none,0.9462014,0.018177724,0.013311294,0.022309631,none
A037576,R01,90702.05,high,none,0.805456,0.044716176,0.03592655,0.11390135,none
A002233,R08,4835.56,low,none,0.86252415,0.08129976,0.01991058,0.03626556,none
A034896,R03,3305.6,low,none,0.8319572,0.052115373,0.08666481,0.029262614,none
A016948,R06,5029.55,high,none,0.84018964,0.058753166,0.009773417,0.0912838,none
A008601,R00,2751.14,low,none,0.87752086,0.051721916,0.036212187,0.03454507,none
A018105,R07,4319.33,low,none,0.9511988,0.017943537,0.0071541783,0.02370353,none
A015836,R07,6066.73,high,none,0.95495856,0.0044980557,0.015800498,0.024742847,none
A037360,R01,12354.45,high,none,0.8496949,0.05263859,0.014177999,0.083488494,none
A020075,R05,3112.78,low,none,0.88237065,0.00072557497,0.013206931,0.1036968,none
A021904,R08,51011.75,high,none,0.9633353,0.015054805,0.013602518,0.008007402,none
A033188,R08,2259.04,low,none,0.92686427,0.018821808,0.021541165,0.03277274,none
A025872,R08,2259.78,low,none,0.9512072,0.008026493,0.011916358,0.028849898,none
A037168,R01,2970.12,low,none,0.9251949,0.018659322,0.030244255,0.025901534,none
A001266,R03,15627.54,high,none,0.9454702,0.013644524,0.015658055,0.025227232,none
A028981,R07,15114.67,high,none,0.9353696,0.005764684,0.0022711495,0.056594588,none
A007142,R04,1654.56,low,none,0.92253745,0.032702252,0.021939801,0.022820534,none
A010195,R04,3379.49,low,none,0.86876434,0.03516463,0.05293622,0.04313476,none
A029714,R03,1042.48,low,none,0.9584459,0.01707932,0.004857964,0.019616773,none
A023028,R04,4040.82,low,none,0.87356853,0.0045860917,0.026740232,0.09510511,none
A016273,R04,26830.85,high,none,0.9186573,0.005886868,0.028626502,0.046829373,none
A012419,R00,1850.04,low,none,0.9243301,0.013648986,0.031093081,0.030927833,none
A000718,R02,10637.86,high,none,0.71868795,0.009314768,0.0146218985,0.25737536,none
A037811,R09,9077.05,high,none,0.95741916,0.017874995,0.0064567514,0.018249135,none
A015657,R02,15091.97,high,large_withdrawal,0.8634361,0.053568702,0.0528472,0.030147962,none
A009750,R08,1645.86,low,none,0.9160316,0.048879635,0.019362917,0.015725806,none
A028264,R02,6750.08,high,none,0.95461696,0.0037797133,0.010736957,0.03086639,none
A023734,R01,2075.51,low,none,0.88169587,0.027450165,0.005675997,0.085177936,none
A026412,R06,1586.47,low,none,0.85262495,0.057607595,0.06321792,0.026549527,none
A018449,R04,5362.76,high,dormant,0.65519786,0.032622337,0.045773845,0.266406,none
A038986,R06,7133.73,high,none,0.9061697,0.046391793,0.02674007,0.020698363,none
A033987,R07,4030.42,low,none,0.8441423,0.054458693,0.007695663,0.09370325,none
A038188,R03,2372.4,low,dormant,0.9477869,0.005545352,0.02186219,0.024805577,none
A001980,R01,2822.79,low,none,0.9175344,0.028536288,0.017650107,0.03627914,none
A033541,R04,23293.18,high,none,0.866735,0.038325764,0.06395183,0.03098739,none
A007895,R05,6460.2,high,dormant,0.84684134,0.06352674,0.029799178,0.059832714,none
A035009,R09,2929.4,low,none,0.9395617,0.020825326,0.014971722,0.02464125,none
A007003,R09,637.22,low,none,0.8582704,0.020062089,0.085151106,0.03651635,none
A036404,R07,7122.18,high,none,0.9035294,0.067922436,0.013908803,0.014639423,none
A016022,R03,34139.85,high,none,0.903353,0.009352003,0.020680346,0.06661463,none
A014458,R05,7622.43,high,none,0.9180008,0.050813045,0.008129842,0.023056252,none
A038475,R04,10076.47,high,none,0.87620455,0.06914673,0.028867388,0.025781354,none
A021356,R02,3135.34,low,dd_stop,0.8782911,0.05493847,0.038773827,0.027996633,none
A017458,R01,10745.02,high,none,0.96067244,0.0111087775,0.007900301,0.020318532,none
A008869,R06,12753.31,high,none,0.94814163,0.029124796,0.0055706776,0.017162913,none
A007588,R09,3684.87,low,none,0.865126,0.026719755,0.021744624,0.08640959,none
A003861,R00,1986.03,low,none,0.95234066,0.021918504,0.004901098,0.020839784,none
A037297,R00,7509.33,high,none,0.8856831,0.003665382,0.020350492,0.09030098,none
A008365,R08,5245.93,high,none,0.8336833,0.013320695,0.050620236,0.1023758,none
A035831,R02,15862.81,high,none,0.93034816,0.047369275,0.0040281652,0.018254409,none
A008248,R09,12234.11,high,none,0.90465146,0.011678947,0.005927951,0.07774158,none
A018417,R05,27084.44,high,none,0.9469473,0.024494035,0.0063195922,0.022239164,none
A018048,R02,63168.26,high,none,0.91626453,0.021788474,0.034353193,0.02759377,none
A020080,R06,11382.39,high,none,0.8401743,0.028293578,0.06283681,0.06869528,none
A001078,R06,11727.4,high,none,0.79295594,0.019189287,0.07609595,0.11175885,none
A017864,R03,9750.49,high,large_withdrawal,0.9104005,0.059455514,0.012150875,0.017993044,none
A023241,R06,8766.35,high,none,0.89941394,0.0033898428,0.059350383,0.03784586,none
A026835,R08,7447.77,high,none,0.93406093,0.00088311004,0.029251171,0.035804745,none
A037034,R05,5659.0,high,none,0.5937315,0.006635718,0.023537604,0.37609518,none
A031906,R06,3464.53,low,none,0.90104914,0.0013701457,0.061083686,0.036496997,none
A018450,R06,870.57,low,none,0.9474465,0.016093438,0.013660727,0.022799358,none
A002332,R00,4400.67,low,none,0.93416935,0.0009689337,0.0341871,0.030674664,none
A026014,R02,1976.16,low,none,0.8415794,0.09199095,0.045049727,0.02138,none
A038980,R08,35127.88,high,none,0.88355637,0.008194539,0.02761283,0.08063626,none
A007920,R09,4641.98,low,none,0.9155957,0.03681419,0.02158959,0.02600055,none
A006555,R07,4368.34,low,none,0.8625939,0.020908263,0.00914268,0.10735517,none
A027052,R02,1931.86,low,large_withdrawal,0.83083266,0.08912821,0.046231683,0.033807483,none
A010291,R09,3050.29,low,none,0.89317834,0.035741735,0.035122678,0.03595723,none
A013446,R00,1642.01,low,none,0.90702814,0.011702613,0.020294419,0.060974818,none
A004553,R04,5175.18,high,none,0.87641436,0.013376626,0.027461533,0.082747445,none
A030094,R08,11687.08,high,none,0.9559982,0.02560589,0.0037818481,0.014614069,none
A004526,R09,2713.95,low,none,0.8371499,0.067641914,0.059450444,0.035757758,none
A021152,R07,2410.97,low,none,0.86935717,0.027090041,0.065654755,0.037898064,none
A037526,R00,11743.82,high,none,0.8122553,0.08937243,0.06657847,0.031793814,none
A031689,R06,2060.54,low,none,0.8842809,0.010840705,0.014348875,0.0905295,none
A016103,R08,20890.38,high,none,0.80443776,0.023365006,0.08833586,0.08386138,none
A035221,R02,1901.45,low,none,0.939152,0.008709325,0.01852394,0.033614703,none
A019170,R09,2784.58,low,none,0.8434316,0.0102039995,0.10708794,0.039276402,none
A029983,R09,3975.22,low,none,0.9244349,0.0012687672,0.037104722,0.037191555,none
A008057,R02,377.99,low,none,0.8717909,0.014750159,0.022256041,0.091202974,none
A001017,R09,9110.73,high,dormant,0.6377987,0.03396165,0.012918488,0.31532115,none
A020271,R00,6079.58,high,none,0.8887848,0.046433058,0.015185997,0.04959608,none
A014377,R00,1223.78,low,none,0.69681734,0.14767769,0.08053018,0.07497472,none
A030037,R06,2613.16,low,none,0.96085125,0.015448501,0.0071507706,0.016549483,none
A014102,R04,5787.21,high,none,0.86266285,0.017335793,0.049600985,0.07040038,none
A021662,R04,14130.8,high,none,0.8666084,0.046675682,0.042628862,0.044087097,none
A034313,R00,1974.76,low,none,0.954538,0.003911454,0.013735217,0.027815262,none
A039606,R01,4002.45,low,none,0.655272,0.010372413,0.016690968,0.31766462,none
A007641,R00,13116.83,high,none,0.90700185,0.0124256825,0.0061973073,0.07437519,none
A006296,R09,3803.44,low,none,0.9250344,0.0018493481,0.03915238,0.033963908,none
A020490,R07,17109.0,high,none,0.8889049,0.04438825,0.045614474,0.021092366,none
A020581,R01,10184.59,high,none,0.8021022,0.027471537,0.047451135,0.12297508,none
A009068,R03,1347.74,low,none,0.92217374,0.024671877,0.028770315,0.024384016,none
A013476,R03,2773.84,low,none,0.90701175,0.07336053,0.0043330053,0.0152947195,none
A020020,R04,4353.01,low,large_withdrawal,0.8839219,0.028425373,0.056776922,0.030875806,none
A020199,R05,4041.34,low,none,0.9770533,0.007061626,0.0029397847,0.012945388,none
A024043,R02,1374.99,low,none,0.8905834,0.046649847,0.0373083,0.025458429,none
A007589,R01,7404.15,high,none,0.86790085,0.0015511191,0.029713381,0.10083469,none
A027629,R09,3968.77,low,dd_stop,0.84444946,0.007906376,0.03834237,0.10930184,none
A017052,R02,3739.15,low,none,0.90422505,0.047953762,0.022932857,0.024888325,none
A003929,R07,3533.67,low,none,0.9029995,0.026426053,0.007558843,0.06301562,none
A025765,R06,9171.12,high,none,0.95635396,0.017809797,0.004299281,0.021537019,none
A007695,R01,1939.92,low,none,0.9408656,0.035194647,0.0052624983,0.01867723,none
A022120,R08,4714.77,low,none,0.9671193,0.0065447795,0.0040018614,0.022334065,none
A032585,R07,2595.26,low,none,0.9245353,0.024437392,0.017999744,0.03302765,none
A021402,R01,10387.18,high,none,0.9408065,0.029877473,0.006951283,0.022364724,none
A007119,R06,13673.44,high,none,0.9182826,0.05857018,0.0060893344,0.01705789,none
A038769,R00,1070.86,low,none,0.90217924,0.0045341733,0.0105351135,0.0827514,none
A036201,R03,23127.32,high,none,0.9002508,0.013858181,0.052722618,0.033168443,none
A037723,R04,23745.46,high,none,0.8129188,0.03663034,0.021527223,0.12892371,none
A038709,R04,1332.78,low,none,0.93481904,0.044646,0.0065328353,0.014002147,none
A008877,R05,1512.02,low,none,0.92211306,0.02007713,0.02141874,0.03639112,none
A027365,R08,9292.95,high,none,0.6167461,0.043665316,0.007851924,0.33173662,none
A006356,R02,5102.06,high,none,0.8702809,0.043976575,0.059751898,0.025990585,none
A034038,R08,439.99,low,none,0.9364283,0.0011987503,0.025578037,0.036794953,none
A018469,R08,1522.22,low,none,0.9144095,0.031070862,0.025943222,0.028576413,none
A024180,R03,1054.87,low,none,0.9540702,0.02273637,0.0058403905,0.017352993,none
A012633,R09,2761.41,low,none,0.8966497,0.009649959,0.005051079,0.08864923,none
A023830,R03,1870.96,low,none,0.849013,0.017367158,0.09547102,0.038148884,none
A012680,R08,1953.7,low,none,0.75669956,0.04439292,0.0894626,0.10944488,none
A033138,R09,4359.11,low,dormant,0.6993078,0.008033568,0.014292308,0.27836633,none
A038591,R08,5363.15,high,none,0.8515833,0.032349605,0.0060107117,0.11005637,none
A005010,R08,8863.89,high,none,0.80270714,0.058774974,0.037969597,0.10054828,none
A010474,R03,17256.21,high,none,0.88291794,0.061155926,0.033574346,0.022351809,none
A013202,R00,492.28,low,none,0.8305548,0.08987667,0.050223842,0.029344773,none
A035372,R05,4122.88,low,none,0.893706,0.0035514433,0.004149101,0.09859339,none
A011663,R09,11733.54,high,none,0.9493375,0.021309545,0.008356592,0.020996366,none
A030227,R01,1723.37,low,none,0.929658,0.017754825,0.024441598,0.028145617,none
A033164,R09,21434.67,high,none,0.9458456,0.022827527,0.0049231583,0.02640369,none
A004647,R04,29890.62,high,none,0.9617473,0.0155484965,0.0035658723,0.019138345,none
A038235,R09,8192.68,high,none,0.8538533,0.030416185,0.032987736,0.08274279,none
A014173,R02,4728.14,low,none,0.9268047,0.031222586,0.013008139,0.028964499,none
A015580,R07,1343.31,low,none,0.9131384,0.012173058,0.009584047,0.06510448,none
A009032,R03,22787.97,high,none,0.93587655,0.0012471667,0.020888204,0.04198809,none
A002512,R05,2618.28,low,none,0.9275642,0.040809467,0.016149815,0.015476515,none
A028688,R06,3086.45,low,none,0.9153799,0.043932553,0.013777394,0.026910134,none
A004717,R03,7872.64,high,none,0.81537783,0.061574053,0.026795575,0.096252576,none
A004736,R01,4029.5,low,none,0.947463,0.028383859,0.0032577054,0.020895429,none
A028667,R09,10120.04,high,none,0.8928085,0.06907041,0.017991059,0.020130025,none
A002399,R07,12294.23,high,none,0.85251933,0.038359977,0.042281505,0.06683917,none
A013712,R07,23125.18,high,none,0.8599705,0.03929748,0.011338492,0.08939351,none
A036191,R04,1010.21,low,dormant,0.9557911,0.0014875254,0.014999088,0.027722193,none
A035260,R03,2252.52,low,none,0.8853459,0.008212863,0.0750062,0.031435102,none
A029799,R07,16466.11,high,none,0.73532814,0.020200765,0.011124952,0.23334615,none
A031824,R05,3902.0,low,none,0.9467318,0.014937844,0.014966378,0.023363933,none
A014895,R05,16815.07,high,none,0.8917731,0.012161185,0.026030546,0.070035145,none
A002147,R05,4395.78,low,dormant,0.88713956,0.05837688,0.030344712,0.024138847,none
A015837,R00,10460.57,high,none,0.93983614,0.023697352,0.009361372,0.027105154,none
A006484,R08,6710.24,high,none,0.6370363,0.02471843,0.024973312,0.3132719,none
A002144,R02,8269.53,high,none,0.87918764,0.03752683,0.06032408,0.022961454,none
A033162,R09,2726.85,low,none,0.8839703,0.010812622,0.06788432,0.037332736,none
A013511,R07,4806.56,low,none,0.87268156,0.049721003,0.049332682,0.028264731,none
A015940,R06,13458.09,high,none,0.91564137,0.057158273,0.009020643,0.018179739,none
A035777,R00,876.83,low,none,0.64752275,0.03758797,0.05590777,0.25898153,none
A023787,R00,21095.11,high,none,0.9716794,0.0076987357,0.0049596964,0.01566226,none
A020534,R00,2940.82,low,none,0.7932343,0.0673093,0.1035324,0.035924062,none
A039982,R02,2281.18,low,none,0.9262877,0.014067592,0.010422441,0.049222197,none
A030293,R03,1773.66,low,none,0.7370312,0.08604889,0.0038002087,0.1731197,none
A022856,R03,2661.4,low,none,0.8800771,0.032532923,0.057995807,0.029394144,none
A001592,R00,2158.26,low,none,0.8896611,0.020532379,0.015455458,0.07435114,none
A039690,R00,3242.37,low,none,0.83780557,0.07825634,0.03580947,0.04812859,none
A025295,R09,8617.69,high,none,0.9688381,0.002859164,0.010919207,0.01738354,none
A016447,R09,2930.44,low,none,0.92426115,0.009131273,0.03449809,0.032109465,none
A034998,R08,14199.98,high,none,0.47746643,0.026960652,0.106848985,0.38872385,none
A027581,R04,3377.69,low,none,0.8938115,0.07760246,0.006337927,0.02224806,none
A022430,R02,4407.63,low,none,0.9494774,0.009810661,0.0043937624,0.036318228,none
A002644,R00,5709.23,high,none,0.8682821,0.005836226,0.028263494,0.0976182,none
A003599,R05,1570.24,low,none,0.93016547,0.021504361,0.021678684,0.026651448,none
A014833,R06,2403.35,low,dormant,0.7117307,0.022899192,0.0049431613,0.26042688,none
A032008,R05,949.99,low,none,0.63951784,0.010997355,0.03861353,0.3108713,none
A016563,R07,4244.06,low,none,0.87125653,0.012034604,0.072540015,0.04416883,none
A037432,R05,20270.67,high,none,0.81563896,0.022913266,0.13475922,0.026688522,none
A022342,R07,782.44,low,none,0.8308091,0.01691953,0.06304759,0.089223824,none
A035720,R07,3744.29,low,none,0.8379559,0.023757765,0.10861065,0.029675677,none
A023654,R03,2305.26,low,none,0.8210725,0.016293244,0.061276924,0.1013573,none
A019355,R09,7208.42,high,none,0.9060662,0.03308168,0.03313429,0.02771783,none
A039709,R04,561.09,low,none,0.87910825,0.029473647,0.0639543,0.027463816,none
A023657,R03,1365.71,low,none,0.8220729,0.110750884,0.0500695,0.01710671,none
A037290,R07,9959.98,high,none,0.87356746,0.020354446,0.019752672,0.08632542,none
A037211,R00,13034.14,high,none,0.85118717,0.079057984,0.041525476,0.028229373,none
A010412,R08,5894.76,high,none,0.89881843,0.029849913,0.039439097,0.03189254,none
A038089,R00,7146.46,high,none,0.69398373,0.031884134,0.014030592,0.2601016,none
A028450,R02,6782.81,high,none,0.9225461,0.00084545347,0.045446984,0.031161513,none
A015865,R08,9496.67,high,none,0.96488315,0.00094274327,0.0039489735,0.030225126,none
A038607,R05,11392.44,high,none,0.92138934,0.046075862,0.008055922,0.024478843,none
A020714,R06,4069.35,low,none,0.7274012,0.011880711,0.018033285,0.24268478,none
A027314,R04,1141.81,low,none,0.8695932,0.01857225,0.08132842,0.030506166,none
A019675,R07,8911.63,high,dormant,0.8335857,0.054018155,0.03676343,0.075632684,none
A039123,R01,8577.48,high,none,0.8895065,0.026377786,0.007001092,0.07711452,none
A014650,R04,3543.87,low,none,0.78046566,0.066323176,0.063241534,0.08996959,none
A008331,R05,9738.37,high,none,0.9523316,0.019248925,0.009942368,0.018477079,none
A012383,R03,2758.52,low,none,0.78447276,0.012639666,0.07882869,0.12405885,none
A010366,R03,1444.07,low,none,0.89897585,0.044386733,0.028540656,0.028096747,none
A026462,R07,1557.06,low,dormant,0.6711302,0.00802777,0.07253655,0.2483055,none
A013809,R02,5504.35,high,none,0.8444282,0.0040896893,0.045119017,0.1063631,none
A029580,R06,2286.38,low,none,0.9471705,0.02153047,0.0026424616,0.028656548,none
A013825,R01,3372.62,low,none,0.91639817,0.03351164,0.023747807,0.026342414,none
A003272,R03,15546.42,high,none,0.81920666,0.015613398,0.064529695,0.10065025,none
A008381,R07,3773.26,low,dd_stop,0.94773906,0.0102373,0.0143809505,0.027642647,none
A022110,R05,4458.29,low,dormant,0.7144572,0.015628628,0.006837801,0.2630763,none
A019218,R06,1900.28,low,none,0.94407684,0.007764483,0.020783352,0.027375352,none
A015684,R06,1563.12,low,large_withdrawal,0.4967473,0.022536233,0.015717769,0.46499866,none
A001465,R03,9224.0,high,none,0.9294841,0.010320078,0.009645722,0.050550092,none
A020340,R09,756.39,low,none,0.93136543,0.005887485,0.004011452,0.05873569,none
A023617,R00,35439.72,high,dd_stop,0.84408754,0.027963176,0.038716715,0.08923254,none
A001515,R05,1207.82,low,none,0.8381716,0.047337458,0.08534568,0.029145315,none
A007744,R04,649.79,low,none,0.83670175,0.018552093,0.08358215,0.061163947,none
A029046,R00,14634.43,high,none,0.9449126,0.020848498,0.0076028383,0.026636055,none
A019648,R04,19489.41,high,none,0.7942875,0.013146353,0.01644386,0.17612226,none
A022945,R05,9869.44,high,none,0.89344376,0.027093895,0.008491561,0.070970744,none
A020310,R01,8367.83,high,none,0.88673425,0.008288984,0.01606843,0.08890832,none
A010783,R02,19723.33,high,large_withdrawal,0.6663374,0.013725743,0.002520624,0.31741622,none
A001587,R06,2349.87,low,none,0.96020144,0.004174194,0.012685639,0.022938725,none
A015483,R07,21692.51,high,none,0.84250176,0.023520505,0.040061414,0.0939163,none
A024665,R00,2514.17,low,none,0.90392643,0.04473755,0.023123736,0.028212331,none
A015388,R07,9735.27,high,none,0.90161705,0.011492657,0.068096794,0.018793471,none
A017353,R05,7921.67,high,none,0.92723584,0.04675249,0.012123458,0.013888225,none
A007713,R09,9427.67,high,none,0.9602253,0.020987384,0.0033519643,0.015435309,none
A031923,R04,3543.16,low,none,0.87825024,0.04643598,0.041028332,0.03428545,none
A032808,R09,2702.35,low,none,0.9004147,0.009749211,0.002843949,0.08699221,none
A021827,R03,2461.5,low,none,0.9603057,0.0005944833,0.00563246,0.03346737,none
A030718,R08,2171.09,low,none,0.8775606,0.02274854,0.0149411885,0.08474968,none
A016217,R01,1526.77,low,dormant,0.6142076,0.00085143483,0.012492006,0.37244895,none
A023217,R09,7625.05,high,none,0.85552084,0.008729966,0.0397748,0.09597441,none
A008227,R01,1839.23,low,none,0.9414122,0.031945564,0.0056847967,0.020957427,none
A002409,R07,725.83,low,none,0.60324204,0.08403731,0.10899886,0.20372179,none
A033147,R06,4061.7,low,none,0.58259636,0.006665958,0.063231975,0.3475057,none
A017257,R04,1819.39,low,none,0.8764031,0.0093594985,0.005998222,0.10823914,none
A022815,R00,4759.34,low,none,0.88801754,0.028337922,0.06566688,0.017977657,none
A021074,R05,16933.58,high,none,0.9236987,0.01544547,0.031241463,0.02961433,none
A034797,R04,3975.44,low,dormant,0.8369345,0.10366027,0.033887025,0.02551816,none
A022043,R06,1981.32,low,none,0.9492685,0.01141642,0.008939256,0.030375808,none
A032818,R04,2651.98,low,none,0.7919583,0.034998074,0.06804131,0.10500238,none
A034215,R01,3285.89,low,none,0.9253135,0.018675266,0.032043993,0.02396725,none
A027329,R02,8940.43,high,dormant,0.91993225,0.012738158,0.025310818,0.04201878,none
A003714,R03,1656.2,low,none,0.8736466,0.008564612,0.023538547,0.0942502,none
A009764,R03,6140.43,high,none,0.9204218,0.04788314,0.008736245,0.022958808,none
A019674,R09,13073.48,high,none,0.8681517,0.038251333,0.07340831,0.020188602,none
A025721,R08,3053.23,low,none,0.84457177,0.025110336,0.028237224,0.10208069,none
A026047,R04,3857.12,low,none,0.88212144,0.0359296,0.029766424,0.052182484,none
A023189,R06,12338.98,high,none,0.92900044,0.022099905,0.029891163,0.01900855,none
A030807,R05,11913.2,high,none,0.9644876,0.017676566,0.0042337426,0.013602006,none
A029745,R02,7910.48,high,none,0.89644676,0.047346223,0.033073265,0.023133801,none
A026951,R09,12756.91,high,none,0.9113116,0.018702777,0.0389252,0.031060398,none
A005988,R01,3604.19,low,none,0.9384133,0.037661422,0.0038106798,0.020114541,none
A019816,R01,1765.07,low,none,0.9471947,0.015376699,0.011365463,0.02606311,none
A037190,R06,7693.51,high,none,0.6517737,0.0017196441,0.004234225,0.34227243,none
A027595,R09,1680.19,low,none,0.91951,0.038267985,0.014935529,0.027286448,none
A025720,R05,12816.51,high,none,0.8207907,0.06036987,0.036772657,0.08206681,none
A022038,R00,22169.36,high,none,0.88771665,0.0030365668,0.08271052,0.026536325,none
A021587,R01,4904.54,low,none,0.8689428,0.030381262,0.065389045,0.035286915,none
A039072,R08,56860.33,high,none,0.9361383,0.017420407,0.0034841031,0.042957168,none
A033510,R00,15599.42,high,none,0.7837903,0.030730793,0.08575178,0.09972711,none
A000800,R09,25545.17,high,none,0.8881053,0.01930892,0.06191833,0.030667534,none
A019719,R07,21687.62,high,none,0.7411409,0.013413732,0.0037990424,0.24164632,none
A036196,R09,2491.58,low,none,0.76185715,0.0011553223,0.08657837,0.15040916,none
A034175,R00,20482.21,high,none,0.9598902,0.0012695787,0.01022838,0.028611803,none
A029082,R05,18163.65,high,none,0.9471442,0.014253888,0.021466516,0.017135393,none
A004761,R06,5924.37,high,large_withdrawal,0.86667556,0.029329853,0.005791137,0.09820345,none
A004777,R02,10582.05,high,dormant,0.94235694,0.019756312,0.008280444,0.029606307,none
A010835,R06,15257.44,high,none,0.85791135,0.016551858,0.064256564,0.061280284,none
A003013,R02,1677.55,low,none,0.9383903,0.008180786,0.022660958,0.030767929,none
A007449,R04,5303.56,high,dd_stop,0.7257532,0.07485654,0.073174655,0.12621564,none
A005641,R03,3884.26,low,none,0.86245286,0.015057052,0.08403315,0.038456973,none
A027741,R04,4505.71,low,none,0.9097827,0.028387599,0.027415497,0.03441413,none
A015370,R00,16631.71,high,none,0.8853113,0.011255271,0.025067993,0.07836547,none
A003243,R09,14255.03,high,none,0.93651,0.027003119,0.014864036,0.021622777,none
A005131,R08,1511.35,low,none,0.68284166,0.013366709,0.071083434,0.23270817,none
A026884,R06,3646.96,low,none,0.9574408,0.014586862,0.0057528983,0.022219412,none
A034642,R09,15528.59,high,none,0.9045161,0.00084446033,0.021023327,0.0736161,none
A030665,R08,4831.28,low,none,0.8561784,0.015798466,0.029038344,0.09898483,none
A027137,R01,5729.56,high,none,0.86679655,0.017755639,0.008426158,0.10702166,none
A006010,R00,6340.35,high,none,0.8793997,0.07314531,0.026475277,0.020979727,none
A006224,R01,1539.75,low,none,0.8875937,0.014207546,0.018311406,0.079887316,none
A010173,R03,1910.86,low,none,0.67553735,0.026290767,0.055863295,0.24230863,none
A038992,R01,3799.5,low,none,0.6388371,0.042290036,0.029980358,0.2888925,none
A036979,R05,3315.17,low,none,0.89158183,0.034857187,0.014733051,0.05882796,none
A028228,R01,2431.68,low,none,0.74940485,0.05125297,0.08801448,0.11132767,none
A008969,R01,15054.53,high,none,0.70642185,0.03702833,0.0053101545,0.2512397,none
A018438,R04,7996.75,high,none,0.94815534,0.026553666,0.005540085,0.019750945,none
A016453,R07,8279.13,high,none,0.94335693,0.0010135863,0.026443154,0.029186364,none
A003285,R04,4385.89,low,none,0.9135825,0.022623036,0.026225787,0.03756866,none
A038326,R04,19746.89,high,none,0.7296709,0.15505342,0.064940974,0.050334733,none
A029583,R02,1556.81,low,none,0.9374677,0.013421556,0.019387983,0.029722733,none
A017471,R08,8977.3,high,none,0.82917005,0.05111481,0.040591188,0.07912394,none
A002483,R00,5395.72,high,none,0.91246635,0.05070276,0.019778362,0.017052546,none
A026881,R06,6630.67,high,none,0.8957527,0.0062423237,0.020712318,0.07729257,none
A034685,R02,357.35,low,none,0.91150445,0.034584705,0.034823246,0.019087639,none
A034934,R02,99.15,low,none,0.92498046,0.030116929,0.015440624,0.029461954,none
A027085,R05,1261.11,low,none,0.93777233,0.02390911,0.009625843,0.028692657,none
A007994,R01,3687.39,low,none,0.9631478,0.0120992,0.0053491625,0.019403838,none
A024500,R09,383.13,low,none,0.8445374,0.028167559,0.009849707,0.11744541,none
A028001,R04,2317.34,low,none,0.8597682,0.067288905,0.05639158,0.016551336,none
A001451,R06,7151.13,high,none,0.8942058,0.02279557,0.06113231,0.021866297,none
A025947,R00,59618.21,high,none,0.75095797,0.013192371,0.08857352,0.14727615,none
A036702,R09,1921.96,low,dormant,0.66573554,0.023456663,0.01992659,0.29088125,none
A034644,R00,14828.19,high,none,0.93024606,0.008580684,0.026100064,0.035073265,none
A038576,R08,10614.28,high,none,0.8942006,0.020141996,0.04747689,0.03818051,none
A001753,R03,2697.69,low,none,0.8641278,0.0009624466,0.01586546,0.11904428,none
A024365,R06,13755.79,high,none,0.92101514,0.042870626,0.016083675,0.020030549,none
A028736,R00,2975.33,low,none,0.89302194,0.036611095,0.029784719,0.04058218,none
A019293,R01,325.35,low,none,0.9456642,0.013579151,0.002331514,0.038425177,none
A004570,R03,12703.38,high,none,0.7188798,0.012263219,0.0073369243,0.26152006,none
A025929,R00,29098.44,high,none,0.9577332,0.009764216,0.0038088146,0.028693816,none
A015761,R07,1763.84,low,none,0.8751842,0.006641466,0.047957163,0.07021721,none
A006204,R04,19881.42,high,none,0.83431625,0.07534936,0.0058198017,0.084514596,none
A027769,R02,2201.84,low,none,0.9707846,0.011039694,0.002337726,0.015838012,none
A001638,R09,785.74,low,none,0.8253616,0.010844208,0.010291382,0.15350284,none
A007415,R00,440.05,low,none,0.78384286,0.119859464,0.056063373,0.040234245,none
A000585,R09,896.97,low,none,0.9389739,0.030516438,0.014809963,0.015699726,none
A002958,R01,6228.75,high,none,0.8550064,0.013801623,0.04744796,0.083744,none
A002010,R01,2826.92,low,none,0.92273235,0.0115577895,0.032905076,0.032804724,none
A002360,R02,1840.91,low,dd_stop,0.9336109,0.038894612,0.004209366,0.023285145,none
A026603,R07,2439.11,low,none,0.811249,0.052920807,0.104090765,0.03173941,none
A020904,R07,1117.35,low,none,0.8531787,0.033612635,0.08821544,0.02499323,none
A004239,R00,4082.15,low,none,0.9081818,0.028421063,0.005447708,0.057949446,none
A000276,R06,9615.34,high,none,0.9214744,0.014999572,0.036625292,0.026900768,none
A039421,R05,2970.38,low,none,0.9253046,0.049147982,0.0052907565,0.020256646,none
A017437,R09,4642.93,low,none,0.88460755,0.023294115,0.068951555,0.023146804,none
A000146,R01,681.39,low,none,0.9065847,0.046771236,0.014518202,0.0321259,none
A035330,R09,7298.94,high,none,0.95609385,0.017208582,0.0037927341,0.022904824,none
A012229,R03,4169.7,low,none,0.8065069,0.06148373,0.07981997,0.052189402,none
A014771,R01,7303.47,high,none,0.8639637,0.034461506,0.0054838,0.09609103,none
A029673,R09,6227.11,high,none,0.8323119,0.020164171,0.07150466,0.07601927,none
A036729,R07,1234.05,low,none,0.9388829,0.016554346,0.030110367,0.014452369,none
A025454,R09,1469.44,low,none,0.9141002,0.038622577,0.018207148,0.029070023,none
A038504,R09,2524.52,low,none,0.88765377,0.033666596,0.044102315,0.034577258,none
A032884,R02,2671.51,low,none,0.9307967,0.02110714,0.017410902,0.030685205,none
A016508,R07,1622.58,low,none,0.9499638,0.002070942,0.014831822,0.03313346,none
A033476,R03,4993.79,high,none,0.8067952,0.040609315,0.023139087,0.1294564,none
A029158,R04,325.16,low,none,0.9512549,0.011334491,0.014833932,0.022576677,none
A019425,R04,981.74,low,none,0.908519,0.0037297332,0.006081943,0.081669316,none
A031267,R02,23266.84,high,dd_stop,0.9024315,0.004509316,0.07277976,0.020279473,none
A000319,R06,34604.8,high,none,0.9286208,0.015053294,0.0031712763,0.05315459,none
A031272,R02,15762.48,high,none,0.8641091,0.008932077,0.101000145,0.025958661,none
A002186,R03,8892.1,high,none,0.8100075,0.06696936,0.033475675,0.089547455,none
A006409,R03,2912.84,low,none,0.8188052,0.050754152,0.03581337,0.094627224,none
A017734,R00,6790.73,high,dd_stop,0.92457676,0.023157408,0.024029003,0.028236842,none
A015003,R02,1733.47,low,none,0.95531297,0.008872094,0.007534493,0.028280474,none
A034223,R09,3073.14,low,none,0.96553516,0.013688487,0.003470375,0.017305957,none
A033120,R05,8099.67,high,none,0.9522462,0.022254735,0.004121999,0.021377122,none
A015447,R09,10498.53,high,large_withdrawal,0.8243301,0.043599356,0.06077984,0.07129073,none
A013461,R07,5239.85,high,large_withdrawal,0.9219436,0.009081709,0.02333816,0.0456365,none
A025554,R07,1635.94,low,none,0.926841,0.020515101,0.026812037,0.025831865,none
A013890,R08,7263.65,high,none,0.90552753,0.056736074,0.020459028,0.01727731,none
A016080,R08,18331.14,high,none,0.9322796,0.019726343,0.0344907,0.013503325,none
A027963,R05,29327.4,high,large_withdrawal,0.9222417,0.017179372,0.022357702,0.038221195,none
A005261,R07,4123.05,low,none,0.92528856,0.033637222,0.010482963,0.030591184,none
A023535,R07,2460.67,low,none,0.8246663,0.049549483,0.024962768,0.10082141,none
A010333,R02,2026.09,low,dd_stop,0.9439824,0.029035816,0.017168824,0.0098130135,none
A035496,R04,16096.83,high,none,0.82164615,0.022459878,0.041044526,0.11484942,none
A006365,R08,3295.38,low,none,0.90974396,0.005825721,0.010365869,0.07406444,none
A016361,R07,7932.77,high,none,0.8667986,0.086741276,0.031101208,0.0153589435,none
A038953,R00,3680.4,low,none,0.89144707,0.00408803,0.06828983,0.036175102,none
A012550,R06,3879.88,low,none,0.8951998,0.011475675,0.0072647254,0.086059876,none
A018866,R08,5966.98,high,none,0.95516,0.01266808,0.010213944,0.021957913,none
A036498,R01,2868.66,low,none,0.91976327,0.032861125,0.020893415,0.02648221,none
A028342,R05,12463.92,high,none,0.8394541,0.036672,0.05569206,0.068181776,none
A005298,R09,5320.59,high,large_withdrawal,0.8811636,0.020668026,0.067827374,0.030340955,none
A012839,R02,8408.84,high,none,0.8855285,0.04879989,0.041342914,0.024328727,none
A004427,R09,38115.69,high,none,0.92679554,0.03713706,0.00666106,0.029406404,none
A009891,R01,3484.31,low,none,0.93134564,0.015532142,0.015268176,0.03785405,none
A022920,R08,14038.45,high,none,0.89099014,0.04165913,0.03524788,0.032102864,none
A015490,R08,37605.39,high,none,0.8330216,0.015545906,0.011852242,0.1395803,none
A001484,R03,6972.54,high,none,0.93415725,0.00097051286,0.043214317,0.021657882,none
A026697,R07,8705.18,high,none,0.9164848,0.05527541,0.007692063,0.020547718,none
A012998,R00,3794.17,low,none,0.9099664,0.044309102,0.012689744,0.033034712,none
A035740,R09,17408.14,high,none,0.9595645,0.016698888,0.008221527,0.015515035,none
A032864,R03,4455.75,low,none,0.9047321,0.009509193,0.06007326,0.025685512,none
A027661,R00,3980.98,low,none,0.8563018,0.005521512,0.1007929,0.037383784,none
A032983,R09,7713.27,high,none,0.8834273,0.019300848,0.069104224,0.028167611,none
A029712,R00,7586.38,high,none,0.8857866,0.021099465,0.03007528,0.063038684,none
A010824,R01,35963.16,high,none,0.9567727,0.010767968,0.006262356,0.02619702,none
A026774,R09,8401.25,high,none,0.90876687,0.06731902,0.0043853866,0.019528767,none
A029414,R04,2694.65,low,none,0.91166264,0.017590508,0.042742133,0.028004777,none
A020392,R01,3805.5,low,none,0.9578638,0.019451795,0.0081893625,0.014495091,none
A032448,R09,3710.82,low,none,0.83569974,0.022943126,0.0424959,0.09886118,none
A022730,R09,18145.27,high,none,0.96486247,0.00068054075,0.0055632996,0.028893685,none
A014083,R07,5553.9,high,none,0.9077299,0.02703702,0.037152797,0.02808031,none
A012932,R00,3586.69,low,none,0.83625776,0.039502528,0.03814011,0.086099595,none
A026406,R02,1682.47,low,none,0.88072425,0.012213706,0.01665638,0.09040568,none
A027319,R02,3132.41,low,none,0.7154581,0.014949885,0.04269096,0.22690107,none
A006030,R05,19471.11,high,none,0.9580211,0.019795211,0.0043733106,0.017810406,none
A031595,R07,23622.23,high,none,0.9709654,0.008996788,0.009960555,0.010077203,none
A029077,R00,2850.11,low,large_withdrawal,0.9199849,0.053308886,0.011539927,0.015166352,none
A032240,R02,69322.32,high,none,0.9326658,0.029157262,0.0064615514,0.03171533,none
A000309,R00,612.36,low,large_withdrawal,0.84373426,0.120785266,0.01239395,0.023086483,none
A003771,R06,3689.71,low,none,0.9365129,0.017362026,0.016933816,0.029191274,none
A038828,R04,12617.99,high,none,0.70209074,0.01445052,0.010453795,0.27300498,none
A026624,R06,4681.18,low,none,0.8799165,0.009490006,0.013704318,0.09688921,none
A028799,R04,41006.47,high,none,0.8645902,0.043862373,0.06772028,0.023827106,none
A036892,R05,8183.02,high,none,0.8076591,0.12199109,0.04241625,0.027933547,none
A021913,R00,3354.87,low,none,0.9514768,0.0062567024,0.02692139,0.015345107,none
A028984,R01,5851.44,high,none,0.95975643,0.013657642,0.0077995653,0.018786369,none
A025492,R01,6860.62,high,none,0.8587547,0.016415516,0.09894755,0.025882268,none
A025326,R01,17982.98,high,none,0.7415004,0.021204708,0.11645952,0.12083537,none
A029133,R00,20083.56,high,none,0.86396253,0.034211837,0.07480184,0.027023831,none
A022498,R07,16803.8,high,none,0.95114684,0.02516641,0.0051524607,0.018534267,none
A018602,R06,941.95,low,dd_stop,0.8819153,0.0735413,0.01716329,0.02738016,none
A005279,R00,8903.2,high,none,0.86820287,0.01895147,0.031551823,0.08129383,none
A003597,R07,20279.51,high,none,0.9442978,0.024751073,0.005489413,0.025461743,none
A011236,R00,869.31,low,none,0.9625009,0.019981328,0.004286823,0.013231005,none
A026350,R01,11011.6,high,none,0.8528918,0.023021903,0.08882057,0.035265718,none
A034002,R05,13872.22,high,none,0.9598374,0.0154896965,0.006149518,0.018523382,none
A030448,R03,4613.61,low,none,0.9015672,0.057307113,0.02388466,0.017240943,none
A008231,R06,3708.38,low,none,0.8749025,0.0032904476,0.023109544,0.098697476,none
A003609,R01,377.84,low,none,0.7617104,0.12624313,0.05955672,0.052489694,none
A000093,R03,12898.54,high,dd_stop,0.8764275,0.075548895,0.03180277,0.016220924,none
A013234,R09,9154.51,high,none,0.9351323,0.009716537,0.02234651,0.032804605,none
A023268,R01,3607.43,low,none,0.9307596,0.04258476,0.007088784,0.019566817,none
A019139,R09,268.68,low,none,0.86987144,0.010695388,0.020297276,0.099135906,none
A016591,R08,6109.37,high,none,0.95229775,0.022374693,0.0026894112,0.022638153,none
A003950,R04,45192.62,high,none,0.90332574,0.026166467,0.030946733,0.039561104,none
A034522,R08,7908.68,high,none,0.617511,0.031657983,0.040602062,0.310229,none
A001194,R05,3196.66,low,none,0.9262153,0.012781582,0.02894427,0.03205878,none
A025408,R08,18229.74,high,none,0.8960908,0.024449935,0.044614777,0.03484453,none
A027358,R09,5381.29,high,none,0.9608593,0.0009257035,0.006484297,0.03173068,none
A007215,R02,5180.13,high,none,0.8769753,0.058359943,0.040227182,0.024437565,none
A009137,R03,2466.14,low,none,0.87834173,0.022340273,0.012156991,0.08716101,none
A004893,R01,7271.39,high,none,0.92681223,0.033718903,0.016671805,0.022797104,none
A003626,R08,16072.36,high,none,0.89126986,0.043875664,0.047218278,0.017636152,none
A011636,R06,4241.85,low,none,0.9289642,0.02807949,0.013793,0.029163284,none
A016426,R06,14052.77,high,none,0.8661424,0.03697793,0.006234631,0.09064507,none
A012462,R06,2766.53,low,none,0.85245705,0.045580417,0.06747731,0.034485195,none
A029428,R07,375.41,low,none,0.9089853,0.030024147,0.02801609,0.03297446,none
A001148,R04,332.87,low,none,0.9183645,0.006816919,0.0026586924,0.07215983,none
A020970,R09,4272.91,low,none,0.85044736,0.022292634,0.035916053,0.09134392,none
A009677,R02,4841.74,low,none,0.86787105,0.013021342,0.02479587,0.094311796,none
A027276,R06,1140.09,low,none,0.92952067,0.029299382,0.014708044,0.02647187,none
A018659,R06,6293.57,high,none,0.8946873,0.04310533,0.044093587,0.018113801,none
A012051,R08,16655.53,high,none,0.8186153,0.08173433,0.033598993,0.06605141,none
A031003,R01,17506.95,high,none,0.6895471,0.037597634,0.064590536,0.20826475,none
A032406,R00,7837.16,high,none,0.88337785,0.027351145,0.045756914,0.04351416,none
A016594,R02,3919.0,low,none,0.844187,0.010455172,0.03673252,0.108625285,none
A021896,R04,27955.73,high,none,0.87181145,0.06500459,0.034379072,0.028804906,none
A035449,R08,1519.73,low,dormant,0.7329141,0.0011444953,0.0068332567,0.25910816,none
A000586,R04,18507.22,high,none,0.8307246,0.07340344,0.071904205,0.02396777,none
A005800,R02,10580.4,high,large_withdrawal,0.8788111,0.0540569,0.041831646,0.025300298,none
A036327,R06,15099.93,high,none,0.9215559,0.04443453,0.022184668,0.011824934,none
A027974,R04,2607.69,low,none,0.8628336,0.051263608,0.049051035,0.036851805,none
A003799,R01,4707.8,low,none,0.90869313,0.062198628,0.012383709,0.016724532,none
A015641,R07,3331.2,low,none,0.84502184,0.06129689,0.007357601,0.086323634,none
A036457,R04,15540.76,high,none,0.85686177,0.02157549,0.025521148,0.09604164,none
A037480,R00,1672.51,low,none,0.8984642,0.023546565,0.008578913,0.06941029,none
A006392,R03,11791.39,high,none,0.8739953,0.07784009,0.029736716,0.01842788,none
A002057,R01,4015.9,low,none,0.8454877,0.052950345,0.069320746,0.03224123,none
A018837,R05,8454.16,high,dd_stop,0.8981875,0.02560392,0.050708733,0.025499783,none
A011916,R06,4938.59,low,none,0.89911145,0.0009524385,0.03751486,0.062421232,none
A005638,R07,7418.97,high,none,0.91495526,0.0009121372,0.012091164,0.07204146,none
A031038,R00,6029.3,high,none,0.89154124,0.04173705,0.04219922,0.024522465,none
A017297,R06,34067.93,high,none,0.94343585,0.006083036,0.0033246507,0.047156453,none
A000563,R02,972.5,low,none,0.88512915,0.022526385,0.012231638,0.0801128,none
A006496,R03,3795.59,low,none,0.97058386,0.0057149716,0.0036314756,0.020069689,none
A016505,R05,1376.38,low,none,0.9367832,0.036064856,0.005744288,0.021407688,none
A011260,R08,2055.94,low,dormant,0.55596554,0.013444885,0.07591673,0.35467282,none
A009944,R06,9576.25,high,none,0.93507725,0.047826115,0.0042066434,0.012889957,none
A025176,R03,8362.86,high,dormant,0.77520967,0.011287977,0.012862962,0.2006394,none
A009162,R09,12005.13,high,none,0.9484674,0.030024067,0.0029794287,0.018529082,none
A033709,R02,1677.69,low,none,0.869345,0.02722592,0.070410766,0.033018332,none
A036456,R03,4668.3,low,none,0.9308241,0.030342989,0.0038775553,0.034955405,none
A020125,R05,2732.15,low,none,0.87631714,0.064211704,0.025097013,0.03437411,none
A037422,R09,8113.94,high,large_withdrawal,0.91215503,0.028669516,0.035211053,0.023964463,none
A039845,R05,32775.04,high,none,0.9652219,0.010026367,0.0041356916,0.020616142,none
A033365,R05,7618.42,high,none,0.9216521,0.022656528,0.020046683,0.03564473,none
A008250,R00,2250.8,low,none,0.8941624,0.016560806,0.004897559,0.08437925,none
A037170,R08,2709.48,low,none,0.9317223,0.018672444,0.010071342,0.03953388,none
A020149,R00,1221.3,low,dormant,0.8574253,0.035573985,0.079945095,0.027055707,none
A033228,R00,47126.84,high,none,0.8830728,0.027558982,0.053314876,0.036053307,none
A028411,R01,1336.76,low,none,0.8614963,0.014558097,0.02109252,0.10285302,none
A020546,R01,5094.92,high,none,0.9520083,0.018998792,0.0046583638,0.024334518,none
A025491,R08,4410.36,low,none,0.833748,0.003189437,0.03648454,0.12657799,none
A028539,R06,6910.56,high,none,0.9720248,0.0006521059,0.0075116833,0.019811403,none
A002047,R06,7116.39,high,none,0.88624597,0.01554366,0.07093723,0.02727316,none
A000067,R08,28485.12,high,none,0.91417074,0.014838229,0.0395956,0.031395443,none
A030764,R06,4693.5,low,none,0.9370628,0.00080376805,0.038627196,0.023506178,none
A030339,R06,5954.49,high,dd_stop,0.94471794,0.014869728,0.017937338,0.022474933,none
A007431,R03,13915.6,high,none,0.8862274,0.026895974,0.06262512,0.024251463,none
A016712,R05,6744.57,high,large_withdrawal,0.90270877,0.06517345,0.011402746,0.02071502,none
A011020,R03,474.27,low,large_withdrawal,0.9367168,0.02841561,0.010126584,0.024740964,none
A025513,R09,1203.92,low,none,0.93194836,0.009189281,0.042571537,0.016290851,none
A038867,R00,10398.53,high,none,0.93836504,0.028634008,0.0068430724,0.026157845,none
A014232,R01,4388.32,low,none,0.9088482,0.06297554,0.006552421,0.021623867,none
A019653,R02,1804.25,low,none,0.85397923,0.041428827,0.008257575,0.096334346,none
A033832,R05,4960.04,low,none,0.8614895,0.07346781,0.02970696,0.035335753,none
A005673,R01,342.74,low,none,0.9507493,0.013596448,0.013658472,0.021995835,none
A016200,R08,6550.6,high,none,0.9209245,0.030660573,0.028235596,0.020179339,none
A024759,R05,1260.43,low,dd_stop,0.53344077,0.0011495115,0.053582013,0.4118277,none
A037914,R08,2364.16,low,none,0.91677815,0.02006657,0.022451432,0.040703904,none
A029188,R05,1589.21,low,none,0.85705954,0.009256119,0.039006088,0.09467828,none
A030959,R01,1582.99,low,none,0.87228566,0.008124518,0.025501624,0.09408824,none
A013288,R00,3874.79,low,none,0.7951341,0.0929066,0.0066837706,0.10527552,none
A017063,R01,70.03,low,none,0.82180184,0.03128881,0.033178076,0.1137313,none
A005714,R08,2172.88,low,none,0.7727382,0.0721557,0.025550786,0.12955533,none
A016503,R02,1622.58,low,none,0.8949867,0.025023028,0.0347583,0.045231994,none
A008260,R06,1651.14,low,none,0.9124093,0.00092586636,0.02602553,0.060639333,none
A014580,R05,12097.66,high,none,0.86165637,0.06357147,0.04626482,0.028507331,none
A015637,R06,20.96,low,none,0.8693426,0.02154188,0.062807456,0.04630799,none
A000112,R01,13543.09,high,none,0.9356198,0.022527419,0.014418081,0.027434653,none
A025123,R08,2700.37,low,dormant,0.69340676,0.03123653,0.009069942,0.26628676,none
A035325,R09,5048.28,high,none,0.92196286,0.049171675,0.004519628,0.024345832,none
A024963,R06,3246.46,low,none,0.5062455,0.05840336,0.028862951,0.40648818,none
A019404,R03,26773.74,high,none,0.9310146,0.02490196,0.013157029,0.030926414,none
A024676,R09,13529.37,high,dormant,0.8723841,0.016497303,0.03134082,0.07977777,none
A020046,R06,2363.17,low,none,0.9724191,0.008435737,0.0023702208,0.01677501,none
A012484,R09,9545.39,high,none,0.9013298,0.035063684,0.0393358,0.024270728,none
A014365,R01,1721.65,low,none,0.9149893,0.028022684,0.03245619,0.02453189,none
A005726,R05,8478.64,high,none,0.96411973,0.014286925,0.004972762,0.01662063,none
A031636,R06,15519.73,high,none,0.89901286,0.02172496,0.051961843,0.027300315,none
A029196,R03,1343.32,low,none,0.87031025,0.022484299,0.027874729,0.079330735,none
A022588,R09,9734.03,high,none,0.9030757,0.008758137,0.062394444,0.025771733,none
A030310,R07,2729.32,low,none,0.8478566,0.011018426,0.062059477,0.07906552,none
A037061,R07,7909.33,high,none,0.8815981,0.005093727,0.085798666,0.027509443,none
A033061,R00,697.24,low,none,0.8933959,0.05716192,0.028790431,0.020651715,none
A038009,R07,1497.53,low,none,0.9164808,0.0052050278,0.009365632,0.06894856,none
A026729,R03,3309.49,low,none,0.83561087,0.022393817,0.046393868,0.09560142,none
A029471,R08,1003.35,low,none,0.83530426,0.090674594,0.045194525,0.02882666,none
A033158,R04,42226.48,high,none,0.72354454,0.13430934,0.049459014,0.092687115,none
A036003,R03,2367.58,low,none,0.92790025,0.023843804,0.026327789,0.021928204,none
A032271,R00,9912.53,high,none,0.9215081,0.008786544,0.035285737,0.034419574,none
A011125,R08,10114.12,high,none,0.8645699,0.01965431,0.07990428,0.03587151,none
A003186,R07,3715.53,low,large_withdrawal,0.86578166,0.039546978,0.059106402,0.035564948,none
A009260,R07,927.38,low,none,0.8026032,0.011038309,0.057571877,0.12878664,none
A035587,R02,3987.76,low,none,0.94054735,0.027862128,0.0075192275,0.024071293,none
A009210,R04,7690.68,high,none,0.69806904,0.16177098,0.043271955,0.09688805,none
A012795,R04,5606.34,high,dd_stop,0.87809855,0.061056517,0.034959704,0.025885226,none
A015449,R08,818425.89,high,none,0.83514875,0.019609662,0.012528772,0.13271284,none
A027520,R01,6439.54,high,none,0.925122,0.009615532,0.041854814,0.023407595,none
A031394,R08,10758.84,high,none,0.9746156,0.0008010048,0.008066573,0.016516812,none
A002081,R06,9134.9,high,none,0.91393656,0.0049596173,0.0026507024,0.07845313,none
A006574,R02,1338.41,low,none,0.87889516,0.029182289,0.061530847,0.030391682,none
A027969,R01,2071.89,low,none,0.9344119,0.015316907,0.024592062,0.025679117,none
A014644,R07,5592.65,high,none,0.8783543,0.027624479,0.07504872,0.018972462,none
A008888,R00,4342.9,low,none,0.8469159,0.016121916,0.044808406,0.09215378,none
A035313,R05,5085.22,high,none,0.8542051,0.016557988,0.050729692,0.078507304,none
A001170,R06,20047.55,high,none,0.6456869,0.02276554,0.031450473,0.30009708,none
A024400,R07,2380.74,low,none,0.94363004,0.036710165,0.002965132,0.016694656,none
A003518,R05,19591.4,high,none,0.85182196,0.021470105,0.089481,0.03722695,none
A035892,R01,5683.3,high,none,0.79369843,0.0754207,0.006242989,0.124637924,none
A034891,R05,2544.96,low,none,0.782322,0.12562667,0.07438716,0.017664175,none
A006541,R00,52935.05,high,none,0.90717477,0.00471719,0.058417942,0.029690105,none
A020917,R01,17492.15,high,none,0.93749535,0.0076934523,0.03501763,0.019793566,none
A032853,R01,10184.91,high,none,0.92944014,0.04270587,0.002844606,0.02500935,none
A007470,R03,10898.61,high,none,0.8983057,0.032075256,0.044474892,0.025144171,none
A005502,R02,329.33,low,none,0.8323452,0.051074676,0.070678964,0.045901187,none
A017575,R08,722.13,low,none,0.88932085,0.0017190869,0.0650101,0.04394997,none
A035498,R05,11421.56,high,none,0.763441,0.061617255,0.07135578,0.103585996,none
A009232,R07,2631.2,low,none,0.9444375,0.04005321,0.0029739588,0.012535315,none
A030321,R00,4530.69,low,none,0.9210235,0.026973719,0.0204085,0.03159432,none
A009194,R03,1247.44,low,none,0.8971813,0.065399475,0.02547995,0.01193928,none
A034451,R09,3105.18,low,none,0.94974065,0.011131573,0.010613573,0.028514251,none
A038349,R01,5680.33,high,dormant,0.8474856,0.02406396,0.023084752,0.10536567,none
A021408,R03,6529.43,high,none,0.91821635,0.023367804,0.028469242,0.029946579,none
A022934,R00,3767.34,low,none,0.8567472,0.014942035,0.032989077,0.09532168,none
A005058,R03,29414.11,high,none,0.9388939,0.02758668,0.010727532,0.022791862,none
A033954,R06,6385.12,high,none,0.95710796,0.0040110196,0.0145462975,0.024334736,none
A009344,R09,22083.55,high,dormant,0.95940405,0.00084267394,0.012141839,0.027611474,none
A037672,R06,6945.68,high,none,0.6238318,0.036446482,0.006685141,0.33303657,none
A013394,R05,11408.89,high,none,0.95628846,0.024681048,0.006054621,0.012975893,none
A005905,R09,4700.68,low,none,0.9371825,0.006408286,0.02791078,0.028498434,none
A031301,R05,12574.03,high,none,0.9559368,0.021040754,0.0021865275,0.020835955,none
A024653,R04,8752.53,high,none,0.86599046,0.04258965,0.061411023,0.030008823,none
A004918,R08,4448.87,low,dormant,0.65472627,0.0035840063,0.008380312,0.3333094,none
A022652,R08,25428.99,high,none,0.9221747,0.01672512,0.024689406,0.0364108,none
A039795,R04,1014.81,low,dd_stop,0.90766764,0.026947035,0.028378995,0.037006322,none
A000325,R03,1595.09,low,none,0.7110167,0.058661006,0.0385574,0.1917649,none
A036109,R05,5077.98,high,none,0.8725552,0.030348051,0.013773378,0.0833233,none
A002662,R08,13622.83,high,none,0.96649563,0.012796937,0.0026216472,0.018085828,none
A006963,R07,2834.33,low,none,0.8529233,0.048275262,0.068564974,0.030236518,none
A015137,R07,5709.97,high,none,0.88391984,0.010328237,0.032529257,0.073222645,none
A036114,R08,3553.0,low,none,0.69713694,0.011666282,0.0065474715,0.28464925,none
A006132,R06,1621.92,low,none,0.84587246,0.016056715,0.03263014,0.10544061,none
A006245,R06,16811.36,high,none,0.85952455,0.005827701,0.03134857,0.103299186,none
A026942,R02,7725.03,high,none,0.9642936,0.011527085,0.005573499,0.018605795,none
A009271,R08,1560.35,low,none,0.9024985,0.037587564,0.027755015,0.032158874,none
A027246,R07,17913.36,high,none,0.9368639,0.017219514,0.024204846,0.021711806,none
A022059,R00,19001.93,high,none,0.8787429,0.05677456,0.029118452,0.035364132,none
A013921,R05,9593.09,high,none,0.8784555,0.027498126,0.026827877,0.06721846,none
A012089,R00,6256.91,high,large_withdrawal,0.9426764,0.02712461,0.0062506422,0.023948349,none
A000284,R07,903.95,low,none,0.9212496,0.01860214,0.035304345,0.024843879,none
A013227,R04,1971.29,low,none,0.9522304,0.01249826,0.016234528,0.019036781,none
A018165,R03,33342.77,high,none,0.9053588,0.03220521,0.004262328,0.058173653,none
A026745,R00,1469.51,low,none,0.9086087,0.024241004,0.020751858,0.046398472,none
A030184,R08,2103.9,low,none,0.7942658,0.056716457,0.009556118,0.13946159,none
A023591,R09,7693.37,high,none,0.9524047,0.025471862,0.0052013835,0.016922064,none
A035626,R09,33903.57,high,none,0.7608296,0.039907586,0.032729913,0.16653289,none
A032842,R03,2743.94,low,dormant,0.84475124,0.02857484,0.044947512,0.08172635,none
A005774,R01,6743.32,high,none,0.87765646,0.06659561,0.032561384,0.023186494,none
A036405,R02,5587.4,high,dormant,0.8567843,0.011483928,0.013396124,0.1183357,none
A022613,R00,1574.74,low,none,0.94130963,0.022629565,0.012362949,0.023697888,none
A007325,R02,17117.6,high,none,0.86615115,0.02520831,0.071326375,0.037314143,none
A029503,R07,4314.85,low,dd_stop,0.9356634,0.011613848,0.029339058,0.023383722,none
A022738,R06,10914.51,high,none,0.9431139,0.0375067,0.005729147,0.013650204,none
A008705,R07,6077.01,high,none,0.9647187,0.0008966891,0.006916404,0.027468178,none
A032391,R01,10191.32,high,none,0.91757536,0.014256583,0.004498864,0.06366917,none
A024419,R06,1134.97,low,none,0.8735158,0.036503837,0.058090303,0.031890072,none
A000993,R03,2893.63,low,dormant,0.8568067,0.01440998,0.088746436,0.040036913,none
A005405,R00,14496.81,high,none,0.9290458,0.031005265,0.012558509,0.027390396,none
A015063,R08,13392.62,high,dormant,0.9281437,0.02450101,0.014070187,0.03328508,none
A039408,R09,5445.58,high,none,0.8934177,0.030459998,0.05789239,0.018229848,none
A014218,R08,7267.6,high,none,0.87877786,0.026633034,0.049630973,0.044958167,none
A032606,R02,947.45,low,none,0.8371624,0.0034519546,0.03814492,0.12124075,none
A019377,R02,29046.99,high,none,0.92580706,0.014513789,0.03173259,0.027946547,none
A018765,R01,18917.24,high,none,0.82094944,0.03547897,0.052710827,0.090860784,none
A010663,R03,3116.76,low,none,0.86204666,0.034331925,0.009878381,0.09374305,none
A032981,R05,2345.21,low,none,0.89944565,0.045138054,0.03788171,0.0175346,none
A003827,R08,5999.86,high,none,0.90736693,0.070118584,0.0061450223,0.016369458,none
A027755,R05,8836.39,high,dormant,0.95711243,0.024017371,0.004524305,0.014345935,none
A028598,R00,1611.58,low,none,0.8909389,0.046885878,0.02725349,0.034921773,none
A039614,R05,6493.64,high,none,0.9016666,0.06830761,0.0150858145,0.01494,none
A034997,R03,5422.51,high,dd_stop,0.92306024,0.0366692,0.0148860095,0.025384573,none
A033607,R02,10118.87,high,none,0.90971404,0.035949603,0.03163161,0.022704687,none
A019282,R00,11362.6,high,dormant,0.7215865,0.14593703,0.0341845,0.09829193,none
A005137,R03,9364.64,high,none,0.88299215,0.010256406,0.04505633,0.061695095,none
A035529,R09,536.61,low,dd_stop,0.8759027,0.01647646,0.029079115,0.07854166,none
A028995,R09,18235.08,high,none,0.7881706,0.015943993,0.09865429,0.09723112,none
A011942,R04,5180.57,high,none,0.9423452,0.022352109,0.0067350226,0.028567728,none
A025619,R03,3856.24,low,none,0.8865317,0.023316879,0.013766279,0.07638514,none
A008455,R05,7896.41,high,none,0.885851,0.0010107192,0.07974334,0.033394925,none
A037909,R07,3270.07,low,none,0.9159046,0.056940738,0.009764274,0.017390389,none
A036547,R07,1664.74,low,none,0.9517121,0.0023661626,0.01347844,0.032443296,none
A021929,R01,1330.92,low,none,0.9787136,0.004296443,0.0026408448,0.014349121,none
A013367,R01,17383.4,high,none,0.8033068,0.0012155887,0.16324714,0.03223046,none
A028872,R06,23234.98,high,none,0.92018217,0.056686465,0.0064089815,0.016722329,none
A035573,R08,1695.61,low,none,0.959446,0.0037189147,0.0055265687,0.031308576,none
A014391,R02,455.5,low,none,0.8473869,0.029482897,0.024925234,0.098205015,none
A026703,R07,3396.07,low,none,0.9234573,0.029836584,0.0224027,0.02430341,none
A007026,R00,3991.35,low,none,0.90808934,0.006037407,0.006241367,0.07963184,none
A000436,R02,835.42,low,none,0.94477797,0.02725092,0.010500521,0.017470548,none
A010373,R06,3138.81,low,none,0.95482117,0.014916534,0.0056185853,0.024643695,none
A029970,R02,6474.42,high,none,0.94206727,0.010721626,0.020366883,0.026844217,none
A019461,R02,19963.97,high,dd_stop,0.8389907,0.056370858,0.075749554,0.02888896,none
A016708,R05,10568.48,high,dormant,0.33967605,0.011946539,0.014390185,0.6339872,dormant
A026168,R09,17204.61,high,none,0.95387995,0.013325932,0.0077196653,0.025074465,none
A037887,R00,35247.31,high,none,0.8405036,0.033967786,0.02945435,0.09607433,none
A036234,R02,2278.11,low,none,0.94615424,0.026810741,0.004806885,0.022228105,none
A018885,R06,827.88,low,none,0.86785245,0.039008163,0.06366285,0.029476563,none
A033696,R01,410.89,low,none,0.6808561,0.019742988,0.06576822,0.23363268,none
A028996,R00,16756.35,high,none,0.81053793,0.028660169,0.13126212,0.029539797,none
A029431,R03,4254.15,low,none,0.9241797,0.052200604,0.009395237,0.014224446,none
A033794,R09,1580.98,low,none,0.8092995,0.005805872,0.0676081,0.11728654,none
A026671,R05,1611.68,low,none,0.9609872,0.0054227724,0.006798564,0.026791442,none
A000638,R06,14855.08,high,none,0.8207885,0.019717736,0.070206195,0.0892876,none
A032709,R09,1433.25,low,none,0.78867614,0.042835712,0.056279864,0.11220823,none
A003887,R00,3000.02,low,none,0.8812862,0.039076082,0.03417951,0.04545827,none
A034232,R05,22599.66,high,none,0.9385331,0.021104855,0.01587154,0.024490502,none
A007551,R02,4119.73,low,none,0.8564795,0.032011054,0.015585688,0.09592369,none
A030119,R05,86326.41,high,none,0.8037455,0.016675726,0.013372826,0.16620602,none
A030275,R01,15325.71,high,dormant,0.67571354,0.01661789,0.0042333025,0.30343527,none
A000010,R07,1384.57,low,none,0.97637004,0.0039442796,0.0031575356,0.016528107,none
A005730,R08,11107.83,high,none,0.8711723,0.023568785,0.06971477,0.035544083,none
A016631,R02,444.39,low,none,0.78812534,0.10251783,0.085661694,0.023695162,none
A033058,R01,3311.74,low,none,0.8183512,0.03212685,0.069714986,0.07980696,none
A007976,R08,526.9,low,none,0.89995277,0.020198781,0.0037587753,0.076089755,none
A002005,R09,6754.97,high,none,0.95603186,0.019216087,0.005998765,0.018753268,none
A010578,R07,10825.07,high,none,0.93389225,0.042908914,0.0062944912,0.016904322,none
A016261,R03,1815.56,low,none,0.8058502,0.048125364,0.049610425,0.09641402,none
A004960,R09,7693.48,high,none,0.92511684,0.0067909868,0.03889143,0.029200744,none
A011108,R05,15486.17,high,dd_stop,0.6282717,0.03778978,0.043143146,0.29079536,none
A036235,R07,2290.59,low,none,0.95171875,0.0046075555,0.015397015,0.028276643,none
A001275,R04,10379.71,high,none,0.9285598,0.01657881,0.031072147,0.023789294,none
A031554,R06,3016.0,low,none,0.9366791,0.02438659,0.011940101,0.026994115,none
A003784,R06,1165.51,low,large_withdrawal,0.75229627,0.11860283,0.008203992,0.12089694,none
A034045,R09,2962.15,low,dormant,0.6986277,0.0087514045,0.020424915,0.272196,none
A004440,R08,4028.77,low,none,0.8194771,0.023157889,0.06709238,0.0902727,none
A018074,R08,3242.35,low,none,0.8197635,0.014469139,0.06841367,0.09735367,none
A001210,R02,6230.28,high,none,0.9423935,0.012615741,0.01768693,0.027303915,none
A026312,R03,15735.54,high,dd_stop,0.8405327,0.019112209,0.10524032,0.03511481,none
A032292,R06,23874.01,high,none,0.84289026,0.05133387,0.029136367,0.07663952,none
A030702,R04,1498.76,low,none,0.96997887,0.010806942,0.0049852626,0.014228887,none
A029731,R03,4041.72,low,none,0.86596537,0.025030738,0.016015006,0.092988946,none
A000174,R06,38567.53,high,none,0.8849469,0.013713097,0.017363612,0.083976455,none
A018576,R05,4894.09,low,none,0.864209,0.04107943,0.06559349,0.029118048,none
A035730,R08,3965.45,low,none,0.93955994,0.0245365,0.005281812,0.030621817,none
A022309,R05,10736.15,high,none,0.85708445,0.012791913,0.089111395,0.04101221,none
A008326,R08,2625.94,low,large_withdrawal,0.97818017,0.005364204,0.0044062585,0.012049389,none
A006506,R07,2777.66,low,none,0.9365366,0.0376855,0.0062351455,0.019542791,none
A030545,R01,74615.85,high,dormant,0.81835055,0.001216003,0.025003582,0.1554299,none
A035072,R04,6392.15,high,none,0.943736,0.035011157,0.0060805744,0.01517223,none
A013909,R05,1812.88,low,dormant,0.8711216,0.044520345,0.05647196,0.027886111,none
A026512,R09,90120.66,high,none,0.7936549,0.007966123,0.02354115,0.1748378,none
A032812,R09,1589.07,low,none,0.85470605,0.007324187,0.017629482,0.12034032,none
A012133,R07,2182.02,low,none,0.95119387,0.013152902,0.011691011,0.023962239,none
A033955,R08,40879.72,high,none,0.92847294,0.0031413322,0.040156983,0.028228736,none
A017323,R01,4416.54,low,none,0.8436501,0.03623756,0.057566036,0.062546246,none
A004341,R04,19700.68,high,none,0.47333726,0.03470468,0.079260066,0.41269797,none
A033579,R03,6411.06,high,none,0.96148384,0.0006881002,0.019945024,0.017883046,none
A003256,R00,2938.01,low,none,0.9624009,0.0061633727,0.00979498,0.021640757,none
A033458,R07,9574.55,high,none,0.905471,0.0642913,0.008865496,0.021372193,none
A000347,R03,758.58,low,none,0.9071342,0.006270828,0.0064033824,0.08019167,none
A007267,R05,2561.7,low,none,0.81673056,0.047378283,0.040468097,0.09542305,none
A012930,R03,2306.5,low,none,0.91168255,0.018661777,0.04706348,0.0225922,none
A031941,R05,38034.01,high,none,0.90192074,0.037182312,0.031664897,0.029232072,none
A026527,R07,3437.02,low,large_withdrawal,0.91217417,0.031326216,0.028592145,0.027907442,none
A036794,R01,7835.21,high,none,0.7522746,0.06220613,0.07086054,0.11465869,none
A027838,R07,3436.7,low,none,0.77054214,0.05708511,0.055401627,0.11697108,none
A024354,R07,1621.86,low,none,0.9106594,0.00749843,0.05346607,0.028376179,none
A027605,R05,1962.83,low,dd_stop,0.8090424,0.1212772,0.038295317,0.03138512,none
A029021,R06,20274.01,high,none,0.9532277,0.02395306,0.005652787,0.01716638,none
A017051,R05,724.73,low,none,0.92464983,0.018720087,0.031723153,0.024906948,none
A009744,R01,12028.77,high,none,0.8265318,0.08506194,0.07085586,0.01755038,none
A019451,R09,8841.35,high,none,0.9406318,0.009648497,0.02932501,0.020394638,none
A026930,R02,407.17,low,none,0.846599,0.021223033,0.04584069,0.08633728,none
A031903,R01,4182.35,low,none,0.8379044,0.018623967,0.028724033,0.11474761,none
A037330,R01,27811.63,high,none,0.845714,0.000713115,0.080406666,0.073166296,none
A011560,R03,3226.12,low,none,0.85985565,0.03975663,0.07036717,0.030020598,none
A015112,R00,2656.37,low,none,0.9204649,0.028661225,0.016130906,0.034742933,none
A008566,R05,2238.72,low,none,0.94444716,0.0008885379,0.0069503877,0.047713883,none
A008946,R08,12081.12,high,none,0.935969,0.04162334,0.003975968,0.018431671,none
A011011,R09,6511.9,high,none,0.81427103,0.04364384,0.06119278,0.08089235,none
A021549,R00,1973.21,low,none,0.9557794,0.021303168,0.003096508,0.01982091,none
A028368,R07,3323.86,low,none,0.86501044,0.018604318,0.032837354,0.08354793,none
A033057,R03,4327.15,low,none,0.77676046,0.111433476,0.08153525,0.030270845,none
A031746,R09,1616.98,low,dd_stop,0.94084007,0.011702256,0.024654629,0.02280311,none
A030788,R00,4637.33,low,large_withdrawal,0.9401244,0.008345332,0.026858116,0.024672106,none
A030574,R06,2660.16,low,none,0.8864825,0.00916164,0.004114072,0.1002418,none
A015083,R04,20633.14,high,none,0.76357514,0.011993319,0.07268524,0.15174636,none
A020366,R06,89726.06,high,dd_stop,0.88147455,0.043175336,0.053869005,0.021481078,none
A012012,R05,2853.3,low,none,0.93797463,0.013645653,0.02797116,0.020408573,none
A005059,R08,8383.84,high,none,0.8469991,0.04074762,0.07942815,0.03282511,none
A029778,R01,2482.05,low,none,0.8869072,0.03435818,0.043539952,0.035194628,none
A012799,R03,2732.17,low,none,0.869591,0.027087407,0.0641114,0.039210137,none
A038512,R05,6004.96,high,none,0.95600647,0.0029873035,0.01186403,0.029142128,none
A012353,R06,950.5,low,none,0.8809021,0.06509944,0.017665872,0.036332518,none
A024254,R02,34543.02,high,dd_stop,0.8448258,0.03162055,0.01010272,0.11345096,none
A000791,R02,6640.18,high,none,0.87911505,0.067921646,0.018686494,0.034276843,none
A036730,R08,37681.68,high,none,0.86801106,0.033896886,0.014903333,0.08318873,none
A032092,R05,3059.81,low,none,0.8773541,0.01566896,0.015521098,0.09145588,none
A015623,R08,1528.28,low,none,0.92389303,0.020862382,0.029256916,0.025987688,none
A003695,R04,3520.13,low,none,0.87916434,0.044015635,0.04553063,0.031289425,none
A013086,R05,25273.97,high,dormant,0.76510304,0.14263703,0.051252414,0.041007545,none
A017102,R09,877.64,low,none,0.93943554,0.01096288,0.024313042,0.025288543,none
A008528,R08,10961.44,high,none,0.872261,0.040920295,0.013155225,0.073663466,none
A001143,R07,3563.96,low,none,0.8824377,0.0051182867,0.04755987,0.0648842,none
A005381,R00,6939.8,high,none,0.88226914,0.033915184,0.042529285,0.041286398,none
A012121,R02,925.25,low,large_withdrawal,0.919623,0.010639684,0.038739566,0.030997744,none
A035780,R00,1851.05,low,none,0.90616786,0.004042246,0.015525245,0.07426468,none
A013518,R09,17490.79,high,none,0.93320835,0.015499122,0.021267796,0.030024767,none
A002103,R07,2729.99,low,none,0.949637,0.0035793066,0.024564499,0.022219144,none
A013304,R07,370.5,low,dd_stop,0.8551874,0.044391457,0.06961509,0.03080597,none
A032615,R03,1565.71,low,none,0.9575239,0.009175473,0.006546811,0.026753863,none
A024060,R01,796.15,low,none,0.9349429,0.02124862,0.01746608,0.026342368,none
A002121,R09,3235.47,low,none,0.9553406,0.013031223,0.009382596,0.022245552,none
A003794,R02,2441.15,low,none,0.91105694,0.014194231,0.033717744,0.041031044,none
A023689,R01,1471.22,low,none,0.9613441,0.00931413,0.004061567,0.025280226,none
A000775,R03,21792.47,high,none,0.9586572,0.018207958,0.012904245,0.010230587,none
A011485,R06,2962.8,low,none,0.9408795,0.0019459031,0.012556508,0.044618078,none
A019735,R03,6154.14,high,none,0.9133192,0.057677705,0.008317697,0.020685488,none
A006654,R00,14152.47,high,none,0.85015553,0.046581924,0.056045063,0.04721745,none
A036379,R09,1791.25,low,none,0.96036285,0.01064041,0.0066206534,0.02237613,none
A026974,R00,3530.96,low,none,0.9413415,0.014359898,0.016490504,0.02780807,none
A032634,R05,3651.86,low,none,0.8177743,0.060325652,0.095347725,0.026552321,none
A007062,R05,7273.83,high,none,0.9151896,0.013278843,0.00438893,0.06714265,none
A031138,R07,2168.61,low,none,0.7002381,0.0050277943,0.010715016,0.2840191,none
A020800,R03,3209.91,low,none,0.9463725,0.0066074785,0.014255857,0.03276417,none
A028566,R06,2153.03,low,none,0.83137757,0.054809548,0.082301944,0.031510904,none
A028953,R07,1737.66,low,none,0.9058609,0.050001312,0.017233726,0.026904093,none
A032296,R07,4021.97,low,none,0.9662969,0.009489595,0.007607076,0.016606424,none
A010230,R08,5217.27,high,none,0.95231795,0.021561706,0.00434788,0.02177247,none
A034751,R09,431.42,low,none,0.9290594,0.02445496,0.023050085,0.023435622,none
A020187,R04,2774.4,low,none,0.71330416,0.02327899,0.0040345057,0.25938237,none
A032233,R05,10312.03,high,none,0.9254716,0.056941092,0.0060917223,0.011495535,none
A003327,R07,31700.03,high,none,0.9139119,0.009522249,0.018517192,0.058048632,none
A012515,R06,4355.94,low,none,0.9622164,0.0052671074,0.013055314,0.019461222,none
A002862,R00,4911.25,low,none,0.7831755,0.061577953,0.022309402,0.13293715,none
A038525,R00,4888.58,low,none,0.6756549,0.02164496,0.030632911,0.27206725,none
A025007,R09,7969.12,high,none,0.93340874,0.043475263,0.007319174,0.015796846,none
A000200,R05,29159.82,high,none,0.8469011,0.02946729,0.04187859,0.081753045,none
A027206,R03,2965.15,low,none,0.92375135,0.018815242,0.022529447,0.034903966,none
A019294,R08,11791.72,high,large_withdrawal,0.828425,0.06769385,0.004459563,0.09942166,none
A026331,R08,9514.32,high,none,0.8605738,0.0348417,0.0765911,0.027993364,none
A034057,R08,6164.28,high,none,0.5451577,0.03378335,0.031073613,0.3899854,none
A027130,R03,11530.15,high,dormant,0.89266163,0.034604702,0.0080202855,0.06471345,none
A010482,R02,3113.39,low,none,0.94203913,0.0009224538,0.010714708,0.046323705,none
A020138,R00,7097.71,high,none,0.94730335,0.030774064,0.0033089288,0.018613605,none
A027396,R02,3597.68,low,none,0.5191178,0.015539502,0.038749654,0.42659307,none
A007406,R08,787.15,low,none,0.9376065,0.019847719,0.010836027,0.031709783,none
A019853,R07,8326.33,high,dormant,0.8759665,0.0530931,0.037099034,0.033841405,none
A029372,R09,3142.01,low,none,0.626887,0.025568897,0.03760549,0.30993855,none
A021237,R03,4724.56,low,dormant,0.89767015,0.056076087,0.013968675,0.03228511,none
A019775,R08,3202.33,low,none,0.8943363,0.023562836,0.049609344,0.03249148,none
A004391,R02,8271.48,high,none,0.8324802,0.06121508,0.025856014,0.0804487,none
A033316,R07,5245.25,high,none,0.93605524,0.036200646,0.0035119634,0.024232177,none
A000074,R08,1066.15,low,none,0.94657624,0.020621292,0.008194959,0.024607487,none
A010941,R05,22031.95,high,none,0.8666741,0.013558013,0.01767926,0.10208866,none
A038772,R05,18574.91,high,none,0.96369,0.0048092883,0.0074834474,0.02401725,none
A015952,R03,6296.83,high,none,0.96085864,0.00889049,0.00589791,0.024353033,none
A005459,R06,7035.67,high,none,0.9072209,0.016494995,0.0046838326,0.0716003,none
A028782,R08,698.12,low,none,0.9267202,0.04970456,0.0064821723,0.017093087,none
A022462,R01,208946.12,high,none,0.9390664,0.02360521,0.009699581,0.027628822,none
A013775,R04,301.03,low,none,0.9223508,0.030331146,0.0069546667,0.040363442,none
A033802,R05,885.98,low,none,0.90063924,0.025322413,0.048379257,0.02565911,none
A028691,R02,1567.3,low,none,0.8791807,0.04564482,0.045429442,0.02974505,none
A011423,R07,8600.58,high,none,0.7511896,0.08122435,0.06204699,0.105539,none
A003569,R01,16894.41,high,none,0.9606351,0.009544637,0.0019926121,0.027827606,none
A014657,R09,4948.63,low,none,0.881889,0.01179633,0.07970127,0.026613424,none
A024371,R06,3232.15,low,none,0.8181888,0.0153979035,0.058763504,0.10764977,none
A036793,R08,4225.05,low,none,0.85552245,0.050397255,0.05102672,0.043053593,none
A032984,R02,7927.35,high,none,0.6403001,0.031448666,0.020501563,0.30774966,none
A033433,R09,8538.89,high,none,0.6854722,0.04521535,0.017280502,0.25203192,none
A009560,R03,3821.48,low,none,0.9229465,0.04645537,0.010462343,0.020135812,none
A005712,R03,2640.58,low,none,0.90176725,0.0213589,0.012041688,0.06483211,none
A027435,R01,1199.88,low,dd_stop,0.843318,0.005346344,0.06533143,0.08600428,none
A021175,R01,6102.36,high,none,0.8858284,0.021558937,0.065171085,0.02744157,none
A036551,R06,4700.83,low,none,0.93783504,0.029555373,0.008931432,0.023678117,none
A015891,R08,5961.03,high,none,0.87068504,0.026572771,0.003485162,0.099257015,none
A020939,R05,1047.95,low,none,0.9319354,0.024280807,0.025011256,0.0187725,none
A032596,R05,59172.14,high,large_withdrawal,0.93535274,0.008484235,0.021119948,0.0350431,none
A013863,R09,917.47,low,none,0.93497014,0.0118013555,0.027186958,0.026041593,none
A020756,R01,376701.22,high,none,0.825689,0.0874506,0.069592774,0.017267648,none
A035897,R02,3678.04,low,dormant,0.650354,0.025166955,0.026649715,0.29782927,none
A017426,R07,27198.56,high,none,0.9037518,0.03014594,0.037150923,0.028951319,none
A020308,R05,924.2,low,none,0.91746366,0.04298779,0.01059351,0.028954975,none
A033294,R07,61087.39,high,none,0.86443603,0.023350274,0.008497203,0.10371654,none
A008821,R02,2976.41,low,none,0.83640754,0.034007408,0.0053752605,0.12420981,none
A028367,R08,11709.03,high,none,0.9192431,0.0011628108,0.0089041,0.07069004,none
A026957,R02,19413.66,high,none,0.9344208,0.010471266,0.020506108,0.0346018,none
A026830,R09,6806.22,high,none,0.66340274,0.014019077,0.030973714,0.29160452,none
A016911,R09,3018.96,low,none,0.90305966,0.007894859,0.059488915,0.029556533,none
A033621,R08,2512.66,low,none,0.94490397,0.0017279333,0.010174832,0.04319329,none
A015259,R05,2129.69,low,none,0.9239121,0.023073742,0.02883516,0.024179004,none
A038839,R05,3191.42,low,none,0.92645735,0.024948534,0.016337488,0.03225664,none
A024734,R03,5989.75,high,none,0.86351633,0.000760338,0.02175083,0.11397252,none
A037915,R00,21961.53,high,none,0.8352288,0.019439107,0.038980473,0.10635161,none
A007356,R08,4884.11,low,dd_stop,0.81803733,0.08526197,0.07991431,0.016786348,none
A009980,R08,4106.63,low,none,0.89885247,0.04445495,0.03192016,0.024772448,none
A029808,R02,10073.62,high,none,0.91470486,0.053636573,0.015599904,0.016058661,none
A012221,R00,2538.56,low,none,0.92033654,0.06615562,0.003195282,0.01031252,none
A002385,R09,3476.85,low,none,0.8581539,0.07474016,0.04011883,0.026987072,none
A024719,R04,1298.18,low,none,0.84428567,0.039882198,0.03424138,0.08159079,none
A025055,R09,7589.18,high,none,0.9325551,0.013238577,0.02953057,0.024675736,none
A007830,R02,8114.32,high,none,0.9173848,0.04418372,0.01519721,0.02323425,none
A016535,R04,9492.73,high,none,0.8406392,0.021767693,0.035964914,0.10162821,none
A006370,R03,2511.74,low,none,0.9640928,0.00083688524,0.0079552485,0.02711505,none
A007585,R05,2445.4,low,none,0.8349379,0.06685366,0.015508126,0.08270034,none
A029477,R03,1066.41,low,none,0.7860948,0.040052213,0.07257586,0.10127708,none
A011253,R00,3574.03,low,none,0.8521897,0.026667876,0.08650502,0.03463741,none
A003231,R04,925.01,low,none,0.7799515,0.023533193,0.0715147,0.12500058,none
A034624,R04,7265.1,high,none,0.9320479,0.020055288,0.01800759,0.029889282,none
A000470,R04,22572.31,high,none,0.88666713,0.04201572,0.052582156,0.018735014,none
A017491,R08,9869.72,high,none,0.93767005,0.02346631,0.014576852,0.024286762,none
A029656,R03,3892.11,low,none,0.8871391,0.046572838,0.038751088,0.027536973,none
A004446,R06,10369.1,high,none,0.9120932,0.027582612,0.02807096,0.032253254,none
A004185,R08,7687.5,high,none,0.94759357,0.01803109,0.014782073,0.019593254,none
A001590,R02,4132.04,low,none,0.8032409,0.013049678,0.07591592,0.10779344,none
A032910,R04,34462.09,high,none,0.79952323,0.021397227,0.07384166,0.10523793,none
A006623,R09,1420.84,low,none,0.8848863,0.013998792,0.069031194,0.032083746,none
A002602,R08,4543.05,low,dormant,0.27734062,0.028073125,0.00394261,0.6906436,dormant
A031493,R03,10503.26,high,none,0.81074506,0.0061194887,0.06412605,0.11900941,none
A020871,R09,9316.73,high,dd_stop,0.7322862,0.13272333,0.10294143,0.032049067,none
A013198,R07,39958.91,high,none,0.95805305,0.0064218338,0.007734012,0.02779108,none
A006839,R09,11684.97,high,none,0.9553977,0.0010392024,0.016573254,0.026989846,none
A015299,R00,1382.17,low,none,0.84745127,0.08598281,0.041577578,0.024988329,none
A000888,R08,8713.39,high,none,0.8945097,0.057075802,0.026298987,0.022115503,none
A011961,R01,11399.49,high,none,0.83750653,0.07449726,0.05965239,0.028343784,none
A032279,R00,20164.63,high,none,0.85049397,0.015824843,0.0068233153,0.12685792,none
A010188,R07,7038.97,high,none,0.8797762,0.018865114,0.03192885,0.069429845,none
A004822,R01,42233.17,high,none,0.81551397,0.007007631,0.025313456,0.15216498,none
A035016,R02,45359.44,high,none,0.93686795,0.0050336523,0.011319952,0.04677845,none
A016706,R00,457.99,low,none,0.8240844,0.059345603,0.024824109,0.09174593,none
A003296,R06,17559.21,high,none,0.95449173,0.022118496,0.005728127,0.017661681,none
A000348,R03,3670.09,low,none,0.87542063,0.047629304,0.047835685,0.029114412,none
A012112,R07,15898.19,high,none,0.964108,0.010276072,0.001973227,0.023642687,none
A024541,R05,1728.1,low,none,0.8145852,0.06513143,0.02479284,0.09549052,none
A009983,R04,1403.12,low,none,0.92515725,0.044423673,0.014178013,0.016241072,none
A035823,R04,5109.66,high,none,0.89923555,0.012688748,0.051986665,0.03608907,none
A019676,R04,41355.13,high,none,0.8997287,0.0028861018,0.033826564,0.063558616,none
A016325,R09,6882.46,high,none,0.8214252,0.01772138,0.044732064,0.11612136,none
A021923,R07,359.34,low,none,0.93299484,0.0010299942,0.02666811,0.039307043,none
A038582,R09,23015.46,high,none,0.9509843,0.020489715,0.0041700914,0.02435583,none
A017163,R01,2656.34,low,dd_stop,0.8452436,0.031636354,0.09262314,0.030496893,none
A005444,R07,1596.32,low,dormant,0.64654595,0.046770044,0.006562436,0.30012158,none
A002450,R03,3593.73,low,none,0.92863864,0.016168544,0.032703012,0.022489788,none
A000728,R05,40633.81,high,none,0.95201945,0.013766765,0.00453714,0.029676605,none
A029495,R05,4229.24,low,none,0.9607454,0.01767039,0.0063126963,0.015271482,none
A008312,R01,600.21,low,large_withdrawal,0.828972,0.011930868,0.05145106,0.10764609,none
A035427,R06,2190.09,low,none,0.8473759,0.07388509,0.043739494,0.03499947,none
A011834,R04,4158.26,low,none,0.78283393,0.03521137,0.07272912,0.10922558,none
A009398,R01,33877.77,high,none,0.9163377,0.029320084,0.0077152033,0.046626978,none
A005547,R05,3754.2,low,none,0.92421,0.0015734803,0.047341563,0.026874917,none
A035308,R09,8133.02,high,none,0.8578292,0.003688791,0.029841265,0.10864079,none
A036113,R03,1474.54,low,dormant,0.8294063,0.020383248,0.047545712,0.10266473,none
A024358,R03,4966.15,low,none,0.87304014,0.0158778,0.0076318975,0.103450105,none
A035226,R04,47582.69,high,none,0.93517673,0.01064783,0.012016366,0.042159103,none
A020532,R04,11653.71,high,none,0.79804975,0.03205307,0.07697672,0.09292052,none
A009736,R08,9808.75,high,none,0.9494186,0.008283432,0.021992818,0.020305136,none
A026803,R02,1182.14,low,none,0.92729896,0.020224182,0.032356553,0.020120317,none
A006820,R06,4309.5,low,none,0.8514424,0.02104727,0.027837807,0.099672556,none
A002350,R09,14291.02,high,none,0.9112141,0.021050667,0.03633572,0.031399492,none
A015538,R07,2785.76,low,none,0.9329276,0.0048388615,0.034923974,0.027309548,none
A016745,R03,4662.99,low,none,0.9323266,0.027576402,0.012417241,0.027679712,none
A025629,R06,1938.34,low,none,0.95156556,0.0153811155,0.0072766854,0.025776645,none
A000182,R01,4998.74,high,none,0.9157465,0.024816921,0.029418213,0.03001834,none
A035140,R03,18504.76,high,none,0.80322325,0.08866884,0.085149385,0.02295853,none
A020347,R00,9541.49,high,large_withdrawal,0.7448945,0.07750894,0.025241835,0.15235472,none
A014314,R08,4357.02,low,none,0.88905156,0.026341086,0.004803979,0.07980333,none
A027232,R06,13109.83,high,large_withdrawal,0.9132692,0.0449169,0.016998682,0.024815151,none
A034776,R02,1696.8,low,none,0.8630377,0.034607686,0.05664855,0.045706075,none
A033735,R00,15337.52,high,large_withdrawal,0.8565836,0.08312431,0.0311363,0.029155757,none
A020335,R05,1225.41,low,dd_stop,0.85700226,0.0823155,0.040703643,0.019978568,none
A038702,R06,3641.12,low,none,0.8605743,0.075533696,0.039822254,0.024069719,none
A010358,R07,2635.63,low,none,0.91552746,0.04488662,0.012267355,0.027318617,none
A035034,R09,9431.83,high,none,0.8293151,0.054136805,0.033962615,0.08258545,none
A023118,R04,13288.76,high,none,0.9564294,0.0017395039,0.010607325,0.03122373,none
A016260,R04,15389.3,high,dormant,0.47903728,0.01727909,0.025171312,0.47851226,none
A037813,R09,1892.27,low,dormant,0.52734816,0.033677056,0.051860083,0.38711467,none
A007327,R03,23036.97,high,none,0.84707695,0.11068836,0.015233103,0.02700163,none
A021657,R09,2934.62,low,none,0.91923344,0.036836233,0.01628646,0.027643917,none
A020072,R02,8899.12,high,none,0.94419044,0.0010756883,0.023711117,0.031022767,none
A024020,R06,560.41,low,none,0.7080597,0.026802793,0.019985277,0.24515218,none
A034981,R01,1494.47,low,none,0.925432,0.0047261594,0.010323437,0.0595184,none
A004272,R08,53545.25,high,none,0.93615043,0.00086691004,0.028543092,0.034439616,none
A028914,R02,514.73,low,none,0.6829881,0.022430481,0.0104272785,0.28415415,none
A034315,R05,10723.07,high,none,0.90182775,0.06741816,0.012082868,0.018671172,none
A011269,R09,6673.98,high,none,0.960981,0.0056304904,0.0158501,0.017538391,none
A030610,R08,2281.64,low,none,0.8494645,0.052230082,0.055899095,0.04240633,none
A031960,R05,4646.66,low,large_withdrawal,0.8070031,0.042965684,0.072933264,0.07709801,none
A010601,R05,12151.08,high,none,0.93820226,0.010115987,0.031314515,0.020367235,none
A004958,R06,12607.16,high,dormant,0.93781817,0.017725233,0.016583614,0.027872982,none
A037373,R01,1297.51,low,dormant,0.66195977,0.014571212,0.02588435,0.29758468,none
A024382,R09,16428.5,high,dormant,0.86687744,0.016341332,0.03526839,0.081512846,none
A007667,R02,2467.83,low,none,0.8667868,0.003682565,0.011174974,0.118355736,none
A024893,R08,26110.55,high,none,0.79468346,0.009443932,0.09157239,0.1043002,none
A029961,R09,2525.17,low,none,0.85836005,0.027769635,0.084208265,0.029662052,none
A015596,R07,10768.46,high,none,0.8338534,0.05520063,0.04029227,0.07065365,none
A007304,R05,14270.83,high,none,0.9646845,0.0045458805,0.0066096704,0.024159964,none
A034199,R04,2109.37,low,none,0.7360995,0.04305901,0.025078317,0.19576317,none
A027238,R00,3209.94,low,none,0.41509908,0.016830046,0.015736558,0.5523343,dormant
A003139,R08,1734.21,low,dd_stop,0.882268,0.0611105,0.03765527,0.018966163,none
A024490,R06,8120.23,high,none,0.9573904,0.0054245754,0.013156732,0.02402825,none
A025945,R03,6465.63,high,dormant,0.8677757,0.027650464,0.011719083,0.09285477,none
A030908,R02,8857.7,high,none,0.84747404,0.046285737,0.08121568,0.025024612,none
A007200,R02,668.77,low,none,0.9492134,0.00091477856,0.019150889,0.030720979,none
A036221,R03,1637.43,low,dormant,0.3949068,0.012421915,0.006189767,0.5864815,dormant
A007900,R01,4727.86,low,dormant,0.7043284,0.01616846,0.04606495,0.23343812,none
A025393,R09,10544.68,high,none,0.77788156,0.000732554,0.005369369,0.21601652,none
A002622,R09,3467.28,low,none,0.87239623,0.012760834,0.03227749,0.08256549,none
A017940,R06,1870.87,low,none,0.8918624,0.056394134,0.036834322,0.014909151,none
A034115,R05,9447.43,high,none,0.6820705,0.01247894,0.03787171,0.2675789,none
A037071,R06,468.46,low,none,0.9389529,0.0051981546,0.02645209,0.029396866,none
A021653,R04,7433.42,high,none,0.9589964,0.013409713,0.010470167,0.017123705,none
A036821,R09,568.01,low,none,0.95561147,0.0058177183,0.012387193,0.026183598,none
A002780,R08,239.0,low,none,0.9478821,0.012329886,0.012525308,0.02726271,none
A037368,R09,4518.95,low,none,0.9342171,0.0009945281,0.021973027,0.042815384,none
A033282,R05,3124.92,low,none,0.9589065,0.016996155,0.004753586,0.01934372,none
A018459,R05,15688.07,high,none,0.87768257,0.05532388,0.037726484,0.029267104,none
A019584,R02,1756.46,low,none,0.90150106,0.031744976,0.03464515,0.03210882,none
A003291,R06,2031.38,low,none,0.8998238,0.015404963,0.035467587,0.0493037,none
A025548,R00,4689.26,low,none,0.68144715,0.016520524,0.015744949,0.28628743,none
A002921,R09,6534.66,high,none,0.8987336,0.018037343,0.057070926,0.026158094,none
A039075,R02,945.9,low,none,0.7986938,0.0011093646,0.068936266,0.13126063,none
A021158,R00,6971.34,high,none,0.9229197,0.03529156,0.02714317,0.014645609,none
A008930,R06,3645.99,low,dormant,0.9493432,0.009414532,0.015633374,0.02560893,none
A034381,R05,902.0,low,dormant,0.83620566,0.032451008,0.042623006,0.08872035,none
A002357,R04,1613.18,low,none,0.95983404,0.013687694,0.0065627666,0.019915458,none
A018405,R07,43221.05,high,none,0.8368332,0.06661691,0.06880774,0.027742237,none
A007969,R06,4097.28,low,none,0.7795744,0.09446967,0.041418917,0.084536985,none
A011587,R02,8419.45,high,none,0.86100656,0.06399478,0.049807824,0.025190845,none
A011912,R08,9760.49,high,dormant,0.8744857,0.034098506,0.042343065,0.04907276,none
A009997,R09,2603.31,low,none,0.8580716,0.09390526,0.024514519,0.023508612,none
A012931,R04,13813.35,high,none,0.9098895,0.015102181,0.043299884,0.03170842,none
A018109,R07,12123.84,high,none,0.76704293,0.011551138,0.01414245,0.20726347,none
A003490,R01,30361.27,high,none,0.83301145,0.051734142,0.056321118,0.058933258,none
A000280,R01,7001.77,high,none,0.8805111,0.04919079,0.043097153,0.027200991,none
A012148,R04,2422.67,low,none,0.9247018,0.02994906,0.009953138,0.03539601,none
A022262,R01,749.36,low,none,0.8390321,0.051543392,0.008978378,0.1004461,none
A000344,R01,62533.7,high,dd_stop,0.9359267,0.007826309,0.018967502,0.037279464,none
A026143,R08,4458.3,low,none,0.9021772,0.03988731,0.03259584,0.025339661,none
A002783,R03,7600.28,high,none,0.9209916,0.024458334,0.029494947,0.025055157,none
A025168,R00,2493.97,low,large_withdrawal,0.86485696,0.09156066,0.019009613,0.024572797,none
A037671,R01,16877.8,high,none,0.642986,0.08190688,0.17233793,0.1027692,none
A017172,R03,3209.31,low,none,0.8350795,0.0570657,0.07769227,0.030162575,none
A007115,R00,17214.8,high,none,0.7528453,0.13915823,0.08004609,0.027950367,none
A000017,R00,3596.41,low,none,0.76151675,0.1085889,0.09187077,0.038023565,none
A036856,R00,1068.73,low,none,0.9325442,0.035660867,0.015565163,0.016229803,none
A029336,R04,12957.55,high,none,0.8438789,0.006956479,0.038035367,0.11112927,none
A001333,R01,7486.66,high,dormant,0.6036911,0.032972235,0.04690847,0.31642818,none
A028753,R02,3625.89,low,none,0.8684067,0.015991693,0.083170936,0.03243068,none
A004314,R07,7536.31,high,none,0.9365089,0.016275503,0.02139075,0.025824815,none
A037114,R05,4119.69,low,none,0.91496664,0.0010558477,0.05104157,0.032935914,none
A024999,R00,2059.76,low,none,0.93910563,0.028048588,0.008262119,0.024583621,none
A033525,R03,1838.66,low,dormant,0.8757513,0.019433856,0.053475294,0.051339597,none
A006250,R00,7846.51,high,none,0.90004206,0.02096764,0.0027609565,0.07622931,none
A013843,R09,8529.43,high,none,0.84072864,0.066651,0.055540796,0.037079584,none
A024100,R02,196.58,low,none,0.88989145,0.0024066844,0.01148758,0.09621429,none
A033083,R00,2130.47,low,none,0.86339074,0.06363443,0.019834071,0.053140726,none
A034263,R09,4235.9,low,none,0.95324147,0.019960118,0.006358441,0.020439954,none
A017745,R05,13782.72,high,none,0.95516396,0.02870092,0.004082284,0.01205282,none
A017143,R06,457.4,low,none,0.89667636,0.027492618,0.050408818,0.025422212,none
A023631,R01,8462.47,high,none,0.9645554,0.0020054448,0.0049862405,0.02845291,none
A002727,R05,31708.22,high,none,0.9542887,0.020534573,0.0029764057,0.02220029,none
A011203,R02,2951.87,low,none,0.9545073,0.011930789,0.010533183,0.023028785,none
A000970,R07,291.88,low,none,0.81901443,0.094985545,0.05592583,0.030074222,none
A002422,R07,11121.22,high,none,0.90229243,0.0705971,0.0068278993,0.020282637,none
A028247,R02,23249.81,high,none,0.9494723,0.012947133,0.007908173,0.029672312,none
A025449,R06,878.48,low,dd_stop,0.7890813,0.015145282,0.07479972,0.12097368,none
A013544,R03,3098.53,low,dormant,0.81719446,0.0076588304,0.07774065,0.09740608,none
A028326,R06,9869.45,high,none,0.9566324,0.014578773,0.0070155715,0.021773214,none
A034494,R00,15198.52,high,none,0.9325729,0.027797103,0.014208956,0.02542108,none
A039461,R00,26499.12,high,none,0.9291307,0.0056501804,0.03728511,0.027933994,none
A028954,R06,1317.41,low,none,0.8682456,0.036297213,0.0057209986,0.0897362,none
A000473,R03,3574.4,low,none,0.7476013,0.0116269495,0.029004917,0.21176687,none
A025415,R02,14891.25,high,none,0.8663362,0.040712826,0.015693627,0.07725734,none
A018146,R03,5102.55,high,none,0.897762,0.033609476,0.038041532,0.030587021,none
A037700,R08,918.14,low,dormant,0.9094983,0.045432582,0.023217676,0.021851467,none
A024509,R07,3629.15,low,none,0.8308096,0.05153966,0.022153826,0.09549696,none
A010590,R04,855.54,low,dormant,0.7990807,0.04958833,0.05399245,0.09733846,none
A005734,R01,42818.26,high,none,0.90748703,0.03162533,0.015492083,0.045395516,none
A025079,R00,8424.72,high,none,0.8781481,0.04206747,0.012650216,0.06713419,none
A035786,R08,2184.12,low,none,0.9027597,0.019124134,0.03762949,0.040486764,none
A019186,R07,9046.63,high,none,0.89102507,0.028522711,0.0068767373,0.07357546,none
A009912,R02,6575.13,high,none,0.970315,0.009643334,0.005137498,0.014904143,none
A039400,R01,10302.74,high,none,0.8549026,0.050627626,0.06758544,0.026884358,none
A039664,R01,11294.51,high,none,0.8544667,0.08004907,0.042019773,0.023464425,none
A038096,R07,14316.71,high,none,0.89794475,0.029654503,0.050848372,0.021552347,none
A020624,R04,22845.06,high,none,0.9352871,0.012486792,0.020389281,0.03183684,none
A002535,R00,5528.38,high,none,0.8171837,0.064614795,0.025461404,0.09274007,none
A010633,R06,17562.62,high,none,0.80176365,0.067144066,0.039602112,0.09149017,none
A007487,R07,7375.52,high,none,0.84861463,0.027790446,0.107111655,0.016483337,none
A025044,R04,5339.99,high,none,0.95631754,0.01102895,0.009223394,0.023430126,none
A001347,R08,2881.97,low,none,0.90503615,0.047351256,0.015127888,0.032484755,none
A022973,R07,1884.11,low,none,0.8142104,0.019149106,0.07747979,0.08916066,none
A002105,R08,37086.57,high,dormant,0.88209194,0.018053288,0.008297541,0.091557175,none
A017251,R01,2860.26,low,none,0.93941355,0.009966573,0.03748738,0.013132485,none
A003213,R09,3486.61,low,none,0.84679717,0.0008811324,0.12164158,0.030680096,none
A008956,R02,7106.21,high,none,0.8269387,0.04168837,0.10355766,0.027815355,none
A033379,R05,5247.17,high,none,0.8327578,0.065473214,0.006717656,0.095051326,none
A005950,R05,965.96,low,none,0.94159347,0.026953785,0.0042901887,0.027162628,none
A017449,R01,1018.35,low,none,0.9451221,0.010980434,0.012919623,0.030977821,none
A008441,R02,2546.63,low,none,0.7985925,0.11844185,0.0389258,0.044039812,none
A022291,R03,990.24,low,none,0.94847697,0.0037135044,0.015237722,0.032571793,none
A038206,R04,5089.82,high,none,0.8556575,0.0051773526,0.03877255,0.10039255,none
A035564,R00,6618.55,high,none,0.9354898,0.019051539,0.0272144,0.018244306,none
A031242,R04,19146.24,high,none,0.85630697,0.05614051,0.014049293,0.07350328,none
A014919,R01,2815.06,low,none,0.9534117,0.009736379,0.017349087,0.01950289,none
A039999,R06,4927.55,low,large_withdrawal,0.8233688,0.039563246,0.040022172,0.09704574,none
A030806,R08,20523.09,high,none,0.9564117,0.0045744684,0.010948083,0.028065674,none
A000990,R07,1000.46,low,none,0.9412264,0.019717796,0.023414295,0.01564149,none
A039065,R06,18532.08,high,none,0.97086334,0.010842876,0.0039574574,0.014336277,none
A013719,R03,11216.62,high,none,0.89239544,0.06769278,0.016758244,0.023153603,none
A031433,R04,12849.75,high,none,0.8513035,0.021724205,0.045111798,0.08186047,none
A012747,R09,1944.85,low,none,0.96198255,0.009811238,0.008604557,0.019601706,none
A031794,R01,1340.83,low,none,0.92862916,0.011620579,0.0334106,0.026339639,none
A039231,R04,8634.44,high,none,0.8589959,0.057250787,0.04836023,0.03539302,none
A039524,R04,9763.52,high,none,0.87377065,0.03439624,0.06222112,0.029611962,none
A020587,R07,1730.57,low,none,0.91113436,0.035896853,0.021109777,0.031859078,none
A015670,R01,2341.36,low,none,0.923424,0.052485123,0.0056372536,0.018453646,none
A020451,R02,3871.95,low,none,0.852129,0.07625575,0.046046194,0.02556908,none
A026332,R09,11758.41,high,none,0.93274814,0.018471291,0.03129717,0.017483417,none
A039162,R04,59396.56,high,none,0.9283993,0.01674195,0.02441499,0.030443668,none
A009406,R04,3804.87,low,none,0.91681564,0.059630953,0.0059214756,0.01763192,none
A023496,R04,4619.79,low,none,0.96920323,0.0072913487,0.005096606,0.018408861,none
A037197,R05,3099.88,low,large_withdrawal,0.80496293,0.023265567,0.05667443,0.11509704,none
A014824,R04,8366.68,high,none,0.75731736,0.071043275,0.038853228,0.13278612,none
A005231,R04,1481.4,low,none,0.93621653,0.019991731,0.022556901,0.021234864,none
A002340,R02,4398.11,low,none,0.92463136,0.01060679,0.035399016,0.029362803,none
A017865,R06,4875.89,low,none,0.92910516,0.0046758056,0.034069363,0.03214972,none
A016245,R08,1937.82,low,none,0.7832055,0.10693051,0.079513,0.030350976,none
A006387,R00,1830.63,low,none,0.93192023,0.010602952,0.031296685,0.026180146,none
A001259,R02,10482.39,high,none,0.9473777,0.014477629,0.0055343853,0.032610234,none
A017527,R05,6886.31,high,none,0.9365158,0.013391513,0.02931116,0.020781523,none
A039087,R01,22648.05,high,none,0.9246219,0.029865596,0.009672605,0.0358399,none
A029328,R07,14276.17,high,none,0.88638043,0.020312615,0.018528804,0.07477817,none
A005545,R08,6834.2,high,none,0.9428056,0.020766988,0.013447797,0.02297965,none
A004050,R00,3421.08,low,dd_stop,0.8544069,0.027723217,0.086103454,0.03176645,none
A007730,R02,3722.12,low,none,0.9425989,0.01487501,0.01610382,0.026422216,none
A010514,R06,43471.33,high,none,0.922902,0.015960936,0.0073088645,0.053828213,none
A013163,R07,626.51,low,none,0.7777248,0.052306086,0.07974431,0.09022482,none
A014381,R01,1610.64,low,none,0.9596697,0.0122483205,0.0074683498,0.0206136,none
A026791,R09,2847.39,low,none,0.92626673,0.003116455,0.03567611,0.034940626,none
A012708,R09,2544.31,low,none,0.85336304,0.0016692611,0.0097515965,0.13521615,none
A006225,R05,9054.54,high,none,0.9576884,0.025471756,0.0043575293,0.012482293,none
A029828,R09,30880.36,high,dormant,0.8686072,0.00043170163,0.01676429,0.114196755,none
A027158,R03,13491.93,high,none,0.8252213,0.07297705,0.07240772,0.029393937,none
A022583,R07,1017.48,low,none,0.86928535,0.016450396,0.036092848,0.07817139,none
A035788,R01,8772.12,high,none,0.8982101,0.060487658,0.016615454,0.024686767,none
A003561,R07,3707.59,low,none,0.9472507,0.018254748,0.013803146,0.020691346,none
A024533,R06,33716.36,high,none,0.9606472,0.014929081,0.005812146,0.01861149,none
A038439,R08,631.51,low,none,0.71358216,0.057522114,0.10879254,0.12010314,none
A025227,R02,6064.82,high,none,0.93415457,0.031077556,0.0051665423,0.029601349,none
A000026,R09,2148.72,low,none,0.9073219,0.02817871,0.026186412,0.038312975,none
A038161,R08,33845.19,high,none,0.8750839,0.0053700325,0.01414055,0.105405465,none
A009670,R04,9967.48,high,none,0.84267545,0.042468768,0.09143914,0.023416637,none
A009805,R07,1392.95,low,dormant,0.80585206,0.00082987105,0.025612365,0.16770574,none
A006373,R06,3116.47,low,none,0.876618,0.021195522,0.080101445,0.022084981,none
A004746,R00,4581.67,low,dormant,0.7111315,0.016871369,0.03704465,0.23495245,none
A006264,R09,11445.77,high,none,0.93223554,0.032118622,0.014245578,0.021400182,none
A034646,R03,1514.41,low,none,0.9076719,0.005370219,0.06283477,0.024123063,none
A025498,R01,4327.87,low,none,0.8617538,0.026251482,0.006981284,0.105013385,none
A014177,R05,5490.27,high,none,0.8294365,0.095613815,0.05859323,0.016356483,none
A016678,R04,10272.44,high,none,0.8338209,0.05014738,0.018142503,0.09788929,none
A013136,R03,1374.62,low,none,0.7797072,0.027962884,0.06534855,0.12698136,none
A000184,R00,45540.92,high,none,0.9422366,0.0028549707,0.018018465,0.036889974,none
A023350,R03,1479.96,low,none,0.9455108,0.021498576,0.016655669,0.01633495,none
A015065,R06,6766.3,high,none,0.896073,0.01785261,0.05844439,0.027629958,none
A002393,R02,69456.1,high,dormant,0.7976534,0.009206185,0.012765307,0.18037508,none
A027464,R09,2796.08,low,none,0.71335727,0.011070964,0.024589967,0.2509818,none
A034491,R09,10431.31,high,none,0.88957334,0.044809166,0.047122724,0.0184948,none
A021763,R01,5446.12,high,none,0.81727886,0.07617166,0.080588594,0.025960956,none
A021536,R08,2515.79,low,none,0.93546957,0.022261536,0.004514509,0.037754368,none
A038487,R01,8347.17,high,none,0.9628681,0.013494594,0.0045929467,0.019044327,none
A005702,R08,30229.59,high,none,0.9591387,0.0063160807,0.019991344,0.0145538105,none
A010524,R00,3512.43,low,none,0.9244741,0.012370511,0.039174654,0.023980701,none
A033904,R02,4586.23,low,none,0.92589444,0.042158507,0.0076217283,0.02432531,none
A006717,R08,1300.97,low,dormant,0.9144727,0.01331731,0.0025528946,0.069657095,none
A004175,R04,216.79,low,none,0.66066104,0.0062652123,0.0074639176,0.32560986,none
A036083,R03,3779.3,low,none,0.9017075,0.028339395,0.033228513,0.036724616,none
A029513,R03,5903.03,high,none,0.9052981,0.061808296,0.019331792,0.013561786,none
A006104,R04,3398.06,low,none,0.85010946,0.036257964,0.0069629294,0.10666961,none
A020064,R03,886.85,low,none,0.84608,0.038116615,0.015533778,0.10026963,none
A038370,R07,7179.11,high,none,0.80683285,0.0945529,0.0628218,0.035792492,none
A027998,R00,3912.27,low,dormant,0.8965776,0.021334218,0.006363656,0.07572446,none
A011881,R09,3479.97,low,dd_stop,0.9165125,0.00084059045,0.047413148,0.03523374,none
A026911,R09,2510.84,low,none,0.94457096,0.019223183,0.015427272,0.020778554,none
A020538,R00,1654.32,low,none,0.8625967,0.06576917,0.040195923,0.031438164,none
A035747,R01,2503.94,low,none,0.88223416,0.019399948,0.026433373,0.071932554,none
A018910,R00,5185.33,high,none,0.8529412,0.01861444,0.050011236,0.07843307,none
A033609,R04,2809.54,low,none,0.89261603,0.008361977,0.031909626,0.067112416,none
A016488,R03,4366.48,low,none,0.80899334,0.036520615,0.0730041,0.08148194,none
A039283,R04,60858.58,high,none,0.93490195,0.021895614,0.015075097,0.028127363,none
A019312,R07,4618.93,low,none,0.92273736,0.045281835,0.008311627,0.023669193,none
A039173,R06,3267.4,low,none,0.89656717,0.050683912,0.025179725,0.027569188,none
A002820,R03,15838.02,high,none,0.84216064,0.05852334,0.07502578,0.024290254,none
A015437,R08,21512.59,high,none,0.87221557,0.010472047,0.05183429,0.06547811,none
A030439,R01,8162.57,high,none,0.9496992,0.028462298,0.0035690563,0.018269403,none
A025184,R06,5931.96,high,none,0.970065,0.0043961783,0.0037281925,0.021810617,none
A019314,R07,11682.55,high,none,0.9614219,0.015502371,0.0063427556,0.016732967,none
A034515,R00,7650.75,high,none,0.8846681,0.062836766,0.031430904,0.021064233,none
A029029,R00,11122.05,high,none,0.84987044,0.0650729,0.066452205,0.018604431,none
A010944,R00,2948.57,low,none,0.92350423,0.046789255,0.007754408,0.021952124,none
A028387,R00,2614.24,low,none,0.8624394,0.025923831,0.01162243,0.10001433,none
A029641,R01,2807.32,low,none,0.95422333,0.017269716,0.0027560578,0.02575084,none
A021890,R03,898.85,low,none,0.8752553,0.01607658,0.018888438,0.08977965,none
A035081,R01,7868.98,high,large_withdrawal,0.85180646,0.042340346,0.06831275,0.03754046,none
A036882,R05,10854.86,high,dormant,0.9786936,0.003950796,0.0063076075,0.0110479845,none
A019381,R07,4403.57,low,none,0.8701937,0.018533403,0.020022983,0.09124995,none
A023424,R05,11505.65,high,none,0.93569994,0.029027358,0.01602993,0.019242758,none
A030430,R03,2586.78,low,none,0.9369527,0.03128128,0.0052260943,0.026539903,none
A002266,R02,1119.7,low,none,0.86894685,0.0008410238,0.042826716,0.087385364,none
A011101,R06,644.58,low,none,0.92455584,0.021913838,0.030945616,0.022584697,none
A039889,R03,2512.89,low,large_withdrawal,0.91782385,0.03254704,0.028175808,0.021453308,none
A002898,R08,1103.88,low,none,0.963506,0.0015893384,0.0074595334,0.027445113,none
A004458,R03,7656.11,high,none,0.95452195,0.007596639,0.002984392,0.034896985,none
A005789,R05,653.36,low,none,0.8924918,0.017163342,0.01576247,0.07458244,none
A009323,R04,4249.38,low,none,0.90316206,0.019377878,0.050488476,0.026971603,none
A038672,R01,18521.78,high,none,0.8759951,0.0010227584,0.087209076,0.035773028,none
A027537,R07,1096.93,low,none,0.8721994,0.07397951,0.03153974,0.022281399,none
A038917,R00,1443.78,low,none,0.91302,0.044807006,0.024809297,0.017363615,none
A022003,R06,13310.75,high,none,0.86459905,0.023381727,0.090135716,0.021883473,none
A009230,R07,46832.78,high,none,0.9537549,0.017992532,0.003681851,0.024570704,none
A010147,R01,19981.05,high,large_withdrawal,0.9296761,0.023432704,0.014759039,0.03213215,none
A029406,R09,5142.61,high,dormant,0.8595663,0.059874486,0.048644584,0.031914625,none
A038477,R00,2977.29,low,none,0.83926624,0.08581189,0.056606833,0.018315008,none
A000790,R03,1321.16,low,none,0.9219048,0.059355475,0.0061311233,0.012608583,none
A011853,R05,6108.63,high,none,0.83375996,0.023543073,0.060171857,0.082525134,none
A022328,R02,9676.65,high,none,0.6945434,0.02144977,0.02548852,0.25851825,none
A027940,R08,3183.52,low,none,0.9442708,0.0105557125,0.008963823,0.036209706,none
A025205,R05,2070.15,low,dd_stop,0.9213907,0.034648784,0.019587118,0.024373414,none
A005480,R08,25246.77,high,none,0.8657754,0.02358253,0.08016351,0.03047852,none
A010675,R05,2554.67,low,large_withdrawal,0.88347775,0.050496526,0.044043295,0.021982385,none
A006362,R06,1764.57,low,none,0.90048444,0.019625826,0.013371416,0.06651828,none
A012678,R01,7806.39,high,none,0.94805264,0.016276019,0.01732236,0.018348936,none
A038521,R03,4181.27,low,none,0.95211196,0.0184571,0.0033899855,0.026040936,none
A003065,R06,2282.36,low,none,0.87744117,0.07499952,0.027782492,0.019776799,none
A014233,R09,4851.51,low,large_withdrawal,0.83531415,0.081189185,0.060702015,0.022794647,none
A016766,R05,10844.04,high,none,0.9145433,0.05398007,0.014561798,0.016914802,none
A033853,R07,59386.6,high,none,0.9440251,0.0009416984,0.013474016,0.041559145,none
A026587,R07,3423.3,low,none,0.87302023,0.014277149,0.06164875,0.05105384,none
A007980,R04,7077.48,high,none,0.9072136,0.008004078,0.052018996,0.032763276,none
A020292,R02,8661.84,high,none,0.9012148,0.047708835,0.018032933,0.033043485,none
A035935,R07,6649.22,high,none,0.92086303,0.05370135,0.0064644953,0.018971154,none
A028723,R03,4827.84,low,none,0.9298558,0.031393703,0.014987852,0.023762573,none
A008525,R03,45037.97,high,dd_stop,0.8895225,0.04656496,0.04327008,0.02064246,none
A011205,R02,14513.69,high,none,0.8908784,0.032022722,0.057946574,0.019152317,none
A009420,R05,1501.36,low,none,0.92951304,0.007631461,0.026522756,0.036332708,none
A007978,R00,44784.61,high,none,0.8513597,0.03263088,0.020856507,0.095152915,none
A023054,R07,3999.78,low,none,0.81989884,0.04770619,0.03950907,0.09288595,none
A000410,R02,37425.29,high,none,0.9208149,0.016678892,0.019610245,0.042895928,none
A036438,R06,850.02,low,none,0.89427364,0.015136841,0.06355162,0.027037917,none
A029380,R03,4604.35,low,none,0.91558796,0.005864523,0.046789497,0.031757962,none
A015298,R09,18093.58,high,none,0.67559534,0.014708613,0.057640832,0.25205523,none
A016422,R03,29156.91,high,none,0.8802133,0.0075347316,0.0071361084,0.10511586,none
A001858,R01,1938.96,low,none,0.9562698,0.024638224,0.004195332,0.014896641,none
A004360,R00,4411.24,low,none,0.89586455,0.05939108,0.019750047,0.024994332,none
A019205,R06,809.8,low,none,0.9223471,0.015859842,0.025840038,0.035952955,none
A013379,R00,12128.76,high,none,0.93157405,0.0009691808,0.017439071,0.050017744,none
A005776,R05,62414.38,high,dormant,0.9351481,0.0026709577,0.0027538675,0.05942705,none
A014792,R00,2063.59,low,none,0.9402675,0.021653207,0.017022781,0.02105653,none
A032521,R08,2869.62,low,none,0.7808756,0.048083995,0.06828193,0.10275841,none
A005499,R02,18818.01,high,none,0.96199125,0.014106231,0.0035716752,0.02033087,none
A023482,R01,2694.56,low,none,0.94023925,0.022325803,0.01719467,0.020240303,none
A039861,R02,24243.23,high,none,0.92261446,0.009239897,0.026397403,0.041748203,none
A004491,R04,15489.72,high,none,0.9509261,0.017225616,0.0028967995,0.0289515,none
A028299,R07,10912.27,high,none,0.9524037,0.011689733,0.010921429,0.024985142,none
A007084,R01,4875.4,low,none,0.96398944,0.018540245,0.0034543916,0.014015893,none
A025917,R04,1563.0,low,none,0.9340102,0.00821098,0.027148034,0.030630782,none
A029550,R01,2516.58,low,none,0.8927533,0.021838007,0.002430428,0.08297829,none
A039852,R04,3105.3,low,none,0.94750696,0.018911026,0.0065392414,0.027042719,none
A030603,R06,2309.24,low,dormant,0.7803052,0.08029188,0.094701946,0.044701003,none
A025097,R06,3099.15,low,none,0.88476545,0.0178641,0.058182973,0.03918747,none
A014590,R05,17737.16,high,none,0.71343964,0.019819023,0.005353224,0.26138815,none
A027405,R00,4160.88,low,none,0.84533405,0.03692526,0.09093997,0.026800761,none
A009091,R04,8838.11,high,none,0.89317155,0.024011912,0.050490282,0.032326292,none
A016549,R07,5668.38,high,none,0.8992373,0.07237264,0.011496419,0.01689361,none
A007983,R05,887.53,low,none,0.8868896,0.028338192,0.012893594,0.07187862,none
A039869,R01,1729.4,low,none,0.8686457,0.00641905,0.016145209,0.10878999,none
A014634,R04,7624.13,high,none,0.81449556,0.018404914,0.04063245,0.12646708,none
A030312,R07,8358.17,high,none,0.9367768,0.026012124,0.013446635,0.023764396,none
A013464,R09,14894.78,high,none,0.8615238,0.019275513,0.08877428,0.03042639,none
A039776,R03,1741.8,low,none,0.89087856,0.009650983,0.008485797,0.09098466,none
A003727,R06,1345.53,low,none,0.9348426,0.01839865,0.024033025,0.022725705,none
A028171,R05,5720.47,high,none,0.9300376,0.047698833,0.003122889,0.019140678,none
A033016,R05,5298.57,high,none,0.92935085,0.026157519,0.01726548,0.027226148,none
A029968,R08,23420.34,high,none,0.9487988,0.024686579,0.01143031,0.01508432,none
A015954,R00,15893.94,high,none,0.8933205,0.07467724,0.013528802,0.018473446,none
A032299,R09,723.74,low,none,0.8617414,0.048357397,0.05008507,0.03981613,none
A007441,R02,6995.54,high,none,0.64722496,0.013956819,0.0054299645,0.33338827,none
A006920,R03,854.51,low,none,0.835212,0.007906814,0.0467889,0.110092275,none
A004264,R07,9869.05,high,none,0.9127558,0.044741213,0.024795206,0.01770783,none
A028378,R04,3556.91,low,none,0.6808618,0.13254786,0.04092998,0.14566042,none
A006478,R04,16592.57,high,none,0.83187735,0.024427492,0.08554274,0.05815243,none
A028847,R08,2839.16,low,none,0.85947436,0.051333793,0.07807682,0.011115091,none
A004989,R00,5328.96,high,none,0.913382,0.03314979,0.029636668,0.02383152,none
A006525,R03,31215.01,high,none,0.9085612,0.04511577,0.026076328,0.020246677,none
A034270,R07,9539.81,high,none,0.85319597,0.048406936,0.030351698,0.06804544,none
A004211,R03,5031.34,high,none,0.9503281,0.012263995,0.012607758,0.02480017,none
A005288,R01,2266.33,low,none,0.81833375,0.00836441,0.062386326,0.11091552,none
A004065,R09,6340.49,high,none,0.8908771,0.04531748,0.041025765,0.02277964,none
A037364,R09,1084.02,low,none,0.920695,0.0010962156,0.032562993,0.045645818,none
A039180,R03,1596.46,low,none,0.8543662,0.05543911,0.061056994,0.02913772,none
A011195,R02,1821.15,low,none,0.73442805,0.05312874,0.010761082,0.20168209,none
A012207,R00,1494.52,low,none,0.8676792,0.018970065,0.039713334,0.07363736,none
A023678,R03,4803.17,low,none,0.8807473,0.047227457,0.035962358,0.036062926,none
A020491,R01,3032.87,low,dormant,0.9014552,0.0108238915,0.004955727,0.082765125,none
A016805,R06,4538.52,low,none,0.8345716,0.057190865,0.005569695,0.10266781,none
A026628,R04,1100.91,low,none,0.95632124,0.019379288,0.004117266,0.020182215,none
A023761,R00,457.96,low,dormant,0.9013112,0.059446417,0.01896767,0.020274686,none
A013319,R02,3267.44,low,none,0.88280004,0.009654316,0.0066612205,0.10088438,none
A034501,R02,8115.08,high,dormant,0.92545366,0.037920404,0.009623786,0.027002163,none
A025958,R03,688.63,low,none,0.9277295,0.022046542,0.023016302,0.027207643,none
A029452,R06,8166.49,high,none,0.90298396,0.023406971,0.050734356,0.022874761,none
A019851,R02,786.78,low,none,0.96752566,0.0057837316,0.0026734052,0.024017166,none
A015507,R01,3930.34,low,none,0.8579411,0.03298697,0.012170791,0.09690119,none
A037995,R05,3780.16,low,none,0.912685,0.012810774,0.0033534681,0.07115074,none
A004367,R06,3969.95,low,none,0.89292186,0.012003945,0.004550098,0.0905241,none
A028185,R04,1658.24,low,dormant,0.9093951,0.01665346,0.009122712,0.064828746,none
A016521,R09,3447.39,low,none,0.883544,0.050385855,0.04148935,0.02458076,none
A023473,R05,1101.05,low,none,0.89216924,0.0068858895,0.066104226,0.034840584,none
A001611,R03,10032.74,high,none,0.7547457,0.081511,0.07998751,0.08375572,none
A027579,R04,944.18,low,none,0.93112165,0.025128633,0.008660322,0.035089366,none
A004160,R09,4371.85,low,dd_stop,0.9026719,0.0600897,0.022012135,0.01522632,none
A019504,R07,5103.46,high,none,0.83483016,0.06104861,0.019913284,0.084208,none
A000395,R01,8366.33,high,none,0.9620517,0.0011624512,0.0076219016,0.029163918,none
A021204,R00,5072.27,high,none,0.90371287,0.0062713623,0.00585626,0.08415948,none
A016603,R09,21347.46,high,none,0.883739,0.0063111433,0.08525855,0.024691321,none
A010267,R03,2543.8,low,none,0.95875865,0.0038793618,0.01293878,0.02442324,none
A016297,R03,3708.32,low,none,0.9246803,0.03702792,0.015502856,0.022788985,none
A018654,R08,3026.07,low,none,0.93931544,0.011598985,0.021577716,0.027507922,none
A024056,R02,432.22,low,dd_stop,0.907211,0.030388094,0.029159121,0.033241805,none
A004130,R00,1202.24,low,none,0.8270514,0.014389629,0.05837243,0.10018655,none
A001863,R00,4261.85,low,none,0.85323215,0.035499137,0.031645022,0.079623744,none
A000305,R07,5255.61,high,none,0.9155764,0.04976699,0.0058221836,0.0288344,none
A001328,R06,5693.17,high,none,0.92283076,0.031204425,0.025929727,0.020035114,none
A031534,R07,6813.13,high,none,0.9117123,0.023277478,0.039732162,0.025278075,none
A006217,R06,9720.88,high,none,0.87498873,0.038580738,0.05949184,0.026938738,none
A036568,R08,10628.16,high,none,0.92015773,0.040460587,0.023851635,0.01553006,none
A001807,R09,10128.86,high,none,0.8775695,0.049246486,0.01100515,0.06217881,none
A022628,R05,709.55,low,none,0.9634375,0.011286785,0.005104495,0.020171259,none
A014328,R08,11686.04,high,none,0.8080523,0.08146468,0.012331746,0.09815132,none
A009470,R02,2749.05,low,dormant,0.6470637,0.030929,0.0037343747,0.31827292,none
A027237,R07,1633.82,low,none,0.8108544,0.03737484,0.062966675,0.0888041,none
A025748,R09,4580.1,low,none,0.93766826,0.017783655,0.010755166,0.033792954,none
A034706,R01,631.9,low,none,0.8469586,0.01520715,0.047907326,0.08992697,none
A018615,R01,9129.85,high,none,0.92926335,0.009424292,0.005748748,0.055563632,none
A018962,R06,800.63,low,none,0.8842617,0.047699485,0.017277088,0.050761737,none
A032506,R03,4147.63,low,none,0.81322867,0.023566112,0.037759684,0.12544557,none
A034268,R07,13056.02,high,none,0.9319927,0.032909006,0.014915502,0.020182827,none
A014129,R09,1547.43,low,none,0.9325374,0.00051463,0.04037158,0.02657648,none
A015496,R05,523.56,low,none,0.9310159,0.02161268,0.020548372,0.026823014,none
A026098,R06,3838.86,low,none,0.89929175,0.010759766,0.0061901766,0.08375834,none
A000096,R02,52272.86,high,none,0.7432411,0.023849195,0.054369196,0.17854059,none
A039561,R02,4246.97,low,none,0.88010204,0.02517454,0.057096604,0.037626836,none
A033032,R05,2551.67,low,none,0.6337451,0.019969791,0.006379671,0.33990547,none
A017363,R02,5781.71,high,none,0.8723946,0.030635716,0.06232782,0.03464191,none
A031865,R09,15765.73,high,none,0.88715184,0.033223696,0.01172009,0.06790435,none
A017674,R07,10229.83,high,none,0.9511118,0.01985229,0.0069341403,0.022101823,none
A034486,R08,5428.97,high,dd_stop,0.94111556,0.004553025,0.019245693,0.035085782,none
A038297,R02,9922.8,high,none,0.8549628,0.033232916,0.011141924,0.100662336,none
A023109,R05,978.44,low,none,0.9076957,0.017706454,0.046825606,0.027772255,none
A025216,R08,1425.48,low,none,0.9613314,0.015811117,0.0024971103,0.02036027,none
A026199,R02,8589.39,high,none,0.9171343,0.0009908942,0.053595338,0.028279467,none
A001818,R00,6052.61,high,none,0.88497376,0.02376165,0.07163374,0.019630877,none
A005720,R04,2851.41,low,none,0.8935121,0.013670917,0.0073037,0.08551328,none
A024198,R03,7355.41,high,dormant,0.84695125,0.031988613,0.04894217,0.07211801,none
A031986,R01,13325.13,high,none,0.9489674,0.004751604,0.019359985,0.026920974,none
A015910,R00,1415.24,low,none,0.9222863,0.01151161,0.030426044,0.035776008,none
A027554,R07,17122.21,high,dormant,0.8527819,0.015703835,0.11470442,0.016809914,none
A007647,R01,2839.28,low,none,0.91918033,0.047497906,0.007296203,0.026025563,none
A027259,R01,1718.82,low,none,0.9257785,0.016651828,0.022541817,0.03502781,none
A024036,R04,8225.39,high,large_withdrawal,0.80039096,0.07295484,0.025555136,0.10109906,none
A001776,R06,2797.54,low,none,0.9222157,0.02461661,0.025187971,0.027979704,none
A015258,R07,23215.24,high,none,0.8548719,0.027384423,0.09247039,0.02527322,none
A007328,R01,2286.11,low,dormant,0.75713474,0.017175764,0.089916795,0.13577266,none
A028813,R05,1418.79,low,none,0.9290063,0.018856594,0.024651526,0.027485622,none
A029889,R01,569.62,low,none,0.9673368,0.010610578,0.0034245532,0.01862813,none
A021729,R00,34698.14,high,none,0.9146383,0.018645328,0.023427252,0.043289084,none
A032518,R04,33440.82,high,dormant,0.8478167,0.008949871,0.016856458,0.12637696,none
A019523,R01,6847.39,high,none,0.9397881,0.022917345,0.019944068,0.01735042,none
A029194,R05,2773.18,low,none,0.8272833,0.014706513,0.06615682,0.09185333,none
A009476,R01,2079.85,low,dormant,0.9128701,0.019868834,0.039719615,0.027541416,none
A025360,R05,32413.41,high,none,0.94927144,0.016209945,0.009642096,0.024876527,none
A007681,R02,2253.7,low,none,0.9109167,0.04576374,0.02306972,0.020249812,none
A008631,R07,3980.18,low,none,0.7186712,0.025322324,0.015986605,0.2400198,none
A020794,R09,3068.22,low,none,0.9186731,0.01038511,0.027893681,0.043048084,none
A016309,R09,7306.0,high,none,0.9643876,0.011980161,0.0046029706,0.019029213,none
A018721,R08,485.96,low,none,0.94287795,0.027647527,0.0032578465,0.026216624,none
A034779,R00,2070.13,low,dormant,0.83712125,0.057636358,0.057375874,0.04786646,none
A004914,R00,9296.01,high,none,0.9415283,0.0050468957,0.02426717,0.02915762,none
A000205,R06,1015.54,low,dd_stop,0.8800288,0.06035641,0.044390935,0.015223881,none
A024741,R04,6788.6,high,none,0.86100656,0.032878127,0.004337372,0.10177792,none
A010064,R07,2641.6,low,none,0.9303974,0.0058535975,0.025887094,0.037861913,none
A005198,R06,5510.69,high,none,0.7361536,0.009111312,0.008437049,0.24629806,none
A007555,R02,3362.23,low,none,0.87775075,0.039141264,0.050166212,0.032941766,none
A015332,R01,23178.37,high,dd_stop,0.76018363,0.055353582,0.13905361,0.045409176,none
A002398,R08,4211.71,low,none,0.877434,0.022034498,0.015622683,0.08490883,none
A032764,R03,2600.33,low,none,0.9784038,0.0005818947,0.0030710478,0.017943313,none
A021781,R07,6225.97,high,none,0.830357,0.039175212,0.09594756,0.03452017,none
A018797,R02,2414.09,low,none,0.9341472,0.020280384,0.025830636,0.019741824,none
A014847,R01,8191.89,high,none,0.867365,0.07988677,0.027359487,0.025388733,none
A000768,R04,27553.7,high,none,0.9114873,0.029614864,0.03747205,0.021425784,none
A034453,R00,872.73,low,none,0.9260197,0.026955739,0.027284242,0.019740349,none
A030365,R03,1165.46,low,none,0.9218982,0.021523079,0.033412073,0.023166688,none
A003650,R07,7571.97,high,none,0.94627106,0.0066770255,0.026075792,0.020976083,none
A010360,R07,4083.98,low,none,0.90313315,0.03689733,0.039449103,0.020520428,none
A018512,R07,3293.53,low,none,0.6629136,0.018537125,0.045445204,0.27310404,none
A018453,R06,2914.63,low,none,0.8485043,0.07892801,0.058845263,0.013722389,none
A017862,R04,9425.74,high,none,0.85566986,0.08989716,0.032691263,0.021741757,none
A028567,R07,5250.56,high,none,0.8357238,0.040771663,0.101329565,0.022174908,none
A002429,R05,5523.17,high,none,0.9132033,0.051204886,0.0042008287,0.031390946,none
A024455,R00,2283.25,low,none,0.60351205,0.040983472,0.047541182,0.3079633,none
A006610,R01,1202.9,low,dormant,0.82587636,0.030703645,0.07073059,0.0726894,none
A012984,R02,2731.14,low,none,0.90769476,0.0068799974,0.054269653,0.03115557,none
A023530,R02,20123.72,high,none,0.875351,0.032119505,0.056446724,0.03608275,none
A011390,R07,5200.68,high,large_withdrawal,0.7793536,0.072049886,0.057520814,0.09107569,none
A008409,R03,1776.21,low,none,0.9111964,0.018669052,0.026868837,0.043265708,none
A015480,R04,35660.25,high,none,0.9602328,0.015534763,0.0035430337,0.020689474,none
A009082,R08,12488.36,high,none,0.9103987,0.032597143,0.034492712,0.022511406,none
A024957,R09,6286.33,high,dd_stop,0.89839745,0.024463758,0.05522103,0.021917827,none
A031743,R09,6276.38,high,none,0.9317601,0.025570929,0.018620655,0.02404838,none
A028988,R09,62598.19,high,none,0.7142754,0.0107586915,0.118526444,0.15643945,none
A027028,R06,3202.92,low,none,0.80108804,0.044381276,0.049116764,0.10541387,none
A011246,R09,15099.9,high,none,0.92154646,0.06469883,0.0023278177,0.011426879,none
A002096,R03,1125.1,low,none,0.96908176,0.00075883133,0.006422148,0.023737302,none
A015557,R06,27385.43,high,none,0.92016554,0.025970738,0.02788702,0.025976708,none
A013333,R08,11393.38,high,none,0.9430672,0.029577829,0.0069103274,0.020444673,none
A002476,R01,51030.62,high,none,0.9405922,0.026387272,0.0100190425,0.023001455,none
A037940,R02,47449.88,high,none,0.7025794,0.055784423,0.08612193,0.15551424,none
A027770,R05,614.44,low,none,0.7264945,0.0117472485,0.10747131,0.15428697,none
A033529,R00,17645.54,high,dormant,0.8839607,0.033090614,0.0075568003,0.07539179,none
A031020,R03,39528.77,high,none,0.88235795,0.0009193705,0.030193062,0.08652961,none
A009798,R03,4923.58,low,none,0.9069297,0.001044607,0.0630504,0.028975364,none
A000427,R07,6461.99,high,dormant,0.48709193,0.0007350642,0.020832993,0.49134004,dormant
A021975,R05,8230.04,high,none,0.9380816,0.024943467,0.022019126,0.014955786,none
A012072,R07,399.38,low,none,0.9227797,0.028765177,0.019193461,0.029261662,none
A018050,R01,1444.92,low,dormant,0.90467346,0.013188509,0.0041455165,0.07799256,none
A031604,R07,1994.93,low,none,0.8823461,0.04505588,0.044228937,0.028369123,none
A025486,R09,5524.23,high,none,0.92626715,0.052915316,0.0035685925,0.017248943,none
A032204,R01,10545.08,high,none,0.93396425,0.045341425,0.0048157577,0.015878586,none
A022227,R01,7997.74,high,none,0.849171,0.010544144,0.034681346,0.10560354,none
A005706,R02,16405.06,high,none,0.7177693,0.009300387,0.012724639,0.2602057,none
A028334,R03,4818.47,low,large_withdrawal,0.8909478,0.055192444,0.024837738,0.029021936,none
A006414,R08,4671.95,low,none,0.93239325,0.026156692,0.016952118,0.024497917,none
A026586,R02,4570.16,low,none,0.9599961,0.013672482,0.0030851061,0.023246355,none
A037861,R08,4544.63,low,none,0.8470288,0.023334352,0.015847301,0.11378954,none
A003718,R03,3664.89,low,none,0.91678447,0.047115132,0.0113965925,0.024703868,none
A000707,R02,2831.59,low,none,0.857092,0.033681545,0.009197271,0.10002917,none
A002652,R07,23447.92,high,dormant,0.8555246,0.00982339,0.059748974,0.07490298,none
A022105,R00,12099.5,high,none,0.8117926,0.0125661455,0.0028641955,0.17277701,none
A029555,R05,2707.35,low,none,0.9460919,0.015587993,0.014075093,0.024244985,none
A008385,R05,4269.8,low,none,0.8397204,0.012090301,0.05432791,0.09386133,none
A009369,R01,1496.6,low,none,0.86748546,0.011095847,0.023696635,0.09772206,none
A023278,R07,2188.61,low,dormant,0.9087259,0.006597039,0.009109714,0.07556734,none
A002389,R03,1864.53,low,none,0.753146,0.0672194,0.07950396,0.10013067,none
A029556,R01,4633.64,low,none,0.91719985,0.018387256,0.040738083,0.023674805,none
A015128,R03,3149.12,low,none,0.92365104,0.011939011,0.027817857,0.036592122,none
A017336,R02,21118.96,high,none,0.91289586,0.042601712,0.012243169,0.032259263,none
A034073,R08,5792.23,high,none,0.8971292,0.06078046,0.029686023,0.012404308,none
A037060,R07,30657.97,high,none,0.9306797,0.04171902,0.0058952733,0.021706024,none
A015111,R00,2595.57,low,none,0.90366554,0.028106533,0.04603697,0.02219093,none
A033624,R06,24277.51,high,none,0.8941814,0.057571374,0.027398504,0.020848682,none
A015648,R03,8071.87,high,none,0.8660182,0.01601208,0.014624631,0.10334515,none
A034582,R09,5060.37,high,none,0.91111326,0.043077413,0.018858088,0.026951225,none
A032335,R06,7754.23,high,dormant,0.8569612,0.019886037,0.03644171,0.08671105,none
A000891,R05,5088.03,high,dd_stop,0.9088531,0.010441424,0.057753015,0.022952422,none
A023403,R00,4085.77,low,none,0.68637544,0.0077581764,0.017833589,0.2880328,none
A022571,R05,12671.45,high,none,0.9176302,0.026136847,0.038780745,0.01745223,none
A037352,R02,15939.23,high,none,0.86679554,0.020504152,0.014262246,0.09843807,none
A009070,R03,15145.65,high,none,0.9363659,0.045589197,0.003986546,0.0140583925,none
A005194,R09,3102.04,low,none,0.82481116,0.02967322,0.03408203,0.11143359,none
A014034,R06,3169.37,low,none,0.8917171,0.02236768,0.05894002,0.0269752,none
A014423,R03,18706.27,high,none,0.9255588,0.039284837,0.011383617,0.023772737,none
A024002,R05,15967.62,high,none,0.8867229,0.005894589,0.07209575,0.035286766,none
A009057,R06,5448.93,high,none,0.91935474,0.056092337,0.009788351,0.014764543,none
A018863,R06,24926.35,high,none,0.93669987,0.027975474,0.014420409,0.020904217,none
A025613,R06,3081.32,low,none,0.9428241,0.01210979,0.011391815,0.033674248,none
A015092,R07,6144.29,high,none,0.92363447,0.019976206,0.040313657,0.016075674,none
A015229,R08,15300.23,high,none,0.9398106,0.024139518,0.0076508424,0.028399123,none
A005450,R02,7369.36,high,none,0.7714935,0.027584318,0.057871174,0.14305094,none
A012416,R07,12947.34,high,none,0.91012615,0.00078837853,0.06902087,0.020064585,none
A005061,R08,34605.65,high,none,0.9462694,0.016679414,0.012667375,0.024383854,none
A024156,R08,2908.91,low,none,0.7985766,0.03673395,0.041294575,0.123394884,none
A010408,R04,1053.68,low,none,0.8335837,0.068738215,0.066356204,0.03132187,none
A020051,R08,806.26,low,none,0.9194795,0.001974949,0.04147104,0.037074517,none
A030756,R07,12764.94,high,none,0.91993886,0.0011261199,0.04980626,0.02912879,none
A021542,R09,2745.3,low,none,0.85021216,0.026740313,0.03728415,0.085763335,none
A014027,R07,6190.58,high,none,0.95044744,0.011698799,0.013377233,0.024476537,none
A003178,R05,4421.04,low,none,0.87405205,0.026202518,0.04607079,0.05367459,none
A026580,R01,1295.25,low,none,0.82895666,0.0113835,0.063039,0.09662078,none
A006886,R05,3222.63,low,dormant,0.90056604,0.0064287917,0.01728224,0.0757229,none
A039208,R08,13449.17,high,none,0.9517037,0.02915274,0.0049283835,0.0142151555,none
A022392,R08,6170.23,high,none,0.9142362,0.063862815,0.004205095,0.017695934,none
A022345,R05,3812.29,low,none,0.95363516,0.0005967016,0.022619957,0.023148164,none
A027160,R04,528.97,low,none,0.8727008,0.0121584935,0.025229663,0.089911036,none
A018718,R00,4812.05,low,none,0.9352107,0.008972972,0.030098414,0.025717976,none
A007395,R05,1298.24,low,none,0.9215243,0.03316645,0.028143136,0.01716615,none
A026551,R08,7320.47,high,none,0.9196685,0.057411514,0.0107842535,0.0121357115,none
A007110,R09,2780.75,low,none,0.87832665,0.02124609,0.072197914,0.028229328,none
A031995,R01,12092.0,high,none,0.95744056,0.016303938,0.0060212556,0.020234179,none
A023652,R00,1077.95,low,none,0.9027355,0.07658425,0.007779699,0.012900621,none
A010507,R01,5719.05,high,none,0.8837792,0.029190773,0.0061199437,0.08091002,none
A000084,R03,19287.53,high,none,0.87922525,0.051579468,0.037054237,0.032141108,none
A039166,R08,14000.3,high,none,0.88339436,0.0012731018,0.016638586,0.09869392,none
A016463,R09,20597.7,high,none,0.906774,0.037097543,0.020958105,0.035170343,none
A013245,R07,22258.03,high,none,0.91548306,0.04949925,0.009169623,0.025848059,none
A030357,R06,11597.84,high,none,0.9272776,0.04646562,0.0027400928,0.023516588,none
A011812,R00,2777.85,low,none,0.96056587,0.006292918,0.018541425,0.014599825,none
A017373,R03,28732.52,high,none,0.9117609,0.020535095,0.034656983,0.03304703,none
A005770,R03,17149.66,high,none,0.91834885,0.029074999,0.033092305,0.019483864,none
A038432,R07,2894.93,low,none,0.84510386,0.0076115537,0.08535545,0.061929125,none
A007834,R02,5089.64,high,none,0.89619285,0.020678936,0.046017356,0.03711084,none
A000351,R03,2821.52,low,none,0.82960385,0.08394589,0.04370251,0.04274781,none
A011792,R02,8772.0,high,none,0.8480416,0.022578076,0.0310408,0.098339535,none
A027999,R02,5223.28,high,none,0.92989284,0.033849355,0.006040195,0.030217556,none
A019885,R03,3971.34,low,none,0.8806306,0.02919109,0.055947814,0.034230523,none
A019980,R02,1338.94,low,none,0.8552116,0.014735624,0.026603855,0.10344898,none
A037200,R03,10175.26,high,none,0.972259,0.011257425,0.0032813505,0.013202252,none
A024075,R04,3089.7,low,dormant,0.70286226,0.009865877,0.006868038,0.2804038,none
A014447,R00,10147.64,high,large_withdrawal,0.8229134,0.07920844,0.023098992,0.07477917,none
A035004,R06,15697.1,high,none,0.92853254,0.024963517,0.017661113,0.028842786,none
A004967,R08,11223.89,high,none,0.8870729,0.012713096,0.06818323,0.032030772,none
A007210,R03,4700.38,low,none,0.94270164,0.012164461,0.018731222,0.026402652,none
A030588,R09,8326.29,high,none,0.91197324,0.058477283,0.015959473,0.013589987,none
A024335,R02,2311.72,low,none,0.91660833,0.048198916,0.014435195,0.020757569,none
A027987,R08,18673.38,high,none,0.8455134,0.015807942,0.110015854,0.028662821,none
A023478,R07,6764.38,high,none,0.8847656,0.01248086,0.06912336,0.03363018,none
A035423,R01,1481.77,low,none,0.777568,0.040804584,0.07242773,0.10919966,none
A024917,R06,31049.35,high,none,0.96799546,0.013162853,0.0045785345,0.014263187,none
A034016,R02,5473.27,high,none,0.966764,0.003121971,0.005292864,0.024821248,none
A035113,R09,16171.62,high,none,0.8778397,0.0667049,0.033141155,0.022314297,none
A018809,R03,48987.06,high,none,0.8414766,0.014495136,0.102454945,0.041573294,none
A034248,R03,871.63,low,large_withdrawal,0.915962,0.030042397,0.031703062,0.022292519,none
A010054,R09,56899.34,high,none,0.8663955,0.06973048,0.044594027,0.019280035,none
A018636,R07,8208.45,high,none,0.9322097,0.029259328,0.023952445,0.014578568,none
A032447,R07,838.67,low,none,0.89331037,0.06052857,0.031328894,0.014832116,none
A034279,R06,5521.1,high,none,0.8675893,0.006950716,0.016136196,0.10932376,none
A012966,R00,2177.48,low,none,0.6418448,0.043928187,0.03959104,0.274636,none
A030809,R04,2357.36,low,none,0.85248905,0.03333571,0.03830167,0.07587357,none
A019402,R02,968.84,low,none,0.94690436,0.0076866136,0.019425908,0.025983138,none
A030721,R04,1536.54,low,large_withdrawal,0.93500036,0.02344569,0.020148143,0.02140587,none
A020833,R04,4463.04,low,none,0.8484577,0.006204614,0.009068613,0.13626903,none
A007582,R05,11458.74,high,none,0.8894684,0.054786325,0.03239347,0.023351824,none
A029928,R09,1285.66,low,dormant,0.72476023,0.11877795,0.048422992,0.10803888,none
A021346,R02,3248.42,low,none,0.9159549,0.023730299,0.031786885,0.028527936,none
A023346,R02,5474.14,high,none,0.9095616,0.056038935,0.013589597,0.020809941,none
A019158,R01,6388.25,high,none,0.5666211,0.021433435,0.004892822,0.40705264,none
A034774,R07,3529.26,low,none,0.81801426,0.08388452,0.074429445,0.023671776,none
A024606,R02,10908.82,high,none,0.90663934,0.030791756,0.039269894,0.023299007,none
A012571,R02,1029.31,low,none,0.9470471,0.004056835,0.016235862,0.03266025,none
A031336,R05,1698.74,low,none,0.88921577,0.007931969,0.07596096,0.026891327,none
A039961,R08,6934.66,high,none,0.9174449,0.0065515325,0.04740204,0.028601477,none
A020025,R07,11091.95,high,none,0.88846785,0.012013486,0.058402486,0.041116133,none
A002631,R02,773.06,low,none,0.8365212,0.04594268,0.08377774,0.03375839,none
A024173,R06,11275.82,high,none,0.824001,0.03971692,0.054144826,0.08213723,none
A024636,R06,1718.9,low,none,0.96324855,0.009446577,0.0039734133,0.023331448,none
A039210,R05,2149.36,low,none,0.95286113,0.0056141173,0.008195154,0.033329632,none
A015441,R07,18232.69,high,none,0.85824335,0.036428835,0.020594023,0.084733814,none
A031385,R04,655.35,low,none,0.8637116,0.047066562,0.005334167,0.0838877,none
A033618,R06,2556.63,low,none,0.93023115,0.025922569,0.012107442,0.031738777,none
A021732,R07,3968.36,low,none,0.75506526,0.060053304,0.08512279,0.09975867,none
A019248,R07,2033.52,low,none,0.78873086,0.07988669,0.10295216,0.028430266,none
A019148,R05,810.1,low,none,0.9278873,0.020038132,0.026620036,0.025454523,none
A038807,R02,3262.0,low,dormant,0.85486376,0.007057383,0.025530493,0.112548366,none
A038861,R08,44757.5,high,none,0.9665136,0.005028424,0.0030459152,0.025412044,none
A020856,R08,321.68,low,none,0.90416753,0.014559696,0.004792541,0.076480195,none
A038951,R09,4779.99,low,none,0.8626345,0.049207125,0.04679648,0.041361924,none
A016928,R09,19076.65,high,none,0.88781494,0.0009821322,0.06949825,0.04170472,none
A019000,R00,4119.56,low,none,0.83957285,0.003770882,0.032323238,0.124333024,none
A029398,R05,5237.24,high,none,0.953395,0.017158205,0.007282219,0.02216454,none
A004396,R07,8111.11,high,none,0.889233,0.024613839,0.04389597,0.04225715,none
A001416,R02,16413.39,high,none,0.89265287,0.01914652,0.00501585,0.08318476,none
A030863,R01,16540.02,high,none,0.86654544,0.0017494475,0.010825178,0.12087993,none
A029227,R01,27831.59,high,none,0.888257,0.017215822,0.05721496,0.037312195,none
A019047,R00,72931.74,high,none,0.8989174,0.021729501,0.005858894,0.07349417,none
A022540,R05,23483.58,high,none,0.9130093,0.0190859,0.005247093,0.062657714,none
A025735,R07,2468.37,low,none,0.8144624,0.061767045,0.029723559,0.094047,none
A005645,R01,3986.05,low,none,0.94930184,0.01838482,0.005275438,0.02703796,none
A034511,R01,4621.0,low,none,0.9046399,0.024182234,0.04254093,0.028636944,none
A035303,R01,10199.68,high,dormant,0.8876131,0.019203926,0.020858273,0.07232462,none
A021502,R09,11927.83,high,none,0.7645982,0.014037663,0.1073515,0.11401266,none
A038609,R05,39436.54,high,none,0.9062122,0.01865969,0.050102618,0.025025507,none
A031299,R04,851.13,low,none,0.90314794,0.048765514,0.020312313,0.027774168,none
A003797,R07,2133.27,low,none,0.8784755,0.02366029,0.07124489,0.026619337,none
A011836,R01,11989.33,high,none,0.9018394,0.0055606617,0.006082025,0.08651795,none
A034860,R00,1233.18,low,none,0.8772222,0.011928297,0.024268879,0.0865807,none
A012118,R04,33922.52,high,none,0.9120342,0.035239957,0.0062122503,0.046513617,none
A012760,R09,5088.95,high,none,0.8627187,0.069167376,0.029096574,0.039017342,none
A003225,R04,17592.65,high,none,0.9273731,0.014030532,0.0038141247,0.0547823,none
A020297,R00,849.64,low,dd_stop,0.75830895,0.008256678,0.08331523,0.15011908,none
A039330,R05,640.22,low,none,0.42514423,0.017207058,0.02989862,0.5277501,dormant
A002447,R06,7261.66,high,none,0.9335873,0.013544722,0.023256995,0.029610915,none
A013162,R03,2245.66,low,none,0.797948,0.101557255,0.082952134,0.01754255,none
A011588,R02,17272.75,high,none,0.8815858,0.05223361,0.03930916,0.02687146,none
A037557,R05,4485.19,low,none,0.9318392,0.018163625,0.025922788,0.024074346,none
A026880,R08,8068.4,high,none,0.9582931,0.020423418,0.004634979,0.016648531,none
A028635,R06,3319.95,low,none,0.8445264,0.09641196,0.035614487,0.02344721,none
A013188,R08,2191.63,low,none,0.9215911,0.02172108,0.024337929,0.032349877,none
A036953,R04,4764.0,low,none,0.91671,0.044585194,0.007403233,0.03130155,none
A000356,R02,7443.28,high,none,0.94459957,0.0098459795,0.015493189,0.030061243,none
A001506,R05,4581.27,low,none,0.88690966,0.031632207,0.05914753,0.022310635,none
A012319,R01,9543.52,high,none,0.9472098,0.025683789,0.00523051,0.021875897,none
A037550,R09,2432.92,low,none,0.9323513,0.01726576,0.025330657,0.025052287,none
A000701,R09,1036.53,low,none,0.86971253,0.027252203,0.07323984,0.029795367,none
A001566,R01,2393.67,low,none,0.77667505,0.1203186,0.045050573,0.05795573,none
A002247,R04,26447.85,high,none,0.86969453,0.10090665,0.0068550278,0.022543792,none
A026480,R02,1628.94,low,dormant,0.96652025,0.012994923,0.0030674832,0.017417317,none
A009713,R02,1003.01,low,none,0.8529188,0.050529413,0.063224666,0.033327185,none
A013329,R05,2006.36,low,none,0.90980965,0.04174314,0.023557493,0.024889736,none
A024275,R09,2077.65,low,none,0.82308275,0.010873575,0.06070959,0.10533409,none
A032974,R00,19339.65,high,none,0.93830717,0.022647733,0.0076023177,0.03144274,none
A005631,R03,2980.49,low,none,0.88087916,0.012692294,0.005948665,0.10047987,none
A003232,R00,11961.57,high,none,0.90281546,0.015248042,0.0048947134,0.07704183,none
A033203,R09,3010.18,low,none,0.9418251,0.00552275,0.016627887,0.036024265,none
A033594,R01,4395.16,low,none,0.8850607,0.018232651,0.019478224,0.07722845,none
A001928,R05,4192.35,low,none,0.92217135,0.0058713616,0.04718087,0.02477646,none
A000468,R01,2006.98,low,none,0.9686904,0.006812696,0.0053464235,0.019150428,none
A010832,R08,3863.03,low,none,0.9575151,0.009012723,0.0101574315,0.023314694,none
A023400,R02,2412.9,low,none,0.9547678,0.020279732,0.0038385016,0.021113945,none
A036434,R07,23019.68,high,none,0.9286965,0.031291917,0.016504774,0.023506766,none
A010214,R05,2357.07,low,none,0.9137412,0.009722373,0.005453136,0.07108328,none
A025418,R03,1634.78,low,none,0.89840907,0.010221176,0.020993542,0.07037619,none
A019602,R08,4519.04,low,none,0.9664547,0.009921664,0.0048384774,0.018785235,none
A034325,R04,1188.09,low,none,0.8947914,0.0013916008,0.022494474,0.08132248,none
A005591,R07,8150.91,high,none,0.9205463,0.012269438,0.013562573,0.05362171,none
A012304,R02,6576.95,high,none,0.9139214,0.005585091,0.059224084,0.02126941,none
A016537,R04,1057.06,low,none,0.954632,0.004655003,0.011924845,0.028788198,none
A022637,R09,7511.55,high,none,0.89831495,0.016435921,0.014541576,0.07070752,none
A022084,R00,19304.85,high,none,0.83747077,0.040699128,0.08023389,0.04159617,none
A010185,R08,16235.68,high,none,0.85330313,0.018788815,0.033190485,0.09471762,none
A009286,R06,79631.82,high,none,0.883488,0.0031817185,0.0711666,0.04216369,none
A024564,R02,3806.11,low,none,0.8965027,0.026337368,0.03623679,0.04092317,none
A012159,R00,10212.04,high,none,0.93442947,0.02547598,0.015598781,0.024495795,none
A019967,R04,14253.49,high,none,0.91441476,0.024762958,0.030255774,0.030566473,none
A014712,R00,5208.97,high,none,0.84942156,0.040438633,0.0056525394,0.104487285,none
A003433,R00,1309.03,low,none,0.9444933,0.009047009,0.022551725,0.023908012,none
A012630,R05,1381.69,low,none,0.8925368,0.01999444,0.05457239,0.03289634,none
A022099,R09,2157.34,low,none,0.95868284,0.0070642806,0.008371614,0.025881257,none
A033827,R07,7675.51,high,none,0.90718085,0.0572596,0.01776814,0.017791409,none
A017732,R01,2269.37,low,none,0.9047473,0.027128126,0.031385966,0.03673858,none
A019640,R08,1691.72,low,none,0.85586286,0.0060027856,0.04714534,0.090989016,none
A036279,R00,1653.67,low,none,0.81529677,0.14848714,0.023585415,0.012630676,none
A021569,R02,890.87,low,none,0.85587114,0.0077931443,0.005210315,0.13112536,none
A002718,R05,6205.52,high,dormant,0.47704595,0.013889632,0.012935765,0.49612868,dormant
A006556,R04,10728.39,high,none,0.8320617,0.09154451,0.050195772,0.026198016,none
A033339,R04,3524.18,low,none,0.92792815,0.023518834,0.0058013014,0.04275172,none
A027081,R04,5194.01,high,none,0.7817726,0.00802236,0.036258496,0.1739465,none
A025340,R05,3482.66,low,none,0.95547295,0.010021485,0.009654679,0.024850857,none
A034026,R07,690.53,low,none,0.88516325,0.010675599,0.005075377,0.0990858,none
A037292,R05,2853.6,low,none,0.8540715,0.065060936,0.049538355,0.031329244,none
A021742,R08,14631.92,high,none,0.92906594,0.037782643,0.0024603526,0.030691076,none
A024103,R06,5184.76,high,dormant,0.7420811,0.035862707,0.019072946,0.20298326,none
A014103,R00,20825.77,high,none,0.83335704,0.05067279,0.007993912,0.10797624,none
A039384,R05,3478.48,low,none,0.86713547,0.020250954,0.08035372,0.03225979,none
A013138,R00,3645.87,low,none,0.87543416,0.0074327216,0.02225498,0.09487815,none
A005055,R02,6541.82,high,none,0.8902981,0.012245557,0.070653394,0.026802896,none
A007870,R05,10697.33,high,none,0.80230737,0.07917668,0.043054502,0.07546146,none
A004397,R07,3592.7,low,none,0.9422721,0.01513386,0.013580647,0.029013293,none
A018849,R02,13039.0,high,none,0.84880894,0.010753798,0.040548567,0.09988871,none
A027844,R01,3033.38,low,none,0.83508956,0.038777813,0.035140917,0.09099174,none
A033199,R05,5586.04,high,none,0.8816987,0.010971631,0.0134530915,0.09387648,none
A017165,R04,3574.09,low,none,0.84789896,0.03474869,0.06911652,0.04823583,none
A027326,R09,2366.02,low,none,0.95190793,0.013081091,0.016571103,0.01843983,none
A004523,R04,11264.84,high,none,0.839085,0.025694652,0.04256399,0.09265634,none
A025792,R03,15022.58,high,none,0.93513376,0.041494686,0.003248945,0.020122634,none
A003828,R08,3360.88,low,none,0.8515757,0.076337844,0.05383045,0.018256068,none
A014874,R03,4228.09,low,none,0.8895682,0.014259455,0.065257356,0.030914929,none
A033222,R06,1217.53,low,dormant,0.8681903,0.01094041,0.03347545,0.087393835,none
A012506,R04,9892.03,high,none,0.9636217,0.015642174,0.006862472,0.01387363,none
A039317,R01,4327.44,low,none,0.9066617,0.03910629,0.01697601,0.037255995,none
A028611,R04,4338.7,low,none,0.7884369,0.019215668,0.07181557,0.1205319,none
A029434,R06,1479.87,low,none,0.9697102,0.00059613655,0.006782314,0.022911305,none
A027674,R02,83112.66,high,none,0.69495696,0.021550361,0.044177476,0.23931517,none
A038403,R00,2835.41,low,none,0.88863283,0.017754784,0.010635421,0.08297691,none
A038993,R00,7637.53,high,none,0.91126627,0.023035223,0.042259175,0.02343932,none
A015762,R01,25798.42,high,none,0.8830694,0.013848878,0.009516846,0.09356486,none
A027185,R06,4827.26,low,none,0.8596501,0.037903775,0.06779157,0.03465457,none
A024099,R09,4471.55,low,none,0.9032506,0.034763444,0.035283152,0.026702886,none
A002351,R00,10809.78,high,none,0.8874287,0.044642773,0.035733484,0.032194983,none
A006395,R02,26008.22,high,none,0.8568792,0.032736093,0.048067365,0.06231738,none
A028698,R00,1110.56,low,none,0.91309714,0.0013360627,0.013699474,0.07186727,none
A034108,R09,4403.47,low,none,0.8764753,0.024387492,0.06671046,0.032426756,none
A024583,R09,51807.19,high,none,0.9236218,0.02624093,0.028871067,0.021266274,none
A006959,R06,2927.6,low,none,0.8856811,0.010730946,0.0044068033,0.099181145,none
A018368,R00,12180.54,high,none,0.9085985,0.026332514,0.031879447,0.033189576,none
A025710,R00,6473.32,high,none,0.9608661,0.012583133,0.0037163245,0.022834446,none
A031286,R08,2968.56,low,none,0.85200304,0.019104525,0.028374381,0.100518025,none
A035648,R05,1030.22,low,dormant,0.88727474,0.014458264,0.04149693,0.05677008,none
A018394,R02,6346.77,high,none,0.93670034,0.022422478,0.01099888,0.029878303,none
A001820,R08,1985.75,low,none,0.9375834,0.041605294,0.0062017296,0.0146096,none
A036380,R08,15969.84,high,none,0.8959589,0.024581965,0.052609336,0.026849752,none
A016336,R09,874.74,low,none,0.9642291,0.016553726,0.004189682,0.015027515,none
A021480,R06,18050.37,high,none,0.95050204,0.023916079,0.003469096,0.022112804,none
A018791,R03,4619.23,low,none,0.8169915,0.059337985,0.03206614,0.09160437,none
A005012,R03,5559.01,high,dormant,0.8717744,0.029503116,0.0145649975,0.08415753,none
A017319,R09,1878.38,low,none,0.74100006,0.079597704,0.0726142,0.10678806,none
A005490,R07,5170.91,high,none,0.8547595,0.035265002,0.035019293,0.074956186,none
A038401,R09,3901.68,low,none,0.87677664,0.009836603,0.010746724,0.10263998,none
A019636,R06,2507.43,low,none,0.93642527,0.002763967,0.022476858,0.03833396,none
A025632,R08,5402.24,high,none,0.9230435,0.012410594,0.033647053,0.03089887,none
A019257,R02,2442.21,low,none,0.91413885,0.03545605,0.012098192,0.038306866,none
A025290,R02,495.97,low,none,0.8129631,0.07949024,0.06955371,0.037992887,none
A031079,R08,10166.14,high,none,0.9518813,0.030616593,0.0029018626,0.014600252,none
A016347,R04,2035.52,low,none,0.9020781,0.065968096,0.014702261,0.01725153,none
A016057,R05,11267.69,high,none,0.68589103,0.03457677,0.027384443,0.25214776,none
A024227,R06,3841.54,low,none,0.734916,0.011646082,0.030211449,0.22322649,none
A012872,R01,5773.76,high,none,0.87689096,0.012369866,0.016437095,0.094302125,none
A020755,R03,408.27,low,none,0.8850173,0.014654648,0.07135266,0.028975388,none
A015698,R00,4224.01,low,large_withdrawal,0.9563388,0.015057076,0.00825284,0.020351285,none
A018841,R04,13486.62,high,none,0.9342111,0.017418245,0.024561994,0.02380873,none
A020565,R03,1617.91,low,none,0.86618334,0.019625597,0.08697856,0.027212515,none
A023994,R01,4410.39,low,dormant,0.8878533,0.0053028683,0.015290534,0.09155322,none
A022229,R08,28311.64,high,none,0.9626877,0.008785581,0.00459604,0.023930674,none
A006719,R05,2571.18,low,none,0.84023726,0.0035791055,0.04467621,0.111507446,none
A007651,R04,23074.81,high,none,0.8669007,0.048850883,0.04928116,0.034967296,none
A013732,R03,5393.85,high,none,0.9215007,0.008981502,0.04450508,0.025012737,none
A015554,R07,1758.11,low,none,0.91807246,0.012103662,0.029548008,0.040275846,none
A015316,R02,1734.23,low,none,0.93139446,0.012504491,0.025010616,0.031090451,none
A018481,R01,744.78,low,none,0.82789767,0.014699957,0.054232676,0.10316969,none
A013504,R01,2683.49,low,dormant,0.5210645,0.023335727,0.009970747,0.445629,none
A031615,R03,1176.93,low,none,0.8835175,0.030286748,0.0042649047,0.08193087,none
A024005,R09,9697.08,high,none,0.90674293,0.04187514,0.03327329,0.018108658,none
A025869,R02,871.92,low,none,0.9580219,0.019939192,0.0041940375,0.01784487,none
A015802,R08,2735.21,low,none,0.9206711,0.026723592,0.02943975,0.023165628,none
A028096,R05,5807.26,high,none,0.95701647,0.0045891725,0.008178062,0.030216355,none
A026583,R01,12412.66,high,none,0.8024482,0.019939642,0.06568451,0.11192762,none
A005847,R06,2194.48,low,none,0.90814227,0.015479327,0.004476284,0.07190214,none
A014881,R00,23082.08,high,none,0.9385158,0.03306592,0.005260107,0.023158139,none
A030109,R09,9576.49,high,none,0.8603963,0.056729272,0.063646294,0.019228118,none
A011999,R02,17440.39,high,large_withdrawal,0.9273139,0.026606783,0.018524187,0.027555043,none
A003448,R03,7171.21,high,none,0.941197,0.034363054,0.0055427896,0.01889724,none
A009848,R04,11417.6,high,none,0.9527586,0.024635201,0.003852482,0.018753724,none
A018462,R06,4551.63,low,none,0.971493,0.008552159,0.0031766915,0.016778098,none
A036575,R07,10069.89,high,none,0.93646026,0.042664565,0.0059013613,0.0149738435,none
A018780,R05,8024.81,high,none,0.95111865,0.027336994,0.0050511267,0.01649322,none
A012847,R04,6077.73,high,none,0.95971435,0.004045026,0.008071568,0.02816899,none
A013560,R05,23151.62,high,none,0.8888753,0.011362791,0.014363905,0.085398,none
A022278,R08,586.51,low,dormant,0.8699736,0.011818805,0.017879857,0.100327715,none
A025027,R08,4638.49,low,none,0.6314265,0.024733767,0.046365898,0.29747382,none
A026982,R08,1143.59,low,none,0.90490776,0.0090247905,0.015061737,0.071005754,none
A015231,R08,3048.51,low,dormant,0.741835,0.009727621,0.028611733,0.21982567,none
A026467,R07,4349.17,low,none,0.94012666,0.013938903,0.02140257,0.024531942,none
A014182,R05,1579.23,low,none,0.8359745,0.09471407,0.046736363,0.022575002,none
A006388,R09,6287.72,high,dd_stop,0.86751735,0.052843075,0.057998724,0.021640835,none
A037790,R05,3820.14,low,none,0.8940547,0.028164893,0.044632692,0.033147663,none
A005454,R02,10426.6,high,none,0.91770357,0.002410172,0.04304098,0.036845293,none
A030994,R03,19664.62,high,none,0.8968861,0.044608608,0.032894213,0.025611121,none
A006202,R08,3968.89,low,none,0.9336905,0.047177114,0.006806107,0.012326272,none
A001264,R07,4743.35,low,dormant,0.7846279,0.090090655,0.058035403,0.06724598,none
A001351,R05,15621.56,high,none,0.91009355,0.024395011,0.015246503,0.050264906,none
A010166,R06,14094.54,high,none,0.9015164,0.02812994,0.04373985,0.026613818,none
A037401,R08,1935.63,low,none,0.8782725,0.03051374,0.057315014,0.033898707,none
A001893,R03,12145.26,high,none,0.93401194,0.02186655,0.026222043,0.017899424,none
A031890,R06,1484.72,low,none,0.95727056,0.02328468,0.005925818,0.0135188745,none
A004656,R01,2450.8,low,dd_stop,0.804509,0.051088467,0.03982707,0.10457543,none
A029365,R01,18674.41,high,none,0.8512718,0.0005912526,0.044725906,0.10341097,none
A009943,R06,2723.22,low,large_withdrawal,0.94092995,0.023233712,0.010474891,0.025361456,none
A013827,R00,12599.05,high,dormant,0.82665765,0.06325231,0.032571472,0.077518545,none
A004467,R05,1302.33,low,none,0.9314734,0.01093318,0.03622805,0.021365425,none
A021783,R00,1140.29,low,none,0.92237836,0.055432156,0.0042894045,0.017900102,none
A025474,R01,10742.56,high,dormant,0.6865449,0.022666564,0.021382755,0.26940575,none
A002135,R00,2922.25,low,none,0.8300833,0.032735918,0.110200346,0.026980413,none
A009899,R06,1131.32,low,none,0.83354735,0.0008758603,0.076379344,0.08919746,none
A010433,R08,13823.67,high,dd_stop,0.8612869,0.0045532207,0.08858534,0.045574564,none
A034619,R08,177.83,low,none,0.71697223,0.09052284,0.0385157,0.15398924,none
A012424,R07,2900.86,low,none,0.9378431,0.025452217,0.015906516,0.020798128,none
A030881,R09,3510.33,low,dd_stop,0.8176863,0.04979588,0.10310802,0.029409755,none
A014709,R07,6166.33,high,none,0.90262824,0.01655529,0.059262298,0.021554135,none
A015991,R07,13206.45,high,none,0.8762451,0.047319278,0.05497535,0.021460237,none
A011794,R03,43273.87,high,none,0.94174147,0.006320919,0.01809872,0.033838887,none
A010564,R09,10833.92,high,none,0.9548766,0.017229833,0.0053579095,0.022535635,none
A031284,R06,7215.13,high,none,0.9049343,0.005240605,0.0040405565,0.08578454,none
A023022,R00,6735.19,high,none,0.9123078,0.057616826,0.011067765,0.019007599,none
A012125,R01,8025.8,high,none,0.88600606,0.0058171176,0.0075788014,0.100598045,none
A007274,R01,8018.45,high,none,0.8306709,0.010695544,0.033910025,0.12472359,none
A028099,R08,6665.41,high,none,0.9042823,0.007917911,0.010957981,0.07684178,none
A018513,R04,3941.92,low,none,0.83625036,0.06842557,0.051859654,0.043464437,none
A010620,R09,20275.88,high,none,0.8911072,0.0012872813,0.009755261,0.097850285,none
A034703,R03,4858.11,low,none,0.934977,0.02629291,0.016982963,0.02174716,none
A012209,R01,5471.15,high,none,0.92934376,0.014403569,0.035843242,0.020409385,none
A029308,R03,8549.21,high,dormant,0.8363207,0.045435227,0.049393278,0.068850756,none
A014572,R06,16820.96,high,large_withdrawal,0.88318187,0.03832865,0.0034864922,0.07500293,none
A005609,R00,8826.29,high,none,0.88206995,0.009930179,0.078073524,0.029926307,none
A033574,R07,3566.16,low,none,0.9000357,0.009240765,0.03408558,0.056637973,none
A030403,R09,8200.38,high,none,0.9044347,0.012916579,0.054026198,0.028622543,none
A033386,R07,2353.79,low,none,0.6973195,0.07678232,0.06824119,0.15765695,none
A027049,R04,2229.62,low,none,0.94447345,0.028210146,0.005323608,0.02199282,none
A017321,R09,8798.24,high,none,0.90745,0.009350767,0.0029759572,0.080223255,none
A006059,R09,1712.97,low,none,0.88765126,0.027194966,0.039471027,0.04568273,none
A026778,R06,43111.45,high,none,0.8899807,0.023429302,0.057999805,0.028590182,none
A021512,R04,5677.79,high,dormant,0.6137791,0.031450834,0.03075457,0.32401553,none
A023345,R07,1555.21,low,none,0.92375624,0.0005334734,0.015665501,0.060044847,none
A039878,R07,3710.91,low,none,0.9179985,0.024925541,0.013510823,0.043565076,none
A018651,R05,11623.96,high,none,0.8663907,0.042297065,0.013490803,0.0778214,none
A023436,R09,3355.22,low,none,0.8383199,0.0077988277,0.05194539,0.10193589,none
A028309,R07,3916.02,low,none,0.94845486,0.014155675,0.012235234,0.025154224,none
A022596,R01,1230.89,low,none,0.9459561,0.009019892,0.014526344,0.030497666,none
A032355,R02,1829.19,low,none,0.83574647,0.046230007,0.063582025,0.054441515,none
A037490,R01,7082.32,high,none,0.700413,0.018172223,0.006977362,0.27443746,none
A020312,R03,1324.54,low,none,0.8675648,0.000989646,0.022769162,0.10867645,none
A033921,R06,9630.32,high,none,0.96459854,0.016012918,0.004551168,0.014837378,none
A013640,R01,3230.67,low,none,0.91868293,0.047922783,0.0073598507,0.026034368,none
A030013,R05,2528.41,low,none,0.93102986,0.027675562,0.0062919203,0.035002634,none
A013959,R04,1990.36,low,dormant,0.81414104,0.07371206,0.015508959,0.09663792,none
A023932,R08,5645.52,high,none,0.81154364,0.06357436,0.043754306,0.08112769,none
A030619,R02,1627.95,low,none,0.8282497,0.0060089137,0.024657229,0.14108415,none
A020352,R00,7398.59,high,none,0.9541707,0.023380127,0.0037386355,0.01871056,none
A023271,R04,3884.88,low,none,0.8007208,0.024070835,0.06556663,0.10964171,none
A022416,R02,3069.77,low,none,0.88893497,0.048259497,0.030924147,0.031881396,none
A012187,R05,9897.37,high,none,0.9543507,0.020671546,0.006700948,0.018276865,none
A000397,R05,17235.3,high,none,0.93295985,0.019941483,0.026341034,0.02075758,none
A012504,R01,9281.53,high,none,0.86451966,0.040453207,0.063089125,0.03193803,none
A008415,R01,1909.97,low,none,0.93600357,0.030227635,0.008397309,0.025371509,none
A011469,R07,882.69,low,none,0.96616167,0.014275172,0.003165133,0.016398046,none
A031495,R05,7806.05,high,dormant,0.6606886,0.026618803,0.012280663,0.300412,none
A022789,R07,6231.16,high,none,0.96695405,0.00071725645,0.010942948,0.02138575,none
A012256,R04,4028.83,low,none,0.874332,0.066059835,0.043171573,0.01643663,none
A010921,R08,2469.86,low,none,0.9182973,0.02021729,0.032879323,0.028606115,none
A019796,R02,1500.28,low,none,0.85485905,0.009015551,0.030111633,0.106013805,none
A020705,R03,10575.35,high,none,0.94322187,0.032053724,0.005105001,0.019619437,none
A039867,R01,2580.08,low,none,0.9124636,0.0249662,0.019864844,0.042705335,none
A014451,R04,7126.91,high,none,0.85830563,0.02098978,0.03290846,0.08779609,none
A008083,R05,3003.37,low,none,0.8215077,0.07106592,0.06869865,0.038727712,none
A039203,R04,11104.66,high,none,0.9573587,0.014979302,0.0065357704,0.021126237,none
A037651,R05,1815.84,low,none,0.8888042,0.016473437,0.062165365,0.032556977,none
A010475,R05,17238.57,high,none,0.8658478,0.012987568,0.08978064,0.03138396,none
A028932,R02,1980.73,low,none,0.90999323,0.03617646,0.030442726,0.02338753,none
A033037,R09,3087.5,low,none,0.92213756,0.029243115,0.016435053,0.03218423,none
A014929,R07,5579.35,high,none,0.946814,0.025247244,0.0060323733,0.021906396,none
A039954,R02,10515.08,high,large_withdrawal,0.8694745,0.044705275,0.005975571,0.079844706,none
A024512,R02,10852.94,high,none,0.6713124,0.0142523125,0.011889766,0.30254558,none
A019860,R05,5289.36,high,none,0.94408005,0.029447617,0.0069170296,0.019555338,none
A000567,R08,4142.15,low,dd_stop,0.862132,0.00249933,0.029726861,0.10564182,none
A019203,R07,9881.07,high,none,0.91634524,0.02793035,0.028762823,0.026961625,none
A013460,R02,24209.27,high,none,0.82945395,0.028565582,0.06354853,0.07843195,none
A023980,R05,422.05,low,none,0.9104128,0.025125246,0.029993623,0.03446835,none
A015774,R07,14874.85,high,none,0.89907146,0.015925415,0.05574343,0.029259764,none
A006858,R06,20843.25,high,none,0.94556665,0.026052708,0.008933174,0.01944744,none
A028871,R03,2752.77,low,none,0.75897497,0.012839273,0.009264261,0.21892154,none
A032576,R08,2951.1,low,none,0.9090278,0.019537339,0.029572058,0.04186279,none
A011052,R04,18262.79,high,none,0.77353084,0.0015654188,0.03065914,0.19424455,none
A008359,R07,1228.86,low,none,0.9264783,0.019798098,0.04033837,0.013385222,none
A004109,R07,50750.08,high,none,0.8734983,0.031304907,0.020757245,0.074439526,none
A026171,R09,29907.68,high,none,0.92091954,0.028910555,0.02911615,0.021053778,none
A001588,R08,11228.2,high,none,0.90296197,0.008827782,0.052980993,0.03522926,none
A019317,R08,4936.11,low,none,0.8743558,0.051629543,0.03357297,0.04044164,none
A003193,R00,18893.13,high,none,0.8480378,0.019871606,0.09779697,0.034293685,none
A012658,R04,14360.15,high,none,0.88348,0.074849375,0.017169524,0.024501162,none
A022255,R03,7433.03,high,none,0.8990174,0.014140668,0.005018418,0.08182356,none
A004436,R07,5558.23,high,large_withdrawal,0.8796503,0.092716515,0.007154937,0.020478256,none
A027657,R02,11576.73,high,none,0.9491146,0.017352907,0.010406631,0.023125825,none
A013784,R09,1840.14,low,large_withdrawal,0.88717866,0.02028064,0.07417365,0.01836705,none
A033892,R03,4038.06,low,none,0.81815994,0.035892263,0.05087697,0.095070794,none
A019883,R00,2482.5,low,none,0.8720284,0.015955735,0.007989878,0.104025975,none
A038212,R05,28720.34,high,none,0.93270975,0.012371483,0.024811763,0.030106984,none
A016641,R08,4359.34,low,none,0.85858285,0.021306537,0.01917886,0.10093171,none
A034341,R08,6589.25,high,none,0.89896595,0.04430437,0.03408939,0.02264027,none
A000902,R04,2869.51,low,none,0.8641927,0.029137071,0.014509595,0.09216062,none
A007684,R02,1828.06,low,dd_stop,0.9107274,0.017327255,0.04218813,0.029757231,none
A007442,R07,40438.52,high,none,0.8891028,0.018885817,0.005759282,0.08625205,none
A024405,R08,4515.51,low,none,0.8828634,0.043001585,0.04210602,0.03202892,none
A014407,R05,656.0,low,none,0.7593114,0.09124928,0.1316383,0.01780102,none
A010134,R03,9498.47,high,none,0.8762145,0.039267905,0.05411026,0.030407306,none
A038790,R08,313.36,low,none,0.8235935,0.036686037,0.040553566,0.09916688,none
A031936,R02,5848.41,high,none,0.85740596,0.02315425,0.030322907,0.0891169,none
A021865,R08,7440.78,high,none,0.95639825,0.010181296,0.014236503,0.019183937,none
A007282,R04,3098.22,low,none,0.8625754,0.063440196,0.051071297,0.022913065,none
A027597,R00,9002.3,high,none,0.9167202,0.045906767,0.015394339,0.021978693,none
A014791,R00,663.43,low,none,0.91744953,0.029552115,0.0066102333,0.04638807,none
A036935,R03,5460.64,high,none,0.8908272,0.0702498,0.0069115055,0.03201149,none
A034626,R06,6182.51,high,none,0.92414355,0.04428483,0.006286648,0.025284942,none
A011871,R00,8531.13,high,none,0.6299174,0.0167604,0.033221025,0.32010117,none
A013026,R08,2628.1,low,none,0.9456477,0.029397061,0.0048382212,0.020117057,none
A013016,R07,1859.4,low,none,0.9388623,0.0007200786,0.016882407,0.043535177,none
A031642,R06,11231.76,high,none,0.9062729,0.035778537,0.031567223,0.026381303,none
A009901,R04,27279.09,high,none,0.916304,0.028498596,0.009138664,0.046058774,none
A024973,R08,3253.23,low,dormant,0.3583197,0.015247171,0.017935112,0.60849804,dormant
A039382,R07,3955.01,low,none,0.9341656,0.027349386,0.009178316,0.029306702,none
A021699,R00,4686.45,low,none,0.91733855,0.047439966,0.01386277,0.021358753,none
A023846,R03,2715.36,low,none,0.96641505,0.0090764165,0.0032462943,0.02126232,none
A036838,R08,2991.66,low,large_withdrawal,0.89681756,0.018557312,0.04994515,0.034679998,none
A029402,R09,746.42,low,none,0.9290209,0.0238726,0.018107565,0.02899898,none
A018734,R09,826.81,low,none,0.9002634,0.02690747,0.046329368,0.026499702,none
A011405,R05,24857.91,high,none,0.9257477,0.034792956,0.014773878,0.024685431,none
A027170,R09,3531.63,low,none,0.8987417,0.0010169474,0.032623276,0.067618035,none
A023003,R04,875.6,low,none,0.88681185,0.01299508,0.0028716088,0.09732144,none
A019321,R08,5037.1,high,none,0.8463556,0.001074948,0.024127621,0.12844183,none
A023497,R00,13248.85,high,none,0.89421105,0.07427373,0.008682195,0.022833034,none
A019981,R07,4351.78,low,none,0.81226844,0.008405651,0.026222203,0.15310371,none
A012732,R05,7538.96,high,none,0.9344119,0.025937865,0.025441797,0.014208457,none
A017080,R01,3362.2,low,none,0.7693938,0.09755529,0.07744045,0.0556105,none
A023998,R01,2030.35,low,none,0.91357905,0.023067966,0.03998955,0.02336339,none
A009760,R02,1850.81,low,none,0.8749641,0.034465153,0.022194702,0.068376005,none
A037387,R00,1465.36,low,none,0.94139785,0.003961216,0.021292666,0.03334822,none
A002182,R03,101.98,low,none,0.89406675,0.037138026,0.017399844,0.051395353,none
A001074,R03,3647.29,low,none,0.7366244,0.07087435,0.017440762,0.17506045,none
A002298,R04,9308.25,high,none,0.92035997,0.051914256,0.0043660826,0.023359718,none
A022878,R08,8381.23,high,dormant,0.75264907,0.03267407,0.08033621,0.13434067,none
A002020,R02,4312.84,low,none,0.798264,0.028295033,0.07453792,0.09890303,none
A002873,R01,24669.61,high,none,0.916073,0.0029311131,0.03462834,0.046367496,none
A006218,R08,2282.61,low,dormant,0.81368625,0.019599363,0.050788045,0.11592633,none
A007392,R01,2531.61,low,none,0.90425634,0.033965368,0.037305325,0.024472956,none
A037750,R00,6505.4,high,dd_stop,0.9509371,0.01695983,0.00672587,0.025377156,none
A006679,R05,3014.25,low,none,0.76142985,0.09571662,0.04317051,0.099683024,none
A002573,R06,2679.55,low,none,0.77791244,0.04647304,0.07110507,0.104509465,none
A031831,R02,1966.65,low,none,0.8649534,0.0021316563,0.073094904,0.05982005,none
A030036,R09,9291.57,high,none,0.9447797,0.019941058,0.006151141,0.029128173,none
A017615,R08,37301.35,high,none,0.9213059,0.030645858,0.012570044,0.035478264,none
A023570,R02,3577.31,low,none,0.87262183,0.06135763,0.03633559,0.02968494,none
A035609,R07,21428.15,high,none,0.90562123,0.017885324,0.03818067,0.038312823,none
A023758,R05,15873.9,high,none,0.9559434,0.0103347385,0.005563369,0.028158449,none
A026325,R05,36120.24,high,none,0.9593603,0.010370462,0.005722669,0.02454659,none
A004682,R05,3437.95,low,none,0.8526657,0.106918655,0.024891097,0.015524487,none
A039763,R09,1398.42,low,none,0.9122641,0.040794335,0.025164757,0.021776754,none
A032717,R03,25631.17,high,none,0.9278859,0.036523245,0.007679287,0.02791153,none
A030315,R08,4032.36,low,none,0.9582676,0.005296262,0.014629753,0.021806346,none
A007163,R08,1887.4,low,none,0.25816453,0.03125014,0.03829156,0.6722938,dormant
A016633,R05,5238.25,high,none,0.94226885,0.025468903,0.013156256,0.019105935,none
A003906,R09,4303.11,low,none,0.85625106,0.0155695,0.026243618,0.10193584,none
A018216,R07,10912.66,high,none,0.843625,0.04160322,0.052817237,0.06195457,none
A003320,R09,2755.58,low,none,0.8297716,0.06086975,0.0777851,0.031573597,none
A025107,R03,3054.04,low,none,0.9171425,0.05315959,0.007746379,0.021951562,none
A016547,R02,5992.49,high,none,0.9203313,0.047119036,0.014438393,0.018111257,none
A010611,R02,4002.0,low,none,0.79536074,0.075303994,0.09657824,0.032757025,none
A020986,R06,2341.04,low,none,0.9250388,0.017311295,0.035008013,0.022641903,none
A033396,R05,4860.41,low,large_withdrawal,0.91144687,0.051169854,0.016105501,0.021277789,none
A038192,R03,1376.96,low,none,0.90618473,0.04166013,0.025082683,0.02707253,none
A033350,R04,7936.01,high,none,0.8988767,0.03176472,0.044780187,0.024578322,none
A004232,R08,5291.66,high,none,0.92820805,0.0043138126,0.039802108,0.027676038,none
A032497,R00,247.16,low,none,0.91668755,0.026986964,0.022112826,0.034212664,none
A036951,R09,11539.78,high,none,0.96319723,0.018814545,0.003120686,0.014867527,none
A032787,R03,1044.21,low,none,0.92735636,0.029697038,0.022520913,0.020425716,none
A016606,R03,562.82,low,dd_stop,0.9028372,0.020499144,0.053453326,0.023210334,none
A039061,R05,6513.34,high,none,0.9031108,0.0008294522,0.07191937,0.024140371,none
A003252,R02,8633.99,high,none,0.9570959,0.020847041,0.003649009,0.018408062,none
A021572,R04,4855.97,low,none,0.84987044,0.0539871,0.06745658,0.02868589,none
A012461,R01,407.64,low,none,0.90820694,0.06593991,0.007191894,0.018661302,none
A028735,R07,14011.0,high,none,0.9569423,0.01794461,0.0051392294,0.019973846,none
A026747,R04,9790.27,high,none,0.96731055,0.014083932,0.0029586744,0.015646873,none
A011252,R05,9085.52,high,none,0.9531259,0.02075595,0.007681513,0.018436637,none
A020410,R04,3563.81,low,none,0.92183214,0.036325503,0.021467462,0.020374851,none
A027078,R08,3902.67,low,none,0.9268117,0.014412283,0.031676233,0.027099809,none
A036543,R07,11698.19,high,dormant,0.8122841,0.022284172,0.07387339,0.09155839,none
A039187,R00,7673.04,high,none,0.896405,0.074709386,0.013411643,0.015474034,none
A039431,R06,3839.24,low,none,0.9051508,0.036812827,0.03226848,0.02576789,none
A016500,R01,14442.13,high,none,0.9038824,0.036341205,0.035084095,0.024692312,none
A034152,R07,3729.66,low,none,0.8000086,0.10417596,0.070512414,0.025303023,none
A005552,R00,3160.21,low,dormant,0.8919381,0.017599702,0.00366997,0.08679226,none
A006166,R06,3369.41,low,none,0.79216856,0.00807339,0.08245795,0.11730012,none
A027069,R08,2865.11,low,none,0.62238663,0.015835155,0.07350549,0.28827268,none
A035873,R01,3681.5,low,none,0.8661465,0.03057645,0.058732323,0.04454475,none
A036810,R01,10588.86,high,none,0.93510914,0.020729057,0.019147601,0.0250142,none
A026679,R00,5281.27,high,none,0.8444644,0.09792717,0.03891117,0.018697215,none
A013436,R09,10152.73,high,none,0.91024107,0.05328392,0.013755309,0.022719683,none
A038144,R03,2350.57,low,none,0.9028165,0.0628057,0.006606041,0.02777174,none
A010021,R05,9173.88,high,none,0.94207174,0.03256945,0.0071420847,0.018216712,none
A008900,R08,22612.95,high,none,0.84546703,0.028443832,0.035112184,0.09097696,none
A003103,R01,13901.4,high,none,0.8561344,0.021957176,0.07943814,0.042470213,none
A003261,R06,5731.88,high,large_withdrawal,0.90830314,0.011825752,0.054242466,0.025628675,none
A025058,R04,1225.93,low,none,0.88637143,0.061040856,0.03592107,0.016666576,none
A000671,R03,7811.02,high,none,0.9010094,0.017102327,0.057843477,0.024044886,none
A033352,R05,11567.38,high,none,0.92172134,0.0011227749,0.03900078,0.038155094,none
A028433,R00,21923.34,high,none,0.8882926,0.045640513,0.03723814,0.02882878,none
A023231,R03,9388.58,high,none,0.9596871,0.0010571877,0.010522048,0.028733648,none
A029525,R09,1457.48,low,none,0.91638535,0.022233171,0.030727385,0.030654114,none
A034565,R02,5829.11,high,none,0.9131439,0.047913086,0.014925071,0.024018029,none
A039903,R01,53405.94,high,none,0.9512489,0.0034985412,0.012757347,0.032495286,none
A006877,R09,6215.16,high,none,0.9376438,0.018129325,0.019033805,0.02519302,none
A023864,R03,19349.38,high,none,0.8928523,0.026660958,0.0054690777,0.07501765,none
A034051,R07,12464.32,high,none,0.87695235,0.03475188,0.06497571,0.023320025,none
A021432,R03,2419.91,low,none,0.7685525,0.082380705,0.034932937,0.11413392,none
A014598,R01,2015.99,low,none,0.94969517,0.004777198,0.00845446,0.03707322,none
A029436,R02,3387.66,low,none,0.8759265,0.007463001,0.029938918,0.086671524,none
A024690,R03,4574.74,low,none,0.91216075,0.011835777,0.010247877,0.065755635,none
A037141,R03,3284.22,low,none,0.92833316,0.006310811,0.036569506,0.028786503,none
A039979,R01,10937.75,high,none,0.95022744,0.01809068,0.0055541308,0.026127705,none
A029709,R06,4272.99,low,none,0.8018709,0.044480085,0.054870788,0.098778225,none
A005162,R03,33090.76,high,none,0.8684334,0.00089786464,0.08108175,0.049587045,none
A034570,R01,3936.38,low,dd_stop,0.84463066,0.042091656,0.054786325,0.058491405,none
A000220,R02,4818.18,low,none,0.85853,0.022112377,0.013645109,0.105712585,none
A022325,R00,4225.62,low,none,0.9140945,0.013773092,0.0029394212,0.06919291,none
A009559,R03,16467.29,high,none,0.9055745,0.03425609,0.033299547,0.026869936,none
A012486,R01,3009.67,low,none,0.8604289,0.054829996,0.06278046,0.021960633,none
A034469,R06,11177.22,high,none,0.9047144,0.014414129,0.05360498,0.027266506,none
A011859,R01,22395.31,high,none,0.8468334,0.0055520535,0.018813863,0.12880066,none
A027682,R04,1846.34,low,none,0.82164294,0.03948565,0.008602749,0.1302687,none
A035911,R06,623.21,low,none,0.69809103,0.13614479,0.09105639,0.07470781,none
A018535,R05,4797.5,low,none,0.95113677,0.008881291,0.008181716,0.031800218,none
A037697,R06,1625.23,low,none,0.93531924,0.015442536,0.010743151,0.038495075,none
A014149,R00,593.84,low,none,0.88089925,0.01761365,0.016757496,0.084729634,none
A018088,R05,9120.54,high,none,0.87771744,0.016130343,0.02171462,0.08443756,none
A030695,R07,29958.8,high,none,0.91422254,0.05878138,0.007347098,0.019648986,none
A031445,R01,6123.43,high,dd_stop,0.7562572,0.022676509,0.07428085,0.14678544,none
A015327,R00,7151.27,high,none,0.9097255,0.060045116,0.011619725,0.01860967,none
A017479,R04,13829.28,high,none,0.89647806,0.07055525,0.0049509495,0.028015714,none
A027009,R00,9685.61,high,none,0.85731983,0.09038024,0.025675701,0.026624197,none
A025791,R00,3483.09,low,none,0.8767,0.038036723,0.0056323935,0.07963095,none
A036029,R06,4082.16,low,dormant,0.5620505,0.024674838,0.051903848,0.36137077,none
A031845,R09,2029.94,low,none,0.85362977,0.009317175,0.03983266,0.0972204,none
A023876,R08,9256.24,high,none,0.93130803,0.015270289,0.025338866,0.028082844,none
A004023,R05,6172.31,high,none,0.8451971,0.040879887,0.03293016,0.08099289,none
A029704,R09,7475.13,high,none,0.94149804,0.029935086,0.014729719,0.013837151,none
A018999,R00,1802.14,low,none,0.9733786,0.00601471,0.0043618367,0.016244791,none
A020040,R07,663.97,low,none,0.9538595,0.011449556,0.010694289,0.023996593,none
A011960,R06,8811.14,high,none,0.9334325,0.032608777,0.0142746195,0.019684112,none
A019238,R00,2651.41,low,none,0.8606848,0.01834413,0.0083900895,0.11258097,none
A016432,R05,1785.66,low,none,0.93814546,0.013435884,0.023646343,0.024772296,none
A026509,R09,11656.76,high,none,0.666996,0.02760647,0.013090133,0.2923074,none
A012628,R00,3154.05,low,none,0.94684184,0.001017176,0.018242145,0.033898767,none
A034079,R06,1825.3,low,none,0.8947203,0.054921817,0.033089142,0.0172687,none
A000208,R02,1012.77,low,dormant,0.8636973,0.012964568,0.022412987,0.10092517,none
A026237,R06,12306.96,high,none,0.85081863,0.0108367745,0.026627026,0.11171754,none
A011144,R06,3865.69,low,none,0.9025046,0.036191367,0.031248383,0.030055614,none
A032624,R01,3669.05,low,none,0.9438283,0.02045652,0.0049489364,0.03076626,none
A031956,R00,4035.03,low,none,0.7140361,0.011852204,0.013641394,0.2604703,none
A020805,R00,9722.44,high,none,0.95749557,0.0063456716,0.018724795,0.01743393,none
A010413,R08,5050.0,high,none,0.9210809,0.013250504,0.029324159,0.0363444,none
A012097,R05,5036.22,high,none,0.8870356,0.037750024,0.039975125,0.035239264,none
A007887,R09,19404.37,high,none,0.9681073,0.016961703,0.0041624554,0.010768525,none
A007111,R02,1020.8,low,none,0.8672061,0.015747381,0.006196933,0.11084957,none
A025509,R08,10808.51,high,none,0.94978344,0.012126113,0.007009959,0.03108043,none
A019684,R06,1090.4,low,none,0.93170255,0.04917396,0.003383911,0.015739612,none
A035663,R08,1000.92,low,dd_stop,0.6134166,0.010189416,0.040426217,0.33596772,none
A039622,R03,14025.97,high,none,0.8865061,0.0063408646,0.07856911,0.028583938,none
A015116,R08,7598.67,high,none,0.88968635,0.058138926,0.033504598,0.018670121,none
A020339,R07,8136.49,high,none,0.9410062,0.028745124,0.011878263,0.01837044,none
A016518,R02,2307.66,low,none,0.87841,0.0012000379,0.019805225,0.10058472,none
A002543,R08,2648.02,low,none,0.9662234,0.011211552,0.0024497062,0.02011529,none
A015194,R08,872.16,low,dormant,0.86723924,0.021649987,0.00314988,0.1079609,none
A022752,R02,1909.37,low,none,0.81611884,0.045264952,0.037696607,0.100919634,none
A029146,R07,5331.42,high,none,0.90008366,0.055680584,0.011492571,0.032743182,none
A014597,R06,3374.04,low,none,0.924675,0.0067121577,0.025777543,0.042835265,none
A028384,R08,6393.46,high,none,0.9323308,0.010814988,0.028879078,0.027975192,none
A030808,R00,20318.93,high,none,0.9458439,0.019290732,0.0129265245,0.021938844,none
A038893,R06,1127.15,low,none,0.9566576,0.010678903,0.0123233795,0.02034017,none
A001651,R05,2528.77,low,none,0.7821172,0.032085676,0.06919105,0.11660611,none
A003865,R00,2119.73,low,none,0.85261494,0.023155058,0.03589957,0.08833041,none
A027896,R09,5929.2,high,none,0.9300751,0.050984837,0.008955536,0.009984541,none
A017096,R04,2909.37,low,none,0.9111591,0.032642145,0.028598415,0.027600337,none
A034233,R09,8786.0,high,none,0.92339075,0.036907505,0.017163161,0.022538625,none
A007466,R07,8529.21,high,dd_stop,0.8774537,0.0213772,0.0749799,0.026189256,none
A028961,R06,15316.79,high,none,0.8297268,0.02367547,0.07338523,0.07321247,none
A008126,R08,4950.96,low,none,0.8948338,0.040909436,0.033142716,0.031113999,none
A016868,R01,1205.57,low,none,0.84897286,0.009795512,0.02500594,0.11622571,none
A026393,R03,3197.86,low,dd_stop,0.85502076,0.032305278,0.020353341,0.0923206,none
A000456,R03,11817.49,high,none,0.95982736,0.021193687,0.0030245252,0.01595447,none
A017156,R09,2581.96,low,none,0.8378211,0.068665266,0.06856547,0.024948074,none
A017091,R04,5840.42,high,none,0.817352,0.023195887,0.05092963,0.1085225,none
A036532,R03,30809.4,high,none,0.9055718,0.036663543,0.029677982,0.02808662,none
A000303,R07,3896.98,low,dd_stop,0.9413189,0.021985762,0.010498078,0.0261972,none
A028363,R07,13450.24,high,none,0.9595915,0.0010533821,0.010759118,0.028595954,none
A032823,R03,2244.09,low,none,0.8241852,0.0009721523,0.06317465,0.11166799,none
A022204,R00,951.59,low,large_withdrawal,0.88071066,0.027063126,0.0059349686,0.08629126,none
A027763,R09,841.53,low,none,0.92134655,0.02495782,0.033395145,0.020300452,none
A037503,R07,1575.35,low,none,0.95162696,0.012143759,0.0065458957,0.02968336,none
A016927,R00,10060.48,high,none,0.95228404,0.005540397,0.024723953,0.017451689,none
A033018,R09,3359.37,low,none,0.9038309,0.008037496,0.0045255306,0.08360612,none
A024206,R00,5966.51,high,none,0.94504386,0.030290658,0.0041889776,0.020476488,none
A034085,R02,11793.16,high,none,0.9370333,0.036483817,0.012745176,0.013737645,none
A025812,R00,1251.67,low,none,0.7507785,0.014314776,0.009680709,0.22522601,none
A021183,R00,1477.07,low,none,0.80143046,0.07827849,0.0641307,0.056160383,none
A035194,R04,27313.86,high,none,0.9694285,0.0068445974,0.008758808,0.01496815,none
A034625,R01,21973.12,high,none,0.75344527,0.040470358,0.048252463,0.15783195,none
A027748,R05,1407.36,low,none,0.91105807,0.0180911,0.033558805,0.0372921,none
A017327,R09,1175.92,low,none,0.9442115,0.012253165,0.020878937,0.022656405,none
A021316,R01,2717.18,low,none,0.85149163,0.02499142,0.023794336,0.09972263,none
A012084,R04,21523.7,high,none,0.89776516,0.05128823,0.02770609,0.023240553,none
A005267,R04,11760.71,high,none,0.96108174,0.008525644,0.006411991,0.023980573,none
A008787,R05,997.6,low,none,0.76761,0.10580374,0.047391757,0.079194486,none
A024620,R04,4995.7,high,none,0.9144075,0.013365459,0.030039664,0.04218739,none
A013429,R03,16795.76,high,none,0.920971,0.0015348403,0.038010884,0.03948333,none
A014126,R08,984.02,low,none,0.95779127,0.0010060791,0.013086142,0.028116457,none
A022700,R00,2843.76,low,none,0.8316124,0.06980296,0.016546655,0.08203803,none
A035695,R03,5729.05,high,none,0.8932589,0.046194516,0.03385451,0.026692057,none
A020717,R03,318.68,low,none,0.85267293,0.0710629,0.03735385,0.03891034,none
A024066,R05,20416.82,high,none,0.93446386,0.044407025,0.0041964375,0.016932746,none
A030244,R06,7693.02,high,none,0.9391215,0.030079542,0.008223999,0.022574957,none
A007147,R00,5208.84,high,none,0.9501097,0.0038064017,0.010920495,0.035163425,none
A032349,R00,2595.12,low,none,0.9312192,0.033342168,0.010868356,0.024570277,none
A035991,R06,9563.29,high,none,0.94451874,0.027536958,0.006588115,0.021356232,none
A039464,R04,2108.53,low,none,0.882001,0.0010841324,0.05857244,0.058342434,none
A012352,R06,5639.42,high,none,0.8268926,0.071320914,0.006730402,0.095056064,none
A022966,R08,18152.61,high,none,0.92156905,0.054526433,0.0057786754,0.018125867,none
A031486,R00,9635.88,high,none,0.8854671,0.030616833,0.053205904,0.030710148,none
A001072,R04,11470.82,high,none,0.9527508,0.010302851,0.0063881325,0.030558204,none
A024945,R09,3294.85,low,none,0.83606917,0.05303219,0.0059822034,0.10491641,none
A028701,R05,40582.26,high,none,0.93702346,0.014552568,0.018488886,0.029935062,none
A009748,R09,7347.65,high,none,0.91986746,0.04134795,0.013872487,0.024912123,none
A023610,R06,60353.3,high,none,0.9376231,0.00982123,0.012253946,0.04030174,none
A006215,R00,21850.52,high,none,0.95695937,0.0029521727,0.0025061527,0.03758229,none
A007743,R09,2611.67,low,none,0.9183266,0.044746872,0.012738545,0.0241879,none
A013350,R07,16100.92,high,none,0.88346195,0.021968132,0.018482367,0.076087564,none
A024457,R06,7168.76,high,none,0.9023,0.023772426,0.005344971,0.068582624,none
A005589,R06,2773.17,low,none,0.9307672,0.0010049256,0.023519266,0.044708684,none
A001085,R05,978.43,low,none,0.9240951,0.04650697,0.0071326583,0.022265302,none
A003226,R09,1323.17,low,none,0.9136141,0.016665287,0.047787357,0.021933265,none
A018151,R01,3727.23,low,none,0.86799324,0.062983565,0.04429939,0.024723824,none
A035105,R00,2172.04,low,none,0.8688077,0.017323304,0.07993748,0.033931535,none
A013600,R08,4670.65,low,none,0.910191,0.038690366,0.02299715,0.028121505,none
A017686,R01,18851.29,high,none,0.9110215,0.049770806,0.012659949,0.026547782,none
A028145,R08,4050.65,low,none,0.9252772,0.050049637,0.0061271065,0.018546134,none
A007672,R02,10756.08,high,none,0.9334099,0.041266024,0.006135329,0.0191887,none
A002400,R06,5039.64,high,none,0.54094553,0.002409246,0.015525353,0.44111985,none
A031300,R08,3617.62,low,none,0.8274918,0.08103059,0.071065865,0.020411728,none
A015094,R06,7171.98,high,none,0.9563134,0.01428355,0.013692404,0.015710633,none
A022317,R05,90608.81,high,dormant,0.83729905,0.035827573,0.048266105,0.07860722,none
A011272,R06,834.38,low,none,0.887555,0.038116824,0.034991395,0.039336823,none
A020974,R02,16299.62,high,dormant,0.7941448,0.042030133,0.01951489,0.14431018,none
A016435,R01,9837.25,high,none,0.79086995,0.03474489,0.07130864,0.1030765,none
A006778,R05,13766.18,high,none,0.8479706,0.015859978,0.019982822,0.11618659,none
A004049,R09,11360.91,high,none,0.9533566,0.014946251,0.014596583,0.017100496,none
A009159,R02,3979.4,low,dd_stop,0.89722425,0.03882775,0.025965065,0.03798294,none
A006182,R07,20035.52,high,none,0.9422676,0.024583096,0.013863498,0.019285798,none
A006211,R03,9995.47,high,none,0.9839393,0.0006718075,0.0034709075,0.011917935,none
A038540,R00,1465.46,low,dormant,0.96054584,0.009196595,0.005813073,0.024444457,none
A037994,R05,18409.15,high,none,0.9465741,0.022190357,0.0078052343,0.023430256,none
A020306,R01,1106.61,low,none,0.9153107,0.013887672,0.036732398,0.034069292,none
A013064,R03,7683.68,high,none,0.85446084,0.007847856,0.034402195,0.10328912,none
A024740,R00,7845.14,high,none,0.8515766,0.07756752,0.04873234,0.022123506,none
A016415,R02,958.22,low,none,0.8966603,0.056998555,0.031803194,0.014537898,none
A026055,R09,10735.93,high,none,0.54906106,0.018821595,0.03248246,0.39963487,none
A027830,R02,1301.8,low,none,0.9547668,0.0036478091,0.011917035,0.029668318,none
A003274,R01,22401.14,high,none,0.8951518,0.019676415,0.05389274,0.031279024,none
A017992,R04,1421.4,low,none,0.89730716,0.058113027,0.023973187,0.020606577,none
A007260,R01,3713.53,low,none,0.84027964,0.0152660785,0.024770483,0.119683824,none
A039758,R00,17618.5,high,none,0.9459674,0.001689148,0.015200469,0.03714296,none
A014920,R05,5461.76,high,dormant,0.92688954,0.01682144,0.027898643,0.028390344,none
A034257,R04,3487.39,low,none,0.8645908,0.009868364,0.029491585,0.096049204,none
A039687,R08,8534.27,high,none,0.90237,0.06496722,0.014530668,0.018132195,none
A009709,R00,1604.78,low,none,0.83157957,0.041725844,0.01579306,0.11090152,none
A011176,R00,2611.76,low,none,0.97355044,0.012617898,0.0026312636,0.011200416,none
A005644,R08,59164.69,high,none,0.88840455,0.063206196,0.016206043,0.03218326,none
A018418,R09,57032.42,high,none,0.95983815,0.012679248,0.0064306827,0.021051934,none
A008495,R07,4181.39,low,none,0.7624825,0.07634923,0.13134633,0.029821878,none
A004941,R09,1991.3,low,none,0.816553,0.019502241,0.057032816,0.106911995,none
A022058,R06,7707.32,high,none,0.85731333,0.048334334,0.015872886,0.07847944,none
A025542,R05,5624.98,high,none,0.96749806,0.0011516733,0.0062758387,0.02507444,none
A020958,R07,3503.16,low,none,0.89336026,0.0010903248,0.06939737,0.03615204,none
A005347,R01,1650.42,low,none,0.8811614,0.021254698,0.026988573,0.0705953,none
A002889,R02,12325.23,high,none,0.9009181,0.041053653,0.034285296,0.023742896,none
A002642,R04,13517.8,high,none,0.90047103,0.044111934,0.032988016,0.022429002,none
A006529,R05,28535.09,high,none,0.8975592,0.034375295,0.029535972,0.038529575,none
A039372,R06,6788.08,high,none,0.9020953,0.0653114,0.014817976,0.017775258,none
A017387,R01,7155.93,high,none,0.8898568,0.030554658,0.037796073,0.041792497,none
A006369,R09,24765.75,high,none,0.7731699,0.015716882,0.15714316,0.05397005,none
A023913,R02,4785.18,low,none,0.884107,0.06211761,0.03143364,0.022341784,none
A033278,R08,3257.11,low,none,0.9383437,0.0010995859,0.014571502,0.04598517,none
A012081,R02,1151.45,low,none,0.9098089,0.032408684,0.03185258,0.025929859,none
A032774,R02,6581.85,high,none,0.9489138,0.03434578,0.004433926,0.012306516,none
A018112,R07,3471.89,low,dormant,0.7411792,0.003275203,0.059622947,0.19592258,none
A005207,R09,10400.15,high,none,0.8966119,0.0068432884,0.005073419,0.09147135,none
A014731,R01,1983.98,low,none,0.88669693,0.008316593,0.006612273,0.09837422,none
A031115,R00,2098.27,low,none,0.8887177,0.0019039568,0.06839533,0.04098305,none
A034317,R04,35823.15,high,dormant,0.9315164,0.011334607,0.018949546,0.038199425,none
A023214,R09,10901.09,high,none,0.9575961,0.01835095,0.0067850193,0.017267948,none
A005102,R02,580.72,low,none,0.85271454,0.0151613485,0.07836559,0.05375853,none
A034402,R04,2595.03,low,none,0.89283824,0.0010726393,0.027287958,0.07880115,none
A017229,R01,31523.37,high,none,0.95049113,0.021114985,0.0039420906,0.024451783,none
A020690,R03,20758.76,high,none,0.93274164,0.048175216,0.0038383638,0.015244793,none
A002268,R02,4642.7,low,none,0.91343856,0.012522703,0.027404241,0.046634424,none
A006311,R07,1136.94,low,none,0.9171079,0.00087321753,0.05379739,0.02822145,none
A033328,R03,1925.27,low,none,0.93790287,0.012875108,0.027030991,0.022190994,none
A028469,R06,2214.87,low,none,0.94555146,0.015390304,0.016928772,0.022129545,none
A015922,R05,4496.81,low,none,0.78498966,0.120464474,0.06377604,0.03076984,none
A005971,R04,940.8,low,none,0.73476106,0.008398787,0.013599084,0.24324112,none
A014065,R03,4843.83,low,none,0.94388884,0.02381023,0.013706828,0.0185941,none
A038497,R02,2612.67,low,none,0.8321688,0.020663252,0.016765874,0.13040203,none
A029074,R02,1443.03,low,none,0.90292853,0.0072765276,0.054261077,0.03553383,none
A035185,R04,932.23,low,none,0.8743797,0.021808736,0.030113596,0.07369798,none
A008857,R07,6562.87,high,none,0.88569653,0.06173972,0.034719743,0.017844027,none
A030055,R04,40955.97,high,none,0.8241838,0.032824513,0.026976056,0.11601562,none
A010836,R06,844.26,low,none,0.9299464,0.025189895,0.026432548,0.018431114,none
A022814,R07,7019.05,high,none,0.7927255,0.09639612,0.03323552,0.07764285,none
A022081,R07,729.36,low,none,0.92744416,0.019640911,0.02798596,0.024928983,none
A025839,R01,3151.26,low,none,0.9002737,0.025341928,0.03420277,0.04018163,none
A013849,R03,14608.68,high,none,0.8907688,0.07006082,0.022200888,0.016969439,none
A017385,R07,4209.06,low,none,0.97201794,0.0048953798,0.0049585793,0.018128097,none
A036204,R08,3453.55,low,large_withdrawal,0.8929717,0.06278173,0.027731813,0.01651477,none
A036202,R02,10445.88,high,none,0.9362801,0.033027373,0.006402283,0.024290305,none
A019245,R06,11723.95,high,none,0.8835627,0.06032817,0.036380466,0.019728642,none
A021582,R01,4009.85,low,none,0.9284094,0.037537396,0.005317473,0.028735744,none
A022830,R00,12363.45,high,none,0.96200305,0.00621226,0.008984865,0.022799766,none
A028831,R07,5976.59,high,none,0.8906505,0.043591443,0.033832572,0.0319255,none
A022944,R03,1823.96,low,dormant,0.70523703,0.063636236,0.009939206,0.22118759,none
A027571,R06,7659.66,high,none,0.956535,0.007852379,0.01374661,0.021866042,none
A014158,R03,6897.35,high,none,0.91792154,0.034213305,0.029659241,0.018205855,none
A016709,R07,11897.93,high,none,0.92778355,0.018601552,0.028225139,0.025389735,none
A030796,R09,4573.02,low,none,0.8662516,0.039137904,0.004902389,0.0897081,none
A025827,R00,9286.88,high,none,0.90903634,0.008751589,0.0040882374,0.07812385,none
A022841,R03,11643.49,high,none,0.8724501,0.014526344,0.090452,0.022571556,none
A006651,R07,10032.38,high,none,0.73748094,0.08361804,0.14553061,0.033370446,none
A019561,R03,15019.9,high,none,0.8284667,0.05359472,0.03071897,0.08721958,none
A024995,R09,4684.39,low,none,0.9654147,0.014942755,0.0033075307,0.016334997,none
A006500,R04,1917.16,low,none,0.79594773,0.06662346,0.10535914,0.032069672,none
A031578,R09,6441.74,high,none,0.93514866,0.011815086,0.011433263,0.041603025,none
A026569,R07,2417.42,low,none,0.9113061,0.03814692,0.007663285,0.042883724,none
A004134,R03,10029.98,high,none,0.9466721,0.023893038,0.003108783,0.026326135,none
A036504,R06,25652.35,high,none,0.9167121,0.046282,0.016705079,0.020300794,none
A036548,R09,2656.56,low,none,0.80488276,0.03247678,0.068819635,0.09382081,none
A009553,R07,21488.08,high,dormant,0.91610104,0.004356651,0.0037711908,0.07577109,none
A001173,R03,2669.9,low,none,0.79861253,0.033789262,0.06926605,0.098332085,none
A013325,R01,5384.35,high,none,0.8645006,0.09243626,0.028012415,0.015050751,none
A028856,R08,48989.9,high,none,0.9554739,0.014894878,0.0046590287,0.02497214,none
A007722,R05,1369.86,low,none,0.9691952,0.008004344,0.006330759,0.016469741,none
A014979,R06,6663.61,high,none,0.8910773,0.021747334,0.0038767532,0.08329858,none
A034100,R09,638.49,low,none,0.7194374,0.065735035,0.07913963,0.13568793,none
A033281,R05,6681.93,high,none,0.8472022,0.030047312,0.032599155,0.09015138,none
A002770,R03,14940.25,high,none,0.93561876,0.024741845,0.018025266,0.021614123,none
A008412,R02,9316.94,high,none,0.926887,0.017347453,0.03365326,0.022112329,none
A031671,R06,3212.95,low,none,0.91660976,0.0008641407,0.04915993,0.03336615,none
A029678,R02,4400.6,low,none,0.8724197,0.012926855,0.027917322,0.08673613,none
A010898,R04,5310.31,high,dormant,0.5411341,0.06388993,0.0303604,0.36461556,none
A026074,R02,44983.2,high,none,0.9163009,0.031872205,0.02777829,0.024048682,none
A017205,R02,1643.14,low,dormant,0.75282216,0.11798221,0.03590476,0.09329089,none
A024625,R06,3063.6,low,dormant,0.6812398,0.009650665,0.009097904,0.30001163,none
A019292,R02,14933.13,high,none,0.8866132,0.012958776,0.059127286,0.04130072,none
A002325,R08,3228.35,low,none,0.9478336,0.006710873,0.014037814,0.03141775,none
A006508,R00,17040.84,high,none,0.899799,0.045196656,0.031433966,0.023570394,none
A012859,R03,3233.42,low,none,0.8748435,0.061699454,0.026700696,0.03675643,none
A004168,R04,30261.2,high,none,0.89530057,0.021599667,0.00826259,0.07483716,none
A033996,R07,2692.16,low,none,0.93511903,0.009512591,0.022141155,0.03322719,none
A006518,R08,725.2,low,none,0.8856634,0.0028297757,0.015091922,0.0964149,none
A010254,R00,2184.81,low,none,0.8012157,0.11386082,0.029096032,0.055827443,none
A008833,R03,240.31,low,none,0.9581927,0.014454127,0.0027512277,0.024601923,none
A011520,R08,13127.33,high,none,0.93112177,0.007869755,0.04189774,0.019110752,none
A020104,R06,10142.51,high,dormant,0.88367236,0.025864791,0.06145197,0.029010832,none
A009099,R02,10271.59,high,none,0.957725,0.019489769,0.0030141629,0.019771012,none
A038337,R04,16153.98,high,none,0.89957947,0.026629508,0.037534066,0.036256958,none
A031202,R09,8019.07,high,none,0.67883027,0.023211243,0.0085612405,0.28939733,none
A001960,R08,5855.97,high,none,0.8227051,0.05625368,0.10117896,0.019862242,none
A018232,R07,3634.66,low,none,0.80598587,0.012446625,0.0041129114,0.17745464,none
A002075,R00,18035.32,high,none,0.8791405,0.037357118,0.054237943,0.029264485,none
A020021,R03,3889.38,low,none,0.89956766,0.05042381,0.031358644,0.018649925,none
A030780,R05,3246.6,low,none,0.9530561,0.024837673,0.0038798908,0.01822634,none
A028562,R00,2814.58,low,none,0.78306603,0.011556476,0.10682517,0.09855236,none
A016926,R03,10207.0,high,none,0.90191144,0.012910847,0.057836678,0.02734108,none
A028681,R05,2107.35,low,none,0.93650013,0.012372971,0.0035576615,0.047569204,none
A038800,R03,13487.21,high,none,0.8689336,0.006057844,0.020391732,0.10461679,none
A016655,R02,1597.8,low,none,0.94737107,0.024381531,0.011908958,0.016338488,none
A017611,R02,10411.84,high,none,0.8845653,0.07464817,0.022025848,0.01876062,none
A034574,R09,1509.81,low,none,0.96608615,0.009085186,0.0031203981,0.021708319,none
A009112,R09,3580.8,low,none,0.93661386,0.049325556,0.002448799,0.0116118165,none
A010985,R09,18923.28,high,none,0.88151366,0.01510771,0.06580104,0.037577577,none
A000266,R05,2300.41,low,none,0.94842225,0.008860634,0.0089691635,0.033747952,none
A005390,R06,1413.27,low,dormant,0.85789436,0.036358066,0.068569824,0.03717775,none
A019522,R05,44352.01,high,none,0.923851,0.036734868,0.018181585,0.021232568,none
A012649,R06,2199.17,low,none,0.96511734,0.0050047785,0.0066941455,0.023183683,none
A029169,R08,2976.44,low,dormant,0.80607605,0.016711496,0.0733907,0.10382175,none
A005161,R01,14601.05,high,none,0.79936796,0.07219996,0.10490964,0.02352243,none
A015067,R03,16528.71,high,none,0.9418923,0.0093760975,0.014107657,0.03462388,none
A001887,R08,2473.7,low,none,0.9371454,0.03388065,0.0047127237,0.024261216,none
A012662,R02,13055.28,high,none,0.9044988,0.015473065,0.047197923,0.03283021,none
A004088,R07,1974.56,low,none,0.93860376,0.019289171,0.015206142,0.026900932,none
A013353,R08,999.39,low,none,0.8932275,0.02559164,0.044815656,0.036365215,none
A011025,R06,15956.67,high,none,0.9107273,0.058900043,0.010990963,0.019381696,none
A015613,R06,3296.46,low,none,0.9281394,0.016939336,0.029486481,0.025434788,none
A002924,R04,4560.16,low,none,0.9018276,0.052036583,0.01000113,0.036134716,none
A014785,R01,4458.42,low,none,0.87955266,0.013317668,0.008117138,0.0990125,none
A014384,R04,15409.91,high,none,0.8936507,0.031420715,0.058553047,0.016375527,none
A024865,R02,542.79,low,none,0.954849,0.026284805,0.004192012,0.014674202,none
A011963,R07,5415.91,high,none,0.91562355,0.028793786,0.033670988,0.021911683,none
A000982,R03,23358.1,high,none,0.7728309,0.047098085,0.05020112,0.12986986,none
A028687,R08,42387.99,high,none,0.9407601,0.013422345,0.010055849,0.0357617,none
A038855,R07,2392.21,low,none,0.93959737,0.022650294,0.011058774,0.026693514,none
A011957,R00,2491.24,low,none,0.9335087,0.024154173,0.013317183,0.029019961,none
A001156,R04,3751.8,low,none,0.8087828,0.010541617,0.068800464,0.11187506,none
A021249,R05,9892.07,high,none,0.947939,0.011147624,0.010624439,0.030288909,none
A004176,R00,5532.51,high,none,0.95338905,0.00063370005,0.02453892,0.021438323,none
A030098,R07,240.99,low,none,0.9490998,0.009879425,0.015879437,0.025141362,none
A014994,R04,4463.93,low,none,0.91890264,0.056035623,0.008029645,0.017032063,none
A023551,R07,34045.66,high,none,0.9554876,0.0047354633,0.006892858,0.032884058,none
A012632,R03,6119.64,high,none,0.95918137,0.0038859942,0.0096575245,0.027275112,none
A002004,R08,5095.54,high,none,0.93698967,0.03988713,0.003833026,0.019290196,none
A034331,R06,7041.5,high,none,0.86322135,0.037100848,0.066512,0.033165846,none
A005736,R02,797.81,low,dd_stop,0.86291134,0.045143466,0.014544829,0.07740037,none
A001837,R09,1506.19,low,none,0.8790674,0.060313303,0.042698015,0.017921254,none
A019227,R08,3323.07,low,none,0.94705117,0.022674453,0.0074403263,0.022834023,none
A034355,R07,8388.32,high,dormant,0.9367657,0.0050048097,0.029435078,0.0287945,none
A018422,R00,3171.71,low,none,0.9406026,0.006307371,0.012251442,0.04083863,none
A009487,R08,3994.19,low,none,0.86632806,0.01029424,0.030748213,0.09262948,none
A035393,R07,4309.91,low,none,0.92137945,0.009454699,0.02186014,0.0473057,none
A010485,R00,14360.38,high,none,0.85165316,0.019724827,0.047306444,0.08131562,none
A020740,R04,3357.52,low,none,0.8698127,0.08209304,0.024436437,0.023657808,none
A016158,R04,8975.45,high,none,0.92634714,0.016426833,0.034898557,0.022327418,none
A005783,R06,40663.64,high,none,0.8877829,0.061376527,0.035296626,0.0155440075,none
A005130,R08,10381.12,high,none,0.9502806,0.028388385,0.0036041245,0.017726822,none
A007035,R00,23550.29,high,none,0.9493928,0.019705813,0.0049334234,0.025967909,none
A030203,R02,2645.35,low,dd_stop,0.8673898,0.03795706,0.050314188,0.04433896,none
A000829,R06,1470.42,low,none,0.93220073,0.023244195,0.018647414,0.02590763,none
A038650,R07,906.39,low,none,0.88228565,0.014973002,0.03653138,0.066209994,none
A038173,R04,30597.77,high,none,0.92972106,0.020099077,0.02515573,0.025024122,none
A007069,R09,4309.63,low,none,0.7021259,0.0014190531,0.08783784,0.20861723,none
A004766,R05,4404.25,low,none,0.8873648,0.008594542,0.011382075,0.09265865,none
A026945,R04,9166.64,high,none,0.8534087,0.011888065,0.028353283,0.10634994,none
A038415,R02,974.61,low,none,0.9196904,0.0052727917,0.04198183,0.033055015,none
A023397,R00,27037.63,high,none,0.8817842,0.01534771,0.02835387,0.074514225,none
A033848,R09,2486.38,low,none,0.95043075,0.0013178469,0.020440515,0.027810868,none
A037177,R00,14022.18,high,none,0.9300947,0.023876108,0.022096163,0.02393305,none
A029358,R00,2240.6,low,none,0.9188007,0.0013294342,0.013740479,0.06612936,none
A022851,R09,1963.05,low,none,0.93040025,0.008906333,0.036969546,0.023723857,none
A012727,R03,462.48,low,none,0.84515584,0.045106754,0.036646385,0.07309103,none
A007236,R06,6347.57,high,none,0.9345169,0.014230153,0.038601134,0.012651793,none
A037286,R07,759.68,low,none,0.9602366,0.003922114,0.008698836,0.027142456,none
A038070,R04,10254.81,high,none,0.9644051,0.014932269,0.0041172425,0.016545342,none
A008576,R00,30861.61,high,large_withdrawal,0.91224694,0.03810372,0.024837665,0.024811612,none
A007817,R02,8957.22,high,dd_stop,0.8299404,0.032100275,0.040229898,0.097729474,none
A033200,R04,9006.21,high,large_withdrawal,0.8876628,0.020113746,0.06619371,0.026029715,none
A026440,R07,4610.8,low,none,0.9365717,0.02614996,0.012357289,0.024920985,none
A020333,R04,2143.09,low,none,0.890251,0.0073571787,0.0054192846,0.09697252,none
A002843,R08,2485.78,low,none,0.95890146,0.014661421,0.0053032916,0.021133855,none
A023939,R00,15689.69,high,none,0.8660163,0.015949827,0.05462399,0.06340988,none
A004545,R01,11781.9,high,none,0.89598244,0.0437893,0.03343719,0.026791014,none
A007741,R00,3531.91,low,dormant,0.8027468,0.0795481,0.020524217,0.09718093,none
A008433,R00,36419.08,high,none,0.89822483,0.034383878,0.030544404,0.036846906,none
A033082,R03,31003.11,high,none,0.9027686,0.015579768,0.006070162,0.07558147,none
A038956,R01,38794.95,high,none,0.9429705,0.026467668,0.0060132053,0.024548633,none
A029859,R03,3370.26,low,none,0.85235727,0.08338958,0.0510586,0.0131945815,none
A039021,R02,14020.06,high,none,0.8466334,0.009806495,0.01417546,0.12938465,none
A011078,R02,82497.88,high,dormant,0.8005236,0.014596389,0.015651226,0.16922882,none
A015406,R08,2930.77,low,large_withdrawal,0.8502758,0.074779995,0.058268715,0.01667543,none
A036531,R08,5718.7,high,dormant,0.9062413,0.038505152,0.033597387,0.021656144,none
A013845,R04,19678.54,high,none,0.89028054,0.015783714,0.0039130114,0.090022676,none
A007081,R00,31951.61,high,none,0.9237257,0.014588175,0.013787947,0.0478982,none
A005440,R03,8680.69,high,none,0.6234015,0.042843807,0.025514454,0.30824026,none
A007386,R07,2677.4,low,none,0.8404873,0.051532496,0.00957768,0.09840253,none
A010295,R00,23100.78,high,none,0.91596,0.02073583,0.03881227,0.024491923,none
A028437,R05,19059.85,high,none,0.9367467,0.04250171,0.005393412,0.015358169,none
A035283,R03,3241.8,low,none,0.93401706,0.02740568,0.01634789,0.022229386,none
A019416,R00,4467.99,low,none,0.9338694,0.048309736,0.004419449,0.013401405,none
A027080,R08,28728.21,high,none,0.9380407,0.021202186,0.010920874,0.02983627,none
A026987,R06,1450.76,low,none,0.84315807,0.06823226,0.07215046,0.016459232,none
A003099,R02,13577.14,high,none,0.9346117,0.036337353,0.00804421,0.021006769,none
A013404,R03,13197.66,high,none,0.9413631,0.014932238,0.014793247,0.028911417,none
A013874,R04,1447.24,low,none,0.9162483,0.06053101,0.0065468135,0.016673816,none
A018938,R05,3764.04,low,none,0.8386305,0.038732603,0.07863346,0.044003412,none
A015266,R03,798.85,low,none,0.953519,0.007814457,0.013065259,0.025601316,none
A006868,R03,4524.96,low,none,0.95895153,0.018534882,0.0034706653,0.019042939,none
A026318,R08,1840.15,low,none,0.9502906,0.01181454,0.0041297385,0.033765085,none
A026996,R02,4779.32,low,none,0.8754904,0.014513338,0.01120998,0.09878624,none
A021635,R06,4879.91,low,none,0.9157629,0.061056085,0.005973361,0.017207684,none
A009859,R04,2064.62,low,none,0.902118,0.012232796,0.05084714,0.034801994,none
A022579,R04,1589.6,low,none,0.88465756,0.07295147,0.029615225,0.0127757555,none
A006793,R05,826.45,low,none,0.8437464,0.019224776,0.047514357,0.08951439,none
A030834,R07,18922.1,high,none,0.8632382,0.0017624499,0.09073043,0.044268914,none
A032293,R04,10580.84,high,none,0.88943225,0.017815229,0.015726872,0.07702569,none
A019915,R05,3564.05,low,none,0.87695724,0.08396945,0.027129253,0.011944072,none
A013865,R03,2112.58,low,none,0.7677138,0.023152325,0.085877694,0.12325617,none
A003471,R06,17305.96,high,none,0.90181255,0.0053589633,0.060555313,0.032273203,none
A003613,R06,2287.92,low,large_withdrawal,0.9194385,0.024655221,0.030969784,0.024936525,none
A023080,R04,2973.41,low,dormant,0.8027267,0.039877385,0.05305038,0.10434552,none
A010506,R04,3331.59,low,none,0.86945176,0.02062636,0.080168225,0.029753655,none
A028259,R06,2004.85,low,none,0.86560833,0.004707016,0.02805524,0.101629384,none
A022406,R01,4063.91,low,none,0.7727583,0.02278358,0.07629546,0.1281627,none
A030862,R05,6280.5,high,none,0.82592034,0.10732947,0.050026353,0.016723802,none
A023076,R09,8614.48,high,none,0.87864053,0.058398187,0.036105867,0.02685539,none
A019855,R04,494.13,low,none,0.9262447,0.03005237,0.022952491,0.020750428,none
A012055,R04,4165.53,low,large_withdrawal,0.8931487,0.025105903,0.014607677,0.067137755,none
A035479,R01,2993.23,low,none,0.7710659,0.08417626,0.108291626,0.036466174,none
A026036,R06,14660.14,high,none,0.86817914,0.016408753,0.022760479,0.09265161,none
A014891,R08,2276.55,low,dormant,0.94083464,0.008843248,0.010591615,0.039730452,none
A000075,R05,1328.47,low,dormant,0.30305007,0.03805191,0.039161414,0.6197366,dormant
A021844,R08,2903.13,low,none,0.9140073,0.0011645115,0.041445583,0.043382633,none
A007192,R09,8544.44,high,none,0.91736513,0.056097865,0.009640942,0.016896097,none
A027669,R05,19433.61,high,none,0.77349406,0.03216275,0.09806316,0.09628001,none
A024463,R04,9955.2,high,none,0.85061586,0.09492053,0.027573645,0.026889982,none
A026326,R03,2399.68,low,none,0.8878981,0.046525337,0.039481476,0.026095076,none
A004007,R07,2380.87,low,none,0.9026594,0.004854769,0.0053232503,0.08716261,none
A034834,R03,1265.43,low,none,0.7633644,0.06802112,0.062487558,0.10612697,none
A035073,R08,2673.55,low,none,0.95090145,0.0076932423,0.015054351,0.02635095,none
A013746,R01,6715.08,high,none,0.8735044,0.020523088,0.039520107,0.06645236,none
A001004,R04,2591.66,low,large_withdrawal,0.89446163,0.06392255,0.022464871,0.019150991,none
A016974,R03,13607.71,high,none,0.8455473,0.022158897,0.05023908,0.08205473,none
A016324,R02,964.17,low,none,0.8810485,0.037486564,0.050200414,0.03126452,none
A011392,R02,1552.85,low,large_withdrawal,0.93522465,0.04509282,0.007422288,0.012260191,none
A018828,R03,1180.76,low,none,0.917663,0.003722636,0.04609681,0.032517545,none
A028226,R00,13451.23,high,none,0.8858936,0.028553147,0.03954702,0.0460062,none
A023334,R04,7021.98,high,none,0.89690655,0.05156327,0.031951316,0.01957893,none
A020973,R07,3750.32,low,none,0.79086965,0.026154697,0.050466694,0.13250896,none
A021769,R06,5635.72,high,none,0.81083596,0.07388149,0.05049918,0.064783394,none
A037729,R08,3391.38,low,none,0.88167197,0.018188834,0.004894185,0.09524504,none
A026301,R07,19800.52,high,none,0.92517674,0.001154391,0.04383457,0.02983426,none
A029875,R02,1189.34,low,none,0.9400749,0.04186709,0.0065902066,0.011467785,none
A031988,R04,6904.36,high,none,0.9370822,0.00095679594,0.030840954,0.031120097,none
A006429,R06,2481.49,low,none,0.9381653,0.017059322,0.023512533,0.021262785,none
A022756,R07,37666.74,high,none,0.8589171,0.032740507,0.037802067,0.07054033,none
A015174,R06,1608.72,low,none,0.798169,0.015467252,0.06389596,0.12246781,none
A011723,R01,2964.5,low,none,0.924767,0.025572943,0.0033755964,0.046284463,none
A028971,R02,961.27,low,none,0.89497834,0.018526306,0.0040265787,0.08246871,none
A010870,R05,29182.74,high,dd_stop,0.8963018,0.0032921475,0.050855674,0.049550347,none
A031124,R01,5175.15,high,none,0.8807993,0.019406697,0.0048695127,0.09492447,none
A034778,R00,5927.56,high,large_withdrawal,0.9363221,0.046869084,0.005441266,0.011367523,none
A032824,R04,5986.65,high,dd_stop,0.92235386,0.017847423,0.030634616,0.029164072,none
A019063,R01,4901.65,low,none,0.8732177,0.03990474,0.01578195,0.07109557,none
A027330,R07,3514.43,low,none,0.68807316,0.055469405,0.027960014,0.2284974,none
A039688,R06,3890.36,low,none,0.78903097,0.058427133,0.031117681,0.12142424,none
A026172,R06,6673.29,high,none,0.8841073,0.011471855,0.007092209,0.09732869,none
A003523,R09,10874.19,high,none,0.91169167,0.007670275,0.05693013,0.023707952,none
A020932,R08,930.41,low,none,0.94598395,0.028319698,0.003971622,0.021724725,none
A005030,R02,7896.51,high,dormant,0.9442641,0.021846248,0.009050704,0.024838958,none
A024009,R05,18559.37,high,large_withdrawal,0.8658387,0.07282672,0.031946532,0.029388105,none
A025317,R05,2986.16,low,none,0.84181315,0.004713347,0.05480696,0.098666586,none
A034237,R03,9117.48,high,none,0.8476212,0.07955835,0.045865327,0.026955115,none
A036732,R03,15407.05,high,none,0.820402,0.07473876,0.07828875,0.026570525,none
A010098,R02,1666.96,low,none,0.93028295,0.0059975316,0.032041617,0.0316779,none
A027133,R00,8950.6,high,none,0.87604606,0.0012462658,0.019375607,0.10333211,none
A002238,R04,35287.12,high,none,0.93932307,0.012568681,0.012542183,0.035566077,none
A015145,R01,12368.97,high,none,0.92552686,0.030589528,0.0104031,0.03348052,none
A023844,R08,6002.21,high,none,0.95443135,0.015797772,0.0071226237,0.022648262,none
A003098,R04,3696.93,low,none,0.81181693,0.012733648,0.07230532,0.10314413,none
A023788,R01,4630.46,low,none,0.91418856,0.060240243,0.0046216026,0.02094958,none
A035979,R02,10378.68,high,none,0.9526442,0.024262657,0.0038568608,0.019236235,none
A006833,R02,2643.64,low,none,0.8181716,0.056414846,0.07121552,0.054198008,none
A026891,R04,1237.56,low,none,0.9453425,0.028994191,0.0061217626,0.01954156,none
A007860,R07,3982.16,low,dormant,0.9387853,0.041110575,0.009495375,0.0106087085,none
A034765,R06,49286.81,high,none,0.909658,0.015449739,0.009939818,0.064952396,none
A025228,R04,2160.09,low,none,0.8854594,0.054093365,0.02916928,0.031277966,none
A038313,R00,38093.5,high,none,0.9243255,0.0063121556,0.012913659,0.05644866,none
A011428,R02,3103.56,low,dd_stop,0.72353697,0.050236385,0.0740488,0.15217787,none
A038356,R08,2538.79,low,none,0.93237793,0.008132957,0.038328845,0.021160232,none
A028396,R07,13743.46,high,none,0.92441076,0.053226043,0.0053013084,0.017061856,none
A008391,R09,3068.95,low,none,0.8819184,0.0028810224,0.021927198,0.09327343,none
A000998,R01,25416.95,high,none,0.9481951,0.019552598,0.0048568076,0.02739547,none
A000265,R04,3297.36,low,none,0.8220863,0.011609937,0.04731772,0.118986085,none
A020694,R01,1004.41,low,none,0.9147206,0.046314575,0.015479973,0.023484832,none
A032990,R05,7692.58,high,none,0.9236346,0.028135017,0.023718437,0.02451199,none
A014137,R04,2495.58,low,dormant,0.48100212,0.012474627,0.09846072,0.40806255,none
A000683,R05,904.8,low,none,0.9035939,0.016756032,0.04362015,0.036029894,none
A025909,R04,4471.87,low,none,0.9046798,0.057716716,0.013474727,0.024128819,none
A021000,R06,8213.19,high,none,0.8957821,0.04590052,0.030443085,0.02787426,none
A007478,R07,13499.16,high,none,0.8947904,0.000905682,0.07973822,0.024565704,none
A029903,R00,1259.32,low,none,0.92533666,0.015439046,0.034692958,0.024531376,none
A015730,R09,746.32,low,none,0.94578683,0.015467111,0.019851672,0.018894397,none
A013770,R08,26505.5,high,none,0.9322758,0.034623556,0.008239184,0.024861526,none
A030012,R01,3333.73,low,none,0.8548662,0.029688368,0.08641516,0.029030288,none
A007230,R01,8118.08,high,none,0.9375312,0.009450252,0.03300299,0.020015633,none
A037882,R09,4756.28,low,none,0.86422247,0.043332074,0.067957304,0.024488227,none
A003610,R03,1090.21,low,none,0.9159717,0.022898473,0.027097045,0.03403276,none
A013000,R06,497.61,low,dormant,0.64551073,0.003106179,0.014210858,0.3371722,none
A021141,R04,15565.18,high,none,0.70806617,0.08908605,0.095203765,0.107644044,none
A022156,R02,7359.51,high,none,0.82892776,0.013118575,0.041637234,0.116316445,none
A028771,R07,3365.36,low,none,0.8627021,0.06093605,0.038993973,0.03736786,none
A008552,R04,6012.43,high,none,0.8974232,0.016068375,0.064655125,0.021853311,none
A007706,R03,5231.12,high,none,0.9612314,0.0138722975,0.0023890298,0.022507295,none
A002126,R03,10539.78,high,none,0.78498775,0.041382045,0.058324125,0.11530607,none
A022171,R04,3417.69,low,none,0.9341741,0.018124651,0.015749492,0.031951707,none
A034450,R05,5688.55,high,none,0.9358564,0.017849332,0.024282811,0.022011468,none
A037441,R09,18364.06,high,none,0.9115389,0.001350967,0.05498145,0.032128695,none
A015813,R01,4989.67,high,none,0.9530088,0.019479739,0.005295962,0.022215553,none
A017544,R07,699.47,low,none,0.7883438,0.103712596,0.06929306,0.038650572,none
A017412,R04,1885.8,low,none,0.9530593,0.0010711604,0.012967533,0.03290197,none
A027899,R07,2935.28,low,none,0.85239273,0.036539085,0.028437635,0.08263062,none
A019303,R01,5667.58,high,none,0.9658066,0.005338082,0.005833656,0.023021622,none
A038355,R01,2357.21,low,none,0.93792564,0.0388882,0.005124295,0.018061923,none
A014089,R02,4426.31,low,none,0.9173774,0.011928523,0.0311094,0.039584734,none
A030758,R09,5640.72,high,dormant,0.8260062,0.016777443,0.06423939,0.09297697,none
A014773,R08,5697.27,high,none,0.964893,0.009702254,0.004841955,0.020562755,none
A023422,R01,14020.63,high,none,0.85189235,0.04957698,0.00645261,0.09207809,none
A028252,R01,16993.33,high,none,0.9168523,0.04661607,0.0069108047,0.029620849,none
A017050,R06,2781.97,low,none,0.817311,0.009865875,0.08274416,0.090078965,none
A022233,R02,2953.78,low,none,0.8833671,0.0190879,0.010819834,0.08672517,none
A016628,R03,6354.06,high,none,0.8751837,0.092418335,0.013271511,0.019126395,none
A000940,R09,7558.0,high,large_withdrawal,0.863832,0.07428426,0.03589462,0.025989117,none
A007903,R08,1631.94,low,none,0.8736402,0.0061036483,0.025468739,0.09478741,none
A013368,R04,3021.6,low,none,0.6359447,0.020428602,0.04379115,0.29983556,none
A012324,R06,2011.23,low,none,0.89387906,0.019827794,0.0081980415,0.07809511,none
A028046,R02,7733.15,high,none,0.94965816,0.023072809,0.005013399,0.022255598,none
A038847,R06,2174.94,low,none,0.91264385,0.020482725,0.04237832,0.024495104,none
A006686,R08,22883.16,high,none,0.83986753,0.019744173,0.07146413,0.06892411,none
A025520,R04,2377.27,low,none,0.92123175,0.02905108,0.012573451,0.037143696,none
A033319,R06,58199.95,high,none,0.7445658,0.016325185,0.012562839,0.22654621,none
A028909,R02,5411.92,high,none,0.95888436,0.009036743,0.004965275,0.027113682,none
A027207,R09,3622.06,low,none,0.9002248,0.05378894,0.023131886,0.022854364,none
A021610,R06,6257.18,high,none,0.93350476,0.011083264,0.03651691,0.018895084,none
A020905,R05,26857.61,high,none,0.95668626,0.0006751785,0.011517953,0.031120593,none
A029314,R05,545.05,low,none,0.8562724,0.03162884,0.024731582,0.087367125,none
A032028,R01,24023.24,high,none,0.8709893,0.026901113,0.06991101,0.03219858,none
A021142,R09,9342.39,high,none,0.94524807,0.019269895,0.015914403,0.019567562,none
A023172,R01,993.61,low,none,0.90050894,0.045264974,0.030224625,0.02400147,none
A006298,R08,13941.71,high,none,0.844461,0.043764666,0.07603306,0.0357413,none
A013159,R02,35478.9,high,none,0.9222161,0.017024023,0.025460962,0.035298895,none
A009465,R00,21265.77,high,none,0.90246964,0.040193275,0.028400838,0.028936204,none
A008936,R08,31624.54,high,dd_stop,0.9591169,0.011985314,0.007145737,0.021752097,none
A007514,R07,3554.64,low,none,0.88334155,0.017024117,0.06406734,0.03556696,none
A024073,R06,4168.95,low,none,0.8589706,0.016090177,0.029521799,0.09541742,none
A027400,R04,1092.75,low,none,0.9533883,0.0036099984,0.01755487,0.025446862,none
A039568,R04,378.9,low,none,0.88762695,0.035859365,0.041137557,0.035376105,none
A023248,R01,2447.81,low,none,0.88050145,0.059523106,0.019448249,0.040527195,none
A008201,R01,881.63,low,none,0.8488257,0.058167614,0.05930747,0.033699293,none
A009246,R05,100199.89,high,none,0.92555404,0.032016672,0.02215111,0.020278176,none
A039232,R06,912.67,low,none,0.9108066,0.018762097,0.04334201,0.027089326,none
A022089,R05,993.14,low,none,0.8727476,0.0043597673,0.026604036,0.096288584,none
A014239,R04,12435.91,high,none,0.77222717,0.09501632,0.10543514,0.027321333,none
A025649,R00,1813.09,low,none,0.8538161,0.10583388,0.024809709,0.015540317,none
A028343,R01,1066.11,low,none,0.9311276,0.011394013,0.024589108,0.03288924,none
A020980,R06,4338.68,low,none,0.87738657,0.02839588,0.003727312,0.090490185,none
A022893,R06,5032.3,high,large_withdrawal,0.7990387,0.07553007,0.025518652,0.09991253,none
A039846,R03,3147.36,low,none,0.90155834,0.05921002,0.0114587,0.027772982,none
A015166,R03,1839.79,low,none,0.9493411,0.005709278,0.018283485,0.026666153,none
A025084,R02,9620.59,high,dormant,0.94060224,0.023227885,0.0066999053,0.0294699,none
A017842,R02,2628.37,low,large_withdrawal,0.93687683,0.014340162,0.02348121,0.025301773,none
A025510,R09,1084.1,low,none,0.9532726,0.018405035,0.003514973,0.024807453,none
A010906,R03,1364.65,low,none,0.8844782,0.004817116,0.003967532,0.10673715,none
A002235,R09,6456.85,high,none,0.9005351,0.072002776,0.0142762475,0.013185892,none
A027540,R00,19956.29,high,none,0.8272393,0.024983045,0.08444264,0.063335076,none
A015855,R04,1242.98,low,none,0.9512578,0.024221241,0.0045199953,0.020000918,none
A011431,R01,3622.75,low,none,0.9064536,0.036121994,0.031603448,0.025820969,none
A019100,R02,557.05,low,none,0.94381386,0.0007201906,0.014537232,0.040928744,none
A003203,R07,10099.24,high,none,0.90870124,0.0063789613,0.004846702,0.08007317,none
A028134,R00,4627.32,low,none,0.8774447,0.03429275,0.06687876,0.0213838,none
A014954,R09,14004.13,high,none,0.9008529,0.019515019,0.059299946,0.020332135,none
A006350,R05,14026.51,high,none,0.8465844,0.09438878,0.035840172,0.023186646,none
A036525,R02,3745.09,low,none,0.8541708,0.0664767,0.060105614,0.019246865,none
A006360,R02,6598.76,high,none,0.9213915,0.029970316,0.011942492,0.03669575,none
A009155,R09,1482.33,low,dormant,0.7477574,0.006861951,0.0073095053,0.23807116,none
A039970,R03,1746.27,low,none,0.9252735,0.047910262,0.011737908,0.015078315,none
A027336,R06,2636.32,low,none,0.8832063,0.09197618,0.005753543,0.019063942,none
A032912,R05,3199.9,low,dormant,0.7003134,0.0070508844,0.021752195,0.27088356,none
A021701,R00,103905.06,high,none,0.82051927,0.004760754,0.107822195,0.06689781,none
A037421,R04,7493.28,high,none,0.9432922,0.005258565,0.021378025,0.030071208,none
A006869,R00,1088.09,low,none,0.837327,0.0780659,0.055695876,0.028911263,none
A020530,R04,40872.22,high,large_withdrawal,0.87068963,0.021288762,0.007097841,0.10092377,none
A016904,R05,794.5,low,none,0.7385549,0.08515752,0.037068352,0.13921918,none
A017742,R08,2677.43,low,none,0.94093776,0.010004726,0.02663007,0.022427376,none
A020797,R00,6935.49,high,none,0.85364074,0.066634074,0.012020929,0.06770429,none
A026217,R08,7035.23,high,none,0.9724392,0.008503658,0.0046614693,0.014395628,none
A031139,R03,6207.69,high,none,0.8504846,0.001498106,0.0317356,0.116281696,none
A035839,R09,24515.66,high,none,0.8564505,0.05199613,0.06871112,0.02284225,none
A026769,R07,20610.12,high,none,0.9745309,0.0144453915,0.0023704881,0.008653174,none
A009017,R07,12704.63,high,none,0.8031875,0.0068013878,0.028488023,0.1615231,none
A009587,R04,4042.35,low,none,0.84858763,0.08891803,0.039213985,0.023280365,none
A030573,R04,1902.36,low,none,0.8567938,0.022789296,0.03097469,0.08944221,none
A009490,R00,3574.75,low,none,0.8494007,0.003894945,0.034820724,0.111883655,none
A021122,R06,41355.65,high,none,0.9103593,0.011246268,0.029827036,0.04856737,none
A034109,R02,11076.97,high,none,0.85934407,0.077054225,0.045659136,0.017942613,none
A005919,R02,13328.16,high,none,0.8886302,0.045851823,0.041074425,0.024443537,none
A014369,R06,10733.2,high,dormant,0.90039504,0.010610212,0.005308649,0.083686076,none
A014776,R05,5984.23,high,none,0.87427086,0.019608479,0.081727564,0.024393061,none
A019714,R01,3142.85,low,none,0.88331467,0.015888454,0.06495475,0.03584215,none
A031723,R02,8809.35,high,none,0.9194601,0.028143587,0.02993227,0.022464033,none
A009142,R08,53061.61,high,none,0.8952711,0.028521901,0.0063321423,0.069874875,none
A027182,R03,44270.83,high,none,0.89649945,0.025441974,0.0026065123,0.075452045,none
A026327,R00,2760.9,low,none,0.50850123,0.024130737,0.029220367,0.43814763,none
A037910,R09,13758.27,high,none,0.8688921,0.00095105765,0.009839612,0.120317265,none
A018802,R05,12131.07,high,none,0.89777255,0.047323547,0.032050356,0.022853602,none
A025712,R04,6437.68,high,none,0.94241303,0.026698556,0.0059226924,0.024965731,none
A015893,R08,2282.2,low,none,0.9598592,0.010032977,0.0057760053,0.02433178,none
A026174,R00,972.08,low,none,0.78228384,0.009186165,0.051507216,0.15702276,none
A008447,R07,4059.89,low,none,0.89818513,0.008772096,0.011095585,0.08194723,none
A003533,R05,2277.75,low,none,0.8449713,0.09860598,0.03836126,0.01806146,none
A021797,R03,925.34,low,none,0.89854443,0.02581023,0.009557423,0.06608788,none
A019984,R05,38841.02,high,none,0.9056408,0.024613084,0.00850615,0.061239995,none
A012730,R06,5340.08,high,none,0.93748486,0.0007842071,0.032612972,0.029117975,none
A002455,R06,2813.19,low,none,0.9561367,0.0050342525,0.016195603,0.022633448,none
A033117,R00,2721.68,low,none,0.7631793,0.09853028,0.046752926,0.091537476,none
A004825,R05,3336.51,low,none,0.9244122,0.0014103535,0.0032822348,0.070895195,none
A000614,R03,2353.11,low,none,0.8567381,0.04567163,0.04937764,0.04821265,none
A022967,R03,1631.33,low,none,0.8884543,0.056295928,0.027490823,0.027758941,none
A019506,R02,4513.15,low,none,0.96591747,0.008538857,0.004682825,0.020860791,none
A010039,R09,3037.59,low,none,0.94442016,0.003910022,0.022284294,0.029385526,none
A020807,R01,1139.31,low,none,0.9258301,0.048370402,0.00640976,0.019389674,none
A029781,R04,2368.96,low,none,0.8773687,0.01938872,0.020258931,0.0829837,none
A032749,R04,23032.47,high,none,0.839448,0.009197388,0.08251493,0.06883965,none
A032959,R04,12852.13,high,none,0.92065954,0.048003156,0.0069402563,0.024397066,none
A011638,R08,18405.49,high,none,0.9686511,0.013742614,0.003415544,0.014190748,none
A013164,R00,24074.27,high,none,0.9034396,0.06425897,0.0053407727,0.026960695,none
A016849,R07,12524.64,high,none,0.9574269,0.0050428025,0.004871091,0.0326592,none
A026054,R04,3068.84,low,none,0.83643466,0.012221046,0.05455773,0.09678655,none
A038558,R09,21565.99,high,none,0.88655645,0.060861427,0.026371123,0.026210945,none
A019566,R00,1035.27,low,none,0.86376995,0.09363992,0.018611455,0.023978705,none
A021047,R03,3273.23,low,none,0.86434525,0.038372017,0.05715289,0.04012989,none
A037331,R09,30036.43,high,none,0.945507,0.029848538,0.0069224196,0.01772201,none
A003768,R08,573.97,low,none,0.934597,0.035704423,0.009697255,0.020001296,none
A033210,R02,9266.73,high,none,0.8441754,0.09225924,0.027691972,0.03587343,none
A011670,R04,218.62,low,none,0.7608516,0.07120782,0.081317,0.08662356,none
A037358,R00,1694.37,low,none,0.94819474,0.011072666,0.014254098,0.02647845,none
A037712,R06,10250.89,high,none,0.925452,0.01709019,0.031109743,0.02634809,none
A037091,R07,8368.52,high,none,0.9129749,0.017167486,0.033200398,0.036657207,none
A015244,R08,3400.0,low,none,0.9587695,0.015428664,0.0050224694,0.020779325,none
A029478,R05,31400.58,high,none,0.92651504,0.014473967,0.021186711,0.037824273,none
A020096,R08,458.68,low,none,0.9061817,0.0036091919,0.049071107,0.041138075,none
A028835,R09,3808.03,low,dormant,0.94420767,0.00100518,0.013745269,0.041041877,none
A006045,R08,22100.62,high,none,0.7467032,0.05887149,0.021868035,0.17255722,none
A035501,R04,3372.08,low,none,0.9250999,0.04349247,0.018646123,0.01276146,none
A006091,R04,7568.75,high,none,0.8456032,0.091214865,0.026663627,0.036518283,none
A014489,R05,4923.7,low,none,0.93566865,0.020664666,0.015726957,0.027939765,none
A019194,R01,1777.51,low,none,0.91998374,0.020261655,0.032261852,0.027492685,none
A013283,R06,17800.56,high,none,0.93318975,0.023457317,0.015125627,0.028227268,none
A003179,R01,17080.8,high,none,0.86984575,0.022443524,0.015548035,0.09216265,none
A021777,R07,27665.03,high,none,0.95000374,0.016054606,0.011710971,0.022230703,none
A007564,R04,5097.39,high,none,0.7727372,0.032417856,0.0502234,0.1446215,none
A007057,R08,5980.19,high,dormant,0.69337964,0.008170523,0.010908221,0.28754166,none
A003045,R00,1257.09,low,none,0.93573135,0.004394315,0.023745017,0.03612936,none
A008513,R01,51082.32,high,none,0.88635594,0.054207508,0.03779542,0.02164119,none
A036281,R00,5148.6,high,none,0.9055998,0.014257747,0.051260415,0.028882058,none
A010842,R01,6400.39,high,none,0.89592224,0.029118698,0.04802533,0.026933663,none
A029052,R06,92210.2,high,none,0.9182724,0.027678048,0.023872431,0.030177124,none
A009216,R05,12526.93,high,none,0.9324315,0.03973621,0.007822031,0.020010237,none
A004155,R01,5291.42,high,none,0.9342537,0.008487822,0.03643894,0.020819584,none
A012980,R03,16588.7,high,none,0.8986432,0.027201347,0.004179942,0.06997554,none
A036577,R01,2140.44,low,none,0.89639884,0.016033433,0.050106514,0.037461225,none
A020952,R08,6464.99,high,none,0.9372894,0.010876257,0.028560083,0.02327421,none
A028379,R07,9242.45,high,none,0.92740065,0.02780086,0.023783933,0.021014506,none
A007956,R02,1891.38,low,none,0.9656771,0.01355229,0.0033647711,0.0174058,none
A038584,R09,12758.76,high,none,0.9083045,0.01475036,0.05345947,0.023485648,none
A006089,R08,11989.56,high,none,0.94013494,0.011097026,0.016618462,0.032149512,none
A018692,R07,21566.93,high,none,0.9407245,0.019408341,0.018611839,0.021255314,none
A011603,R02,308.44,low,none,0.86064345,0.03350753,0.011864052,0.093984984,none
A009981,R01,4629.51,low,none,0.9252837,0.0017999336,0.038720198,0.034196194,none
A005458,R07,12622.43,high,none,0.8962234,0.00092817785,0.025176661,0.07767172,none
A036271,R02,8081.95,high,none,0.85467565,0.05234568,0.06690422,0.026074475,none
A004976,R03,1769.48,low,none,0.9344909,0.035121046,0.010292388,0.020095631,none
A029900,R02,2833.54,low,none,0.91374296,0.03130369,0.011996786,0.042956587,none
A002715,R05,8233.64,high,none,0.9310925,0.01041704,0.030852754,0.027637674,none
A022496,R05,4972.19,low,none,0.84923,0.086769946,0.037567068,0.026433043,none
A012344,R05,1525.28,low,none,0.9124978,0.04358116,0.01818842,0.02573261,none
A018097,R08,882.24,low,none,0.9566831,0.018474763,0.0023403089,0.022501793,none
A018819,R09,4966.77,low,none,0.82297957,0.015762515,0.071519926,0.08973794,none
A033667,R08,26315.44,high,none,0.93290305,0.02511897,0.018914307,0.023063738,none
A010621,R06,6024.82,high,none,0.9386798,0.0070185224,0.040145524,0.014156094,none
A026135,R07,5887.66,high,none,0.9431429,0.0067301313,0.0299828,0.020144159,none
A012201,R09,6423.35,high,none,0.8724305,0.028956577,0.073326424,0.02528643,none
A023343,R01,15203.62,high,none,0.9269986,0.0011544552,0.03319252,0.03865441,none
A016848,R04,6384.73,high,none,0.8951058,0.05776577,0.02083771,0.026290748,none
A012812,R05,3542.59,low,dormant,0.6897982,0.0092725335,0.039280266,0.26164907,none
A033743,R06,14160.18,high,none,0.8647512,0.0013022687,0.010161631,0.12378494,none
A026688,R05,2291.55,low,none,0.9345897,0.013947228,0.023396572,0.028066495,none
A017500,R06,10720.21,high,none,0.8537042,0.05755903,0.029450506,0.059286233,none
A018913,R08,1364.3,low,none,0.75897396,0.054671314,0.07550239,0.110852376,none
A001342,R01,8371.02,high,none,0.91092026,0.023411177,0.027715497,0.037953116,none
A009582,R03,2516.26,low,none,0.88530993,0.048237294,0.03329272,0.033160068,none
A024885,R09,2910.89,low,none,0.93899333,0.014347449,0.027933026,0.01872616,none
A038701,R00,4585.32,low,none,0.96039766,0.011346335,0.006570557,0.021685446,none
A008686,R04,4360.07,low,dormant,0.84879375,0.051945154,0.075322226,0.023938887,none
A023161,R05,2053.42,low,none,0.9292723,0.013444839,0.029129919,0.028152931,none
A001681,R01,1460.64,low,none,0.86165255,0.07768178,0.03982052,0.020845192,none
A018376,R01,957.04,low,none,0.93546015,0.026962314,0.014140384,0.023437196,none
A030895,R06,3817.03,low,none,0.8627868,0.03163754,0.0062949993,0.09928068,none
A036065,R08,1209.46,low,none,0.770542,0.096941575,0.056560464,0.07595592,none
A013032,R07,40396.07,high,none,0.92855614,0.013744113,0.022759864,0.0349398,none
A018002,R07,3191.39,low,none,0.8374143,0.013975765,0.067010656,0.08159921,none
A012774,R01,20369.77,high,none,0.8801748,0.03685082,0.050079633,0.0328947,none
A023213,R01,5531.71,high,none,0.888968,0.0502881,0.018825803,0.041918095,none
A008579,R05,3192.42,low,none,0.6683863,0.0042370744,0.02860014,0.2987765,none
A001504,R01,10680.56,high,none,0.9608191,0.009993148,0.012474531,0.016713228,none
A021379,R08,3139.92,low,none,0.8672188,0.0035223004,0.013002947,0.116256,none
A025181,R01,6911.86,high,none,0.84650373,0.018743895,0.10904993,0.025702437,none
A039337,R00,73848.72,high,none,0.9178168,0.043868124,0.01254901,0.025766062,none
A028962,R08,1491.16,low,none,0.8969942,0.000733653,0.06372098,0.038551148,none
A015960,R08,4293.45,low,none,0.87833005,0.037498076,0.061005786,0.023166062,none
A004173,R01,8557.85,high,none,0.9663137,0.018103458,0.0029256786,0.01265717,none
A027737,R08,4983.93,high,none,0.89927834,0.049679622,0.012365089,0.038676966,none
A038226,R05,2499.33,low,none,0.8414994,0.07701096,0.038089704,0.043399923,none
A022853,R05,4327.79,low,none,0.9753617,0.008574269,0.0029420848,0.013121903,none
A000883,R00,1054.2,low,none,0.9494126,0.0014218836,0.012453387,0.036712155,none
A035058,R00,5153.3,high,none,0.92644507,0.0044201612,0.027101532,0.042033285,none
A029743,R06,14529.65,high,none,0.8464075,0.02994177,0.06666273,0.056988057,none
A034482,R09,1512.97,low,none,0.92923063,0.0029160464,0.029317105,0.038536288,none
A034445,R07,848.93,low,none,0.93090516,0.00809865,0.0070337094,0.053962518,none
A019006,R06,5093.05,high,none,0.8487208,0.02784514,0.00979728,0.11363675,none
A004179,R02,8195.23,high,none,0.74822116,0.094311364,0.05089752,0.10656997,none
A013114,R09,2787.01,low,none,0.8732895,0.011640923,0.031100271,0.08396922,none
A027119,R02,1945.29,low,large_withdrawal,0.9635495,0.020352153,0.00249338,0.013604939,none
A019723,R05,24437.64,high,none,0.9380013,0.006980562,0.017041909,0.037976317,none
A035378,R01,5467.53,high,none,0.5586327,0.024138384,0.022594102,0.3946348,none
A019626,R04,1174.95,low,dd_stop,0.9187879,0.01824189,0.034151163,0.028819082,none
A025516,R06,3623.25,low,none,0.89536995,0.0059695593,0.023110481,0.07555005,none
A010809,R07,727.39,low,none,0.84778714,0.027055757,0.052552793,0.07260433,none
A021952,R08,10347.25,high,none,0.9594977,0.013158036,0.011594243,0.015750052,none
A020124,R09,18723.28,high,none,0.8209238,0.031575687,0.04705724,0.10044332,none
A039495,R09,1434.23,low,none,0.8959734,0.02172595,0.051557038,0.030743696,none
A008268,R07,9889.55,high,none,0.8897758,0.024905378,0.01147161,0.0738472,none
A038011,R06,14142.79,high,none,0.8740303,0.021613618,0.005313748,0.099042326,none
A019690,R05,13213.75,high,none,0.93334186,0.030550605,0.008583175,0.027524358,none
A030122,R02,9354.58,high,none,0.8736669,0.038555965,0.05994128,0.027835865,none
A036184,R05,8610.97,high,none,0.822994,0.06439603,0.023952065,0.0886579,none
A035169,R05,4373.59,low,none,0.8860014,0.028256377,0.004969891,0.0807723,none
A014514,R08,9133.01,high,none,0.9411319,0.0236595,0.0068884394,0.028320163,none
A010361,R00,27545.7,high,none,0.8615883,0.0012261659,0.08249956,0.05468595,none
A006062,R03,20119.72,high,none,0.95979375,0.01682823,0.0030639425,0.020314116,none
A008124,R05,1240.2,low,none,0.8533897,0.047165465,0.0051403022,0.094304554,none
A022747,R09,3143.01,low,none,0.6890011,0.0231514,0.029081006,0.2587665,none
A031927,R06,3342.73,low,none,0.95354366,0.007046963,0.0054130093,0.033996284,none
A004988,R03,6235.17,high,dormant,0.944929,0.004851911,0.028893206,0.021325873,none
A032456,R00,1628.09,low,none,0.87383175,0.017995764,0.016609108,0.091563456,none
A021888,R04,5435.56,high,none,0.90924174,0.01013932,0.0043881885,0.07623075,none
A012367,R01,1817.75,low,none,0.9619373,0.008540762,0.00236223,0.027159749,none
A030127,R03,25712.72,high,none,0.9231788,0.02493206,0.01947828,0.032410827,none
A004923,R02,8399.73,high,dormant,0.8381685,0.033824734,0.04022009,0.08778669,none
A020552,R01,266.42,low,none,0.85480523,0.016398983,0.02613482,0.10266093,none
A036210,R06,3549.3,low,large_withdrawal,0.86859894,0.109735556,0.0059998543,0.01566569,none
A034517,R05,8039.5,high,dormant,0.8432086,0.064457126,0.0031991194,0.08913514,none
A006621,R06,5783.6,high,dormant,0.80556905,0.093567766,0.010170467,0.09069271,none
A007298,R01,4489.07,low,none,0.8967603,0.037141137,0.038296167,0.027802382,none
A011772,R08,2510.8,low,none,0.8093553,0.020906728,0.058957133,0.11078082,none
A026728,R00,3810.25,low,none,0.9131364,0.003165209,0.058622826,0.025075534,none
A020295,R05,440.37,low,none,0.9480981,0.008758219,0.018199546,0.02494417,none
A006243,R00,4773.14,low,none,0.9370302,0.030115034,0.009198225,0.023656588,none
A036556,R03,4575.27,low,none,0.9601419,0.011633759,0.006719607,0.021504778,none
A016209,R08,4761.52,low,none,0.8624249,0.045100264,0.05856163,0.0339132,none
A007118,R09,3054.72,low,large_withdrawal,0.9238554,0.018204985,0.042632684,0.015306947,none
A038426,R05,3979.96,low,none,0.61433285,0.018863976,0.012610266,0.35419294,none
A022917,R02,4569.44,low,none,0.847203,0.10710566,0.013200887,0.032490466,none
A007502,R09,8394.65,high,none,0.79798263,0.035716146,0.06315954,0.103141695,none
A005675,R05,7669.78,high,large_withdrawal,0.8289717,0.043372132,0.048536997,0.07911925,none
A035188,R02,1525.83,low,none,0.91439545,0.0390391,0.024490742,0.022074748,none
A014841,R04,738.26,low,none,0.810975,0.045760043,0.03745196,0.10581297,none
A011037,R07,2890.55,low,none,0.8161219,0.07646859,0.045203775,0.062205747,none
A030599,R01,37568.62,high,none,0.8101422,0.009971545,0.021806767,0.15807943,none
A030992,R05,2918.63,low,none,0.6663243,0.025887473,0.037195075,0.27059317,none
A022515,R03,6535.55,high,none,0.90831697,0.02346577,0.034698468,0.033518795,none
A018434,R03,4990.53,high,none,0.9508261,0.025813308,0.003264233,0.020096421,none
A015237,R09,1845.64,low,none,0.8153858,0.07560152,0.039702006,0.0693106,none
A012368,R06,24889.17,high,none,0.8725317,0.027279856,0.028045213,0.072143205,none
A019578,R06,1944.71,low,none,0.96105534,0.013162879,0.0032686286,0.02251315,none
A037946,R01,5913.25,high,none,0.6145599,0.03464573,0.008240815,0.34255356,none
A013711,R07,1034.02,low,dormant,0.9416729,0.0012214769,0.023257963,0.03384765,none
A015382,R05,7316.4,high,none,0.96288866,0.005023994,0.0049420493,0.02714533,none
A017199,R07,4030.61,low,none,0.9228051,0.013963983,0.0027952015,0.06043572,none
A000223,R01,1226.32,low,none,0.94776124,0.014244734,0.0030011646,0.034992844,none
A021902,R02,4670.33,low,none,0.9614454,0.015374633,0.0035442698,0.019635765,none
A021775,R03,1192.09,low,none,0.9351161,0.020573992,0.015605437,0.028704405,none
A035766,R07,2621.96,low,none,0.95609146,0.011131662,0.0140799545,0.018696934,none
A036374,R04,7256.06,high,none,0.9107308,0.02915008,0.03983765,0.020281538,none
A023500,R02,688.27,low,none,0.9313438,0.007171325,0.035146352,0.026338529,none
A007856,R01,18616.53,high,none,0.979788,0.0011590223,0.0033279113,0.015725046,none
A009345,R07,61318.06,high,none,0.929428,0.035614204,0.01267693,0.022280874,none
A014331,R06,11416.99,high,none,0.9069152,0.025575751,0.038653597,0.02885551,none
A024006,R00,32066.46,high,none,0.8585572,0.013578202,0.012245983,0.1156186,none
A019016,R06,4602.48,low,none,0.9006392,0.060912862,0.025799755,0.012648243,none
A036055,R03,1975.5,low,none,0.9544383,0.0103372345,0.013083125,0.02214129,none
A011228,R00,3137.15,low,none,0.8954356,0.060994066,0.01704724,0.026523087,none
A030066,R02,23644.38,high,none,0.90283126,0.007926947,0.062238447,0.027003365,none
A035401,R01,3102.96,low,dormant,0.92230123,0.05276312,0.004222111,0.020713527,none
A003354,R00,603.63,low,none,0.9358379,0.035520013,0.0059496905,0.022692366,none
A039012,R03,5692.15,high,none,0.9228927,0.033705365,0.028870149,0.014531869,none
A015693,R01,9206.2,high,none,0.85280144,0.033042412,0.023783403,0.09037276,none
A000602,R06,10269.69,high,none,0.9673515,0.012704419,0.004908532,0.015035578,none
A026289,R03,13845.02,high,dd_stop,0.8138403,0.043790385,0.06928186,0.07308743,none
A011534,R04,8022.87,high,none,0.8605079,0.061659135,0.04795396,0.029878948,none
A024122,R03,17163.59,high,none,0.94229853,0.019783095,0.0071608257,0.030757535,none
A014241,R02,2596.02,low,none,0.6478971,0.01994095,0.007883486,0.3242784,none
A011346,R09,1485.78,low,none,0.90383565,0.013347669,0.011794356,0.07102231,none
A015073,R08,660.05,low,none,0.9444617,0.031265553,0.0067689274,0.017503822,none
A025487,R05,3601.86,low,none,0.82692677,0.07510937,0.0669891,0.030974803,none
A016961,R02,4138.1,low,none,0.79964274,0.022718979,0.05999647,0.117641814,none
A037881,R00,27247.81,high,none,0.91624403,0.026446525,0.017345734,0.03996371,none
A017482,R00,3290.79,low,none,0.9692705,0.008019744,0.0045797452,0.018130032,none
A013194,R08,2191.52,low,none,0.84044075,0.020247707,0.031596933,0.10771458,none
A035578,R01,7363.23,high,none,0.7957357,0.10696682,0.03820123,0.059096213,none
A035356,R03,5273.12,high,none,0.95201856,0.016636228,0.014445165,0.016899982,none
A013313,R01,15074.86,high,dd_stop,0.9596551,0.0010447922,0.0069483207,0.032351844,none
A032472,R07,43557.36,high,none,0.885079,0.015848551,0.0056223697,0.09345008,none
A005436,R06,2576.94,low,none,0.9361153,0.0046186685,0.034238018,0.025028018,none
A014127,R07,13102.79,high,none,0.9121397,0.033330202,0.03454392,0.019986125,none
A019487,R07,6587.14,high,none,0.9326294,0.04470499,0.0062915212,0.016374111,none
A005968,R00,3857.4,low,none,0.9101065,0.013890998,0.0058957436,0.070106745,none
A020155,R09,13920.04,high,none,0.69225365,0.008149323,0.012371464,0.2872255,none
A001770,R07,12959.5,high,none,0.9502679,0.0053528734,0.0084834965,0.035895646,none
A028946,R07,1523.78,low,none,0.8883738,0.014754815,0.026942316,0.06992914,none
A007618,R07,44585.26,high,none,0.96617323,0.0023977412,0.005198958,0.0262301,none
A020724,R09,1671.09,low,none,0.8769002,0.025541577,0.06552492,0.03203335,none
A022478,R07,4472.65,low,none,0.93605286,0.038980186,0.012543055,0.012423863,none
A007669,R07,3150.02,low,none,0.95984834,0.0152256675,0.0030484053,0.021877585,none
A018545,R06,9089.31,high,dormant,0.9587227,0.014635975,0.003350048,0.023291273,none
A014741,R03,2994.76,low,none,0.95765173,0.013134212,0.0056556873,0.023558324,none
A002395,R05,1280.28,low,none,0.945392,0.00090324116,0.027800478,0.025904309,none
A030910,R00,19906.03,high,none,0.9144413,0.043838587,0.023245042,0.018475065,none
A024177,R08,13404.13,high,dd_stop,0.8199982,0.018703295,0.060698807,0.100599654,none
A031426,R04,4526.09,low,none,0.9134683,0.044538263,0.011862672,0.030130744,none
A015942,R09,4904.92,low,none,0.8674391,0.035550434,0.06926603,0.027744394,none
A038886,R02,7059.48,high,large_withdrawal,0.8416706,0.05056922,0.07865477,0.029105434,none
A035782,R02,25955.21,high,none,0.8201072,0.0032108359,0.060446005,0.11623591,none
A019986,R07,1949.28,low,none,0.72980285,0.025725761,0.0053640944,0.23910725,none
A001320,R06,1455.02,low,dormant,0.93496376,0.018902192,0.024853205,0.021280851,none
A020976,R03,6356.59,high,none,0.87601334,0.015703358,0.011074902,0.09720842,none
A029292,R01,4913.77,low,none,0.87194574,0.031216173,0.06386118,0.032976944,none
A019702,R03,21553.59,high,none,0.91433614,0.04163424,0.028650189,0.0153794,none
A031658,R00,2387.78,low,none,0.7996252,0.047607087,0.059559245,0.093208455,none
A002312,R04,1044.57,low,none,0.8478883,0.038291506,0.08524062,0.028579561,none
A019605,R09,24783.81,high,dormant,0.86624306,0.010170148,0.008534665,0.11505205,none
A036006,R04,5672.22,high,large_withdrawal,0.88838655,0.079786494,0.007028849,0.024798123,none
A036860,R07,25386.71,high,none,0.91829264,0.014790191,0.031874396,0.035042785,none
A005177,R06,13024.45,high,none,0.9010378,0.026822468,0.013927306,0.058212392,none
A024304,R05,5782.03,high,none,0.90614724,0.053445466,0.015463878,0.024943437,none
A019770,R04,14828.18,high,none,0.89297795,0.0043911445,0.07245098,0.030179963,none
A010492,R04,5911.54,high,none,0.9596686,0.00086987327,0.0060925707,0.03336902,none
A026337,R09,4440.22,low,none,0.86884993,0.024214817,0.07551254,0.03142272,none
A003104,R08,5087.35,high,none,0.9201835,0.02791694,0.026607865,0.025291722,none
A010588,R05,5557.17,high,none,0.9368693,0.0037470604,0.02469022,0.0346934,none
A006390,R04,9851.53,high,none,0.9197435,0.030043242,0.026005814,0.024207413,none
A011846,R04,1249.53,low,none,0.8597898,0.029917825,0.0056806416,0.10461171,none
A007966,R02,6442.13,high,none,0.8360936,0.10644726,0.03354946,0.023909668,none
A006207,R08,4611.9,low,large_withdrawal,0.5821814,0.027272958,0.015139099,0.37540656,none
A026907,R00,1099.38,low,none,0.890855,0.018749924,0.0144156115,0.075979434,none
A022606,R07,1360.59,low,none,0.7833275,0.036989402,0.07779511,0.101888,none
A026420,R02,15927.78,high,none,0.9156222,0.011113272,0.04236225,0.03090227,none
A025524,R02,4912.8,low,none,0.88251305,0.02576617,0.06882308,0.022897689,none
A037758,R03,1544.08,low,none,0.884274,0.05000474,0.04150626,0.024214964,none
A024669,R08,14266.05,high,none,0.91740495,0.045752812,0.014266787,0.02257544,none
A024602,R06,10693.27,high,dd_stop,0.9386627,0.012721499,0.019206053,0.029409727,none
A016396,R00,11607.67,high,dormant,0.93856114,0.0140813505,0.021483002,0.025874466,none
A008221,R09,24591.26,high,none,0.87525827,0.061747253,0.030175848,0.032818686,none
A023971,R04,5359.82,high,none,0.8534,0.02345096,0.08733791,0.03581111,none
A033092,R03,987.1,low,dormant,0.933035,0.015664082,0.019498952,0.031801958,none
A029322,R01,9147.28,high,none,0.6272041,0.018555123,0.010851914,0.3433888,none
A004027,R05,14239.43,high,none,0.97122645,0.00086147164,0.0054519014,0.022460159,none
A014977,R05,4330.75,low,none,0.9220632,0.0048574787,0.046202213,0.02687717,none
A019579,R07,7274.63,high,none,0.94146514,0.021256668,0.0041238046,0.033154413,none
A021250,R02,7611.9,high,none,0.9392564,0.029474791,0.008955953,0.02231289,none
A026605,R02,2023.01,low,none,0.7970787,0.061045673,0.08114205,0.060733538,none
A010812,R05,405.64,low,none,0.9359294,0.021101855,0.0039317855,0.039036956,none
A033543,R06,3386.12,low,none,0.9689988,0.00075692707,0.0058369734,0.024407268,none
A017421,R02,1149.81,low,none,0.8066081,0.06934916,0.08969209,0.03435063,none
A030775,R07,984.8,low,dd_stop,0.69222665,0.013919271,0.03601323,0.25784084,none
A018183,R00,20377.09,high,none,0.8693183,0.018170714,0.08123523,0.03127574,none
A019957,R07,6654.42,high,none,0.8975409,0.008975007,0.038475383,0.05500871,none
A026150,R09,84626.71,high,none,0.9041512,0.02068777,0.050589565,0.024571517,none
A039679,R04,8477.83,high,none,0.95300853,0.028301122,0.004526263,0.0141640995,none
A027862,R08,5408.57,high,none,0.91751224,0.063163616,0.0035077222,0.015816446,none
A035929,R08,7511.84,high,none,0.92653644,0.0042817774,0.0032039394,0.065977894,none
A036896,R08,552.4,low,none,0.8961112,0.022265196,0.02437228,0.05725131,none
A038673,R06,2608.1,low,large_withdrawal,0.9119326,0.02480379,0.040799838,0.02246382,none
A031577,R04,7129.67,high,none,0.8975708,0.05715499,0.014462826,0.030811332,none
A020959,R07,19803.53,high,none,0.9590521,0.0012099851,0.013841632,0.025896331,none
A000903,R03,6988.37,high,none,0.8969096,0.010647621,0.06395138,0.028491402,none
A015707,R07,28628.16,high,none,0.9526423,0.0070190267,0.02055489,0.019783795,none
A032832,R09,8745.54,high,none,0.9284298,0.031960323,0.022523206,0.017086739,none
A000517,R08,5650.53,high,none,0.59430337,0.017536473,0.012374974,0.37578523,none
A020888,R07,10489.98,high,none,0.86095256,0.04814882,0.059903517,0.030995075,none
A022214,R08,4118.96,low,none,0.9269836,0.0157289,0.03232041,0.024967127,none
A014515,R07,1550.64,low,none,0.9157421,0.023118163,0.035856955,0.025282726,none
A015973,R03,396.66,low,none,0.9303625,0.011218124,0.0027200144,0.0556994,none
A024640,R03,5967.99,high,none,0.957628,0.016145261,0.0053340704,0.020892609,none
A029355,R08,4775.17,low,none,0.9609866,0.01314224,0.006603756,0.019267319,none
A009632,R08,8707.77,high,none,0.879574,0.039432984,0.060522307,0.020470757,none
A024364,R04,6040.02,high,none,0.8909354,0.04597274,0.03115904,0.03193279,none
A025395,R09,14637.07,high,none,0.9040557,0.009348003,0.029304052,0.057292275,none
A035422,R02,10855.93,high,none,0.85523075,0.034487598,0.0504393,0.059842367,none
A026094,R06,1880.28,low,none,0.94565886,0.0060086865,0.008728508,0.039603893,none
A003340,R08,13963.38,high,none,0.8493753,0.10300734,0.027789835,0.019827534,none
A024092,R07,7156.84,high,none,0.9124605,0.035311002,0.03316929,0.019059204,none
A012155,R09,19458.94,high,none,0.9494434,0.031174708,0.004687413,0.014694479,none
A004312,R04,3647.09,low,none,0.9246437,0.04002329,0.00622647,0.029106582,none
A011710,R04,622.5,low,none,0.76710147,0.0028573163,0.1312279,0.098813355,none
A017092,R00,30986.8,high,none,0.9559859,0.019184265,0.0060506226,0.018779188,none
A003343,R08,2960.83,low,none,0.8346286,0.0049016173,0.058565345,0.10190449,none
A028227,R00,9479.71,high,none,0.95509934,0.004209683,0.013210648,0.027480325,none
A004857,R02,5265.14,high,none,0.9435739,0.009958004,0.008286845,0.038181268,none
A039318,R01,2782.11,low,none,0.8671448,0.03101421,0.0097443275,0.09209662,none
A008736,R02,8199.74,high,none,0.8304582,0.019921347,0.04649044,0.10313003,none
A009031,R01,97988.51,high,none,0.95387495,0.02045825,0.005978141,0.019688638,none
A029037,R00,406.82,low,none,0.9278118,0.023592282,0.016983323,0.031612583,none
A017863,R08,1839.68,low,none,0.95842105,0.0058748345,0.011580858,0.024123222,none
A017719,R05,5548.23,high,none,0.9329025,0.0009108986,0.033585113,0.032601453,none
A023410,R00,7274.0,high,none,0.6376489,0.020825295,0.028522616,0.31300327,none
A017874,R04,19637.49,high,none,0.8357842,0.036707878,0.09158059,0.035927337,none
A022272,R04,3478.31,low,none,0.93212897,0.012970289,0.028169796,0.0267309,none
A032979,R01,200527.64,high,none,0.9528373,0.002544722,0.0062554954,0.038362473,none
A027327,R05,32162.85,high,none,0.92440116,0.02631201,0.015014303,0.034272548,none
A000901,R05,1495.27,low,none,0.9015153,0.014431908,0.058030874,0.026021965,none
A017805,R01,1076.81,low,none,0.8989529,0.059199557,0.014715975,0.027131513,none
A028159,R01,3703.74,low,none,0.7842033,0.0051979194,0.023462947,0.18713582,none
A038836,R00,2411.81,low,none,0.9446737,0.0064680562,0.00806005,0.040798236,none
A027935,R00,3736.96,low,none,0.76070684,0.15968364,0.057327814,0.02228167,none
A023738,R05,21529.39,high,none,0.92963964,0.048134618,0.008148706,0.014077048,none
A006965,R07,5851.03,high,none,0.94212687,0.004600948,0.017301043,0.035971206,none
A029602,R00,520.78,low,none,0.87989163,0.01083711,0.08102765,0.028243572,none
A030990,R08,14652.07,high,none,0.9429361,0.018412547,0.01813712,0.020514188,none
A000175,R04,15652.12,high,none,0.9247536,0.027401293,0.014041421,0.033803746,none
A022174,R07,10289.12,high,none,0.9593179,0.0008371218,0.013821438,0.02602347,none
A011174,R09,12642.36,high,none,0.9111756,0.02998422,0.042915978,0.015924165,none
A037098,R08,25036.25,high,none,0.8091378,0.029740538,0.07411142,0.08701015,none
A033973,R02,7416.26,high,none,0.85936594,0.020858036,0.005528866,0.11424709,none
A020732,R02,9315.17,high,dormant,0.8953088,0.00081978715,0.024883434,0.07898806,none
A022367,R08,587.87,low,none,0.8732249,0.014687681,0.077299684,0.034787744,none
A006997,R02,290232.35,high,none,0.93760717,0.03101752,0.015392491,0.01598283,none
A022303,R02,4871.76,low,none,0.826418,0.07265919,0.077927865,0.022994952,none
A007646,R00,25713.45,high,none,0.83755064,0.04515748,0.03476595,0.08252598,none
A027707,R00,20522.45,high,none,0.9400906,0.033373985,0.004293944,0.022241483,none
A031318,R01,3496.47,low,none,0.94081515,0.015926376,0.01961349,0.023645012,none
A021968,R00,8446.03,high,none,0.8700653,0.018747823,0.04675506,0.06443187,none
A038077,R09,658.11,low,none,0.9568612,0.026448516,0.0027066113,0.013983631,none
A009268,R01,5402.53,high,none,0.90623796,0.04825429,0.023955606,0.0215521,none
A017067,R03,28419.03,high,none,0.9404441,0.012015793,0.021828886,0.025711216,none
A027861,R09,30657.83,high,none,0.93978876,0.009156699,0.016778728,0.03427587,none
A017772,R09,33265.27,high,none,0.95969164,0.017648388,0.003809356,0.018850613,none
A006342,R02,5373.26,high,none,0.90357393,0.00085965835,0.053067107,0.042499296,none
A022670,R00,1330.46,low,none,0.941528,0.032787558,0.0049679144,0.02071651,none
A007497,R03,14645.86,high,none,0.8794333,0.078060284,0.026567671,0.01593873,none
A001327,R04,5722.53,high,none,0.9258139,0.021110702,0.030688992,0.022386435,none
A031573,R00,6168.65,high,none,0.9517311,0.016694862,0.00642765,0.025146483,none
A010334,R01,5514.18,high,none,0.9220931,0.044429395,0.0035417809,0.0299358,none
A004152,R00,31594.03,high,dd_stop,0.9549828,0.0039552688,0.012888812,0.02817318,none
A014061,R04,2478.41,low,none,0.75842845,0.015941856,0.015471139,0.2101585,none
A011009,R03,7556.59,high,none,0.85339594,0.051520597,0.05317589,0.041907605,none
A018623,R02,6560.05,high,none,0.89986014,0.056820024,0.022401255,0.020918593,none
A000076,R05,7382.02,high,none,0.9416668,0.025389584,0.015608195,0.017335448,none
A018037,R03,11457.36,high,none,0.8924043,0.07462588,0.013094857,0.019874867,none
A018983,R01,786.48,low,none,0.95112205,0.011386544,0.0058378163,0.031653672,none
A000221,R01,6788.18,high,none,0.8722876,0.06580444,0.041130636,0.020777341,none
A006396,R07,8852.66,high,none,0.85337865,0.05781209,0.023122383,0.06568688,none
A015944,R00,1782.58,low,dormant,0.8949537,0.008930204,0.009233987,0.08688205,none
A017789,R05,16536.98,high,none,0.8325868,0.042362,0.04385135,0.081199855,none
A001912,R06,5127.17,high,none,0.9313514,0.03160565,0.00850739,0.02853551,none
A018689,R04,10343.78,high,none,0.96187,0.017468834,0.006184079,0.01447702,none
A026798,R04,4095.11,low,none,0.8556039,0.08063214,0.047417298,0.016346725,none
A001387,R03,1244.68,low,none,0.8946007,0.038287576,0.029394362,0.037717417,none
A022659,R07,2963.75,low,none,0.8489149,0.04216098,0.08142363,0.02750049,none
A026546,R04,4123.85,low,none,0.80297196,0.067540094,0.045965068,0.083522886,none
A037274,R00,29189.74,high,none,0.9173473,0.018619444,0.02999964,0.03403362,none
A033087,R03,1037.24,low,none,0.8742041,0.057732433,0.04094231,0.02712113,none
A011851,R04,40943.21,high,none,0.8618033,0.01319924,0.024227299,0.10077019,none
A031060,R08,2507.47,low,none,0.91213995,0.0044961474,0.04635419,0.03700969,none
A034726,R05,7282.85,high,none,0.9403941,0.016350226,0.013842474,0.029413173,none
A031998,R08,4749.07,low,none,0.9368614,0.026637878,0.011410695,0.025090002,none
A002461,R04,6321.32,high,none,0.88589895,0.025266375,0.05801777,0.030816872,none
A038169,R07,18411.29,high,none,0.85183924,0.005099552,0.017321669,0.12573949,none
A032918,R04,5958.13,high,none,0.91716653,0.041994967,0.021607636,0.019230887,none
A011917,R02,1780.17,low,none,0.88405025,0.031175682,0.031767834,0.053006176,none
A036867,R02,3591.07,low,none,0.9464039,0.019622974,0.005216442,0.028756637,none
A010519,R06,14796.26,high,none,0.91879785,0.04931739,0.012849699,0.019035097,none
A013514,R03,7303.67,high,none,0.93599194,0.0415049,0.0063525313,0.016150573,none
A020043,R09,1385.99,low,none,0.8924336,0.007887992,0.049966093,0.049712326,none
A000241,R05,9023.84,high,none,0.9365079,0.018624095,0.027575416,0.017292613,none
A014985,R04,4724.77,low,large_withdrawal,0.9298271,0.039281942,0.0070934636,0.023797499,none
A014231,R07,18818.06,high,none,0.93784666,0.027607694,0.015310574,0.019235015,none
A018383,R00,2069.91,low,none,0.8541028,0.030174408,0.072166756,0.043556016,none
A035604,R00,5612.73,high,none,0.9431304,0.025208564,0.007934035,0.02372707,none
A020698,R04,2463.96,low,none,0.9532584,0.0042101326,0.008544186,0.03398725,none
A002336,R03,5881.71,high,none,0.92744535,0.039108723,0.0050881645,0.028357735,none
A021102,R04,3571.44,low,none,0.8054227,0.055096317,0.10829414,0.031186843,none
A003077,R04,5274.48,high,dormant,0.9250169,0.03209446,0.014941013,0.02794763,none
A012965,R03,7306.75,high,none,0.6781428,0.019119136,0.022092063,0.280646,none
A012096,R02,2132.59,low,none,0.9600605,0.005975528,0.012039742,0.02192425,none
A024164,R02,2733.21,low,none,0.9206466,0.024267051,0.019722164,0.03536415,none
A015958,R07,768.35,low,none,0.834099,0.013828903,0.064558476,0.08751365,none
A031491,R02,10082.02,high,none,0.9548865,0.008444425,0.008791382,0.02787774,none
A021274,R08,1417.18,low,none,0.9262854,0.007294381,0.037269413,0.029150788,none
A018746,R05,4020.15,low,none,0.9432203,0.019658726,0.008667068,0.028453857,none
A023115,R08,449.73,low,none,0.84382534,0.06678185,0.05502015,0.034372676,none
A009699,R08,1598.42,low,none,0.7315797,0.04142006,0.096602604,0.13039754,none
A001687,R05,27016.67,high,none,0.8841863,0.012733642,0.030789578,0.072290495,none
A008988,R05,6233.67,high,none,0.8998703,0.051230073,0.03152409,0.017375564,none
A008130,R00,2748.02,low,none,0.94327193,0.028748943,0.004612739,0.023366367,none
A035044,R08,2391.45,low,none,0.6461462,0.004143165,0.035042256,0.31466836,none
A006444,R00,32053.39,high,large_withdrawal,0.94576424,0.0283054,0.0064210743,0.01950934,none
A001260,R02,22310.67,high,none,0.84219927,0.039073285,0.093624935,0.025102515,none
A022239,R03,4579.35,low,dormant,0.877948,0.011203848,0.029508598,0.0813395,none
A003164,R04,2059.2,low,none,0.8298817,0.01763996,0.035972085,0.11650619,none
A019540,R00,1355.33,low,none,0.9459582,0.0005700749,0.027249182,0.026222562,none
A020801,R05,30422.52,high,none,0.8609267,0.01940933,0.06801387,0.051650092,none
A012605,R03,2466.4,low,none,0.85948634,0.060888868,0.05456046,0.025064364,none
A026590,R07,19743.37,high,none,0.9603052,0.011671331,0.007604207,0.0204192,none
A037295,R09,6501.7,high,none,0.8973737,0.040422194,0.033603825,0.028600305,none
A018423,R08,5688.95,high,none,0.89061755,0.041793577,0.034185965,0.033402927,none
A017855,R08,1618.06,low,none,0.96354806,0.015133228,0.0043269196,0.016991802,none
A032893,R01,2736.86,low,none,0.9211172,0.018878292,0.020936606,0.03906786,none
A024590,R07,16401.05,high,none,0.86852837,0.0102036465,0.03740156,0.083866455,none
A039040,R01,13227.88,high,none,0.8825311,0.04144049,0.052531246,0.023497196,none
A009714,R04,2279.97,low,none,0.9560676,0.014854547,0.0058775246,0.023200328,none
A031962,R00,12280.65,high,none,0.88222194,0.019255323,0.0062958193,0.09222694,none
A039962,R08,16969.24,high,none,0.9578186,0.022141574,0.0040914323,0.015948335,none
A036310,R04,801.94,low,none,0.836419,0.10884455,0.027187638,0.027548887,none
A019291,R01,10067.69,high,none,0.8823421,0.024185672,0.015501202,0.07797106,none
A017555,R09,2658.69,low,dd_stop,0.8118902,0.09795584,0.068574354,0.0215796,none
A022820,R09,4585.56,low,none,0.89165765,0.023601688,0.003986663,0.08075404,none
A018153,R02,1509.25,low,none,0.89251256,0.014669023,0.048710655,0.044107784,none
A003893,R01,15333.56,high,none,0.890384,0.013682018,0.0034804186,0.09245351,none
A015644,R08,25648.1,high,none,0.9290542,0.04485623,0.002927832,0.023161666,none
A004836,R09,8643.7,high,none,0.87808245,0.033149738,0.007799715,0.08096807,none
A013011,R09,1863.94,low,none,0.95693314,0.006589248,0.007929533,0.028548053,none
A036644,R00,163.16,low,none,0.8814007,0.038642265,0.017175544,0.062781475,none
A016524,R07,1554.94,low,none,0.856031,0.049303148,0.0479,0.046765894,none
A024765,R03,18443.61,high,none,0.95223355,0.01947533,0.0045095263,0.02378158,none
A017053,R07,3978.31,low,none,0.8695725,0.037053633,0.06598576,0.027388122,none
A002007,R02,16133.0,high,none,0.9425049,0.03510279,0.0043919543,0.018000418,none
A013232,R04,5370.54,high,none,0.91204154,0.03370535,0.02854595,0.025707114,none
A034113,R06,2323.8,low,dormant,0.63486063,0.009089346,0.013149071,0.34290096,none
A001783,R08,6555.36,high,none,0.83588654,0.0043848413,0.04485532,0.11487326,none
A021640,R05,6325.71,high,none,0.8741321,0.02403908,0.06938082,0.03244798,none
A035691,R01,846.81,low,none,0.8292924,0.029928315,0.029903937,0.11087532,none
A025497,R09,8944.69,high,none,0.9299091,0.04287415,0.007827988,0.019388724,none
A004700,R01,4428.48,low,none,0.7200321,0.112091415,0.052912828,0.11496363,none
A000639,R08,10557.38,high,none,0.86632305,0.0013684285,0.0108913565,0.12141717,none
A019891,R02,12658.19,high,none,0.90205383,0.03451454,0.02658682,0.036844768,none
A036249,R08,2646.64,low,none,0.93269587,0.017386459,0.027229976,0.022687726,none
A022790,R01,6138.82,high,none,0.6567269,0.011317362,0.02434057,0.30761516,none
A005920,R04,10005.48,high,none,0.95220304,0.009705877,0.02112472,0.016966358,none
A014830,R06,2525.96,low,none,0.83284605,0.0876306,0.0134968925,0.06602647,none
A017909,R00,710.97,low,none,0.8669534,0.026285836,0.026214464,0.08054629,none
A037427,R01,2365.39,low,none,0.8376725,0.036757667,0.030627396,0.09494248,none
A024953,R02,7121.32,high,none,0.78871244,0.10229517,0.038192354,0.07080008,none
A022242,R07,10837.88,high,none,0.9340588,0.013435907,0.021203175,0.03130215,none
A028123,R01,21033.89,high,none,0.876619,0.028525965,0.07096239,0.023892676,none
A017934,R07,11462.43,high,none,0.94197655,0.03422084,0.0041978583,0.019604761,none
A011830,R07,15414.86,high,none,0.92636436,0.029907243,0.020503225,0.02322524,none
A019167,R09,4718.24,low,none,0.9395689,0.02242131,0.01314161,0.024868237,none
A024802,R04,1003.87,low,none,0.7771151,0.081267014,0.027461505,0.11415634,none
A025665,R02,14667.74,high,none,0.9068879,0.039042898,0.03242745,0.021641772,none
A019423,R06,2536.72,low,dormant,0.89353305,0.0059300167,0.021200119,0.07933682,none
A013133,R02,3735.56,low,none,0.86853707,0.00064721244,0.018054906,0.1127608,none
A019811,R05,15003.5,high,none,0.92137915,0.024262972,0.030614017,0.023743844,none
A008240,R07,528.17,low,dormant,0.932914,0.037458047,0.016419552,0.01320838,none
A036252,R08,2088.27,low,none,0.84954435,0.0051577957,0.021772498,0.12352536,none
A003740,R04,13362.35,high,none,0.852859,0.0295581,0.013811659,0.103771254,none
A012529,R08,2786.83,low,none,0.8843578,0.009639951,0.066691816,0.039310414,none
A011806,R03,7967.71,high,none,0.9244948,0.0007931069,0.0026835578,0.07202854,none
A031109,R04,675.82,low,none,0.89011467,0.021704225,0.05940074,0.028780367,none
A001543,R07,6754.37,high,none,0.93055105,0.012345463,0.02171246,0.035390962,none
A012861,R07,3194.84,low,large_withdrawal,0.8702187,0.03151908,0.016886756,0.081375435,none
A023814,R07,10352.31,high,none,0.9394448,0.009507167,0.031567354,0.019480688,none
A028053,R03,3471.86,low,none,0.9518539,0.017991224,0.006482885,0.023672014,none
A034995,R01,1559.44,low,dormant,0.8198435,0.008764379,0.060417574,0.110974565,none
A005408,R09,1145.84,low,dormant,0.6106899,0.0074099107,0.06727416,0.3146261,none
A022979,R04,21006.78,high,none,0.952217,0.01211666,0.007920364,0.027745934,none
A007819,R01,11131.85,high,none,0.8270246,0.10816451,0.038729567,0.026081353,none
A031088,R01,6050.09,high,none,0.9151281,0.0018191087,0.05507267,0.02798004,none
A017094,R01,1836.08,low,none,0.88172275,0.06282192,0.030826697,0.024628663,none
A024846,R08,20391.13,high,none,0.9292062,0.01048185,0.019028112,0.041283857,none
A038940,R05,7174.28,high,none,0.82089895,0.11443689,0.04515956,0.01950463,none
A027695,R03,12813.35,high,none,0.84312594,0.05479851,0.078859806,0.023215745,none
A036921,R05,4171.33,low,dormant,0.854612,0.023239747,0.027428884,0.09471935,none
A019431,R08,6241.04,high,none,0.9508988,0.018649334,0.017874673,0.012577189,none
A004964,R04,3643.56,low,none,0.9356721,0.02336376,0.01366542,0.027298719,none
A000787,R04,4917.53,low,none,0.87622267,0.07760036,0.028982284,0.017194716,none
A039013,R00,5336.36,high,none,0.8212779,0.07050792,0.078694835,0.02951936,none
A026278,R00,4120.84,low,none,0.8692088,0.057933286,0.030317059,0.042540845,none
A004480,R03,44649.78,high,none,0.86721116,0.05659846,0.013515096,0.062675275,none
A017224,R09,792.78,low,none,0.8496249,0.010934668,0.01756103,0.12187943,none
A020497,R07,7034.06,high,none,0.8870658,0.05419403,0.033693537,0.025046611,none
A002034,R07,56163.24,high,none,0.91897863,0.01415027,0.044979215,0.021891827,none
A003833,R05,3347.12,low,none,0.97233486,0.0067973323,0.004213415,0.016654426,none
A023462,R05,1941.31,low,dormant,0.8104452,0.09028193,0.051270146,0.048002727,none
A029591,R03,5247.36,high,none,0.9001169,0.03505877,0.035757445,0.029066931,none
A030241,R07,2690.56,low,none,0.84119177,0.092305325,0.047955412,0.018547518,none
A035164,R02,13043.74,high,none,0.8114019,0.026853865,0.055448487,0.10629573,none
A005642,R09,756.42,low,none,0.64349115,0.019258624,0.03244231,0.3048079,none
A019817,R03,11621.39,high,none,0.84228367,0.055378605,0.030148583,0.07218918,none
A020865,R01,809.65,low,none,0.9266599,0.014542045,0.03534337,0.023454662,none
A027609,R02,1074.44,low,none,0.8664506,0.06526643,0.03538777,0.032895207,none
A037047,R03,1701.25,low,none,0.89405113,0.0056623444,0.02073507,0.0795515,none
A038705,R07,2787.27,low,large_withdrawal,0.8609241,0.025226464,0.039035033,0.07481438,none
A020897,R07,11964.61,high,none,0.9428699,0.032399148,0.0038836398,0.020847334,none
A030851,R03,7539.02,high,none,0.897298,0.036486194,0.046746273,0.019469604,none
A035460,R02,4245.97,low,none,0.9174883,0.013906222,0.016219683,0.05238585,none
A019801,R05,9214.18,high,large_withdrawal,0.934651,0.045075566,0.0024337561,0.01783963,none
A020866,R09,3317.99,low,none,0.9144822,0.0135067105,0.04701646,0.024994615,none
A032732,R04,38938.79,high,dormant,0.95367366,0.007121634,0.0030403214,0.03616438,none
A034212,R04,7813.04,high,none,0.8441199,0.019107183,0.03192857,0.10484431,none
A011590,R01,3958.61,low,none,0.9476019,0.0013315768,0.020261727,0.030804774,none
A036354,R04,4576.76,low,none,0.7836126,0.029820528,0.041696228,0.14487068,none
A020099,R04,14393.72,high,none,0.90155405,0.051763933,0.014633645,0.032048345,none
A008854,R09,2856.64,low,none,0.9190968,0.044593282,0.01758911,0.01872077,none
A019747,R02,1426.59,low,none,0.92089194,0.036315657,0.01811394,0.024678536,none
A020061,R00,3371.16,low,none,0.9455565,0.012134142,0.014650248,0.02765905,none
A024380,R04,7865.82,high,none,0.9093399,0.03259513,0.03569941,0.022365594,none
A001044,R01,413.74,low,none,0.9482417,0.004738706,0.018115416,0.0289042,none
A006994,R01,2982.6,low,none,0.83946,0.09676349,0.042702146,0.021074384,none
A026429,R02,969.59,low,none,0.8892565,0.023127727,0.013168611,0.074447155,none
A037902,R08,3035.2,low,none,0.969056,0.000512743,0.01366728,0.016763981,none
A016889,R06,4560.28,low,none,0.85531056,0.039808694,0.059802074,0.04507865,none
A035922,R07,2795.46,low,none,0.7917783,0.016609194,0.008498706,0.18311377,none
A010574,R07,9130.65,high,none,0.9671349,0.015859777,0.0030711526,0.013934154,none
A029101,R06,16329.52,high,none,0.9289818,0.015531559,0.032301053,0.023185557,none
A003029,R08,6331.08,high,none,0.9730747,0.0008728971,0.0056953896,0.020357007,none
A014009,R03,2282.21,low,none,0.9491525,0.017342696,0.008778694,0.024726076,none
A000025,R01,3184.6,low,dd_stop,0.54477626,0.0398509,0.057968516,0.3574043,none
A009175,R01,2594.68,low,none,0.94036937,0.00757382,0.016599035,0.03545781,none
A002301,R02,3425.99,low,none,0.86312985,0.01900209,0.085485615,0.03238239,none
A028359,R06,1609.83,low,none,0.95388156,0.018784877,0.012763042,0.014570563,none
A033006,R00,4678.0,low,none,0.88559246,0.025959833,0.06297265,0.025475075,none
A008257,R01,2137.57,low,dormant,0.67699873,0.028840795,0.018410694,0.27574977,none
A031335,R03,4644.14,low,large_withdrawal,0.8406563,0.09779247,0.03737408,0.024177132,none
A008884,R00,12353.67,high,none,0.73026437,0.02101478,0.013339196,0.23538162,none
A023272,R05,2197.01,low,none,0.90717334,0.01625782,0.053137075,0.023431743,none
A007458,R00,12640.55,high,none,0.93168795,0.049754653,0.0024446577,0.016112737,none
A017631,R02,8855.31,high,none,0.8786899,0.011513132,0.0231791,0.08661788,none
A020037,R06,7614.42,high,none,0.9137774,0.0006204389,0.01319325,0.07240897,none
A024684,R05,4913.6,low,none,0.80963135,0.08374205,0.07804507,0.02858159,none
A023377,R06,9379.53,high,none,0.9664225,0.0027493043,0.0069228923,0.023905307,none
A026024,R05,2467.73,low,none,0.96257144,0.0063564773,0.007982736,0.023089351,none
A030652,R04,70907.51,high,none,0.96049196,0.0044160844,0.008102389,0.026989616,none
A002066,R08,18020.32,high,none,0.8980862,0.03725344,0.00508257,0.059577864,none
A022923,R02,2129.0,low,none,0.93778867,0.029231656,0.0052716364,0.027708048,none
A018191,R05,3095.57,low,dormant,0.64406824,0.0061524324,0.0117248455,0.3380545,none
A015471,R00,1404.2,low,dd_stop,0.9163858,0.014272591,0.039309207,0.030032316,none
A004288,R08,1657.37,low,dd_stop,0.9344304,0.029998885,0.015935304,0.019635404,none
A014802,R01,3190.54,low,none,0.95353544,0.014055074,0.01155607,0.020853402,none
A017542,R03,6481.69,high,none,0.7268357,0.0077146827,0.016888633,0.24856097,none
A028431,R02,3050.02,low,none,0.84611607,0.0046104733,0.046828713,0.10244475,none
A016159,R04,1624.64,low,none,0.79095906,0.034082517,0.0712295,0.103728935,none
A027816,R07,4172.5,low,none,0.9522232,0.0057791257,0.01552677,0.026471,none
A031307,R04,27996.67,high,none,0.8944022,0.03813673,0.036744025,0.030717015,none
A032016,R04,671.47,low,dormant,0.8507602,0.006963288,0.006496799,0.1357797,none
A023480,R04,21841.76,high,none,0.9381929,0.020366611,0.0075668404,0.033873625,none
A035904,R06,2370.05,low,none,0.94241685,0.04358092,0.005261592,0.008740669,none
A026305,R04,17668.31,high,none,0.8803221,0.001592257,0.004209887,0.11387571,none
A015988,R05,7073.75,high,none,0.84800893,0.039867073,0.038037047,0.07408694,none
A003040,R00,38991.46,high,none,0.92950594,0.010486037,0.012210541,0.047797494,none
A029607,R02,14797.17,high,none,0.7537856,0.0007544414,0.017837426,0.22762254,none
A015556,R01,268.01,low,none,0.9352931,0.020806655,0.024673892,0.019226419,none
A038434,R08,5636.08,high,none,0.88852745,0.0025553445,0.013285716,0.09563145,none
A013953,R03,4720.19,low,none,0.9542634,0.0051769163,0.008115521,0.03244412,none
A037604,R08,30454.41,high,none,0.95515037,0.022165608,0.0049963654,0.017687725,none
A036302,R00,2480.76,low,none,0.8864361,0.021169828,0.0055273776,0.08686666,none
A010367,R09,9430.56,high,none,0.84735847,0.011483086,0.016982632,0.124175824,none
A009785,R06,5412.52,high,none,0.9324248,0.020031523,0.027924025,0.019619716,none
A034081,R02,2207.48,low,dormant,0.86685807,0.007249891,0.004402224,0.12148981,none
A037698,R04,3306.99,low,none,0.8875767,0.0065066796,0.06746003,0.03845658,none
A025887,R05,29262.13,high,none,0.94495493,0.017808076,0.0101326965,0.027104283,none
A016012,R01,7113.58,high,none,0.8667781,0.008723437,0.04543179,0.0790667,none
A023220,R00,649.74,low,none,0.8945413,0.056666516,0.024817593,0.023974556,none
A018195,R08,2118.47,low,none,0.92279357,0.011457396,0.004921955,0.060827058,none
A037779,R05,925.75,low,dormant,0.7180229,0.0013413556,0.020919891,0.2597159,none
A036016,R09,23991.47,high,none,0.82967687,0.03998191,0.016349057,0.113992184,none
A034294,R02,7006.87,high,none,0.77650714,0.041736204,0.08475764,0.09699901,none
A036600,R08,21725.05,high,none,0.95639277,0.015431142,0.00351751,0.024658635,none
A017836,R02,5828.44,high,none,0.92366815,0.019052858,0.031307064,0.025971947,none
A021754,R01,2520.27,low,dormant,0.91869676,0.018681783,0.027726032,0.034895442,none
A013866,R01,3027.42,low,none,0.81624234,0.030976927,0.06031543,0.09246529,none
A006454,R09,52739.33,high,none,0.9563628,0.013705536,0.003050263,0.026881445,none
A029140,R05,951.72,low,none,0.93871534,0.022489624,0.016436964,0.022358054,none
A029192,R06,1639.99,low,none,0.88999814,0.005018364,0.0064320695,0.098551445,none
A003124,R06,1091.66,low,none,0.8074729,0.0114329215,0.030236788,0.15085742,none
A030648,R00,2337.16,low,none,0.84327346,0.044755097,0.07309575,0.038875636,none
A018982,R01,8951.1,high,none,0.91263354,0.06377227,0.0064267507,0.017167438,none
A007096,R00,5067.2,high,dormant,0.8599987,0.042794026,0.071492486,0.025714796,none
A024932,R06,40425.04,high,none,0.92025715,0.02276643,0.039721143,0.017255278,none
A032082,R09,25856.22,high,none,0.838951,0.053590417,0.08234899,0.025109617,none
A007519,R07,8255.32,high,none,0.9529303,0.011948696,0.0102208955,0.024900187,none
A033276,R03,2522.01,low,large_withdrawal,0.8493661,0.042258933,0.064526856,0.04384806,none
A034766,R07,6396.38,high,none,0.9030558,0.0008448863,0.026729183,0.069370106,none
A005859,R02,2809.15,low,none,0.89529157,0.013055405,0.053402834,0.038250174,none
A032949,R04,8118.44,high,none,0.79393727,0.01613469,0.07871441,0.111213565,none
A004425,R05,4520.7,low,none,0.80147326,0.0016103139,0.07251057,0.124405876,none
A038621,R05,1487.38,low,none,0.9653585,0.014616303,0.005408092,0.0146171525,none
A021238,R01,12934.38,high,none,0.95247775,0.020134784,0.0071459473,0.020241546,none
A007787,R05,2999.9,low,none,0.8930968,0.033572465,0.011520292,0.061810505,none
A034129,R08,2869.08,low,none,0.9032275,0.009737935,0.0044602994,0.082574315,none
A004162,R09,1817.1,low,none,0.8540623,0.030474618,0.07272806,0.042734932,none
A008908,R02,5332.54,high,none,0.9093527,0.041478135,0.029091924,0.020077165,none
A002980,R04,5039.37,high,none,0.8841898,0.024915392,0.0043405467,0.08655426,none
A038062,R01,1117.5,low,none,0.7102901,0.09986997,0.067330986,0.12250902,none
A039082,R08,5001.12,high,none,0.96856433,0.007271874,0.002696251,0.021467563,none
A026616,R08,1769.39,low,none,0.9577876,0.016152611,0.0060046283,0.020055182,none
A023527,R03,11063.5,high,none,0.97008103,0.0036155197,0.0066488995,0.019654555,none
A004046,R04,3484.67,low,none,0.8984439,0.039449908,0.027148021,0.034958143,none
A007892,R06,5944.72,high,none,0.9224442,0.016072722,0.031245282,0.030237762,none
A025225,R09,8322.38,high,none,0.8627091,0.017136252,0.012426257,0.10772835,none
A032459,R02,38304.2,high,none,0.9714366,0.0005037639,0.005371714,0.022687903,none
A009474,R02,2596.65,low,dormant,0.8233083,0.0032794161,0.05923743,0.114174865,none
A020500,R03,5872.19,high,none,0.9482029,0.01880157,0.0029495698,0.030045927,none
A001248,R04,822.76,low,none,0.83925366,0.030923244,0.047839426,0.08198369,none
A036603,R01,5611.99,high,none,0.83780015,0.032593306,0.038579825,0.091026686,none
A015864,R06,66149.17,high,none,0.9272477,0.03462611,0.013583579,0.024542581,none
A030183,R06,7448.93,high,none,0.9198504,0.055114403,0.010825805,0.014209409,none
A003411,R05,5192.31,high,none,0.90898293,0.04391631,0.031211384,0.01588939,none
A019685,R00,8708.35,high,none,0.7037667,0.020575743,0.02548955,0.25016797,none
A032797,R07,57216.74,high,none,0.9164571,0.0011328715,0.04940033,0.033009704,none
A024950,R04,16099.62,high,dormant,0.8449302,0.043487117,0.016337182,0.0952455,none
A000374,R00,8418.23,high,none,0.9672675,0.0054917485,0.006977738,0.020263018,none
A012723,R00,555.66,low,dormant,0.8984221,0.017433304,0.053147346,0.03099718,none
A020421,R02,15741.8,high,none,0.88975006,0.041391656,0.044002347,0.02485598,none
A020001,R07,6354.47,high,none,0.9196793,0.057224486,0.009323447,0.013772762,none
A024120,R01,776.9,low,none,0.94159883,0.0050044334,0.021047793,0.03234889,none
A022621,R03,1853.01,low,none,0.96551013,0.015188722,0.004555515,0.014745596,none
A028127,R06,6357.78,high,none,0.90023696,0.025699496,0.047164544,0.026899008,none
A027451,R06,6493.52,high,none,0.9522288,0.015195124,0.0057623056,0.026813788,none
A009059,R01,6309.8,high,none,0.8711691,0.02313153,0.07854344,0.02715594,none
A004262,R03,14904.99,high,none,0.8649898,0.053577423,0.0040892903,0.0773435,none
A016306,R00,24799.9,high,dd_stop,0.9332477,0.020454539,0.0194333,0.026864495,none
A013585,R05,932.82,low,none,0.86585736,0.10483326,0.015456376,0.013852958,none
A001852,R04,23420.12,high,none,0.92242706,0.039790586,0.0070009637,0.030781418,none
A009491,R00,1394.49,low,none,0.84556484,0.054345157,0.0311759,0.06891406,none
A032151,R01,3006.81,low,none,0.91988045,0.013101578,0.025442058,0.04157594,none
A009612,R04,1855.95,low,none,0.94953984,0.017913822,0.013598247,0.018948138,none
A039730,R00,34081.6,high,none,0.90633565,0.028938916,0.022413166,0.042312227,none
A007278,R08,1727.88,low,none,0.9130854,0.022317939,0.02744681,0.037149858,none
A031749,R02,2900.35,low,none,0.7585372,0.0011447999,0.055209585,0.18510844,none
A012584,R00,3266.34,low,none,0.8884372,0.0014766052,0.070739314,0.03934686,none
A036818,R06,10533.41,high,none,0.8941233,0.049136046,0.03520228,0.021538325,none
A033105,R00,99051.46,high,none,0.8232777,0.00775836,0.007899908,0.16106401,none
A023426,R00,3053.43,low,dormant,0.3820774,0.025005331,0.012502111,0.5804151,dormant
A013082,R08,41487.98,high,none,0.95764846,0.011259765,0.008507647,0.022584124,none
A029948,R09,3657.66,low,none,0.9290767,0.013973192,0.0042254096,0.05272475,none
A031014,R00,1427.29,low,none,0.95634913,0.0011923286,0.013503801,0.028954681,none
A000958,R09,22321.22,high,none,0.9024112,0.003042739,0.06419743,0.030348623,none
A026154,R02,2776.34,low,none,0.81381893,0.03621491,0.046762645,0.10320346,none
A031192,R03,2586.65,low,none,0.8797458,0.061695114,0.041750494,0.016808601,none
A030963,R09,1623.95,low,none,0.9501714,0.0029366086,0.017016305,0.029875742,none
A024644,R00,4114.01,low,none,0.92694986,0.014556248,0.029225497,0.029268382,none
A037923,R08,23002.59,high,dormant,0.8737544,0.014779582,0.018289264,0.09317684,none
A034571,R04,773.07,low,none,0.84187394,0.025597773,0.05382084,0.078707404,none
A029816,R07,22458.43,high,none,0.85105836,0.01861944,0.04685106,0.08347112,none
A000826,R00,3966.55,low,none,0.8810494,0.020890407,0.017501075,0.080559105,none
A010786,R09,2380.35,low,none,0.95517224,0.015962439,0.005176369,0.023688955,none
A005999,R07,7620.96,high,none,0.8869955,0.013441375,0.03666171,0.062901445,none
A016981,R09,2249.33,low,none,0.72526985,0.010630957,0.012782491,0.25131676,none
A014193,R05,6875.45,high,none,0.85622853,0.030055508,0.034604788,0.07911116,none
A026436,R01,1210.33,low,none,0.886302,0.016897263,0.064453036,0.032347705,none
A033483,R09,6992.0,high,none,0.9437712,0.02433058,0.01749447,0.0144037455,none
A004987,R01,3242.08,low,none,0.8530955,0.034964204,0.074146,0.037794333,none
A031645,R09,2557.19,low,none,0.8604293,0.020607,0.011853264,0.107110515,none
A032877,R02,13695.25,high,none,0.9059552,0.00976888,0.04435518,0.03992069,none
A015914,R08,3856.13,low,none,0.92023396,0.047371075,0.012202529,0.020192478,none
A035519,R09,1602.24,low,none,0.7673433,0.08515764,0.011123584,0.13637552,none
A018927,R07,3501.02,low,none,0.908238,0.028709466,0.026337905,0.03671467,none
A018040,R07,3627.59,low,none,0.92274153,0.00901809,0.05203451,0.016205925,none
A003080,R07,3235.52,low,none,0.90445894,0.01510205,0.008294654,0.07214437,none
A031416,R03,4080.63,low,none,0.8669288,0.04749286,0.0048438306,0.08073449,none
A029197,R01,3386.26,low,none,0.91292596,0.01050699,0.003895282,0.07267178,none
A030860,R05,8114.75,high,none,0.9613026,0.02099007,0.005880394,0.011826963,none
A033550,R01,12765.08,high,none,0.69243044,0.018943418,0.0075981477,0.281028,none
A035446,R03,12161.13,high,none,0.95861775,0.025124462,0.0036772059,0.012580577,none
A022839,R06,15618.22,high,none,0.94071037,0.02595895,0.0038745375,0.029456154,none
A011366,R00,4301.18,low,none,0.8365278,0.0043926765,0.045759365,0.11332011,none
A039909,R00,7876.5,high,none,0.9280259,0.018592246,0.029453602,0.023928294,none
A014905,R08,996.19,low,none,0.9199451,0.026701158,0.020680958,0.032672722,none
A031922,R06,4055.95,low,none,0.88539815,0.014148749,0.07238369,0.028069483,none
A001311,R08,11468.16,high,none,0.76166755,0.039398123,0.11134583,0.087588504,none
A007675,R04,4111.53,low,none,0.88798237,0.05935278,0.029396046,0.023268767,none
A007190,R08,2526.65,low,none,0.9541604,0.014222372,0.01427609,0.0173411,none
A009959,R09,17155.82,high,none,0.9262001,0.006461643,0.025169477,0.042168833,none
A019861,R08,5109.35,high,none,0.88722146,0.05160637,0.034806125,0.026365994,none
A011383,R08,5484.29,high,none,0.8385867,0.004559299,0.014367351,0.14248672,none
A019410,R09,1828.26,low,none,0.89551294,0.015981015,0.005287796,0.08321831,none
A032747,R05,19918.36,high,none,0.9114564,0.022220984,0.0051663206,0.06115626,none
A039942,R02,1016.95,low,none,0.9183506,0.011689377,0.030830929,0.03912914,none
A039552,R04,11521.73,high,none,0.8793602,0.018639432,0.01515477,0.0868456,none
A022631,R09,10331.16,high,none,0.87797695,0.012437288,0.0732533,0.03633249,none
A030397,R09,696.39,low,none,0.94654584,0.004849009,0.016751496,0.03185367,none
A023597,R08,6059.88,high,none,0.89904994,0.014852713,0.0028964437,0.08320088,none
A015759,R01,3539.06,low,none,0.97772425,0.0070996997,0.003217714,0.011958313,none
A001699,R05,1527.71,low,none,0.8623489,0.0143388035,0.023832815,0.09947949,none
A035005,R03,6486.48,high,none,0.92425483,0.011599586,0.02945074,0.034694865,none
A037684,R06,28468.85,high,none,0.88159597,0.021318901,0.05834527,0.03873989,none
A021112,R06,1596.81,low,none,0.92162657,0.018652394,0.027211394,0.032509707,none
A022280,R05,10679.95,high,none,0.8911862,0.015054624,0.015042575,0.078716606,none
A006403,R05,6601.85,high,none,0.94567966,0.019350791,0.01330327,0.021666288,none
A016617,R02,10708.24,high,none,0.9677393,0.0122568365,0.0027575095,0.01724639,none
A033255,R06,2916.07,low,none,0.71674657,0.03243591,0.018350836,0.23246674,none
A004556,R04,3301.15,low,none,0.90711856,0.033500127,0.017629698,0.041751593,none
A013606,R06,24669.5,high,none,0.7490277,0.020265102,0.0036037825,0.22710338,none
A025570,R00,3701.3,low,none,0.81698996,0.06454364,0.029108971,0.089357436,none
A013998,R04,2017.96,low,none,0.82091117,0.057499494,0.008401557,0.11318779,none
A011290,R01,911.78,low,none,0.8881265,0.012510384,0.020785442,0.078577675,none
A002321,R04,4344.06,low,none,0.7546352,0.06427509,0.060431354,0.120658316,none
A002415,R00,1811.66,low,none,0.79180455,0.007817935,0.01831163,0.18206586,none
A022469,R08,9995.88,high,none,0.9012684,0.034126062,0.04783685,0.016768673,none
A024696,R08,2782.23,low,none,0.73434883,0.07871224,0.06358037,0.12335852,none
A002196,R03,5948.42,high,none,0.9156736,0.02475681,0.028579088,0.030990439,none
A026964,R01,36387.06,high,none,0.85506034,0.043375235,0.0681441,0.033420358,none
A021649,R02,6736.17,high,none,0.91656,0.036195807,0.018614093,0.028630162,none
A007490,R01,7555.6,high,dd_stop,0.5645475,0.01566842,0.06078131,0.35900277,none
A011558,R05,1947.56,low,dd_stop,0.8353844,0.0040631075,0.06584839,0.09470403,none
A006456,R01,860.79,low,large_withdrawal,0.8244979,0.047886927,0.032235894,0.09537925,none
A008561,R09,1326.27,low,none,0.927895,0.010591064,0.032455634,0.029058328,none
A003757,R04,4653.29,low,none,0.84475964,0.06345338,0.062375255,0.02941168,none
A039738,R01,9551.35,high,none,0.968288,0.015728941,0.0034676136,0.012515493,none
A024072,R02,28690.32,high,none,0.93788004,0.029293053,0.0058140345,0.027012913,none
A001227,R08,18667.16,high,none,0.8784554,0.057759486,0.036588628,0.027196433,none
A031752,R09,5180.97,high,none,0.82640505,0.053421993,0.03307325,0.08709965,none
A007878,R02,13760.03,high,none,0.9158745,0.032734025,0.01188902,0.039502434,none
A029058,R05,4071.43,low,none,0.73886555,0.009093012,0.0057876753,0.24625377,none
A006018,R01,2294.7,low,none,0.8618316,0.0009702848,0.009844031,0.12735407,none
A013034,R03,7767.44,high,none,0.8223479,0.07822589,0.077062055,0.02236412,none
A015044,R00,2559.83,low,none,0.8663605,0.057173245,0.039720345,0.036745958,none
A003583,R05,4257.4,low,none,0.91058075,0.06107521,0.004097424,0.024246573,none
A024282,R04,392.94,low,none,0.9309155,0.030530041,0.0052332194,0.03332121,none
A022739,R09,11085.96,high,none,0.9269159,0.026095377,0.022917343,0.024071464,none
A029668,R02,1742.67,low,none,0.93116295,0.02796839,0.018382575,0.02248609,none
A031205,R03,2681.7,low,none,0.88672954,0.0364698,0.041243047,0.0355576,none
A025973,R09,16287.93,high,none,0.9103118,0.01543072,0.043764245,0.030493194,none
A008941,R03,435.58,low,dormant,0.87073743,0.06810666,0.046139363,0.01501651,none
A002318,R08,2109.91,low,none,0.8619836,0.04346378,0.04791367,0.046638917,none
A005238,R08,2612.43,low,none,0.89268076,0.012077727,0.004528008,0.090713434,none
A031919,R04,5645.06,high,none,0.9010328,0.06641094,0.011103113,0.021453196,none
A019812,R05,9260.1,high,none,0.9523707,0.027118372,0.003114873,0.017396016,none
A036746,R00,4972.15,low,none,0.8771756,0.033038825,0.062744096,0.027041402,none
A036669,R06,9506.76,high,none,0.95078623,0.008694972,0.022558887,0.017959913,none
A034447,R06,7432.75,high,none,0.92969054,0.0151569275,0.034260664,0.02089186,none
A007383,R00,13444.57,high,none,0.95430857,0.012231836,0.006058623,0.027400965,none
A032196,R05,1255.03,low,none,0.8609473,0.047451075,0.030524366,0.061077323,none
A009514,R01,10949.49,high,none,0.90810627,0.03761309,0.036216326,0.018064344,none
A033646,R06,943.92,low,none,0.9539207,0.0034435363,0.0056465403,0.036989238,none
A015329,R08,15661.6,high,none,0.9378055,0.002312402,0.031949356,0.027932825,none
A000656,R00,1840.98,low,none,0.9210026,0.0087661445,0.021341119,0.048890073,none
A001772,R05,9263.44,high,none,0.96019596,0.015071869,0.007917603,0.016814511,none
A029769,R06,2515.28,low,none,0.93563753,0.02309435,0.0058656665,0.035402447,none
A030970,R05,1999.54,low,none,0.9626196,0.01736482,0.0020909994,0.017924523,none
A015255,R04,2308.72,low,dormant,0.8417697,0.046122875,0.014561879,0.09754554,none
A002437,R05,1061.43,low,none,0.92295027,0.019019146,0.026530845,0.03149982,none
A002795,R00,1232.16,low,none,0.8925524,0.015507823,0.03673869,0.055201128,none
A029557,R05,43609.85,high,none,0.9474222,0.014436423,0.0093335565,0.028807806,none
A004497,R04,2951.73,low,none,0.95949197,0.008353393,0.004447664,0.027706997,none
A017564,R04,4281.61,low,none,0.95286024,0.02362889,0.004789779,0.01872114,none
A020383,R00,5794.24,high,large_withdrawal,0.88912207,0.057628173,0.035963584,0.017286206,none
A023325,R04,22886.96,high,none,0.8778341,0.04071883,0.046198733,0.035248395,none
A015830,R07,4026.53,low,none,0.8440133,0.032616995,0.027529867,0.095839866,none
A021469,R02,10337.62,high,none,0.8361609,0.033601943,0.09118606,0.039051116,none
A037085,R09,3998.69,low,none,0.87657565,0.0028540785,0.017206766,0.10336352,none
A028213,R06,3022.68,low,dd_stop,0.9089057,0.024824899,0.03373237,0.032537036,none
A030953,R04,7299.54,high,none,0.9321569,0.022765195,0.01698367,0.028094212,none
A009598,R00,27389.13,high,none,0.9145032,0.028140198,0.024971852,0.03238476,none
A016622,R01,2987.06,low,none,0.8599415,0.027919624,0.070138685,0.042000163,none
A018190,R06,8540.78,high,none,0.9135517,0.016417777,0.048929263,0.021101238,none
A033242,R09,3760.13,low,none,0.89224595,0.0067071333,0.009200105,0.09184686,none
A009726,R07,22073.19,high,none,0.9499554,0.026587985,0.007990597,0.015466013,none
A038474,R02,3098.08,low,none,0.8142495,0.057045024,0.09640301,0.03230242,none
A036928,R00,12134.97,high,none,0.8899149,0.04095789,0.031359423,0.03776781,none
A017187,R01,7579.91,high,none,0.8982767,0.06746394,0.009424737,0.02483468,none
A035799,R03,84055.62,high,none,0.9173413,0.014066495,0.009849972,0.058742248,none
A024822,R05,3433.1,low,none,0.91033155,0.050970837,0.009676991,0.029020585,none
A003904,R07,16351.09,high,none,0.91626394,0.051148564,0.009511114,0.023076389,none
A017461,R03,17971.69,high,none,0.8985326,0.058809087,0.01963344,0.023024835,none
A037340,R05,4894.36,low,none,0.8705336,0.048752636,0.056366544,0.024347218,none
A031684,R01,5648.42,high,none,0.8860175,0.027728416,0.061124153,0.025129966,none
A031040,R05,11895.62,high,none,0.88703066,0.009877274,0.027352422,0.07573969,none
A014692,R03,22723.46,high,none,0.9446669,0.012594789,0.011076572,0.031661697,none
A019881,R04,4264.42,low,none,0.94773275,0.011653831,0.016561035,0.024052432,none
A037396,R06,24383.27,high,none,0.77750623,0.0301746,0.027841661,0.16447751,none
A004535,R01,1967.41,low,none,0.6419713,0.01430933,0.010869424,0.33284995,none
A003073,R07,14488.31,high,none,0.91516215,0.0009987876,0.0086250985,0.075213954,none
A038770,R05,4092.86,low,dormant,0.8783578,0.043178845,0.0048323064,0.07363107,none
A021514,R00,12311.55,high,none,0.92077154,0.015742835,0.008781112,0.054704547,none
A018705,R01,742.23,low,none,0.8424266,0.04493081,0.07129686,0.041345667,none
A031805,R01,47079.85,high,none,0.950239,0.0050065764,0.007302624,0.037451815,none
A013871,R04,3110.92,low,none,0.88059443,0.016110495,0.00751758,0.095777445,none
A013520,R00,54826.02,high,none,0.7871491,0.08378225,0.10072272,0.028345944,none
A026475,R09,3518.45,low,none,0.857311,0.029455356,0.086899735,0.02633396,none
A026669,R04,665.59,low,none,0.93886125,0.028759087,0.015126586,0.017253093,none
A000157,R03,7370.92,high,none,0.93429095,0.010105051,0.030328665,0.025275372,none
A020984,R07,2184.35,low,none,0.90423363,0.015063999,0.012745707,0.067956656,none
A001144,R01,4951.16,low,none,0.8906532,0.014478935,0.012997022,0.08187092,none
A017773,R03,4374.14,low,dormant,0.9700856,0.0054034526,0.0054724882,0.019038465,none
A023917,R06,8776.39,high,none,0.88627726,0.019608557,0.006634973,0.08747923,none
A032100,R08,2026.23,low,none,0.8855673,0.04080713,0.055365413,0.018260192,none
A011876,R09,37597.98,high,large_withdrawal,0.75674206,0.083797604,0.06007808,0.099382296,none
A032017,R02,5710.09,high,none,0.80855906,0.044828814,0.053112358,0.09349977,none
A003294,R09,7680.3,high,none,0.93440783,0.030254325,0.0141743645,0.021163458,none
A030765,R02,720.64,low,none,0.8999209,0.013837727,0.004118254,0.082123116,none
A004270,R05,11786.5,high,large_withdrawal,0.7968669,0.07683533,0.004886708,0.12141111,none
A025845,R03,723.68,low,none,0.9134352,0.054061107,0.009026107,0.023477565,none
A019782,R08,2238.49,low,none,0.8904581,0.011018553,0.015292954,0.08323038,none
A032390,R01,9260.63,high,none,0.8757753,0.030127779,0.007834013,0.08626298,none
A014168,R03,1842.73,low,none,0.8651522,0.042168792,0.060323384,0.032355662,none
A015500,R02,110079.39,high,none,0.9429669,0.018093174,0.019974282,0.018965697,none
A004876,R07,5922.76,high,none,0.79068184,0.07839201,0.050930742,0.07999535,none
A010973,R01,7191.58,high,none,0.79209185,0.010840838,0.09576315,0.10130422,none
A000173,R04,15885.08,high,none,0.86262506,0.019605918,0.08743422,0.030334806,none
A014323,R03,7700.38,high,none,0.8710793,0.02735325,0.013347451,0.08821994,none
A025109,R02,5899.61,high,none,0.88339186,0.05153799,0.048917376,0.016152706,none
A005810,R04,9201.45,high,none,0.95301837,0.024926957,0.0048386334,0.017216034,none
A025434,R05,1981.03,low,none,0.8792926,0.05453986,0.039046887,0.027120652,none
A026759,R00,2048.03,low,dormant,0.35131562,0.0032300914,0.03426745,0.61118686,dormant
A017971,R00,3674.48,low,none,0.8891521,0.011323458,0.0064765397,0.09304785,none
A002610,R05,1744.53,low,none,0.94020545,0.012753873,0.015230413,0.031810243,none
A034134,R08,5829.66,high,none,0.871333,0.015319666,0.02389776,0.08944956,none
A021239,R01,3678.61,low,none,0.85658175,0.022384493,0.037519965,0.08351373,none
A008681,R00,18858.01,high,none,0.7776989,0.08854698,0.0355043,0.098249845,none
A014633,R09,13014.06,high,none,0.94628537,0.024929158,0.010930892,0.017854506,none
A017197,R02,3115.34,low,none,0.91984475,0.008447384,0.027727036,0.043980822,none
A039986,R00,1407.55,low,none,0.9123278,0.017157072,0.0038744225,0.066640705,none
A014198,R00,2099.07,low,none,0.86140287,0.014291976,0.022688156,0.10161704,none
A004788,R08,19359.88,high,none,0.96565896,0.01337103,0.004383864,0.016586108,none
A001583,R09,4365.41,low,none,0.76014656,0.10837233,0.018933272,0.11254783,none
A012768,R09,3479.22,low,none,0.87279624,0.0042640343,0.023885733,0.09905395,none
A030790,R07,1254.35,low,none,0.92515683,0.013027356,0.037441194,0.024374628,none
A007670,R03,1956.75,low,none,0.78200835,0.0047888625,0.0054866,0.20771621,none
A038785,R01,20178.36,high,none,0.8711875,0.015116427,0.03862399,0.07507209,none
A005423,R05,3819.64,low,none,0.9009253,0.001229852,0.06083543,0.037009466,none
A014993,R00,8040.02,high,dormant,0.7380926,0.0037216553,0.03896605,0.21921968,none
A030467,R01,1687.13,low,none,0.83222216,0.02800585,0.103381015,0.036390923,none
A026966,R08,10330.2,high,none,0.83989614,0.044845887,0.008093371,0.107164554,none
A015176,R09,5737.77,high,none,0.89770955,0.0021594088,0.083931796,0.016199304,none
A032453,R01,23716.06,high,none,0.83705384,0.0042735976,0.018189892,0.1404827,none
A013320,R07,9687.96,high,none,0.9126772,0.052886438,0.0066237748,0.02781252,none
A021360,R09,1158.46,low,none,0.8300502,0.0129435975,0.076325454,0.080680795,none
A001567,R03,14747.29,high,none,0.93081963,0.013482621,0.03131737,0.024380345,none
A010419,R00,6055.62,high,none,0.87858015,0.073064454,0.032524075,0.015831282,none
A027203,R02,996.81,low,none,0.87305796,0.014272988,0.07552031,0.037148803,none
A005755,R09,1975.8,low,none,0.9255804,0.0070619583,0.040293336,0.027064387,none
A039886,R06,1305.45,low,none,0.93541247,0.018253034,0.02698817,0.019346258,none
A036165,R08,13195.36,high,none,0.9183573,0.010763811,0.0062145083,0.06466442,none
A034180,R03,2015.37,low,none,0.91820985,0.015480057,0.039237913,0.027072173,none
A016893,R08,1752.49,low,none,0.9388001,0.027925594,0.012640684,0.02063358,none
A003990,R04,4673.23,low,none,0.9403196,0.009814547,0.02470353,0.025162317,none
A003352,R01,2102.39,low,none,0.9229869,0.0017180983,0.04089005,0.034404915,none
A039054,R08,2562.34,low,none,0.93099827,0.016729832,0.013955454,0.038316417,none
A023719,R00,945.73,low,none,0.9080563,0.029078688,0.003258106,0.059606858,none
A008206,R02,957.1,low,none,0.8314056,0.0073023573,0.034739155,0.12655291,none
A036969,R01,4962.4,low,none,0.8686569,0.007120991,0.0040886076,0.12013358,none
A012119,R03,5267.24,high,none,0.91098887,0.062844954,0.010104781,0.016061371,none
A031511,R04,11189.46,high,none,0.65027237,0.015453083,0.036134392,0.29814014,none
A012046,R00,327.26,low,none,0.69217175,0.21433899,0.0772659,0.016223343,none
A036108,R02,10157.38,high,none,0.91427207,0.036817968,0.021881629,0.02702839,none
A000218,R02,5050.46,high,none,0.85857797,0.025599575,0.023809992,0.09201252,none
A028464,R00,10361.36,high,none,0.8468488,0.0014271506,0.06296738,0.088756666,none
A017953,R07,17000.43,high,none,0.8555031,0.048920978,0.067709446,0.027866514,none
A017656,R00,2652.07,low,none,0.818848,0.02507128,0.062366195,0.09371455,none
A007344,R06,13023.56,high,none,0.9435922,0.030138934,0.0054398766,0.02082905,none
A000694,R01,1795.99,low,none,0.7988166,0.083641484,0.082360625,0.0351813,none
A006908,R03,10040.21,high,none,0.9115874,0.021952365,0.0047380175,0.061722238,none
A033522,R09,2324.15,low,none,0.89943975,0.07420327,0.012916166,0.013440753,none
A035275,R05,9410.14,high,none,0.8369709,0.001865789,0.027313398,0.13384987,none
A012441,R08,2002.51,low,none,0.8673049,0.029144747,0.07233654,0.031213762,none
A034831,R06,7211.88,high,none,0.88192713,0.024820268,0.067962445,0.02529011,none
A039731,R03,4111.01,low,none,0.89823323,0.003975412,0.06257983,0.0352115,none
A015202,R02,5628.12,high,dd_stop,0.8148411,0.04061929,0.005971485,0.13856816,none
A024246,R01,32864.63,high,dormant,0.6100725,0.0036957588,0.05303577,0.33319595,none
A006663,R03,1656.61,low,none,0.8169043,0.00810112,0.05289288,0.12210174,none
A038997,R06,3586.13,low,none,0.95296144,0.015458637,0.0067796162,0.024800248,none
A013562,R09,3670.77,low,none,0.94656783,0.020006487,0.013559442,0.019866217,none
A027882,R02,3921.52,low,none,0.89251524,0.021899875,0.0033389076,0.08224592,none
A006507,R06,384.7,low,none,0.9004476,0.028905919,0.03919893,0.031447537,none
A032737,R00,1198.95,low,dd_stop,0.8862896,0.014763704,0.050043184,0.048903476,none
A014637,R01,1577.39,low,none,0.82210547,0.1326764,0.030793982,0.014424134,none
A036936,R09,3935.82,low,dd_stop,0.8949133,0.025466632,0.04175369,0.03786636,none
A034136,R07,8279.82,high,none,0.89758015,0.029468404,0.0538331,0.019118354,none
A009994,R01,1799.76,low,none,0.9406795,0.01654471,0.020216446,0.022559347,none
A015018,R09,3227.28,low,none,0.7180191,0.006593455,0.062031787,0.21335563,none
A004820,R08,1429.38,low,none,0.8984031,0.061385717,0.023736356,0.016474854,none
A003553,R05,7662.65,high,none,0.903244,0.03419799,0.03984414,0.022713793,none
A034777,R02,756.61,low,none,0.9158479,0.04199467,0.013752084,0.02840533,none
A021201,R04,5703.9,high,none,0.95026535,0.015377937,0.0042663016,0.030090362,none
A006399,R00,5446.92,high,none,0.9000989,0.06961587,0.0060896534,0.024195502,none
A032033,R06,9021.29,high,none,0.9435406,0.02449797,0.0060253018,0.025936102,none
A031287,R05,23445.56,high,none,0.8781175,0.0602092,0.049438126,0.012235179,none
A030053,R02,3347.77,low,none,0.82759166,0.036557276,0.042760994,0.09309006,none
A007919,R03,2462.22,low,none,0.8940711,0.010587589,0.07236079,0.022980474,none
A018906,R06,795.41,low,none,0.8371882,0.08256299,0.054623656,0.025625145,none
A031193,R02,12793.93,high,none,0.49373907,0.01161744,0.010649518,0.48399395,none
A026593,R04,1669.97,low,dormant,0.81901467,0.00762918,0.0672484,0.106107764,none
A013676,R04,1276.49,low,none,0.92192537,0.015047161,0.030101368,0.032926146,none
A020158,R07,287.54,low,none,0.9229546,0.00415034,0.013450378,0.05944472,none
A029427,R05,4217.2,low,none,0.85927373,0.070388,0.028579155,0.04175916,none
A008832,R03,1357.32,low,none,0.9218397,0.034593824,0.018368455,0.02519803,none
A024126,R01,3630.92,low,none,0.87800527,0.007918028,0.009214183,0.10486255,none
A034914,R07,1110.83,low,none,0.9475656,0.015869388,0.013308454,0.023256497,none
A012312,R04,2292.38,low,none,0.77606,0.043482233,0.07404273,0.10641506,none
A011898,R01,5802.1,high,none,0.8792236,0.02347368,0.01468535,0.08261737,none
A006384,R01,3868.82,low,none,0.93240756,0.024444563,0.019160645,0.02398717,none
A026179,R09,11259.87,high,none,0.8916839,0.03193947,0.044483762,0.031892844,none
A001136,R06,5616.12,high,none,0.9597726,0.000954944,0.011748125,0.027524404,none
A032650,R03,15007.39,high,none,0.88719743,0.013411972,0.004490026,0.09490057,none
A039619,R01,47930.64,high,none,0.98249567,0.0026051747,0.002108938,0.012790265,none
A017601,R08,8623.12,high,none,0.91789615,0.008947666,0.0035133087,0.06964283,none
A037969,R02,12354.53,high,none,0.91302115,0.025089936,0.014538616,0.04735029,none
A031638,R00,1351.57,low,large_withdrawal,0.9430713,0.012326977,0.014405093,0.030196661,none
A001390,R00,2710.58,low,none,0.9467186,0.016825631,0.015099389,0.021356434,none
A034398,R09,7060.21,high,none,0.7896487,0.009334718,0.095092766,0.10592382,none
A016334,R08,6077.59,high,none,0.5999506,0.00068802317,0.029252086,0.37010923,none
A031666,R00,15613.78,high,none,0.89507765,0.051898,0.03144288,0.021581417,none
A011337,R00,10073.71,high,none,0.93170357,0.048533797,0.0037126294,0.016050028,none
A036001,R04,566.57,low,none,0.8858629,0.048173018,0.040507343,0.025456714,none
A000489,R00,1494.26,low,none,0.8713654,0.06562734,0.032748874,0.030258339,none
A010345,R01,3915.96,low,none,0.94934165,0.006682297,0.017093388,0.026882619,none
A024712,R09,2926.84,low,none,0.8053432,0.007540641,0.04350835,0.14360774,none
A020662,R03,1416.92,low,none,0.48892242,0.019453429,0.023348233,0.4682759,none
A034541,R09,1172.08,low,none,0.8930823,0.016176159,0.031771522,0.058970015,none
A038908,R04,4816.29,low,none,0.93577397,0.034802105,0.0074831145,0.021940785,none
A033698,R05,1827.53,low,none,0.8684215,0.037674494,0.05914705,0.034756888,none
A039027,R05,3040.45,low,none,0.95033437,0.0144226905,0.010061884,0.0251811,none
A032697,R00,3219.8,low,none,0.8089456,0.009438898,0.07337207,0.10824343,none
A017185,R09,14638.69,high,none,0.9259385,0.049088012,0.0070017823,0.017971782,none
A037088,R09,4854.81,low,none,0.9635491,0.0030424616,0.0068958346,0.02651265,none
A005566,R02,6443.37,high,none,0.8896347,0.06408388,0.021151988,0.025129378,none
A026105,R00,1050.17,low,dormant,0.7601639,0.025367085,0.011150001,0.20331898,none
A029852,R05,10139.16,high,none,0.964381,0.008709236,0.00675728,0.020152533,none
A037246,R09,17204.07,high,none,0.76861274,0.02421955,0.098678984,0.10848876,none
A037860,R07,6416.88,high,none,0.8769138,0.027665513,0.0111458525,0.08427489,none
A002978,R06,939.81,low,none,0.9348806,0.02109395,0.022795727,0.021229723,none
A035955,R08,5235.38,high,none,0.9490873,0.023166826,0.0069426512,0.0208032,none
A028492,R00,30245.74,high,none,0.8422961,0.014798681,0.045262083,0.09764313,none
A009436,R02,1516.07,low,none,0.94475746,0.022314446,0.009640708,0.023287455,none
A036089,R04,3690.61,low,none,0.9382202,0.01985766,0.017111437,0.024810728,none
A020992,R06,1975.81,low,dormant,0.8468889,0.012753289,0.05385211,0.08650576,none
A035233,R00,2105.4,low,large_withdrawal,0.8837916,0.07859016,0.022569548,0.015048712,none
A039504,R01,21510.36,high,none,0.6687034,0.020133674,0.0071709794,0.30399194,none
A023474,R08,11579.7,high,none,0.84451365,0.045791175,0.032156236,0.07753899,none
A029724,R04,1962.16,low,none,0.89493704,0.024387576,0.059088886,0.021586532,none
A033027,R04,1581.21,low,dd_stop,0.8266794,0.12626103,0.027217947,0.019841587,none
A032331,R00,10432.79,high,none,0.9329303,0.01807791,0.016306818,0.032684926,none
A004797,R00,728.94,low,large_withdrawal,0.7752673,0.09193184,0.09171406,0.041086722,none
A015949,R06,253.9,low,dormant,0.7744238,0.06756006,0.109008335,0.049007863,none
A002971,R06,6577.25,high,none,0.83659637,0.10772551,0.037447423,0.018230733,none
A032839,R07,39867.02,high,none,0.92273265,0.01828406,0.016832238,0.042151034,none
A021992,R00,1491.4,low,none,0.796145,0.039877534,0.035870034,0.1281074,none
A001241,R07,4203.5,low,none,0.84761703,0.008845972,0.035871703,0.10766526,none
A038603,R07,10671.42,high,none,0.95573527,0.01928207,0.0060120733,0.018970594,none
A023045,R07,756.58,low,none,0.6941503,0.19932412,0.07467566,0.03184989,none
A034225,R03,608.54,low,none,0.8658634,0.0040930533,0.036008507,0.094035126,none
A029221,R07,2428.27,low,none,0.88735706,0.02363419,0.0033359455,0.0856728,none
A032847,R01,1701.1,low,none,0.94420266,0.026227776,0.008397219,0.021172388,none
A009071,R03,27542.89,high,none,0.8604932,0.034103096,0.026267739,0.07913596,none
A018905,R03,917.72,low,none,0.950944,0.004225742,0.01724542,0.027584821,none
A030342,R04,2349.65,low,none,0.96227,0.0139639815,0.00430924,0.019456804,none
A035881,R08,5964.02,high,none,0.87813514,0.009425481,0.011720226,0.10071912,none
A002928,R02,3476.91,low,none,0.90515447,0.028002763,0.024667662,0.04217512,none
A017844,R06,26436.06,high,none,0.96242744,0.0030138965,0.017965067,0.016593555,none
A021590,R08,1105.03,low,none,0.92107403,0.012188413,0.04055765,0.02617996,none
A031323,R07,617.23,low,none,0.87117386,0.013901264,0.017069397,0.09785548,none
A036384,R05,4419.39,low,none,0.914009,0.027560094,0.029915072,0.028515825,none
A013131,R02,11346.37,high,none,0.8589996,0.033883564,0.011994808,0.09512197,none
A026956,R06,2058.35,low,dormant,0.9158276,0.019734522,0.031852745,0.032585178,none
A007366,R02,6434.35,high,none,0.5655057,0.025001979,0.008385407,0.40110695,none
A005277,R07,9909.05,high,dormant,0.9248374,0.015321003,0.006180388,0.05366128,none
A018364,R02,6158.61,high,large_withdrawal,0.89288175,0.051790293,0.037096996,0.018231,none
A011583,R09,4479.67,low,none,0.8913895,0.036516577,0.04297462,0.029119292,none
A028797,R07,1284.87,low,none,0.80797833,0.020237062,0.081516854,0.090267785,none
A036287,R04,913.28,low,none,0.93934107,0.01350465,0.02155045,0.025603859,none
A033484,R06,55059.73,high,none,0.95611,0.014966098,0.007022853,0.021901088,none
A002814,R07,19358.55,high,none,0.9009008,0.022030694,0.051341582,0.025726933,none
A016363,R08,2386.2,low,none,0.9300799,0.020218814,0.011576422,0.038124934,none
A024880,R05,2226.61,low,none,0.8783213,0.023619888,0.06958235,0.028476465,none
A017829,R00,2515.31,low,none,0.8046669,0.11536809,0.05442603,0.025538987,none
A000237,R08,4902.45,low,none,0.89479774,0.011379793,0.0067933314,0.0870291,none
A025747,R09,2356.58,low,none,0.88853735,0.010841879,0.016987935,0.083632864,none
A012282,R07,16993.23,high,dormant,0.89641654,0.026691997,0.011766357,0.06512507,none
A007965,R06,2546.69,low,none,0.95318604,0.013183146,0.004015909,0.02961496,none
A002217,R07,1487.95,low,large_withdrawal,0.95112395,0.010851221,0.015573354,0.02245145,none
A022914,R08,2570.09,low,none,0.9393025,0.024788063,0.004225809,0.03168361,none
A006755,R07,30569.26,high,none,0.88770115,0.0010458243,0.0130656315,0.09818736,none
A001581,R02,1633.0,low,none,0.92924875,0.033570737,0.014538079,0.022642503,none
A016382,R01,2659.89,low,none,0.90137225,0.0058955117,0.024649337,0.06808295,none
A028372,R09,16970.5,high,none,0.9111773,0.05185033,0.020766405,0.016205993,none
A033816,R05,4157.9,low,none,0.8909278,0.016962284,0.0072730174,0.08483695,none
A032058,R09,23294.47,high,none,0.8614725,0.0069894884,0.0053901547,0.12614787,none
A008122,R03,6393.39,high,none,0.8434797,0.05098532,0.018511463,0.08702351,none
A033059,R01,1512.85,low,none,0.8958515,0.017477699,0.039355196,0.047315586,none
A024909,R01,62034.65,high,none,0.72861475,0.008945323,0.026689822,0.2357501,none
A032571,R02,8146.53,high,none,0.9460892,0.026711166,0.010290461,0.016909169,none
A038101,R00,2817.21,low,none,0.7683468,0.0141055975,0.0808319,0.13671568,none
A034343,R07,5296.8,high,none,0.8810869,0.01556273,0.006333437,0.09701691,none
A033099,R00,3278.27,low,none,0.8492896,0.044913877,0.006946721,0.09884983,none
A020661,R09,19896.95,high,none,0.96469593,0.01511285,0.0031439315,0.017047247,none
A033875,R06,13930.34,high,none,0.82983625,0.013163938,0.066791624,0.09020824,none
A032018,R00,2905.12,low,none,0.9337922,0.03014818,0.0031379252,0.032921717,none
A012734,R02,19862.72,high,large_withdrawal,0.89896804,0.036986973,0.036023248,0.028021762,none
A039409,R01,1906.22,low,none,0.93786484,0.032011632,0.0060196063,0.024103962,none
A036647,R08,10469.41,high,none,0.9414543,0.017611189,0.013154431,0.02778014,none
A036174,R06,10761.65,high,dormant,0.9064981,0.041713405,0.023331527,0.02845698,none
A023081,R01,413.75,low,none,0.9381602,0.02141256,0.014797962,0.025629357,none
A004862,R06,7823.59,high,none,0.8887644,0.026086705,0.051452085,0.03369682,none
A009494,R04,2389.02,low,none,0.8893868,0.019937648,0.053539194,0.037136402,none
A018138,R00,2936.62,low,none,0.82038724,0.042150147,0.032188665,0.10527394,none
A012435,R06,977.01,low,none,0.8933943,0.03182185,0.05172653,0.023057329,none
A025624,R04,12290.49,high,none,0.9321458,0.025872018,0.017394673,0.024587605,none
A034361,R01,22641.39,high,none,0.9040709,0.003980164,0.06174766,0.030201247,none
A037022,R03,3029.74,low,dd_stop,0.9355879,0.021812137,0.015763994,0.026836015,none
A039540,R06,4875.44,low,none,0.9160133,0.026162392,0.031191846,0.02663244,none
A030836,R05,10136.69,high,none,0.8908537,0.07398145,0.0049225227,0.03024235,none
A012807,R09,1080.15,low,none,0.9046436,0.05719211,0.018594636,0.01956971,none
A024321,R02,9446.88,high,none,0.9568512,0.019043032,0.0052806973,0.018825127,none
A011517,R00,5335.1,high,none,0.921206,0.024682675,0.028336106,0.02577522,none
A032566,R05,15978.58,high,none,0.8307986,0.07148799,0.07135916,0.026354171,none
A035711,R03,8149.51,high,none,0.8596332,0.07322991,0.04394659,0.023190295,none
A034142,R06,1652.91,low,none,0.9388597,0.011478196,0.022141172,0.02752094,none
A009957,R03,65157.52,high,dormant,0.845542,0.00592052,0.004763364,0.14377408,none
A014547,R00,1759.16,low,none,0.9301206,0.013953292,0.027612189,0.028313939,none
A037046,R06,2460.12,low,none,0.89660627,0.028937565,0.012749543,0.061706614,none
A029222,R02,2351.86,low,none,0.83842266,0.044713438,0.08396689,0.03289707,none
A027638,R03,2480.23,low,none,0.9657518,0.014103581,0.0032018183,0.016942754,none
A024052,R03,1392.6,low,none,0.8923423,0.02524565,0.05118872,0.03122331,none
A012759,R01,5349.2,high,none,0.85446054,0.042241257,0.07045328,0.032844983,none
A015081,R05,14495.58,high,none,0.8473985,0.078809746,0.050090745,0.023701033,none
A022828,R08,17964.06,high,none,0.9535186,0.020107856,0.003351517,0.023021925,none
A039560,R04,12561.67,high,none,0.8474485,0.06985284,0.054684937,0.028013768,none
A013494,R03,3832.39,low,none,0.89434433,0.0492678,0.034404013,0.02198393,none
A021235,R00,2731.28,low,none,0.8431063,0.07946645,0.014304744,0.063122414,none
A020773,R00,21929.03,high,none,0.9605504,0.0073651746,0.005704927,0.026379447,none
A036941,R05,12933.07,high,none,0.9606878,0.01954462,0.0051583014,0.014609202,none
A012264,R04,2527.35,low,none,0.9271551,0.023272663,0.01803633,0.031535976,none
A018231,R07,4871.69,low,none,0.8621953,0.032416705,0.07901307,0.026374847,none
A015524,R03,9669.33,high,none,0.9368096,0.03224804,0.0051187933,0.02582363,none
A010393,R09,8457.72,high,none,0.92421216,0.034288585,0.017140064,0.024359165,none
A031140,R07,6351.73,high,none,0.8241732,0.10410302,0.05213604,0.019587763,none
A022995,R07,12632.13,high,none,0.93093914,0.030583426,0.02232698,0.016150389,none
A010172,R03,1527.92,low,none,0.934632,0.0055813575,0.02285558,0.036931105,none
A018101,R01,7390.92,high,none,0.9405331,0.029416112,0.004796306,0.025254527,none
A020635,R04,11139.31,high,none,0.8801118,0.033387955,0.040226974,0.046273228,none
A017763,R03,4255.95,low,dormant,0.90880734,0.016979694,0.0038851341,0.07032782,none
A005779,R00,4690.76,low,none,0.9354401,0.04484333,0.004288123,0.015428447,none
A004573,R07,4479.44,low,none,0.84028465,0.04764865,0.027143417,0.08492327,none
A017644,R01,2133.7,low,none,0.97067404,0.006063395,0.0035400086,0.019722508,none
A000027,R01,3727.12,low,none,0.8340057,0.032868125,0.039687198,0.09343891,none
A023245,R03,1020.37,low,none,0.9077171,0.04922131,0.018969115,0.024092473,none
A034818,R05,6730.39,high,none,0.8274679,0.07140261,0.0730617,0.028067833,none
A009341,R06,2475.03,low,none,0.8914895,0.032271255,0.043590687,0.032648552,none
A006978,R08,6119.58,high,dd_stop,0.86855584,0.030615406,0.07227929,0.02854949,none
A008603,R02,5590.73,high,none,0.9474799,0.022269929,0.0068091513,0.023440972,none
A037725,R02,9944.21,high,none,0.8897476,0.014031689,0.025610508,0.07061015,none
A009867,R07,4001.48,low,dd_stop,0.90861624,0.009229318,0.04137947,0.040774982,none
A002675,R05,4465.26,low,dd_stop,0.8908373,0.0010564844,0.07185003,0.036256194,none
A015847,R09,2096.58,low,none,0.9657709,0.012915101,0.005366998,0.015946973,none
A016290,R05,4437.54,low,none,0.82858837,0.015345143,0.055236377,0.10083013,none
A028221,R03,3569.77,low,none,0.8658788,0.04728728,0.0056233974,0.0812105,none
A002679,R07,50353.87,high,none,0.9443407,0.009185498,0.014894235,0.031579487,none
A010937,R05,19517.93,high,none,0.942706,0.030954253,0.0134951165,0.012844616,none
A027055,R00,2254.09,low,none,0.89842254,0.030150464,0.027893823,0.043533213,none
A035662,R05,3539.44,low,none,0.95856607,0.023538403,0.0032367914,0.014658781,none
A019725,R02,8276.84,high,dormant,0.8685286,0.028789157,0.013802397,0.08887985,none
A003435,R02,48775.31,high,none,0.8963767,0.0068097888,0.06503076,0.031782683,none
A032711,R04,6145.38,high,none,0.9023149,0.034282435,0.035861995,0.027540624,none
A008262,R05,1734.87,low,none,0.906555,0.010405302,0.0041380925,0.07890164,none
A033335,R09,12551.02,high,none,0.8792515,0.01296831,0.014294952,0.09348528,none
A019471,R00,2841.47,low,large_withdrawal,0.9474694,0.012597656,0.015120474,0.02481249,none
A030291,R02,4043.21,low,dd_stop,0.77121055,0.028294755,0.096159,0.104335725,none
A020823,R00,2949.98,low,dd_stop,0.86478263,0.044585936,0.051113617,0.03951784,none
A016358,R01,2050.78,low,none,0.95254886,0.0077398582,0.004347225,0.035364043,none
A033060,R01,18895.82,high,none,0.9552961,0.0008598862,0.02257182,0.02127221,none
A028005,R05,3103.01,low,none,0.88024646,0.013457749,0.036964614,0.069331214,none
A022576,R08,4295.94,low,dormant,0.90442073,0.052292064,0.01565966,0.027627561,none
A038379,R07,925.68,low,none,0.90384394,0.018178893,0.009544724,0.06843244,none
A025760,R06,17916.83,high,dormant,0.87004745,0.031857476,0.01498507,0.083110005,none
A037101,R03,2371.67,low,none,0.93663126,0.018906653,0.018893244,0.025568908,none
A029951,R00,963.78,low,none,0.8847118,0.067761175,0.027801763,0.019725278,none
A035141,R06,975.26,low,none,0.89220095,0.027678674,0.0066727935,0.07344755,none
A024057,R05,5535.05,high,none,0.910301,0.01759621,0.04726329,0.024839452,none
A039442,R06,12004.65,high,none,0.94584966,0.003447007,0.022806184,0.027897188,none
A005836,R04,12200.42,high,none,0.86000437,0.036306165,0.075969525,0.027719956,none
A006043,R01,1540.0,low,dd_stop,0.6646417,0.009981831,0.07114549,0.254231,none
A012994,R02,1608.84,low,none,0.9374215,0.023090318,0.0176781,0.021810059,none
A025718,R03,1943.4,low,none,0.88746166,0.008000038,0.012892797,0.09164548,none
A013961,R00,2171.81,low,none,0.9349802,0.03208308,0.006394386,0.026542358,none
A032900,R09,3963.62,low,none,0.9144893,0.00500101,0.0037261273,0.076783486,none
A014862,R07,2089.45,low,dd_stop,0.7152941,0.08521417,0.10059563,0.098896086,none
A032403,R09,7250.64,high,none,0.9164433,0.052121177,0.019680211,0.011755262,none
A019541,R04,13175.34,high,none,0.8916339,0.021568216,0.0104674855,0.07633032,none
A038901,R00,2656.37,low,large_withdrawal,0.93638617,0.0099786585,0.003483806,0.050151333,none
A020186,R05,5656.61,high,none,0.84129846,0.00747676,0.06578548,0.085439295,none
A022718,R07,10735.62,high,none,0.95638436,0.01586706,0.009161317,0.01858726,none
A005549,R06,3311.27,low,none,0.9387195,0.028770776,0.0031511278,0.029358594,none
A013035,R07,4370.51,low,none,0.9384703,0.016736288,0.02145773,0.023335647,none
A037573,R02,6627.14,high,none,0.8460728,0.06968649,0.048451547,0.03578911,none
A029132,R07,5893.25,high,dormant,0.67130053,0.029104218,0.06840269,0.23119262,none
A017473,R03,9583.61,high,none,0.8878433,0.028837426,0.008702711,0.07461652,none
A028321,R00,15819.81,high,none,0.8731219,0.023264755,0.011189514,0.09242383,none
A020643,R04,10099.97,high,none,0.7887703,0.017308775,0.0792449,0.11467595,none
A014533,R02,2489.43,low,none,0.88768697,0.05315581,0.026132902,0.033024367,none
A023111,R07,1410.63,low,none,0.8835568,0.028303092,0.03942841,0.04871169,none
A039502,R00,7185.82,high,none,0.7996075,0.09931001,0.068891205,0.032191284,none
A024629,R04,8684.3,high,none,0.8862474,0.020279236,0.040089834,0.05338352,none
A005134,R07,4948.48,low,none,0.83535254,0.0038148328,0.07075376,0.09007888,none
A026254,R00,30167.0,high,none,0.9035281,0.00089346716,0.009179903,0.08639851,none
A028084,R04,3625.28,low,none,0.9151006,0.04720791,0.007171283,0.030520204,none
A038572,R08,3443.95,low,none,0.89815724,0.004711984,0.026540896,0.070589855,none
A032161,R02,12435.15,high,none,0.9638369,0.017573366,0.0046157916,0.013973973,none
A038142,R09,15743.39,high,none,0.79762024,0.014261979,0.11356758,0.074550234,none
A012940,R08,4324.68,low,none,0.95084643,0.0009516279,0.02064836,0.027553605,none
A039068,R05,1855.63,low,none,0.92432654,0.026571542,0.02759764,0.02150434,none
A004566,R08,3708.99,low,none,0.91752326,0.034269582,0.012390138,0.03581704,none
A036226,R04,4146.45,low,none,0.95222336,0.014743753,0.00855747,0.02447537,none
A038416,R06,2213.04,low,none,0.831873,0.009725496,0.058946647,0.09945492,none
A016730,R03,8610.98,high,none,0.93656147,0.010570687,0.029670034,0.023197789,none
A010635,R00,2752.01,low,none,0.8878129,0.01827468,0.013017488,0.08089491,none
A015948,R09,6215.63,high,none,0.975267,0.00090836844,0.0061770994,0.017647512,none
A027829,R02,25448.22,high,none,0.93148845,0.029179933,0.018569982,0.020761618,none
A023018,R03,2892.46,low,none,0.91848654,0.019933889,0.029356495,0.032223113,none
A027372,R08,52128.93,high,none,0.82810736,0.10378346,0.05262104,0.015488162,none
A027578,R00,27621.04,high,none,0.7819271,0.078062914,0.044652015,0.09535791,none
A030455,R05,667.6,low,none,0.8161086,0.109875746,0.057549242,0.016466428,none
A011187,R08,1943.87,low,dd_stop,0.82092404,0.015357501,0.07030414,0.09341432,none
A022882,R07,6735.46,high,none,0.85985494,0.034816626,0.01565121,0.08967727,none
A027478,R02,516.24,low,none,0.82030076,0.066080846,0.09316107,0.020457286,none
A027339,R02,8177.29,high,none,0.79337007,0.007899032,0.08882097,0.10990991,none
A035568,R03,8224.23,high,none,0.9126083,0.015066633,0.050510515,0.021814514,none
A012011,R09,844.41,low,none,0.96856266,0.0060758735,0.0033291737,0.022032304,none
A005629,R06,1300.81,low,none,0.9147099,0.0031780666,0.04879596,0.033316087,none
A002620,R00,15764.85,high,none,0.9546308,0.020275908,0.0051624393,0.01993088,none
A039559,R06,982.64,low,none,0.91427714,0.03815649,0.024726856,0.022839485,none
A032419,R09,1329.15,low,dd_stop,0.87302315,0.023583295,0.07981904,0.023574535,none
A031364,R01,22382.08,high,none,0.8737658,0.012788646,0.007838528,0.10560704,none
A025455,R01,16399.31,high,none,0.8844911,0.016262913,0.0063952636,0.09285073,none
A009237,R01,829.01,low,none,0.8717177,0.013319655,0.028039077,0.08692357,none
A037315,R05,198.53,low,none,0.8725206,0.038979016,0.032807026,0.055693295,none
A032610,R03,6768.76,high,none,0.7968025,0.09467585,0.08625036,0.022271238,none
A013316,R00,4984.11,high,none,0.90737593,0.0501973,0.014856645,0.027570121,none
A031283,R09,5681.0,high,none,0.81890523,0.037511542,0.03638251,0.10720076,none
A017492,R02,23039.08,high,none,0.81691575,0.027726648,0.07950368,0.07585389,none
A021846,R03,16305.75,high,large_withdrawal,0.9079574,0.06192246,0.012429629,0.017690528,none
A012184,R08,8484.7,high,none,0.9243077,0.011626005,0.03862114,0.02544516,none
A019048,R05,5786.57,high,none,0.9523278,0.020492457,0.011512462,0.015667252,none
A014392,R04,81523.86,high,dormant,0.6044292,0.018537417,0.040160254,0.33687314,none
A029022,R01,7646.33,high,none,0.91320264,0.011400987,0.05949219,0.015904253,none
A001855,R08,3697.91,low,none,0.8377261,0.030545486,0.031327397,0.10040102,none
A015233,R04,3230.79,low,none,0.80886126,0.021553459,0.08753417,0.0820511,none
A030243,R08,2065.04,low,none,0.9465858,0.00930934,0.019096559,0.025008293,none
A017526,R05,8870.23,high,none,0.8378619,0.08134076,0.05859957,0.02219773,none
A017704,R09,8577.2,high,none,0.9488755,0.008817374,0.01911013,0.023197023,none
A000161,R03,10052.97,high,dormant,0.9027217,0.0064700064,0.024643017,0.066165335,none
A039915,R01,5152.86,high,none,0.86483836,0.03495048,0.057788942,0.04242215,none
A020675,R01,7536.69,high,none,0.9341786,0.0010365862,0.026302516,0.038482286,none
A015198,R09,3974.41,low,none,0.85602164,0.032969855,0.06431241,0.04669607,none
A026682,R08,12187.99,high,none,0.52875227,0.028796516,0.02700355,0.41544762,none
A035207,R06,2218.3,low,none,0.8685831,0.0010531783,0.0415181,0.08884558,none
A027583,R03,3990.79,low,none,0.92211175,0.00835102,0.011313441,0.05822378,none
A036971,R07,27120.06,high,none,0.8898673,0.06608608,0.021615485,0.022431195,none
A035297,R08,2953.14,low,none,0.95298415,0.0063756756,0.012957394,0.02768279,none
A004751,R08,3129.76,low,none,0.85833824,0.023100575,0.031596597,0.08696459,none
A001646,R05,2999.17,low,none,0.9276388,0.009934506,0.037564088,0.0248626,none
A023793,R06,8194.61,high,dd_stop,0.92073536,0.031455178,0.017916556,0.02989287,none
A027558,R07,19819.42,high,none,0.8689458,0.0008416851,0.00429021,0.12592235,none
A012039,R08,11700.45,high,none,0.96104586,0.018656576,0.004044188,0.016253376,none
A015497,R06,37045.88,high,none,0.5128898,0.011254553,0.02663863,0.449217,none
A027594,R06,5652.53,high,dormant,0.787391,0.066193156,0.06574725,0.08066854,none
A014033,R01,1726.53,low,none,0.33547634,0.0010156055,0.06098438,0.6025237,dormant
A006579,R06,1300.92,low,dormant,0.67136914,0.015729718,0.0219801,0.2909211,none
A030202,R09,13483.21,high,none,0.90018463,0.02058412,0.0044958666,0.07473545,none
A038406,R03,7163.93,high,none,0.86772174,0.021962034,0.016849691,0.093466535,none
A018794,R05,4558.46,low,none,0.9239766,0.027482267,0.020105382,0.028435705,none
A037084,R03,9225.63,high,none,0.9573226,0.00093464507,0.014898982,0.026843794,none
A034966,R01,7827.32,high,none,0.660701,0.019701988,0.0047243955,0.31487265,none
A013668,R07,2842.88,low,none,0.92610365,0.029087765,0.013907806,0.030900745,none
A029674,R05,1674.11,low,none,0.948585,0.018042408,0.018631242,0.014741401,none
A008987,R02,5272.17,high,none,0.89471865,0.059838045,0.016721442,0.02872194,none
A015451,R01,18523.88,high,none,0.9666039,0.014297656,0.0042640506,0.01483443,none
A032032,R00,3549.43,low,none,0.85872024,0.10090214,0.012238792,0.028138807,none
A000808,R00,7165.58,high,none,0.9555162,0.0007935681,0.014117385,0.029572817,none
A004496,R05,1306.67,low,none,0.93177915,0.01784241,0.023769272,0.026609242,none
A000762,R08,2837.43,low,none,0.82950956,0.10653953,0.01933174,0.044619117,none
A005657,R06,35852.21,high,none,0.94879746,0.021910833,0.006176451,0.02311519,none
A004337,R02,5214.52,high,none,0.874371,0.05809003,0.042922925,0.024616018,none
A001862,R04,7948.0,high,none,0.9675309,0.0044389954,0.0071519082,0.020878177,none
A029912,R09,2131.65,low,none,0.88316613,0.014138207,0.009618243,0.093077354,none
A009824,R07,11686.63,high,none,0.8774857,0.021856999,0.028488684,0.072168626,none
A001728,R00,2637.48,low,none,0.9499863,0.021278095,0.0032523612,0.025483252,none
A037791,R01,8694.82,high,large_withdrawal,0.88285834,0.064090334,0.031448975,0.021602405,none
A016721,R06,16073.58,high,none,0.9128156,0.027860828,0.03558563,0.023737937,none
A016228,R02,1385.2,low,dd_stop,0.8208805,0.0059724282,0.0545817,0.118565366,none
A016470,R02,1897.02,low,none,0.93917334,0.031244839,0.0047056843,0.024876129,none
A000986,R02,13130.04,high,none,0.93632483,0.03992877,0.0057129906,0.01803343,none
A036401,R09,790.28,low,none,0.93803555,0.022667458,0.014395032,0.024901995,none
A000176,R06,6686.91,high,none,0.96213746,0.0041586477,0.010299331,0.023404552,none
A022538,R04,3778.7,low,dd_stop,0.86843556,0.02543637,0.027514596,0.078613445,none
A018289,R06,3926.67,low,none,0.9106744,0.026379397,0.024703372,0.03824281,none
A024489,R08,2266.66,low,none,0.9049909,0.033807736,0.030882563,0.030318774,none
A022957,R05,16836.04,high,dormant,0.75201666,0.015381857,0.0050804517,0.22752103,none
A026228,R00,24362.92,high,none,0.94070995,0.034177363,0.0050206967,0.020091983,none
A019079,R06,643.91,low,none,0.8970522,0.023083324,0.0548425,0.025021942,none
A023031,R08,2161.02,low,dormant,0.8623787,0.0072337072,0.034592282,0.095795274,none
A034290,R04,30929.73,high,none,0.83512414,0.09173444,0.035028715,0.03811269,none
A000740,R06,12659.19,high,none,0.85338074,0.035579663,0.03492066,0.07611897,none
A008694,R04,227.21,low,none,0.8527631,0.022949444,0.07363137,0.05065604,none
A036528,R00,40471.28,high,none,0.9500226,0.00094400434,0.007695006,0.04133847,none
A037518,R03,4853.99,low,none,0.88640845,0.074043125,0.014146548,0.025401913,none
A034226,R09,14167.53,high,none,0.88993865,0.03068918,0.05947486,0.019897288,none
A035093,R07,15296.17,high,none,0.9350042,0.032994643,0.005979166,0.026021956,none
A039516,R06,7992.01,high,none,0.9002326,0.026096597,0.046425164,0.02724559,none
A032633,R04,5458.78,high,none,0.86682904,0.03970459,0.014458515,0.07900786,none
A011277,R00,3854.68,low,none,0.9015218,0.021101825,0.030100157,0.047276225,none
A036157,R07,8715.21,high,none,0.9197962,0.026282452,0.028375799,0.025545461,none
A021059,R05,68297.61,high,none,0.9124956,0.03481984,0.034250278,0.018434245,none
A032964,R03,13782.69,high,none,0.81466216,0.0073935143,0.07426188,0.103682436,none
A003787,R00,4568.13,low,none,0.88830304,0.025528545,0.004428085,0.08174034,none
A026464,R03,16452.93,high,none,0.8420774,0.043736074,0.019412931,0.09477365,none
A039289,R07,11947.65,high,none,0.9435255,0.036009178,0.0061520687,0.014313268,none
A039798,R02,10555.34,high,none,0.8904774,0.039486576,0.030466773,0.03956928,none
A014192,R04,4971.21,low,none,0.8457094,0.039661,0.035330575,0.07929911,none
A010436,R02,15804.99,high,none,0.9362974,0.030555774,0.020188402,0.012958338,none
A007612,R00,2241.59,low,none,0.9372777,0.001425189,0.027004037,0.0342931,none
A026453,R08,4005.22,low,dormant,0.6556678,0.0067115626,0.011515406,0.32610527,none
A017095,R01,1015.92,low,none,0.89781374,0.031788662,0.023733394,0.04666423,none
A019251,R04,4915.14,low,none,0.8603608,0.010136329,0.011208081,0.11829477,none
A014536,R07,10281.38,high,none,0.8907685,0.06375973,0.02980148,0.015670216,none
A012279,R07,14406.15,high,large_withdrawal,0.92609394,0.041439585,0.012616479,0.019849984,none
A026425,R00,30483.12,high,none,0.95858544,0.018279845,0.0024944101,0.02064033,none
A036884,R05,30942.21,high,none,0.9175376,0.026017496,0.029831644,0.026613219,none
A025912,R04,2603.09,low,none,0.8854957,0.01134763,0.07372974,0.029426891,none
A032492,R07,27034.52,high,dormant,0.75034344,0.002513053,0.077803835,0.16933969,none
A034694,R02,40414.92,high,none,0.9219513,0.019903077,0.019743318,0.038402263,none
A033412,R07,12299.25,high,none,0.9159383,0.01538115,0.024635773,0.044044748,none
A012468,R09,2391.84,low,none,0.8668836,0.0073888707,0.020472199,0.10525529,none
A018832,R01,2835.34,low,none,0.9088655,0.011402043,0.003160864,0.076571584,none
A010211,R08,12816.46,high,none,0.9404011,0.014322081,0.013489507,0.031787287,none
A038073,R08,9256.28,high,none,0.91651493,0.03964375,0.027514016,0.016327366,none
A038728,R01,19333.66,high,none,0.8408264,0.01983634,0.10577319,0.033564102,none
A021328,R03,8628.73,high,none,0.8541606,0.059828147,0.06513395,0.020877242,none
A015533,R02,19706.26,high,none,0.9400808,0.004303174,0.008621875,0.046994153,none
A008927,R01,12106.35,high,none,0.8508098,0.065098174,0.012335529,0.07175652,none
A027705,R04,1433.47,low,none,0.92419386,0.01725091,0.027738798,0.030816495,none
A013222,R08,13729.56,high,none,0.9248413,0.039181374,0.0154208345,0.020556487,none
A035177,R05,7664.76,high,dormant,0.8540485,0.009925311,0.05044223,0.0855839,none
A011799,R01,52389.69,high,none,0.88789415,0.0013023105,0.013319567,0.097483985,none
A016149,R03,5366.9,high,none,0.9546535,0.01497497,0.007734042,0.022637498,none
A031533,R01,1242.04,low,none,0.93336195,0.011687509,0.033040475,0.0219101,none
A018062,R00,6922.42,high,none,0.89564383,0.0015268999,0.061121944,0.041707348,none
A018270,R07,818.29,low,none,0.9162454,0.027267184,0.034817595,0.021669751,none
A008138,R04,1184.46,low,none,0.9400828,0.017357258,0.009909637,0.032650255,none
A033821,R03,1429.37,low,none,0.9177105,0.017892675,0.03778635,0.026610477,none
A026733,R07,505.84,low,none,0.917632,0.030333528,0.038295664,0.013738846,none
A001888,R03,2809.63,low,none,0.8971632,0.020544143,0.04857845,0.033714216,none
A029753,R08,3160.9,low,none,0.88547355,0.017007373,0.05674569,0.040773384,none
A032172,R09,11846.45,high,dd_stop,0.8693743,0.030882133,0.0718195,0.027924066,none
A000190,R06,15736.99,high,none,0.9055944,0.050656382,0.012577628,0.031171622,none
A012294,R04,8321.37,high,none,0.90939116,0.01437425,0.04234953,0.033885043,none
A005855,R02,10902.29,high,none,0.91285354,0.014243816,0.005003694,0.06789893,none
A037284,R02,1902.14,low,none,0.725082,0.08607845,0.06849207,0.120347545,none
A008506,R03,1072.73,low,none,0.9661016,0.0052261506,0.00553615,0.023136118,none
A037017,R08,1616.94,low,none,0.61632663,0.042596348,0.05716274,0.28391427,none
A013331,R09,3278.68,low,none,0.96689624,0.0081209345,0.004291476,0.020691307,none
A018694,R06,29490.99,high,none,0.9557679,0.01659855,0.009811384,0.017822128,none
A037575,R01,2710.6,low,none,0.7218565,0.033517938,0.039527316,0.20509829,none
A032901,R06,7561.87,high,none,0.9432269,0.017376339,0.012849973,0.026546787,none
A036276,R00,9050.54,high,none,0.88051,0.011964038,0.076903865,0.03062211,none
A023105,R05,37552.42,high,none,0.900802,0.0059422296,0.01739088,0.07586483,none
A011582,R05,1533.3,low,none,0.8917914,0.010255639,0.015314223,0.08263874,none
A010707,R05,6595.65,high,dd_stop,0.9511579,0.01312907,0.013297648,0.022415297,none
A009315,R07,1684.01,low,none,0.85139877,0.031159736,0.03381718,0.08362428,none
A022263,R09,3353.34,low,none,0.72672665,0.108122535,0.06790445,0.09724633,none
A021848,R09,16615.6,high,none,0.81127375,0.03622643,0.05629769,0.09620212,none
A017600,R02,7687.78,high,none,0.9494646,0.022646558,0.004975016,0.022913853,none
A021225,R08,15733.03,high,none,0.9123247,0.048951656,0.016305296,0.022418259,none
A004343,R00,911.08,low,large_withdrawal,0.72452176,0.13081853,0.055500615,0.08915905,none
A004547,R09,4322.53,low,none,0.96169615,0.016118262,0.0037980704,0.018387578,none
A016026,R00,1945.99,low,none,0.8835331,0.0010798685,0.015299319,0.100087725,none
A000976,R06,6716.83,high,none,0.87437606,0.013149831,0.012992183,0.09948196,none
A021857,R01,18044.48,high,none,0.9042468,0.07108948,0.004300781,0.020362925,none
A027038,R06,9389.82,high,none,0.9624631,0.015541204,0.005232811,0.016762882,none
A018737,R09,12508.75,high,none,0.9480495,0.022815851,0.004798615,0.024336096,none
A029130,R03,8043.02,high,none,0.7855424,0.08099321,0.047704104,0.08576022,none
A035100,R03,11405.85,high,none,0.91876113,0.00586914,0.053154927,0.02221484,none
A007471,R05,3333.62,low,none,0.9057393,0.015371415,0.004736368,0.07415294,none
A012247,R07,2183.53,low,none,0.8686466,0.024621353,0.0666779,0.040054154,none
A007511,R03,4368.06,low,none,0.89414585,0.0018392587,0.05689769,0.04711724,none
A024808,R01,20515.43,high,none,0.51165414,0.04446241,0.07232024,0.3715632,none
A034508,R03,1144.31,low,none,0.83913475,0.075534396,0.05719232,0.028138524,none
A036591,R02,5027.68,high,none,0.6732605,0.017704187,0.009821653,0.29921365,none
A019592,R09,1433.94,low,none,0.8749633,0.010046027,0.028728267,0.08626247,none
A038323,R04,6935.26,high,none,0.86912763,0.007599029,0.006969046,0.11630429,none
A016108,R06,127257.6,high,none,0.9473334,0.030590141,0.00729128,0.014785112,none
A039274,R06,1576.66,low,none,0.7903136,0.05952089,0.02243457,0.12773101,none
A002821,R02,1572.6,low,none,0.9421909,0.032063782,0.0108520705,0.014893244,none
A006312,R07,2993.31,low,none,0.94431245,0.0067037684,0.016438862,0.032544866,none
A003708,R04,4192.11,low,none,0.86544603,0.03541018,0.0059953523,0.093148485,none
A034909,R00,1210.01,low,none,0.9222249,0.014334338,0.032502547,0.030938284,none
A033876,R06,981.07,low,none,0.96062756,0.017070511,0.002523374,0.019778552,none
A011926,R00,12103.98,high,none,0.8501513,0.08948533,0.02775892,0.03260444,none
A011352,R03,17619.46,high,none,0.72165686,0.008873576,0.01330128,0.25616825,none
A002943,R06,2452.71,low,none,0.9247295,0.02091395,0.028500982,0.025855536,none
A029119,R02,7580.58,high,none,0.85124236,0.051378652,0.045720365,0.051658645,none
A002918,R01,9610.36,high,none,0.61142176,0.009113459,0.019378172,0.3600866,none
A027744,R05,5175.23,high,none,0.8705518,0.009460431,0.013902459,0.10608524,none
A024980,R02,2063.59,low,none,0.97078055,0.008110247,0.0035111927,0.017597955,none
A015732,R04,20136.16,high,none,0.843928,0.011814312,0.060342785,0.0839149,none
A034126,R03,12611.13,high,dormant,0.83497846,0.018299436,0.06088736,0.08583475,none
A015172,R06,5573.37,high,none,0.9118089,0.04745591,0.016121902,0.024613298,none
A003711,R06,5527.85,high,none,0.9277687,0.026035564,0.013211552,0.032984167,none
A023394,R07,33808.89,high,none,0.83997697,0.0090863705,0.019774985,0.13116172,none
A010470,R02,725.63,low,none,0.8690654,0.02505276,0.028455494,0.07742627,none
A008080,R06,11059.14,high,none,0.9322741,0.018639063,0.031676028,0.017410783,none
A034041,R09,6416.98,high,none,0.85039365,0.041204415,0.034346707,0.074055195,none
A035795,R02,8569.97,high,none,0.8999748,0.034764986,0.0432237,0.02203644,none
A002363,R01,25614.59,high,none,0.9683727,0.008974207,0.0029277327,0.019725328,none
A038154,R01,7204.41,high,none,0.92257446,0.01943496,0.034964066,0.023026548,none
A003483,R00,5028.76,high,none,0.91280454,0.033784892,0.030271102,0.023139488,none
A009498,R04,21827.13,high,none,0.8560115,0.021233454,0.093710475,0.02904456,none
A027053,R09,3227.92,low,none,0.7864407,0.023364607,0.0847903,0.10540445,none
A037492,R06,8416.59,high,dormant,0.84309703,0.04844799,0.027212592,0.08124243,none
A028901,R00,22548.52,high,none,0.93214285,0.018449398,0.031212937,0.01819485,none
A039322,R07,110520.48,high,none,0.8193556,0.0035038874,0.006278812,0.17086168,none
A032045,R03,1598.02,low,none,0.9343961,0.031041509,0.01711171,0.01745074,none
A002910,R03,7070.54,high,none,0.7717497,0.04082799,0.024166852,0.16325547,none
A002986,R00,3179.39,low,none,0.86119735,0.034215365,0.05824144,0.04634584,none
A004889,R03,1880.27,low,dormant,0.7457059,0.020546978,0.017317738,0.21642943,none
A001741,R05,24579.15,high,none,0.8943283,0.020611364,0.03143135,0.053628985,none
A011980,R07,7574.16,high,none,0.72557306,0.022972764,0.0153585505,0.23609559,none
A021181,R00,3125.09,low,none,0.8805331,0.027890872,0.060052652,0.031523358,none
A010794,R03,1602.56,low,none,0.8384105,0.011783554,0.04612355,0.10368246,none
A038767,R09,7508.3,high,none,0.88771176,0.03398524,0.061298568,0.0170044,none
A005676,R02,40885.77,high,dormant,0.5299131,0.015276561,0.014977843,0.4398325,none
A022804,R05,2424.55,low,dormant,0.853844,0.025919752,0.048570093,0.071666226,none
A012357,R00,9837.98,high,none,0.9648144,0.015741311,0.004523711,0.014920595,none
A022111,R03,12514.22,high,dormant,0.37848434,0.0040438897,0.03926049,0.5782113,dormant
A005191,R06,21704.6,high,none,0.9564896,0.008019812,0.012167343,0.023323188,none
A000605,R09,8011.0,high,none,0.9299369,0.026006863,0.013208285,0.03084804,none
A000777,R00,2600.51,low,none,0.82208115,0.06499003,0.012524395,0.100404434,none
A002288,R03,2352.46,low,none,0.9321044,0.017621517,0.025905756,0.024368308,none
A010280,R09,11159.31,high,none,0.8930865,0.014986853,0.015175029,0.07675162,none
A018332,R08,2201.91,low,none,0.8293125,0.01181462,0.053051453,0.10582142,none
A023059,R04,7418.12,high,dormant,0.7876291,0.01470376,0.08261896,0.1150481,none
A019123,R03,7141.12,high,none,0.867802,0.0066599534,0.006850902,0.11868714,none
A016550,R07,1323.64,low,none,0.87451905,0.012452889,0.08758624,0.025441855,none
A035402,R03,6951.54,high,none,0.9394703,0.018241212,0.017897388,0.024391115,none
A005749,R07,77038.9,high,dormant,0.700119,0.05405949,0.06379256,0.18202892,none
A013897,R08,5756.11,high,none,0.92034775,0.049675394,0.0063391235,0.023637742,none
A006906,R09,3747.61,low,none,0.8635168,0.014478965,0.012494874,0.10950941,none
A019060,R09,6838.21,high,dormant,0.6473547,0.016220806,0.022819245,0.3136052,none
A020015,R08,8028.4,high,none,0.9448631,0.006419308,0.020419044,0.02829855,none
A010852,R07,3616.25,low,none,0.8250649,0.013091019,0.067049876,0.094794184,none
A025517,R02,3054.96,low,none,0.7813355,0.08856477,0.04204133,0.08805841,none
A036506,R05,2705.11,low,none,0.75689983,0.14243628,0.054781854,0.045882076,none
A011084,R03,648.72,low,none,0.89361465,0.0014326127,0.060843695,0.044109106,none
A012268,R07,6298.46,high,dormant,0.95942163,0.013653866,0.006240864,0.020683622,none
A038270,R09,3859.68,low,none,0.816508,0.03551793,0.0504123,0.09756179,none
A003832,R03,684.1,low,none,0.91421556,0.011900392,0.042034276,0.031849757,none
A032327,R06,1863.52,low,none,0.8683932,0.006477937,0.017057486,0.10807137,none
A011319,R09,1273.49,low,none,0.8051822,0.005565395,0.07147192,0.117780484,none
A015560,R07,13597.6,high,dd_stop,0.91976094,0.03503266,0.022757398,0.022449011,none
A007688,R00,86714.87,high,none,0.90358126,0.0010197482,0.054612435,0.040786512,none
A032191,R01,1692.71,low,none,0.62691164,0.02321948,0.048694376,0.3011745,none
A028650,R07,1737.37,low,none,0.72131103,0.009999042,0.028571723,0.24011816,none
A026200,R02,4200.74,low,none,0.78438723,0.03501798,0.06894355,0.11165123,none
A000716,R06,18719.99,high,none,0.84146494,0.057213157,0.0054384503,0.09588346,none
A003683,R06,22364.68,high,none,0.8492741,0.015602212,0.0038574126,0.13126627,none
A012656,R01,2336.26,low,none,0.9365491,0.016495759,0.02074272,0.026212392,none
A036753,R02,4737.71,low,none,0.9233498,0.027915115,0.014540364,0.034194704,none
A032769,R02,1333.88,low,none,0.96586686,0.010047876,0.0032514983,0.020833721,none
A025927,R00,525.09,low,none,0.8431849,0.09053057,0.046780355,0.019504167,none
A003407,R03,2584.8,low,none,0.9645282,0.0046685548,0.008257249,0.022545965,none
A035063,R02,441.28,low,none,0.9108326,0.043715093,0.014823915,0.03062839,none
A018823,R02,29745.84,high,dormant,0.8441522,0.032402366,0.037532672,0.08591277,none
A030582,R06,1448.86,low,none,0.8993023,0.0061422256,0.055024724,0.039530754,none
A002874,R00,4659.54,low,none,0.77654237,0.08164191,0.026580727,0.115235016,none
A027320,R08,3934.27,low,none,0.958375,0.0074189906,0.011413706,0.022792354,none
A036237,R08,7924.6,high,none,0.91293865,0.03168847,0.032889683,0.022483177,none
A017582,R06,3620.93,low,none,0.89752954,0.011504564,0.01585808,0.07510783,none
A039202,R03,5805.08,high,none,0.8722029,0.017884906,0.08689679,0.023015408,none
A006231,R09,59897.17,high,none,0.9527765,0.0070625884,0.019639952,0.020521013,none
A005379,R05,4687.64,low,none,0.8758919,0.08261568,0.030561384,0.01093097,none
A027967,R09,457.11,low,none,0.8382117,0.069072895,0.06475629,0.027959127,none
A020846,R09,2442.58,low,dd_stop,0.9424627,0.013963128,0.024101516,0.019472655,none
A036436,R08,7796.52,high,dormant,0.38040304,0.022427266,0.04291944,0.55425024,dormant
A008420,R05,15237.21,high,none,0.7802306,0.001433021,0.09705363,0.12128274,none
A017655,R05,10683.88,high,none,0.8048532,0.04026001,0.06399838,0.0908884,none
A012035,R00,3176.38,low,none,0.84830594,0.08571165,0.018647742,0.04733467,none
A017233,R04,830.81,low,none,0.9143164,0.025511347,0.02850239,0.03166986,none
A028881,R05,2766.49,low,none,0.94468474,0.012236605,0.008068031,0.035010554,none
A023586,R01,25353.93,high,none,0.8531077,0.033613916,0.084950805,0.028327582,none
A014654,R05,4336.25,low,none,0.8396368,0.07793656,0.053019125,0.029407544,none
A030727,R00,15713.35,high,none,0.87485033,0.00097226625,0.066724405,0.057453036,none
A008443,R02,10469.61,high,none,0.88252884,0.03966179,0.040999956,0.0368094,none
A039678,R09,4969.44,low,none,0.952748,0.012422764,0.0061510717,0.02867818,none
A010752,R03,4500.99,low,none,0.94518656,0.026712853,0.00706991,0.021030702,none
A030996,R07,849.74,low,none,0.8465564,0.009282471,0.047113825,0.097047314,none
A006559,R09,6899.23,high,none,0.91577053,0.024780754,0.03520864,0.024240123,none
A033707,R00,1242.05,low,none,0.90937173,0.030172726,0.03305644,0.027399113,none
A010162,R04,2285.75,low,none,0.91408885,0.020490337,0.03837322,0.027047645,none
A021089,R08,2855.1,low,none,0.9436742,0.031333644,0.0025258246,0.022466348,none
A017590,R08,37968.97,high,none,0.9332226,0.023888433,0.010475366,0.032413628,none
A014836,R09,42735.59,high,none,0.95318484,0.012776303,0.02122922,0.012809645,none
A012925,R03,15216.97,high,none,0.8679088,0.006171127,0.004161361,0.12175878,none
A037191,R06,2982.64,low,none,0.89050937,0.027639123,0.055992145,0.025859324,none
A012052,R06,2575.31,low,none,0.8775122,0.00968415,0.026392434,0.08641118,none
A014704,R03,3722.51,low,none,0.73527724,0.14434507,0.08355383,0.03682386,none
A034923,R00,19038.39,high,none,0.9142642,0.03260067,0.03159694,0.021538159,none
A007045,R09,4808.2,low,none,0.93987995,0.019896593,0.007118367,0.033105113,none
A009865,R03,2527.84,low,large_withdrawal,0.8635041,0.046869546,0.045262523,0.044363886,none
A031620,R06,12760.78,high,none,0.92019844,0.043760568,0.011153254,0.024887782,none
A009157,R08,384.25,low,large_withdrawal,0.8649224,0.025605138,0.0824537,0.027018785,none
A006989,R09,17671.3,high,none,0.7749119,0.056614865,0.14467625,0.023796972,none
A001200,R08,3522.37,low,none,0.9172128,0.03114888,0.011448257,0.040190037,none
A027235,R07,4574.19,low,dd_stop,0.8887239,0.04039445,0.0453012,0.025580434,none
A016908,R06,73127.28,high,none,0.9340902,0.009669308,0.0071615996,0.04907892,none
A016482,R05,13134.7,high,none,0.8467283,0.034238897,0.05027141,0.06876132,none
A018835,R07,1683.08,low,none,0.818899,0.04676807,0.025611116,0.10872178,none
A012058,R01,1479.05,low,none,0.9348299,0.019074934,0.018633584,0.027461637,none
A012538,R03,34454.6,high,none,0.9348228,0.013307339,0.012134608,0.039735224,none
A008874,R04,4093.29,low,none,0.78166145,0.03284122,0.05538873,0.13010857,none
A026863,R03,4881.18,low,none,0.92274153,0.023120746,0.02554549,0.02859221,none
A027266,R09,1182.63,low,none,0.90248793,0.024617473,0.021395609,0.05149899,none
A034483,R01,5524.24,high,none,0.864797,0.07263219,0.036522422,0.02604842,none
A036224,R04,3575.11,low,dormant,0.9429151,0.0007955417,0.029042123,0.027247297,none
A016222,R02,12378.09,high,none,0.8635032,0.03659448,0.006205106,0.09369719,none
A023396,R08,6536.1,high,none,0.92221075,0.022971539,0.036324304,0.018493371,none
A007387,R04,1505.24,low,none,0.8498662,0.07313854,0.05680423,0.020190988,none
A006275,R00,2843.63,low,none,0.8503219,0.049580578,0.008424704,0.09167283,none
A025028,R09,6730.1,high,dormant,0.9308708,0.015848618,0.029843707,0.023436878,none
A014449,R08,1251.95,low,none,0.8990405,0.008642612,0.022108268,0.07020864,none
A004057,R02,24857.85,high,none,0.8460195,0.027553327,0.014755981,0.11167124,none
A035606,R09,13642.04,high,none,0.84718347,0.036757335,0.017462047,0.09859718,none
A015170,R01,1131.79,low,none,0.89833593,0.07792966,0.0061228652,0.017611558,none
A004229,R08,867.71,low,dormant,0.8271459,0.00801187,0.044613734,0.12022858,none
A031837,R07,1697.46,low,none,0.9570753,0.028373718,0.0054696933,0.009081342,none
A038248,R03,7090.46,high,none,0.95145935,0.019055618,0.006072753,0.023412315,none
A017716,R05,1993.9,low,dormant,0.7004954,0.02598914,0.031415243,0.24210016,none
A006367,R06,10438.53,high,dd_stop,0.83227,0.07197873,0.06547734,0.030273853,none
A027875,R00,2711.57,low,large_withdrawal,0.84913164,0.041480392,0.014596503,0.0947915,none
A035294,R03,3906.47,low,none,0.855811,0.035613436,0.068329446,0.04024616,none
A022364,R05,2333.53,low,none,0.8843229,0.012422301,0.005249227,0.098005645,none
A003855,R04,17249.34,high,none,0.94413275,0.02510286,0.0068108304,0.023953533,none
A028050,R04,3731.91,low,none,0.798628,0.08144908,0.07079169,0.049131263,none
A006070,R01,40722.86,high,none,0.8963529,0.037442576,0.019054374,0.047150213,none
A010551,R03,6428.03,high,none,0.8623663,0.036235742,0.009149548,0.092248425,none
A038579,R09,6782.13,high,none,0.8516087,0.05757172,0.053535584,0.037283972,none
A003624,R02,10611.61,high,none,0.86179596,0.014670138,0.015274117,0.108259775,none
A019162,R00,13522.32,high,none,0.9783351,0.008070826,0.0027392616,0.010854814,none
A004929,R01,9544.24,high,dormant,0.8920501,0.07035527,0.020871673,0.016722972,none
A004269,R02,1670.91,low,none,0.8337326,0.04047745,0.017129267,0.108660676,none
A022743,R00,19612.02,high,none,0.8946471,0.048353776,0.034762606,0.022236483,none
A001008,R06,442.36,low,none,0.9577413,0.012400063,0.011083874,0.018774781,none
A019352,R09,9427.66,high,none,0.9081069,0.01339728,0.024036245,0.054459505,none
A011342,R06,5415.69,high,none,0.9124369,0.014009904,0.051213596,0.022339627,none
A016677,R07,17281.45,high,none,0.77463645,0.11465153,0.07948385,0.031228151,none
A004220,R07,2037.32,low,none,0.74625725,0.014955101,0.016530652,0.22225705,none
A020211,R07,1110.96,low,none,0.9212621,0.028744845,0.031626023,0.018367078,none
A016483,R03,9636.24,high,none,0.934493,0.008555176,0.039942473,0.017009417,none
A037955,R03,23960.84,high,none,0.9167936,0.027821962,0.018000547,0.037383936,none
A016775,R07,1029.22,low,none,0.82466346,0.0112324525,0.0057405815,0.15836346,none
A002459,R00,13936.99,high,none,0.83092636,0.02330525,0.03760633,0.10816202,none
A036449,R06,493.23,low,none,0.9272555,0.03471754,0.008021249,0.030005652,none
A031000,R00,1100.05,low,none,0.7149573,0.150484,0.055548467,0.07901022,none
A025552,R01,679.46,low,none,0.87936294,0.0013929844,0.08847393,0.030770132,none
A013946,R09,2887.98,low,none,0.8739878,0.034816176,0.05734901,0.033847027,none
A014853,R02,9731.44,high,none,0.8813217,0.03215506,0.010415845,0.07610738,none
A007811,R03,3761.68,low,none,0.9078686,0.058862645,0.014456969,0.018811751,none
A007303,R03,9287.89,high,none,0.95512587,0.016864698,0.0045899167,0.02341951,none
A020212,R00,637.01,low,none,0.8310434,0.012624734,0.0051587666,0.15117307,none
A013650,R07,12857.59,high,none,0.92064357,0.03962292,0.014099695,0.02563378,none
A007367,R04,22932.92,high,none,0.77894294,0.032591246,0.04190977,0.14655599,none
A011329,R01,5687.77,high,dd_stop,0.82761204,0.038349245,0.1141238,0.019914905,none
A011110,R05,2224.35,low,none,0.8555067,0.023536326,0.053520903,0.06743605,none
A034538,R07,11518.6,high,none,0.85707843,0.027726576,0.03528222,0.07991282,none
A037780,R09,16971.98,high,none,0.9575985,0.0045733443,0.0050724708,0.032755643,none
A029189,R05,812.87,low,none,0.9024878,0.027780898,0.030598318,0.03913299,none
A021939,R00,952.27,low,none,0.92213136,0.033196688,0.015081789,0.029590102,none
A009964,R07,21686.5,high,large_withdrawal,0.9257621,0.04833904,0.008630533,0.0172683,none
A020013,R07,11324.59,high,large_withdrawal,0.8675483,0.08912384,0.016386263,0.026941624,none
A039228,R08,471.8,low,none,0.9384532,0.009971678,0.020186197,0.03138895,none
A019104,R00,8528.12,high,large_withdrawal,0.847543,0.04203054,0.01352733,0.09689912,none
A019379,R05,9188.9,high,none,0.71866703,0.016917055,0.024340784,0.2400751,none
A012913,R08,1112.64,low,none,0.9545123,0.018498467,0.0051571243,0.021832183,none
A002853,R01,793.04,low,none,0.92406005,0.031148164,0.01978786,0.025003912,none
A010862,R08,14799.96,high,none,0.924865,0.020559935,0.031683452,0.02289162,none
A007364,R08,37913.99,high,none,0.8772288,0.009129838,0.011083321,0.10255807,none
A038262,R01,2313.51,low,none,0.9168248,0.04756767,0.015689803,0.019917702,none
A023538,R08,1730.81,low,none,0.9258646,0.036886875,0.012832383,0.02441613,none
A007009,R07,15964.76,high,none,0.9470145,0.0027313163,0.008096498,0.042157732,none
A028532,R09,3470.05,low,none,0.9363224,0.006990302,0.017608909,0.039078377,none
A034271,R06,6106.63,high,none,0.8372038,0.026098587,0.11036441,0.02633321,none
A024150,R05,2641.16,low,dd_stop,0.8674545,0.02962897,0.010779668,0.092136785,none
A030742,R06,6206.6,high,none,0.9293964,0.01647534,0.03223569,0.021892602,none
A005273,R03,799.73,low,none,0.91009927,0.008744667,0.020348463,0.06080759,none
A012179,R01,5644.83,high,dormant,0.85301054,0.005261195,0.01587743,0.12585084,none
A031383,R03,2293.58,low,dormant,0.74924725,0.009100238,0.038992584,0.20265992,none
A017298,R01,14101.54,high,none,0.634901,0.018185465,0.07195027,0.2749633,none
A024031,R01,7469.91,high,none,0.7790608,0.096826866,0.09515139,0.028960934,none
A025565,R03,4857.17,low,none,0.84446245,0.042538762,0.086622775,0.02637604,none
A020487,R09,5288.45,high,none,0.9196659,0.041906532,0.0135307545,0.024896862,none
A023461,R03,2387.11,low,none,0.89522076,0.041689515,0.024447164,0.038642593,none
A037133,R01,23024.99,high,none,0.9397077,0.01524635,0.019728662,0.025317349,none
A027064,R02,8013.28,high,none,0.6612078,0.029083254,0.006145518,0.30356342,none
A000129,R05,3029.22,low,none,0.8937343,0.013733709,0.068325184,0.024206819,none
A001685,R07,1679.27,low,none,0.926494,0.04020664,0.0076653394,0.025634011,none
A025161,R07,27275.74,high,large_withdrawal,0.8682589,0.036610596,0.064755015,0.030375423,none
A015699,R01,6739.85,high,none,0.9102301,0.062057473,0.004309997,0.023402406,none
A036693,R04,13488.3,high,none,0.9487156,0.022454072,0.0113620255,0.017468264,none
A027117,R05,5092.67,high,none,0.8458948,0.08584515,0.04320589,0.02505412,none
A019647,R00,59362.29,high,dd_stop,0.8936257,0.03665509,0.040605303,0.029113924,none
A014344,R08,2110.15,low,none,0.9397741,0.012389359,0.024989324,0.022847151,none
A028042,R06,5471.33,high,large_withdrawal,0.8898172,0.027475554,0.058014236,0.02469304,none
A027357,R02,8472.08,high,none,0.85752815,0.027013613,0.005814329,0.10964391,none
A027250,R07,6746.67,high,none,0.88764703,0.05228882,0.038136013,0.021928128,none
A039855,R00,14470.93,high,none,0.89085454,0.020591045,0.02346675,0.065087624,none
A011556,R06,474.69,low,none,0.915942,0.036745347,0.017274965,0.030037714,none
A029259,R01,774.51,low,none,0.928444,0.009078911,0.025020625,0.037456423,none
A035395,R01,56933.01,high,none,0.90498036,0.013766264,0.007238738,0.07401457,none
A004749,R08,10018.18,high,none,0.9476498,0.008659254,0.012322685,0.031368308,none
A015745,R07,5712.47,high,dd_stop,0.9184121,0.025904063,0.020354895,0.03532897,none
A026496,R08,13448.42,high,none,0.92226064,0.026141016,0.029920567,0.021677766,none
A033922,R03,15843.67,high,none,0.8120757,0.06518701,0.017365398,0.1053719,none
A006800,R04,1229.25,low,none,0.9433029,0.016571688,0.01509116,0.025034199,none
A031305,R04,13461.8,high,dormant,0.9013548,0.015966034,0.0059985593,0.07668066,none
A030651,R02,8929.18,high,none,0.93505424,0.00441419,0.031370882,0.02916069,none
A016249,R06,15841.31,high,none,0.96342236,0.01347238,0.0022201822,0.020885035,none
A027527,R07,5137.45,high,none,0.8918345,0.009963451,0.06048068,0.037721302,none
A022361,R00,7857.84,high,none,0.892802,0.07508352,0.010498661,0.021615744,none
A018949,R01,3466.09,low,none,0.8894457,0.041328367,0.04009822,0.02912768,none
A000606,R01,12110.48,high,none,0.8095105,0.05708205,0.10584595,0.027561508,none
A001911,R00,4130.81,low,none,0.557439,0.008912269,0.013187045,0.42046168,none
A037792,R01,9935.19,high,none,0.8746571,0.004987321,0.0077341,0.11262146,none
A002528,R05,46899.92,high,none,0.96227473,0.0026198544,0.0034028972,0.03170245,none
A014635,R04,3988.64,low,none,0.8618296,0.01048209,0.03770502,0.089983255,none
A026690,R01,2342.25,low,none,0.92030835,0.019786205,0.039973482,0.019931903,none
A018337,R05,1847.95,low,none,0.8344504,0.08981506,0.040961415,0.03477311,none
A027890,R00,1527.78,low,none,0.9009422,0.042693593,0.03324592,0.023118237,none
A023501,R09,6051.86,high,dormant,0.917175,0.014882045,0.039813545,0.02812944,none
A029016,R05,7711.93,high,none,0.8898321,0.004652559,0.010744966,0.094770424,none
A018113,R06,2478.04,low,none,0.79972595,0.04450118,0.063573204,0.09219962,none
A001937,R09,9373.51,high,none,0.97097844,0.000711502,0.0065158443,0.021794252,none
A005446,R09,2175.12,low,none,0.94259405,0.0009945366,0.016336732,0.04007468,none
A038651,R08,2744.31,low,none,0.80494016,0.08886017,0.063724875,0.042474784,none
A020531,R08,9797.12,high,dd_stop,0.9205032,0.011433063,0.041252673,0.026811132,none
A031243,R05,3767.93,low,none,0.87514573,0.024766665,0.028200703,0.07188688,none
A034309,R00,5320.33,high,none,0.82039005,0.07761234,0.02653244,0.07546516,none
A004052,R07,1646.31,low,none,0.957148,0.006194681,0.011900964,0.02475638,none
A018372,R06,3439.94,low,none,0.9518402,0.024253314,0.0055967057,0.01830975,none
A009253,R04,5199.46,high,none,0.8494303,0.05675561,0.06424397,0.029570116,none
A001344,R09,11152.51,high,large_withdrawal,0.74575686,0.11136457,0.11201406,0.030864477,none
A031570,R00,1199.34,low,none,0.95610857,0.008415593,0.01186773,0.023608102,none
A036106,R07,2422.61,low,dormant,0.85355055,0.029686335,0.0066809896,0.11008208,none
A024021,R03,2471.41,low,dormant,0.51127845,0.0066331956,0.026908366,0.45518002,none
A003316,R07,10783.01,high,none,0.9403645,0.032741077,0.0035726826,0.02332172,none
A039519,R05,53171.02,high,none,0.91751844,0.034253735,0.022799227,0.025428524,none
A014649,R09,1240.94,low,none,0.8975725,0.0138540175,0.05083932,0.037734132,none
A019663,R04,9535.19,high,none,0.92071354,0.023882275,0.0143773155,0.041026846,none
A023709,R00,14100.82,high,none,0.9450936,0.0056322655,0.023586173,0.025688047,none
A027944,R01,7612.51,high,none,0.91239035,0.02081768,0.04494847,0.021843502,none
A011949,R01,5121.09,high,none,0.8577214,0.024444077,0.013177081,0.10465745,none
A030661,R09,7297.93,high,none,0.9407064,0.00778398,0.018135909,0.033373702,none
A031328,R08,13411.97,high,none,0.91856956,0.02283993,0.036802724,0.02178778,none
A038176,R09,1490.42,low,none,0.9508984,0.011953623,0.018521065,0.018626882,none
A016371,R02,1460.06,low,none,0.92529255,0.021986865,0.011900643,0.040819943,none
A024311,R08,17298.21,high,none,0.85382015,0.051872727,0.007950415,0.086356655,none
A035475,R09,27200.99,high,none,0.8967208,0.009016705,0.018016499,0.07624594,none
A026834,R00,1753.4,low,none,0.90408295,0.054570477,0.025910111,0.015436407,none
A013702,R02,12859.53,high,none,0.84724224,0.025860468,0.020077309,0.106819965,none
A029763,R04,3756.89,low,none,0.92069775,0.011658455,0.004170292,0.06347347,none
A029024,R05,386.54,low,none,0.930809,0.033273127,0.004212126,0.031705774,none
A012955,R09,709.8,low,none,0.8471689,0.039386652,0.08424623,0.029198177,none
A003556,R08,29322.41,high,none,0.95937717,0.013282769,0.006450411,0.020889647,none
A004279,R00,1191.76,low,none,0.9349631,0.018876383,0.015766336,0.030394165,none
A004834,R02,6354.11,high,none,0.89786094,0.040480472,0.044548817,0.017109742,none
A030026,R09,988.28,low,none,0.9492672,0.0007965425,0.017126247,0.032809973,none
A007518,R07,3006.23,low,none,0.96163374,0.009531034,0.0058994736,0.022935815,none
A001936,R07,6850.12,high,dd_stop,0.8837393,0.040725682,0.05530722,0.020227836,none
A015274,R09,3647.07,low,none,0.8923176,0.037798192,0.040680412,0.029203814,none
A014146,R09,1939.34,low,none,0.869095,0.038557604,0.054731745,0.037615597,none
A018800,R05,10353.43,high,none,0.91467303,0.053566694,0.015852375,0.015907863,none
A022037,R05,3594.22,low,dormant,0.840781,0.039482843,0.03558565,0.08415057,none
A002183,R00,13250.65,high,none,0.91656446,0.054949727,0.0033594978,0.025126318,none
A030271,R00,13051.06,high,none,0.944934,0.0049426006,0.013997405,0.03612601,none
A018226,R04,10878.34,high,none,0.8083241,0.10160443,0.02006891,0.0700026,none
A018317,R01,4132.34,low,none,0.89272344,0.004655076,0.067546055,0.035075434,none
A010126,R06,6260.29,high,none,0.8697844,0.04889488,0.05058035,0.030740313,none
A011067,R01,465.17,low,none,0.92067015,0.018687757,0.026774911,0.033867147,none
A004320,R02,6096.83,high,none,0.87191844,0.026159093,0.014141367,0.08778109,none
A011809,R09,5517.33,high,none,0.8978793,0.047482956,0.031901952,0.022735765,none
A021698,R04,84343.93,high,none,0.8862682,0.013031472,0.059240237,0.04146011,none
A014491,R04,4719.51,low,none,0.9634699,0.0140243275,0.00401679,0.018488938,none
A011706,R05,640.71,low,dd_stop,0.9010018,0.01710911,0.025831595,0.056057524,none
A039158,R02,4483.51,low,none,0.5940091,0.042486493,0.05165156,0.3118528,none
A035650,R08,26304.83,high,none,0.9422717,0.022652078,0.0099242935,0.02515189,none
A020193,R09,106780.42,high,none,0.95040476,0.021179829,0.008427735,0.019987676,none
A030414,R09,4857.07,low,none,0.9568416,0.015948568,0.003472482,0.023737356,none
A011070,R04,6577.48,high,none,0.70941806,0.12121927,0.06456056,0.104802154,none
A010996,R08,10919.76,high,none,0.79102284,0.042041395,0.060946837,0.10598894,none
A014570,R01,4312.13,low,dormant,0.8168711,0.035144832,0.039634313,0.10834976,none
A024166,R09,3466.76,low,none,0.87609905,0.0039963424,0.0063571436,0.11354752,none
A016054,R05,3823.8,low,none,0.9244922,0.020495933,0.032096524,0.022915335,none
A027159,R02,5068.66,high,none,0.9290842,0.040780477,0.004970613,0.025164787,none
A028549,R01,2336.33,low,none,0.9151485,0.018791968,0.02914333,0.036916167,none
A027734,R06,475.37,low,dd_stop,0.8869999,0.042258725,0.035282046,0.035459317,none
A017452,R05,29711.73,high,dd_stop,0.70568866,0.017947631,0.01481024,0.26155344,none
A010546,R03,1190.04,low,dd_stop,0.9019286,0.058053717,0.01835158,0.021666102,none
A029897,R04,1509.48,low,none,0.9295904,0.0009616499,0.045619607,0.023828294,none
A027842,R08,5182.85,high,none,0.9330727,0.01857992,0.011858191,0.03648918,none
A007583,R04,3401.29,low,none,0.92890495,0.02293997,0.021510782,0.026644262,none
A036367,R05,10766.76,high,dd_stop,0.93621314,0.02664736,0.018876342,0.018263174,none
A032073,R04,5444.76,high,none,0.80654466,0.028356329,0.024613574,0.14048544,none
A037733,R01,11342.17,high,none,0.80596507,0.023474164,0.10762552,0.06293524,none
A004153,R02,4761.54,low,dormant,0.8360352,0.027284073,0.012594208,0.12408656,none
A022301,R06,14143.03,high,none,0.9522316,0.02268104,0.0038675708,0.021219851,none
A025866,R03,4254.65,low,none,0.9536186,0.01987736,0.0027358744,0.023768125,none
A037685,R03,2913.32,low,none,0.8458211,0.055153683,0.029528981,0.06949623,none
A021155,R04,2307.63,low,none,0.8613312,0.053788785,0.055755936,0.029124025,none
A014746,R05,541.59,low,none,0.84298927,0.010002852,0.051842585,0.09516533,none
A006990,R06,5025.59,high,dormant,0.7318469,0.010312514,0.03491731,0.22292325,none
A004448,R08,58874.48,high,none,0.8130456,0.027378587,0.017031947,0.14254381,none
A013047,R02,4666.94,low,dd_stop,0.64768475,0.019903459,0.04850888,0.2839029,none
A033247,R04,5327.21,high,none,0.7961842,0.034229662,0.068953626,0.10063252,none
A019287,R08,4240.55,low,none,0.8327447,0.106790975,0.037789702,0.02267462,none
A010268,R09,11285.35,high,none,0.8897263,0.04745823,0.040777642,0.022037867,none
A006475,R04,6160.45,high,none,0.911395,0.018998919,0.042610202,0.026995888,none
A035945,R09,21288.79,high,none,0.9608236,0.014488791,0.00443984,0.020247722,none
A039653,R08,10093.12,high,none,0.93891877,0.040997542,0.0034004604,0.016683279,none
A011661,R05,15826.81,high,none,0.896738,0.030531308,0.007419723,0.065311,none
A033358,R02,22929.67,high,none,0.97099304,0.0040909564,0.0034226887,0.021493305,none
A022842,R07,12049.41,high,none,0.8956994,0.064431,0.023321778,0.016547868,none
A033946,R07,15548.46,high,none,0.921996,0.02123689,0.03293934,0.023827808,none
A022010,R00,5281.7,high,none,0.9015674,0.014847459,0.035601582,0.0479835,none
A004869,R05,4555.35,low,none,0.68283653,0.018514164,0.023919588,0.27472973,none
A028639,R01,5453.2,high,none,0.97464854,0.005315719,0.0038849115,0.016150866,none
A004036,R05,1097.02,low,large_withdrawal,0.88963294,0.03534566,0.023683792,0.051337626,none
A018305,R03,28455.36,high,none,0.9646308,0.014259907,0.002784059,0.018325178,none
A027518,R03,65703.24,high,none,0.8929035,0.04701791,0.032746095,0.027332528,none
A015038,R04,497.75,low,none,0.7963363,0.0012056757,0.057930678,0.14452733,none
A026585,R01,3350.08,low,none,0.9335747,0.014605834,0.029695947,0.022123594,none
A010790,R03,16043.79,high,none,0.8903554,0.06115665,0.020841466,0.027646542,none
A018056,R05,4552.65,low,none,0.8625814,0.096484676,0.00888282,0.032051142,none
A012592,R08,744.75,low,none,0.95697176,0.024905536,0.0028281475,0.015294553,none
A034480,R01,1599.94,low,none,0.756607,0.064109825,0.05551946,0.12376374,none
A030697,R09,18196.42,high,none,0.950998,0.0010158005,0.011715025,0.03627111,none
A005406,R09,732.32,low,none,0.88894266,0.015480962,0.06850882,0.027067507,none
A038906,R07,927.46,low,none,0.6631452,0.044456672,0.02683373,0.2655644,none
A037877,R06,4471.73,low,none,0.80618685,0.08095637,0.06386817,0.048988614,none
A013256,R06,12294.78,high,none,0.9324567,0.00085685676,0.02486187,0.041824535,none
A024682,R06,397.63,low,dormant,0.92266095,0.013157594,0.025326407,0.03885507,none
A008319,R09,23661.41,high,none,0.8589351,0.01743626,0.09946782,0.02416077,none
A027453,R05,2163.24,low,none,0.89588,0.02456041,0.031499214,0.04806037,none
A034822,R01,14960.44,high,none,0.933027,0.022834029,0.029936323,0.014202622,none
A002653,R07,12647.19,high,none,0.9139021,0.03321909,0.031223794,0.02165501,none
A004881,R07,5350.69,high,dd_stop,0.8295359,0.08709888,0.05925889,0.024106372,none
A026727,R09,2345.01,low,none,0.68401957,0.008037406,0.013489133,0.29445386,none
A030889,R07,20050.42,high,none,0.9263554,0.033850387,0.01770198,0.022092156,none
A016933,R03,2204.57,low,none,0.8268454,0.04354605,0.03164342,0.09796507,none
A031550,R05,2302.15,low,none,0.9195422,0.03821361,0.0059262873,0.036317952,none
A012190,R06,15757.35,high,none,0.86951035,0.015283822,0.08395107,0.03125475,none
A018292,R05,6102.65,high,none,0.9278757,0.054376353,0.0043634935,0.013384468,none
A031584,R09,16501.14,high,none,0.9183723,0.028317858,0.031132262,0.022177596,none
A026749,R06,6470.26,high,none,0.9599104,0.015190784,0.0057493285,0.019149456,none
A032330,R02,9487.69,high,none,0.9226987,0.052215047,0.0051792846,0.01990702,none
A003970,R01,50830.31,high,none,0.9308906,0.035920918,0.013127048,0.02006142,none
A028991,R09,9123.71,high,none,0.96819365,0.010034273,0.005214318,0.016557768,none
A003396,R06,9452.79,high,none,0.9423111,0.030481355,0.0048895823,0.022317905,none
A033332,R09,4614.44,low,large_withdrawal,0.9127199,0.046645798,0.022431703,0.018202549,none
A008139,R09,34179.86,high,none,0.9304653,0.022181537,0.016031105,0.03132206,none
A022274,R01,5262.63,high,none,0.9231537,0.02308937,0.028647503,0.025109388,none
A009797,R03,18425.66,high,none,0.92879635,0.04020432,0.009621342,0.021377975,none
A022260,R02,4310.29,low,none,0.81600875,0.07140484,0.07504397,0.03754251,none
A013422,R07,1428.73,low,none,0.9229907,0.018740658,0.03792948,0.020339232,none
A020730,R06,2381.98,low,dd_stop,0.8424719,0.06555795,0.071536995,0.020433212,none
A018357,R04,48175.19,high,none,0.7029384,0.026532885,0.10381889,0.16670986,none
A008591,R06,21969.89,high,none,0.88642913,0.039107412,0.051347308,0.023116102,none
A027686,R05,6559.35,high,dormant,0.8752764,0.013689178,0.011175776,0.099858604,none
A024920,R06,3730.02,low,none,0.9219933,0.037001412,0.024887161,0.016118046,none
A026845,R00,15305.74,high,none,0.84603125,0.019585013,0.018344013,0.11603973,none
A032531,R01,682.68,low,dormant,0.24824803,0.0017933619,0.03273696,0.7172217,dormant
A031463,R06,3688.18,low,dormant,0.7791884,0.01811915,0.07375178,0.12894072,none
A001414,R07,3089.08,low,dormant,0.87342656,0.019050345,0.0107262535,0.09679679,none
A030514,R04,9789.68,high,none,0.94939506,0.018590849,0.0047033704,0.027310705,none
A004754,R08,1133.05,low,none,0.85924333,0.008434417,0.05398239,0.07833986,none
A027199,R00,4647.12,low,none,0.8350345,0.06547772,0.014841299,0.08464648,none
A003982,R04,3593.14,low,none,0.89085126,0.012851559,0.07696484,0.019332392,none
A029926,R03,2038.98,low,none,0.7374976,0.012401235,0.041189525,0.20891161,none
A026195,R02,23020.05,high,none,0.9289472,0.004679181,0.016086482,0.05028707,none
A031448,R07,6697.1,high,none,0.93930334,0.018929154,0.014652462,0.027115013,none
A020737,R03,4810.78,low,none,0.8317789,0.0538749,0.025582405,0.08876378,none
A032646,R06,1667.13,low,none,0.9531956,0.009714308,0.01185624,0.025233923,none
A030334,R03,1984.34,low,dormant,0.7013708,0.04074397,0.033191193,0.22469404,none
A029713,R00,12781.45,high,none,0.91908205,0.042866204,0.009858393,0.028193379,none
A022383,R02,991.45,low,none,0.82233137,0.013761467,0.046740394,0.11716674,none
A013348,R02,8652.18,high,dd_stop,0.84088355,0.11281583,0.023591572,0.02270904,none
A035070,R01,10600.11,high,none,0.9546287,0.012479247,0.007734543,0.025157534,none
A024486,R01,9454.85,high,none,0.9484124,0.023249337,0.009418609,0.018919615,none
A017791,R01,53185.74,high,none,0.8798756,0.030232314,0.016436012,0.073456064,none
A035830,R05,3665.06,low,large_withdrawal,0.8968644,0.05239531,0.012941997,0.037798278,none
A023544,R00,15853.27,high,none,0.8602971,0.029815061,0.032026395,0.07786145,none
A006638,R08,119692.72,high,none,0.9634814,0.012547365,0.0052800463,0.018691165,none
A038350,R07,13527.89,high,none,0.9666131,0.0007497214,0.008590092,0.024047088,none
A024710,R09,27063.63,high,none,0.91182387,0.037597723,0.027963074,0.022615384,none
A022883,R04,3507.57,low,none,0.86897457,0.04562824,0.044061802,0.04133539,none
A014031,R00,993.85,low,none,0.8966196,0.012905142,0.058861386,0.031613875,none
A015195,R02,32107.97,high,none,0.8982761,0.014497295,0.0047140843,0.08251252,none
A032102,R04,831.96,low,none,0.8439882,0.027590094,0.03436428,0.09405741,none
A000702,R06,15749.22,high,none,0.6706496,0.014438764,0.006160254,0.30875134,none
A018020,R00,15862.32,high,none,0.76697785,0.017293362,0.10002191,0.1157069,none
A001763,R08,4524.98,low,none,0.61817837,0.030419536,0.049282607,0.30211952,none
A008472,R06,8985.77,high,none,0.87208045,0.011706838,0.028442463,0.08777029,none
A003525,R08,1824.48,low,dd_stop,0.9445696,0.039826274,0.0056017768,0.01000235,none
A016922,R01,5861.3,high,none,0.88104975,0.012901604,0.014556625,0.09149196,none
A004528,R09,7362.36,high,none,0.9018139,0.045799952,0.03515619,0.01723001,none
A013140,R01,13378.71,high,none,0.94162726,0.023782978,0.011892833,0.022696929,none
A017406,R00,3214.16,low,dormant,0.8435858,0.059559632,0.07100959,0.025844982,none
A018400,R04,3538.06,low,none,0.8512881,0.013053805,0.109594226,0.026063925,none
A005972,R03,2151.52,low,none,0.818,0.08793802,0.04777968,0.04628232,none
A000898,R05,16182.62,high,none,0.8566943,0.07005003,0.046727214,0.02652852,none
A002283,R01,4157.12,low,none,0.90380186,0.010032349,0.005412299,0.080753446,none
A012467,R06,13386.75,high,none,0.9257414,0.05311295,0.004760538,0.016385121,none
A005850,R09,11379.31,high,none,0.8640441,0.011006081,0.03541126,0.0895386,none
A012531,R04,1211.15,low,none,0.86601514,0.028713573,0.03329001,0.07198129,none
A009534,R05,6185.02,high,none,0.9124749,0.016864466,0.045673285,0.024987388,none
A015348,R09,9138.06,high,none,0.83462226,0.0013942723,0.01822667,0.1457568,none
A011338,R04,2851.21,low,none,0.8347414,0.09413134,0.040648367,0.030478833,none
A000062,R00,7225.02,high,none,0.94371486,0.0039642556,0.02773914,0.024581729,none
A021532,R06,57660.27,high,none,0.9625946,0.014772196,0.0026841548,0.019949017,none
A029103,R08,7560.16,high,none,0.79162484,0.023885481,0.07898353,0.10550615,none
A030213,R08,12628.4,high,dormant,0.92689264,0.0011282852,0.044520743,0.027458375,none
A006960,R08,12421.82,high,none,0.96098554,0.022005653,0.003201451,0.013807311,none
A020501,R02,3138.65,low,none,0.957715,0.0005761184,0.01937682,0.022332083,none
A016256,R02,1089.75,low,none,0.9329955,0.03791004,0.005506424,0.023588113,none
A034820,R01,4381.13,low,none,0.8950643,0.022105759,0.01600677,0.06682316,none
A019310,R01,2622.54,low,none,0.69605976,0.014053996,0.0067744874,0.28311175,none
A036067,R09,6986.67,high,none,0.93701667,0.04021997,0.006440316,0.016323028,none
A004146,R01,1393.13,low,none,0.88645494,0.014155555,0.06434825,0.03504127,none
A039546,R04,49588.07,high,none,0.8392297,0.027201496,0.108297035,0.02527176,none
A016005,R01,40435.37,high,none,0.86184984,0.06630687,0.049395833,0.022447431,none
A014317,R03,1939.96,low,dd_stop,0.8484577,0.043099415,0.025006901,0.08343601,none
A020135,R05,8090.55,high,none,0.8832249,0.044588804,0.041990593,0.030195646,none
A034639,R04,1890.78,low,none,0.9361417,0.014669046,0.033462904,0.015726322,none
A014274,R00,3806.04,low,none,0.86252433,0.08311995,0.032920703,0.021435006,none
A026960,R03,2702.22,low,none,0.82167226,0.054510977,0.08380564,0.04001116,none
A003056,R08,9443.56,high,none,0.95387256,0.025335643,0.0048199664,0.015971852,none
A026235,R09,2858.91,low,none,0.8819001,0.017010964,0.030688448,0.07040047,none
A012288,R08,1510.42,low,none,0.69062424,0.032870617,0.010428472,0.26607662,none
A018619,R00,1824.08,low,none,0.94831383,0.014928122,0.015861696,0.020896299,none
A017598,R07,7238.67,high,none,0.84247595,0.058057513,0.060498655,0.038967926,none
A024295,R08,1609.55,low,none,0.9321236,0.0047220783,0.028834157,0.034320142,none
A017242,R07,4317.41,low,none,0.87865555,0.009742712,0.015446398,0.0961553,none
A021182,R01,25567.48,high,none,0.8358399,0.036736265,0.092851035,0.0345728,none
A025067,R02,1896.73,low,none,0.8616466,0.025741622,0.062458765,0.05015295,none
A027604,R04,2426.57,low,none,0.8757707,0.028085368,0.05246612,0.04367782,none
A015689,R07,1520.96,low,none,0.86586,0.024049686,0.034848645,0.07524171,none
A017690,R05,4425.61,low,dd_stop,0.80617183,0.12832102,0.041733146,0.02377403,none
A005655,R01,2403.49,low,none,0.93256795,0.00845302,0.014260963,0.04471807,none
A019191,R08,2080.72,low,none,0.9338408,0.018274,0.024182074,0.023703119,none
A000142,R01,7824.09,high,none,0.873089,0.017072575,0.030517614,0.079320796,none
A023735,R05,1416.19,low,none,0.9506826,0.008196396,0.009526329,0.03159477,none
A030656,R07,21529.4,high,none,0.97127366,0.006504432,0.006407918,0.015813934,none
A003472,R03,2372.98,low,none,0.9417814,0.003441102,0.021006208,0.03377124,none
A025807,R05,4234.09,low,none,0.88464874,0.022637013,0.016318116,0.07639614,none
A016281,R04,456.97,low,none,0.67567503,0.037785035,0.0327572,0.25378275,none
A027528,R05,5891.42,high,none,0.86647445,0.028755726,0.035515998,0.06925385,none
A032308,R05,15087.0,high,none,0.9312278,0.0042727883,0.031199466,0.033299938,none
A033977,R02,544.64,low,none,0.8170649,0.08750881,0.07482741,0.020598883,none
A008269,R02,8382.48,high,none,0.74956346,0.0011797653,0.10498162,0.14427514,none
A017230,R06,2842.95,low,none,0.46218374,0.009739086,0.014798517,0.5132786,dormant
A009597,R05,2029.56,low,none,0.95256054,0.0028546264,0.009435863,0.035148975,none
A010577,R08,2909.78,low,none,0.9531045,0.013435275,0.0064845686,0.02697568,none
A004461,R01,27689.34,high,none,0.8745819,0.018874886,0.027239766,0.07930348,none
A014513,R01,2421.47,low,none,0.8859675,0.018539086,0.006006052,0.08948733,none
A035071,R06,3333.1,low,none,0.89408034,0.05489405,0.03644317,0.014582416,none
A021150,R00,1438.23,low,dormant,0.9158387,0.0017930883,0.0119079705,0.07046029,none
A006088,R02,21450.05,high,none,0.78621036,0.038180187,0.090839885,0.08476961,none
A015061,R01,1167.35,low,none,0.9568848,0.0012175423,0.021768052,0.020129617,none
A026197,R09,32297.78,high,none,0.9093482,0.039315198,0.026513293,0.024823332,none
A002316,R06,1461.54,low,none,0.9520736,0.022344507,0.01093137,0.01465058,none
A021803,R04,2179.34,low,none,0.88916165,0.022243435,0.053719997,0.03487489,none
A018518,R01,995.21,low,none,0.8163666,0.017759375,0.07297737,0.09289666,none
A023763,R08,6147.28,high,none,0.93790865,0.007926527,0.034349937,0.019814884,none
A015420,R05,4394.37,low,none,0.9632805,0.007328503,0.009476468,0.019914465,none
A037407,R02,2351.75,low,none,0.8687042,0.015211522,0.01227853,0.10380576,none
A035530,R07,19922.73,high,none,0.9450497,0.016161095,0.016962279,0.021826927,none
A006721,R04,1315.2,low,dd_stop,0.86818826,0.016109513,0.06677574,0.04892647,none
A021297,R01,1073.66,low,none,0.9450447,0.0076946123,0.012224877,0.03503586,none
A001092,R09,2412.21,low,none,0.89102393,0.027488964,0.048940204,0.03254695,none
A037623,R05,10103.95,high,none,0.94000757,0.019375158,0.023890788,0.016726423,none
A022658,R02,2544.65,low,large_withdrawal,0.8889918,0.011246496,0.06777728,0.031984434,none
A000505,R03,1330.26,low,none,0.8550118,0.007247662,0.03977765,0.09796287,none
A006998,R06,1420.42,low,dormant,0.14648643,0.025083425,0.0060164705,0.8224137,dormant
A033127,R06,1918.88,low,none,0.81849957,0.021140274,0.06962723,0.09073291,none
A003782,R06,1513.15,low,none,0.962409,0.016107544,0.0050571314,0.016426286,none
A031153,R08,6001.14,high,none,0.8222927,0.010572855,0.07820546,0.088929035,none
A032745,R05,4003.26,low,none,0.81322676,0.023956798,0.06552751,0.09728892,none
A038588,R00,3368.62,low,none,0.8488376,0.07353691,0.04184593,0.03577958,none
A004530,R08,5852.82,high,dd_stop,0.92681825,0.024741387,0.022242205,0.026198126,none
A022281,R04,36851.56,high,none,0.9167271,0.017528217,0.021704342,0.044040263,none
A020437,R09,16604.48,high,none,0.9288099,0.022174966,0.019137472,0.029877637,none
A004335,R02,11279.11,high,none,0.9314849,0.033363096,0.014809529,0.020342477,none
A012492,R09,3201.33,low,none,0.90459746,0.009413081,0.004169273,0.08182025,none
A014789,R05,1056.7,low,none,0.93092614,0.004493273,0.0275425,0.03703814,none
A003834,R03,1832.12,low,none,0.9087425,0.010623607,0.052850667,0.02778329,none
A029351,R02,12287.4,high,none,0.86907184,0.08182488,0.028468,0.020635286,none
A022918,R05,5219.62,high,none,0.9009636,0.05082918,0.03073585,0.01747139,none
A015356,R05,1794.95,low,none,0.8672535,0.0007483521,0.017246127,0.11475201,none
A009390,R06,5588.2,high,none,0.690852,0.0010166876,0.039159928,0.2689714,none
A012238,R05,1465.24,low,none,0.84284586,0.078348465,0.04762908,0.03117657,none
A006473,R02,1109.09,low,none,0.8997813,0.024160894,0.032821964,0.043235872,none
A027880,R09,4768.22,low,none,0.8707439,0.053183965,0.035810087,0.040262055,none
A001467,R07,9931.28,high,none,0.89433813,0.08448395,0.007754151,0.01342378,none
A019198,R00,11444.8,high,none,0.9111378,0.025422703,0.044694703,0.01874474,none
A021195,R03,19180.35,high,none,0.90389806,0.048276756,0.018264236,0.029560937,none
A006254,R07,4709.49,low,none,0.87073475,0.04946499,0.055486076,0.024314154,none
A025799,R08,47289.87,high,none,0.92311,0.03445593,0.02197269,0.020461377,none
A001564,R05,17636.01,high,none,0.8224183,0.06051589,0.039296184,0.077769615,none
A035682,R06,42520.37,high,none,0.81857806,0.007782979,0.04859429,0.12504463,none
A033587,R00,11441.39,high,none,0.78999704,0.017057508,0.08049179,0.1124537,none
A008202,R03,13520.16,high,none,0.7496243,0.110408306,0.03212249,0.10784484,none
A014769,R00,9090.44,high,dormant,0.8491243,0.05830123,0.012466531,0.08010795,none
A039761,R02,1021.7,low,none,0.9377113,0.021471273,0.01694034,0.023877103,none
A001394,R06,3127.06,low,none,0.91230917,0.020609781,0.0061683664,0.060912658,none
A000575,R04,7052.59,high,none,0.97596425,0.005724977,0.0040764012,0.014234343,none
A017525,R03,52513.52,high,none,0.8808595,0.02612905,0.0061895754,0.086821936,none
A019925,R00,9191.61,high,none,0.8976491,0.03604158,0.049120653,0.017188646,none
A024766,R08,2234.62,low,none,0.92466736,0.010451296,0.040934943,0.023946436,none
A003205,R04,2191.81,low,none,0.73502815,0.04825181,0.09617461,0.12054539,none
A014619,R07,21200.67,high,none,0.97175163,0.0008767878,0.006213601,0.021157995,none
A002104,R03,8066.25,high,none,0.89775014,0.029133284,0.04960343,0.023513108,none
A000399,R05,1062.74,low,dd_stop,0.80842555,0.07115691,0.08032339,0.040094208,none
A022669,R02,3457.78,low,none,0.96999186,0.0058593103,0.0026669307,0.02148187,none
A027630,R05,4568.95,low,none,0.67196643,0.010510025,0.02347218,0.29405132,none
A037748,R07,3292.83,low,none,0.94874406,0.023279104,0.0069603827,0.021016492,none
A021318,R08,2786.92,low,large_withdrawal,0.89518225,0.06756924,0.013591348,0.023657098,none
A032378,R06,1599.04,low,none,0.93252885,0.008444552,0.036670856,0.022355743,none
A015248,R01,735.93,low,none,0.8602989,0.07822426,0.04466928,0.016807608,none
A034803,R01,11465.93,high,none,0.86044914,0.005179627,0.03037649,0.10399477,none
A037106,R08,806.69,low,none,0.90194917,0.023352506,0.044451624,0.030246684,none
A009172,R07,4375.82,low,none,0.83075136,0.06272105,0.030422794,0.07610485,none
A015055,R03,1239.64,low,none,0.9457767,0.024206467,0.014215165,0.0158017,none
A030987,R07,19793.88,high,none,0.8449671,0.05490209,0.07876748,0.021363294,none
A016034,R01,2256.54,low,none,0.9478,0.02904416,0.006182504,0.016973382,none
A002726,R00,787.66,low,dd_stop,0.7821486,0.013097668,0.12127493,0.0834788,none
A000236,R01,9496.8,high,none,0.9056533,0.0057164063,0.043433715,0.04519656,none
A016298,R08,9353.85,high,none,0.8797359,0.015199183,0.018128933,0.08693595,none
A023137,R07,3851.25,low,none,0.79118586,0.06549463,0.03867259,0.10464691,none
A039397,R04,3365.47,low,none,0.88722765,0.007667449,0.020213485,0.08489142,none
A014794,R06,2443.34,low,none,0.9383048,0.024484135,0.0054307734,0.031780317,none
A022980,R06,47161.74,high,none,0.9185201,0.0038701852,0.0032999527,0.07430975,none
A003046,R07,2305.97,low,none,0.9096997,0.039389603,0.023478024,0.027432688,none
A010876,R01,7130.76,high,none,0.8111755,0.020587144,0.07827139,0.08996597,none
A032837,R03,976.48,low,none,0.92530084,0.01738616,0.020648422,0.036664598,none
A022079,R04,5386.67,high,dormant,0.88010776,0.012984072,0.0076305475,0.09927762,none
A037334,R07,5457.99,high,none,0.9103211,0.010332214,0.017953865,0.061392784,none
A009141,R08,18273.55,high,none,0.7918681,0.07821329,0.0075170947,0.12240153,none
A024527,R03,6099.41,high,none,0.88050926,0.026625019,0.029856494,0.06300926,none
A020237,R04,6901.23,high,none,0.8029732,0.009070278,0.07301242,0.114944056,none
A019692,R04,6152.3,high,none,0.73027694,0.008377198,0.028590856,0.23275496,none
A039506,R09,3443.04,low,none,0.82230854,0.085049056,0.0648178,0.027824588,none
A037571,R02,6036.12,high,dormant,0.877077,0.025551215,0.041929793,0.05544205,none
A001339,R05,10331.29,high,none,0.9508368,0.0069448696,0.017301884,0.024916545,none
A022207,R01,4064.66,low,dormant,0.94960076,0.0058621545,0.013732404,0.030804688,none
A006162,R02,2043.44,low,dormant,0.84899336,0.03804566,0.069634676,0.04332627,none
A023996,R00,2239.59,low,none,0.80841446,0.04754453,0.04599598,0.09804507,none
A003269,R02,4933.04,low,none,0.9460199,0.020429479,0.008274633,0.025276031,none
A022326,R00,7103.59,high,none,0.8779368,0.009721286,0.012657725,0.09968418,none
A000652,R03,27487.52,high,none,0.85801804,0.0073320423,0.0513752,0.083274715,none
A003167,R03,16859.4,high,none,0.7254818,0.00179248,0.010132744,0.26259297,none
A010329,R00,5192.16,high,large_withdrawal,0.86300606,0.015539657,0.027677402,0.09377685,none
A007320,R05,26403.06,high,none,0.92899823,0.012809664,0.035033338,0.02315878,none
A026383,R08,2450.03,low,dormant,0.93778586,0.0036915205,0.020551002,0.03797162,none
A015514,R04,3178.94,low,none,0.94066185,0.016335256,0.010105812,0.032897115,none
A005111,R09,6708.98,high,none,0.88874614,0.031797715,0.052724473,0.026731672,none
A033540,R04,2244.79,low,dd_stop,0.9027387,0.037972886,0.03473636,0.024552042,none
A015392,R03,9694.85,high,none,0.88500637,0.017353522,0.07150618,0.02613397,none
A029019,R07,1994.76,low,none,0.8537017,0.025991166,0.040539738,0.079767324,none
A010584,R05,16920.75,high,dormant,0.70556414,0.01770714,0.01048877,0.26623997,none
A025759,R03,19886.21,high,none,0.92548937,0.001786838,0.044627,0.028096758,none
A039157,R01,9317.64,high,none,0.8810371,0.02761482,0.014330713,0.077017315,none
A033700,R07,5052.49,high,none,0.94729877,0.011525556,0.009562073,0.03161361,none
A024940,R01,928.41,low,dormant,0.9087019,0.038774855,0.017720921,0.034802314,none
A009065,R08,15318.76,high,none,0.89417255,0.015029102,0.062070433,0.028727913,none
A019062,R09,13894.91,high,none,0.92910075,0.021046111,0.01784055,0.03201261,none
A031513,R04,11120.52,high,none,0.93736994,0.028356409,0.007888077,0.026385589,none
A038748,R00,767.26,low,dd_stop,0.8461757,0.0042157825,0.048239574,0.10136902,none
A008749,R02,4229.7,low,none,0.8357757,0.096190445,0.04375825,0.024275579,none
A010463,R08,19937.45,high,none,0.38647485,0.0037353528,0.026059022,0.58373076,dormant
A034904,R03,1463.18,low,none,0.9112252,0.00668489,0.057132967,0.02495694,none
A009875,R00,2303.25,low,none,0.93780494,0.001234653,0.022290926,0.038669515,none
A031698,R09,661.53,low,none,0.92795724,0.014118196,0.032558102,0.025366446,none
A014352,R06,3394.18,low,none,0.90442646,0.047273833,0.02381465,0.024485065,none
A037225,R03,53359.76,high,large_withdrawal,0.93170244,0.021224365,0.005055067,0.042018183,none
A017281,R02,34672.77,high,none,0.96533215,0.0006092687,0.0058616754,0.028196862,none
A000847,R07,32104.35,high,none,0.7718812,0.098186925,0.06564491,0.064286925,none
A003007,R06,9351.83,high,none,0.9223951,0.037485942,0.023409484,0.01670945,none
A028999,R04,4039.26,low,none,0.86906445,0.011171168,0.023365347,0.09639908,none
A020699,R08,3566.1,low,dormant,0.5816901,0.010632228,0.011641003,0.39603668,none
A035454,R07,2498.67,low,none,0.8975692,0.03812096,0.030643309,0.03366658,none
A003721,R07,4055.16,low,none,0.95481086,0.016775575,0.0046894434,0.023724161,none
A035681,R00,9442.87,high,none,0.8786415,0.06601141,0.032669775,0.022677345,none
A020516,R06,30538.36,high,none,0.93049264,0.010933966,0.004884328,0.05368906,none
A014439,R04,12064.12,high,dormant,0.7372498,0.05283519,0.009360609,0.20055446,none
A023039,R03,11703.75,high,none,0.972123,0.00063949305,0.00355227,0.02368526,none
A001303,R03,2239.25,low,none,0.84674126,0.06714449,0.05931068,0.026803581,none
A026607,R06,663.26,low,dd_stop,0.8722002,0.028206479,0.072719105,0.026874214,none
A019771,R01,9912.01,high,none,0.50748,0.024076087,0.024126917,0.44431695,none
A012915,R07,6681.99,high,none,0.91186804,0.03192048,0.034529634,0.02168184,none
A011791,R06,7384.86,high,none,0.81457424,0.039255615,0.06414838,0.082021765,none
A032234,R07,4707.63,low,none,0.92489415,0.014884708,0.046147298,0.014073796,none
A010522,R01,2170.02,low,none,0.84983176,0.056196384,0.05743904,0.036532793,none
A024849,R07,4736.96,low,none,0.87698025,0.0534967,0.042496625,0.027026407,none
A032148,R00,26235.57,high,none,0.9329436,0.019901637,0.021496996,0.025657736,none
A010952,R04,586.93,low,none,0.9024491,0.022997871,0.0549028,0.019650204,none
A009156,R01,1279.86,low,none,0.8969731,0.012507911,0.055231046,0.03528799,none
A022312,R09,1890.26,low,none,0.9562209,0.0060391636,0.012230526,0.025509318,none
A020508,R07,1257.91,low,none,0.6137865,0.034900784,0.015916781,0.3353959,none
A036594,R06,2594.6,low,large_withdrawal,0.8690676,0.035733208,0.06547331,0.029725878,none
A005129,R02,7958.34,high,none,0.900788,0.047834672,0.021677434,0.029699862,none
A004092,R03,13144.17,high,none,0.83396417,0.11187613,0.034485985,0.019673727,none
A028668,R09,6227.27,high,none,0.91221046,0.04289965,0.010740902,0.03414901,none
A015572,R06,6060.34,high,none,0.8862492,0.0008091398,0.028249567,0.084692106,none
A010857,R00,556.98,low,none,0.9128002,0.047412384,0.011550633,0.028236793,none
A013976,R04,34006.44,high,none,0.9263518,0.0007146276,0.034253996,0.03867965,none
A030874,R09,18330.91,high,none,0.7692777,0.03556779,0.09825646,0.096898004,none
A019132,R00,3307.07,low,none,0.86539966,0.06982396,0.041984856,0.022791503,none
A015624,R03,8201.34,high,none,0.88832843,0.021328188,0.011377301,0.07896608,none
A013614,R02,3221.24,low,dd_stop,0.8247689,0.009012498,0.059568375,0.10665027,none
A000122,R01,1602.28,low,none,0.85925496,0.08735765,0.033061028,0.020326385,none
A031315,R04,30906.49,high,none,0.95166683,0.002319134,0.008685464,0.037328623,none
A021818,R08,5527.73,high,none,0.80759037,0.06702647,0.06006194,0.06532129,none
A004818,R04,7308.24,high,none,0.8468673,0.03474183,0.08290741,0.03548338,none
A001853,R04,20658.59,high,none,0.7659985,0.0140683055,0.08998461,0.12994857,none
A000798,R05,12713.4,high,none,0.9429957,0.0214048,0.008762059,0.026837397,none
A012199,R08,2669.25,low,none,0.85886496,0.014980542,0.0116885295,0.114466,none
A000569,R03,3429.82,low,none,0.9115275,0.025947135,0.032404926,0.030120445,none
A005818,R06,1985.8,low,none,0.9456941,0.02143668,0.0125417095,0.020327501,none
A022929,R03,1570.28,low,none,0.93809944,0.03669645,0.004954003,0.02025015,none
A018503,R07,3668.88,low,large_withdrawal,0.8209537,0.064383864,0.048341185,0.06632119,none
A038647,R00,602.99,low,none,0.9128512,0.029015398,0.02946556,0.028667843,none
A010027,R06,27832.28,high,dormant,0.86763406,0.004074632,0.059888463,0.06840284,none
A036791,R01,6476.93,high,none,0.9032482,0.0016472989,0.06845971,0.026644718,none
A017486,R02,3620.85,low,none,0.9378378,0.008214935,0.019329958,0.034617383,none
A016578,R02,7636.68,high,none,0.95276195,0.00069380674,0.020909805,0.025634449,none
A023021,R08,816.12,low,none,0.8997894,0.014221584,0.050341915,0.035647098,none
A006416,R05,3265.21,low,none,0.8623352,0.07334231,0.015425685,0.04889681,none
A022305,R03,2014.18,low,none,0.9014921,0.059314888,0.02591547,0.0132775325,none
A000837,R08,7278.24,high,none,0.67353284,0.051584493,0.016802,0.25808066,none
A013671,R05,7214.41,high,none,0.94515884,0.040665586,0.0058242036,0.008351397,none
A034012,R08,2697.76,low,dormant,0.8507745,0.03956418,0.013932242,0.09572902,none
A027323,R03,4547.81,low,none,0.9571244,0.0012300948,0.005808066,0.03583738,none
A022295,R09,7702.97,high,none,0.9360826,0.042837963,0.007523607,0.0135558285,none
A035192,R07,5090.4,high,dormant,0.93454784,0.031365197,0.0037898961,0.030297041,none
A026705,R07,1478.09,low,none,0.87943274,0.014773572,0.032360174,0.07343352,none
A009377,R06,6377.61,high,none,0.8957263,0.00775456,0.07460875,0.0219103,none
A029907,R01,15755.33,high,dormant,0.92195547,0.02824302,0.032821264,0.016980298,none
A016315,R04,7798.73,high,none,0.9685227,0.0010388324,0.008053484,0.022384897,none
A007997,R07,3170.7,low,none,0.87587565,0.05623171,0.032994386,0.034898214,none
A006374,R08,3147.91,low,dormant,0.61222523,0.041085046,0.043878473,0.3028112,none
A028430,R07,4519.46,low,none,0.77079386,0.073735125,0.060594164,0.09487685,none
A016556,R07,7611.02,high,none,0.7868654,0.14408544,0.036585286,0.032463804,none
A020176,R03,3131.65,low,none,0.87395847,0.024610223,0.068496324,0.03293503,none
A029634,R09,3436.02,low,none,0.88818216,0.04121816,0.040911578,0.029688064,none
A017910,R01,492.59,low,none,0.8533425,0.028266849,0.02532981,0.093060896,none
A037221,R02,12902.92,high,none,0.9077406,0.009012659,0.06157587,0.021670872,none
A025742,R03,5317.46,high,none,0.9561355,0.020230224,0.0027907884,0.020843457,none
A026058,R04,2023.27,low,none,0.86128604,0.010455487,0.029012376,0.099246114,none
A020916,R05,11735.14,high,none,0.9564958,0.015092328,0.00399528,0.024416544,none
A036145,R02,4312.77,low,none,0.9137133,0.044078216,0.022731643,0.019476827,none
A031309,R01,9996.39,high,none,0.95447946,0.018813526,0.0041196467,0.022587366,none
A035553,R03,3550.7,low,none,0.88863164,0.021439532,0.039266694,0.05066214,none
A004739,R09,39094.66,high,none,0.87827873,0.0072278036,0.02166858,0.09282491,none
A038121,R07,5729.81,high,none,0.7843134,0.009988867,0.10903974,0.096658036,none
A018613,R09,3069.68,low,none,0.84958863,0.030110236,0.07371165,0.046589445,none
A035003,R02,4237.28,low,none,0.9559435,0.0008896333,0.009073056,0.03409374,none
A009588,R09,2561.7,low,none,0.7919546,0.094127014,0.04973614,0.06418225,none
A019474,R09,1992.65,low,none,0.883763,0.022597866,0.049370356,0.044268735,none
A004668,R02,3464.8,low,none,0.9364971,0.012435568,0.03586946,0.015197933,none
A004508,R02,13685.71,high,none,0.95331633,0.0193174,0.0068654683,0.020500792,none
A019658,R01,4785.12,low,none,0.66432077,0.04770315,0.039385423,0.2485907,none
A021522,R02,5639.81,high,none,0.8262158,0.037430886,0.00806353,0.12828979,none
A016318,R07,1665.57,low,none,0.95700336,0.021421686,0.0046951496,0.01687985,none
A007985,R06,4498.61,low,none,0.93000627,0.033245046,0.012245114,0.024503574,none
A036318,R04,4750.22,low,none,0.92892265,0.017689314,0.018999362,0.034388695,none
A000994,R04,1283.75,low,none,0.96695083,0.008471798,0.004685305,0.019892009,none
A007394,R04,6761.22,high,none,0.90212154,0.0051121945,0.053504992,0.039261278,none
A023822,R06,12615.16,high,none,0.9259521,0.0098624155,0.033270855,0.03091469,none
A031449,R04,4515.26,low,none,0.9399971,0.023993261,0.005952485,0.030057192,none
A037857,R06,482.26,low,dormant,0.8784347,0.004520656,0.02679599,0.090248644,none
A004303,R09,1983.74,low,none,0.902075,0.02486502,0.05275344,0.02030654,none
A020247,R02,16222.27,high,dormant,0.8317041,0.022809679,0.035779506,0.10970678,none
A032399,R06,96269.1,high,dormant,0.91350204,0.018060856,0.025293374,0.04314367,none
A006423,R01,6208.08,high,none,0.9429188,0.0059647057,0.029493114,0.021623408,none
A037555,R02,7713.28,high,none,0.83273154,0.011731396,0.06545657,0.09008048,none
A007810,R07,23511.38,high,none,0.8751133,0.035752255,0.053297307,0.03583711,none
A007255,R06,8255.23,high,none,0.93813896,0.027301842,0.01140072,0.023158412,none
A013312,R07,10698.83,high,none,0.85129946,0.057585116,0.06135456,0.0297608,none
A016119,R00,2752.26,low,none,0.8925369,0.052898232,0.03694101,0.017623834,none
A018741,R06,5326.9,high,none,0.9564376,0.0007958278,0.021385185,0.021381414,none
A036529,R04,8272.05,high,none,0.93862975,0.023168135,0.012185744,0.026016379,none
A038876,R01,4739.8,low,none,0.824336,0.05054267,0.03599947,0.0891219,none
A028101,R03,107600.49,high,none,0.9612889,0.009719776,0.005957268,0.023034086,none
A022005,R06,2283.5,low,none,0.92283744,0.029422209,0.02941812,0.018322194,none
A003521,R08,10354.67,high,none,0.97828925,0.006637844,0.0029088613,0.012164073,none
A025195,R02,9073.04,high,none,0.957156,0.008480247,0.012111528,0.022252234,none
A014740,R06,5238.53,high,none,0.9240339,0.021808354,0.023162924,0.030994864,none
A024506,R03,3492.28,low,none,0.89143324,0.014242515,0.0033013462,0.091022834,none
A022523,R04,4700.42,low,none,0.7154087,0.012534708,0.03817557,0.23388101,none
A010184,R06,536.69,low,none,0.92627424,0.048212577,0.012179558,0.01333368,none
A004352,R09,1648.22,low,none,0.8513857,0.003848355,0.023835236,0.1209307,none
A024695,R05,1586.28,low,dd_stop,0.91511714,0.008004501,0.049135823,0.027742492,none
A027220,R05,1374.25,low,none,0.8523372,0.0960874,0.031134864,0.020440588,none
A026104,R07,1256.96,low,none,0.94341975,0.015487493,0.022267355,0.01882542,none
A036777,R03,24731.65,high,none,0.9184302,0.012560673,0.032716025,0.03629307,none
A016561,R03,1038.18,low,none,0.83125216,0.008437701,0.06107741,0.09923272,none
A017845,R06,467.28,low,none,0.76963586,0.08383599,0.051219072,0.09530913,none
A017448,R07,11698.57,high,none,0.9445247,0.025651706,0.0077415933,0.022082033,none
A013622,R02,1600.07,low,none,0.92986566,0.010544754,0.021208264,0.0383813,none
A008801,R02,6558.58,high,none,0.95576817,0.008697779,0.004665949,0.030868156,none
A036692,R07,346.99,low,none,0.9021398,0.007384942,0.010629429,0.079845846,none
A016846,R08,78037.88,high,none,0.88025117,0.046402592,0.0472054,0.02614088,none
A004276,R09,6752.26,high,none,0.9612887,0.008440024,0.003537277,0.026733968,none
A035677,R05,5321.06,high,none,0.92884344,0.016813897,0.036958545,0.017384078,none
A006172,R05,4499.89,low,none,0.9102845,0.01834805,0.047269445,0.024097968,none
A010156,R08,8804.33,high,large_withdrawal,0.9014304,0.03255231,0.0018520702,0.064165205,none
A038367,R04,3746.99,low,none,0.8714708,0.05894479,0.04474652,0.024837874,none
A007092,R01,29339.99,high,none,0.9265637,0.010649833,0.03639098,0.026395574,none
A013864,R01,6492.64,high,none,0.9397399,0.0072032358,0.041252527,0.011804325,none
A019572,R04,4813.8,low,none,0.938031,0.03801936,0.006456342,0.017493308,none
A004258,R03,13662.14,high,none,0.96046454,0.02254931,0.0029948654,0.013991292,none
A035040,R06,6050.32,high,none,0.8854545,0.021630751,0.066295564,0.026619209,none
A014814,R03,11379.16,high,none,0.94833624,0.019592658,0.006425897,0.025645139,none
A029049,R01,541.31,low,none,0.89223456,0.017882671,0.058039982,0.031842787,none
A032876,R05,2046.37,low,none,0.9675012,0.007791844,0.0051803794,0.019526534,none
A031937,R00,2902.45,low,none,0.8839396,0.039707154,0.048495654,0.027857555,none
A013209,R07,5945.25,high,none,0.9159174,0.029081363,0.03381811,0.021183116,none
A025744,R04,14813.48,high,none,0.9157208,0.04873745,0.009363219,0.026178537,none
A003024,R01,8352.0,high,none,0.94811827,0.017552266,0.011384934,0.022944592,none
A036765,R05,8390.83,high,none,0.91107696,0.0074944426,0.01427179,0.06715682,none
A032902,R07,8107.47,high,none,0.9287115,0.034963846,0.016153637,0.020171007,none
A036744,R02,2508.43,low,none,0.9381369,0.013478607,0.013202663,0.035181828,none
A003778,R01,13188.31,high,none,0.88116723,0.04626118,0.045873526,0.026698075,none
A006385,R02,6521.56,high,dd_stop,0.8081295,0.04092542,0.06347409,0.08747097,none
A009749,R08,1556.34,low,none,0.92620844,0.0024268834,0.036001712,0.03536298,none
A038066,R05,1019.94,low,none,0.9511722,0.024174536,0.004660066,0.01999321,none
A021746,R02,9425.55,high,none,0.92565227,0.008586361,0.042630233,0.023131134,none
A035753,R09,7600.09,high,none,0.8835948,0.011653611,0.028821146,0.07593046,none
A025597,R07,666.45,low,none,0.89382905,0.012691562,0.014279662,0.07919975,none
A009686,R05,9868.9,high,none,0.93645096,0.03683662,0.005940331,0.02077203,none
A028980,R08,13652.89,high,none,0.83092463,0.061742406,0.01017459,0.097158365,none
A001174,R04,4523.36,low,none,0.6991883,0.042455144,0.005383479,0.25297314,none
A010596,R00,574.38,low,none,0.72630644,0.1778872,0.025154084,0.07065222,none
A035375,R00,24723.51,high,none,0.8795297,0.0213388,0.03016588,0.06896559,none
A006477,R07,19276.23,high,dd_stop,0.9355767,0.034532253,0.012704235,0.017186837,none
A026735,R03,3212.28,low,none,0.9325251,0.01891578,0.02707608,0.02148308,none
A035883,R03,2997.25,low,dd_stop,0.84963286,0.04321126,0.05767126,0.04948458,none
A018945,R04,57549.24,high,none,0.9303165,0.014835263,0.016341971,0.03850624,none
A038023,R00,8219.66,high,dormant,0.7331406,0.011627963,0.014463032,0.24076842,none
A020876,R01,2459.55,low,dormant,0.85691565,0.020228442,0.0070485435,0.115807325,none
A004224,R00,9001.97,high,none,0.93633705,0.021469617,0.022420209,0.019773137,none
A000673,R04,17644.13,high,none,0.9731601,0.0021271615,0.0057740365,0.01893871,none
A021832,R07,4466.68,low,none,0.9781502,0.008694074,0.0031346283,0.010021091,none
A035926,R04,3032.33,low,none,0.8910949,0.005308082,0.02372437,0.07987262,none
A031897,R08,12455.95,high,none,0.94630826,0.02418161,0.0059286314,0.023581479,none
A015291,R04,4577.21,low,none,0.8377755,0.013010813,0.04425823,0.10495545,none
A026980,R09,4754.14,low,none,0.71039355,0.013926522,0.02968084,0.2459991,none
A019182,R00,1933.92,low,dd_stop,0.86765796,0.018689021,0.08553772,0.02811536,none
A005667,R04,9968.64,high,none,0.81612635,0.010250624,0.006349534,0.1672735,none
A038294,R05,3974.14,low,none,0.87164414,0.029236011,0.07227724,0.026842652,none
A005624,R07,18959.75,high,none,0.835657,0.113058075,0.0313723,0.019912608,none
A005049,R09,1179.31,low,none,0.9052888,0.0008160904,0.025743837,0.068151295,none
A014355,R02,12972.8,high,none,0.87684107,0.0098372325,0.009246866,0.104074836,none
A006680,R01,1023.75,low,large_withdrawal,0.825394,0.11057123,0.05061408,0.013420643,none
A029051,R05,3207.39,low,none,0.9170687,0.026297145,0.030120792,0.026513405,none
A037169,R05,3113.32,low,none,0.95939463,0.018448837,0.002900467,0.019256111,none
A033669,R00,2929.27,low,large_withdrawal,0.7670387,0.113164134,0.06767527,0.05212188,none
A009641,R07,15157.88,high,none,0.8664876,0.02075079,0.08861306,0.02414848,none
A018492,R01,2266.59,low,none,0.8920151,0.0059234244,0.040666215,0.0613953,none
A014946,R05,3019.16,low,none,0.86240464,0.04138562,0.072391264,0.02381846,none
A016182,R05,7055.88,high,none,0.9252557,0.055407032,0.0066512236,0.0126860645,none
A014933,R01,14725.18,high,none,0.92345655,0.0378013,0.015853582,0.022888618,none
A009592,R03,3962.55,low,dd_stop,0.87408614,0.0138024995,0.022348823,0.089762576,none
A001413,R03,2914.75,low,none,0.9009065,0.0070690163,0.050883915,0.04114057,none
A036277,R06,26077.8,high,none,0.96558213,0.00564655,0.012045991,0.016725333,none
A007526,R08,7789.81,high,none,0.9487288,0.019738717,0.010322178,0.021210276,none
A001119,R00,4642.21,low,none,0.81337404,0.07213545,0.04087975,0.073610805,none
A018260,R08,4323.18,low,none,0.8828948,0.010207581,0.012179364,0.094718255,none
A013635,R09,10270.17,high,none,0.86911315,0.038957186,0.0059728483,0.085956864,none
A002338,R04,2016.51,low,none,0.9261707,0.027809909,0.0130255865,0.03299376,none
A028907,R02,9031.31,high,none,0.9528111,0.006797988,0.0183652,0.022025712,none
A033367,R09,468.22,low,none,0.9370063,0.014540656,0.02148528,0.026967727,none
A006948,R03,376.24,low,none,0.79915446,0.032025993,0.030371632,0.1384479,none
A027002,R07,40775.33,high,none,0.96532446,0.012333719,0.006861181,0.015480589,none
A039080,R03,6748.87,high,none,0.9441686,0.008511516,0.01810726,0.029212559,none
A018473,R09,18601.26,high,none,0.9503628,0.0009612444,0.014874838,0.0338011,none
A012976,R04,29316.56,high,none,0.8582613,0.0060478607,0.00542429,0.13026659,none
A002562,R00,654.01,low,none,0.87546635,0.041269198,0.020834483,0.062430035,none
A009185,R06,6992.74,high,none,0.89192384,0.05680116,0.033697,0.017577955,none
A018892,R06,25062.15,high,none,0.9154355,0.0080324765,0.04536162,0.031170394,none
A033642,R00,3861.6,low,none,0.92570823,0.00090408267,0.026848812,0.04653888,none
A025461,R08,1018.77,low,none,0.94574726,0.023574019,0.0046413844,0.026037285,none
A020815,R02,18601.81,high,none,0.8644581,0.012384963,0.024031246,0.099125706,none
A036720,R07,2649.11,low,none,0.82482404,0.040384844,0.047591247,0.087199904,none
A006974,R05,11863.91,high,none,0.79306215,0.017883118,0.10349529,0.085559435,none
A001686,R00,28745.18,high,none,0.8594554,0.02933036,0.004466218,0.10674797,none
A003241,R07,3158.78,low,none,0.9778146,0.00065723003,0.005717516,0.01581063,none
A028497,R06,3227.06,low,none,0.87759155,0.03544272,0.06485672,0.022108985,none
A024144,R05,676.54,low,none,0.9432101,0.0013038014,0.027778424,0.027707677,none
A006706,R00,10479.74,high,none,0.81680274,0.021346677,0.06826403,0.09358654,none
A019037,R08,323.88,low,none,0.72413963,0.06180637,0.06536014,0.14869389,none
A013779,R09,19458.41,high,none,0.95070446,0.018585827,0.01632964,0.014380111,none
A004707,R07,3417.62,low,none,0.8469603,0.015454306,0.06187217,0.0757132,none
A014130,R04,18748.92,high,dormant,0.9027882,0.015645562,0.0048142225,0.076752014,none
A033261,R07,8821.68,high,none,0.9495351,0.01803957,0.008477962,0.02394734,none
A037365,R07,12075.12,high,large_withdrawal,0.7746159,0.031495117,0.00989441,0.18399459,none
A030424,R01,3709.18,low,none,0.847956,0.035022587,0.008062202,0.108959205,none
A021336,R04,1874.47,low,none,0.82754314,0.013043613,0.04654339,0.11286979,none
A001996,R02,10130.76,high,none,0.6465029,0.04355766,0.03516661,0.27477282,none
A015120,R07,4107.36,low,none,0.8969573,0.076376155,0.004149939,0.022516694,none
A032898,R09,6185.73,high,none,0.8714694,0.0070388624,0.0072512478,0.11424049,none
A027348,R03,9674.2,high,none,0.9346851,0.020045146,0.0073897024,0.037880026,none
A034606,R00,14677.92,high,none,0.9363198,0.04145644,0.0033237024,0.018900102,none
A001743,R05,1353.1,low,none,0.96927524,0.009325781,0.0036168168,0.01778215,none
A023880,R00,8777.69,high,none,0.94211805,0.0051602055,0.015126154,0.037595574,none
A019564,R03,37496.31,high,none,0.9342817,0.020847447,0.00912646,0.035744436,none
A024777,R08,10125.84,high,none,0.8280323,0.08315181,0.06805462,0.020761315,none
A022586,R06,9500.29,high,dormant,0.5320486,0.02096758,0.016112346,0.4308715,none
A028740,R04,38160.65,high,none,0.97797865,0.00061127916,0.0042043007,0.017205818,none
A016391,R05,559.82,low,none,0.9553161,0.0033740264,0.012031495,0.0292784,none
A004564,R07,513.4,low,none,0.9007621,0.033224877,0.032185346,0.033827692,none
A028689,R08,2433.37,low,none,0.9652934,0.007549921,0.005496948,0.021659788,none
A031568,R04,2537.71,low,none,0.95622104,0.009793154,0.00431202,0.029673778,none
A004334,R07,40995.2,high,none,0.91132164,0.014171569,0.004450216,0.07005654,none
A032141,R07,5169.29,high,large_withdrawal,0.9086454,0.011046181,0.029281195,0.051027253,none
A022780,R04,3014.01,low,none,0.9552017,0.0038811846,0.0064767026,0.034440394,none
A020188,R05,973.27,low,none,0.94013715,0.020901533,0.024344254,0.014617031,none
A011097,R04,27012.09,high,none,0.92786455,0.016243938,0.0051611112,0.050730377,none
A026183,R02,5875.23,high,dd_stop,0.897679,0.039133992,0.033443417,0.02974363,none
A005802,R03,9023.62,high,none,0.94886446,0.0012123956,0.022221228,0.027701871,none
A010687,R02,6744.91,high,dormant,0.6956248,0.029778264,0.03262695,0.24196993,none
A014967,R06,2566.89,low,none,0.8923191,0.040214546,0.041018635,0.02644777,none
A014759,R01,2049.82,low,none,0.96548826,0.0014361298,0.0044715367,0.028604029,none
A000249,R01,13368.89,high,none,0.95313793,0.022202231,0.007552924,0.017106881,none
A032272,R03,10928.18,high,none,0.94036984,0.011902986,0.02684081,0.02088631,none
A006269,R08,8025.89,high,none,0.9589284,0.010868134,0.0074846367,0.02271879,none
A039017,R02,10705.95,high,none,0.91392684,0.029023081,0.03123953,0.025810573,none
A028044,R04,4987.58,high,dd_stop,0.92904097,0.015794253,0.03249287,0.022671964,none
A005445,R03,40990.91,high,dormant,0.8787487,0.029511001,0.03615289,0.055587452,none
A010362,R00,675.3,low,none,0.93202925,0.013228512,0.022566672,0.032175545,none
A019911,R06,2155.27,low,none,0.90284383,0.0049465857,0.056518514,0.035691056,none
A001063,R02,4135.46,low,none,0.8337227,0.03963621,0.041738447,0.084902585,none
A028174,R09,9156.47,high,none,0.8937679,0.055796456,0.02256857,0.027867071,none
A012710,R04,8420.57,high,none,0.9053408,0.03398089,0.018918553,0.041759726,none
A020896,R08,3576.45,low,none,0.9322415,0.01909916,0.013798746,0.034860607,none
A036093,R08,23427.48,high,none,0.9287148,0.048737805,0.010039163,0.012508276,none
A031386,R00,940.27,low,none,0.83121926,0.076039314,0.058450818,0.03429067,none
A012783,R00,8239.92,high,dormant,0.85224473,0.048242845,0.013125905,0.08638655,none
A012676,R06,1890.01,low,none,0.87722456,0.004910517,0.026884276,0.09098063,none
A024596,R04,3706.64,low,none,0.9299653,0.020427423,0.02778236,0.021824948,none
A011965,R07,1485.33,low,none,0.87074196,0.008481909,0.08565945,0.035116713,none
A027132,R08,8671.94,high,none,0.88844895,0.063420705,0.025052529,0.023077793,none
A012194,R02,4007.56,low,none,0.8577143,0.027858408,0.08385484,0.030572494,none
A029453,R04,1202.98,low,none,0.8937185,0.015830325,0.06164852,0.0288027,none
A000259,R02,2760.19,low,none,0.93357164,0.019602312,0.012473271,0.034352787,none
A025050,R00,4426.75,low,none,0.8836886,0.015326388,0.0067637833,0.09422114,none
A035900,R06,5879.38,high,none,0.8570363,0.008341705,0.0058285743,0.12879345,none
A031545,R04,20570.7,high,large_withdrawal,0.79485166,0.048094504,0.04625534,0.110798456,none
A008716,R02,1019.28,low,dd_stop,0.9422825,0.027726896,0.0076210108,0.022369541,none
A010757,R04,8816.68,high,none,0.9611303,0.007060752,0.0054604337,0.026348466,none
A035515,R01,6775.07,high,dd_stop,0.87499666,0.03062622,0.033285037,0.061092112,none
A028305,R00,4124.37,low,none,0.75841177,0.050806955,0.07668463,0.114096634,none
A003735,R08,12261.23,high,none,0.9416666,0.015650075,0.014886,0.027797291,none
A032288,R03,2874.1,low,none,0.9269289,0.0216964,0.028463753,0.022911001,none
A030410,R02,22138.49,high,none,0.89154303,0.07166775,0.015627665,0.021161519,none
A003769,R04,17820.16,high,none,0.6793912,0.013124644,0.014051757,0.2934324,none
A024571,R04,45612.56,high,none,0.84259534,0.015592947,0.083367,0.058444664,none
A026639,R09,8109.1,high,none,0.8811751,0.0356027,0.0573733,0.025848905,none
A012430,R03,1532.81,low,none,0.9507022,0.017486008,0.013349763,0.01846207,none
A021726,R06,458.1,low,none,0.8944291,0.034643903,0.046778988,0.024148006,none
A017485,R03,1747.08,low,none,0.86192805,0.063480414,0.008619823,0.06597175,none
A023658,R01,44330.39,high,none,0.7885908,0.011096367,0.155504,0.044808846,none
A016762,R06,3577.48,low,none,0.8029789,0.02749429,0.076712206,0.092814654,none
A007397,R00,3712.98,low,none,0.8539993,0.03475029,0.075494274,0.03575612,none
A013999,R08,13625.76,high,none,0.88809484,0.057011824,0.029538777,0.025354536,none
A018893,R05,1100.52,low,none,0.7953924,0.113119274,0.057755347,0.033733018,none
A026820,R01,1773.1,low,none,0.8637255,0.039080083,0.040249407,0.056945067,none
A012670,R03,4999.51,high,none,0.9185577,0.011825109,0.024756325,0.0448608,none
A011140,R04,10415.81,high,none,0.82627976,0.053011756,0.0074397204,0.11326872,none
A037992,R03,563.94,low,dormant,0.9415439,0.02784614,0.012768284,0.017841736,none
A010469,R00,44663.28,high,none,0.8434374,0.037498977,0.0761669,0.04289673,none
A034964,R03,2748.15,low,none,0.93248606,0.02269452,0.01643944,0.02838001,none
A026529,R09,6288.9,high,large_withdrawal,0.9003443,0.0052566924,0.06858577,0.025813205,none
A029733,R06,878.65,low,none,0.3318127,0.0119467545,0.03122049,0.6250201,dormant
A024381,R03,16222.64,high,none,0.89021057,0.05873056,0.014593159,0.036465734,none
A006071,R03,2535.32,low,dd_stop,0.8180255,0.009719621,0.0756954,0.09655944,none
A022580,R06,882.8,low,none,0.9539665,0.005674716,0.017723985,0.022634812,none
A035086,R01,8695.99,high,none,0.82785547,0.085356176,0.061649438,0.025138952,none
A011024,R02,30607.6,high,none,0.95092255,0.015307477,0.0041958787,0.029574137,none
A023348,R07,3841.72,low,none,0.8993497,0.050280787,0.02417022,0.0261993,none
A028348,R01,9047.7,high,dormant,0.89276963,0.045237515,0.04086679,0.02112608,none
A025771,R00,2203.33,low,none,0.8507282,0.037335236,0.07370198,0.038234625,none
A026340,R05,1182.53,low,none,0.97188234,0.0046827327,0.0033665278,0.020068409,none
A018238,R02,9957.85,high,none,0.95852244,0.013773432,0.010940402,0.016763665,none
A036387,R01,2247.81,low,none,0.786483,0.053047974,0.06324719,0.097221866,none
A021706,R05,2214.68,low,none,0.8891842,0.021204446,0.02886953,0.060741868,none
A035019,R04,3832.79,low,none,0.9169949,0.010424859,0.0036576048,0.06892265,none
A020885,R07,10676.89,high,none,0.8769254,0.028372254,0.03370165,0.061000694,none
A012370,R03,251.69,low,none,0.92141515,0.012664155,0.036301307,0.029619386,none
A015679,R07,3580.76,low,none,0.9279264,0.037382055,0.00928353,0.025407948,none
A022190,R09,25307.63,high,none,0.94842786,0.02804758,0.0050824587,0.018442115,none
A021861,R07,2526.52,low,none,0.8639397,0.012921258,0.053923566,0.06921546,none
A005048,R03,7532.56,high,none,0.95294845,0.024428926,0.004793988,0.017828593,none
A005493,R04,9008.69,high,none,0.9442529,0.0009917538,0.034469426,0.020285863,none
A038717,R08,986.03,low,none,0.88114417,0.013023024,0.076396644,0.029436186,none
A012233,R08,31800.58,high,none,0.9549149,0.021630054,0.004827687,0.018627325,none
A011652,R02,14634.68,high,none,0.89090973,0.047802806,0.035825487,0.025462033,none
A010562,R08,20285.45,high,none,0.92151415,0.009905401,0.039081797,0.02949862,none
A021479,R09,1750.72,low,none,0.9581417,0.010964947,0.0055840327,0.02530931,none
A031317,R09,4188.43,low,none,0.9235208,0.04737199,0.016285067,0.01282212,none
A016288,R03,4636.27,low,none,0.8784874,0.0010491926,0.013622885,0.106840536,none
A017516,R00,5541.33,high,none,0.9137945,0.029862672,0.039684035,0.016658837,none
A001065,R00,6561.14,high,none,0.8873848,0.02963559,0.012429078,0.07055057,none
A016294,R01,2564.38,low,none,0.7842563,0.03571091,0.075706065,0.104326814,none
A021738,R00,3236.34,low,none,0.82883734,0.027992634,0.1135111,0.029658886,none
A030182,R07,5303.02,high,none,0.9553704,0.0133029455,0.0056122313,0.025714353,none
A028425,R02,16714.85,high,none,0.91730666,0.029628037,0.030370321,0.022694925,none
A003222,R08,2030.69,low,none,0.86751914,0.038108226,0.05811082,0.03626181,none
A034138,R06,12808.71,high,none,0.6778327,0.00744043,0.04057621,0.27415064,none
A024179,R01,4077.26,low,none,0.95406425,0.0013542029,0.013309531,0.031271987,none
A030281,R01,3275.96,low,none,0.8731481,0.014391563,0.07936103,0.03309934,none
A014845,R01,3638.34,low,dormant,0.92238986,0.008340296,0.009978758,0.059291124,none
A029404,R01,5523.01,high,none,0.96588737,0.0011552409,0.0066581964,0.026299175,none
A035398,R00,1640.06,low,none,0.9022368,0.00086467405,0.019090414,0.07780812,none
A020739,R04,1127.69,low,none,0.8844615,0.041419763,0.051472887,0.022645857,none
A006947,R09,8450.55,high,none,0.60598195,0.015239636,0.05400123,0.3247772,none
A009143,R05,9844.45,high,none,0.83744466,0.099642776,0.035027977,0.027884593,none
A021398,R08,2529.38,low,none,0.8756874,0.027619623,0.061276145,0.035416823,none
A010312,R01,10170.84,high,none,0.5514065,0.17782561,0.043035295,0.2277326,none
A034589,R08,14903.91,high,none,0.8724393,0.01854364,0.0724341,0.0365829,none
A028284,R03,9471.06,high,dormant,0.65884495,0.05775105,0.033441775,0.24996226,none
A030272,R09,5470.26,high,none,0.8609062,0.067604765,0.04705851,0.024430502,none
A001205,R01,12150.14,high,dormant,0.8701677,0.012628299,0.016218113,0.10098589,none
A002566,R09,808.35,low,none,0.9121585,0.0009334472,0.056070358,0.030837674,none
A026823,R00,15501.06,high,dd_stop,0.8403581,0.074585915,0.06586984,0.019186227,none
A017950,R04,5833.17,high,none,0.8621058,0.026872959,0.08020887,0.03081243,none
A012661,R07,14369.35,high,dormant,0.8725529,0.08853303,0.021989847,0.016924212,none
A024784,R00,11145.53,high,none,0.9042043,0.05707074,0.015953222,0.022771703,none
A009441,R07,28976.17,high,none,0.8880157,0.027956244,0.05464768,0.029380448,none
A020767,R06,6811.56,high,none,0.8767596,0.09719059,0.012309507,0.013740302,none
A005980,R07,2652.41,low,none,0.9019484,0.033327166,0.0334349,0.031289566,none
A029014,R01,12592.72,high,none,0.8504932,0.034373518,0.004314864,0.110818446,none
A026562,R02,2768.01,low,large_withdrawal,0.8464083,0.03480062,0.01450169,0.10428934,none
A036868,R00,10220.73,high,none,0.9461548,0.00081474887,0.031826366,0.02120408,none
A030639,R05,7558.24,high,none,0.8878256,0.06601643,0.026234014,0.019923916,none
A037404,R00,750.33,low,none,0.95113844,0.020365512,0.007678237,0.020817854,none
A014737,R01,929.82,low,none,0.902527,0.05851454,0.006382141,0.032576337,none
A031652,R07,2779.78,low,dd_stop,0.81282717,0.053715255,0.043981507,0.08947607,none
A006807,R09,2335.76,low,none,0.8051431,0.0021275003,0.031003265,0.16172613,none
A012287,R00,3806.66,low,none,0.89667326,0.043695446,0.03984646,0.01978483,none
A038987,R01,3802.28,low,none,0.9352547,0.014956092,0.024278574,0.02551069,none
A029208,R06,6793.71,high,none,0.86954206,0.07064905,0.04392818,0.015880704,none
A010489,R04,61062.42,high,dormant,0.95039326,0.010542722,0.0050176335,0.034046404,none
A030297,R02,23935.25,high,none,0.81703234,0.011202772,0.06711367,0.104651265,none
A000417,R09,2193.67,low,none,0.97411036,0.006581452,0.0019626713,0.017345449,none
A039575,R00,10431.19,high,dormant,0.8091272,0.07310847,0.044853598,0.07291071,none
A017957,R06,2828.77,low,none,0.7174732,0.026755689,0.0318375,0.2239336,none
A016729,R05,12596.36,high,none,0.97525406,0.008336943,0.0029809477,0.013428057,none
A006733,R03,8018.69,high,none,0.9503488,0.02722191,0.0057803076,0.016649032,none
A018159,R02,3766.82,low,none,0.95608884,0.0006926977,0.0065512727,0.036667112,none
A000995,R07,7852.95,high,large_withdrawal,0.8563921,0.0834835,0.03727974,0.022844652,none
A027040,R07,1604.24,low,none,0.93920076,0.043210704,0.006017371,0.011571172,none
A035825,R08,17951.18,high,none,0.8977223,0.006612473,0.040648475,0.055016782,none
A028490,R09,13923.12,high,none,0.9494423,0.02111616,0.005544865,0.023896627,none
A002295,R05,4932.53,low,none,0.96089,0.004643145,0.006447862,0.028018976,none
A016688,R03,1793.86,low,none,0.92694855,0.0277152,0.02194756,0.023388656,none
A030129,R07,10679.8,high,none,0.8917824,0.001167988,0.02911935,0.077930324,none
A001374,R06,5223.13,high,none,0.83471155,0.033390325,0.051119722,0.08077843,none
A019327,R07,6794.39,high,none,0.88018835,0.048566718,0.050409444,0.020835437,none
A034645,R00,11607.62,high,none,0.92737585,0.04100531,0.011114827,0.020504015,none
A035109,R05,5187.88,high,none,0.8833044,0.012893744,0.0704341,0.03336773,none
A026556,R04,396.69,low,none,0.8497627,0.029455462,0.02767978,0.09310212,none
A028256,R04,20080.64,high,none,0.84005696,0.0008060017,0.065109245,0.094027825,none
A023074,R01,2002.93,low,none,0.8576348,0.047041632,0.064959906,0.030363724,none
A025329,R07,2789.31,low,none,0.95302975,0.011012174,0.014087149,0.021870926,none
A030943,R02,1680.05,low,none,0.915207,0.03269797,0.024891254,0.027203724,none
A035291,R06,2184.68,low,none,0.87186515,0.08026843,0.026749834,0.02111653,none
A022791,R06,4787.42,low,none,0.8169388,0.057912484,0.005927371,0.11922129,none
A005479,R06,1692.55,low,none,0.8640776,0.06856588,0.03855754,0.028798955,none
A037043,R08,6314.65,high,none,0.7892317,0.0012656183,0.018315062,0.19118766,none
A022721,R07,2326.77,low,none,0.92971766,0.034073785,0.013656961,0.022551615,none
A020651,R06,4544.97,low,none,0.93999285,0.016106606,0.017029181,0.026871385,none
A013830,R00,1346.1,low,none,0.9148718,0.043082856,0.01633242,0.025712948,none
A028429,R08,19004.77,high,none,0.9023419,0.020196132,0.036970995,0.04049097,none
A022757,R06,2680.24,low,none,0.905081,0.06070747,0.006245633,0.02796593,none
A011653,R05,10164.22,high,dormant,0.8832732,0.015053896,0.0062647006,0.09540826,none
A029681,R02,11219.18,high,none,0.9467334,0.019778553,0.013023432,0.020464579,none
A005023,R04,17288.97,high,dormant,0.41041195,0.024648339,0.039589517,0.52535015,dormant
A038739,R04,6212.62,high,none,0.8692129,0.03259521,0.06021689,0.037974928,none
A005927,R01,51115.45,high,none,0.9603535,0.004150365,0.0038281127,0.031668004,none
A020189,R04,8106.92,high,dd_stop,0.85559803,0.058570553,0.04360736,0.042224098,none
A013147,R05,4846.17,low,dd_stop,0.8621211,0.022427637,0.05211369,0.06333756,none
A017108,R06,4305.28,low,dd_stop,0.9176839,0.030750697,0.029431783,0.022133641,none
A016607,R05,7785.69,high,none,0.92189354,0.023450764,0.026125198,0.028530447,none
A035586,R07,5316.95,high,none,0.91413856,0.00313355,0.05640627,0.026321582,none
A030946,R01,4951.93,low,none,0.7767368,0.048088327,0.06943786,0.10573703,none
A002892,R08,5586.83,high,none,0.8677474,0.06535064,0.04715749,0.019744443,none
A036757,R03,3337.55,low,none,0.9192292,0.02617554,0.03453858,0.020056654,none
A011640,R08,11605.27,high,none,0.9321464,0.012632589,0.02789823,0.027322829,none
A001084,R03,26034.13,high,none,0.93476737,0.0070056925,0.04218164,0.016045338,none
A016073,R06,9471.49,high,none,0.9471797,0.024525464,0.004855617,0.02343917,none
A035302,R07,1206.42,low,none,0.88305736,0.0124507295,0.015294014,0.089197926,none
A034368,R04,3059.45,low,large_withdrawal,0.8966715,0.022931013,0.013453431,0.06694414,none
A005983,R05,2573.65,low,none,0.90129715,0.02077676,0.041296452,0.036629662,none
A003595,R01,2698.15,low,none,0.8052468,0.11517251,0.061038382,0.01854238,none
A033931,R05,7289.39,high,large_withdrawal,0.8921495,0.03125548,0.04815904,0.028435988,none
A025187,R02,31084.67,high,none,0.91840404,0.0034067244,0.033642475,0.04454676,none
A030883,R03,11658.44,high,none,0.88187414,0.07399159,0.01989546,0.02423881,none
A036047,R03,4833.3,low,none,0.93865526,0.014967088,0.014846618,0.03153107,none
A025420,R01,3282.63,low,none,0.8083503,0.07805431,0.08192747,0.031667907,none
A014080,R07,1443.23,low,none,0.8965681,0.007325165,0.026277244,0.069829494,none
A032603,R01,14000.03,high,dd_stop,0.7931904,0.0080367755,0.047596224,0.15117656,none
A031894,R01,23167.34,high,dormant,0.8573826,0.01366772,0.071091,0.05785871,none
A036240,R03,6992.46,high,none,0.81097007,0.084782764,0.075755365,0.028491758,none
A005399,R07,789.82,low,none,0.80666703,0.05917045,0.04455861,0.089603946,none
A019421,R02,3606.87,low,none,0.8858909,0.007377715,0.015325591,0.09140579,none
A024901,R09,21341.68,high,none,0.67285025,0.0055578584,0.011411182,0.31018066,none
A004140,R02,3117.62,low,none,0.84545904,0.027193945,0.01469849,0.112648554,none
A024496,R08,4791.1,low,none,0.88801146,0.025332386,0.05176679,0.03488934,none
A000421,R09,48800.24,high,none,0.8252922,0.045251142,0.106424,0.023032568,none
A009765,R02,3527.63,low,none,0.81345934,0.013189261,0.05357151,0.11977993,none
A017911,R05,28749.62,high,none,0.9119671,0.011788305,0.04611882,0.030125756,none
A004795,R07,27192.71,high,none,0.8475153,0.020475024,0.00874455,0.12326516,none
A029345,R04,10483.38,high,none,0.8753547,0.0082890345,0.014646883,0.101709396,none
A005311,R06,1540.91,low,none,0.8696562,0.039923403,0.058359332,0.03206111,none
A038802,R05,19693.74,high,none,0.9385155,0.015209221,0.0022200258,0.044055283,none
A023680,R07,434.77,low,none,0.92394435,0.039028954,0.018826006,0.018200718,none
A027144,R04,269.54,low,none,0.82412773,0.022244414,0.057098176,0.09652972,none
A015140,R08,101705.03,high,none,0.9174278,0.05667767,0.0067938264,0.019100782,none
A017407,R07,6650.79,high,none,0.8598995,0.08982413,0.02420607,0.02607028,none
A018796,R07,1750.75,low,none,0.9443131,0.023668502,0.009782648,0.022235751,none
A008169,R09,2417.99,low,none,0.5759174,0.03890307,0.028017603,0.35716188,none
A000926,R04,905.98,low,none,0.75834435,0.014803908,0.02025776,0.20659399,none
A003751,R02,11309.28,high,large_withdrawal,0.76041293,0.070635654,0.012905118,0.15604629,none
A039670,R01,31981.11,high,none,0.92149454,0.0011792666,0.038740233,0.038585972,none
A013683,R00,3526.06,low,none,0.8523356,0.09637865,0.034017965,0.017267894,none
A025563,R03,17566.91,high,none,0.93423724,0.043825828,0.006077189,0.015859729,none
A001425,R05,13614.52,high,none,0.85391873,0.071875125,0.028011547,0.046194587,none
A032289,R03,1554.32,low,none,0.8619991,0.01761395,0.08291893,0.037468027,none
A034708,R00,30776.2,high,none,0.9642568,0.014500403,0.0037947963,0.017448025,none
A036787,R02,24552.69,high,none,0.9136884,0.038913935,0.01981892,0.02757878,none
A024581,R08,11127.96,high,none,0.82252353,0.0703104,0.004516988,0.10264915,none
A007833,R07,32767.47,high,none,0.9313044,0.009086685,0.03212891,0.027479952,none
A023007,R01,2905.52,low,dormant,0.89205974,0.0074240076,0.014061486,0.08645478,none
A020368,R03,3910.85,low,none,0.8786889,0.014053999,0.067676485,0.03958067,none
A035624,R05,7559.96,high,none,0.87912214,0.029814813,0.032717768,0.058345295,none
A028272,R04,11104.98,high,none,0.8640039,0.07053306,0.0455377,0.019925365,none
A015222,R04,1025.49,low,none,0.83985627,0.0115526505,0.029268986,0.11932212,none
A035550,R03,22227.79,high,none,0.86744684,0.022331612,0.08744779,0.022773765,none
A030150,R05,10303.81,high,none,0.9558453,0.017980965,0.0066334982,0.019540299,none
A025916,R06,4768.72,low,none,0.85336626,0.01030695,0.008287832,0.12803897,none
A012919,R04,12629.75,high,none,0.76951474,0.053346436,0.073076285,0.10406257,none
A016932,R01,3813.31,low,none,0.80997884,0.121403605,0.033892088,0.034725502,none
A019792,R06,5871.4,high,none,0.73122776,0.10517223,0.03826634,0.12533365,none
A000216,R07,15255.13,high,none,0.86779624,0.08630666,0.026808865,0.019088227,none
A017965,R02,536.16,low,none,0.91169846,0.028699946,0.025937442,0.03366412,none
A000329,R02,1140.95,low,none,0.96583676,0.0010375398,0.00453976,0.028586,none
A031133,R01,9982.22,high,none,0.90995353,0.017187895,0.003166168,0.06969242,none
A032380,R00,16645.54,high,none,0.72398454,0.06509855,0.118213244,0.092703715,none
A017668,R05,843.3,low,none,0.91385233,0.020915885,0.035509236,0.029722508,none
A036337,R09,38685.23,high,none,0.9545955,0.00362289,0.012165457,0.029616227,none
A017645,R08,19669.19,high,none,0.8736494,0.012574445,0.07662529,0.03715087,none
A025648,R01,2289.62,low,large_withdrawal,0.9660096,0.013232147,0.003641354,0.017116921,none
A007766,R00,4715.74,low,dormant,0.8060476,0.04901267,0.05320901,0.091730684,none
A039064,R00,8492.15,high,dormant,0.8851203,0.030207895,0.0052843923,0.07938746,none
A031303,R05,5611.45,high,none,0.8402505,0.03367722,0.017286953,0.108785294,none
A012929,R01,5848.09,high,none,0.87388134,0.010447391,0.029450892,0.08622037,none
A016970,R02,883.68,low,dd_stop,0.8954721,0.019106882,0.012874191,0.07254683,none
A029236,R07,1206.12,low,none,0.861497,0.03998428,0.0703356,0.028183168,none
A034514,R05,8100.47,high,none,0.95357436,0.014717884,0.016251713,0.015456076,none
A017019,R06,9485.65,high,none,0.8631592,0.029370662,0.023994256,0.08347597,none
A030177,R04,9745.15,high,none,0.8549383,0.054716438,0.02274805,0.06759714,none
A002568,R07,3148.9,low,dd_stop,0.96777433,0.009676386,0.0048663164,0.01768301,none
A003926,R07,3556.9,low,none,0.8141057,0.09705294,0.07034757,0.018493757,none
A025751,R04,6615.34,high,none,0.9207185,0.030377248,0.022454612,0.026449665,none
A003850,R02,2709.57,low,none,0.91615677,0.039576024,0.016197134,0.028070042,none
A018026,R08,18498.79,high,large_withdrawal,0.8282751,0.059435695,0.08042245,0.031866696,none
A039696,R01,8873.63,high,none,0.8987661,0.016388739,0.054340072,0.030505063,none
A015752,R01,2852.86,low,none,0.7684686,0.015504502,0.06372156,0.15230528,none
A021942,R09,20537.52,high,none,0.9514588,0.019725677,0.00622838,0.022587113,none
A013398,R03,1237.44,low,none,0.95350283,0.01561133,0.017290536,0.013595276,none
A000849,R03,1212.63,low,none,0.697404,0.012251763,0.029518612,0.2608256,none
A005895,R08,39618.18,high,none,0.83741456,0.069584966,0.004332017,0.08866842,none
A033410,R02,3340.08,low,none,0.95846564,0.014170249,0.0031097804,0.024254376,none
A019742,R03,9986.1,high,none,0.88046914,0.09384886,0.011116339,0.014565725,none
A016405,R08,5740.48,high,none,0.8901329,0.03196777,0.06361626,0.01428308,none
A006236,R04,4190.33,low,none,0.9342226,0.028359411,0.0052116862,0.032206334,none
A018720,R03,3578.55,low,none,0.7645749,0.05230226,0.056328986,0.12679389,none
A018193,R08,10647.54,high,none,0.6122285,0.16232625,0.05832143,0.16712384,none
A005892,R07,16793.42,high,none,0.8766502,0.04548625,0.014833438,0.063030146,none
A024012,R03,260.54,low,none,0.93933594,0.025676128,0.02061728,0.014370626,none
A023032,R01,3495.5,low,none,0.83768094,0.07788391,0.05165173,0.03278348,none
A035017,R02,7676.73,high,none,0.9595581,0.0143679585,0.005015556,0.021058325,none
A023528,R01,15264.22,high,none,0.92222494,0.033643674,0.01751234,0.026618982,none
A013937,R06,626.82,low,none,0.936277,0.031853527,0.013245606,0.01862389,none
A002709,R04,14635.07,high,none,0.857335,0.049194332,0.06411864,0.029352026,none
A033638,R08,5452.76,high,none,0.8987991,0.0249676,0.050659083,0.025574164,none
A013001,R04,24557.42,high,none,0.91214675,0.05452797,0.0067712106,0.02655399,none
A017086,R00,2254.66,low,none,0.8175354,0.081501685,0.06554421,0.035418708,none
A036874,R06,2303.62,low,none,0.849119,0.010112331,0.058887064,0.08188161,none
A010657,R02,743.9,low,none,0.8568824,0.021310091,0.037605304,0.08420221,none
A036445,R05,6778.74,high,none,0.8980331,0.0013350743,0.004191799,0.09644008,none
A005509,R00,4428.15,low,none,0.9096202,0.016238127,0.044292323,0.029849336,none
A010895,R08,1391.77,low,none,0.90690595,0.05085913,0.025862325,0.016372561,none
A014422,R06,4025.69,low,none,0.929064,0.019466931,0.020736706,0.030732341,none
A033238,R07,9610.33,high,none,0.9414882,0.011451,0.029286712,0.017774114,none
A022909,R07,3445.52,low,dd_stop,0.90980345,0.030810505,0.042555362,0.016830707,none
A015875,R08,14168.34,high,dd_stop,0.8449764,0.0068127243,0.09063311,0.057577737,none
A007433,R07,2063.28,low,none,0.97369474,0.008686399,0.003050353,0.014568493,none
A008084,R00,3048.79,low,none,0.93811905,0.02406512,0.011376079,0.026439736,none
A013297,R03,14611.64,high,none,0.90953285,0.06419938,0.0065001748,0.01976755,none
A039655,R04,18951.06,high,none,0.86989796,0.058326136,0.045499384,0.026276473,none
A031276,R06,11887.95,high,none,0.8684319,0.0056942236,0.019696867,0.106176995,none
A007013,R04,17299.72,high,none,0.92715764,0.015670223,0.033893485,0.02327866,none
A008544,R01,3171.06,low,none,0.84869856,0.012334772,0.052148174,0.08681852,none
A029696,R04,7346.41,high,none,0.93867046,0.03961412,0.0058282427,0.015887138,none
A004471,R05,2746.01,low,none,0.84887516,0.07662262,0.0065589696,0.06794329,none
A014803,R05,4087.24,low,none,0.9221027,0.018501207,0.03181462,0.027581431,none
A034851,R05,950.64,low,none,0.9702003,0.0046718516,0.0026354787,0.022492366,none
A038822,R01,7739.35,high,none,0.8889176,0.0015506849,0.076998346,0.03253338,none
A033729,R01,3854.89,low,none,0.9009276,0.01860935,0.03163446,0.04882862,none
A015481,R01,430.58,low,large_withdrawal,0.8978233,0.033408824,0.03766701,0.031100892,none
A027208,R04,8983.35,high,none,0.84068626,0.06714629,0.06917606,0.022991413,none
A019672,R06,10102.34,high,none,0.8627187,0.04059433,0.0060494626,0.09063753,none
A032392,R04,21823.4,high,none,0.833488,0.025770731,0.036309827,0.10443143,none
A039803,R04,3914.81,low,none,0.8536882,0.02832975,0.024859063,0.09312304,none
A004550,R02,3550.64,low,dd_stop,0.9219061,0.023707772,0.025076369,0.029309733,none
A035938,R04,7614.98,high,none,0.9556063,0.019236248,0.0051442673,0.020013172,none
A019176,R01,10029.28,high,large_withdrawal,0.88062644,0.01864694,0.02438697,0.076339655,none
A004339,R02,12745.36,high,none,0.94108355,0.011631851,0.009162336,0.03812228,none
A009576,R04,16282.46,high,dormant,0.52553266,0.012542526,0.0070844716,0.4548403,none
A014688,R09,21484.68,high,none,0.9606752,0.0096649295,0.0070149326,0.022644902,none
A006455,R02,7834.64,high,none,0.9259634,0.04758698,0.0039324476,0.022517191,none
A022545,R06,5629.52,high,none,0.88162917,0.040840693,0.057155438,0.020374661,none
A039797,R08,4611.4,low,none,0.94201934,0.0016379335,0.028719762,0.027622962,none
A015054,R07,3944.55,low,none,0.96077377,0.00070070504,0.016569428,0.021956043,none
A031341,R02,3037.14,low,none,0.96796876,0.008413022,0.0038472302,0.01977101,none
A011628,R07,13769.76,high,none,0.91824573,0.016509077,0.005885729,0.05935948,none
A005758,R06,43119.23,high,none,0.92749316,0.0064929766,0.022498794,0.043515068,none
A001271,R06,1384.22,low,none,0.927206,0.013357777,0.035649676,0.023786541,none
A013438,R06,9308.53,high,none,0.8580614,0.0152322315,0.017849172,0.10885719,none
A034736,R05,14620.44,high,none,0.76874036,0.010845599,0.054047305,0.16636676,none
A021082,R06,1540.56,low,none,0.9432274,0.015225299,0.01498132,0.026565999,none
A038279,R07,33837.04,high,none,0.80895084,0.0076931347,0.011277955,0.17207809,none
A024724,R06,5993.48,high,none,0.8708567,0.093472235,0.011608316,0.024062729,none
A000915,R07,5406.43,high,none,0.85956645,0.09617399,0.027875328,0.016384192,none
A019163,R01,4737.55,low,none,0.9215175,0.030700877,0.025554169,0.02222747,none
A028814,R02,3905.54,low,none,0.9521262,0.0133452555,0.010344141,0.024184404,none
A010997,R09,9446.71,high,dormant,0.9631517,0.012418256,0.0058468147,0.018583257,none
A023745,R03,4015.1,low,none,0.92856807,0.013596579,0.0302933,0.027542057,none
A008228,R04,643.82,low,none,0.7539748,0.03241691,0.087908395,0.12569991,none
A012306,R03,3869.36,low,none,0.91438127,0.0124901915,0.0031851246,0.069943376,none
A031515,R09,4478.46,low,none,0.9509944,0.0048635956,0.018348524,0.025793547,none
A032980,R05,15141.78,high,none,0.95023984,0.001335288,0.014632497,0.033792403,none
A024928,R08,1751.74,low,none,0.877111,0.005808722,0.026687931,0.09039238,none
A032257,R08,3293.26,low,none,0.8110083,0.040456373,0.035431314,0.113104045,none
A006511,R03,1691.58,low,none,0.9371446,0.031536832,0.006336899,0.024981717,none
A013330,R02,12648.45,high,none,0.83852905,0.0063766437,0.06424469,0.09084956,none
A038927,R01,944.38,low,none,0.7808478,0.016743662,0.006850111,0.19555847,none
A032124,R02,5108.5,high,none,0.6866669,0.008415297,0.03171998,0.2731978,none
A032555,R09,2952.94,low,none,0.89040935,0.024756093,0.054454606,0.030379923,none
A008559,R01,13624.16,high,none,0.8641408,0.027924137,0.01925834,0.088676736,none
A033817,R03,1306.04,low,none,0.93854845,0.0066741216,0.015650636,0.039126832,none
A013673,R02,2601.59,low,none,0.92413723,0.031062463,0.02134665,0.02345367,none
A039025,R07,3849.93,low,none,0.74802125,0.0008723916,0.018276578,0.2328298,none
A028364,R08,2840.58,low,none,0.93333876,0.012173159,0.028933028,0.02555502,none
A027059,R09,956.25,low,none,0.87959206,0.013798918,0.07242614,0.034182824,none
A037635,R09,46542.93,high,none,0.8457388,0.015248872,0.105135694,0.033876583,none
A021217,R06,477.17,low,none,0.8229685,0.043876186,0.10389541,0.029259995,none
A038610,R01,37824.15,high,dormant,0.74711835,0.011028416,0.005357099,0.23649618,none
A030274,R01,1877.88,low,none,0.8084593,0.11259854,0.019656695,0.059285484,none
A020819,R00,2627.15,low,none,0.9357583,0.041481342,0.0039076214,0.018852787,none
A003030,R06,12010.58,high,none,0.9096242,0.0010094047,0.011530462,0.07783597,none
A038872,R05,15496.12,high,none,0.94466424,0.014380095,0.0114358235,0.02951982,none
A001518,R08,5645.01,high,none,0.9522374,0.018965254,0.004682209,0.024115166,none
A010434,R01,3282.7,low,none,0.8802636,0.010561098,0.02932574,0.07984952,none
A034530,R08,4435.28,low,none,0.936259,0.008488472,0.024736468,0.030516066,none
A020330,R00,11758.89,high,none,0.8245916,0.09431747,0.05579979,0.025291186,none
A037161,R02,26613.55,high,none,0.9441185,0.02288905,0.005077753,0.02791471,none
A019235,R07,2403.68,low,none,0.9768118,0.00061700906,0.005301118,0.01727009,none
A022508,R01,68876.93,high,none,0.81710166,0.016273608,0.12635931,0.040265463,none
A008473,R06,4899.11,low,none,0.86745137,0.03022217,0.07688274,0.025443688,none
A028341,R06,1983.82,low,none,0.9174056,0.02576037,0.035724718,0.021109303,none
A030084,R05,2070.94,low,none,0.837435,0.073029906,0.055736896,0.0337982,none
A039935,R00,29885.8,high,none,0.89194995,0.025780607,0.006285945,0.075983524,none
A011160,R04,3546.57,low,none,0.88902086,0.009135865,0.005753821,0.09608941,none
A002764,R04,7816.94,high,none,0.90690094,0.029940907,0.035147805,0.028010303,none
A008876,R02,220.22,low,none,0.8509524,0.014255425,0.07845713,0.05633507,none
A015889,R06,3497.62,low,none,0.8902657,0.02142884,0.06107203,0.027233414,none
A020032,R06,134853.06,high,none,0.91257554,0.01918386,0.029078636,0.039161995,none
A032692,R09,9115.95,high,none,0.93893397,0.035578657,0.0068624434,0.018624946,none
A002555,R09,9653.39,high,dormant,0.8769329,0.015501357,0.033408612,0.07415707,none
A015577,R06,3072.43,low,none,0.89903164,0.012685749,0.057759855,0.030522728,none
A038031,R00,3612.61,low,none,0.942859,0.008120185,0.025112256,0.023908531,none
A013810,R06,3543.49,low,none,0.9409669,0.020217689,0.010272746,0.028542612,none
A013469,R07,2130.25,low,dd_stop,0.8374269,0.031300623,0.10263627,0.028636197,none
A029702,R05,6685.84,high,none,0.95431507,0.023009192,0.0037565758,0.0189191,none
A014099,R03,705.35,low,none,0.9242071,0.03414315,0.012503858,0.029145878,none
A038284,R00,13727.79,high,none,0.9025249,0.0586699,0.012150186,0.026655003,none
A008413,R01,18693.2,high,none,0.94694746,0.023499584,0.0061228033,0.02343011,none
A006075,R05,1899.5,low,none,0.8858931,0.005162948,0.010868737,0.09807514,none
A000392,R06,5978.25,high,none,0.8977154,0.05907869,0.023102231,0.02010367,none
A026428,R09,882.05,low,dormant,0.86434054,0.0063566514,0.0057119555,0.1235909,none
A010548,R02,890.71,low,none,0.91469854,0.0048326557,0.04911597,0.03135283,none
A034399,R01,9344.97,high,none,0.87853694,0.07386758,0.020174861,0.027420577,none
A005473,R03,2457.01,low,none,0.92602175,0.02664702,0.009784862,0.03754634,none
A001455,R06,2455.12,low,none,0.94980806,0.00299978,0.021454671,0.02573746,none
A019140,R09,861.2,low,none,0.8914274,0.0036305948,0.07814749,0.026794534,none
A031358,R06,4698.78,low,none,0.86543876,0.015025244,0.0121443495,0.10739161,none
A004511,R06,6854.75,high,none,0.87534773,0.006860442,0.029522179,0.0882696,none
A026392,R05,6834.59,high,none,0.93992573,0.027308587,0.015218129,0.017547505,none
A000185,R08,1590.98,low,none,0.9402026,0.035759848,0.00418924,0.019848322,none
A012022,R02,7300.05,high,none,0.93968284,0.022732226,0.017144527,0.020440383,none
A018586,R02,4539.44,low,none,0.9208729,0.03709153,0.013685106,0.028350398,none
A019501,R09,13517.61,high,none,0.88852894,0.02291503,0.058883872,0.029672123,none
A035471,R09,2004.19,low,dormant,0.69376,0.0238734,0.039829805,0.24253683,none
A035535,R06,292.08,low,none,0.8056823,0.07164733,0.05128403,0.07138627,none
A035878,R05,19495.16,high,none,0.9185413,0.009628144,0.004322131,0.06750837,none
A026888,R02,1013.05,low,none,0.6494468,0.02759378,0.024510683,0.29844877,none
A012351,R04,4156.68,low,none,0.8967776,0.014376532,0.04393543,0.044910483,none
A002966,R03,1302.91,low,none,0.892997,0.0071072187,0.067738265,0.03215746,none
A021100,R06,722.35,low,none,0.75533605,0.007914382,0.07037386,0.16637574,none
A019839,R07,36791.9,high,none,0.9142829,0.026079012,0.021423785,0.038214296,none
A006630,R00,10154.92,high,none,0.93028295,0.0013500104,0.00811456,0.060252417,none
A035794,R03,12858.71,high,none,0.92934376,0.0287606,0.017880006,0.024015646,none
A010764,R01,18492.8,high,none,0.891595,0.039638158,0.041877583,0.026889272,none
A021710,R01,14333.08,high,none,0.93427086,0.013212525,0.032123327,0.020393306,none
A029996,R05,11601.95,high,none,0.9380927,0.009497174,0.030859698,0.021550447,none
A008254,R08,1301.66,low,none,0.96590924,0.011058764,0.013437756,0.009594217,none
A033003,R02,3458.43,low,none,0.8109222,0.013801408,0.064323984,0.11095247,none
A023182,R03,23647.89,high,none,0.9056524,0.007796073,0.0042880303,0.082263455,none
A002330,R01,45353.01,high,none,0.95867974,0.011080513,0.0027009745,0.027538704,none
A010038,R03,833.39,low,none,0.9610364,0.015140102,0.0036414608,0.020182066,none
A021723,R07,3956.5,low,none,0.89433974,0.0093783755,0.012256743,0.084025115,none
A019888,R05,1124.64,low,none,0.9322101,0.033176668,0.015942113,0.018671094,none
A005351,R07,2793.91,low,none,0.91970265,0.015068118,0.041530307,0.023698889,none
A027426,R02,1564.0,low,none,0.87994426,0.0018800376,0.015117005,0.10305875,none
A029751,R08,16074.32,high,large_withdrawal,0.9356029,0.04267841,0.0029382675,0.018780416,none
A029727,R02,1038.96,low,none,0.96390843,0.012866552,0.0034894254,0.01973558,none
A006237,R07,4952.12,low,none,0.932026,0.029565863,0.020681346,0.017726792,none
A002768,R08,2223.29,low,none,0.8586011,0.014777464,0.03451232,0.09210913,none
A035718,R09,43480.88,high,none,0.8830522,0.023621323,0.028804867,0.06452166,none
A027239,R02,5966.11,high,none,0.8329642,0.00842858,0.059811544,0.098795675,none
A018975,R04,1018.95,low,none,0.9311051,0.018728303,0.018873416,0.031293135,none
A003586,R02,1230.11,low,none,0.82192135,0.042539436,0.018582297,0.11695694,none
A012202,R06,15006.52,high,none,0.9210418,0.04054186,0.016198814,0.022217605,none
A032215,R06,3750.52,low,none,0.9139054,0.01220528,0.038132537,0.035756793,none
A010467,R05,5545.44,high,none,0.8656301,0.102163956,0.016381197,0.015824817,none
A012163,R06,5440.53,high,none,0.97117066,0.011510685,0.0033247562,0.013993849,none
A020063,R09,7497.97,high,dormant,0.8178231,0.016176645,0.077159666,0.08884055,none
A002386,R01,2260.35,low,none,0.91673505,0.016995905,0.028179158,0.038089912,none
A008393,R09,3965.47,low,none,0.7972274,0.07664219,0.108216375,0.01791405,none
A018158,R06,1652.82,low,none,0.914309,0.04129128,0.015944812,0.028454835,none
A036244,R00,3330.58,low,none,0.934524,0.009411864,0.021161724,0.034902412,none
A011171,R07,17758.53,high,none,0.9359009,0.04354796,0.0058492073,0.014701905,none
A009446,R00,2295.14,low,none,0.9146113,0.054422628,0.015982043,0.014984059,none
A037053,R09,3227.65,low,none,0.93823344,0.009699862,0.012384314,0.039682355,none
A032157,R06,2534.4,low,none,0.89071095,0.06027363,0.016302759,0.03271265,none
A025707,R00,4537.21,low,none,0.8200621,0.00183583,0.11997748,0.058124594,none
A004789,R01,815.41,low,none,0.9457206,0.00904448,0.01772522,0.02750973,none
A036555,R04,5461.6,high,none,0.84974563,0.03071524,0.018825242,0.10071388,none
A025475,R00,2958.1,low,none,0.94970053,0.014302156,0.01080125,0.025196042,none
A029775,R06,2687.06,low,none,0.8756695,0.032022946,0.05465657,0.03765102,none
A002177,R04,1211.51,low,none,0.8115381,0.0014831249,0.013864766,0.17311406,none
A039713,R03,5119.45,high,none,0.94800776,0.02506267,0.005316409,0.021613132,none
A014529,R07,2997.73,low,dormant,0.82779443,0.020075303,0.08167289,0.070457384,none
A032127,R06,15841.59,high,none,0.890438,0.07851368,0.013348674,0.017699677,none
A030522,R03,7007.4,high,none,0.94018364,0.004161372,0.030257761,0.025397258,none
A019751,R03,5311.23,high,none,0.954296,0.024606159,0.0046397164,0.016458167,none
A016581,R05,7387.99,high,none,0.9548026,0.01569714,0.0028323242,0.026667997,none
A012639,R07,27487.87,high,large_withdrawal,0.8980581,0.025285553,0.012612399,0.06404396,none
A006295,R02,4972.92,low,dd_stop,0.78384596,0.003241243,0.087855674,0.12505718,none
A019463,R04,21928.55,high,dormant,0.95047325,0.020781914,0.009032061,0.01971278,none
A024573,R00,4190.45,low,none,0.9271159,0.04242119,0.0069379783,0.023524886,none
A030710,R02,1559.09,low,none,0.9548432,0.014887871,0.0069367914,0.023332138,none
A039282,R06,17911.03,high,dd_stop,0.8394332,0.04747103,0.08833372,0.024761997,none
A033114,R07,4408.09,low,none,0.85530037,0.08286328,0.035206515,0.02662988,none
A009690,R09,2368.88,low,none,0.65801734,0.13159533,0.071529746,0.13885757,none
A004921,R09,2167.63,low,none,0.97024024,0.009815156,0.0031232743,0.01682126,none
A037727,R02,679.46,low,none,0.93246394,0.0371764,0.0058012656,0.024558414,none
A027075,R03,8269.67,high,none,0.84136266,0.004131649,0.058377057,0.09612866,none
A027670,R00,2071.92,low,none,0.81252867,0.028089305,0.04954504,0.10983701,none
A010849,R02,2176.33,low,none,0.88086504,0.055016655,0.034343902,0.029774366,none
A032365,R07,1226.26,low,dd_stop,0.8579581,0.007853572,0.10036223,0.03382616,none
A018713,R04,2117.22,low,none,0.94899297,0.0049167415,0.010800519,0.035289764,none
A001366,R07,1306.5,low,none,0.8976532,0.011634167,0.050175242,0.040537395,none
A033066,R09,21855.67,high,none,0.29874632,0.007984679,0.03583768,0.6574313,dormant
A017893,R01,6724.63,high,none,0.94545615,0.01449501,0.0053373966,0.03471142,none
A034906,R00,8345.9,high,dormant,0.8794936,0.039820213,0.011809426,0.068876766,none
A020522,R08,8347.43,high,none,0.86681277,0.040083203,0.06644916,0.026654882,none
A006571,R00,19756.59,high,none,0.8262419,0.04656213,0.09931033,0.027885605,none
A029225,R07,5771.54,high,none,0.8444712,0.015248773,0.06396618,0.07631382,none
A012455,R02,3424.66,low,dd_stop,0.86415356,0.018270897,0.06845509,0.049120486,none
A025466,R05,5989.47,high,none,0.94193095,0.0047688046,0.024556587,0.02874365,none
A031374,R08,3881.07,low,dormant,0.8423133,0.0507447,0.028851403,0.07809066,none
A026100,R07,216154.91,high,none,0.7746111,0.045762274,0.029722154,0.14990442,none
A021933,R07,1130.41,low,dd_stop,0.93429494,0.009398512,0.027140813,0.029165728,none
A026181,R09,3081.6,low,none,0.8359746,0.068175,0.006332654,0.089517705,none
A030294,R06,6674.13,high,none,0.87811804,0.019470207,0.0055168923,0.09689488,none
A001616,R02,117544.84,high,none,0.9586594,0.0009660159,0.006765978,0.0336086,none
A008082,R00,1863.31,low,none,0.8276976,0.025489705,0.1133155,0.033497218,none
A022548,R00,1314.58,low,none,0.77919614,0.08560073,0.09683653,0.038366675,none
A008519,R04,1012.57,low,dormant,0.8610472,0.03296192,0.07674672,0.029244153,none
A039665,R07,5530.32,high,none,0.90689534,0.013254938,0.002948519,0.07690121,none
A003348,R00,3709.26,low,none,0.93763995,0.0030987195,0.023374485,0.0358869,none
A019859,R07,2158.47,low,none,0.97347236,0.0076863198,0.0039810557,0.014860223,none
A006156,R05,4682.94,low,none,0.91417176,0.026976805,0.033636574,0.025214938,none
A018291,R00,3953.5,low,none,0.87283796,0.008406444,0.026828835,0.09192681,none
A036862,R05,4989.73,high,none,0.9398407,0.03030445,0.012899753,0.016955087,none
A002991,R04,7625.03,high,none,0.87336546,0.024703057,0.07575451,0.026176961,none
A022635,R04,7160.09,high,none,0.7986541,0.063472405,0.10867498,0.029198537,none
A031528,R03,3407.28,low,none,0.8099095,0.07467536,0.069050066,0.04636504,none
A038343,R05,9253.46,high,none,0.97341985,0.006447225,0.0036175225,0.016515372,none
A028244,R02,8149.75,high,dormant,0.88686043,0.06592093,0.030510746,0.016707906,none
A018347,R03,1223.48,low,none,0.9209173,0.009778896,0.041882925,0.027420899,none
A034951,R09,5599.65,high,dormant,0.95074815,0.018859467,0.0077460096,0.022646371,none
A013685,R09,295.24,low,none,0.93520766,0.007167197,0.029841563,0.027783561,none
A037271,R01,1109.25,low,none,0.96460307,0.004802638,0.006136189,0.024458053,none
A025709,R07,1826.23,low,none,0.95644575,0.004384038,0.014299861,0.024870295,none
A008953,R09,5080.16,high,none,0.9543813,0.0057992903,0.019587768,0.020231582,none
A038832,R08,4567.49,low,large_withdrawal,0.9135645,0.0115913935,0.04174433,0.033099744,none
A005462,R09,9868.7,high,none,0.6351881,0.06907374,0.0048189173,0.29091927,none
A001881,R06,2118.16,low,none,0.95728,0.0013881132,0.01350724,0.027824655,none
A024770,R07,18222.71,high,none,0.95397615,0.013885514,0.0070742676,0.025064101,none
A016176,R02,436.54,low,none,0.8921373,0.023239993,0.04226387,0.04235885,none
A024235,R04,8206.14,high,dormant,0.55196834,0.027368162,0.01512606,0.4055374,none
A039924,R09,8754.49,high,none,0.9316881,0.026470415,0.015838318,0.026003199,none
A032200,R07,3969.2,low,none,0.7508476,0.044268362,0.07593651,0.1289476,none
A007908,R01,3218.55,low,none,0.6873616,0.10514821,0.08237886,0.12511131,none
A020214,R04,2320.42,low,none,0.89598495,0.06621375,0.016431816,0.021369468,none
A020545,R04,9278.0,high,none,0.9200086,0.01566358,0.043432005,0.02089586,none
A031347,R02,11500.8,high,none,0.82948196,0.068859756,0.06783818,0.033820126,none
A015357,R02,6944.18,high,none,0.9133299,0.04249409,0.029546916,0.014629138,none
A030216,R00,49034.51,high,none,0.9210912,0.010958197,0.035623793,0.03232682,none
A030759,R01,8029.17,high,none,0.8529301,0.0066680238,0.022767188,0.11763463,none
A025725,R05,1967.07,low,none,0.8723058,0.03139303,0.07028683,0.026014313,none
A003394,R08,773.29,low,none,0.9447683,0.017644495,0.014226983,0.023360258,none
A034877,R08,59638.28,high,dormant,0.7241229,0.02930468,0.097146735,0.14942569,none
A017077,R08,3474.43,low,none,0.9138749,0.032664686,0.016516807,0.036943547,none
A013882,R07,792.78,low,none,0.8857281,0.011174293,0.024332043,0.078765534,none
A017109,R08,2530.59,low,none,0.76483417,0.03973738,0.06906741,0.12636103,none
A004833,R03,5335.81,high,none,0.9378663,0.01743584,0.014125216,0.03057263,none
A019239,R07,312.79,low,none,0.94238096,0.006965846,0.0129068885,0.037746236,none
A026667,R09,3136.57,low,none,0.79916173,0.031929873,0.06858244,0.100325964,none
A036363,R04,6717.22,high,none,0.8451314,0.069390096,0.04602363,0.039454862,none
A033206,R05,34847.9,high,dormant,0.8323852,0.0057997485,0.020790685,0.14102441,none
A029423,R07,1741.3,low,none,0.9339183,0.015707234,0.022237819,0.028136687,none
A025768,R08,23605.51,high,none,0.89121836,0.07950246,0.008776473,0.020502703,none
A037544,R04,1535.96,low,dormant,0.45185658,0.02151456,0.049918197,0.47671068,dormant
A003810,R05,14058.8,high,none,0.8537214,0.098729946,0.02552131,0.02202736,none
A035567,R03,10209.69,high,none,0.81071943,0.10342619,0.051787883,0.034066547,none
A013473,R08,9500.46,high,none,0.9509657,0.0009273304,0.012698885,0.035408065,none
A024962,R02,714.34,low,none,0.92443645,0.016570985,0.030400468,0.028592117,none
A006942,R04,10674.67,high,none,0.92938966,0.015210427,0.025541574,0.029858364,none
A010801,R07,2415.98,low,none,0.962685,0.009426372,0.005300762,0.02258783,none
A027198,R09,711.43,low,none,0.8337812,0.02821617,0.06508206,0.07292066,none
A031928,R09,4346.33,low,none,0.9060824,0.05894179,0.0147571005,0.020218665,none
A011437,R06,3956.5,low,none,0.88225746,0.026129713,0.04525456,0.04635827,none
A039111,R03,9780.19,high,none,0.9444346,0.032949407,0.0043965923,0.018219363,none
A005872,R08,5837.88,high,none,0.9195412,0.015254358,0.04514259,0.02006191,none
A018588,R03,1530.3,low,none,0.9503612,0.015020837,0.010207902,0.024410114,none
A024376,R03,3487.14,low,none,0.94212675,0.0007573302,0.03250622,0.024609655,none
A029807,R06,38642.42,high,none,0.85741764,0.01718502,0.029769246,0.09562806,none
A024664,R03,580.66,low,none,0.9599182,0.008674172,0.008631045,0.022776583,none
A005114,R07,463.16,low,none,0.6766381,0.2087114,0.085997045,0.028653366,none
A016251,R08,30995.15,high,none,0.9430186,0.02864805,0.006121405,0.022211889,none
A032210,R05,6887.07,high,none,0.8173352,0.039275438,0.05977617,0.083613165,none
A025529,R01,2377.56,low,none,0.87778723,0.025181592,0.06650363,0.030527566,none
A018515,R03,8004.3,high,none,0.9367282,0.03874539,0.010520178,0.014006284,none
A032491,R05,856.49,low,none,0.92654145,0.012551878,0.032939915,0.027966795,none
A013213,R01,16838.95,high,none,0.96622056,0.0010330381,0.0042943787,0.028452007,none
A006421,R09,13102.62,high,none,0.9005415,0.010249297,0.0041433577,0.08506588,none
A005442,R02,28969.0,high,none,0.9461173,0.0066251536,0.0144126415,0.03284491,none
A002975,R04,6314.95,high,none,0.89702266,0.056620553,0.0046380605,0.04171871,none
A021871,R01,14695.93,high,none,0.8445221,0.02784931,0.06648846,0.061140135,none
A013168,R00,752.39,low,none,0.78801984,0.082606845,0.038106628,0.091266684,none
A030942,R01,26119.01,high,none,0.9350488,0.015568526,0.022712423,0.0266702,none
A027382,R09,1850.11,low,none,0.91921496,0.006242369,0.010673233,0.0638694,none
A022818,R09,5283.64,high,none,0.8977437,0.0064044315,0.05442408,0.041427817,none
A026781,R03,10611.37,high,none,0.8680867,0.0075394786,0.022976607,0.10139727,none
A015767,R08,4441.59,low,none,0.9483252,0.007984275,0.013112491,0.030578043,none
A037171,R02,3655.45,low,none,0.85570335,0.078324884,0.015906956,0.0500648,none
A038247,R00,29802.42,high,none,0.9236725,0.043869168,0.0070438203,0.02541454,none
A039227,R05,1601.63,low,none,0.93270916,0.018502422,0.02189228,0.026896102,none
A011567,R01,2995.13,low,dd_stop,0.95459634,0.013917377,0.0054993504,0.025986934,none
A010936,R00,963.8,low,none,0.8677223,0.03513156,0.05824967,0.038896505,none
A011861,R04,5651.14,high,none,0.9369701,0.022930846,0.00487356,0.035225447,none
A013012,R09,5050.28,high,none,0.9273951,0.023043431,0.013860624,0.03570084,none
A010714,R09,559.82,low,none,0.964385,0.007904081,0.008563399,0.019147536,none
A035805,R02,5687.47,high,none,0.8433061,0.047075752,0.0061126566,0.10350549,none
A030031,R06,10258.45,high,large_withdrawal,0.847508,0.057000134,0.013614576,0.08187726,none
A012530,R08,5090.28,high,none,0.8545279,0.045979343,0.004384668,0.09510811,none
A001516,R01,3018.18,low,none,0.94887936,0.022884069,0.0067540593,0.021482531,none
A030065,R04,19585.5,high,dormant,0.605224,0.05685182,0.009843383,0.3280808,none
A012414,R08,2387.94,low,none,0.97254163,0.0057762414,0.002695508,0.018986667,none
A020484,R03,26783.75,high,none,0.92480975,0.009971332,0.0024772296,0.06274164,none
A006244,R03,6878.77,high,none,0.61825174,0.016755993,0.0051154858,0.35987678,none
A001171,R04,3185.3,low,none,0.91046286,0.04148512,0.020459086,0.027592862,none
A012274,R09,3642.6,low,none,0.9497349,0.0117054805,0.017726922,0.020832632,none
A022857,R02,1859.35,low,none,0.9502851,0.012827753,0.012580013,0.024307199,none
A026516,R00,1345.16,low,none,0.7912549,0.09340771,0.084148794,0.03118863,none
A020405,R06,35168.85,high,none,0.91752195,0.013423106,0.008184002,0.06087091,none
A003672,R06,34537.38,high,dd_stop,0.93765545,0.015007537,0.014710185,0.032626826,none
A012720,R00,11871.7,high,none,0.9764896,0.00934054,0.0035531048,0.010616811,none
A007902,R08,7659.95,high,none,0.8075187,0.014414452,0.07164476,0.10642206,none
A010572,R09,592.45,low,dormant,0.684688,0.010059262,0.033808492,0.27144432,none
A011395,R00,4713.64,low,none,0.88097084,0.06761427,0.01749909,0.033915784,none
A026118,R09,20435.12,high,none,0.7407278,0.016642947,0.120343134,0.12228612,none
A028887,R05,6583.07,high,none,0.95847297,0.0136403525,0.0073439237,0.020542735,none
A030640,R07,53085.25,high,large_withdrawal,0.9377342,0.013189466,0.008533303,0.04054308,none
A010415,R05,4180.47,low,dd_stop,0.8811229,0.025436517,0.060157686,0.033282932,none
A033274,R07,17626.13,high,dd_stop,0.94246125,0.016005293,0.013273948,0.028259488,none
A012660,R00,2036.01,low,none,0.8139874,0.022618912,0.054113265,0.1092804,none
A017596,R04,4737.98,low,none,0.9510212,0.022797737,0.0043216916,0.0218594,none
A035957,R05,7159.56,high,none,0.82808656,0.024925847,0.07262219,0.07436545,none
A000187,R00,4403.61,low,none,0.9597919,0.003314174,0.010757209,0.02613669,none
A029393,R00,1963.0,low,none,0.9218291,0.013381806,0.03404091,0.030748153,none
A026720,R01,1510.08,low,none,0.9600851,0.011522828,0.006836422,0.021555703,none
A019128,R09,4102.66,low,none,0.8765605,0.004742364,0.011606262,0.10709086,none
A009310,R02,6233.89,high,dormant,0.6005902,0.00655274,0.014448835,0.37840816,none
A003580,R08,576.41,low,none,0.91057354,0.02618,0.026501462,0.036745008,none
A008469,R02,2250.64,low,none,0.92701787,0.017599875,0.031570498,0.023811733,none
A002844,R04,22945.8,high,none,0.9296242,0.012318843,0.03430666,0.023750247,none
A038102,R08,4014.81,low,none,0.84693563,0.0121760005,0.022327898,0.11856042,none
A022782,R05,16917.73,high,none,0.8589517,0.0010799975,0.10573258,0.034235712,none
A027773,R00,10977.67,high,none,0.9674993,0.008434976,0.0018401805,0.022225562,none
A003881,R01,13571.56,high,none,0.8775046,0.075636804,0.028403226,0.018455379,none
A023351,R09,1494.43,low,none,0.9435434,0.010304755,0.022646345,0.0235056,none
A013868,R03,52011.7,high,none,0.88082904,0.017711442,0.0037999665,0.09765953,none
A039200,R07,1853.82,low,none,0.89879566,0.058721162,0.024665723,0.017817521,none
A011737,R09,6499.13,high,dormant,0.5315754,0.0048857895,0.012975991,0.4505628,none
A000932,R05,2436.16,low,none,0.9541408,0.0005422055,0.02595341,0.01936362,none
A024064,R01,12597.6,high,none,0.8720333,0.04924731,0.047905214,0.030814167,none
A037002,R02,9907.7,high,none,0.8997092,0.020911485,0.012382965,0.066996306,none
A001478,R03,7850.86,high,none,0.8781689,0.038732957,0.05513279,0.027965382,none
A017241,R08,2919.55,low,large_withdrawal,0.95749915,0.022624128,0.0016744665,0.0182022,none
A024622,R00,3608.91,low,none,0.9462343,0.013949949,0.014089084,0.025726752,none
A030160,R06,3460.76,low,none,0.9037015,0.031017449,0.036942087,0.028338945,none
A001308,R09,12602.82,high,none,0.92037934,0.02872763,0.03392737,0.016965684,none
A025489,R09,3156.07,low,dormant,0.6554034,0.03067903,0.03222374,0.28169385,none
A032495,R00,7076.16,high,none,0.9367784,0.023078032,0.019567307,0.02057628,none
A027592,R04,20389.36,high,none,0.7895524,0.059056118,0.12548326,0.025908208,none
A012936,R01,2746.7,low,none,0.9304651,0.011310327,0.019926015,0.038298603,none
A021822,R08,9957.18,high,none,0.8482591,0.01845587,0.028739039,0.10454602,none
A013158,R08,9835.86,high,none,0.93717736,0.03515421,0.006634222,0.0210342,none
A019364,R06,4791.33,low,none,0.90549463,0.007855647,0.05480606,0.031843673,none
A037871,R00,26494.54,high,none,0.9067405,0.018569568,0.030159988,0.044529993,none
A024317,R03,2211.29,low,none,0.88259286,0.020109588,0.058467805,0.038829807,none
A026790,R02,440.08,low,none,0.9010946,0.015084553,0.004697874,0.07912298,none
A010019,R05,1382.96,low,none,0.91661304,0.0016170896,0.025620222,0.056149635,none
A031223,R03,5938.83,high,none,0.83626986,0.04672275,0.054343216,0.06266417,none
A021671,R00,14898.37,high,none,0.9281596,0.033981998,0.014082,0.023776455,none
A039094,R06,2350.93,low,none,0.6630907,0.0051200353,0.051277436,0.28051183,none
A023488,R07,4343.17,low,none,0.75078285,0.09646956,0.08010552,0.072642036,none
A031849,R01,1259.55,low,none,0.9181857,0.0008464726,0.017294088,0.06367372,none
A020619,R02,3935.06,low,none,0.7640477,0.047103237,0.095125385,0.09372364,none
A033551,R05,5727.44,high,none,0.92467815,0.011321633,0.03878409,0.0252161,none
A024347,R01,1024.58,low,none,0.92991006,0.014832706,0.031529702,0.023727527,none
A002577,R05,1938.9,low,none,0.940793,0.017976148,0.026497984,0.014732928,none
A029489,R07,4886.74,low,none,0.94260865,0.00082231074,0.03073817,0.025830923,none
A008405,R04,6498.77,high,none,0.8497579,0.07777312,0.048974887,0.02349412,none
A016018,R08,1993.22,low,none,0.92631394,0.0397696,0.014471474,0.019445058,none
A014527,R04,6089.18,high,none,0.9408005,0.012693656,0.020563977,0.025941921,none
A015750,R08,5318.69,high,dormant,0.67756903,0.019421754,0.032980833,0.27002838,none
A031338,R01,9587.17,high,none,0.87815875,0.027551478,0.0060213245,0.08826845,none
A010092,R08,3452.06,low,none,0.92634183,0.019943995,0.02835333,0.025360812,none
A013869,R01,17210.19,high,none,0.92264223,0.029235486,0.017882619,0.030239617,none
A017605,R05,1168.99,low,none,0.84985477,0.055639166,0.06690587,0.027600152,none
A010015,R09,1810.53,low,none,0.9463253,0.02224879,0.009840498,0.02158543,none
A000594,R01,987.12,low,none,0.8803139,0.015577716,0.0058291997,0.09827923,none
A030377,R01,1342.98,low,none,0.86236686,0.029420275,0.021814618,0.086398296,none
A037119,R06,16805.66,high,none,0.80806136,0.00233209,0.05834561,0.13126089,none
A021440,R03,34096.12,high,none,0.9560046,0.015344998,0.004766737,0.023883585,none
A021588,R01,3967.41,low,none,0.9133069,0.032984342,0.025226194,0.028482558,none
A031116,R01,10261.53,high,none,0.84568435,0.0846812,0.039826166,0.029808287,none
A035269,R02,15314.88,high,none,0.9362753,0.031752173,0.012264042,0.019708559,none
A032686,R04,1403.17,low,dd_stop,0.94075406,0.021343287,0.01982981,0.018072892,none
A005120,R09,2169.79,low,large_withdrawal,0.8573428,0.022596871,0.015348092,0.10471229,none
A020413,R09,14004.17,high,none,0.8935233,0.03469426,0.048025284,0.023757217,none
A028267,R06,6766.06,high,dormant,0.7634348,0.01992144,0.012553764,0.20409,none
A027422,R05,11731.87,high,none,0.9326692,0.042393446,0.0085166115,0.016420724,none
A018614,R01,13421.14,high,none,0.9262741,0.048751853,0.0039337263,0.021040278,none
A023941,R08,8021.57,high,none,0.8941274,0.017224798,0.05134281,0.037304923,none
A004369,R04,46579.24,high,none,0.7194655,0.0154956505,0.06383821,0.2012006,none
A013057,R01,6664.95,high,none,0.89162344,0.06457186,0.016147854,0.027656894,none
A032153,R01,4481.82,low,dd_stop,0.8320102,0.01978951,0.03914151,0.10905882,none
A007499,R03,1912.12,low,none,0.91346276,0.022253206,0.022705294,0.041578747,none
A039193,R09,7901.58,high,none,0.8532853,0.055861656,0.064541645,0.026311351,none
A005982,R04,30284.65,high,none,0.88990587,0.015827006,0.005820368,0.08844673,none
A020891,R04,4112.69,low,large_withdrawal,0.922272,0.037403222,0.010040348,0.030284392,none
A013654,R01,5281.67,high,none,0.8790636,0.065983996,0.031505924,0.023446485,none
A025982,R06,939.1,low,none,0.8662766,0.03365014,0.024746198,0.075327076,none
A021411,R02,3043.24,low,none,0.8772972,0.063888155,0.04255346,0.016261222,none
A024691,R08,2672.42,low,dormant,0.76264596,0.06851936,0.07126767,0.097567044,none
A016147,R05,14697.57,high,none,0.91408116,0.048143044,0.017641569,0.020134194,none
A034887,R01,1382.23,low,none,0.9263528,0.023980923,0.028228799,0.021437518,none
A002813,R09,6075.11,high,none,0.914181,0.047704916,0.017680433,0.020433677,none
A004614,R03,2244.08,low,dormant,0.8700353,0.037637122,0.059963126,0.032364458,none
A010686,R00,1768.69,low,none,0.7366307,0.059430424,0.0959211,0.10801776,none
A005204,R08,3960.14,low,none,0.95767623,0.009751812,0.0070796944,0.025492284,none
A026491,R04,624.49,low,none,0.9005736,0.026305856,0.04704569,0.026074857,none
A032867,R02,2871.58,low,none,0.9082369,0.04249175,0.012284542,0.03698673,none
A011732,R04,15118.73,high,none,0.9160248,0.005432233,0.036402162,0.042140845,none
A017769,R09,4279.03,low,none,0.88897264,0.033358447,0.05421489,0.023453992,none
A035622,R08,3305.26,low,none,0.77685434,0.075878434,0.014292318,0.13297491,none
A030062,R00,871.99,low,none,0.8688992,0.078852765,0.021374006,0.030873965,none
A013410,R03,2084.77,low,none,0.848875,0.023583109,0.036726777,0.09081511,none
A039033,R08,9687.98,high,dormant,0.79003584,0.056965288,0.008040559,0.14495832,none
A009523,R06,3934.31,low,none,0.8923439,0.016610483,0.06389511,0.027150517,none
A016163,R00,822.36,low,none,0.90930086,0.040269338,0.023900053,0.026529744,none
A035642,R03,2610.03,low,none,0.90222573,0.053892497,0.022827975,0.021053761,none
A025273,R03,20988.5,high,none,0.9312291,0.030613847,0.020458106,0.017698955,none
A033552,R01,9047.24,high,none,0.9039544,0.01971884,0.0054904623,0.07083637,none
A010776,R02,7525.29,high,none,0.95472974,0.031423025,0.0036601827,0.010187008,none
A021840,R06,2453.46,low,none,0.90205264,0.052120313,0.024994798,0.020832216,none
A003145,R05,2208.09,low,none,0.9661126,0.0069576623,0.0043112165,0.022618478,none
A036358,R05,1182.43,low,none,0.89792764,0.008993044,0.011763054,0.08131631,none
A032516,R01,14762.8,high,none,0.9223219,0.025994314,0.026618022,0.025065772,none
A003369,R02,3710.53,low,large_withdrawal,0.9004309,0.038498126,0.025107134,0.03596386,none
A004810,R07,6976.05,high,none,0.91249096,0.011004007,0.058315672,0.018189386,none
A027761,R07,3051.51,low,none,0.89398813,0.016173774,0.065268375,0.024569731,none
A032259,R08,9986.48,high,none,0.9072894,0.061573073,0.010791799,0.020345699,none
A006286,R00,7717.26,high,none,0.87986046,0.044735335,0.054591883,0.020812307,none
A003131,R01,916.96,low,none,0.84479165,0.01009764,0.033575628,0.11153504,none
A026955,R06,4353.56,low,none,0.868035,0.01065247,0.025084587,0.09622788,none
A006124,R02,2776.25,low,none,0.81794673,0.0101332655,0.049209997,0.12271005,none
A008695,R05,1371.73,low,none,0.88441706,0.02040583,0.060862906,0.034314252,none
A007157,R02,3704.45,low,none,0.8891123,0.041172456,0.04848164,0.021233672,none
A019408,R04,1408.88,low,none,0.8646476,0.0078074774,0.015169654,0.11237529,none
A032194,R02,4829.24,low,none,0.9369548,0.012035075,0.01660617,0.034403957,none
A023717,R08,4147.32,low,none,0.93379205,0.046748146,0.0031904601,0.016269377,none
A028930,R01,12908.89,high,dormant,0.5985873,0.042216286,0.050044753,0.30915165,none
A016227,R04,12188.56,high,none,0.86206704,0.01640472,0.01655786,0.10497034,none
A033380,R09,10023.21,high,none,0.86376256,0.04580728,0.0343055,0.0561247,none
A024258,R06,3662.14,low,none,0.7648045,0.14239675,0.07145732,0.021341471,none
A027094,R01,13981.09,high,none,0.86690706,0.02800542,0.07826557,0.026821965,none
A038134,R04,5116.19,high,none,0.90090865,0.07049151,0.012347287,0.016252553,none
A025988,R06,1495.65,low,none,0.81230086,0.011975125,0.05672928,0.11899476,none
A000895,R04,1242.43,low,none,0.9529044,0.019924296,0.012902303,0.014268989,none
A029498,R02,2062.37,low,dd_stop,0.9100974,0.028659644,0.036226634,0.025016284,none
A022531,R02,5270.28,high,none,0.86147255,0.024903309,0.01142622,0.102197886,none
A017442,R03,1368.66,low,none,0.88854307,0.047726374,0.03828777,0.025442803,none
A031517,R05,10356.0,high,none,0.890347,0.026510306,0.0041322294,0.07901049,none
A032875,R04,7151.97,high,none,0.9113333,0.066321686,0.0036905282,0.018654445,none
A026469,R04,13416.88,high,none,0.8601289,0.08863938,0.024858218,0.026373565,none
A030842,R06,102826.71,high,large_withdrawal,0.83497244,0.030296568,0.020727498,0.11400351,none
A003168,R02,432.46,low,none,0.9505954,0.01040193,0.011542251,0.027460435,none
A026916,R03,2970.86,low,none,0.90567696,0.05939387,0.02156779,0.013361423,none
A015234,R09,869.7,low,none,0.5138078,0.007846107,0.013412054,0.46493402,none
A006160,R09,1003.87,low,none,0.80986416,0.012330525,0.054501314,0.12330397,none
A039938,R00,26709.28,high,none,0.95270073,0.014644126,0.005666041,0.026989156,none
A030477,R01,11118.58,high,none,0.8871912,0.02309083,0.050235804,0.039482173,none
A028534,R09,3577.61,low,none,0.9567034,0.007820458,0.0076952935,0.027780838,none
A014485,R00,2194.39,low,none,0.93143916,0.015988627,0.024573106,0.027999097,none
A034210,R01,2858.15,low,none,0.91547626,0.01680146,0.032753695,0.034968592,none
A024087,R00,7380.86,high,large_withdrawal,0.874164,0.039910875,0.05808945,0.027835662,none
A037021,R01,2316.33,low,none,0.8001705,0.100833476,0.054646887,0.04434911,none
A009522,R05,11568.65,high,none,0.8809282,0.06484666,0.028876899,0.025348287,none
A031863,R06,11681.45,high,none,0.8869391,0.06502065,0.02588972,0.022150507,none
A009107,R08,13792.29,high,dd_stop,0.8405911,0.07779058,0.06251943,0.019098913,none
A004531,R06,473.52,low,none,0.9608998,0.0044562593,0.007407801,0.027236184,none
A009861,R03,4133.42,low,none,0.94470745,0.018400533,0.0030717754,0.033820253,none
A012043,R03,2572.45,low,none,0.91249204,0.031232204,0.029587138,0.026688576,none
A018500,R08,9006.43,high,none,0.9352765,0.009988829,0.021659676,0.033074986,none
A006790,R04,17286.26,high,none,0.8398631,0.048165042,0.012552715,0.099419124,none
A013072,R07,2872.79,low,none,0.94307536,0.004600339,0.02097463,0.031349637,none
A005912,R01,18914.12,high,none,0.9283851,0.013261514,0.034897927,0.023455448,none
A027120,R09,23853.16,high,none,0.9133744,0.017088158,0.036694657,0.032842726,none
A039643,R07,7797.54,high,none,0.8963818,0.029567456,0.044986848,0.029063849,none
A017351,R03,66344.15,high,none,0.8720606,0.005993964,0.0048739947,0.11707142,none
A004568,R04,4037.2,low,none,0.8841027,0.018463785,0.020724887,0.07670857,none
A017110,R06,6801.72,high,none,0.88703215,0.024486354,0.031254455,0.05722701,none
A027277,R04,1274.37,low,none,0.93353444,0.03483591,0.007894241,0.023735374,none
A028964,R01,3159.46,low,none,0.9347473,0.014845306,0.019945372,0.030462043,none
A009296,R09,10881.29,high,none,0.8955592,0.025556253,0.04920524,0.029679276,none
A015173,R04,1441.88,low,none,0.95602,0.010979199,0.012029306,0.02097146,none
A005933,R00,5815.74,high,none,0.89116395,0.07498863,0.015098725,0.018748673,none
A007527,R01,3151.21,low,none,0.9028093,0.01485721,0.04927162,0.03306189,none
A014442,R00,42552.78,high,none,0.8937564,0.019268736,0.003929021,0.083045825,none
A006060,R01,7349.04,high,none,0.82238734,0.052793026,0.10366748,0.021152187,none
A004244,R03,1811.95,low,none,0.78240895,0.019063566,0.06779467,0.13073283,none
A012226,R09,3972.23,low,none,0.88955146,0.047527038,0.03814244,0.024779093,none
A004999,R06,25156.62,high,none,0.78667504,0.008552055,0.07550773,0.12926511,none
A014019,R07,2822.39,low,none,0.88278854,0.012105765,0.0128217265,0.092283994,none
A020902,R04,4261.99,low,none,0.9516836,0.031208562,0.004396299,0.012711557,none
A024291,R01,20323.34,high,none,0.9112378,0.012828245,0.043178894,0.032755073,none
A020982,R09,2746.24,low,none,0.8935431,0.04687336,0.015923386,0.043660082,none
A039250,R06,4010.82,low,none,0.9495448,0.013999075,0.0052730176,0.03118312,none
A030328,R07,13281.86,high,none,0.8589822,0.021053119,0.010778865,0.10918577,none
A029651,R00,880.66,low,dormant,0.18976015,0.0015513644,0.014589441,0.79409903,dormant
A024133,R01,5974.72,high,none,0.8735369,0.023920966,0.015823487,0.08671869,none
A001494,R02,4141.01,low,none,0.8599908,0.013571081,0.02668299,0.09975515,none
A010152,R00,2327.11,low,dd_stop,0.8809815,0.011670863,0.045486007,0.061861675,none
A017905,R04,557.59,low,none,0.91800946,0.032671474,0.026761778,0.022557247,none
A027241,R00,10324.1,high,none,0.90248984,0.043363634,0.034006055,0.020140467,none
A011879,R05,1406.05,low,none,0.8690423,0.027094714,0.021446917,0.08241605,none
A022047,R04,3480.64,low,none,0.88388854,0.023463644,0.06053698,0.032110855,none
A025813,R01,16239.43,high,none,0.91058236,0.030599149,0.03288004,0.025938407,none
A011116,R08,13488.94,high,none,0.9660916,0.004492145,0.004091949,0.025324346,none
A023589,R09,17889.46,high,dormant,0.67158854,0.049680397,0.012507694,0.26622337,none
A013252,R02,4183.64,low,none,0.9271898,0.039150126,0.010904552,0.022755539,none
A028910,R04,5396.84,high,none,0.9530236,0.027641172,0.0033164248,0.016018864,none
A028742,R07,2662.84,low,none,0.8633481,0.06910838,0.057155367,0.010388176,none
A016212,R01,18512.83,high,none,0.87520444,0.0220205,0.014716329,0.08805872,none
A019852,R02,6251.49,high,none,0.87391156,0.012496585,0.069309674,0.04428223,none
A035969,R02,1816.73,low,none,0.91987944,0.009488071,0.00510243,0.06553005,none
A004210,R02,7565.68,high,none,0.93829185,0.029855262,0.0130513385,0.018801503,none
A010666,R02,2361.14,low,none,0.8971607,0.00961854,0.0062738736,0.08694686,none
A019601,R02,5445.91,high,none,0.93249464,0.0378855,0.014462986,0.015156919,none
A022866,R08,15227.16,high,none,0.9424963,0.01898641,0.004726445,0.03379087,none
A009428,R09,1424.74,low,none,0.90478134,0.022839935,0.035985984,0.03639274,none
A016316,R01,7886.31,high,none,0.84227616,0.03973781,0.04239888,0.0755872,none
A031150,R00,22319.78,high,none,0.8686725,0.028198747,0.0057744724,0.097354226,none
A018220,R09,3132.09,low,none,0.92632294,0.00976184,0.03031511,0.033600084,none
A028855,R00,2272.92,low,none,0.9414625,0.011798409,0.01800619,0.028732885,none
A008286,R06,4117.58,low,none,0.85668457,0.051857796,0.056483824,0.034973834,none
A036982,R09,9980.01,high,large_withdrawal,0.88347924,0.041755427,0.051689517,0.02307582,none
A018095,R05,110085.24,high,large_withdrawal,0.7704564,0.044380084,0.01720771,0.1679558,none
A007602,R01,3663.53,low,none,0.8409016,0.017775388,0.03888827,0.10243474,none
A022672,R03,2546.96,low,none,0.95699036,0.014946329,0.0026539597,0.025409305,none
A000604,R07,3677.48,low,none,0.79195917,0.07128395,0.085612744,0.051144138,none
A013094,R07,10550.21,high,none,0.95613974,0.017862804,0.0074218363,0.018575652,none
A006417,R09,1080.36,low,none,0.860863,0.0285624,0.031523388,0.07905124,none
A007493,R02,957.7,low,none,0.91485804,0.04417615,0.014760709,0.026205067,none
A035391,R05,3179.67,low,dormant,0.923288,0.0111293765,0.035909574,0.029673059,none
A038629,R03,2554.02,low,none,0.90823936,0.055888087,0.01658507,0.019287426,none
A028440,R06,9508.73,high,none,0.84117776,0.027015869,0.039127912,0.09267845,none
A028165,R09,33916.65,high,none,0.9610624,0.009755189,0.0123305265,0.016851928,none
A036735,R09,2474.63,low,none,0.9187426,0.033155836,0.018060576,0.030041004,none
A000621,R08,4861.71,low,none,0.8578908,0.07807023,0.036616623,0.027422398,none
A024700,R08,974.64,low,none,0.93660814,0.015443286,0.023543777,0.024404855,none
A029065,R02,5100.8,high,none,0.93398213,0.00087473687,0.02951355,0.03562963,none
A028709,R08,1571.33,low,none,0.8821592,0.06720669,0.026133824,0.02450024,none
A004630,R04,24096.62,high,dd_stop,0.9351815,0.018009504,0.025507174,0.02130182,none
A032051,R05,6377.18,high,none,0.9638092,0.015177936,0.003988431,0.017024456,none
A005799,R07,361.13,low,none,0.91218805,0.023752823,0.035777267,0.028281916,none
A021563,R01,3670.91,low,none,0.8645551,0.030811818,0.0502086,0.054424487,none
A008967,R05,2573.93,low,none,0.8764074,0.02125379,0.0061993334,0.096139476,none
A007909,R08,3450.28,low,large_withdrawal,0.94369376,0.027034184,0.005920614,0.023351422,none
A022611,R05,4354.23,low,none,0.90214366,0.023225797,0.04523909,0.029391436,none
A030249,R08,36104.26,high,large_withdrawal,0.8990088,0.02049519,0.008196395,0.0722996,none
A000254,R01,10874.68,high,none,0.85878915,0.031503655,0.012765638,0.09694157,none
A032094,R02,2624.71,low,none,0.8501199,0.019933783,0.08058011,0.049366217,none
A017578,R04,4047.74,low,none,0.9193231,0.016766364,0.03709229,0.026818244,none
A017981,R05,5645.4,high,none,0.89602363,0.07186883,0.0054493323,0.026658207,none
A024224,R09,892.89,low,none,0.87257284,0.008441456,0.08873888,0.030246863,none
A024837,R07,2995.01,low,none,0.9032699,0.0007031332,0.013641557,0.08238541,none
A022607,R03,4799.09,low,none,0.941671,0.0151621215,0.011717826,0.031448975,none
A023518,R07,1518.29,low,none,0.8819718,0.015092606,0.031128505,0.07180709,none
A009712,R08,14642.91,high,dormant,0.37138116,0.009065311,0.02304251,0.59651107,dormant
A017400,R07,4476.7,low,dd_stop,0.92797416,0.01554916,0.025801321,0.030675402,none
A008889,R00,7916.99,high,none,0.8659683,0.0014060637,0.023742039,0.108883634,none
A017176,R09,21214.68,high,dd_stop,0.8600293,0.026564835,0.03293945,0.08046641,none
A037147,R09,6812.25,high,none,0.9393879,0.00055455737,0.021726185,0.038331334,none
A015361,R09,29322.09,high,none,0.93215454,0.0055258228,0.027968397,0.034351226,none
A027783,R00,8751.09,high,none,0.9231778,0.009926937,0.04014026,0.026755074,none
A019931,R06,1193.12,low,none,0.949578,0.00988774,0.01706683,0.023467464,none
A003086,R04,1426.26,low,none,0.8283251,0.06609565,0.005783137,0.09979611,none
A026090,R05,7760.47,high,none,0.8726435,0.06372471,0.03584467,0.027787166,none
A026771,R07,8273.95,high,none,0.9416002,0.0013722031,0.029763153,0.027264442,none
A001306,R07,15178.34,high,none,0.9150794,0.028544279,0.033707067,0.022669284,none
A038488,R04,1127.15,low,none,0.9158024,0.04065969,0.013706257,0.029831626,none
A010032,R01,1138.27,low,none,0.7891081,0.0066582584,0.09060422,0.113629445,none
A016226,R03,5648.25,high,none,0.77693063,0.14126274,0.0128336735,0.06897296,none
A012604,R03,2897.27,low,none,0.6923519,0.029801162,0.0066330647,0.27121392,none
A001060,R01,4800.37,low,none,0.86586326,0.014224443,0.0067346157,0.1131777,none
A032529,R00,19524.08,high,none,0.9388089,0.03657055,0.008019963,0.016600603,none
A019694,R00,752.82,low,none,0.8596809,0.067846835,0.052870393,0.019601895,none
A039334,R05,1150.56,low,none,0.9341837,0.03417035,0.010921406,0.020724583,none
A004608,R03,11885.38,high,none,0.76451635,0.013267171,0.096610285,0.12560622,none
A014263,R00,2102.1,low,dormant,0.27971205,0.030555746,0.03778072,0.6519515,dormant
A006812,R03,1756.31,low,none,0.82295245,0.0618148,0.050550044,0.06468272,none
A007742,R08,2210.55,low,none,0.78453,0.013432789,0.090200424,0.11183676,none
A031895,R03,10584.18,high,none,0.85573214,0.023714432,0.08307196,0.037481427,none
A019349,R09,3030.96,low,none,0.9073735,0.00451102,0.016107386,0.072008096,none
A012609,R03,15175.07,high,none,0.89120483,0.0013925639,0.06366684,0.043735724,none
A000224,R04,11735.52,high,none,0.9106456,0.030040488,0.030163687,0.029150242,none
A017641,R00,972.63,low,none,0.9009574,0.0039101387,0.054502532,0.04062989,none
A034952,R09,1155.99,low,none,0.90960044,0.004150066,0.052431792,0.033817675,none
A037230,R01,21331.22,high,none,0.6322231,0.025079899,0.019156393,0.32354063,none
A025962,R05,61654.96,high,none,0.83839774,0.025989527,0.0984459,0.037166864,none
A003974,R02,867.76,low,dormant,0.88683116,0.015221783,0.0124924835,0.085454516,none
A000581,R05,9486.41,high,none,0.93977904,0.04021487,0.004931094,0.0150749935,none
A026630,R07,5979.18,high,none,0.91278625,0.033606816,0.03502299,0.018583894,none
A014507,R07,13094.67,high,dd_stop,0.94576573,0.019924063,0.012035184,0.022275096,none
A001652,R01,16721.82,high,none,0.801161,0.027878534,0.14695741,0.024003081,none
A037210,R09,14516.1,high,dormant,0.6753795,0.010885316,0.045592204,0.26814294,none
A021415,R02,5685.32,high,none,0.83437246,0.024727626,0.0557682,0.08513174,none
A038659,R01,5973.44,high,none,0.86132795,0.02050022,0.01685189,0.101319924,none
A021794,R00,5993.48,high,none,0.9653577,0.00041478808,0.019645557,0.014581978,none
A031130,R04,2792.55,low,none,0.9177431,0.05272445,0.0056867353,0.02384574,none
A010243,R05,7420.65,high,none,0.9147018,0.058175884,0.01120301,0.015919225,none
A036999,R08,1494.32,low,none,0.78893304,0.0041856584,0.029616011,0.1772653,none
A027244,R07,2852.72,low,none,0.93870103,0.008383144,0.022377541,0.030538322,none
A021810,R07,7098.28,high,none,0.8247294,0.08266749,0.06933264,0.02327048,none
A034746,R07,7832.05,high,none,0.8984865,0.012216124,0.0062302253,0.08306718,none
A038407,R04,17833.76,high,none,0.89930874,0.012936362,0.026123412,0.06163153,none
A018851,R02,283.65,low,none,0.8243479,0.009074791,0.04707621,0.11950111,none
A015652,R07,8768.06,high,none,0.8959619,0.01929112,0.011779813,0.072967164,none
A017725,R03,1580.46,low,none,0.9295891,0.0032249012,0.03665685,0.030529141,none
A022559,R08,51034.46,high,none,0.88699394,0.01828592,0.061187264,0.033532854,none
A018957,R08,6681.78,high,none,0.9390329,0.01100564,0.025287077,0.02467441,none
A000147,R03,1328.11,low,none,0.93191946,0.02396158,0.022537079,0.021581907,none
A002023,R05,2813.58,low,none,0.9214145,0.06009329,0.00726641,0.011225805,none
A038752,R07,7974.66,high,none,0.8005892,0.12812294,0.054627977,0.016659837,none
A030023,R05,6959.67,high,none,0.95398104,0.0268124,0.0021873566,0.01701926,none
A012140,R03,1270.18,low,none,0.94684654,0.014138587,0.0141310785,0.024883736,none
A030674,R07,3410.72,low,none,0.9046559,0.003990341,0.01711382,0.07423995,none
A000924,R09,8871.02,high,none,0.92274445,0.053025834,0.0035132065,0.020716457,none
A025758,R08,4321.54,low,none,0.89111054,0.03209807,0.03324234,0.043549005,none
A028537,R06,3099.35,low,none,0.9143191,0.033117514,0.017015867,0.035547473,none
A009655,R00,1279.69,low,none,0.9091826,0.0014057456,0.06256083,0.026850754,none
A008018,R04,7835.1,high,none,0.8739028,0.071757816,0.03454549,0.01979391,none
A015562,R09,8533.37,high,none,0.94235283,0.001094675,0.010702995,0.04584952,none
A011239,R08,11345.73,high,large_withdrawal,0.95438206,0.022985006,0.003079674,0.01955326,none
A019413,R02,4548.06,low,none,0.87531817,0.01886049,0.012205214,0.09361611,none
A009701,R01,5970.46,high,none,0.9109362,0.015839588,0.0404068,0.03281748,none
A035168,R01,8397.29,high,none,0.9003143,0.072280146,0.0064668967,0.020938653,none
A035981,R03,13254.16,high,none,0.87715876,0.0011360813,0.08347,0.038235117,none
A000391,R00,9585.19,high,dormant,0.86622626,0.022256663,0.02561913,0.08589792,none
A023942,R06,3413.06,low,none,0.9056289,0.009063901,0.049624074,0.035683054,none
A022422,R02,6923.7,high,none,0.9550004,0.02072948,0.0035887184,0.020681368,none
A023937,R09,870.68,low,none,0.9079491,0.043376386,0.03300967,0.015664848,none
A027624,R02,1789.91,low,none,0.8459816,0.029485561,0.084081315,0.040451482,none
A005286,R02,14160.87,high,dormant,0.8421132,0.014253523,0.014886126,0.12874717,none
A002570,R07,4131.21,low,none,0.88056153,0.05858669,0.035322297,0.025529439,none
A037532,R02,2487.09,low,none,0.9370464,0.023415454,0.0068160943,0.032722034,none
A021673,R01,13132.64,high,none,0.9054944,0.024948053,0.041573588,0.027983982,none
A024687,R05,1876.62,low,none,0.9069576,0.032247495,0.037855297,0.022939626,none
A038637,R04,6624.14,high,none,0.9064284,0.03833547,0.013778952,0.04145711,none
A031518,R04,1078.37,low,dormant,0.64010966,0.0073527354,0.019916862,0.33262074,none
A010182,R09,2048.22,low,none,0.96776795,0.003932458,0.008015231,0.02028432,none
A026117,R07,2236.25,low,none,0.6812304,0.03500444,0.044536684,0.23922849,none
A013174,R05,9044.08,high,none,0.9695237,0.012539678,0.0055297636,0.012406825,none
A017925,R08,1154.44,low,none,0.9056598,0.0054707914,0.0053338823,0.08353548,none
A018593,R09,804.25,low,none,0.9525623,0.032380365,0.0048005623,0.010256823,none
A009585,R00,5395.88,high,none,0.84480304,0.011331331,0.011246924,0.13261871,none
A007382,R07,17036.44,high,none,0.78549397,0.074454285,0.1124144,0.027637357,none
A021036,R01,5760.33,high,dormant,0.9597855,0.014800998,0.01034342,0.015070032,none
A008333,R00,587.47,low,none,0.9051592,0.0048535233,0.012225867,0.07776143,none
A017377,R02,7366.72,high,none,0.9391974,0.02409859,0.01352988,0.023174068,none
A012808,R05,2671.9,low,none,0.93965685,0.018661423,0.01544753,0.026234243,none
A034083,R08,2614.49,low,none,0.97082776,0.00079525035,0.004180879,0.024196085,none
A026563,R02,1140.94,low,none,0.94963926,0.0012615162,0.019769976,0.02932927,none
A015866,R03,2763.04,low,none,0.9474962,0.02803376,0.006326944,0.018143134,none
A026409,R02,3423.3,low,none,0.9212264,0.015651999,0.039954882,0.023166727,none
A011491,R05,5075.28,high,none,0.9234409,0.028407307,0.031711306,0.0164405,none
A037967,R09,21680.22,high,dormant,0.8304889,0.020173116,0.03830966,0.11102836,none
A015947,R07,562.09,low,none,0.9056907,0.031358715,0.049793612,0.013156926,none
A032796,R08,5274.77,high,dormant,0.88101923,0.014079365,0.011144973,0.093756415,none
A033915,R03,7201.09,high,dormant,0.86591643,0.0149914455,0.016696779,0.10239533,none
A004622,R07,580.4,low,none,0.8772937,0.053123582,0.03599879,0.03358392,none
A023870,R05,665.51,low,dormant,0.70328444,0.018544067,0.040390745,0.2377807,none
A014978,R06,6133.66,high,none,0.9270808,0.042440224,0.012236211,0.018242829,none
A006063,R03,22781.51,high,dormant,0.9490735,0.015720207,0.019833945,0.015372328,none
A006378,R09,29078.64,high,none,0.89169025,0.05998635,0.022320794,0.026002565,none
A032604,R08,4417.23,low,none,0.9193076,0.009301839,0.034838904,0.03655169,none
A006339,R04,11396.3,high,none,0.8667173,0.048804227,0.013919116,0.07055939,none
A038182,R08,479.35,low,none,0.9321104,0.005880956,0.034972504,0.027036123,none
A012366,R06,7980.82,high,none,0.97416013,0.004998594,0.004440596,0.016400611,none
A027598,R07,8816.56,high,none,0.9480503,0.0006808596,0.024281729,0.02698715,none
A005571,R04,2003.53,low,dd_stop,0.6282448,0.09472687,0.011445869,0.26558247,none
A005214,R09,8381.5,high,none,0.9463422,0.0352959,0.0039432524,0.014418687,none
A031102,R06,3855.87,low,none,0.9194086,0.017230222,0.03768932,0.025671821,none
A025715,R01,1013.07,low,none,0.9419906,0.011733322,0.025918666,0.020357423,none
A029397,R02,1643.2,low,none,0.8842537,0.006530152,0.005638179,0.10357801,none
A034362,R04,1557.07,low,none,0.8925146,0.049823884,0.037805602,0.01985595,none
A034519,R07,5532.1,high,none,0.91271067,0.05131817,0.012815388,0.023155767,none
A006476,R01,3875.21,low,none,0.95330614,0.02435827,0.0026048347,0.019730726,none
A008181,R05,2391.43,low,none,0.89479285,0.037431285,0.03429693,0.03347892,none
A013030,R09,6037.71,high,none,0.88282186,0.021617765,0.065136455,0.030423895,none
A032101,R06,817.15,low,none,0.8327642,0.08760804,0.06014281,0.01948494,none
A004674,R08,35947.01,high,none,0.9641372,0.004399753,0.0064563416,0.025006717,none
A033007,R07,13390.56,high,none,0.8368409,0.0694193,0.06881557,0.024924185,none
A017234,R01,1826.98,low,none,0.8378006,0.053006962,0.0737051,0.03548724,none
A030769,R04,2929.41,low,none,0.90299046,0.0010909442,0.0499464,0.04597216,none
A038547,R06,1440.07,low,none,0.9364857,0.045216233,0.004345384,0.01395269,none
A002788,R05,12918.34,high,none,0.9385622,0.029918015,0.012258085,0.019261658,none
A026188,R06,2662.97,low,large_withdrawal,0.9344257,0.01611752,0.027979834,0.021476906,none
A003202,R00,7132.87,high,none,0.9124335,0.035096288,0.030416168,0.022054039,none
A034178,R09,3682.54,low,none,0.67463267,0.013262077,0.04979294,0.2623123,none
A038228,R00,5093.14,high,none,0.8771778,0.06473398,0.024892643,0.033195563,none
A039005,R06,11782.14,high,none,0.89461213,0.0008150497,0.024560211,0.080012605,none
A034417,R05,2896.35,low,none,0.95265406,0.010082194,0.0112624895,0.026001273,none
A004048,R00,12129.11,high,none,0.7771078,0.058438294,0.07092138,0.09353258,none
A034119,R02,13141.03,high,none,0.9185758,0.02258145,0.032876052,0.025966655,none
A004839,R02,14024.29,high,none,0.8676301,0.007212679,0.025435474,0.09972169,none
A018924,R06,980.78,low,none,0.9291274,0.03148653,0.021509351,0.017876755,none
A010204,R03,784.3,low,none,0.8481831,0.046599068,0.06588289,0.039334938,none
A033330,R08,11963.34,high,none,0.93084115,0.04263268,0.0071608443,0.019365402,none
A038459,R04,5918.33,high,none,0.8551388,0.07961376,0.042988725,0.022258708,none
A022838,R02,5715.42,high,none,0.90260094,0.03337284,0.043655504,0.020370737,none
A022584,R00,4342.97,low,none,0.94140315,0.00788855,0.021104425,0.029603915,none
A011061,R05,13010.63,high,none,0.95852894,0.018835425,0.0051739137,0.017461743,none
A013710,R04,4105.62,low,none,0.91260165,0.016739562,0.0042782933,0.066380486,none
A027979,R05,15640.84,high,none,0.905936,0.026683664,0.03511618,0.03226412,none
A006509,R04,7297.09,high,none,0.85560334,0.036995266,0.0040842225,0.103317186,none
A011152,R04,5670.88,high,none,0.88003206,0.0135673685,0.009430044,0.09697056,none
A014697,R01,2964.2,low,none,0.8964704,0.043340586,0.033845644,0.026343377,none
A019574,R05,10903.55,high,dormant,0.82645315,0.018403102,0.05049142,0.104652256,none
A028896,R02,2922.73,low,none,0.9274179,0.0157302,0.021174436,0.035677448,none
A023547,R04,2868.98,low,none,0.83394825,0.0012066126,0.046343617,0.11850147,none
A036099,R01,4589.99,low,none,0.6320019,0.020181322,0.008179924,0.33963692,none
A011408,R01,30568.95,high,none,0.9494285,0.022770653,0.011186115,0.016614787,none
A024482,R02,17497.04,high,none,0.9089099,0.04312825,0.022237008,0.025724806,none
A015595,R09,8748.0,high,none,0.94500095,0.0069258707,0.022997942,0.025075195,none
A037567,R09,6171.04,high,none,0.9637876,0.0037333393,0.012504858,0.0199742,none
A015746,R04,2294.63,low,none,0.9279557,0.021005664,0.026748218,0.024290467,none
A034810,R07,1560.92,low,none,0.86312073,0.038153276,0.01710616,0.08161986,none
A012917,R03,18031.87,high,none,0.8601247,0.03423756,0.026290713,0.07934701,none
A001755,R01,8499.53,high,none,0.94345146,0.017686829,0.019287916,0.019573811,none
A039981,R02,2120.2,low,dd_stop,0.9118077,0.04535061,0.025614636,0.017227003,none
A031024,R07,2176.25,low,none,0.7321946,0.010440963,0.087363794,0.17000063,none
A035495,R07,712.52,low,none,0.9647637,0.012142984,0.005585693,0.01750759,none
A007765,R03,1713.87,low,none,0.9318836,0.0029088496,0.023139687,0.042067897,none
A029386,R01,26124.45,high,dormant,0.88421005,0.018230999,0.03666208,0.06089688,none
A028045,R05,1207.57,low,none,0.9090026,0.008319022,0.055384945,0.027293395,none
A009927,R09,3043.31,low,none,0.9258051,0.03808752,0.010554845,0.02555251,none
A005280,R07,452.8,low,none,0.96651,0.015542393,0.0040466995,0.013900937,none
A030607,R02,1343.4,low,none,0.90136063,0.013960819,0.022931073,0.061747484,none
A025889,R06,3600.11,low,none,0.83286047,0.06637743,0.08371255,0.01704958,none
A025372,R04,3311.43,low,none,0.7915337,0.10392215,0.08406784,0.020476257,none
A029048,R01,862.58,low,none,0.92713916,0.03296479,0.01841073,0.021485342,none
A012269,R08,2284.2,low,none,0.9371249,0.0033424287,0.021845518,0.037687097,none
A027193,R03,157.67,low,none,0.9637609,0.0040289313,0.014730516,0.017479612,none
A025468,R09,10032.08,high,none,0.8881939,0.037232313,0.053391505,0.021182215,none
A002031,R01,3621.6,low,large_withdrawal,0.87375456,0.033134587,0.0051958933,0.08791501,none
A014939,R02,32639.35,high,none,0.85377234,0.013087786,0.026912795,0.10622704,none
A026298,R05,8177.2,high,none,0.82215697,0.061507735,0.047986094,0.06834924,none
A022587,R08,1633.57,low,none,0.60347056,0.004903075,0.044092316,0.3475341,none
A015933,R06,7936.77,high,none,0.90636605,0.0008258595,0.01117318,0.081634946,none
A022869,R05,2079.51,low,none,0.92897415,0.028126216,0.01413495,0.028764673,none
A006180,R00,8087.59,high,none,0.96610737,0.010378612,0.002941469,0.02057252,none
A033601,R00,1178.55,low,none,0.8893832,0.025831137,0.0057081804,0.07907747,none
A014852,R06,6047.33,high,none,0.9427185,0.033690363,0.0031639843,0.020427195,none
A029890,R01,3261.91,low,dd_stop,0.8905779,0.022170298,0.047265507,0.03998627,none
A037848,R06,1721.28,low,none,0.9022729,0.031415243,0.008097502,0.058214307,none
A022465,R03,26637.24,high,none,0.95835555,0.014059467,0.003991928,0.02359307,none
A029494,R00,2120.69,low,none,0.8083409,0.11131813,0.023470102,0.056870904,none
A024584,R01,989.46,low,none,0.9161538,0.031391706,0.01492066,0.037533876,none
A003150,R04,3985.13,low,none,0.94001937,0.041945536,0.0055340575,0.012501031,none
A018465,R06,397.07,low,none,0.900857,0.030569537,0.008986958,0.059586495,none
A031680,R08,4366.25,low,none,0.8588894,0.052525945,0.0542435,0.03434113,none
A003971,R02,1098.06,low,none,0.93430233,0.020347232,0.005670327,0.039680183,none
A009249,R05,3230.09,low,none,0.8883419,0.057026517,0.025769705,0.02886185,none
A035958,R08,4356.86,low,none,0.9501191,0.0005833454,0.029299252,0.019998377,none
A003811,R09,4752.85,low,none,0.88597286,0.079848714,0.017110063,0.017068325,none
A023140,R05,886.14,low,none,0.66506773,0.03366236,0.032107085,0.2691628,none
A021627,R03,2054.31,low,none,0.75338185,0.13324219,0.051828705,0.061547272,none
A021448,R02,643.37,low,none,0.9636803,0.0035564972,0.0035711916,0.029191948,none
A001058,R00,17393.97,high,none,0.87852913,0.06131269,0.032688368,0.027469812,none
A003642,R03,3794.17,low,none,0.90405774,0.03529049,0.036627024,0.024024798,none
A016197,R08,24750.48,high,none,0.8851442,0.0053721815,0.024270825,0.08521283,none
A017279,R07,1597.04,low,none,0.84412825,0.08956801,0.04731168,0.01899208,none
A009913,R02,6193.38,high,none,0.9307773,0.010351877,0.029882066,0.028988792,none
A007530,R09,2853.67,low,none,0.9564595,0.011512681,0.0026352978,0.02939255,none
A021483,R03,16043.06,high,none,0.796899,0.14594632,0.035699893,0.021454763,none
A020535,R00,56828.95,high,none,0.7833943,0.038659573,0.046792485,0.13115361,none
A014656,R08,46898.61,high,none,0.8646577,0.004285896,0.08233705,0.048719384,none
A031789,R03,7435.25,high,none,0.9536341,0.022116385,0.0035610986,0.020688456,none
A009163,R05,744.3,low,none,0.77068615,0.017648632,0.011714164,0.19995104,none
A026466,R03,2125.18,low,dd_stop,0.91353744,0.020730933,0.040706005,0.02502561,none
A029622,R07,4836.72,low,none,0.90800166,0.01530863,0.046628706,0.030060936,none
A012251,R01,8591.77,high,none,0.9435627,0.01481596,0.01601103,0.025610292,none
A017354,R07,1573.45,low,none,0.72355485,0.08988443,0.07668675,0.109873936,none
A024251,R04,472.47,low,none,0.94353837,0.018033514,0.016323486,0.022104686,none
A012967,R07,2878.77,low,none,0.94848233,0.0038371736,0.022657951,0.025022537,none
A007308,R08,3339.39,low,none,0.9210311,0.024794731,0.02477043,0.029403728,none
A025841,R06,18736.17,high,none,0.83261716,0.0056151515,0.04317975,0.11858793,none
A005086,R03,573.26,low,none,0.94785666,0.018986158,0.011841385,0.021315768,none
A008963,R03,6042.86,high,none,0.8456451,0.043681588,0.09028644,0.020386772,none
A029623,R04,10882.66,high,dormant,0.7746666,0.10170664,0.02500926,0.09861755,none
A004779,R03,3747.97,low,dormant,0.86251575,0.007020871,0.025144339,0.105319075,none
A009817,R04,15752.04,high,none,0.90082794,0.025465505,0.03982866,0.03387785,none
A017879,R07,6465.84,high,none,0.9679501,0.00081926346,0.010908376,0.02032228,none
A032954,R08,10460.14,high,none,0.9553271,0.013000349,0.014118072,0.017554479,none
A023127,R02,2975.96,low,none,0.9213838,0.031631034,0.017269716,0.029715471,none
A038692,R04,4195.87,low,none,0.7235209,0.010124649,0.018194446,0.24816,none
A023879,R06,3019.03,low,none,0.93718165,0.028979737,0.01226226,0.021576397,none
A004851,R01,3873.54,low,dormant,0.6277581,0.004146565,0.07766385,0.2904315,none
A009509,R02,2682.81,low,none,0.7629842,0.066069044,0.054493334,0.116453394,none
A005513,R07,2269.75,low,none,0.9531857,0.001297122,0.01953396,0.025983218,none
A010395,R07,32496.77,high,dd_stop,0.79954344,0.013327292,0.14955711,0.037572145,none
A029728,R07,27583.14,high,none,0.9320571,0.032997172,0.0073189256,0.027626857,none
A015744,R05,3653.77,low,none,0.9255565,0.049376465,0.011528879,0.013538169,none
A030982,R03,2961.32,low,none,0.89253783,0.00093045953,0.074517526,0.032014154,none
A036272,R04,10591.21,high,none,0.9306523,0.013198796,0.03639803,0.01975086,none
A012381,R02,14868.17,high,large_withdrawal,0.86811703,0.044528518,0.063001215,0.024353178,none
A006640,R04,4840.66,low,none,0.8728521,0.034189366,0.06646196,0.026496543,none
A028774,R06,15114.08,high,dd_stop,0.8823009,0.037995197,0.04383819,0.035865705,none
A023504,R00,10197.95,high,none,0.88563323,0.02213285,0.023551917,0.06868197,none
A024387,R05,1722.97,low,none,0.9157777,0.000802752,0.05178903,0.031630505,none
A001492,R04,3018.38,low,dormant,0.875945,0.010592053,0.022736475,0.09072649,none
A039792,R05,13200.16,high,none,0.9344705,0.01443674,0.032385696,0.018707108,none
A024403,R00,1860.02,low,none,0.8737082,0.057337742,0.040964555,0.027989494,none
A037150,R03,1274.03,low,none,0.8376279,0.040984724,0.016850755,0.104536586,none
A001064,R00,4316.2,low,none,0.8568784,0.061440177,0.005499754,0.07618171,none
A015146,R07,28553.57,high,none,0.9187387,0.05127356,0.008045393,0.021942336,none
A024746,R04,85515.23,high,none,0.940199,0.029083282,0.0077456683,0.022972059,none
A028240,R07,8731.09,high,none,0.88067573,0.031350367,0.048584096,0.039389785,none
A025850,R08,6620.59,high,none,0.86521167,0.0036664305,0.022519642,0.1086022,none
A009683,R00,6831.18,high,dormant,0.95471066,0.019138385,0.009288721,0.016862245,none
A021438,R08,7488.18,high,none,0.8970036,0.04433387,0.034030687,0.02463182,none
A001999,R08,8737.07,high,none,0.89259523,0.023134124,0.024991134,0.05927957,none
A028832,R05,1449.02,low,none,0.9310581,0.043598037,0.0057668034,0.019577032,none
A029344,R03,1195.63,low,none,0.5881809,0.1554214,0.06741281,0.18898492,none
A003254,R03,10284.72,high,none,0.9616559,0.0054709953,0.0042484603,0.028624646,none
A028866,R02,4584.05,low,dd_stop,0.90498567,0.034775477,0.031371757,0.02886711,none
A007444,R01,7358.25,high,dormant,0.88159627,0.05606791,0.0445292,0.017806636,none
A004383,R05,13583.17,high,none,0.89817226,0.010546301,0.027458021,0.0638235,none
A002260,R06,4459.33,low,none,0.78148264,0.045714036,0.04696152,0.12584181,none
A015734,R04,7827.11,high,dormant,0.8591691,0.014561237,0.035133667,0.09113593,none
A033813,R01,22480.34,high,none,0.82767355,0.014105084,0.023076987,0.13514443,none
A020817,R06,2637.64,low,none,0.9456718,0.007496162,0.003238969,0.043593124,none
A016733,R08,44376.59,high,none,0.82463574,0.059576645,0.027640948,0.08814662,none
A018793,R00,24514.87,high,none,0.866925,0.02213532,0.03275746,0.078182235,none
A038456,R07,2185.66,low,none,0.97539514,0.002390914,0.006230386,0.015983569,none
A026788,R04,3548.64,low,none,0.8603197,0.008597853,0.03765935,0.09342309,none
A009430,R01,62212.5,high,dormant,0.83844274,0.0076580686,0.073505506,0.08039365,none
A003522,R05,1734.46,low,none,0.8890316,0.011089683,0.06332882,0.036549874,none
A025006,R05,1196.89,low,none,0.9106556,0.009810242,0.027844854,0.05168933,none
A004757,R06,4637.12,low,none,0.9084345,0.030571075,0.033642676,0.027351698,none
A036536,R03,11944.63,high,none,0.9014999,0.06771832,0.011503745,0.019278003,none
A000159,R06,30550.58,high,none,0.94691634,0.009654696,0.012854845,0.030574152,none
A036039,R07,606.06,low,none,0.9370676,0.019702837,0.017552396,0.025677077,none
A005640,R09,1323.96,low,none,0.94312114,0.0011724628,0.010224535,0.045481853,none
A024212,R06,4146.15,low,none,0.91891885,0.04964694,0.019404659,0.012029597,none
A011074,R01,38822.02,high,none,0.845565,0.02069632,0.025773635,0.107965045,none
A011303,R01,9335.45,high,none,0.88240206,0.07157861,0.024947692,0.02107167,none
A036831,R01,25839.02,high,none,0.965291,0.004943416,0.015033452,0.014732081,none
A009106,R09,6689.67,high,none,0.8487587,0.07683586,0.043408256,0.03099716,none
A016924,R09,3698.94,low,none,0.9174152,0.02710434,0.03420075,0.02127968,none
A006847,R01,11176.94,high,none,0.9600382,0.0010590364,0.014597498,0.024305254,none
A025232,R02,44808.14,high,none,0.89358985,0.033591434,0.03120793,0.041610733,none
A021548,R00,529.49,low,none,0.91922647,0.010903802,0.033346068,0.0365237,none
A026231,R04,1139.76,low,none,0.9529807,0.012843768,0.006043737,0.028131826,none
A009281,R05,3743.8,low,none,0.9505162,0.0037885078,0.014638994,0.031056281,none
A039574,R06,3479.32,low,none,0.9026497,0.007136564,0.049435373,0.04077831,none
A030412,R09,4107.95,low,none,0.87002724,0.007847386,0.030460509,0.09166487,none
A007977,R00,1042.38,low,large_withdrawal,0.88002855,0.06168511,0.029191038,0.02909529,none
A025875,R09,7819.14,high,dormant,0.93394375,0.007151271,0.029311543,0.02959348,none
A039963,R08,3007.19,low,none,0.77218,0.047783688,0.05053364,0.12950262,none
A020835,R07,797.81,low,none,0.94993854,0.015695076,0.01251669,0.021849731,none
A038090,R08,9648.07,high,none,0.9375341,0.033827353,0.012918649,0.015719889,none
A001822,R00,8900.39,high,none,0.94403785,0.028318299,0.004041105,0.023602702,none
A029224,R06,980.1,low,none,0.8935812,0.0344166,0.038584948,0.033417188,none
A025804,R00,1748.07,low,none,0.85938495,0.0041314354,0.055352468,0.081131145,none
A026357,R08,473.69,low,none,0.86877275,0.036535792,0.065539174,0.029152282,none
A033978,R06,1010.02,low,none,0.90412563,0.04641269,0.024824025,0.024637684,none
A011602,R05,2318.92,low,none,0.8676232,0.019818496,0.012400737,0.10015755,none
A002112,R02,2949.19,low,none,0.86161846,0.03364941,0.04388307,0.06084902,none
A026792,R07,1588.28,low,none,0.94965786,0.021542765,0.010548861,0.018250557,none
A034454,R06,2974.77,low,none,0.84806406,0.015618767,0.031860035,0.10445713,none
A030374,R02,7322.92,high,none,0.9321958,0.0200491,0.024247743,0.02350732,none
A017087,R06,1723.64,low,dd_stop,0.8567423,0.08919541,0.033918727,0.020143528,none
A006589,R01,2139.01,low,dormant,0.9160413,0.012543101,0.004373432,0.06704215,none
A029129,R08,1711.74,low,none,0.9075986,0.039315473,0.025395142,0.02769078,none
A004776,R00,2711.16,low,none,0.87719953,0.08368208,0.027350074,0.011768355,none
A033761,R07,1309.75,low,none,0.9313808,0.008011526,0.036579937,0.024027716,none
A037858,R01,3439.56,low,none,0.89333767,0.0086801285,0.07008018,0.027901964,none
A031854,R04,3513.0,low,none,0.8991721,0.022698311,0.04313158,0.034997948,none
A027079,R09,18142.23,high,none,0.82080853,0.020888748,0.074889034,0.083413675,none
A009766,R04,6985.74,high,none,0.9006435,0.001358971,0.06541206,0.032585464,none
A018936,R04,1220.24,low,none,0.79125094,0.051579468,0.06735232,0.08981732,none
A027098,R00,768.2,low,none,0.8720631,0.06732732,0.034737624,0.025871946,none
A021980,R02,3260.17,low,none,0.9071556,0.035570223,0.02898455,0.028289707,none
A005617,R02,3913.64,low,none,0.88349926,0.014621094,0.049594436,0.0522852,none
A028512,R08,8532.06,high,none,0.85386,0.023575751,0.031227568,0.09133665,none
A022460,R05,3179.75,low,none,0.91228765,0.047010828,0.0100557655,0.030645804,none
A015863,R07,34064.99,high,none,0.9042129,0.022964917,0.03195054,0.04087166,none
A019769,R02,5775.83,high,none,0.9191021,0.03881825,0.0048781913,0.037201524,none
A002271,R08,17860.36,high,none,0.9633221,0.014842522,0.003341621,0.018493794,none
A029592,R00,1065.93,low,none,0.82787365,0.13594826,0.0082717445,0.027906332,none
A022147,R00,4597.89,low,none,0.87770045,0.022098416,0.007509095,0.092691995,none
A026857,R07,2622.01,low,dormant,0.92077476,0.007357913,0.0045097335,0.06735762,none
A030290,R00,12415.13,high,none,0.94169617,0.033069067,0.0046163825,0.020618321,none
A008551,R00,29582.01,high,large_withdrawal,0.8945156,0.028864585,0.040968906,0.03565091,none
A003532,R08,5017.99,high,none,0.96506304,0.014244186,0.0029728087,0.01771992,none
A025251,R02,8703.63,high,none,0.88251615,0.006433251,0.0641706,0.04688002,none
A035087,R06,17823.26,high,none,0.9470271,0.015902216,0.017624222,0.01944648,none
A027305,R09,2504.41,low,none,0.8079711,0.07187135,0.08811778,0.032039747,none
A005823,R01,9160.05,high,dormant,0.87417066,0.020978784,0.015046288,0.089804225,none
A001006,R01,2970.36,low,dormant,0.7170399,0.019148398,0.018799048,0.24501267,none
A027693,R01,3753.85,low,none,0.7729778,0.1017572,0.0828624,0.042402633,none
A015448,R07,2566.72,low,none,0.85932773,0.019641312,0.086273335,0.034757648,none
A009954,R03,6612.58,high,none,0.95176613,0.014293344,0.0104317935,0.02350873,none
A020782,R04,12852.42,high,none,0.9410377,0.03850861,0.0038751431,0.016578462,none
A021199,R06,458.38,low,none,0.89074177,0.032020777,0.047570854,0.029666627,none
A013969,R09,2751.45,low,none,0.92152876,0.04063442,0.0139839845,0.02385288,none
A009074,R05,3541.81,low,none,0.6463193,0.0012452,0.029669123,0.32276636,none
A031378,R04,12070.7,high,none,0.89649063,0.044137754,0.03514406,0.024227567,none
A014249,R00,7371.93,high,none,0.8422275,0.012424527,0.051556855,0.09379113,none
A034205,R09,40043.11,high,none,0.8876412,0.0007394093,0.07864733,0.03297205,none
A007558,R01,33798.51,high,none,0.89141953,0.029629683,0.0390275,0.03992332,none
A028589,R07,3414.51,low,none,0.9399365,0.012365658,0.013441625,0.03425625,none
A019921,R09,3228.41,low,none,0.82765925,0.05620684,0.07246732,0.0436666,none
A013791,R02,7803.42,high,none,0.9285535,0.019828523,0.03130106,0.020316875,none
A026886,R02,4087.66,low,none,0.87585235,0.0058162455,0.01999002,0.09834136,none
A020160,R00,21372.2,high,none,0.8626621,0.050198767,0.036527302,0.050611846,none
A005830,R08,1684.6,low,none,0.9272505,0.008602622,0.018904014,0.04524286,none
A015020,R05,1047.87,low,dd_stop,0.9280157,0.023640934,0.026705908,0.021637397,none
A005226,R02,1724.3,low,none,0.941954,0.01709486,0.019046111,0.02190507,none
A018621,R01,5685.82,high,none,0.85445666,0.024518842,0.015784405,0.10524011,none
A006112,R06,2660.4,low,none,0.79738563,0.049055632,0.075344466,0.07821427,none
A026207,R00,5156.01,high,none,0.8793744,0.04043437,0.054893635,0.02529764,none
A020901,R07,7343.02,high,none,0.8443895,0.029676214,0.10192317,0.024011064,none
A034456,R03,430.94,low,none,0.87442607,0.072197534,0.03755211,0.0158243,none
A000869,R06,4583.57,low,none,0.9271991,0.016024368,0.009544031,0.047232505,none
A038700,R09,4264.85,low,none,0.8492865,0.044647228,0.053204205,0.052862093,none
A035410,R01,10895.39,high,none,0.8662275,0.03374525,0.0043376703,0.09568956,none
A010745,R06,4714.8,low,none,0.927563,0.028477542,0.012991193,0.03096824,none
A004089,R03,3541.57,low,none,0.8878807,0.064775795,0.03154824,0.015795236,none
A020110,R02,6234.18,high,dormant,0.71509963,0.0065139006,0.017574454,0.260812,none
A000971,R04,1693.27,low,none,0.9181405,0.03296853,0.019913962,0.028977033,none
A024452,R00,29391.74,high,none,0.94063276,0.009660536,0.017617038,0.03208971,none
A017409,R02,3299.19,low,none,0.9416942,0.024584321,0.0023900494,0.0313314,none
A003868,R01,7188.69,high,none,0.88358384,0.024020381,0.0059177233,0.08647808,none
A020418,R02,1159.71,low,none,0.91697747,0.044958647,0.015407788,0.022656078,none
A009435,R03,701.38,low,none,0.90101236,0.009923757,0.061107967,0.027955882,none
A025612,R04,815.43,low,dormant,0.78301334,0.05937768,0.0541035,0.103505515,none
A016313,R00,21408.79,high,none,0.8702817,0.06523046,0.041593075,0.022894705,none
A032496,R01,9727.58,high,none,0.8342022,0.087808244,0.05482447,0.02316508,none
A033925,R00,5634.64,high,none,0.85609984,0.04449821,0.010003571,0.08939838,none
A039446,R04,29366.47,high,none,0.9457414,0.01451982,0.004784947,0.03495381,none
A005854,R00,51654.04,high,none,0.87138146,0.074385375,0.026006768,0.02822643,none
A019930,R00,9272.19,high,dormant,0.6599443,0.019028125,0.042406593,0.278621,none
A023094,R08,4386.97,low,dormant,0.110268995,0.010631451,0.020930856,0.8581687,dormant
A038335,R02,51292.72,high,none,0.5834633,0.04524313,0.2340128,0.13728072,none
A022324,R05,11662.44,high,none,0.8952838,0.059702296,0.029194914,0.015819006,none
A017334,R06,1302.94,low,dormant,0.9527444,0.010278542,0.004282066,0.032694925,none
A007957,R05,8281.43,high,none,0.8690874,0.07067859,0.03783857,0.022395415,none
A036019,R08,2434.98,low,none,0.6744967,0.02162942,0.054394796,0.24947913,none
A026523,R01,5655.54,high,none,0.8791177,0.00928598,0.013624548,0.09797175,none
A033775,R04,1901.45,low,none,0.89561254,0.024396926,0.044643972,0.035346612,none
A023722,R03,627.68,low,none,0.8740822,0.024386274,0.07345838,0.02807316,none
A009955,R00,854.05,low,none,0.86297977,0.052837394,0.054075606,0.030107167,none
A024550,R06,7023.64,high,none,0.93677527,0.03251586,0.01522276,0.015486095,none
A024229,R05,1592.9,low,none,0.95558643,0.012939037,0.0029259953,0.028548557,none
A015675,R04,873.3,low,none,0.922585,0.0043965066,0.036287893,0.03673054,none
A016160,R05,14071.55,high,none,0.97092617,0.00065051223,0.0058750585,0.022548227,none
A014172,R09,5704.34,high,none,0.81381816,0.013912208,0.08684357,0.08542604,none
A036176,R05,5217.87,high,none,0.8807682,0.027136018,0.0037961,0.08829965,none
A023464,R03,11865.18,high,none,0.9102702,0.056784034,0.017404271,0.015541524,none
A031407,R09,2248.31,low,none,0.77354026,0.047050074,0.06271132,0.11669833,none
A039490,R03,83277.9,high,none,0.7925237,0.09040128,0.09301066,0.024064414,none
A030608,R08,9828.93,high,none,0.8251397,0.10531337,0.038929366,0.030617548,none
A034621,R00,483.09,low,none,0.8421986,0.033670466,0.030186748,0.09394414,none
A019049,R06,11237.67,high,none,0.94690084,0.0014186373,0.00602703,0.045653503,none
A010955,R01,53548.9,high,none,0.80104136,0.012720657,0.017167533,0.16907041,none
A024549,R05,1853.63,low,none,0.8402334,0.056491796,0.026097806,0.077176966,none
A008247,R00,2670.62,low,none,0.82136893,0.0011803417,0.09331723,0.08413348,none
A032530,R02,8772.11,high,none,0.8374424,0.07134182,0.07087674,0.020339044,none
A031714,R05,2447.68,low,none,0.91224706,0.006297167,0.0046541723,0.07680156,none
A031768,R03,3624.14,low,none,0.9427168,0.0048958273,0.013216138,0.03917124,none
A039932,R05,356.75,low,none,0.9110555,0.04010052,0.023641987,0.02520204,none
A004121,R09,26282.39,high,none,0.87824804,0.02869012,0.0049136095,0.088148214,none
A038492,R00,731.68,low,dormant,0.61986804,0.076615386,0.055695172,0.24782138,none
A010868,R09,1045.27,low,none,0.8833751,0.0203668,0.06851161,0.027746469,none
A009786,R05,7450.54,high,none,0.8796082,0.0071005085,0.011907018,0.101384245,none
A025038,R01,3108.78,low,none,0.913156,0.027455954,0.027501388,0.0318867,none
A002561,R04,4018.45,low,none,0.92158353,0.035351608,0.022108154,0.020956678,none
A032346,R01,4257.72,low,none,0.94396347,0.0064103897,0.019131975,0.030494144,none
A003634,R05,5447.38,high,none,0.94441295,0.021587325,0.005611637,0.028388115,none
A034771,R02,1585.53,low,none,0.79427385,0.008481481,0.064670235,0.13257445,none
A008777,R03,5367.64,high,none,0.8782662,0.010684957,0.021039868,0.09000893,none
A017153,R04,16247.05,high,none,0.9295555,0.038446903,0.0038813732,0.028116237,none
A030975,R03,16598.55,high,none,0.9518232,0.011914429,0.0085949795,0.027667372,none
A022870,R04,3861.45,low,none,0.75610906,0.063338734,0.074927,0.10562522,none
A022680,R08,4996.59,high,large_withdrawal,0.9618151,0.01916675,0.004476105,0.014542016,none
A002803,R05,8537.53,high,none,0.9554639,0.0009988724,0.009451586,0.034085646,none
A027574,R07,34707.5,high,none,0.94867635,0.011402109,0.0069898055,0.032931708,none
A009217,R09,17130.91,high,none,0.91025746,0.03500317,0.032821596,0.021917725,none
A033850,R05,14360.86,high,none,0.96732974,0.0047691595,0.005560981,0.022340108,none
A030159,R04,1764.37,low,none,0.89599556,0.0069814646,0.0073380666,0.089684896,none
A019497,R02,835.73,low,none,0.89674807,0.058487337,0.024198044,0.020566564,none
A022986,R02,3792.07,low,none,0.8739606,0.046873678,0.053467132,0.025698524,none
A018948,R07,11045.13,high,none,0.8371576,0.07724688,0.058126673,0.027468815,none
A030781,R01,2365.74,low,none,0.6453988,0.031704362,0.0069471756,0.31594965,none
A036939,R03,63164.44,high,none,0.8657966,0.022109885,0.009526397,0.10256716,none
A033251,R01,1245.72,low,none,0.8632371,0.010888647,0.036893897,0.088980414,none
A006739,R09,5024.88,high,none,0.84690374,0.02622362,0.03582287,0.0910498,none
A005301,R03,3252.9,low,none,0.9430044,0.038247045,0.0070293862,0.011719114,none
A036698,R04,9046.11,high,none,0.9278906,0.018383171,0.015150965,0.03857523,none
A028673,R08,2703.81,low,none,0.8079929,0.082519785,0.07076564,0.03872166,none
A016300,R06,856.95,low,none,0.8226693,0.00179325,0.04328045,0.132257,none
A015396,R04,4486.81,low,dormant,0.32673055,0.018514886,0.044547465,0.6102071,dormant
A008281,R09,5789.43,high,none,0.9333986,0.02547031,0.024416283,0.016714824,none
A000746,R03,5462.16,high,dormant,0.81071794,0.031059757,0.035236977,0.122985326,none
A037874,R08,7141.57,high,none,0.901815,0.022009222,0.053066928,0.02310883,none
A003333,R00,4027.13,low,none,0.85662955,0.04083927,0.07044938,0.032081783,none
A032639,R02,22761.11,high,none,0.8425114,0.07150966,0.03906049,0.046918485,none
A017889,R08,32969.79,high,none,0.92925245,0.021737242,0.021394746,0.027615588,none
A022306,R05,3525.65,low,none,0.80885357,0.07061748,0.084731475,0.035797488,none
A002812,R06,3042.57,low,none,0.9493992,0.0156162195,0.011958924,0.02302572,none
A016170,R08,11121.76,high,dormant,0.8729817,0.020956136,0.01162652,0.094435565,none
A018392,R03,15665.22,high,large_withdrawal,0.816099,0.027226033,0.012413999,0.144261,none
A031120,R09,3452.54,low,none,0.8484777,0.009935681,0.055314124,0.086272515,none
A005626,R02,3595.07,low,dormant,0.5881158,0.029508648,0.023805076,0.35857052,none
A035450,R03,26739.76,high,none,0.9207006,0.040951665,0.007655789,0.030691942,none
A015312,R06,1273.08,low,none,0.95659965,0.0015963546,0.019232571,0.022571398,none
A030230,R08,521.5,low,none,0.9614972,0.0065025394,0.0073125362,0.02468771,none
A003284,R00,14549.32,high,none,0.8778631,0.0381605,0.04310097,0.04087544,none
A030560,R09,23243.51,high,none,0.88402,0.016076094,0.055791326,0.044112626,none
A030802,R02,1125.89,low,none,0.90827155,0.031122603,0.03356826,0.027037587,none
A031791,R06,2527.32,low,none,0.84810317,0.094637334,0.034555547,0.022703929,none
A039706,R02,13783.49,high,none,0.919659,0.03544178,0.014479475,0.030419689,none
A013083,R00,3988.98,low,none,0.8635668,0.023709143,0.06800698,0.04471707,none
A034938,R04,2214.62,low,none,0.83058083,0.0150561705,0.062279243,0.09208374,none
A001101,R07,9358.3,high,none,0.8376312,0.054411698,0.036683816,0.07127324,none
A023250,R03,58884.22,high,none,0.964817,0.015410123,0.0019800563,0.017792866,none
A020660,R03,3990.77,low,none,0.86571026,0.023490952,0.0049814973,0.10581729,none
A031059,R06,697.63,low,none,0.87808466,0.01605094,0.07572642,0.030137938,none
A035832,R02,1225.19,low,none,0.85206026,0.040009573,0.06859598,0.039334167,none
A002164,R02,1891.9,low,none,0.9506028,0.02236446,0.006259131,0.02077358,none
A034116,R05,27457.07,high,none,0.9100442,0.00976658,0.0051946794,0.07499453,none
A020249,R07,15581.4,high,none,0.8986885,0.017080266,0.00784716,0.07638414,none
A037196,R04,3697.6,low,dd_stop,0.9200041,0.045111086,0.011609285,0.023275439,none
A039291,R00,2045.74,low,none,0.9126537,0.022429464,0.0048367996,0.060080066,none
A028704,R09,5252.71,high,none,0.88205975,0.042165156,0.040310424,0.03546469,none
A000177,R02,30019.53,high,none,0.90031254,0.008006048,0.0048856568,0.08679571,none
A004978,R04,22476.38,high,none,0.8834143,0.008390281,0.03831618,0.06987927,none
A027105,R01,7838.38,high,none,0.94055384,0.028144442,0.005552613,0.02574904,none
A022433,R03,1453.2,low,none,0.93391705,0.010919085,0.029852793,0.02531109,none
A018684,R03,5286.86,high,none,0.9764272,0.0006483972,0.004010112,0.018914305,none
A009347,R01,2309.92,low,none,0.79038,0.12188147,0.060076322,0.027662193,none
A031439,R09,5711.41,high,dormant,0.9202171,0.05135937,0.007266171,0.021157308,none
A029528,R06,6462.34,high,none,0.9103551,0.031910695,0.02799543,0.0297388,none
A013736,R08,9183.84,high,none,0.8289201,0.013788588,0.04649253,0.11079873,none
A008085,R08,10214.8,high,none,0.87653524,0.03631731,0.059490517,0.027656948,none
A019209,R05,3927.31,low,none,0.9383244,0.0006529587,0.020401897,0.04062079,none
A033371,R08,3108.85,low,none,0.84071696,0.0158975,0.050598986,0.092786536,none
A028234,R01,6570.02,high,none,0.87902576,0.015807576,0.03878533,0.06638133,none
A037342,R05,14283.44,high,none,0.86390847,0.0913654,0.014785179,0.029940946,none
A018437,R06,249.53,low,none,0.9217138,0.002219401,0.042189296,0.033877462,none
A033125,R06,4095.41,low,none,0.89870465,0.055878524,0.021281762,0.024135085,none
A001460,R04,3701.4,low,none,0.7613222,0.011885555,0.022212539,0.20457973,none
A021053,R03,2411.82,low,none,0.9638311,0.014029492,0.0037072562,0.018432075,none
A011841,R01,5532.13,high,none,0.8471613,0.09039237,0.042683564,0.019762756,none
A021849,R06,70478.26,high,dd_stop,0.80560493,0.012734741,0.025367936,0.15629236,none
A005718,R09,14511.25,high,dormant,0.8583845,0.021367716,0.041006356,0.07924141,none
A017554,R07,2719.05,low,none,0.96509993,0.0016124169,0.007667026,0.025620611,none
A005051,R06,8467.93,high,none,0.81779355,0.015343089,0.06580868,0.10105468,none
A029886,R01,5820.79,high,none,0.97168046,0.0011304971,0.006911048,0.020277934,none
A028634,R06,6204.93,high,none,0.7219902,0.010552238,0.0332422,0.23421538,none
A019979,R06,1119.73,low,none,0.8406061,0.013521478,0.038072582,0.10779983,none
A025188,R03,3613.42,low,none,0.9412463,0.018999128,0.011859649,0.027894927,none
A026360,R07,18413.19,high,none,0.8055821,0.04361565,0.101994835,0.04880742,none
A017999,R04,4185.24,low,none,0.92119,0.05384094,0.0072641075,0.01770495,none
A028323,R08,16502.15,high,none,0.8286669,0.089156,0.056042876,0.026134163,none
A015377,R02,2846.45,low,none,0.94231135,0.008200253,0.020231435,0.029256985,none
A037656,R03,19995.99,high,none,0.9439975,0.01419211,0.011896134,0.02991427,none
A015929,R08,12767.84,high,none,0.8747431,0.0343116,0.06906942,0.021875888,none
A033588,R04,7141.79,high,none,0.9562034,0.0007865368,0.023919474,0.019090565,none
A002072,R03,3056.5,low,none,0.8200867,0.0553735,0.08989425,0.034645546,none
A033376,R03,59282.63,high,none,0.8435577,0.009402075,0.0052367346,0.14180347,none
A000060,R05,21558.29,high,none,0.9694592,0.010445719,0.0046578124,0.015437344,none
A009225,R07,5210.94,high,none,0.9230845,0.011318262,0.0052643945,0.06033287,none
A030771,R09,1068.1,low,dormant,0.9629849,0.007402794,0.008474792,0.021137489,none
A027224,R08,4910.63,low,none,0.86998606,0.08095521,0.035082713,0.013976048,none
A039451,R08,18387.75,high,none,0.91348267,0.024621846,0.03679133,0.025104212,none
A002291,R01,7504.51,high,none,0.8468457,0.0012843054,0.12501894,0.02685105,none
A027928,R07,1538.17,low,none,0.9399166,0.0065110927,0.029797789,0.023774583,none
A012449,R02,17030.09,high,none,0.8708209,0.016802311,0.03185603,0.080520734,none
A029376,R00,31078.49,high,large_withdrawal,0.8511704,0.032529753,0.023238279,0.09306155,none
A037916,R06,149.74,low,none,0.9130597,0.0031489923,0.019431505,0.06435977,none
A022161,R01,23745.51,high,none,0.93548924,0.02610962,0.0068626427,0.0315385,none
A009589,R01,8408.05,high,dormant,0.65078384,0.0013081661,0.07211602,0.275792,none
A032734,R01,41381.81,high,none,0.9215335,0.008015665,0.010445295,0.060005557,none
A030679,R07,29579.56,high,none,0.9364601,0.03878369,0.006572377,0.018183865,none
A027135,R03,7859.64,high,none,0.89606696,0.026091475,0.035046156,0.0427954,none
A024048,R04,9559.96,high,none,0.8620191,0.04762531,0.06269263,0.02766293,none
A008211,R06,3379.97,low,large_withdrawal,0.89410573,0.012278394,0.0053249854,0.08829088,none
A015539,R03,2015.79,low,none,0.8633219,0.04424845,0.063323215,0.02910641,none
A009326,R08,7965.05,high,none,0.96176547,0.01290316,0.007841937,0.01748942,none
A038421,R00,4053.43,low,large_withdrawal,0.8624245,0.06888815,0.040459055,0.028228305,none
A022013,R09,3248.37,low,none,0.9283708,0.0118673695,0.033344015,0.026417844,none
A031320,R07,1074.7,low,none,0.9635939,0.017047482,0.0036245387,0.015734116,none
A014200,R00,7482.56,high,none,0.87837106,0.028038444,0.0056186905,0.08797178,none
A026517,R04,4412.01,low,none,0.84060436,0.09109499,0.037901584,0.030399006,none
A008190,R07,4085.23,low,none,0.891177,0.040827055,0.032394648,0.03560134,none
A010662,R02,3705.58,low,none,0.92620236,0.025146745,0.016140027,0.032510944,none
A007731,R05,2533.31,low,none,0.92194176,0.009981171,0.03949297,0.028584076,none
A032001,R04,11497.5,high,none,0.91915166,0.05189835,0.006863419,0.022086592,none
A014869,R00,1971.14,low,none,0.86010796,0.028634483,0.069233984,0.042023562,none
A030145,R02,54212.32,high,none,0.9279297,0.017058987,0.0035909005,0.05142044,none
A005266,R08,33889.45,high,none,0.92055255,0.019320402,0.025400672,0.034726333,none
A010324,R01,6517.1,high,none,0.8509494,0.01594103,0.040740162,0.09236939,none
A037497,R09,2012.91,low,none,0.8971258,0.003124885,0.05802314,0.041726194,none
A012114,R06,14849.68,high,dormant,0.9714319,0.0007734622,0.006078958,0.021715699,none
A010231,R08,5797.93,high,dormant,0.87371415,0.017305732,0.012337757,0.09664242,none
A011563,R00,2936.85,low,none,0.93032277,0.010070672,0.037790287,0.02181627,none
A007463,R07,3970.41,low,none,0.878306,0.05021451,0.041981686,0.02949786,none
A039352,R09,6413.32,high,none,0.7922718,0.010811663,0.005027528,0.191889,none
A005970,R01,7744.99,high,none,0.9114301,0.035748467,0.029423224,0.023398187,none
A010508,R01,3302.95,low,none,0.9158191,0.03743355,0.0145221315,0.032225218,none
A031052,R06,5806.67,high,none,0.8815276,0.003402707,0.0038371156,0.11123251,none
A001870,R08,5475.05,high,none,0.96292526,0.016665153,0.0040094936,0.016400144,none
A038486,R05,8067.36,high,none,0.9221527,0.005301773,0.046243552,0.026302034,none
A016345,R05,15413.53,high,none,0.64565045,0.014896511,0.041265465,0.2981876,none
A008069,R04,7797.23,high,none,0.9114898,0.015604424,0.003186127,0.06971967,none
A008001,R09,1685.12,low,none,0.79891026,0.097795166,0.06878468,0.034509886,none
A008928,R03,715.57,low,none,0.94346756,0.028443307,0.011151221,0.01693788,none
A030434,R06,19630.5,high,large_withdrawal,0.7063091,0.039361555,0.023832621,0.23049678,none
A023336,R08,27694.08,high,none,0.9482682,0.020428592,0.010865676,0.020437567,none
A008812,R05,11975.42,high,none,0.94796354,0.020654455,0.002625282,0.028756754,none
A034721,R06,455.29,low,none,0.88632154,0.032349735,0.0048516504,0.076477066,none
A021984,R03,8068.76,high,none,0.8852859,0.025074033,0.066878386,0.02276166,none
A039465,R01,2822.31,low,none,0.9650162,0.006139309,0.004484407,0.024360124,none
A022731,R01,5393.52,high,large_withdrawal,0.8593244,0.07657397,0.03946111,0.024640502,none
A026866,R07,4583.07,low,none,0.87487054,0.017260762,0.032146152,0.07572254,none
A031617,R05,1042.36,low,none,0.94713074,0.013359855,0.018829139,0.020680336,none
A016156,R09,8794.48,high,none,0.9125834,0.00581611,0.043989673,0.037610803,none
A026868,R09,2649.66,low,none,0.9692029,0.010118601,0.0044102953,0.016268192,none
A005057,R02,5493.97,high,none,0.9224166,0.0484751,0.008360699,0.020747585,none
A032343,R01,3423.76,low,none,0.93882775,0.00697448,0.019245205,0.03495261,none
A034250,R01,1472.17,low,none,0.9655083,0.009256767,0.0042465813,0.020988435,none
A026545,R09,2602.37,low,none,0.9448759,0.020312486,0.006977291,0.027834384,none
A031427,R04,13535.28,high,none,0.9365159,0.016773399,0.01188717,0.034823555,none
A023485,R03,9409.03,high,dd_stop,0.84130317,0.010801763,0.0059378375,0.14195725,none
A025695,R01,2152.95,low,none,0.945344,0.0059896642,0.0207376,0.027928727,none
A004503,R03,12434.55,high,large_withdrawal,0.90190774,0.015106078,0.05603939,0.026946817,none
A027543,R02,15442.48,high,none,0.7298563,0.011316208,0.0037540663,0.25507343,none
A034433,R02,8077.53,high,none,0.8359306,0.0144476555,0.014000859,0.13562085,none
A019762,R01,7866.93,high,none,0.66391873,0.019182684,0.045888484,0.27101007,none
A039411,R03,10884.04,high,none,0.9113249,0.061762493,0.006477452,0.020435175,none
A017329,R06,9097.47,high,none,0.8579071,0.021590762,0.041242037,0.07926012,none
A028672,R07,11405.26,high,none,0.9313867,0.021926876,0.020850759,0.025835657,none
A032622,R05,16662.27,high,none,0.74663687,0.028457925,0.11513496,0.10977025,none
A034714,R08,2716.7,low,none,0.93477833,0.011271729,0.024805268,0.029144648,none
A037918,R01,13121.03,high,dormant,0.85946447,0.027707085,0.04593166,0.0668968,none
A003220,R07,633.85,low,none,0.8973042,0.0047588926,0.02245668,0.07548028,none
A029150,R03,13962.29,high,none,0.8600644,0.039520375,0.07289633,0.02751891,none
A021179,R07,2453.55,low,none,0.96522975,0.014732614,0.0025470983,0.017490499,none
A036950,R05,6708.56,high,none,0.8980293,0.0011681471,0.06484867,0.035953823,none
A010303,R00,7601.73,high,large_withdrawal,0.8702331,0.07773627,0.034638435,0.01739213,none
A022736,R03,435.7,low,none,0.8289919,0.09029752,0.05348557,0.027224973,none
A035810,R02,9709.6,high,none,0.90228355,0.0009431079,0.053987633,0.04278573,none
A038648,R02,890.58,low,none,0.9019899,0.021451676,0.045596104,0.030962298,none
A035575,R04,7185.17,high,none,0.7700606,0.07686003,0.0070243077,0.14605509,none
A026400,R07,6603.24,high,none,0.800541,0.08380937,0.09301689,0.022632748,none
A015308,R09,4554.37,low,none,0.8600526,0.021918815,0.021407096,0.09662152,none
A000137,R01,3176.65,low,none,0.9090388,0.027717704,0.035269454,0.027974073,none
A015317,R05,9524.39,high,none,0.92200917,0.009608146,0.018747639,0.049635056,none
A034039,R05,5077.91,high,none,0.9464007,0.02049581,0.005315767,0.027787685,none
A037176,R09,15982.21,high,none,0.9048694,0.03179188,0.03852324,0.02481548,none
A025217,R03,3523.65,low,none,0.9252395,0.03276796,0.017620305,0.024372255,none
A004197,R08,7344.81,high,none,0.90168273,0.0014021891,0.06330879,0.033606287,none
A008177,R03,75693.57,high,none,0.81120795,0.008879141,0.017503351,0.16240959,none
A015655,R05,9036.85,high,none,0.95036954,0.012025276,0.0063379416,0.03126719,none
A016685,R02,6314.68,high,none,0.82107234,0.037929285,0.016503867,0.12449449,none
A001972,R04,6063.08,high,none,0.90866125,0.04772002,0.0043496373,0.039269075,none
A034791,R06,522.47,low,none,0.961346,0.010716129,0.004533135,0.023404699,none
A025494,R09,1835.91,low,none,0.8857066,0.01885488,0.014659798,0.0807787,none
A006687,R01,10757.45,high,none,0.86474156,0.06684329,0.03565021,0.032764923,none
A005315,R02,6923.9,high,none,0.8924701,0.007151836,0.023047155,0.077330865,none
A002275,R01,24651.16,high,none,0.8545538,0.04106829,0.0794016,0.024976281,none
A025061,R07,7564.63,high,none,0.92455536,0.0042820633,0.035179283,0.03598335,none
A002237,R08,1005.84,low,none,0.90417224,0.03810332,0.03101047,0.026713952,none
A016248,R02,779.19,low,large_withdrawal,0.6159072,0.048694093,0.053387474,0.28201124,none
A005272,R06,5804.11,high,none,0.91806984,0.028110983,0.022943364,0.030875858,none
A017717,R07,11680.79,high,none,0.917114,0.049450345,0.01571799,0.0177177,none
A011852,R08,1450.54,low,none,0.937665,0.013771679,0.017922942,0.03064034,none
A005014,R01,9248.2,high,none,0.9069553,0.0042997436,0.06637749,0.022367531,none
A028126,R07,35360.52,high,large_withdrawal,0.9406025,0.013006341,0.0108529385,0.03553827,none
A000226,R01,3469.93,low,none,0.8674998,0.009777329,0.02345268,0.0992702,none
A020642,R09,415.1,low,none,0.9705551,0.007318808,0.0034342238,0.018691866,none
A036523,R01,2161.39,low,none,0.8794764,0.077019475,0.025249017,0.018255066,none
A006324,R04,238.78,low,none,0.8362817,0.0051572304,0.01975855,0.13880253,none
A020967,R02,24283.29,high,none,0.9187719,0.02519856,0.037541084,0.018488478,none
A002688,R05,5310.66,high,dd_stop,0.85133004,0.04770011,0.015108047,0.08586182,none
A012854,R00,17059.1,high,none,0.9278275,0.041720413,0.007923371,0.022528755,none
A019275,R07,3122.19,low,none,0.716665,0.047224022,0.005701795,0.23040918,none
A028908,R07,3448.17,low,none,0.92636555,0.03459001,0.0125372335,0.026507156,none
A007573,R07,10956.93,high,none,0.9046372,0.02824737,0.047637172,0.019478222,none
A016205,R00,2256.01,low,none,0.8941528,0.0224465,0.02111133,0.062289342,none
A033155,R08,1174.87,low,none,0.8893524,0.022501612,0.057376318,0.030769708,none
A032356,R08,749.9,low,dd_stop,0.7959946,0.05060016,0.06419153,0.08921369,none
A021834,R08,5164.29,high,none,0.8134984,0.01795717,0.058392454,0.11015201,none
A002102,R06,10789.72,high,none,0.88522315,0.06742293,0.031022582,0.01633138,none
A038608,R07,122724.89,high,none,0.95379186,0.014759197,0.013562161,0.017886812,none
A008795,R05,7794.36,high,none,0.94965047,0.021101702,0.016105581,0.013142316,none
A001572,R03,5863.99,high,none,0.8712334,0.0108522745,0.011585152,0.10632915,none
A033890,R03,3259.11,low,none,0.9664446,0.010006318,0.0054741977,0.018074835,none
A029549,R01,2789.84,low,none,0.9141945,0.019086344,0.03860391,0.028115178,none
A023888,R03,39419.78,high,none,0.86854255,0.026976129,0.015856551,0.08862475,none
A011933,R08,13527.72,high,none,0.6929217,0.011179062,0.019458486,0.27644074,none
A018854,R04,2158.85,low,large_withdrawal,0.9023085,0.027555238,0.033948395,0.036187828,none
A015918,R04,1511.04,low,none,0.9102153,0.0069671385,0.017527971,0.06528962,none
A017768,R03,59652.55,high,dormant,0.87228304,0.07160647,0.035320986,0.020789504,none
A006222,R08,3893.48,low,none,0.8908265,0.038170315,0.030548314,0.040454797,none
A000229,R06,7259.09,high,none,0.94411075,0.022232056,0.005277875,0.02837929,none
A031857,R09,26521.18,high,none,0.8955476,0.01636441,0.05540254,0.032685466,none
A022881,R04,1676.07,low,none,0.9209692,0.0009369092,0.043339588,0.03475429,none
A014982,R02,3287.72,low,none,0.8957021,0.047451884,0.031975795,0.024870157,none
A019642,R06,9287.08,high,none,0.89755297,0.01893296,0.05403514,0.029478911,none
A002371,R01,1923.98,low,none,0.8969458,0.039588463,0.033913013,0.029552782,none
A030940,R07,1119.98,low,none,0.885506,0.07859882,0.018152904,0.01774229,none
A035948,R04,4279.66,low,large_withdrawal,0.9024179,0.0425533,0.028040117,0.026988693,none
A009734,R09,4121.89,low,none,0.86777604,0.039395098,0.06401633,0.028812524,none
A004763,R08,355.41,low,none,0.90281165,0.042182922,0.030189635,0.024815792,none
A015805,R08,4855.37,low,none,0.9055207,0.011663976,0.05660631,0.026208974,none
A021577,R04,2972.81,low,none,0.85867095,0.020432532,0.008850245,0.112046234,none
A003808,R00,808.64,low,none,0.9695562,0.007454312,0.0060407,0.016948767,none
A025398,R07,14264.11,high,none,0.9037255,0.047353793,0.02074583,0.028174907,none
A022953,R07,2040.47,low,dormant,0.92386425,0.046925705,0.0076639396,0.02154614,none
A028350,R05,3892.44,low,none,0.9567179,0.0025628381,0.0054808385,0.035238408,none
A019618,R02,9196.81,high,none,0.92025435,0.04149585,0.020331938,0.017917823,none
A001599,R08,1145.53,low,none,0.91032445,0.037411176,0.0285457,0.02371872,none
A026398,R00,5109.43,high,dormant,0.71276397,0.013215561,0.025832959,0.24818757,none
A036270,R02,17900.94,high,none,0.90529925,0.037312046,0.03477405,0.02261466,none
A031017,R01,4062.72,low,dormant,0.6056109,0.02350408,0.020755574,0.35012943,none
A035565,R03,6198.3,high,none,0.8501917,0.040867835,0.005181894,0.10375856,none
A037620,R06,75042.2,high,none,0.9577259,0.009656329,0.0052893115,0.027328439,none
A039785,R06,5011.16,high,dd_stop,0.9350093,0.001642341,0.034303673,0.029044665,none
A006184,R04,3067.76,low,none,0.85843736,0.05662385,0.05567307,0.029265692,none
A034691,R03,1950.69,low,none,0.96892506,0.01366729,0.0045855325,0.012822198,none
A015629,R07,2210.38,low,none,0.8406402,0.08892079,0.05012957,0.020309482,none
A021354,R06,4092.82,low,none,0.8904138,0.009762249,0.066428445,0.033395518,none
A026358,R03,19285.54,high,none,0.7918911,0.02333132,0.07821159,0.10656594,none
A011477,R06,39963.81,high,none,0.9103348,0.009551379,0.018947434,0.061166305,none
A012573,R08,7740.9,high,none,0.945545,0.023958346,0.010434506,0.020062065,none
A039276,R01,5516.26,high,none,0.7868245,0.034008734,0.07357125,0.10559551,none
A027683,R09,17986.25,high,none,0.85705286,0.009743942,0.017580274,0.115622886,none
A003107,R07,4418.5,low,large_withdrawal,0.92606777,0.02694822,0.030940343,0.016043616,none
A015737,R03,4146.93,low,none,0.83678174,0.029308394,0.04973964,0.08417025,none
A022685,R00,5569.77,high,none,0.9017524,0.00092294003,0.06891465,0.028410016,none
A012587,R08,5098.95,high,none,0.88126755,0.029869344,0.05762752,0.031235512,none
A036448,R06,72391.71,high,none,0.919736,0.03694375,0.022221355,0.021098875,none
A018284,R09,5697.97,high,none,0.92524034,0.027643442,0.0132351965,0.033880997,none
A036695,R06,15411.31,high,dd_stop,0.90936345,0.017422602,0.05197277,0.021241162,none
A034144,R04,5567.57,high,none,0.97270525,0.0013379091,0.0050791427,0.020877752,none
A030823,R04,3775.4,low,none,0.76409864,0.06932027,0.03762383,0.12895729,none
A019919,R08,3916.51,low,none,0.8114593,0.09188431,0.06569912,0.030957315,none
A028808,R06,3020.72,low,none,0.87890226,0.00877778,0.015972985,0.09634698,none
A026824,R09,2151.64,low,none,0.88977534,0.02320405,0.049025133,0.037995428,none
A032119,R03,1019.63,low,none,0.71064556,0.028783826,0.019657483,0.24091315,none
A007783,R07,13921.74,high,none,0.9510949,0.029328002,0.003521089,0.016055996,none
A020723,R08,13543.77,high,none,0.9274715,0.010368887,0.038455173,0.023704456,none
A024618,R06,123030.63,high,none,0.96572614,0.011518871,0.0068974295,0.015857615,none
A035144,R07,29263.27,high,none,0.95857644,0.014141127,0.0075492095,0.019733174,none
A028257,R09,5350.26,high,none,0.92851824,0.02388835,0.016691385,0.030902,none
A005593,R05,12712.9,high,none,0.9157536,0.060668986,0.0067494237,0.016828032,none
A006435,R03,6928.91,high,none,0.87988585,0.008663559,0.0030818002,0.10836886,none
A025482,R04,10707.36,high,none,0.802246,0.13164888,0.04294185,0.023163302,none
A005695,R03,16893.41,high,none,0.6569917,0.019777963,0.0070906836,0.31613967,none
A019258,R02,5518.47,high,dormant,0.87746304,0.014184403,0.0058795353,0.10247303,none
A032768,R07,8924.12,high,none,0.9151034,0.04176694,0.021169307,0.021960422,none
A012412,R09,15982.12,high,none,0.94185746,0.022340612,0.014985034,0.02081697,none
A003287,R09,5961.39,high,none,0.94265556,0.029956415,0.004535398,0.022852615,none
A008617,R04,8697.37,high,none,0.9360493,0.024204655,0.010153163,0.029592844,none
A020605,R07,2060.46,low,none,0.9330122,0.005332577,0.002715378,0.05893986,none
A015124,R05,2258.0,low,none,0.7974318,0.081397265,0.08767654,0.03349433,none
A000361,R04,40734.85,high,none,0.9176108,0.02367678,0.021634368,0.037078097,none
A030632,R08,10466.43,high,none,0.9128141,0.04911385,0.017603468,0.020468557,none
A002189,R01,1935.96,low,none,0.96780884,0.010224575,0.003907561,0.018058974,none
A011747,R09,7412.24,high,none,0.905464,0.03962502,0.03564751,0.019263504,none
A028206,R03,8326.11,high,none,0.82666886,0.09485868,0.053579446,0.024893021,none
A030301,R01,2203.27,low,none,0.8670454,0.045449343,0.04279362,0.044711616,none
A037426,R07,8850.72,high,none,0.85848,0.032277063,0.030667616,0.07857529,none
A017800,R05,538.3,low,none,0.3221759,0.002140819,0.038705304,0.636978,dormant
A024297,R05,4026.08,low,none,0.8683389,0.061280202,0.037099887,0.033281036,none
A013290,R07,9470.34,high,none,0.8779739,0.009009742,0.059511863,0.053504452,none
A027775,R01,2624.39,low,none,0.8323603,0.009338436,0.03507651,0.12322474,none
A008804,R05,1423.28,low,none,0.9462239,0.0050479905,0.019747086,0.028981045,none
A007506,R01,8718.92,high,none,0.94188416,0.023111863,0.013104369,0.021899566,none
A004748,R03,13121.46,high,none,0.87288713,0.037311405,0.0052762628,0.08452522,none
A015241,R00,121306.74,high,none,0.7806252,0.0356251,0.04499745,0.13875218,none
A019244,R04,2531.09,low,none,0.89073306,0.022673285,0.0052792104,0.08131447,none
A006325,R09,10270.6,high,none,0.95331633,0.011428203,0.014927173,0.020328328,none
A034507,R07,1515.03,low,none,0.8484454,0.085441835,0.045354154,0.020758545,none
A009204,R01,1646.34,low,dd_stop,0.82445866,0.008083564,0.059128355,0.108329386,none
A004099,R05,6380.67,high,none,0.89771223,0.021223893,0.010255539,0.07080834,none
A014040,R03,693.76,low,none,0.9524954,0.011642048,0.013792287,0.02207031,none
A031565,R00,6109.63,high,none,0.9460041,0.008709655,0.010315133,0.034971103,none
A027213,R09,1245.96,low,none,0.87290776,0.0030624182,0.027087888,0.09694192,none
A038998,R06,2186.43,low,none,0.9044759,0.00083485525,0.023652935,0.07103627,none
A009616,R07,10581.74,high,none,0.92659014,0.02078168,0.032632448,0.019995674,none
A013616,R01,1036.69,low,none,0.8972809,0.009100872,0.06637892,0.027239354,none
A006364,R08,3157.48,low,none,0.957305,0.011671674,0.004937968,0.026085356,none
A023769,R03,687.32,low,none,0.9143219,0.005581494,0.046851844,0.03324473,none
A013899,R07,4529.52,low,none,0.96050096,0.00079019833,0.008905523,0.029803287,none
A008522,R03,4014.67,low,dd_stop,0.7495801,0.03518269,0.049129676,0.16610749,none
A005447,R02,2197.47,low,none,0.92273784,0.0006743323,0.04908443,0.02750342,none
A017362,R06,6369.34,high,dd_stop,0.9277901,0.03674767,0.015055299,0.020406915,none
A015122,R05,13250.71,high,none,0.9111187,0.043019477,0.022387534,0.023474228,none
A000371,R07,7657.81,high,none,0.9388326,0.029405536,0.0090005435,0.022761377,none
A009629,R07,17422.63,high,none,0.80599964,0.0784042,0.053466957,0.0621292,none
A003935,R02,5664.43,high,dormant,0.8561284,0.008631863,0.008486384,0.12675335,none
A004507,R09,2108.57,low,none,0.8617325,0.05117178,0.06273325,0.024362545,none
A007272,R07,5823.85,high,none,0.9451382,0.021849293,0.008774533,0.02423796,none
A025343,R08,1723.8,low,none,0.85601264,0.082409866,0.039297733,0.022279806,none
A033535,R00,25298.79,high,none,0.9183009,0.0231904,0.036790036,0.021718686,none
A005329,R03,21850.69,high,none,0.9343806,0.008178729,0.026643675,0.030796986,none
A037015,R02,9604.88,high,none,0.6596324,0.02723985,0.032522425,0.2806054,none
A036805,R04,14993.07,high,none,0.9171675,0.0414837,0.01275472,0.028594108,none
A021967,R09,9540.82,high,none,0.81626844,0.10662865,0.056617245,0.020485662,none
A008989,R04,2357.09,low,none,0.9294532,0.018587079,0.0329557,0.019004038,none
A015310,R07,1514.84,low,none,0.95441246,0.0009462471,0.013537925,0.03110334,none
A038130,R09,58476.16,high,none,0.93259466,0.016682744,0.02173939,0.028983241,none
A032305,R04,49696.34,high,dd_stop,0.6479301,0.008025086,0.09370794,0.25033686,none
A018547,R07,2812.17,low,none,0.9386631,0.02755161,0.0052442895,0.028540988,none
A026030,R04,17917.56,high,none,0.872226,0.060455166,0.037427332,0.029891493,none
A029740,R07,401.49,low,none,0.8667918,0.008129796,0.043477587,0.08160081,none
A033195,R00,39002.52,high,dormant,0.89872926,0.009647053,0.0072324784,0.08439119,none
A026461,R01,799.89,low,none,0.62808824,0.017837962,0.07837871,0.27569515,none
A001461,R02,662.01,low,none,0.9308059,0.009355394,0.030616099,0.029222647,none
A030332,R06,2747.41,low,none,0.94294715,0.02294965,0.005974718,0.028128417,none
A023675,R06,6622.15,high,none,0.9470975,0.0013740836,0.021640932,0.029887535,none
A006126,R04,9238.23,high,none,0.5099807,0.0413092,0.035170007,0.41354012,none
A005314,R09,7502.4,high,none,0.9464421,0.016431646,0.018848518,0.018277725,none
A008786,R06,1358.02,low,none,0.70700616,0.010019941,0.010002403,0.27297154,none
A008919,R03,2807.43,low,none,0.93959624,0.02197538,0.019574039,0.018854316,none
A013375,R09,2322.51,low,none,0.84983206,0.0011665688,0.07480371,0.07419772,none
A004001,R02,526.57,low,none,0.95449173,0.021438554,0.010624288,0.0134454025,none
A038359,R09,5865.5,high,none,0.94642943,0.0132052135,0.015148705,0.02521668,none
A036806,R06,17802.54,high,none,0.9209556,0.017507,0.03845127,0.023086075,none
A028199,R04,19958.28,high,none,0.89717925,0.010838087,0.049593173,0.042389475,none
A025074,R02,5759.49,high,dormant,0.6628876,0.02100853,0.008922347,0.30718154,none
A033214,R00,6358.0,high,none,0.8430967,0.062342733,0.06952349,0.02503707,none
A032284,R09,3726.89,low,none,0.8421524,0.0362801,0.09087765,0.030689798,none
A011212,R04,3244.41,low,none,0.91162735,0.020099722,0.038778093,0.029494813,none
A015779,R05,21498.71,high,none,0.97642004,0.0073001566,0.002113157,0.014166609,none
A038469,R02,719.71,low,none,0.81334615,0.035988815,0.026697269,0.12396782,none
A020922,R08,6507.56,high,none,0.89978796,0.024688564,0.0038975587,0.07162588,none
A024502,R00,2107.67,low,none,0.9420268,0.0015189055,0.02502836,0.03142593,none
A014953,R02,27836.35,high,none,0.86614406,0.007854241,0.038139552,0.08786217,none
A039849,R06,2966.97,low,large_withdrawal,0.8718379,0.021047838,0.07182811,0.03528612,none
A019768,R00,41095.63,high,none,0.9465143,0.016780622,0.0041093575,0.032595765,none
A001353,R02,19713.46,high,none,0.9471647,0.03012672,0.0031638842,0.019544646,none
A039842,R07,33601.38,high,none,0.76746964,0.014601409,0.013911446,0.20401753,none
A000240,R04,9184.55,high,none,0.946451,0.008862377,0.02352074,0.021165868,none
A009949,R03,2618.72,low,none,0.9570777,0.01972702,0.0037280319,0.01946722,none
A002717,R05,13620.47,high,none,0.9537936,0.015636694,0.0060869255,0.024482733,none
A014207,R09,6791.88,high,none,0.8842538,0.016798224,0.076315105,0.022632884,none
A017263,R09,5233.38,high,none,0.9164188,0.044170626,0.0049420795,0.034468554,none
A031056,R00,1739.51,low,none,0.8585647,0.06632068,0.04540319,0.029711466,none
A038556,R08,25167.52,high,none,0.94887424,0.019911166,0.0063617215,0.024852894,none
A006606,R01,6515.35,high,none,0.94199437,0.014079795,0.015979014,0.027946774,none
A003436,R08,35338.24,high,none,0.9460149,0.02250445,0.008863828,0.02261681,none
A018644,R00,2881.48,low,none,0.7779965,0.078716464,0.103870586,0.03941645,none
A022777,R01,4500.38,low,none,0.85904014,0.019137647,0.06859983,0.053222336,none
A000979,R08,6824.3,high,none,0.9437802,0.011448474,0.020369913,0.02440146,none
A012214,R03,10646.06,high,none,0.90049714,0.02150585,0.0026570377,0.07533994,none
A027346,R02,8254.6,high,none,0.89740795,0.033617456,0.02761493,0.041359656,none
A033843,R07,10265.91,high,none,0.9375598,0.016269568,0.017522505,0.028648151,none
A021084,R01,1465.84,low,none,0.9114038,0.028039625,0.03510811,0.025448479,none
A010451,R02,14164.62,high,none,0.94569045,0.001400262,0.0260747,0.026834555,none
A012876,R06,6960.12,high,none,0.8648162,0.04586952,0.06984007,0.019474255,none
A037498,R00,25106.79,high,none,0.9335564,0.04488568,0.0043735923,0.017184392,none
A038163,R09,19198.59,high,none,0.7675934,0.031960424,0.10174104,0.09870521,none
A037070,R00,10192.88,high,dd_stop,0.86763924,0.04548686,0.058693733,0.028180158,none
A012038,R02,8867.99,high,none,0.8251159,0.047397934,0.034305852,0.09318023,none
A018393,R03,48771.95,high,none,0.90366876,0.055134073,0.010383571,0.030813565,none
A037956,R05,11347.6,high,dd_stop,0.8031896,0.08947348,0.08753592,0.01980104,none
A025521,R00,537.34,low,none,0.490749,0.03392326,0.08357996,0.3917478,none
A003088,R04,5282.1,high,none,0.9018462,0.033571143,0.03463127,0.029951379,none
A020577,R09,9396.99,high,none,0.97036195,0.0061582443,0.0047851857,0.018694602,none
A020268,R04,55096.57,high,none,0.95553267,0.008155904,0.007252226,0.029059155,none
A038290,R05,2976.98,low,none,0.92547774,0.017453717,0.029071515,0.02799699,none
A030774,R00,2578.87,low,none,0.70242053,0.028973307,0.034217767,0.23438844,none
A016293,R07,5393.32,high,large_withdrawal,0.9063889,0.041170653,0.03673552,0.015704975,none
A020258,R06,20123.45,high,none,0.9154434,0.033514056,0.02231691,0.028725654,none
A003033,R01,1756.0,low,none,0.94101787,0.033892944,0.005085855,0.020003319,none
A035222,R07,2988.09,low,none,0.93830407,0.01831788,0.012005521,0.031372517,none
A023236,R04,28480.6,high,dd_stop,0.8997694,0.032992646,0.03749177,0.029746186,none
A001951,R07,4110.36,low,none,0.96380955,0.009071962,0.007195121,0.019923419,none
A015402,R03,4283.13,low,none,0.88023335,0.024603292,0.013712685,0.08145064,none
A007565,R01,38419.87,high,none,0.9292621,0.022209479,0.0198242,0.028704261,none
A034657,R04,1513.35,low,none,0.8293306,0.018324126,0.04428372,0.10806154,none
A003385,R02,578.99,low,none,0.9678284,0.012318893,0.0034704627,0.016382264,none
A026033,R04,7213.69,high,none,0.6569239,0.0011291848,0.0049472763,0.33699962,none
A004267,R04,2106.29,low,dormant,0.498963,0.056826986,0.04193846,0.40227154,none
A036852,R07,6362.72,high,none,0.9642233,0.0009283219,0.012512963,0.022335378,none
A001239,R03,7710.96,high,none,0.96633375,0.009631259,0.006108818,0.017926164,none
A038693,R06,6133.79,high,none,0.6528522,0.025728785,0.010042101,0.31137696,none
A017780,R03,4580.16,low,none,0.94729584,0.0020332835,0.021022122,0.029648688,none
A001622,R06,3475.48,low,none,0.9303741,0.04384669,0.00412862,0.021650666,none
A000232,R04,6582.04,high,none,0.89140284,0.028721811,0.05073366,0.029141668,none
A010594,R01,3491.99,low,none,0.9203846,0.034775227,0.019975243,0.02486494,none
A005990,R02,6053.82,high,none,0.83424664,0.0065095355,0.027351715,0.13189206,none
A018410,R07,4544.48,low,dd_stop,0.8112198,0.046457145,0.060697637,0.08162542,none
A019077,R02,8367.01,high,none,0.889823,0.04177409,0.046014052,0.022388827,none
A029122,R07,17497.68,high,none,0.91706157,0.050903097,0.010933301,0.021102073,none
A033262,R02,13585.38,high,none,0.8364966,0.013115742,0.0493445,0.10104314,none
A005997,R07,47302.55,high,none,0.9341269,0.0052920775,0.006777943,0.05380305,none
A037159,R05,9525.2,high,none,0.92087007,0.050401032,0.012763671,0.015965259,none
A033545,R03,6953.98,high,none,0.94177336,0.0071546957,0.030939087,0.020132832,none
A007340,R01,19276.82,high,none,0.96156716,0.0046628676,0.0089581935,0.024811797,none
A003572,R03,27811.65,high,none,0.95506,0.0015203393,0.020428281,0.02299134,none
A034124,R02,1523.96,low,none,0.9396034,0.002934939,0.018965645,0.038496032,none
A012659,R04,7114.58,high,none,0.8410099,0.037451677,0.09278205,0.028756391,none
A023777,R09,2202.0,low,none,0.9622212,0.016652515,0.004886704,0.016239604,none
A018044,R06,6838.58,high,none,0.96126413,0.010657844,0.007723215,0.020354804,none
A019458,R07,3007.86,low,none,0.91473675,0.028111272,0.03300698,0.024144968,none
A016609,R00,1473.72,low,none,0.9239222,0.05540071,0.0067282952,0.013948812,none
A001441,R07,14182.26,high,none,0.7988844,0.016240442,0.010240694,0.17463447,none
A021178,R04,13918.78,high,none,0.9566485,0.009622157,0.010877249,0.022852099,none
A017560,R09,2890.95,low,none,0.9466973,0.010133025,0.0073119486,0.035857726,none
A009521,R07,2929.05,low,none,0.93715006,0.001403927,0.033652358,0.02779366,none
A032704,R00,18062.34,high,none,0.93823564,0.024974624,0.0132135255,0.023576282,none
A034227,R02,8415.46,high,none,0.9309843,0.023962442,0.011467219,0.033586066,none
A037618,R06,2776.08,low,none,0.8895173,0.0197659,0.061320465,0.029396323,none
A025122,R06,24939.22,high,none,0.87620777,0.0139799295,0.0035824284,0.10622991,none
A006400,R01,6391.66,high,none,0.89071256,0.028289385,0.04642343,0.034574613,none
A030383,R08,12181.28,high,none,0.8926607,0.019788329,0.028666332,0.058884636,none
A001142,R03,5168.7,high,none,0.89962864,0.009758059,0.022859527,0.06775372,none
A010864,R00,9240.99,high,none,0.6413031,0.03543571,0.016805358,0.3064558,none
A024362,R04,12959.9,high,none,0.8631509,0.04474586,0.061165906,0.030937288,none
A001970,R08,4878.78,low,none,0.8782174,0.06831055,0.03735814,0.016113855,none
A028826,R07,6633.3,high,none,0.90691096,0.049978547,0.027369432,0.015741108,none
A032895,R08,13854.77,high,none,0.925984,0.02084519,0.028464373,0.024706403,none
A036441,R09,7193.72,high,large_withdrawal,0.9168117,0.013604342,0.035041075,0.0345429,none
A013149,R06,8488.48,high,none,0.96234286,0.0056601493,0.006316021,0.025680983,none
A038581,R05,4442.47,low,none,0.9186092,0.020526709,0.033744413,0.027119692,none
A016349,R03,2452.19,low,none,0.8915173,0.04616084,0.022031263,0.04029066,none
A020469,R05,13909.15,high,none,0.9126485,0.06525133,0.005201143,0.016898956,none
A009833,R00,3454.15,low,none,0.8710105,0.08585056,0.010748084,0.032390818,none
A026686,R08,6916.58,high,none,0.93544,0.029620256,0.0060507925,0.028888874,none
A024127,R01,1752.82,low,none,0.96868557,0.0062467153,0.0062702796,0.018797416,none
A012535,R09,5811.45,high,none,0.86885345,0.08821498,0.022466397,0.020465165,none
A031322,R03,8932.41,high,none,0.87584466,0.050574616,0.052379683,0.02120104,none
A019247,R06,35069.17,high,none,0.9189899,0.011216133,0.014399342,0.055394612,none
A002617,R04,9485.6,high,dormant,0.8821247,0.023070304,0.00710539,0.087699614,none
A031809,R06,7526.12,high,none,0.92357844,0.034321368,0.028748166,0.013351989,none
A034977,R00,772.72,low,none,0.9589289,0.013423009,0.0059611807,0.021686936,none
A011815,R01,683.0,low,none,0.7400911,0.05567291,0.080856614,0.12337945,none
A008348,R00,943.52,low,none,0.875561,0.0011503067,0.041767478,0.08152127,none
A031771,R04,1956.19,low,none,0.94330555,0.03098527,0.008620961,0.017088143,none
A032627,R04,380.72,low,none,0.95102704,0.0012604168,0.022968585,0.024744006,none
A030380,R05,855.61,low,none,0.88329756,0.009930873,0.02018892,0.08658262,none
A033502,R04,10777.9,high,none,0.77049565,0.0140962545,0.050789863,0.16461828,none
A033602,R08,18428.19,high,large_withdrawal,0.93003494,0.030634305,0.016858881,0.022471951,none
A022771,R07,5292.78,high,none,0.95275915,0.027757682,0.004493019,0.014990091,none
A037817,R04,12096.79,high,none,0.9263377,0.012946513,0.011771336,0.048944414,none
A008159,R05,35518.19,high,none,0.9592123,0.012586477,0.0049163094,0.023284951,none
A022960,R04,8533.46,high,none,0.815967,0.016035331,0.059402913,0.10859466,none
A039057,R09,8201.17,high,none,0.86848724,0.07708016,0.025929278,0.028503293,none
A030027,R09,1429.49,low,dormant,0.78545725,0.047866523,0.046943847,0.11973235,none
A039251,R01,1986.75,low,none,0.88936114,0.020821376,0.06408249,0.025735056,none
A021325,R05,50542.73,high,none,0.9110079,0.0196997,0.05294906,0.016343405,none
A001165,R02,11897.56,high,none,0.49398622,0.018502228,0.01612177,0.47138983,none
A004478,R03,3823.22,low,none,0.8149712,0.019024769,0.039297685,0.12670629,none
A037249,R00,21191.43,high,none,0.85745287,0.012771191,0.038492024,0.09128389,none
A018031,R02,3052.93,low,none,0.95799136,0.009649148,0.006527714,0.025831845,none
A031709,R03,12489.99,high,none,0.9469774,0.02986542,0.004301629,0.018855577,none
A037794,R02,2573.41,low,none,0.9322218,0.016453529,0.017571848,0.033752814,none
A036152,R01,12223.57,high,none,0.88718367,0.0059955125,0.07495656,0.031864293,none
A034114,R08,4091.9,low,none,0.9431945,0.024853881,0.0061461492,0.025805479,none
A004620,R06,25596.21,high,none,0.89042044,0.047993734,0.040939223,0.020646665,none
A014594,R02,4786.03,low,none,0.9410136,0.023615664,0.010251151,0.025119588,none
A007030,R02,4045.78,low,none,0.81864536,0.037459143,0.012308123,0.13158737,none
A008878,R08,4664.47,low,none,0.82971543,0.080356486,0.063523255,0.026404826,none
A004934,R07,9754.67,high,none,0.91688365,0.04511824,0.015365575,0.022632517,none
A006028,R00,2832.72,low,none,0.8113685,0.0767823,0.07213066,0.039718527,none
A036286,R08,5654.74,high,none,0.88221675,0.028537245,0.0608514,0.028394585,none
A022121,R08,11046.74,high,none,0.76902163,0.039388627,0.09107381,0.10051595,none
A027936,R01,753.89,low,none,0.90897506,0.024468638,0.03131271,0.03524363,none
A027166,R03,1516.21,low,dd_stop,0.8598611,0.014267001,0.044360507,0.08151143,none
A039739,R08,7752.73,high,dormant,0.7351005,0.0139588835,0.02666171,0.2242789,none
A017225,R04,17633.32,high,none,0.83409196,0.056209035,0.07703161,0.03266734,none
A026473,R03,5296.19,high,none,0.73529106,0.011950219,0.0166684,0.23609026,none
A036734,R01,11192.99,high,none,0.89321166,0.04484921,0.019805675,0.042133443,none
A000165,R01,2904.15,low,none,0.94251543,0.009232151,0.013286503,0.03496591,none
A024794,R06,8558.48,high,none,0.97012603,0.0045386665,0.0032421646,0.02209312,none
A001917,R00,4061.7,low,none,0.8388928,0.06153183,0.006692218,0.092883125,none
A001715,R09,71305.03,high,none,0.73764604,0.007346872,0.01262271,0.2423844,none
A023821,R09,1909.6,low,none,0.94465786,0.0045325565,0.024801373,0.026008233,none
A033759,R08,6728.66,high,large_withdrawal,0.9112017,0.03867785,0.033470973,0.016649436,none
A028618,R05,19510.01,high,none,0.87249815,0.011597644,0.07672393,0.039180312,none
A037523,R08,2906.85,low,none,0.92756015,0.03645945,0.0077723116,0.028208097,none
A036627,R00,5865.1,high,none,0.918989,0.02210676,0.027853707,0.031050492,none
A008830,R04,909.24,low,none,0.87219405,0.076280236,0.017754292,0.033771463,none
A028069,R03,3458.94,low,dormant,0.8404104,0.07280931,0.0061771614,0.08060311,none
A031576,R06,1273.98,low,none,0.944404,0.0028908488,0.02092418,0.031780947,none
A010523,R02,13054.81,high,none,0.95820045,0.0040668,0.01011657,0.027616134,none
A019998,R01,33502.23,high,none,0.9551633,0.003039071,0.0071227113,0.03467491,none
A020762,R05,40093.95,high,none,0.9011033,0.016182916,0.0055610584,0.07715265,none
A028607,R07,326.45,low,none,0.9103461,0.033088624,0.03026347,0.026301816,none
A037990,R04,42416.03,high,none,0.9196236,0.013911151,0.027139908,0.03932528,none
A027726,R09,934.11,low,none,0.942149,0.007870688,0.026584372,0.023395978,none
A025351,R06,2338.9,low,dormant,0.61839736,0.024010636,0.025794018,0.33179802,none
A016822,R09,19750.62,high,none,0.9410207,0.03647988,0.005012585,0.0174868,none
A024106,R02,2132.07,low,none,0.9355206,0.0014635229,0.02179141,0.041224543,none
A003896,R02,9594.86,high,none,0.9335638,0.03682816,0.0070711244,0.022536812,none
A026206,R00,7962.44,high,large_withdrawal,0.86087507,0.06797436,0.04796301,0.023187568,none
A007048,R02,7699.08,high,none,0.9205351,0.02159435,0.035769816,0.022100711,none
A001787,R08,2632.42,low,none,0.8939754,0.006235632,0.045879994,0.05390905,none
A016931,R07,6193.39,high,none,0.89022464,0.013179133,0.066369295,0.030227004,none
A014966,R06,8363.16,high,none,0.89308804,0.0009018195,0.012624298,0.09338581,none
A030171,R01,18257.61,high,none,0.9015155,0.005789787,0.06654062,0.026154095,none
A031233,R01,1975.41,low,none,0.93941945,0.027730878,0.015539043,0.017310655,none
A003118,R05,8986.46,high,none,0.9380231,0.02959819,0.011970034,0.020408701,none
A017708,R02,4120.0,low,none,0.6249246,0.02665174,0.031928062,0.3164956,none
A030164,R07,9958.99,high,none,0.92707926,0.01102382,0.008380417,0.053516522,none
A007353,R08,659.05,low,none,0.7832676,0.09288595,0.059755843,0.06409063,none
A022210,R01,2549.67,low,none,0.86729586,0.029108107,0.015159094,0.088436946,none
A031089,R06,1891.48,low,none,0.9262183,0.012611496,0.028351665,0.03281854,none
A022704,R01,4711.09,low,none,0.8991501,0.04679301,0.032243203,0.021813696,none
A000821,R00,9127.07,high,dd_stop,0.8709453,0.051044863,0.042882286,0.03512755,none
A030157,R03,4532.05,low,none,0.89121675,0.025036061,0.0033996867,0.08034751,none
A032755,R00,1642.02,low,none,0.8456977,0.015696086,0.040892586,0.09771368,none
A038878,R04,5261.24,high,none,0.8836773,0.023074511,0.066812806,0.02643535,none
A002806,R03,10220.03,high,none,0.95278394,0.018657787,0.0070748325,0.0214834,none
A025849,R04,46773.22,high,none,0.92789006,0.02259396,0.02685059,0.022665367,none
A011456,R04,13082.77,high,none,0.7070408,0.0120322835,0.004078561,0.2768484,none
A032287,R09,405.44,low,none,0.91382945,0.04813684,0.019774985,0.018258687,none
A018616,R08,13938.32,high,large_withdrawal,0.9146462,0.052085727,0.012589885,0.020678146,none
A002607,R03,4317.87,low,none,0.8435848,0.040627576,0.0071671917,0.10862041,none
A032564,R03,8531.83,high,none,0.9198749,0.02440005,0.033877917,0.02184709,none
A034622,R00,24231.87,high,none,0.77716064,0.01677167,0.0033813652,0.20268637,none
A009140,R05,726.08,low,dormant,0.9045904,0.015196238,0.052098766,0.028114557,none
A004421,R00,1525.13,low,none,0.9265998,0.050738905,0.010031983,0.012629307,none
A009922,R03,9795.3,high,none,0.9005876,0.028342882,0.046466075,0.024603454,none
A012237,R02,1032.74,low,none,0.62958527,0.026999991,0.021750784,0.32166398,none
A017885,R01,32085.32,high,dormant,0.69194365,0.036714237,0.009850431,0.26149166,none
A022228,R07,5094.94,high,none,0.86133623,0.041291337,0.06829961,0.029072843,none
A034071,R09,1671.09,low,none,0.9411167,0.008214427,0.0306975,0.019971345,none
A012729,R07,3025.16,low,none,0.9408565,0.028816782,0.0089579085,0.021368781,none
A021547,R00,3226.47,low,none,0.82348114,0.050527662,0.034880616,0.09111057,none
A039181,R00,4441.69,low,none,0.83623004,0.07275535,0.05170893,0.039305743,none
A022574,R01,12054.95,high,none,0.8281886,0.027251154,0.04856266,0.09599756,none
A010960,R00,5446.86,high,none,0.8640227,0.052898485,0.047555804,0.035522968,none
A024447,R07,833.14,low,none,0.8676568,0.06989337,0.040049046,0.022400726,none
A012880,R07,14719.77,high,none,0.8334091,0.055913083,0.09065531,0.020022552,none
A023084,R03,1642.35,low,none,0.8905428,0.03958619,0.049673546,0.02019744,none
A037058,R04,663.0,low,none,0.86168486,0.026407428,0.005525864,0.106381826,none
A002175,R04,9640.89,high,none,0.91817534,0.04217889,0.0064939894,0.033151805,none
A037932,R07,6074.04,high,none,0.9596396,0.0031513793,0.014178536,0.023030536,none
A021778,R05,20363.64,high,none,0.9004362,0.016937086,0.03037205,0.052254587,none
A012211,R07,21023.87,high,none,0.95090145,0.022551311,0.008932116,0.017615128,none
A039430,R08,4644.89,low,none,0.8433292,0.023954296,0.0316669,0.1010496,none
A018925,R07,10763.83,high,none,0.88821,0.00089777395,0.0812966,0.0295956,none
A034230,R07,31493.39,high,none,0.9366898,0.019892132,0.019709276,0.02370873,none
A018635,R07,1871.39,low,none,0.810769,0.01827448,0.07656737,0.09438913,none
A022455,R09,3769.28,low,dormant,0.73982847,0.00074909383,0.019425161,0.2399973,none
A004051,R05,45972.62,high,none,0.93155116,0.0041399663,0.004680235,0.05962859,none
A008720,R04,18050.66,high,none,0.9203469,0.0006834113,0.05860343,0.02036625,none
A028370,R06,26292.54,high,large_withdrawal,0.77166575,0.014880722,0.040290505,0.17316298,none
A012641,R00,13763.11,high,none,0.9113834,0.0042742123,0.0062848874,0.07805747,none
A000627,R02,4851.09,low,none,0.87462986,0.018365005,0.018998701,0.088006414,none
A025809,R07,7815.86,high,none,0.9404341,0.0068410756,0.023315065,0.029409796,none
A011649,R07,6790.17,high,dormant,0.910879,0.03319048,0.032386787,0.023543697,none
A004708,R09,9017.16,high,none,0.9228364,0.0010456273,0.038343143,0.037774853,none
A025972,R04,1589.26,low,none,0.65514255,0.0012477086,0.008969586,0.3346402,none
A023393,R03,6139.22,high,none,0.9045233,0.04824516,0.011822943,0.035408534,none
A017292,R05,4138.52,low,none,0.9175226,0.05726589,0.004657278,0.0205542,none
A012855,R05,1885.62,low,dd_stop,0.8658459,0.036552984,0.07433959,0.023261448,none
A001299,R09,7469.8,high,none,0.92826796,0.020608714,0.030297088,0.02082626,none
A012348,R03,28188.74,high,none,0.7110756,0.027921883,0.005471486,0.25553104,none
A003604,R07,6836.07,high,none,0.88928545,0.021069055,0.005458977,0.08418659,none
A001059,R05,1936.01,low,none,0.9618387,0.008945887,0.0041002594,0.025115104,none
A025484,R01,41497.26,high,none,0.87461805,0.010153558,0.028123703,0.08710471,none
A002700,R07,5254.49,high,none,0.95583874,0.003919034,0.006843852,0.03339842,none
A034406,R08,306.81,low,none,0.9271263,0.017969238,0.019209787,0.035694703,none
A027832,R07,3476.26,low,none,0.8813557,0.0065339264,0.010773281,0.10133706,none
A016246,R04,2173.73,low,none,0.8967769,0.026143368,0.0032162075,0.07386349,none
A026853,R07,3131.73,low,none,0.77552253,0.058109175,0.061236754,0.10513151,none
A005925,R09,2005.18,low,none,0.9405218,0.028271759,0.006098703,0.025107719,none
A001067,R05,4161.26,low,dormant,0.56259644,0.030179495,0.0269447,0.38027936,none
A015609,R00,14057.16,high,none,0.80412245,0.071468726,0.03129975,0.09310901,none
A004325,R01,9537.94,high,none,0.92662126,0.0010758043,0.049851965,0.022450961,none
A019920,R01,3172.5,low,none,0.8760491,0.03965961,0.004835428,0.079455905,none
A022212,R01,8870.8,high,none,0.95744145,0.013957353,0.0060950913,0.022506142,none
A018622,R08,4521.0,low,none,0.8328178,0.011433697,0.027557865,0.12819067,none
A022436,R07,4227.02,low,none,0.9005879,0.06039708,0.025088375,0.013926613,none
A008676,R09,2173.23,low,none,0.9665004,0.011921098,0.0036313392,0.017947124,none
A025078,R04,6773.42,high,none,0.84116626,0.06971847,0.060511794,0.028603414,none
A006748,R04,2127.29,low,none,0.9219121,0.025933253,0.029713355,0.022441337,none
A026805,R00,3862.31,low,none,0.8698471,0.06496834,0.03804427,0.027140273,none
A015537,R05,6313.84,high,none,0.9420155,0.029303167,0.004768247,0.023912983,none
A024479,R09,20852.41,high,none,0.91183823,0.018326877,0.03673568,0.033099256,none
A039447,R08,2105.36,low,none,0.84600157,0.032071974,0.033008777,0.0889177,none
A026274,R02,11932.89,high,none,0.93882835,0.011708592,0.018379787,0.03108323,none
A018083,R09,16954.73,high,none,0.7074148,0.011852652,0.06711644,0.2136161,none
A021546,R08,2239.85,low,none,0.95499974,0.015232192,0.0044045285,0.025363557,none
A013479,R02,14353.64,high,none,0.9261525,0.045164872,0.007554193,0.0211284,none
A030864,R09,15343.71,high,none,0.8008299,0.03081942,0.086676955,0.08167371,none
A018089,R04,36755.72,high,none,0.8880625,0.021863263,0.023960577,0.06611364,none
A027573,R07,189.42,low,dormant,0.6701662,0.01594691,0.02669777,0.28718907,none
A001310,R07,53652.52,high,none,0.95129395,0.02351272,0.009630928,0.015562359,none
A036370,R01,436.62,low,none,0.93120795,0.009969136,0.035273194,0.023549693,none
A022675,R00,12944.77,high,none,0.87055176,0.020228632,0.012936129,0.09628353,none
A011427,R05,6813.92,high,dormant,0.9247557,0.013525451,0.044325657,0.01739321,none
A031925,R02,4521.9,low,none,0.79708433,0.010529432,0.045189284,0.1471969,none
A013135,R04,6117.45,high,none,0.9494608,0.029486902,0.004584305,0.016467927,none
A002741,R03,632.69,low,none,0.9188357,0.04662527,0.014575136,0.019963877,none
A020252,R08,3875.28,low,none,0.88149065,0.012183401,0.016263625,0.09006235,none
A030154,R00,1845.7,low,none,0.8819484,0.017997753,0.02346467,0.07658924,none
A034413,R02,3317.85,low,none,0.9053688,0.028043453,0.032161262,0.034426462,none
A022129,R02,3326.7,low,none,0.9420532,0.03138613,0.0053778943,0.0211828,none
A019733,R04,6224.71,high,none,0.92891294,0.00079169427,0.043881617,0.026413687,none
A012892,R07,11246.6,high,none,0.8479332,0.05221874,0.07807266,0.021775452,none
A037568,R06,623.1,low,dormant,0.8666248,0.009083453,0.024325393,0.099966384,none
A009869,R08,797.86,low,none,0.92145103,0.0076972344,0.035993613,0.034858108,none
A032493,R01,98.65,low,dormant,0.71578145,0.06453366,0.08579541,0.13388947,none
A038187,R03,971.47,low,none,0.87256485,0.070541,0.02901872,0.027875474,none
A033449,R01,2477.61,low,none,0.95244956,0.019607568,0.0068943347,0.021048514,none
A008115,R08,16038.69,high,none,0.8826746,0.016808474,0.033374675,0.0671423,none
A019229,R08,3865.26,low,none,0.88018054,0.0046225335,0.013557931,0.101639025,none
A012068,R06,35538.79,high,none,0.96196854,0.0006484249,0.010444528,0.026938528,none
A001231,R07,4955.06,low,none,0.91905355,0.02155714,0.03683602,0.022553293,none
A017926,R02,1330.42,low,dormant,0.79398847,0.041498613,0.04769205,0.116820835,none
A012672,R02,8023.91,high,none,0.86160624,0.022541702,0.02333871,0.092513315,none
A036502,R08,1716.75,low,none,0.92078215,0.049678084,0.016761174,0.012778601,none
A019614,R07,37406.22,high,none,0.96484816,0.014486614,0.0051507023,0.015514539,none
A027168,R07,10917.15,high,none,0.79522043,0.015916122,0.021713128,0.16715033,none
A018914,R07,4386.72,low,none,0.82282096,0.045514066,0.024101464,0.107563525,none
A009256,R04,1663.2,low,none,0.94805545,0.008553935,0.009479117,0.03391144,none
A016368,R04,10845.61,high,none,0.8698201,0.015310607,0.07722057,0.037648704,none
A009510,R03,26301.86,high,none,0.8896357,0.054166224,0.039054904,0.017143205,none
A036211,R08,2736.22,low,none,0.85149926,0.022431362,0.09715625,0.028913131,none
A035476,R05,1632.26,low,none,0.95711505,0.0005330768,0.005127491,0.037224434,none
A005319,R07,3877.2,low,dormant,0.667159,0.025177741,0.012412663,0.2952506,none
A037075,R00,563.67,low,none,0.9315635,0.004413143,0.038815487,0.02520784,none
A027915,R07,9304.7,high,none,0.95608383,0.020216208,0.00681951,0.016880445,none
A004242,R09,4025.25,low,none,0.9467864,0.01955449,0.010004015,0.02365507,none
A032799,R01,4069.49,low,dormant,0.8334315,0.007991569,0.025053611,0.13352334,none
A000535,R06,7626.47,high,none,0.63898677,0.003684031,0.0048611616,0.35246804,none
A005367,R09,3126.43,low,dormant,0.8882565,0.024789196,0.053223148,0.03373115,none
A006675,R00,2055.92,low,none,0.89923894,0.016237862,0.0038017482,0.0807215,none
A013279,R04,1595.54,low,dd_stop,0.877252,0.035786998,0.05653484,0.030426186,none
A033078,R02,1024.32,low,none,0.92982924,0.0036263913,0.031292904,0.035251424,none
A003774,R00,59929.72,high,none,0.9224944,0.03526482,0.009542341,0.03269841,none
A029606,R07,1016.55,low,none,0.8943461,0.019066213,0.00513543,0.08145228,none
A018262,R08,9279.48,high,large_withdrawal,0.88859266,0.038529407,0.0057507236,0.06712719,none
A026240,R01,8380.5,high,none,0.94604194,0.020434301,0.014486116,0.01903761,none
A020787,R01,6363.87,high,none,0.8703797,0.0052866237,0.004121031,0.12021266,none
A010363,R05,1284.95,low,none,0.9322212,0.027494,0.022893917,0.017390888,none
A016436,R08,703.97,low,none,0.95383185,0.018613279,0.0043938863,0.023160968,none
A034761,R02,2098.57,low,none,0.90450555,0.008293998,0.0121001415,0.07510029,none
A013826,R07,3663.0,low,dd_stop,0.7836495,0.07420731,0.019501964,0.122641236,none
A036620,R00,7739.53,high,none,0.8814661,0.059839323,0.03317356,0.02552103,none
A012308,R07,540.69,low,none,0.95094705,0.027729858,0.0030729705,0.01825013,none
A032907,R05,896.64,low,none,0.8129352,0.105212815,0.05280758,0.029044418,none
A014778,R01,12559.54,high,none,0.84780943,0.055889186,0.0684007,0.027900679,none
A000426,R07,39132.54,high,none,0.86105454,0.011486279,0.07716459,0.050294533,none
A036078,R08,5491.24,high,dormant,0.9317023,0.030946823,0.014560779,0.022790095,none
A024956,R06,64877.72,high,none,0.7872162,0.029256085,0.051753215,0.13177453,none
A030510,R01,35346.79,high,none,0.9701657,0.0068793637,0.0028570541,0.020097815,none
A007129,R00,2493.74,low,none,0.85576653,0.0841879,0.03661965,0.02342594,none
A012262,R07,3532.95,low,none,0.93791336,0.009166196,0.025550148,0.027370244,none
A038008,R02,17460.51,high,none,0.8614897,0.032740977,0.01097458,0.094794765,none
A007021,R02,2991.51,low,none,0.8212208,0.038447574,0.020252474,0.12007914,none
A035697,R05,9717.36,high,none,0.90706944,0.012168319,0.024182744,0.056579493,none
A032307,R05,11039.51,high,none,0.8834343,0.06433115,0.026558047,0.025676508,none
A036960,R07,1061.24,low,none,0.88729614,0.012941503,0.074710324,0.025051957,none
A031914,R00,2370.51,low,none,0.88786536,0.044826042,0.03937592,0.027932674,none
A006673,R06,4249.05,low,none,0.93581384,0.031411827,0.009747293,0.0230271,none
A036849,R07,23000.55,high,none,0.8565404,0.03476917,0.083369024,0.02532146,none
A022844,R01,1738.82,low,large_withdrawal,0.917525,0.020306543,0.038041417,0.024127102,none
A006658,R05,32473.82,high,none,0.8921211,0.031372786,0.019336214,0.05716993,none
A037713,R01,8137.15,high,none,0.94617206,0.0066608223,0.021487497,0.025679683,none
A012061,R05,2074.32,low,dormant,0.65455294,0.014721796,0.027226113,0.30349916,none
A003161,R01,3311.32,low,dormant,0.74951977,0.009658527,0.05873305,0.1820887,none
A011460,R07,3032.03,low,none,0.932825,0.018422332,0.02097959,0.027773075,none
A014606,R01,4094.92,low,none,0.899261,0.042599827,0.026597902,0.03154127,none
A013540,R08,1857.32,low,none,0.96999335,0.010862166,0.002426783,0.016717734,none
A032413,R04,6713.14,high,none,0.60405654,0.032163262,0.030071445,0.33370873,none
A023736,R03,1036.06,low,dormant,0.55485785,0.14826773,0.09258853,0.20428589,none
A039004,R08,11216.81,high,none,0.8578568,0.047568247,0.07021307,0.024361804,none
A007446,R08,4634.35,low,none,0.88313586,0.0490691,0.031938173,0.03585689,none
A020012,R06,7679.87,high,none,0.8756991,0.022862295,0.06527219,0.03616647,none
A033783,R00,5580.41,high,none,0.885722,0.033394273,0.064295426,0.016588312,none
A025717,R00,4363.75,low,none,0.7876412,0.09902483,0.08126571,0.032068297,none
A008918,R02,1226.45,low,none,0.877942,0.008981234,0.0050115427,0.10806515,none
A035974,R05,1542.43,low,none,0.9148471,0.045339704,0.020896152,0.018917099,none
A025462,R07,3020.86,low,none,0.88480735,0.021514293,0.06304357,0.03063479,none
A032478,R04,7553.45,high,none,0.94355494,0.029191745,0.012954457,0.014298917,none
A011890,R02,5677.37,high,none,0.9055264,0.050859116,0.016084725,0.027529823,none
A008345,R04,5066.11,high,none,0.93943346,0.028126797,0.0063662278,0.02607352,none
A035921,R03,3841.67,low,none,0.8525424,0.047563717,0.06282515,0.037068713,none
A026419,R06,6671.31,high,none,0.8684087,0.032200195,0.080915645,0.018475523,none
A018748,R06,1311.63,low,none,0.90812534,0.0010326895,0.031405237,0.05943672,none
A018848,R02,1055.62,low,none,0.9013616,0.015304181,0.019502189,0.06383209,none
A023692,R00,5262.91,high,none,0.96137255,0.016934685,0.0032714917,0.018421227,none
A021789,R06,7244.19,high,none,0.8704156,0.06508215,0.04355427,0.020947937,none
A016808,R04,746.8,low,none,0.8385217,0.092495136,0.05016315,0.01882005,none
A030755,R04,3959.24,low,dormant,0.89907634,0.014022288,0.05790289,0.02899847,none
A025052,R01,7605.1,high,none,0.8787995,0.025787707,0.03530393,0.06010889,none
A012991,R01,4805.03,low,none,0.9013731,0.06502104,0.0067957886,0.026810113,none
A039165,R01,15792.61,high,none,0.8508264,0.011759591,0.04000184,0.097412206,none
A001816,R00,15748.81,high,none,0.9456925,0.0030318182,0.023568297,0.027707407,none
A023705,R07,6642.39,high,none,0.8414832,0.043410067,0.035124533,0.07998219,none
A027702,R09,4608.78,low,none,0.6856445,0.09753739,0.057767317,0.15905076,none
A016002,R00,16654.73,high,none,0.8214335,0.06880599,0.025476702,0.084283836,none
A035183,R09,6546.8,high,large_withdrawal,0.9429166,0.018816562,0.020567387,0.017699465,none
A039387,R09,4137.49,low,none,0.8966299,0.012984014,0.012359563,0.078026436,none
A013920,R01,1451.94,low,none,0.92995864,0.0036306956,0.044467736,0.02194293,none
A036061,R04,5308.46,high,none,0.904794,0.028307071,0.05010481,0.016794207,none
A024758,R09,3350.0,low,none,0.8910015,0.02178575,0.015010971,0.07220179,none
A009999,R06,8516.14,high,none,0.8411101,0.039959203,0.04037028,0.0785604,none
A006773,R03,34853.94,high,none,0.9200507,0.015890751,0.0069763646,0.057082247,none
A033154,R06,2495.31,low,large_withdrawal,0.8570348,0.025548667,0.031087572,0.08632897,none
A011601,R06,715.58,low,none,0.8671925,0.023971431,0.021414345,0.087421715,none
A031581,R00,5079.83,high,none,0.9278781,0.03019371,0.011706613,0.030221561,none
A026962,R03,24126.35,high,none,0.8555468,0.0150577305,0.052338142,0.077057295,none
A035487,R01,8007.57,high,none,0.9722249,0.0040156823,0.005701369,0.01805802,none
A020269,R09,3465.77,low,large_withdrawal,0.84892404,0.06635357,0.063490294,0.021232069,none
A023455,R04,6559.53,high,dormant,0.9126818,0.028718974,0.03041859,0.028180609,none
A023903,R07,415.16,low,none,0.8553981,0.0253888,0.027593857,0.091619186,none
A035646,R07,16372.59,high,none,0.92463464,0.055599276,0.0066455356,0.013120619,none
A015212,R00,6856.53,high,none,0.9226371,0.03866471,0.01053973,0.02815853,none
A026652,R01,56877.12,high,none,0.8968712,0.012658168,0.0039896746,0.08648093,none
A039638,R02,2883.01,low,none,0.93685615,0.0042119185,0.02413054,0.034801405,none
A023727,R02,8816.08,high,none,0.87220883,0.013108653,0.033657525,0.08102499,none
A026260,R00,5483.42,high,none,0.94139975,0.02791026,0.004475902,0.026214063,none
A031946,R02,2705.91,low,none,0.9701286,0.012095387,0.0032684966,0.014507504,none
A039344,R02,1984.63,low,none,0.8807522,0.027603906,0.0547752,0.036868718,none
A023682,R00,1662.29,low,dormant,0.7965835,0.049522493,0.055802073,0.098091975,none
A028541,R01,9035.26,high,dd_stop,0.8784741,0.038188625,0.014826336,0.06851097,none
A003842,R08,2659.25,low,none,0.90354294,0.048905414,0.0155938445,0.031957813,none
A039805,R04,10657.66,high,none,0.94205534,0.007347706,0.0269493,0.023647703,none
A001360,R01,6453.21,high,dormant,0.91679215,0.005103454,0.020262992,0.05784142,none
A021198,R07,4983.94,high,none,0.81115663,0.09324848,0.07707994,0.018514937,none
A018860,R08,5222.31,high,none,0.8917858,0.076433875,0.0127864415,0.018993929,none
A008510,R09,2203.37,low,none,0.91387576,0.039684583,0.028708464,0.017731197,none
A033170,R06,23103.42,high,none,0.91969913,0.0038054665,0.059272666,0.017222697,none
A006463,R03,5233.66,high,none,0.9493419,0.01838844,0.0030458758,0.02922379,none
A002929,R08,22578.01,high,none,0.83749217,0.015499607,0.033364348,0.11364392,none
A023401,R04,13371.01,high,none,0.8899726,0.031156419,0.0068414845,0.07202946,none
A020389,R03,2215.72,low,none,0.8318062,0.022566415,0.056026217,0.08960116,none
A008067,R06,4018.81,low,none,0.8937744,0.022078037,0.05517328,0.028974326,none
A024430,R07,832.96,low,none,0.96218556,0.016843632,0.0052182125,0.01575258,none
A022932,R05,1676.63,low,none,0.96575457,0.011111182,0.005192603,0.017941648,none
A017499,R00,683.29,low,dormant,0.7790731,0.08825565,0.026951963,0.10571931,none
A037231,R08,1213.39,low,none,0.91040653,0.04421168,0.017808959,0.02757278,none
A036628,R03,2533.02,low,none,0.834324,0.045332216,0.0155214425,0.10482232,none
A022760,R08,6367.4,high,none,0.9548753,0.008389618,0.008191702,0.028543368,none
A000749,R09,5041.9,high,none,0.95832044,0.009425439,0.0048884917,0.027365696,none
A028077,R05,6986.82,high,none,0.8633567,0.019774072,0.035447776,0.0814214,none
A027689,R04,9844.67,high,none,0.8394843,0.016836256,0.049201775,0.0944777,none
A002759,R03,4972.81,low,none,0.88461727,0.023201376,0.0061956625,0.08598565,none
A006517,R00,4341.67,low,dormant,0.85741156,0.06129652,0.003443061,0.077848844,none
A015935,R05,4554.93,low,none,0.8484803,0.00093264715,0.04268234,0.107904695,none
A008103,R03,937.61,low,none,0.93584454,0.027329203,0.017370313,0.019455953,none
A008761,R03,5677.86,high,none,0.94627994,0.022962138,0.004663578,0.0260943,none
A002048,R03,6339.88,high,none,0.9553617,0.0094974125,0.00459593,0.030544987,none
A027359,R02,5967.78,high,none,0.917217,0.04643461,0.023724157,0.012624236,none
A030663,R02,6214.01,high,none,0.87668055,0.05740671,0.03935831,0.026554499,none
A021737,R04,4204.97,low,none,0.9372443,0.01152829,0.015530291,0.035697144,none
A002456,R07,2744.87,low,none,0.9135704,0.008277557,0.024396313,0.053755786,none
A008058,R02,2878.31,low,none,0.9124082,0.023267472,0.03644598,0.027878389,none
A002904,R00,15718.58,high,none,0.89416176,0.042675283,0.024479922,0.038683083,none
A007986,R04,3949.37,low,none,0.8977274,0.01996486,0.041009635,0.041298084,none
A026799,R05,2190.16,low,none,0.8161687,0.011916758,0.07437427,0.09754029,none
A027642,R07,86730.15,high,none,0.9398517,0.02680091,0.012087389,0.021260032,none
A024015,R03,2100.95,low,none,0.78346,0.049010362,0.06457449,0.102955125,none
A024895,R07,31694.04,high,none,0.91613424,0.044748608,0.020682896,0.018434243,none
A031661,R07,6014.7,high,none,0.86773694,0.03231718,0.019685073,0.08026083,none
A024705,R09,4084.01,low,none,0.8635252,0.009887966,0.08006954,0.0465172,none
A009409,R00,15452.44,high,none,0.91802615,0.020931242,0.0036911818,0.05735144,none
A017240,R08,23204.25,high,dormant,0.9505885,0.012289486,0.006777449,0.030344581,none
A038317,R00,4503.5,low,dd_stop,0.93236095,0.036129326,0.0074476562,0.024062127,none
A020648,R05,2514.28,low,none,0.8351455,0.09135018,0.05558156,0.017922727,none
A034202,R09,51500.47,high,none,0.93733686,0.027726026,0.011888545,0.0230486,none
A006581,R05,1744.71,low,none,0.9389137,0.016435891,0.017902246,0.026748136,none
A003347,R01,2377.39,low,dormant,0.8744121,0.071294785,0.033112746,0.021180378,none
A012743,R02,1835.03,low,none,0.5317788,0.08386133,0.008859962,0.3754999,none
A036534,R00,24021.43,high,none,0.9187869,0.025564171,0.020361235,0.03528765,none
A039725,R06,6763.31,high,none,0.95485705,0.020892125,0.004157475,0.020093422,none
A033966,R04,10414.46,high,none,0.8780563,0.043322183,0.052581895,0.026039613,none
A006209,R06,1339.44,low,dormant,0.8975973,0.04752113,0.031593863,0.023287658,none
A015422,R09,4409.96,low,none,0.9429316,0.015080187,0.012955113,0.029033162,none
A016207,R04,10423.95,high,none,0.9020619,0.0707445,0.010170475,0.017023182,none
A039558,R08,6113.79,high,none,0.83773875,0.04665796,0.015012968,0.1005903,none
A037319,R07,4657.97,low,dd_stop,0.85962343,0.006658089,0.021992521,0.11172589,none
A039898,R03,954.86,low,none,0.9370863,0.031789962,0.0076539693,0.023469744,none
A037708,R09,6718.82,high,large_withdrawal,0.91771764,0.045477465,0.015696568,0.021108339,none
A020859,R03,5016.61,high,dormant,0.44196197,0.015911283,0.009729004,0.53239775,dormant
A037823,R05,1975.19,low,none,0.794252,0.13492104,0.054046147,0.016780859,none
A005071,R07,15479.08,high,none,0.938009,0.0015972909,0.042724434,0.017669255,none
A007778,R02,3711.78,low,none,0.76370746,0.04048903,0.07232711,0.12347635,none
A021806,R06,9295.67,high,none,0.91382927,0.024449624,0.032837424,0.028883662,none
A011695,R03,28672.31,high,none,0.9561988,0.00091001665,0.011987199,0.030903969,none
A010044,R05,2597.36,low,none,0.8227133,0.031758934,0.040352494,0.10517521,none
A037679,R06,10125.42,high,none,0.83101505,0.12296308,0.027686791,0.01833514,none
A029504,R09,5716.91,high,none,0.90455306,0.05580106,0.023608267,0.016037598,none
A013613,R00,2201.82,low,none,0.8974486,0.034041643,0.03364411,0.03486568,none
A006490,R07,6468.21,high,none,0.9312268,0.027174715,0.025053268,0.016545229,none
A023889,R00,787.18,low,dd_stop,0.85563153,0.07300163,0.04438186,0.026984986,none
A012832,R04,4791.07,low,none,0.847005,0.01215475,0.006313055,0.13452718,none
A008842,R07,6411.1,high,none,0.8748108,0.013381317,0.014721809,0.09708604,none
A002138,R00,10002.15,high,none,0.90655863,0.03141078,0.00839975,0.053630896,none
A018374,R08,2680.87,low,none,0.9076704,0.031470377,0.031327933,0.029531281,none
A022443,R00,8231.22,high,none,0.9014411,0.034170933,0.029104592,0.035283353,none
A030200,R06,5482.74,high,none,0.8741657,0.025453202,0.004028783,0.096352264,none
A011003,R04,1744.5,low,none,0.94299453,0.008290403,0.02770007,0.021014933,none
A009378,R00,23318.14,high,none,0.83653665,0.039729368,0.09057539,0.033158544,none
A014215,R07,6534.51,high,none,0.88105255,0.009800397,0.070442885,0.038704123,none
A022778,R01,1056.39,low,none,0.71603686,0.11628381,0.022974465,0.14470483,none
A035743,R01,6237.06,high,none,0.8093076,0.10695515,0.065147504,0.01858979,none
A007214,R07,2114.28,low,none,0.76971406,0.08573664,0.113910906,0.030638387,none
A000759,R03,19602.44,high,none,0.7749392,0.021942014,0.10124274,0.101876095,none
A001730,R02,902.31,low,none,0.9414665,0.015150157,0.01096082,0.032422535,none
A008429,R03,20887.36,high,none,0.936853,0.014496417,0.028961172,0.019689403,none
A037302,R00,2867.68,low,none,0.93654025,0.03763904,0.0077551263,0.018065622,none
A024592,R02,16431.44,high,none,0.8408581,0.035487752,0.044849556,0.07880463,none
A024231,R04,2929.2,low,none,0.5761453,0.011512426,0.021648388,0.39069387,none
A018078,R06,57489.29,high,none,0.9382434,0.007877169,0.024886606,0.028992793,none
A038630,R00,1123.15,low,none,0.92126733,0.048827965,0.0070246346,0.0228801,none
A014887,R07,11420.84,high,none,0.77547747,0.10375157,0.026067805,0.09470317,none
A016338,R07,12081.7,high,none,0.7913525,0.08221677,0.10259724,0.02383349,none
A014206,R06,2230.72,low,none,0.9286233,0.026867984,0.019641938,0.024866823,none
A020523,R02,10476.58,high,none,0.88833624,0.028312745,0.0053104702,0.07804053,none
A004752,R08,1685.73,low,none,0.9684392,0.0071924,0.0054887193,0.018879695,none
A024773,R09,229.09,low,none,0.8978253,0.008388812,0.04119778,0.052588116,none
A005435,R04,1681.3,low,none,0.95113313,0.0052415114,0.0131886685,0.030436665,none
A002337,R06,1687.68,low,none,0.95094615,0.0043975473,0.02380184,0.020854421,none
A021531,R00,10137.7,high,none,0.89604646,0.0672491,0.014797914,0.021906449,none
A029972,R01,458.36,low,none,0.8778475,0.007309231,0.023584384,0.091258846,none
A014090,R08,1337.61,low,none,0.8289074,0.024023458,0.04558582,0.101483315,none
A031552,R06,25069.26,high,none,0.93451846,0.023069369,0.026514858,0.01589733,none
A035318,R00,9481.4,high,none,0.9415932,0.035147693,0.0049228184,0.018336222,none
A013040,R06,5432.81,high,none,0.92813915,0.017153185,0.02436797,0.030339649,none
A024655,R06,3903.93,low,none,0.9661647,0.0056041763,0.0062949145,0.021936258,none
A003699,R07,1684.16,low,none,0.78092897,0.069999814,0.019217025,0.12985419,none
A037455,R08,3591.63,low,none,0.8601462,0.01715174,0.030389618,0.092312455,none
A005225,R00,1539.69,low,none,0.88514113,0.021213362,0.04719134,0.04645418,none
A015031,R05,1855.2,low,none,0.9551112,0.03389495,0.0017804388,0.009213446,none
A034838,R07,1899.57,low,none,0.93006915,0.008724359,0.03342981,0.027776692,none
A010855,R02,2884.11,low,none,0.8823369,0.023112023,0.06511277,0.029438348,none
A000167,R01,2998.62,low,none,0.8118236,0.04059857,0.06790762,0.07967021,none
A029290,R03,3929.38,low,none,0.86509526,0.045084953,0.0657999,0.024019929,none
A034378,R04,11433.47,high,dormant,0.84700286,0.042714,0.024563763,0.08571934,none
A037930,R00,2546.2,low,none,0.91681874,0.011303318,0.03860155,0.033276428,none
A001904,R01,53179.2,high,none,0.8184915,0.003366267,0.13427,0.043872204,none
A005619,R09,6306.77,high,none,0.86000675,0.04177905,0.07586965,0.02234459,none
A006853,R06,28918.12,high,none,0.8733443,0.0038006688,0.060678888,0.06217621,none
A032344,R02,1279.76,low,none,0.9439843,0.0015134503,0.0125354435,0.04196676,none
A034958,R08,8028.79,high,none,0.86835885,0.07905687,0.035323642,0.017260585,none
A035558,R06,4406.04,low,none,0.9174494,0.024123348,0.0280232,0.030404039,none
A003380,R05,34922.71,high,none,0.96236473,0.017955435,0.007481182,0.012198715,none
A019460,R08,13478.14,high,none,0.8730947,0.016472869,0.012218364,0.098214135,none
A013340,R01,2990.92,low,dormant,0.6095151,0.049754903,0.037338633,0.3033914,none
A013806,R05,29439.6,high,large_withdrawal,0.89121854,0.028962603,0.017076585,0.06274222,none
A003409,R06,11331.22,high,none,0.9440759,0.010167961,0.019877529,0.025878608,none
A030058,R07,6257.48,high,none,0.8188621,0.04701708,0.05938915,0.07473176,none
A034883,R06,49088.37,high,none,0.87431645,0.031355653,0.010644733,0.08368315,none
A021594,R06,4877.0,low,none,0.85206395,0.0056048557,0.056502186,0.085829005,none
A037394,R06,20928.99,high,none,0.72450507,0.014535362,0.0048644957,0.2560951,none
A021978,R02,6649.64,high,dd_stop,0.86933804,0.03987142,0.06881569,0.02197487,none
A023847,R05,2272.51,low,none,0.8838478,0.0054130694,0.021216119,0.089523025,none
A007346,R04,30166.26,high,none,0.85884297,0.051841915,0.05699799,0.032317065,none
A003684,R00,773.62,low,none,0.8757298,0.03302347,0.057671197,0.033575516,none
A013477,R05,13230.43,high,none,0.8058028,0.022504069,0.08424223,0.08745092,none
A021157,R09,17052.65,high,none,0.79488206,0.0063145594,0.025049217,0.17375419,none
A002145,R01,2832.1,low,none,0.8912891,0.011462155,0.0056109848,0.09163779,none
A032041,R07,1110.96,low,none,0.8746753,0.036995396,0.0078075873,0.08052176,none
A034673,R09,5333.98,high,none,0.9525101,0.0033119048,0.014056674,0.030121336,none
A026343,R00,9908.42,high,none,0.96465534,0.01626378,0.004609514,0.014471424,none
A017896,R04,25041.54,high,none,0.94669133,0.0064533465,0.030986516,0.01586882,none
A023688,R06,3758.9,low,none,0.8082072,0.07513402,0.10006583,0.01659293,none
A031181,R04,6554.95,high,none,0.8259652,0.100978605,0.038839236,0.034216896,none
A001118,R03,27268.27,high,none,0.92857397,0.00779264,0.022997236,0.040636223,none
A034870,R08,4537.95,low,none,0.91724515,0.031000992,0.017852532,0.033901278,none
A012894,R05,38443.32,high,none,0.8927682,0.017203959,0.022034904,0.067992926,none
A006195,R05,3616.0,low,none,0.88580185,0.068079844,0.02805976,0.018058598,none
A004405,R03,6682.55,high,none,0.95331407,0.005281053,0.01250755,0.028897354,none
A031271,R06,3556.42,low,none,0.9359886,0.022206971,0.006216047,0.03558836,none
A028890,R07,2551.18,low,none,0.8687495,0.07482094,0.03893788,0.017491676,none
A008034,R06,15178.69,high,none,0.79786825,0.0046777874,0.025321499,0.17213248,none
A006750,R07,5783.07,high,none,0.96529895,0.014574744,0.002903785,0.01722258,none
A033403,R03,2507.21,low,none,0.8438403,0.04332979,0.06459781,0.048232056,none
A008388,R09,11376.85,high,none,0.9413408,0.004055001,0.025354158,0.029249983,none
A033345,R07,9570.83,high,none,0.8209453,0.02021217,0.07550127,0.083341256,none
A013656,R04,3028.59,low,large_withdrawal,0.91489697,0.025594715,0.03232713,0.02718118,none
A030322,R03,13650.63,high,none,0.9187578,0.010056557,0.003965201,0.06722048,none
A030110,R02,11695.53,high,dormant,0.85465175,0.012561489,0.0136453705,0.11914136,none
A038472,R05,934.6,low,none,0.96307236,0.020493062,0.0025352181,0.013899337,none
A005257,R08,1948.96,low,none,0.79876024,0.06442847,0.013510559,0.123300724,none
A031770,R04,2549.06,low,none,0.8406312,0.0094450135,0.062134244,0.08778961,none
A024803,R00,5844.76,high,none,0.92972267,0.020743046,0.026859732,0.022674516,none
A030064,R00,5355.37,high,none,0.85449994,0.019996969,0.032159608,0.093343444,none
A024211,R03,4031.58,low,none,0.9158937,0.025837379,0.033834107,0.02443486,none
A011183,R07,19806.26,high,none,0.9610542,0.016552158,0.0055143614,0.016879223,none
A019066,R00,2838.96,low,none,0.9141362,0.027920075,0.025658097,0.032285623,none
A021557,R01,16584.88,high,none,0.87924707,0.02058774,0.0157727,0.08439248,none
A039422,R02,10137.05,high,none,0.95215195,0.00349914,0.0196641,0.024684837,none
A014917,R05,1605.81,low,none,0.8183783,0.060752396,0.09039546,0.030473793,none
A029625,R00,573.64,low,none,0.87099975,0.07760519,0.027657473,0.023737598,none
A034345,R06,40742.27,high,dormant,0.8024731,0.01135424,0.0057520075,0.18042065,none
A004732,R07,20587.02,high,none,0.9410685,0.008235281,0.005465496,0.045230746,none
A018213,R01,8570.12,high,large_withdrawal,0.8508636,0.07260036,0.05824187,0.018294198,none
A021292,R02,3834.68,low,none,0.8593432,0.018652132,0.08480203,0.03720272,none
A001352,R00,11187.26,high,none,0.9220201,0.05865206,0.0053360695,0.01399174,none
A029608,R02,15280.17,high,none,0.8477121,0.0371393,0.015152812,0.09999576,none
A032921,R05,1805.47,low,none,0.9377646,0.002914904,0.032355115,0.02696541,none
A019843,R06,1114.73,low,none,0.62577635,0.043993462,0.020324307,0.3099059,none
A011206,R01,756.48,low,none,0.8817035,0.064428166,0.037623703,0.01624463,none
A015372,R06,17827.89,high,none,0.9502142,0.0017030503,0.016710186,0.031372577,none
A025493,R06,1960.45,low,none,0.84228504,0.003853034,0.053173684,0.10068821,none
A023739,R01,10832.96,high,dd_stop,0.9079395,0.044412073,0.030878646,0.016769862,none
A003622,R06,4867.74,low,none,0.83067614,0.01860486,0.038390685,0.11232829,none
A020644,R03,2283.97,low,none,0.8553704,0.025550624,0.031360656,0.087718345,none
A005167,R04,2265.29,low,none,0.90821725,0.030223072,0.034731016,0.026828626,none
A018218,R03,16153.97,high,none,0.93134195,0.033826772,0.011210331,0.023620998,none
A011676,R01,23059.78,high,dd_stop,0.87524337,0.025359508,0.06968889,0.029708242,none
A032888,R06,6873.56,high,none,0.8465791,0.050270543,0.0700728,0.033077616,none
A039285,R09,23279.11,high,none,0.9363753,0.008486984,0.024293633,0.030844137,none
A005602,R00,821.21,low,none,0.8854773,0.08127154,0.008639042,0.024612172,none
A007285,R03,12706.46,high,none,0.9223009,0.02152259,0.029703733,0.026472822,none
A021487,R03,4791.73,low,none,0.9380882,0.014595429,0.014957169,0.03235914,none
A004263,R08,5644.92,high,none,0.95866364,0.0051657706,0.005942359,0.030228226,none
A004657,R09,8541.41,high,none,0.8989125,0.028625168,0.0062395874,0.06622281,none
A022892,R04,10867.57,high,none,0.88360363,0.03304565,0.04503121,0.038319495,none
A023097,R04,166.75,low,none,0.87897384,0.045581624,0.041724086,0.033720452,none
A011754,R01,546.2,low,none,0.95895076,0.016818525,0.0039477656,0.020282874,none
A005409,R08,7372.72,high,none,0.9065139,0.051640462,0.023508495,0.018337134,none
A001429,R07,3360.9,low,dormant,0.94267625,0.0078005847,0.017820153,0.03170303,none
A022723,R01,6324.37,high,none,0.88349116,0.015707735,0.07993709,0.020864056,none
A026629,R04,13193.52,high,large_withdrawal,0.80548537,0.030031879,0.06294022,0.10154256,none
A005707,R01,2257.9,low,none,0.91770035,0.036238804,0.025068507,0.02099239,none
A009790,R09,2837.69,low,none,0.7442649,0.103168614,0.043647487,0.10891902,none
A033780,R01,2959.82,low,dormant,0.8686299,0.020162359,0.0057396283,0.105468094,none
A011141,R07,3423.64,low,none,0.69952285,0.009636329,0.072165616,0.21867521,none
A036371,R07,27356.63,high,none,0.9713047,0.009387759,0.0066910465,0.01261649,none
A014176,R07,4088.0,low,none,0.9432862,0.0006640272,0.02676978,0.029279979,none
A031797,R05,12077.35,high,none,0.95003396,0.011681249,0.012804151,0.025480589,none
A037248,R04,2350.92,low,none,0.9335122,0.02727571,0.018791193,0.020420829,none
A039287,R07,77986.63,high,none,0.94646806,0.0033692943,0.021049077,0.029113613,none
A013386,R08,10374.08,high,none,0.6267594,0.0046800165,0.008927501,0.35963306,none
A026541,R07,29448.39,high,none,0.95267755,0.009519314,0.004604287,0.03319888,none
A007201,R01,3688.02,low,none,0.9249582,0.024240706,0.020073691,0.030727351,none
A011481,R00,10800.28,high,none,0.84544104,0.07757742,0.037047945,0.039933596,none
A000163,R06,1063.39,low,none,0.91989976,0.024445195,0.02910852,0.026546495,none
A034855,R08,16704.75,high,none,0.87582135,0.015740462,0.075328104,0.033110134,none
A007711,R01,2419.47,low,none,0.8681431,0.035167307,0.0060856068,0.09060401,none
A017642,R09,916.13,low,none,0.82921046,0.06772388,0.07366451,0.029401138,none
A009181,R03,727.58,low,none,0.8868126,0.027803814,0.057059053,0.028324505,none
A002248,R02,13561.88,high,none,0.91631156,0.006391288,0.009835,0.06746217,none
A026003,R05,12452.66,high,none,0.9492294,0.021869624,0.008308433,0.02059255,none
A014781,R09,9693.68,high,none,0.833776,0.03694167,0.10627118,0.023011103,none
A022381,R05,3877.39,low,none,0.91794014,0.0010969318,0.036735762,0.044227112,none
A023806,R06,18589.38,high,none,0.85585344,0.03215261,0.08941039,0.022583619,none
A020052,R06,13398.96,high,none,0.86358255,0.00466664,0.045688447,0.08606238,none
A027280,R08,7648.65,high,none,0.96919674,0.008881482,0.0026737968,0.019247945,none
A007071,R01,2984.72,low,none,0.9005677,0.026140368,0.040776607,0.03251529,none
A035036,R03,16044.29,high,none,0.9210539,0.038564254,0.018240953,0.022140874,none
A009453,R02,929.82,low,none,0.88099897,0.028402038,0.039092496,0.051506434,none
A031790,R07,8003.39,high,none,0.9293319,0.013129561,0.034625154,0.022913326,none
A021301,R00,1268.87,low,none,0.79881424,0.11076477,0.07379833,0.016622616,none
A037775,R09,19382.84,high,none,0.6209216,0.016907824,0.0055591282,0.3566115,none
A021471,R04,2255.89,low,none,0.86469305,0.018750783,0.019207632,0.097348504,none
A002157,R05,1051.81,low,none,0.92227584,0.050845128,0.01604498,0.010834039,none
A004593,R07,3679.71,low,none,0.8374454,0.041250832,0.04293143,0.078372374,none
A002420,R04,5303.58,high,none,0.74080175,0.089327835,0.022242086,0.14762832,none
A023532,R02,255.09,low,none,0.9118184,0.014823318,0.031838767,0.041519515,none
A033615,R08,4306.04,low,none,0.92572665,0.022268368,0.012674837,0.039330117,none
A023517,R02,5260.88,high,none,0.8727226,0.03761883,0.057417706,0.03224083,none
A002792,R09,2241.84,low,none,0.8693836,0.017189646,0.022107871,0.09131897,none
A039209,R09,8710.59,high,none,0.9276753,0.02629233,0.024541082,0.021491267,none
A035281,R02,3936.69,low,none,0.9240915,0.03794488,0.02391268,0.014050965,none
A005373,R07,3406.76,low,none,0.95201164,0.019993665,0.0027269789,0.025267674,none
A037943,R07,4656.46,low,none,0.6948751,0.023661112,0.01577925,0.26568457,none
A008641,R01,1177.66,low,none,0.92529887,0.034309804,0.018141683,0.02224965,none
A038093,R06,228.77,low,none,0.9237013,0.021706019,0.01712056,0.037472155,none
A006276,R02,2078.36,low,none,0.7738448,0.08434432,0.06784171,0.0739692,none
A007004,R08,1824.72,low,none,0.9549058,0.008422575,0.0042842478,0.032387406,none
A010838,R01,6933.17,high,none,0.9398728,0.008832554,0.03183014,0.01946457,none
A013572,R02,2871.42,low,none,0.6730673,0.021247603,0.04736925,0.25831586,none
A005614,R05,7495.46,high,none,0.9334567,0.029339897,0.014372318,0.022831034,none
A028792,R08,1106.04,low,large_withdrawal,0.88514644,0.041013833,0.011135969,0.06270374,none
A035339,R01,1851.76,low,none,0.92865497,0.018358624,0.011015163,0.04197131,none
A017114,R05,5663.09,high,dormant,0.93826574,0.012491105,0.02157478,0.027668336,none
A018815,R04,10508.22,high,none,0.8707465,0.012687471,0.08095248,0.035613563,none
A023132,R09,8530.26,high,none,0.76458746,0.060130857,0.08288318,0.09239852,none
A033727,R07,2801.72,low,none,0.91153383,0.059163682,0.012526862,0.016775565,none
A035585,R05,29909.78,high,dd_stop,0.93421626,0.03408798,0.012463345,0.01923243,none
A009455,R04,1597.78,low,none,0.95819026,0.0027774172,0.015191657,0.023840608,none
A007153,R00,1558.33,low,none,0.9107992,0.009735098,0.005300458,0.07416526,none
A011656,R00,5471.77,high,none,0.8882499,0.032822836,0.048676696,0.03025057,none
A026306,R06,2890.36,low,none,0.83846587,0.03130369,0.04252876,0.08770171,none
A020156,R06,1583.9,low,none,0.9519982,0.013724921,0.0045314557,0.029745467,none
A017432,R09,21403.96,high,none,0.9415794,0.027522098,0.005435616,0.025462938,none
A021681,R05,19235.73,high,none,0.80625784,0.031885013,0.065497294,0.09635991,none
A008479,R04,3683.45,low,none,0.95361763,0.017734604,0.0063236426,0.022324169,none
A029486,R03,27437.82,high,none,0.8314446,0.04230479,0.033961553,0.09228899,none
A000921,R09,771.31,low,none,0.89268184,0.055032182,0.024912542,0.027373388,none
A022647,R08,5560.21,high,none,0.8122137,0.015888447,0.06706918,0.104828715,none
A007661,R03,1034.98,low,none,0.8734025,0.02904212,0.05906104,0.038494393,none
A030543,R02,585.64,low,none,0.91445374,0.0033164516,0.04524481,0.03698501,none
A015250,R06,10029.88,high,none,0.95760554,0.013185591,0.0056435717,0.023565339,none
A030404,R01,8065.95,high,dormant,0.66337895,0.018235207,0.05207251,0.2663133,none
A032155,R01,12930.81,high,none,0.9034924,0.02922612,0.043017115,0.024264378,none
A018312,R08,454.36,low,none,0.9397912,0.015240052,0.019956388,0.025012327,none
A023178,R06,14002.21,high,none,0.8651497,0.0071380874,0.029305939,0.098406285,none
A015966,R08,1933.32,low,none,0.8864838,0.0017407871,0.06900056,0.042774852,none
A024642,R06,2712.92,low,none,0.772536,0.009934933,0.005713597,0.21181548,none
A014805,R05,1182.09,low,none,0.9121034,0.05843566,0.018037925,0.011423006,none
A036707,R06,440.66,low,none,0.8474672,0.020133562,0.036358587,0.09604068,none
A020628,R07,9049.49,high,none,0.93846846,0.04618922,0.006787796,0.008554563,none
A033043,R00,16359.62,high,none,0.85828835,0.016838238,0.09430769,0.030565768,none
A026002,R00,4464.36,low,large_withdrawal,0.91448987,0.018383974,0.035960842,0.031165319,none
A018521,R07,1524.88,low,large_withdrawal,0.8931529,0.0141576575,0.06573862,0.02695082,none
A029654,R05,5044.37,high,none,0.84900385,0.030258065,0.023473794,0.09726425,none
A004450,R04,83564.88,high,none,0.8065231,0.0048117065,0.029596,0.1590692,none
A014827,R04,10436.5,high,none,0.7858298,0.08597375,0.03502017,0.09317628,none
A030669,R04,11742.87,high,none,0.94113517,0.03195769,0.0061796713,0.020727506,none
A021686,R06,2362.0,low,dormant,0.72074056,0.013409336,0.011244813,0.25460523,none
A031035,R05,10568.73,high,none,0.9457562,0.00767678,0.01258337,0.033983648,none
A014639,R09,10037.91,high,none,0.7910884,0.05882697,0.011911905,0.13817269,none
A009292,R08,4471.33,low,none,0.82719314,0.05879647,0.08634726,0.027663143,none
A003793,R02,3519.5,low,none,0.8170904,0.06152902,0.0887153,0.032665305,none
A023002,R01,4305.02,low,dormant,0.8688314,0.015230211,0.012028124,0.10391026,none
A025000,R04,9789.09,high,none,0.9060927,0.06486772,0.0069543463,0.022085274,none
A028162,R08,1859.95,low,none,0.8994906,0.042055435,0.03091427,0.027539743,none
A006765,R02,15489.94,high,none,0.9338517,0.036877684,0.008722749,0.02054783,none
A003128,R00,4738.19,low,dormant,0.87478405,0.03458512,0.018643266,0.071987525,none
A005196,R05,1243.65,low,none,0.9002116,0.041027978,0.036766317,0.021994103,none
A030475,R03,4608.84,low,none,0.85351783,0.040705845,0.007823093,0.09795319,none
A014517,R08,5878.87,high,none,0.885625,0.019180529,0.003149504,0.092045024,none
A033427,R02,8715.42,high,dormant,0.85116094,0.03203654,0.005205151,0.11159737,none
A035158,R03,4775.91,low,dd_stop,0.8674135,0.06711327,0.04408263,0.0213906,none
A009796,R08,2169.33,low,none,0.90147614,0.045263834,0.031079873,0.022180095,none
A017573,R02,3701.83,low,none,0.59104455,0.012131972,0.040891886,0.3559316,none
A008162,R09,7347.88,high,none,0.87101907,0.034316424,0.07446167,0.02020286,none
A038826,R06,392.84,low,none,0.9091243,0.02474645,0.04504254,0.021086691,none
A023955,R09,12874.03,high,none,0.8559308,0.041749157,0.02022465,0.08209539,none
A024025,R09,2583.15,low,none,0.974732,0.0059586326,0.0042112195,0.015098168,none
A030353,R09,18565.2,high,none,0.9098819,0.021239974,0.04101936,0.027858758,none
A033275,R09,4053.19,low,none,0.905125,0.04359637,0.024897246,0.02638134,none
A036063,R09,3268.56,low,none,0.95485693,0.008391408,0.006034792,0.030716863,none
A019829,R05,1466.75,low,dormant,0.6849993,0.029638624,0.022219844,0.26314223,none
A038348,R06,3278.55,low,none,0.93398464,0.01500853,0.027571399,0.023435472,none
A033575,R08,4379.73,low,none,0.96663976,0.0008915413,0.007105856,0.025362846,none
A020770,R09,3743.13,low,none,0.9397519,0.014245387,0.021686526,0.024316201,none
A025507,R04,8124.04,high,none,0.94592535,0.0153668625,0.006726679,0.03198114,none
A037026,R03,20814.62,high,none,0.90000856,0.018507719,0.034507122,0.046976633,none
A026342,R04,24171.75,high,dormant,0.893366,0.072622925,0.008902616,0.025108468,none
A034427,R02,13761.76,high,none,0.9480413,0.027800985,0.006591517,0.017566152,none
A000401,R00,1787.44,low,dd_stop,0.77376544,0.08403273,0.11736626,0.02483552,none
A002486,R07,7008.98,high,none,0.9276548,0.049521156,0.00395328,0.018870711,none
A014755,R09,4528.97,low,none,0.9518115,0.025536561,0.004827499,0.01782443,none
A018173,R07,6502.35,high,none,0.90774727,0.011058108,0.061993804,0.019200752,none
A001664,R07,1276.27,low,none,0.7587924,0.114543885,0.07852904,0.04813463,none
A004282,R06,50146.36,high,none,0.8916792,0.055613015,0.027009688,0.025698023,none
A028263,R09,1704.93,low,none,0.890734,0.018598806,0.05414788,0.03651929,none
A016068,R00,19624.8,high,none,0.9347169,0.020229679,0.017493717,0.027559726,none
A003830,R08,2503.77,low,none,0.83483654,0.042151626,0.031640135,0.09137165,none
A021324,R07,3518.49,low,none,0.926778,0.044427097,0.0060202787,0.022774637,none
A009416,R09,10263.96,high,none,0.9009441,0.029650824,0.023227777,0.0461773,none
A018642,R04,5918.68,high,none,0.8754083,0.03137378,0.059837505,0.033380434,none
A019830,R09,5678.01,high,none,0.910655,0.009064457,0.06251163,0.017768867,none
A008050,R07,6647.36,high,none,0.7572664,0.071948074,0.08662204,0.08416348,none
A027717,R08,12821.61,high,none,0.9757328,0.010204451,0.002971302,0.0110915,none
A030548,R02,44425.02,high,none,0.92705435,0.02141058,0.0071031437,0.044431914,none
A030415,R05,1575.81,low,none,0.8756531,0.06492632,0.030462844,0.02895767,none
A001036,R05,1240.83,low,none,0.9116137,0.0367859,0.028626645,0.022973778,none
A039499,R01,7759.24,high,none,0.8902828,0.013529051,0.015591087,0.08059709,none
A018196,R04,2090.21,low,none,0.9541096,0.012387467,0.0027513006,0.03075164,none
A026369,R01,2473.25,low,none,0.86835384,0.032064788,0.005904704,0.093676716,none
A012318,R03,4842.41,low,none,0.90272033,0.031135928,0.037862267,0.028281435,none
A007757,R08,11390.39,high,none,0.9394306,0.0258837,0.008784518,0.025901165,none
A002953,R07,2582.4,low,large_withdrawal,0.8664746,0.03202274,0.07003099,0.031471614,none
A028055,R07,12691.61,high,none,0.8952351,0.03288571,0.045985498,0.02589374,none
A037975,R06,7492.19,high,dormant,0.93861157,0.043726485,0.0072408393,0.010421083,none
A014488,R08,7565.68,high,none,0.9562492,0.014209424,0.012610493,0.01693084,none
A014506,R07,15211.29,high,none,0.8811058,0.026698519,0.06264354,0.029552156,none
A011542,R09,11673.87,high,dd_stop,0.95851785,0.013915907,0.008212523,0.019353678,none
A033084,R03,1793.36,low,none,0.9266258,0.039721686,0.020756282,0.012896243,none
A006040,R09,3707.4,low,none,0.92786044,0.015528123,0.034367822,0.022243677,none
A011161,R09,7609.97,high,none,0.96834844,0.00086595357,0.009080605,0.021704977,none
A030857,R07,650.82,low,none,0.94191223,0.009877252,0.022118047,0.026092477,none
A020676,R08,6237.6,high,dd_stop,0.8132156,0.10025053,0.063355215,0.023178611,none
A025662,R04,2419.53,low,large_withdrawal,0.9345399,0.021379264,0.009991557,0.034089297,none
A034131,R05,1878.32,low,none,0.9559555,0.012331099,0.011806788,0.019906577,none
A024534,R08,531.27,low,none,0.9260924,0.0182385,0.0241994,0.031469684,none
A011304,R06,5439.16,high,none,0.9270025,0.022014553,0.030558113,0.020424819,none
A009682,R04,2648.59,low,none,0.8435424,0.066443995,0.052325986,0.03768765,none
A014690,R01,10181.43,high,none,0.77898735,0.12086749,0.07903206,0.021113079,none
A034925,R04,4606.86,low,none,0.8962961,0.03888784,0.03637888,0.028437197,none
A009097,R05,1002.56,low,none,0.83681893,0.008468559,0.049692117,0.10502041,none
A009637,R06,458.23,low,none,0.8596448,0.018440377,0.036257282,0.08565759,none
A004333,R06,3187.13,low,none,0.8469183,0.0417451,0.005402838,0.10593377,none
A008175,R05,2870.65,low,none,0.93298966,0.038935408,0.00779626,0.020278715,none
A028225,R07,13380.12,high,none,0.95747435,0.02199124,0.0028918805,0.017642545,none
A010668,R08,6483.45,high,none,0.87254053,0.028464038,0.061559018,0.037436407,none
A035556,R00,7176.93,high,none,0.8572601,0.034832574,0.072494484,0.03541289,none
A003475,R09,5503.1,high,none,0.922774,0.048076972,0.0048709246,0.024278121,none
A003918,R05,14776.76,high,none,0.9363172,0.026095824,0.018730137,0.018856892,none
A012293,R05,15992.27,high,none,0.9551993,0.016549952,0.0066758613,0.021574927,none
A013261,R07,4337.79,low,none,0.9035328,0.004305891,0.0602587,0.0319026,none
A031346,R05,1693.4,low,none,0.9188793,0.040059216,0.017933644,0.023127878,none
A027412,R00,4682.99,low,none,0.745727,0.16089143,0.07127326,0.02210827,none
A002827,R08,4073.51,low,none,0.94418746,0.030698307,0.005886608,0.019227596,none
A028878,R00,3447.14,low,none,0.887083,0.06575062,0.03450388,0.012662498,none
A034054,R08,8879.78,high,none,0.86587757,0.018047655,0.030760467,0.0853143,none
A031695,R05,1230.12,low,none,0.66996837,0.027190706,0.0037836372,0.29905733,none
A037215,R03,2842.21,low,none,0.8505786,0.052540515,0.0635074,0.03337348,none
A021880,R03,2956.09,low,none,0.92890245,0.029263435,0.015684307,0.026149822,none
A028876,R03,2542.77,low,none,0.7507512,0.010530335,0.016893094,0.22182536,none
A001242,R05,15642.04,high,none,0.789237,0.047908213,0.07772443,0.08513028,none
A038946,R01,10809.8,high,none,0.94133955,0.0010869317,0.034700345,0.022873137,none
A001363,R00,6816.83,high,none,0.8435893,0.04913525,0.0859476,0.021327838,none
A007599,R08,4411.36,low,none,0.86568636,0.0033184148,0.01698493,0.11401036,none
A036903,R00,8706.8,high,none,0.9393537,0.033231553,0.00631058,0.021104151,none
A037563,R05,21183.75,high,none,0.7799605,0.11984602,0.0070166895,0.09317672,none
A020621,R01,6920.76,high,none,0.9707155,0.01029006,0.0048047896,0.014189623,none
A035907,R01,11908.22,high,large_withdrawal,0.86946994,0.045732763,0.003346279,0.08145101,none
A009956,R06,12057.06,high,none,0.88228285,0.0089142,0.0033339139,0.105469,none
A019152,R02,6731.33,high,dormant,0.6384258,0.028389474,0.013492955,0.3196918,none
A000189,R09,6281.2,high,none,0.8955885,0.00087680714,0.005284053,0.098250575,none
A008299,R03,11932.7,high,none,0.89964736,0.029768959,0.003102916,0.06748073,none
A006745,R04,29646.9,high,none,0.87039953,0.015562164,0.03166863,0.0823697,none
A013688,R08,2436.71,low,none,0.8817995,0.01963676,0.061735444,0.03682827,none
A002669,R07,1794.34,low,none,0.8369272,0.008898158,0.06470146,0.089473225,none
A009407,R03,15092.15,high,none,0.9203112,0.036498234,0.012109231,0.031081336,none
A019360,R08,12854.61,high,none,0.79233027,0.0068300525,0.038152937,0.16268672,none
A017947,R01,1292.98,low,none,0.9419419,0.008067028,0.023606852,0.026384179,none
A010664,R00,2961.96,low,none,0.93224436,0.03555537,0.012227329,0.019972915,none
A029599,R05,7821.87,high,none,0.9358029,0.025850402,0.021144576,0.017202131,none
A023243,R08,6519.54,high,none,0.8951659,0.012317703,0.061342593,0.03117373,none
A007246,R07,8331.13,high,none,0.9668892,0.008630299,0.011808989,0.012671449,none
A025986,R09,15474.17,high,none,0.9599276,0.00954578,0.0054409406,0.025085635,none
A015788,R09,4940.89,low,none,0.9503929,0.016828477,0.003659457,0.029119167,none
A023783,R03,5831.62,high,none,0.92254674,0.011190988,0.002828891,0.06343332,none
A036823,R02,3507.54,low,none,0.92567354,0.027658958,0.012525293,0.034142196,none
A011990,R02,6633.03,high,dd_stop,0.90223813,0.021018256,0.045147877,0.03159574,none
A012551,R04,3417.25,low,none,0.95571,0.0008713958,0.0070662373,0.036352362,none
A014395,R04,4209.09,low,none,0.92944074,0.03937281,0.0060580187,0.025128372,none
A023920,R03,2019.34,low,none,0.9104837,0.015961545,0.010643455,0.06291131,none
A024081,R06,2776.48,low,none,0.71017367,0.013945366,0.0340532,0.24182782,none
A023181,R06,6796.14,high,none,0.8916477,0.0009089121,0.0076684603,0.09977499,none
A001214,R08,4551.28,low,none,0.93280405,0.012128431,0.026403673,0.028663786,none
A030629,R07,1843.38,low,none,0.9470563,0.0009560925,0.009371102,0.042616505,none
A017895,R08,3328.94,low,none,0.9116767,0.029545318,0.023277448,0.035500538,none
A023594,R04,4558.36,low,none,0.7393163,0.0104285665,0.010696984,0.23955813,none
A032693,R09,3600.6,low,none,0.9060054,0.0034368562,0.057209335,0.03334843,none
A022939,R04,59110.59,high,none,0.78933394,0.015703626,0.025515087,0.1694473,none
A017417,R09,16945.28,high,none,0.86781603,0.0076148175,0.008397699,0.11617144,none
A026597,R05,5010.92,high,none,0.789049,0.06213588,0.052592516,0.0962226,none
A033212,R01,956.18,low,dormant,0.80010027,0.026022742,0.052164905,0.12171208,none
A018223,R05,7673.75,high,none,0.9073697,0.049964346,0.019942956,0.022723008,none
A003290,R00,4612.85,low,none,0.93977845,0.017088363,0.015013248,0.028120004,none
A016541,R05,9913.08,high,none,0.8813472,0.03677673,0.014527805,0.0673483,none
A037019,R01,3607.79,low,none,0.9196219,0.008386455,0.0041814726,0.067810185,none
A009103,R09,6037.79,high,none,0.92554945,0.016595412,0.03704564,0.020809505,none
A020765,R06,4309.65,low,none,0.8894457,0.03265609,0.044592228,0.033305995,none
A022264,R06,8511.74,high,none,0.79780716,0.14162622,0.041333083,0.019233534,none
A026265,R06,1626.28,low,none,0.943213,0.0007941153,0.016335318,0.039657556,none
A006226,R08,4303.06,low,none,0.8986485,0.016846238,0.05876492,0.025740327,none
A020899,R07,5252.6,high,none,0.95313406,0.021991061,0.0056063235,0.019268591,none
A016052,R09,12605.81,high,none,0.87040055,0.0076298956,0.010963782,0.11100573,none
A015293,R03,4225.84,low,none,0.84149605,0.01620681,0.043186642,0.09911053,none
A016353,R07,5436.22,high,none,0.8756489,0.030826844,0.06778149,0.02574279,none
A023795,R04,1062.16,low,none,0.8070606,0.08496524,0.07554435,0.03242978,none
A037317,R09,8502.98,high,dd_stop,0.86260843,0.038471054,0.077100486,0.021820048,none
A032675,R09,5600.76,high,none,0.8654294,0.025956055,0.015184203,0.0934303,none
A017154,R07,3132.61,low,none,0.93425924,0.013685118,0.027827278,0.024228368,none
A036190,R01,1052.94,low,large_withdrawal,0.8913786,0.074383065,0.017777655,0.01646069,none
A038398,R07,2394.1,low,dormant,0.8689495,0.017204374,0.030317156,0.08352899,none
A004401,R03,29533.59,high,none,0.88332826,0.025410717,0.06342434,0.027836736,none
A009778,R02,1203.76,low,none,0.8713334,0.022155538,0.06836447,0.03814664,none
A008751,R03,28024.58,high,none,0.9252921,0.01691381,0.037249263,0.020544924,none
A012629,R04,9879.49,high,none,0.90121406,0.00097294734,0.009634963,0.08817804,none
A019042,R06,14861.1,high,none,0.96660465,0.0006347584,0.007517525,0.025243076,none
A007131,R05,5737.19,high,none,0.9478382,0.0013636625,0.012821565,0.037976608,none
A020362,R09,1871.85,low,none,0.9563471,0.025283668,0.004804142,0.013565121,none
A038528,R05,32316.21,high,none,0.9305938,0.028814068,0.013509593,0.027082501,none
A006504,R00,8043.82,high,dd_stop,0.7863878,0.12029356,0.07025107,0.02306755,none
A004294,R05,14077.86,high,none,0.88219714,0.0641841,0.03171994,0.02189886,none
A015751,R03,10054.91,high,none,0.8269286,0.054695085,0.01098165,0.1073946,none
A028697,R09,9480.12,high,none,0.89995825,0.01423473,0.05875072,0.027056348,none
A017248,R02,3953.29,low,none,0.889028,0.053098768,0.032862794,0.025010386,none
A018655,R04,23410.97,high,none,0.7654091,0.13000895,0.07077537,0.033806637,none
A027204,R04,7769.76,high,none,0.91319686,0.037643764,0.012576662,0.036582727,none
A011858,R06,1824.65,low,none,0.91208005,0.010861846,0.004022507,0.073035635,none
A031132,R05,10769.89,high,none,0.7157984,0.079128996,0.054898683,0.15017398,none
A038433,R04,3613.71,low,none,0.9346436,0.015282008,0.0231342,0.026940187,none
A003655,R07,11468.15,high,none,0.8843368,0.010196161,0.019026415,0.08644054,none
A012568,R01,4747.21,low,none,0.87573797,0.093714476,0.006617178,0.02393035,none
A020285,R08,7886.04,high,none,0.9828917,0.005348855,0.0020292616,0.009730215,none
A012134,R01,1485.18,low,none,0.95976675,0.016129674,0.007332705,0.016770914,none
A021787,R09,5835.42,high,none,0.89191824,0.009878097,0.023137622,0.07506603,none
A000904,R05,5190.69,high,none,0.85599464,0.04326155,0.07446044,0.02628334,none
A007319,R09,17158.37,high,none,0.94494003,0.005103973,0.008353593,0.04160243,none
A005229,R08,6464.09,high,none,0.8672416,0.03595697,0.055189233,0.041612137,none
A032278,R02,17762.51,high,none,0.9669846,0.012857874,0.0031552801,0.017002253,none
A008905,R04,24482.07,high,large_withdrawal,0.8544763,0.042869955,0.004766758,0.097886965,none
A001314,R05,2887.03,low,none,0.8660934,0.039119795,0.00742288,0.08736393,none
A015424,R03,18287.04,high,none,0.89888877,0.063691385,0.012011541,0.025408275,none
A022474,R04,20427.64,high,none,0.9287326,0.029228387,0.019419907,0.022619115,none
A008704,R03,1501.97,low,none,0.95754147,0.006601786,0.008059578,0.027797166,none
A001938,R00,5067.19,high,none,0.8330524,0.08360723,0.057071835,0.026268538,none
A011344,R09,4625.78,low,none,0.8024484,0.0670418,0.030555053,0.09995476,none
A018517,R02,4536.79,low,none,0.8592684,0.063319355,0.03758648,0.039825726,none
A005118,R03,3996.7,low,none,0.96508884,0.0033946333,0.005718938,0.025797563,none
A003129,R01,16584.89,high,none,0.9146243,0.018614361,0.034495756,0.032265667,none
A010435,R04,1429.9,low,dormant,0.898071,0.029104553,0.003855634,0.06896887,none
A000262,R05,3727.98,low,none,0.86133325,0.07222678,0.03923517,0.02720477,none
A001969,R00,1574.19,low,none,0.9356872,0.027421242,0.01479513,0.022096407,none
A032098,R09,5630.88,high,none,0.9139979,0.0029679872,0.04327264,0.039761487,none
A032789,R06,16478.8,high,none,0.9334483,0.017715434,0.02849199,0.020344216,none
A023956,R09,4407.28,low,none,0.8378241,0.062330253,0.06790207,0.031943627,none
A022258,R00,13111.85,high,none,0.8757938,0.04420118,0.053935744,0.02606925,none
A038162,R04,12354.13,high,none,0.9358321,0.024989434,0.01972703,0.019451452,none
A005088,R04,3548.58,low,none,0.9537629,0.014473288,0.006804746,0.02495909,none
A003565,R05,5864.47,high,none,0.9343756,0.011137192,0.031215189,0.023272103,none
A030598,R03,1194.12,low,none,0.8390329,0.021596564,0.059577662,0.07979284,none
A007017,R05,4918.61,low,none,0.90535945,0.035713937,0.037773553,0.02115304,none
A002879,R08,9540.05,high,none,0.948311,0.027497878,0.0036590605,0.020532079,none
A015216,R08,27429.14,high,none,0.7647295,0.011368537,0.10933918,0.11456272,none
A001043,R03,12190.44,high,dormant,0.74167144,0.026851878,0.014921736,0.216555,none
A027384,R03,2171.12,low,none,0.9414136,0.020447843,0.02041819,0.017720371,none
A037408,R02,7060.22,high,none,0.88882685,0.0051353653,0.05559345,0.050444312,none
A014796,R03,7726.69,high,none,0.9093999,0.014000409,0.006607141,0.06999248,none
A026514,R00,7476.14,high,none,0.8189366,0.035990212,0.040077467,0.10499573,none
A003844,R04,6661.72,high,none,0.95001256,0.009353927,0.01761475,0.023018826,none
A009631,R08,16093.08,high,none,0.72798455,0.11697655,0.0689827,0.086056225,none
A017657,R04,9150.9,high,none,0.9148871,0.033917487,0.030122632,0.02107274,none
A001813,R05,7718.95,high,none,0.93411636,0.022687888,0.017676236,0.0255195,none
A014823,R01,1406.57,low,none,0.8959082,0.083208025,0.0066076443,0.014276119,none
A014174,R05,22880.02,high,none,0.94229186,0.020034015,0.012021865,0.025652282,none
A013347,R01,39554.32,high,dormant,0.882597,0.032306094,0.059586152,0.025510712,none
A020826,R03,2365.3,low,none,0.97006464,0.0023764113,0.003788426,0.023770535,none
A013665,R01,1271.98,low,none,0.84425694,0.028253146,0.036767602,0.090722315,none
A022290,R00,6436.49,high,none,0.9380409,0.009019988,0.027906483,0.025032625,none
A028505,R09,18906.06,high,none,0.83380604,0.07158873,0.024643615,0.06996167,none
A039604,R00,2962.61,low,none,0.85369164,0.038243167,0.06925749,0.038807735,none
A026233,R08,6946.43,high,none,0.6728793,0.018092157,0.033546295,0.27548227,none
A026858,R09,2997.13,low,none,0.8243554,0.0866264,0.062474757,0.02654342,none
A025428,R04,6258.69,high,none,0.7889453,0.12661472,0.05995303,0.024486871,none
A031599,R01,987.38,low,none,0.717798,0.101507224,0.01838316,0.16231166,none
A033046,R09,6118.81,high,none,0.8425518,0.03278143,0.043116942,0.08154982,none
A013835,R00,5276.06,high,none,0.9378349,0.035289254,0.0108139645,0.016061839,none
A031215,R01,1745.7,low,none,0.947124,0.012079521,0.009376407,0.031420108,none
A013743,R09,4460.29,low,none,0.96849895,0.0007482759,0.007261605,0.023491133,none
A011083,R04,1261.28,low,none,0.9287072,0.011581697,0.029314749,0.03039639,none
A013281,R07,8405.62,high,dormant,0.95568377,0.017376041,0.011584397,0.015355735,none
A002417,R03,5642.33,high,none,0.9116331,0.028346518,0.03207697,0.027943432,none
A037145,R09,3718.57,low,none,0.8984362,0.008574651,0.004857342,0.08813177,none
A013388,R06,2833.91,low,none,0.9332835,0.006871361,0.030274598,0.029570475,none
A034652,R01,1495.45,low,none,0.82925355,0.056691088,0.082021736,0.03203365,none
A009421,R07,728.75,low,none,0.86934227,0.03550132,0.062550426,0.032605972,none
A013636,R08,5235.18,high,none,0.8640968,0.031707156,0.07573154,0.02846451,none
A018698,R00,570.54,low,large_withdrawal,0.89117974,0.018857792,0.0139779765,0.07598448,none
A002061,R02,25931.82,high,none,0.85408145,0.003588587,0.012367844,0.12996215,none
A036087,R00,3885.06,low,none,0.8589338,0.0050222096,0.0260688,0.10997519,none
A010371,R08,3132.35,low,dormant,0.9205559,0.023870992,0.026997345,0.028575785,none
A005190,R01,6832.58,high,none,0.9350435,0.011255965,0.03227013,0.02143044,none
A023513,R09,7308.59,high,large_withdrawal,0.6784803,0.015705105,0.015985347,0.28982922,none
A000984,R04,5322.1,high,none,0.9233677,0.028354729,0.01536845,0.03290915,none
A020279,R03,1929.3,low,none,0.9200689,0.0036663276,0.013242063,0.06302263,none
A003069,R09,5295.16,high,none,0.904028,0.06580341,0.01302513,0.017143402,none
A026892,R00,12953.75,high,none,0.8073355,0.01788427,0.05440519,0.12037506,none
A033597,R00,2673.14,low,dd_stop,0.80299973,0.12572989,0.05154443,0.019725937,none
A003171,R01,1776.22,low,none,0.9065523,0.017457474,0.043983977,0.032006234,none
A022930,R07,1201.87,low,none,0.92405844,0.05202902,0.009005395,0.014907161,none
A015321,R09,1455.72,low,dormant,0.702947,0.014894407,0.025517676,0.25664085,none
A025894,R02,11349.1,high,none,0.88388896,0.0019144116,0.022017172,0.09217952,none
A020089,R01,2936.85,low,none,0.91120243,0.05706473,0.008852217,0.02288066,none
A027869,R05,15424.52,high,none,0.9308971,0.03613655,0.012840414,0.020125967,none
A036162,R07,40697.16,high,none,0.945443,0.01340089,0.021924647,0.019231537,none
A034532,R02,2404.85,low,none,0.9510368,0.0193399,0.0053465725,0.024276648,none
A003765,R02,32873.27,high,none,0.914216,0.012203719,0.0038910205,0.069689244,none
A019652,R08,51163.49,high,none,0.8526359,0.030925177,0.0903509,0.026087994,none
A034272,R06,18001.46,high,none,0.9076978,0.034245323,0.02714806,0.030908877,none
A037028,R00,312.57,low,none,0.92705834,0.025786456,0.026150452,0.021004705,none
A035229,R04,11640.63,high,none,0.87099457,0.016999284,0.06972257,0.042283572,none
A005336,R08,28786.94,high,none,0.8804197,0.041921493,0.048474208,0.029184613,none
A001010,R09,937.55,low,none,0.96161807,0.0073152413,0.012108155,0.018958565,none
A009527,R02,4404.48,low,none,0.8978864,0.03721996,0.028784446,0.036109187,none
A008960,R09,7268.36,high,large_withdrawal,0.7199558,0.028363924,0.0045046913,0.24717559,none
A012335,R06,1197.51,low,none,0.8700054,0.06658463,0.003906871,0.059503116,none
A038550,R02,4481.06,low,none,0.87027216,0.06333626,0.031378392,0.03501319,none
A016528,R07,1303.79,low,none,0.94160825,0.01970688,0.02040849,0.018276408,none
A004714,R02,1420.12,low,none,0.60366046,0.038285132,0.044177026,0.31387734,none
A032642,R01,4720.34,low,none,0.9128711,0.0060205604,0.027999103,0.053109188,none
A023232,R03,1972.64,low,none,0.7993072,0.048370726,0.051893868,0.10042815,none
A001860,R05,30762.12,high,none,0.9428181,0.031508025,0.0061528315,0.019521005,none
A000999,R02,1532.97,low,none,0.8939254,0.019759718,0.062214695,0.024100138,none
A010379,R08,355.96,low,none,0.8661615,0.0014146238,0.019320466,0.11310343,none
A006596,R05,12360.98,high,none,0.90576404,0.03123084,0.031107094,0.031897984,none
A003776,R03,2259.53,low,none,0.86890167,0.0087803,0.06595994,0.056358103,none
A034439,R00,6360.88,high,none,0.9159397,0.012784395,0.03170331,0.039572574,none
A029863,R05,23212.05,high,none,0.9346899,0.0016459109,0.03158248,0.032081682,none
A027655,R09,4437.4,low,none,0.9215499,0.0179205,0.03542567,0.025103964,none
A020161,R00,5052.82,high,none,0.85049736,0.000892064,0.02997706,0.118633494,none
A016060,R07,888.87,low,none,0.94984746,0.017080776,0.007229656,0.025842087,none
A016523,R06,1548.69,low,none,0.8836729,0.0064521907,0.02437127,0.08550363,none
A019622,R09,920.94,low,none,0.8732758,0.029636858,0.06740693,0.029680377,none
A006949,R03,10159.72,high,none,0.9699062,0.011451339,0.004887487,0.013755047,none
A032819,R03,20963.39,high,none,0.9568826,0.018765267,0.0030562198,0.021295851,none
A000944,R07,3448.48,low,none,0.952068,0.008952171,0.006684091,0.032295745,none
A027673,R06,4921.32,low,dormant,0.9349483,0.035330027,0.0044733984,0.025248185,none
A003091,R06,1147.51,low,none,0.8830373,0.0065785926,0.07266369,0.037720386,none
A033547,R01,20894.32,high,none,0.54549766,0.020990362,0.043517705,0.38999426,none
A016094,R02,3673.33,low,none,0.85352653,0.022351744,0.012060356,0.11206137,none
A021378,R01,21390.44,high,none,0.8509498,0.034720983,0.08689127,0.02743789,none
A023495,R07,4114.35,low,none,0.8514764,0.045958985,0.022944773,0.07961987,none
A034665,R09,2540.57,low,none,0.9536676,0.0010245164,0.0073952097,0.03791273,none
A020844,R08,12951.94,high,none,0.90817606,0.013204165,0.041159395,0.037460342,none
A016936,R03,4575.19,low,none,0.9258888,0.037029132,0.012734316,0.024347784,none
A009937,R09,5380.7,high,none,0.8421188,0.011855307,0.0045454097,0.14148045,none
A035527,R01,63610.0,high,none,0.8736485,0.017819148,0.055661596,0.052870736,none
A027274,R07,831.74,low,none,0.93455255,0.00130442,0.030960267,0.033182833,none
A028993,R09,2966.85,low,none,0.84309745,0.032799404,0.025751835,0.09835126,none
A020411,R03,18408.17,high,none,0.8254092,0.07733272,0.01584413,0.08141394,none
A016760,R00,1944.38,low,none,0.8845393,0.032223064,0.032904435,0.050333243,none
A011705,R07,3543.53,low,none,0.9122272,0.015597157,0.013751991,0.058423646,none
A023782,R04,20668.21,high,none,0.9633557,0.0011907903,0.0076854723,0.027767958,none
A039414,R00,3626.14,low,none,0.8949207,0.026225608,0.02195238,0.05690129,none
A013973,R01,22732.98,high,none,0.9484674,0.021473788,0.004377606,0.025681244,none
A002560,R02,17577.66,high,none,0.8803139,0.042150218,0.039649304,0.03788658,none
A035886,R06,5503.76,high,none,0.9464226,0.015283548,0.012507298,0.025786612,none
A025456,R09,3969.95,low,none,0.7346986,0.08210108,0.058319904,0.12488038,none
A014934,R01,984.69,low,none,0.93577445,0.012261083,0.025869032,0.026095415,none
A006728,R00,26579.67,high,none,0.89913446,0.018451674,0.024261747,0.05815207,none
A031657,R05,7371.46,high,none,0.91081816,0.037882134,0.024399549,0.026900183,none
A006262,R01,4335.3,low,none,0.87874347,0.05047672,0.047710713,0.023069106,none
A009364,R04,13578.28,high,dormant,0.8487574,0.013398539,0.013011921,0.12483215,none
A010380,R07,7338.22,high,none,0.8923564,0.009807696,0.030883377,0.06695257,none
A027179,R03,5271.47,high,none,0.92882895,0.014655919,0.029886542,0.026628561,none
A004518,R02,1726.25,low,dormant,0.44501802,0.016548956,0.013867094,0.5245659,dormant
A005635,R07,1991.01,low,none,0.6430485,0.010969901,0.02583977,0.3201418,none
A010831,R00,57998.17,high,none,0.92675877,0.0038252866,0.0076676914,0.061748218,none
A004206,R03,4376.65,low,none,0.9625413,0.0056955195,0.0032335334,0.028529627,none
A033034,R01,1410.54,low,none,0.6379156,0.0414629,0.030845625,0.28977588,none
A032484,R00,4967.33,low,none,0.9008564,0.01591331,0.058932215,0.024298135,none
A009862,R00,41715.83,high,none,0.8493326,0.022984536,0.014088252,0.11359465,none
A009434,R02,1412.28,low,none,0.90639216,0.008736745,0.0044645634,0.08040648,none
A020213,R02,7901.5,high,none,0.9289133,0.015841542,0.016320886,0.038924254,none
A032475,R02,7679.2,high,none,0.8955711,0.017637817,0.005698381,0.08109265,none
A035658,R04,4764.8,low,dd_stop,0.90841603,0.034456473,0.027043682,0.030083831,none
A019820,R01,1003.05,low,none,0.60093206,0.09783896,0.014740616,0.28648832,none
A012422,R08,15487.28,high,dd_stop,0.879323,0.02741299,0.058794092,0.0344699,none
A001961,R07,9556.79,high,none,0.9432809,0.022979507,0.014745976,0.018993646,none
A030056,R02,7312.32,high,none,0.9234407,0.04213133,0.013930697,0.020497335,none
A029596,R04,2923.38,low,none,0.84481865,0.067320965,0.06749383,0.020366604,none
A028592,R05,5122.2,high,none,0.96226954,0.019048858,0.003076971,0.0156045845,none
A001907,R01,5441.7,high,large_withdrawal,0.54958147,0.077342145,0.045519188,0.3275572,none
A002523,R01,1219.69,low,none,0.92176294,0.023875495,0.035428014,0.01893354,none
A036772,R05,10088.21,high,none,0.89275795,0.0063734083,0.061888397,0.03898026,none
A019567,R05,5942.89,high,none,0.9174752,0.05250507,0.0059004636,0.024119254,none
A032464,R02,2543.51,low,dormant,0.81014043,0.014339937,0.050985042,0.124534585,none
A034940,R05,4330.88,low,none,0.88766056,0.029630145,0.057884086,0.024825174,none
A018385,R02,5082.0,high,none,0.8416955,0.040469635,0.08895919,0.028875725,none
A031826,R06,8796.4,high,dd_stop,0.94579995,0.01432487,0.015408832,0.024466401,none
A026828,R03,6210.53,high,none,0.9160603,0.032851417,0.033015784,0.01807251,none
A015227,R02,19037.73,high,none,0.92898166,0.011477011,0.035011496,0.02452984,none
A038292,R02,10241.18,high,none,0.8368868,0.0103886435,0.039513435,0.113211066,none
A006328,R09,1046.79,low,none,0.88796717,0.03024267,0.032648746,0.049141455,none
A039371,R05,1559.42,low,none,0.8999151,0.0012701539,0.003723341,0.09509145,none
A008526,R04,3879.5,low,dd_stop,0.7673375,0.0735562,0.055597298,0.103508994,none
A007954,R06,800.51,low,none,0.9379051,0.0080226865,0.0048118103,0.049260437,none
A039079,R01,7037.85,high,none,0.8041427,0.05450393,0.111237355,0.030115964,none
A022123,R01,2604.5,low,none,0.96997064,0.006932064,0.0031167378,0.019980483,none
A009380,R05,3142.34,low,none,0.7323568,0.091816865,0.07775853,0.09806778,none
A016819,R07,6382.7,high,none,0.88043845,0.027003959,0.073461115,0.019096449,none
A029474,R06,10160.77,high,none,0.94044125,0.041014563,0.0067640287,0.011780132,none
A035757,R06,2509.03,low,none,0.94718474,0.018225359,0.0056593674,0.02893051,none
A022025,R09,2519.79,low,dormant,0.633721,0.0043579205,0.020756502,0.34116456,none
A029862,R02,3537.1,low,none,0.84337634,0.013969827,0.014239402,0.12841447,none
A033489,R05,2568.53,low,none,0.8805829,0.028951555,0.06498041,0.025485126,none
A021894,R08,1839.4,low,dd_stop,0.9171118,0.033669814,0.027008343,0.022210002,none
A031241,R09,8264.74,high,none,0.939588,0.0015246313,0.011913029,0.046974346,none
A002467,R02,2960.87,low,none,0.9482713,0.017009677,0.0066415574,0.02807741,none
A039445,R06,1591.31,low,none,0.94072264,0.016130405,0.012867525,0.030279484,none
A004916,R06,5249.83,high,dormant,0.7852743,0.01954172,0.0037053034,0.19147865,none
A015834,R06,66555.26,high,none,0.91856384,0.023258299,0.04050608,0.017671725,none
A022598,R03,23619.38,high,none,0.94046074,0.03459456,0.0038743464,0.021070369,none
A021041,R07,11695.11,high,none,0.8852523,0.005060165,0.024570161,0.08511744,none
A038694,R08,2182.98,low,none,0.9304044,0.0016690603,0.034562863,0.033363704,none
A034042,R02,32459.38,high,dormant,0.94738907,0.0143641075,0.020567698,0.017679168,none
A000572,R02,3731.88,low,none,0.6919317,0.08196307,0.07005488,0.15605031,none
A014487,R07,7151.34,high,none,0.9000488,0.0039814683,0.0066987122,0.08927101,none
A008623,R05,21527.7,high,none,0.8503677,0.017131506,0.07110857,0.061392173,none
A034763,R09,10264.93,high,none,0.85542125,0.08082746,0.04501477,0.018736558,none
A017701,R03,1639.86,low,none,0.81789255,0.024378171,0.029105399,0.12862387,none
A030956,R08,2884.16,low,none,0.94589806,0.0189107,0.012383072,0.022808146,none
A022805,R06,3224.83,low,dormant,0.9422657,0.0008594547,0.022865966,0.034008864,none
A008896,R05,6657.87,high,none,0.9198986,0.0039877123,0.044344947,0.031768735,none
A035220,R00,26926.93,high,none,0.9320456,0.029830884,0.0067290915,0.031394403,none
A020298,R07,660.63,low,none,0.96348566,0.00064345886,0.011760089,0.024110813,none
A018022,R00,9626.34,high,none,0.84949553,0.058782764,0.019108638,0.07261309,none
A026809,R07,612.45,low,none,0.86040604,0.04943498,0.065176815,0.024982104,none
A025970,R07,45052.59,high,dormant,0.92948866,0.0010136095,0.01592936,0.053568408,none
A013166,R00,9492.48,high,none,0.9040152,0.0042527164,0.006205755,0.08552634,none
A013065,R07,1777.22,low,none,0.9141605,0.0035550487,0.005979411,0.0763051,none
A031260,R09,5069.63,high,none,0.8770961,0.0149054285,0.07706617,0.030932255,none
A008604,R04,1408.39,low,large_withdrawal,0.92758393,0.018386833,0.0326706,0.021358635,none
A002778,R04,3361.43,low,none,0.6895183,0.008664875,0.038734075,0.2630828,none
A039221,R06,1451.9,low,none,0.9238195,0.03341068,0.016356478,0.026413381,none
A036701,R08,1909.34,low,large_withdrawal,0.9035727,0.060621213,0.017697558,0.018108562,none
A001861,R02,729.72,low,none,0.8609356,0.010791072,0.089264944,0.03900839,none
A032070,R01,1235.44,low,none,0.9491773,0.00094287045,0.01751485,0.032364912,none
A015898,R08,11269.11,high,none,0.85146993,0.0902379,0.03185998,0.026432155,none
A039392,R09,7249.39,high,none,0.8989221,0.0117414575,0.06620994,0.02312651,none
A018017,R05,7820.94,high,none,0.9267031,0.02508017,0.009524639,0.038692098,none
A024649,R01,14283.01,high,none,0.93204415,0.016429426,0.02146999,0.030056447,none
A038874,R03,4738.86,low,dd_stop,0.8600635,0.041993428,0.012249874,0.08569314,none
A008329,R05,8170.54,high,none,0.8330384,0.013386581,0.062320847,0.091254234,none
A036774,R03,5451.6,high,none,0.9071491,0.03834893,0.031914447,0.022587527,none
A006856,R02,9699.84,high,dormant,0.9020294,0.03989659,0.03821259,0.019861398,none
A007995,R04,29865.81,high,none,0.866026,0.026504725,0.05319686,0.054272432,none
A023840,R09,34699.74,high,none,0.8764784,0.017850664,0.03585198,0.06981898,none
A030929,R08,10502.19,high,dormant,0.67615014,0.013747553,0.010666183,0.29943612,none
A004150,R02,1226.98,low,large_withdrawal,0.9493114,0.014276764,0.024788473,0.0116234375,none
A019999,R07,4917.44,low,none,0.9664021,0.011344563,0.0039520646,0.018301245,none
A039736,R09,3331.91,low,none,0.90573454,0.0015421195,0.057277165,0.03544623,none
A015965,R02,2416.32,low,none,0.91554123,0.0038740986,0.018182922,0.06240181,none
A028848,R03,6718.34,high,none,0.86750555,0.036555536,0.035918735,0.060020123,none
A008395,R05,4376.31,low,none,0.96305615,0.015869837,0.0028009415,0.018273093,none
A019715,R08,14345.43,high,none,0.89705884,0.022605738,0.047933195,0.032402273,none
A014800,R03,8747.25,high,none,0.9244688,0.0007114638,0.031084051,0.043735646,none
A032177,R03,8724.52,high,none,0.86835444,0.014822487,0.01634262,0.100480385,none
A007590,R07,109038.44,high,none,0.9117508,0.04576689,0.024225332,0.01825701,none
A011925,R07,618.1,low,dormant,0.7834194,0.034435906,0.099313915,0.082830764,none
A038380,R06,5613.8,high,none,0.61590433,0.0009766708,0.061293263,0.32182577,none
A032548,R08,20336.56,high,none,0.9039796,0.032880794,0.042653546,0.02048608,none
A009000,R06,4285.01,low,none,0.8519429,0.077275455,0.05045934,0.020322356,none
A018117,R01,11059.75,high,dormant,0.7507077,0.02428971,0.047654215,0.1773484,none
A002267,R09,3065.4,low,none,0.93195677,0.012102661,0.031822205,0.024118342,none
A031766,R06,13699.94,high,none,0.8877752,0.07132103,0.025571747,0.015332058,none
A037131,R07,2772.86,low,none,0.9369973,0.01579577,0.0030745745,0.044132326,none
A026510,R07,11197.9,high,none,0.91341394,0.028583303,0.034879744,0.02312305,none
A036552,R04,27945.47,high,none,0.90707374,0.0044937716,0.052961227,0.03547129,none
A039692,R01,2322.15,low,none,0.91416633,0.016757742,0.017674638,0.0514013,none
A018336,R06,4039.07,low,none,0.8127828,0.007839389,0.058990538,0.12038725,none
A003419,R04,1739.43,low,none,0.9537087,0.0012678262,0.00812611,0.036897354,none
A025775,R04,8934.2,high,none,0.91542315,0.04893655,0.0068499083,0.028790435,none
A022886,R08,736.83,low,large_withdrawal,0.888799,0.0101030525,0.010748757,0.09034915,none
A000565,R05,5678.88,high,none,0.9128828,0.071846224,0.0035379382,0.011732987,none
A001942,R08,6363.85,high,none,0.9012435,0.026986388,0.052628636,0.019141477,none
A024495,R03,2312.36,low,large_withdrawal,0.9712215,0.008109938,0.0032640658,0.017404484,none
A008850,R02,2867.59,low,none,0.72501147,0.051413678,0.06997328,0.1536016,none
A015394,R06,3937.68,low,none,0.87263954,0.04168533,0.04266844,0.04300668,none
A010459,R09,670.16,low,none,0.7102662,0.14165862,0.10538505,0.042690195,none
A007613,R02,5444.72,high,none,0.875325,0.029843211,0.056379598,0.038452156,none
A027440,R05,1319.66,low,none,0.9630926,0.009546276,0.0039419383,0.023419151,none
A006620,R06,1691.2,low,none,0.71988493,0.03814088,0.017268598,0.22470564,none
A034632,R07,12220.78,high,none,0.92129576,0.003927609,0.027164634,0.04761199,none
A008054,R01,43148.09,high,none,0.964467,0.008976593,0.005366583,0.021189837,none
A021584,R02,1769.07,low,none,0.81331503,0.055573396,0.0895056,0.04160592,none
A033272,R06,2651.77,low,none,0.8903911,0.028811937,0.003528268,0.077268645,none
A029757,R08,21144.22,high,dormant,0.49342135,0.009970926,0.009417008,0.48719075,none
A025950,R03,13539.73,high,none,0.9421793,0.015777376,0.0112346,0.030808667,none
A000334,R06,11113.4,high,dormant,0.6404547,0.05488007,0.020095244,0.28456998,none
A029249,R05,2142.5,low,none,0.94543463,0.013272663,0.0068191364,0.034473564,none
A008249,R04,2339.95,low,large_withdrawal,0.89550126,0.0064569274,0.004784951,0.09325692,none
A000440,R04,9314.28,high,none,0.8803588,0.06377413,0.015726244,0.040140834,none
A010884,R06,6036.55,high,none,0.82353634,0.009184732,0.059849743,0.10742921,none
A028048,R01,20005.16,high,none,0.9132792,0.05345233,0.004631408,0.02863706,none
A016998,R05,3805.2,low,none,0.87257326,0.04930567,0.046379097,0.031741906,none
A016852,R00,1648.25,low,none,0.88546735,0.07232416,0.024511337,0.017697174,none
A019850,R08,3492.81,low,none,0.9334392,0.026632966,0.010783266,0.029144594,none
A038411,R01,3472.61,low,none,0.8533851,0.03380268,0.018148912,0.09466332,none
A024927,R03,3308.59,low,large_withdrawal,0.8134112,0.047928553,0.105489925,0.03317034,none
A012200,R01,470.54,low,none,0.8983737,0.015948804,0.010911614,0.0747658,none
A013839,R03,50455.55,high,none,0.92777914,0.0024619983,0.01365244,0.056106396,none
A034238,R00,18565.45,high,none,0.8818346,0.020471508,0.055262584,0.042431265,none
A015647,R00,2816.53,low,none,0.9547681,0.020296508,0.0052951947,0.01964015,none
A015439,R08,4961.65,low,none,0.89625585,0.008959849,0.07101019,0.023774102,none
A037537,R09,4038.06,low,none,0.91468596,0.049882304,0.013389562,0.022042206,none
A013307,R03,4665.43,low,none,0.87935996,0.023712533,0.035088383,0.06183911,none
A020305,R03,12671.44,high,none,0.89925253,0.015063546,0.005724239,0.07995966,none
A036599,R09,9619.91,high,none,0.8728542,0.029824981,0.02896517,0.068355635,none
A013233,R02,32770.53,high,none,0.90794116,0.037667725,0.017639432,0.036751702,none
A022753,R07,28089.48,high,none,0.848278,0.03489134,0.032463484,0.08436722,none
A001383,R00,890.22,low,none,0.88179934,0.031271685,0.063742995,0.023185994,none
A028867,R01,7043.99,high,none,0.78559214,0.06128142,0.07284625,0.0802802,none
A024868,R05,14144.69,high,none,0.7590957,0.10716186,0.06437046,0.06937194,none
A007826,R09,5063.61,high,none,0.9477836,0.02275034,0.010172225,0.019293891,none
A029688,R04,9134.95,high,dormant,0.7782809,0.04239022,0.07854804,0.1007809,none
A021007,R02,1104.69,low,none,0.8983903,0.009536657,0.018807588,0.07326546,none
A013521,R05,8840.14,high,none,0.9424906,0.03049294,0.0054333624,0.021583145,none
A015115,R08,7719.89,high,none,0.9305842,0.04495188,0.0067816395,0.017682286,none
A027187,R06,7459.32,high,none,0.9762882,0.008945503,0.0030441985,0.01172204,none
A034245,R09,5803.96,high,large_withdrawal,0.9286795,0.023498638,0.028844278,0.018977592,none
A026141,R09,18298.49,high,none,0.85690427,0.0079436535,0.024837762,0.11031426,none
A027354,R09,13811.13,high,none,0.9097772,0.07177815,0.002817963,0.01562672,none
A020029,R09,4100.52,low,none,0.9269138,0.014423854,0.035263456,0.023398878,none
A012379,R01,2315.57,low,none,0.94647276,0.00097457017,0.023478962,0.029073741,none
A035862,R03,1382.03,low,dormant,0.8648097,0.013566508,0.039416797,0.08220705,none
A024933,R03,3438.98,low,none,0.9643254,0.0072354726,0.011752331,0.016686736,none
A005809,R05,13143.88,high,none,0.8722921,0.014919174,0.03797931,0.0748094,none
A011199,R01,1743.29,low,none,0.8843646,0.061549064,0.022481829,0.031604465,none
A011355,R04,830.81,low,none,0.92523783,0.018559555,0.028467413,0.027735146,none
A014797,R07,8608.54,high,dormant,0.74562734,0.04206983,0.028255662,0.18404718,none
A026232,R05,79492.59,high,none,0.96676886,0.013884438,0.0032930474,0.016053693,none
A005401,R01,1304.01,low,none,0.9044375,0.005196814,0.02323737,0.067128316,none
A033926,R00,10242.47,high,none,0.86193275,0.08141007,0.040727276,0.015929934,none
A025009,R04,3331.25,low,dormant,0.7838833,0.06904899,0.0343906,0.11267707,none
A004329,R01,2672.34,low,none,0.91796136,0.03606347,0.018856425,0.027118716,none
A002201,R02,1828.04,low,none,0.9665064,0.01402287,0.0055936514,0.013877057,none
A030207,R03,2467.29,low,none,0.9388213,0.019857142,0.007186234,0.034135308,none
A014848,R02,15575.14,high,none,0.82884264,0.010537758,0.0070082685,0.15361129,none
A010641,R04,32594.85,high,none,0.9455546,0.0009726169,0.016602946,0.036869828,none
A022891,R02,608.01,low,none,0.76790273,0.05375549,0.029689685,0.1486521,none
A012881,R04,3444.56,low,none,0.9520575,0.0070702066,0.016479015,0.024393346,none
A001108,R08,3025.87,low,dormant,0.9154691,0.058935564,0.0059177116,0.019677652,none
A037689,R00,1355.32,low,none,0.89668,0.00947464,0.06678532,0.027060002,none
A030835,R01,4050.79,low,none,0.8539756,0.02812225,0.027012715,0.09088951,none
A008991,R03,2187.56,low,none,0.8523098,0.015929148,0.029945964,0.10181506,none
A028926,R07,1096.96,low,none,0.89460415,0.03865835,0.006199608,0.06053789,none
A021591,R08,6093.09,high,none,0.9423455,0.012479002,0.019330723,0.025844792,none
A032740,R08,2574.71,low,none,0.87399596,0.05368343,0.05294041,0.019380178,none
A000273,R02,9782.29,high,none,0.9052596,0.020025125,0.045678515,0.029036706,none
A018200,R04,8012.97,high,none,0.6800996,0.042181484,0.008400195,0.26931867,none
A029809,R03,14008.51,high,none,0.94732594,0.027587231,0.0037273674,0.021359421,none
A018608,R04,3107.63,low,none,0.948791,0.0011724248,0.018773306,0.03126321,none
A009146,R00,14422.3,high,none,0.93656796,0.027970927,0.012203237,0.023257868,none
A035416,R07,2394.37,low,none,0.92836624,0.048988868,0.0073027434,0.015342182,none
A014132,R03,2704.11,low,dormant,0.93089485,0.0011001468,0.03999692,0.028008139,none
A018677,R06,15412.45,high,none,0.6900478,0.04474483,0.0055128164,0.25969458,none
A001206,R05,6642.4,high,dormant,0.89850837,0.013436096,0.018575307,0.06948026,none
A039880,R05,8369.45,high,none,0.95759445,0.0012201495,0.017690148,0.023495283,none
A036919,R01,409.17,low,none,0.9196085,0.03141582,0.024422416,0.02455329,none
A006840,R08,3697.12,low,none,0.94531137,0.0062507605,0.02093207,0.027505798,none
A033231,R09,4084.67,low,none,0.8349503,0.013472554,0.041146595,0.110430576,none
A010105,R01,3530.59,low,none,0.9384107,0.015794618,0.027417107,0.018377535,none
A016824,R08,13474.23,high,dormant,0.8708436,0.062015124,0.0064842985,0.06065703,none
A004441,R08,2591.37,low,none,0.8118847,0.09916798,0.04937022,0.03957708,none
A007145,R07,13032.38,high,none,0.8195989,0.026121661,0.07555345,0.078726,none
A036480,R01,6275.47,high,none,0.8778679,0.08933663,0.012484349,0.020311104,none
A033776,R09,10219.15,high,none,0.8607898,0.043816015,0.04237819,0.053016044,none
A021022,R08,5338.87,high,large_withdrawal,0.9076316,0.004064862,0.056905724,0.031397793,none
A018667,R06,11904.53,high,dormant,0.88727945,0.040476397,0.009141439,0.06310272,none
A000654,R07,8808.54,high,none,0.9320898,0.0093559325,0.027992718,0.03056148,none
A010777,R02,10755.81,high,none,0.9447837,0.019955153,0.014365443,0.020895656,none
A035101,R08,9758.25,high,dormant,0.8008706,0.067842044,0.013165257,0.118122086,none
A021920,R05,20220.69,high,dd_stop,0.9090987,0.0585587,0.009613815,0.022728859,none
A010059,R03,10625.52,high,none,0.9302354,0.04608041,0.005049096,0.018635117,none
A016952,R03,2685.73,low,none,0.8250544,0.020377785,0.046482176,0.108085655,none
A039378,R07,1635.73,low,none,0.8786202,0.025912141,0.07045528,0.025012389,none
A036901,R05,4703.43,low,none,0.88625544,0.034049913,0.062393855,0.017300807,none
A010187,R09,1587.57,low,none,0.87027323,0.014793304,0.029879851,0.085053585,none
A017195,R02,24498.35,high,none,0.91139764,0.03595214,0.019994503,0.032655675,none
A024190,R03,829.74,low,none,0.9115164,0.03210067,0.03372131,0.022661638,none
A017416,R06,8781.98,high,none,0.8251776,0.009829589,0.07580318,0.08918958,none
A035557,R02,12232.75,high,none,0.92040884,0.040756963,0.016550792,0.02228344,none
A031039,R02,1755.26,low,none,0.9587157,0.007286905,0.005319492,0.028677953,none
A025697,R05,1566.15,low,none,0.95300347,0.013552894,0.0077205715,0.025723089,none
A007498,R01,4325.14,low,none,0.91070664,0.030953791,0.0036726594,0.054666907,none
A028250,R03,628.49,low,none,0.7093706,0.06305349,0.013503024,0.2140729,none
A026267,R06,4472.4,low,dd_stop,0.8713019,0.05706845,0.052331224,0.019298432,none
A028258,R06,4086.99,low,none,0.9362757,0.040254395,0.009413557,0.014056315,none
A034287,R02,2012.04,low,dd_stop,0.9095652,0.012073603,0.050170373,0.028190851,none
A020518,R09,786.55,low,none,0.9479732,0.019548843,0.013417489,0.019060438,none
A034261,R01,2637.27,low,dormant,0.7278228,0.10205831,0.06858951,0.101529375,none
A034244,R02,1783.27,low,none,0.9632096,0.015663588,0.0044396273,0.016687213,none
A013413,R04,3629.3,low,none,0.95365113,0.0009761829,0.018298795,0.027073868,none
A026007,R04,1994.04,low,none,0.8761994,0.031590216,0.04277404,0.04943629,none
A035619,R06,26864.35,high,none,0.87322384,0.025718685,0.009882304,0.0911752,none
A009273,R02,607.82,low,none,0.95236206,0.008669598,0.014294759,0.02467356,none
A001666,R00,11714.03,high,none,0.8586974,0.105655834,0.013476072,0.022170672,none
A022211,R05,12414.8,high,none,0.8643768,0.00868225,0.012722551,0.11421847,none
A010810,R04,1621.86,low,none,0.9446294,0.0072548497,0.024236338,0.0238795,none
A039707,R05,5580.88,high,none,0.8675233,0.06953363,0.046328288,0.01661471,none
A015387,R02,28683.14,high,none,0.8782631,0.0048442823,0.012212345,0.10468029,none
A009728,R05,8200.05,high,none,0.93410575,0.023684395,0.019116059,0.023093754,none
A035960,R07,1565.07,low,none,0.8868089,0.028809434,0.007884586,0.076497056,none
A016898,R00,9879.81,high,none,0.8708369,0.030321958,0.007336105,0.09150509,none
A026648,R08,5491.44,high,large_withdrawal,0.82892144,0.08870671,0.051407214,0.030964622,none
A037257,R07,24834.34,high,none,0.95022315,0.0036455747,0.019347169,0.026784074,none
A018954,R07,3999.23,low,none,0.9353497,0.0063226847,0.0032306819,0.055096917,none
A004685,R00,3300.23,low,none,0.79484475,0.075116985,0.10185664,0.02818164,none
A038597,R01,4167.01,low,none,0.9261464,0.0016912065,0.038940366,0.03322204,none
A032235,R07,3703.37,low,none,0.9684668,0.012286628,0.0030402287,0.016206305,none
A014155,R05,47462.08,high,none,0.9230132,0.031166947,0.011507122,0.034312755,none
A026540,R03,3307.83,low,none,0.93767065,0.020488858,0.007580121,0.03426035,none
A000006,R09,1491.3,low,dormant,0.9438037,0.008127834,0.02624381,0.021824598,none
A015835,R06,4986.41,high,none,0.9649345,0.009795441,0.0036647317,0.021605311,none
A022863,R09,904.24,low,none,0.84798604,0.008002763,0.01906214,0.124948986,none
A004191,R02,2780.14,low,none,0.9048527,0.013921253,0.034059826,0.047166213,none
A034086,R00,380.32,low,none,0.7607893,0.09820132,0.10460473,0.036404666,none
A019749,R03,2791.75,low,none,0.9072112,0.02329219,0.033425532,0.036071062,none
A003101,R07,13426.55,high,none,0.8894688,0.0073987297,0.021879114,0.0812533,none
A014732,R05,11294.87,high,none,0.937046,0.023123944,0.01161404,0.028216,none
A028224,R07,7838.81,high,none,0.80935025,0.13117127,0.032949843,0.026528625,none
A007635,R01,30709.78,high,none,0.50678813,0.017006299,0.020005627,0.4561999,none
A019708,R02,7470.44,high,dormant,0.8988886,0.0661436,0.014807903,0.020159952,none
A025075,R05,1324.69,low,dormant,0.68663406,0.027538726,0.013599792,0.27222744,none
A014965,R01,805.48,low,none,0.9227716,0.037195105,0.009085849,0.030947488,none
A039796,R07,216.81,low,none,0.87041444,0.007395464,0.036950514,0.08523957,none
A035746,R09,17921.9,high,none,0.91641206,0.01977748,0.041336894,0.022473563,none
A033474,R09,2019.62,low,none,0.87859553,0.031636428,0.05531856,0.034449436,none
A039726,R09,4921.5,low,none,0.8659736,0.00211416,0.010258428,0.12165385,none
A038371,R06,14887.14,high,none,0.8811327,0.014635749,0.06812813,0.036103453,none
A038194,R03,6963.45,high,dormant,0.33847275,0.018256195,0.017854234,0.6254168,dormant
A009504,R00,3740.66,low,large_withdrawal,0.87189084,0.051150996,0.048505347,0.028452799,none
A007673,R00,3056.14,low,large_withdrawal,0.9215818,0.020082466,0.003835929,0.054499753,none
A029415,R06,49110.68,high,none,0.98348075,0.004137993,0.001078968,0.011302249,none
A007268,R03,2539.55,low,none,0.9642277,0.00094932795,0.004960134,0.029862914,none
A001379,R09,5044.6,high,none,0.892183,0.010881173,0.06341722,0.033518583,none
A024004,R03,7253.34,high,none,0.8855193,0.010913206,0.076403104,0.027164381,none
A034638,R00,2756.08,low,none,0.95755523,0.0008871614,0.008483335,0.033074327,none
A027749,R02,8926.65,high,none,0.70859724,0.016858729,0.023643577,0.25090042,none
A001315,R08,12170.24,high,none,0.8869527,0.04025905,0.003938164,0.06885012,none
A003786,R09,2770.65,low,none,0.7977621,0.065998055,0.005449172,0.13079068,none
A035166,R02,2715.84,low,none,0.9321788,0.03593511,0.009951393,0.021934664,none
A022919,R04,3211.64,low,none,0.89435005,0.05385737,0.018531105,0.03326145,none
A030814,R03,2967.1,low,none,0.94139075,0.023614153,0.004626355,0.03036872,none
A037578,R01,178.29,low,dd_stop,0.6684961,0.011126676,0.056617353,0.26375994,none
A023771,R05,11253.15,high,none,0.90105134,0.013293899,0.008071696,0.077583,none
A010392,R00,2013.26,low,none,0.95999056,0.015036762,0.003533486,0.021439169,none
A035414,R05,1866.5,low,dormant,0.90617824,0.0106875915,0.007056879,0.07607728,none
A021581,R04,7596.14,high,none,0.8288063,0.022458011,0.12256167,0.026174044,none
A013876,R09,5794.59,high,none,0.9360719,0.014897396,0.027023252,0.022007478,none
A036661,R08,4915.25,low,none,0.8645607,0.040507063,0.059182998,0.035749216,none
A020492,R04,1953.08,low,none,0.8266281,0.088621795,0.053946298,0.030803813,none
A009618,R09,3972.2,low,none,0.8749891,0.028448146,0.063602634,0.0329601,none
A018563,R04,541.94,low,none,0.8778049,0.017269975,0.038549464,0.0663757,none
A014757,R06,993.55,low,dd_stop,0.89550745,0.048149493,0.026928537,0.029414492,none
A020720,R05,2995.8,low,none,0.8978625,0.08575293,0.003952841,0.012431792,none
A026487,R05,32364.36,high,none,0.8746936,0.009304296,0.045757163,0.0702449,none
A012249,R00,2036.73,low,none,0.8200821,0.087270565,0.052407704,0.040239614,none
A002367,R05,1838.02,low,none,0.90197974,0.022962268,0.047275208,0.027782843,none
A016903,R02,2594.58,low,large_withdrawal,0.81934893,0.046980236,0.03339467,0.10027618,none
A007762,R01,12599.27,high,none,0.87559843,0.002308544,0.017848738,0.10424424,none
A026252,R06,11721.2,high,dormant,0.8581102,0.018707551,0.029190056,0.0939922,none
A019650,R09,1897.73,low,none,0.94326454,0.011356434,0.01895664,0.026422447,none
A034379,R04,7924.41,high,none,0.96231294,0.016021373,0.0060933456,0.015572284,none
A012744,R02,5866.92,high,none,0.61567885,0.0008605206,0.0065591754,0.37690148,none
A004705,R02,6386.85,high,none,0.96127987,0.0045050113,0.012501646,0.021713419,none
A037393,R09,5610.34,high,none,0.6109453,0.0010491668,0.0075388304,0.38046676,none
A029761,R08,562.41,low,none,0.8951111,0.006251606,0.012277977,0.086359344,none
A036576,R06,4800.83,low,none,0.87104195,0.061605975,0.044701103,0.022651002,none
A026925,R07,8506.54,high,none,0.9443579,0.006060859,0.002505106,0.04707619,none
A002418,R01,1399.0,low,none,0.90019107,0.002440827,0.0044040577,0.09296399,none
A003364,R03,4810.43,low,dormant,0.8865411,0.067186974,0.018278634,0.027993234,none
A008113,R00,3307.57,low,none,0.8345621,0.016585726,0.10639216,0.042459972,none
A009037,R05,1019.41,low,none,0.9355213,0.013897315,0.025588237,0.024993198,none
A016215,R05,7498.53,high,dormant,0.7871862,0.12034977,0.070303336,0.022160662,none
A017343,R02,31865.79,high,none,0.89341825,0.005206233,0.018962102,0.08241337,none
A032046,R08,2475.68,low,dormant,0.6415332,0.012687217,0.06868061,0.27709898,none
A028540,R08,387.64,low,none,0.8874731,0.030549802,0.02193866,0.06003844,none
A031760,R04,19479.39,high,none,0.9021302,0.053049732,0.016334485,0.028485639,none
A030618,R04,3038.63,low,none,0.90953445,0.058017306,0.007586222,0.024862038,none
A032788,R03,22618.91,high,none,0.8487161,0.11030737,0.009145068,0.03183146,none
A006787,R05,722.1,low,none,0.8131199,0.08984833,0.065115504,0.031916305,none
A018820,R09,3411.14,low,none,0.9290457,0.00085929106,0.018187957,0.05190708,none
A031884,R05,5180.91,high,none,0.82810783,0.07741438,0.01385203,0.080625795,none
A000735,R03,17500.73,high,none,0.88347936,0.050112788,0.039626036,0.02678184,none
A022865,R09,3674.22,low,none,0.8748007,0.020254144,0.006573603,0.098371536,none
A028275,R02,2725.27,low,none,0.9509303,0.0151399,0.004950238,0.028979583,none
A023128,R03,2508.54,low,none,0.9039452,0.0074849515,0.0614007,0.02716908,none
A013892,R02,9538.9,high,none,0.6559745,0.015675677,0.006543924,0.3218059,none
A037534,R06,6569.37,high,none,0.9682025,0.014250913,0.0046437318,0.0129028605,none
A011159,R00,7274.52,high,none,0.84244794,0.032513663,0.035470143,0.089568235,none
A003605,R06,693.15,low,none,0.9390602,0.016648136,0.016377429,0.027914211,none
A007735,R01,584.03,low,none,0.94170034,0.01867086,0.013378829,0.026249962,none
A004299,R05,1366.04,low,none,0.7758438,0.039030835,0.08919783,0.09592748,none
A026070,R04,18753.43,high,none,0.8272761,0.001042213,0.06531137,0.10637031,none
A025370,R05,21719.9,high,none,0.8473687,0.0072410745,0.058014736,0.08737545,none
A003509,R00,32454.24,high,none,0.95766103,0.00542518,0.014065245,0.022848513,none
A036274,R04,4862.81,low,none,0.8675552,0.019401945,0.007850248,0.105192624,none
A026319,R06,12731.95,high,none,0.8604069,0.019774904,0.031067152,0.0887511,none
A036630,R04,7036.35,high,none,0.84293854,0.012983509,0.092422344,0.051655672,none
A030080,R04,4145.83,low,large_withdrawal,0.87845606,0.020410562,0.0054672873,0.095666125,none
A022904,R03,10329.79,high,none,0.8184469,0.008612638,0.061148703,0.11179182,none
A010756,R07,7913.04,high,none,0.85908186,0.012781112,0.006161254,0.121975794,none
A014327,R06,7933.71,high,none,0.88866836,0.03289232,0.03818204,0.040257346,none
A002999,R00,2863.57,low,none,0.7188757,0.013017219,0.020905286,0.24720183,none
A031663,R07,6679.12,high,none,0.93487,0.0017602654,0.04054153,0.022828177,none
A006802,R03,3074.93,low,none,0.91569406,0.0060395845,0.046859905,0.031406533,none
A003072,R09,10446.79,high,none,0.8987973,0.029603701,0.045792997,0.025806054,none
A025871,R06,1349.6,low,none,0.953324,0.0070028733,0.011713785,0.02795929,none
A033128,R06,1594.2,low,none,0.9205101,0.02234375,0.034872048,0.022274084,none
A033678,R00,6324.38,high,none,0.92480516,0.018703325,0.03614867,0.020342821,none
A018781,R04,3277.15,low,none,0.92436105,0.04332575,0.016733546,0.015579704,none
A015987,R04,615.33,low,none,0.92160004,0.01599975,0.03867127,0.023728956,none
A027282,R09,12451.24,high,none,0.94825166,0.027579555,0.005870498,0.018298259,none
A015001,R07,3063.22,low,none,0.91443115,0.04753955,0.019431654,0.018597692,none
A035136,R00,8471.3,high,none,0.9300858,0.018129878,0.015635826,0.036148578,none
A001473,R02,1545.54,low,none,0.9317681,0.021407451,0.016132237,0.030692121,none
A007587,R03,2124.96,low,none,0.85573065,0.03486243,0.048725456,0.06068149,none
A012495,R00,2109.04,low,none,0.95469725,0.01517533,0.0048996215,0.025227718,none
A004439,R00,4760.61,low,none,0.91939753,0.040823597,0.017304927,0.022473903,none
A000763,R04,1402.46,low,none,0.9128723,0.04058398,0.024218796,0.02232498,none
A021278,R08,15507.66,high,none,0.91277546,0.02433413,0.033737585,0.029152855,none
A025711,R00,2594.09,low,none,0.8167762,0.011845111,0.07064187,0.10073682,none
A000840,R07,7585.92,high,none,0.91518426,0.036904924,0.032019604,0.015891207,none
A025496,R00,1179.96,low,none,0.8730602,0.066446066,0.03625492,0.024238804,none
A004058,R06,4380.96,low,dd_stop,0.8840315,0.006681845,0.07753753,0.031749215,none
A013268,R04,49523.27,high,none,0.93613863,0.0108198505,0.028930644,0.0241109,none
A003854,R01,917.07,low,none,0.9430524,0.012886414,0.019260535,0.024800627,none
A000367,R09,22351.95,high,none,0.94810194,0.025334893,0.0047586663,0.021804467,none
A028967,R09,2939.6,low,none,0.8791483,0.027368141,0.012766798,0.08071682,none
A032076,R06,5562.82,high,none,0.8735121,0.022613265,0.066386245,0.03748839,none
A008521,R03,13784.7,high,none,0.9400718,0.0113079725,0.014907327,0.03371285,none
A031199,R09,13464.61,high,dormant,0.9276425,0.033318035,0.016162548,0.022876916,none
A013522,R02,2393.96,low,none,0.93894154,0.0262441,0.008271362,0.026542976,none
A028939,R02,2480.91,low,dormant,0.7495486,0.02283778,0.09903763,0.12857597,none
A037889,R02,1507.26,low,none,0.90871197,0.040821403,0.021044232,0.029422421,none
A013660,R02,106637.72,high,none,0.8156159,0.027953673,0.007635199,0.14879523,none
A027860,R04,7243.96,high,none,0.8844667,0.08187078,0.014604908,0.019057542,none
A016277,R04,11962.3,high,dd_stop,0.7409437,0.07295428,0.036311142,0.14979091,none
A011569,R07,1650.76,low,none,0.9195463,0.026572129,0.02136405,0.032517567,none
A000469,R07,4332.54,low,none,0.89940727,0.01282231,0.0122090485,0.07556138,none
A011493,R05,2862.22,low,none,0.88992965,0.009830531,0.010606675,0.0896331,none
A014351,R00,4275.58,low,none,0.87460494,0.03160608,0.060468227,0.033320736,none
A036688,R04,1559.88,low,none,0.9213004,0.00074814196,0.03243947,0.04551197,none
A017959,R00,6450.56,high,none,0.90708226,0.038172074,0.036651865,0.01809375,none
A002686,R05,6465.65,high,none,0.96020454,0.021145597,0.0036887308,0.0149610955,none
A029758,R04,7896.18,high,none,0.9479377,0.004629958,0.014689131,0.03274316,none
A016604,R04,5183.9,high,none,0.9385771,0.027463203,0.006596586,0.027363067,none
A016465,R03,12126.55,high,none,0.9104857,0.021073686,0.0033862842,0.065054305,none
A032551,R06,14437.75,high,none,0.974224,0.0050935196,0.0032456683,0.017436873,none
A026710,R01,4971.44,low,dormant,0.85775185,0.022833278,0.032235894,0.08717897,none
A024484,R09,1914.5,low,none,0.867806,0.008737235,0.030069834,0.09338693,none
A033792,R03,3828.98,low,none,0.95703304,0.005126186,0.009197524,0.02864326,none
A036926,R06,9731.81,high,dd_stop,0.95684767,0.0014565499,0.01681069,0.02488513,none
A008006,R09,5866.89,high,none,0.90726703,0.033217184,0.03086676,0.028648995,none
A021215,R01,1169.78,low,none,0.86518186,0.015290581,0.085568786,0.03395876,none
A028506,R03,19450.89,high,none,0.9124787,0.044374235,0.023212694,0.019934377,none
A025657,R08,109838.47,high,none,0.9310615,0.031575155,0.02608292,0.011280412,none
A029932,R00,7869.84,high,none,0.95186085,0.004061052,0.0059280763,0.038150005,none
A007262,R07,10928.1,high,none,0.9342992,0.037023306,0.0094704125,0.019207118,none
A007827,R03,8489.33,high,none,0.89417034,0.037639756,0.0038281246,0.064361766,none
A013152,R00,4658.82,low,none,0.8389718,0.10793489,0.03566804,0.01742532,none
A038408,R00,5507.61,high,none,0.9295505,0.036877487,0.0053190277,0.028252922,none
A017284,R02,1480.65,low,none,0.57480824,0.050642554,0.0114640985,0.3630851,none
A007726,R02,5233.71,high,none,0.9643164,0.0044425037,0.006013256,0.025227765,none
A021103,R08,2986.73,low,none,0.8984463,0.053239644,0.032695834,0.015618263,none
A005941,R09,2159.53,low,none,0.66016734,0.014138302,0.053683642,0.27201068,none
A028260,R05,5262.67,high,none,0.9431682,0.0098179905,0.022689939,0.024323879,none
A004129,R01,3559.41,low,none,0.8371824,0.095701344,0.03657481,0.030541465,none
A016941,R04,7676.86,high,none,0.88845354,0.018349072,0.00506524,0.08813216,none
A012598,R08,3022.24,low,none,0.7150213,0.14901453,0.026525341,0.10943878,none
A006612,R09,2504.21,low,none,0.8269822,0.098352306,0.052767508,0.021897951,none
A020933,R06,1999.32,low,dormant,0.7816236,0.012502585,0.08349605,0.122377776,none
A010759,R04,4243.17,low,large_withdrawal,0.8502442,0.0718865,0.05028341,0.027585862,none
A030525,R05,5091.99,high,none,0.9120975,0.05354651,0.013571445,0.020784557,none
A009124,R06,10400.21,high,none,0.87879765,0.038975403,0.05532165,0.026905313,none
A024879,R01,20788.86,high,none,0.9338273,0.03506039,0.006208546,0.02490377,none
A037488,R09,4134.27,low,none,0.89129215,0.041261785,0.026835019,0.040611066,none
A013569,R09,3930.18,low,none,0.9128305,0.02882191,0.034409802,0.02393779,none
A031008,R00,342.28,low,large_withdrawal,0.8084515,0.11465328,0.05609694,0.0207983,none
A024324,R09,2588.89,low,dd_stop,0.8713344,0.018694403,0.074573316,0.035397913,none
A013657,R00,16108.46,high,none,0.95209897,0.021948589,0.0024883393,0.023464119,none
A038549,R07,5425.43,high,none,0.79829407,0.09756729,0.022799173,0.08133945,none
A006894,R09,8693.51,high,none,0.90687114,0.0056598666,0.06073691,0.026732104,none
A020726,R06,2944.17,low,none,0.6771981,0.0052787717,0.06461067,0.25291246,none
A036587,R09,20774.23,high,none,0.89835316,0.028441092,0.042138226,0.031067511,none
A037125,R08,6347.11,high,none,0.898694,0.0034314953,0.00774683,0.09012776,none
A027420,R09,119603.08,high,none,0.7982346,0.020012582,0.007901508,0.17385136,none
A037500,R03,5173.59,high,none,0.85950756,0.015393471,0.0207388,0.10436022,none
A000651,R00,3025.89,low,none,0.6778899,0.055814423,0.019794721,0.24650095,none
A032086,R09,607.63,low,none,0.9149508,0.021318786,0.022482201,0.041248273,none
A012822,R01,5888.62,high,none,0.8779484,0.026849452,0.07100018,0.024201939,none
A030496,R08,1832.46,low,none,0.9568123,0.017847141,0.008800587,0.016539983,none
A010307,R08,28866.1,high,none,0.9564582,0.0082697505,0.021158975,0.014113067,none
A038757,R04,1883.07,low,none,0.94818854,0.011744385,0.011460823,0.02860619,none
A032213,R03,4436.06,low,dormant,0.6450928,0.029506002,0.013585752,0.31181547,none
A010440,R03,2875.19,low,none,0.8629487,0.02969412,0.019782897,0.08757423,none
A013588,R01,689.86,low,none,0.95009154,0.004243024,0.021297611,0.024367778,none
A015563,R09,5829.78,high,dormant,0.6907358,0.02217253,0.032827724,0.2542639,none
A012124,R07,7053.76,high,none,0.8947765,0.01051187,0.015639588,0.07907197,none
A032995,R00,1191.98,low,none,0.83844155,0.03629216,0.088843144,0.03642313,none
A008504,R04,5733.32,high,none,0.61057496,0.023860361,0.06981174,0.2957529,none
A020375,R03,2991.43,low,none,0.8493565,0.015687618,0.030699763,0.10425615,none
A036699,R09,2680.53,low,dormant,0.8031917,0.022327835,0.08629693,0.08818355,none
A007632,R06,13132.51,high,none,0.88030463,0.01725589,0.0031939659,0.09924552,none
A014908,R03,6987.77,high,none,0.7519383,0.013406858,0.033617135,0.20103772,none
A003709,R07,21112.07,high,none,0.933619,0.010133541,0.029235583,0.027011901,none
A011606,R03,4420.83,low,none,0.9365867,0.01982891,0.019350192,0.02423419,none
A018353,R04,5363.17,high,none,0.9484185,0.0008509083,0.014154693,0.036575846,none
A002961,R09,838.58,low,none,0.8691219,0.035977285,0.031587247,0.06331363,none
A030985,R01,2141.72,low,none,0.89037883,0.0095079895,0.050707694,0.04940547,none
A010018,R01,2610.46,low,large_withdrawal,0.8935739,0.010471424,0.0034306934,0.092523955,none
A029981,R00,10267.18,high,none,0.8637476,0.07310834,0.033248823,0.02989519,none
A031990,R02,1719.6,low,none,0.65755516,0.08767763,0.05053827,0.20422892,none
A000228,R02,3623.19,low,none,0.87190175,0.0006796561,0.017549738,0.10986885,none
A030773,R09,24228.54,high,none,0.8793305,0.028257314,0.006732044,0.08568015,none
A002955,R02,845.89,low,none,0.928646,0.032349948,0.02302978,0.015974207,none
A018192,R01,3989.46,low,dormant,0.30250698,0.017448755,0.010016693,0.67002755,dormant
A038175,R07,18825.84,high,none,0.88189405,0.01428069,0.01647544,0.08734984,none
A029811,R06,23050.71,high,none,0.90595186,0.049506683,0.022740107,0.021801302,none
A018214,R06,11927.89,high,none,0.89701,0.01537508,0.06437529,0.02323964,none
A029593,R06,5664.93,high,none,0.9346269,0.014996366,0.02786724,0.022509497,none
A026922,R01,4647.5,low,none,0.93075377,0.021077722,0.020016402,0.028152127,none
A035417,R03,1500.71,low,none,0.86934483,0.00090699486,0.021049308,0.10869885,none
A009940,R04,18798.41,high,large_withdrawal,0.9051307,0.03862892,0.03050561,0.025734767,none
A006379,R06,20538.86,high,none,0.95170933,0.0069521777,0.01466359,0.026674882,none
A015906,R05,6878.66,high,none,0.8420681,0.08527234,0.059004266,0.0136553515,none
A012261,R08,1503.15,low,none,0.9156538,0.013439647,0.04061811,0.030288342,none
A000603,R01,2194.81,low,none,0.7975411,0.095465794,0.07056711,0.036426008,none
A011825,R07,7851.93,high,none,0.8555666,0.015212639,0.026387118,0.102833614,none
A023651,R01,929.73,low,none,0.9066208,0.027553614,0.042600334,0.023225201,none
A012278,R09,1216.77,low,none,0.8586958,0.060018588,0.05226275,0.02902287,none
A009595,R07,1999.62,low,none,0.87185943,0.046439473,0.03972351,0.04197752,none
A003366,R05,49547.91,high,none,0.93169826,0.009994948,0.0033231324,0.054983635,none
A017104,R00,3278.73,low,none,0.87919384,0.026428249,0.055189807,0.03918811,none
A005245,R05,4916.77,low,none,0.79964465,0.031466812,0.07373408,0.09515451,none
A003614,R01,2253.02,low,none,0.84941065,0.018578215,0.057834547,0.07417657,none
A021128,R03,2226.95,low,none,0.7740718,0.085942835,0.03592837,0.10405691,none
A039002,R05,6553.49,high,none,0.8381941,0.05503255,0.04739618,0.059377145,none
A037068,R04,14848.6,high,none,0.8399806,0.05682921,0.017605372,0.08558479,none
A019306,R02,6638.0,high,none,0.86702776,0.055329897,0.053732753,0.023909627,none
A017315,R06,2011.7,low,none,0.96475816,0.0066706752,0.005159887,0.023411242,none
A020749,R09,905.95,low,none,0.82236063,0.0092999535,0.020549333,0.14779009,none
A039765,R04,14077.53,high,none,0.7499796,0.096540034,0.015531233,0.13794914,none
A032896,R09,22504.5,high,none,0.8909755,0.030148484,0.004734747,0.07414134,none
A001103,R00,2596.99,low,none,0.9078526,0.0013557597,0.025450878,0.065340765,none
A007946,R08,9284.18,high,none,0.795691,0.13167971,0.043917533,0.02871181,none
A029371,R06,7634.83,high,none,0.9305094,0.023439953,0.031992454,0.014058173,none
A000234,R01,9061.91,high,dd_stop,0.6298983,0.06478532,0.040678386,0.26463804,none
A008416,R07,22261.42,high,none,0.92033964,0.01751566,0.026455922,0.035688743,none
A024569,R00,1498.0,low,none,0.8544116,0.078537725,0.051172413,0.015878206,none
A023891,R06,2009.2,low,none,0.9215698,0.011633003,0.02241546,0.044381715,none
A034682,R05,16881.18,high,none,0.9399245,0.023018155,0.010121801,0.026935548,none
A018311,R04,1190.79,low,dormant,0.8782906,0.06482795,0.033603616,0.023277787,none
A031428,R03,10049.55,high,none,0.88209504,0.02529022,0.06124287,0.031371947,none
A035819,R03,1843.09,low,none,0.8692339,0.018179253,0.03202568,0.0805611,none
A025448,R00,6316.44,high,large_withdrawal,0.86215425,0.020054404,0.006569014,0.1112224,none
A021173,R08,10445.81,high,none,0.861886,0.044685174,0.06467245,0.028756367,none
A036330,R03,2806.45,low,none,0.88672477,0.06729773,0.025011517,0.020966006,none
A008320,R04,18450.79,high,none,0.8855398,0.04407603,0.049612105,0.020772047,none
A039457,R06,9951.16,high,none,0.92716634,0.035973016,0.018821843,0.018038832,none
A018035,R07,4090.65,low,none,0.91102463,0.0042440337,0.009127234,0.07560416,none
A036406,R02,9455.75,high,none,0.90296113,0.04005477,0.033124063,0.023860075,none
A023263,R07,75902.37,high,none,0.94873834,0.009604982,0.010439979,0.031216716,none
A018523,R03,732.76,low,none,0.9144794,0.050030924,0.019628806,0.015860904,none
A030447,R03,7989.34,high,none,0.87719786,0.0051262197,0.010267895,0.107408,none
A018235,R02,4703.17,low,none,0.88170475,0.031307105,0.021542195,0.06544594,none
A014670,R01,1125.05,low,none,0.8335147,0.04301874,0.0945347,0.02893181,none
A033999,R09,2589.83,low,none,0.74141574,0.014669493,0.0067534936,0.23716128,none
A004794,R01,11941.26,high,none,0.87535024,0.041064385,0.05789262,0.02569278,none
A031044,R01,7082.15,high,none,0.93064296,0.022209654,0.02137221,0.025775187,none
A008838,R04,17100.39,high,none,0.91935766,0.0111468155,0.01566024,0.05383536,none
A036388,R05,1816.39,low,none,0.8481888,0.0014624246,0.08708623,0.063262545,none
A026040,R02,1302.18,low,none,0.9286628,0.014759501,0.026723953,0.02985383,none
A010348,R05,700.4,low,none,0.9550551,0.02444753,0.003998014,0.016499368,none
A000935,R07,5930.7,high,none,0.8863314,0.024406863,0.06400892,0.025252853,none
A024588,R02,764.01,low,none,0.8667392,0.057284817,0.060633145,0.01534282,none
A007597,R08,7006.76,high,dd_stop,0.9130136,0.03168223,0.034629613,0.020674545,none
A006039,R07,635.12,low,none,0.85051006,0.017766904,0.047549017,0.08417404,none
A037614,R04,4857.03,low,none,0.8153155,0.07830227,0.08140671,0.024975564,none
A029391,R01,14576.77,high,none,0.87079936,0.018127177,0.08239066,0.028682811,none
A008136,R09,15347.02,high,none,0.96718186,0.00084563566,0.0060149976,0.025957478,none
A006437,R02,1342.48,low,none,0.91872823,0.023072232,0.029898379,0.02830116,none
A016598,R04,11560.84,high,dd_stop,0.72343373,0.03523649,0.093652815,0.14767696,none
A029441,R03,3435.58,low,none,0.903421,0.011939153,0.04607449,0.038565353,none
A011023,R04,20134.79,high,none,0.84365106,0.07038789,0.04964077,0.036320265,none
A000835,R01,2385.37,low,none,0.8700067,0.086298436,0.015825598,0.027869288,none
A038803,R00,16419.21,high,none,0.86301804,0.061344318,0.04533315,0.030304432,none
A024988,R07,7367.37,high,none,0.9319996,0.030575546,0.0062330756,0.031191723,none
A016126,R02,12582.08,high,dormant,0.9703326,0.006935719,0.005139807,0.017591864,none
A005945,R03,4318.23,low,none,0.8558306,0.079647996,0.036384072,0.028137315,none
A013286,R00,3051.09,low,none,0.8968028,0.018123042,0.015979616,0.06909461,none
A021396,R01,12976.81,high,none,0.88475806,0.033955038,0.015352518,0.06593437,none
A016758,R01,10585.12,high,dormant,0.9406513,0.0012826524,0.03303013,0.025035866,none
A015590,R07,12051.21,high,none,0.96978575,0.00637427,0.0064372444,0.017402686,none
A031677,R06,9354.53,high,none,0.7736681,0.079347216,0.02408216,0.12290253,none
A015099,R09,7071.66,high,none,0.8347102,0.046480298,0.093977,0.02483249,none
