account_id,value_group,account_value,event_month,offer_live,months_since_launch,tenure_months,product_count,churned_within_window,true_effect_prob
D000000,low,1173.61,20,0,,23.1,1,0,0.0
D000001,low,2928.77,18,0,,70.4,5,0,0.0
D000002,low,2257.99,4,0,,32.1,6,0,0.0
D000003,low,4839.67,21,0,,76.7,2,0,0.0
D000004,low,3149.87,18,0,,87.8,1,0,0.0
D000005,high,8431.51,18,1,6.0,16.2,2,0,-0.092414
D000006,low,702.98,1,0,,17.3,4,0,0.0
D000007,low,2322.91,8,0,,87.5,2,0,0.0
D000008,high,8649.45,9,0,,53.3,2,0,0.0
D000009,low,4902.18,21,0,,99.2,4,0,0.0
D000010,low,2143.85,17,0,,72.1,2,0,0.0
D000011,high,7867.33,11,0,,20.5,3,0,0.0
D000012,high,13088.29,0,0,,62.1,2,0,0.0
D000013,high,10806.66,1,0,,5.7,5,0,0.0
D000014,high,29665.12,1,0,,65.3,2,0,0.0
D000015,high,6485.14,6,0,,76.1,1,0,0.0
D000016,high,11335.32,8,0,,79.3,3,0,0.0
D000017,low,3035.5,12,0,,23.1,1,0,0.0
D000018,low,2715.15,22,0,,102.4,1,1,0.0
D000019,low,2273.36,14,0,,57.3,4,0,0.0
D000020,high,12463.88,11,0,,62.1,2,0,0.0
D000021,low,1209.83,15,0,,32.1,1,1,0.0
D000022,high,13257.82,21,1,9.0,84.9,1,0,-0.050134
D000023,high,7701.32,15,1,3.0,34.5,6,0,-0.077134
D000024,low,4887.52,22,0,,37.6,3,0,0.0
D000025,low,4528.15,21,0,,58.9,2,0,0.0
D000026,high,8807.48,4,0,,124.3,2,0,0.0
D000027,high,9767.02,22,1,10.0,15.6,4,0,-0.063573
D000028,low,1299.74,4,0,,70.2,2,1,0.0
D000029,high,10601.85,5,0,,11.2,1,0,0.0
D000030,high,27628.32,21,1,9.0,119.6,2,0,-0.043642
D000031,high,11245.23,9,0,,79.7,3,0,0.0
D000032,low,950.54,19,0,,77.7,1,1,0.0
D000033,low,4504.0,15,0,,30.9,1,0,0.0
D000034,high,13979.77,5,0,,25.1,3,0,0.0
D000035,low,3283.13,6,0,,55.7,2,0,0.0
D000036,high,10831.2,22,1,10.0,14.2,1,0,-0.10681
D000037,low,4221.25,15,0,,26.2,5,1,0.0
D000038,low,1262.61,19,0,,26.6,3,1,0.0
D000039,high,14195.1,7,0,,167.0,1,0,0.0
D000040,high,5184.35,2,0,,55.2,1,0,0.0
D000041,high,29409.98,10,0,,39.3,5,0,0.0
D000042,low,4918.1,16,0,,22.9,1,0,0.0
D000043,high,9267.21,16,1,4.0,47.8,1,0,-0.036251
D000044,high,9938.17,2,0,,88.8,5,0,0.0
D000045,high,5411.6,1,0,,124.4,4,0,0.0
D000046,low,3331.76,2,0,,23.6,1,1,0.0
D000047,high,28137.49,5,0,,127.2,1,0,0.0
D000048,low,2647.8,14,0,,125.2,1,0,0.0
D000049,low,1173.07,9,0,,46.1,2,0,0.0
D000050,low,3917.95,13,0,,66.3,3,0,0.0
D000051,low,4278.61,10,0,,12.4,1,0,0.0
D000052,low,4509.17,18,0,,16.8,1,0,0.0
D000053,low,565.31,0,0,,67.2,3,0,0.0
D000054,high,7278.5,10,0,,36.8,1,0,0.0
D000055,high,5920.03,14,1,2.0,43.8,4,0,-0.045985
D000056,high,53597.52,7,0,,91.4,5,0,0.0
D000057,low,2326.7,17,0,,133.5,5,0,0.0
D000058,low,1862.24,23,0,,62.2,2,1,0.0
D000059,low,2241.15,15,0,,51.4,2,0,0.0
D000060,low,1928.83,14,0,,9.6,3,0,0.0
D000061,low,4628.4,22,0,,76.0,1,0,0.0
D000062,high,22540.95,2,0,,112.0,3,1,0.0
D000063,low,1266.62,9,0,,155.2,3,0,0.0
D000064,low,570.22,21,0,,29.5,6,0,0.0
D000065,high,16047.63,0,0,,37.2,4,0,0.0
D000066,high,15641.94,0,0,,45.6,4,1,0.0
D000067,high,9528.13,21,1,9.0,70.1,2,0,-0.049943
D000068,low,2688.27,8,0,,81.4,1,0,0.0
D000069,low,1066.89,6,0,,67.5,3,0,0.0
D000070,low,2227.11,4,0,,89.6,1,0,0.0
D000071,high,27978.2,5,0,,47.0,6,0,0.0
D000072,high,7277.68,3,0,,106.0,1,0,0.0
D000073,low,1150.53,12,0,,219.7,5,0,0.0
D000074,low,1308.42,1,0,,43.6,1,0,0.0
D000075,high,6001.14,3,0,,47.9,4,0,0.0
D000076,high,5503.51,3,0,,84.7,4,0,0.0
D000077,low,1520.17,19,0,,51.4,2,0,0.0
D000078,low,3379.5,19,0,,69.7,5,0,0.0
D000079,high,25183.18,15,1,3.0,117.3,3,0,-0.057616
D000080,high,142050.86,19,1,7.0,25.7,3,0,-0.058047
D000081,high,14643.62,23,1,11.0,195.3,3,0,-0.013788
D000082,low,3944.48,0,0,,72.1,1,0,0.0
D000083,high,7916.74,10,0,,18.5,1,0,0.0
D000084,low,1484.66,6,0,,38.3,1,0,0.0
D000085,high,8811.79,0,0,,63.9,2,0,0.0
D000086,low,1448.87,4,0,,44.6,1,0,0.0
D000087,high,6707.24,22,1,10.0,24.3,5,0,-0.079075
D000088,high,7091.05,0,0,,134.0,1,0,0.0
D000089,low,2155.35,19,0,,79.8,3,1,0.0
D000090,low,3473.39,5,0,,72.9,4,0,0.0
D000091,low,681.69,23,0,,29.8,1,0,0.0
D000092,low,1515.68,14,0,,64.9,1,0,0.0
D000093,low,4824.3,2,0,,33.1,2,0,0.0
D000094,low,1764.53,19,0,,21.7,2,0,0.0
D000095,low,2323.34,18,0,,14.0,2,0,0.0
D000096,low,4731.62,11,0,,17.4,3,0,0.0
D000097,low,3754.81,23,0,,5.4,3,0,0.0
D000098,high,7616.74,16,1,4.0,136.6,1,0,-0.043131
D000099,high,11804.39,4,0,,106.7,2,0,0.0
D000100,high,7856.38,18,1,6.0,113.7,1,0,-0.036486
D000101,low,744.5,12,0,,108.6,3,0,0.0
D000102,low,865.61,2,0,,68.7,1,0,0.0
D000103,high,10134.29,14,1,2.0,42.7,1,0,-0.047339
D000104,low,3305.92,17,0,,8.0,4,0,0.0
D000105,low,1752.86,8,0,,36.6,1,0,0.0
D000106,high,25306.18,13,1,1.0,82.2,1,0,-0.028822
D000107,high,7728.85,14,1,2.0,55.0,1,0,-0.053328
D000108,low,4325.25,13,0,,130.9,5,0,0.0
D000109,high,19775.84,18,1,6.0,49.8,1,0,-0.076384
D000110,low,1887.48,18,0,,17.5,3,1,0.0
D000111,low,4606.25,5,0,,70.5,1,0,0.0
D000112,low,538.41,12,0,,23.3,5,0,0.0
D000113,high,10789.41,19,1,7.0,15.0,5,0,-0.052568
D000114,low,1016.66,7,0,,6.6,2,0,0.0
D000115,low,3722.23,1,0,,22.8,3,0,0.0
D000116,high,12636.69,23,1,11.0,32.3,1,0,-0.061896
D000117,low,1256.67,3,0,,118.0,5,0,0.0
D000118,high,11293.22,23,1,11.0,82.4,1,0,-0.064001
D000119,high,37371.82,0,0,,8.4,3,0,0.0
D000120,low,2241.86,14,0,,98.9,6,0,0.0
D000121,low,4230.47,1,0,,65.1,3,0,0.0
D000122,high,5333.83,7,0,,136.7,2,0,0.0
D000123,high,14636.97,19,1,7.0,62.0,1,0,-0.090899
D000124,low,1418.78,17,0,,65.3,2,1,0.0
D000125,high,40220.93,0,0,,54.4,5,0,0.0
D000126,low,2586.89,8,0,,99.4,2,0,0.0
D000127,low,2645.23,20,0,,5.7,6,0,0.0
D000128,low,888.74,22,0,,59.6,2,0,0.0
D000129,low,4493.75,18,0,,54.2,1,0,0.0
D000130,high,5055.61,2,0,,130.5,1,0,0.0
D000131,high,8632.56,9,0,,15.8,5,0,0.0
D000132,high,29975.61,9,0,,118.8,1,0,0.0
D000133,high,5088.27,17,1,5.0,33.6,4,0,-0.091656
D000134,low,4562.01,12,0,,118.5,1,1,0.0
D000135,high,12690.29,15,1,3.0,38.0,4,0,-0.042831
D000136,high,6035.3,0,0,,36.3,6,0,0.0
D000137,high,28377.46,14,1,2.0,10.4,1,0,-0.080859
D000138,low,4828.17,7,0,,44.0,3,0,0.0
D000139,high,7389.01,7,0,,88.1,2,0,0.0
D000140,low,1138.94,0,0,,56.0,2,0,0.0
D000141,high,6282.35,8,0,,91.0,3,0,0.0
D000142,high,5698.24,6,0,,30.0,2,0,0.0
D000143,low,334.11,6,0,,85.5,2,0,0.0
D000144,high,58467.88,0,0,,72.0,3,0,0.0
D000145,high,11629.55,13,1,1.0,101.7,2,0,-0.021744
D000146,high,19387.59,13,1,1.0,137.5,6,0,-0.014279
D000147,low,2567.42,20,0,,39.3,3,0,0.0
D000148,high,35949.67,3,0,,27.8,2,0,0.0
D000149,high,9082.66,11,0,,46.3,6,0,0.0
D000150,high,6551.7,10,0,,21.0,2,0,0.0
D000151,low,2814.91,15,0,,41.5,2,0,0.0
D000152,high,7195.96,5,0,,44.1,3,0,0.0
D000153,high,51506.32,14,1,2.0,93.8,5,0,-0.051481
D000154,low,2442.54,19,0,,90.9,1,0,0.0
D000155,low,3560.49,4,0,,76.4,5,1,0.0
D000156,high,7484.49,22,1,10.0,17.4,2,0,-0.073309
D000157,high,6492.86,7,0,,68.4,1,0,0.0
D000158,low,1558.13,14,0,,69.6,4,0,0.0
D000159,low,2174.76,9,0,,12.3,1,0,0.0
D000160,low,3871.28,17,0,,47.5,1,1,0.0
D000161,low,1169.57,16,0,,64.0,1,1,0.0
D000162,high,5369.91,20,1,8.0,67.5,1,0,-0.048046
D000163,high,13860.78,16,1,4.0,40.3,3,1,-0.045612
D000164,low,3057.66,21,0,,24.7,6,0,0.0
D000165,high,7278.84,2,0,,9.9,3,0,0.0
D000166,high,12870.28,2,0,,99.2,1,0,0.0
D000167,low,2974.47,8,0,,86.6,1,0,0.0
D000168,low,4738.01,20,0,,20.9,3,0,0.0
D000169,high,5637.98,5,0,,188.4,5,0,0.0
D000170,low,530.76,0,0,,69.5,1,0,0.0
D000171,high,5707.44,20,1,8.0,67.3,1,0,-0.064444
D000172,low,4115.37,21,0,,142.8,2,0,0.0
D000173,high,10794.5,18,1,6.0,25.0,4,0,-0.11033
D000174,high,5749.73,4,0,,28.1,2,0,0.0
D000175,low,2064.61,17,0,,26.2,2,0,0.0
D000176,low,2982.11,19,0,,70.9,3,0,0.0
D000177,low,1931.42,9,0,,109.7,4,0,0.0
D000178,low,3938.92,18,0,,126.3,3,0,0.0
D000179,low,2186.8,5,0,,76.2,1,0,0.0
D000180,high,18603.26,19,1,7.0,23.4,1,0,-0.081082
D000181,high,14549.46,23,1,11.0,80.9,4,0,-0.047346
D000182,low,279.25,4,0,,42.2,5,0,0.0
D000183,low,2509.9,18,0,,82.7,3,1,0.0
D000184,low,2925.29,9,0,,53.6,1,0,0.0
D000185,low,4668.74,2,0,,63.9,2,1,0.0
D000186,low,4906.45,9,0,,57.6,2,1,0.0
D000187,high,7767.88,21,1,9.0,77.8,3,0,-0.054822
D000188,low,3001.14,2,0,,47.1,1,0,0.0
D000189,high,12957.46,14,1,2.0,84.3,1,0,-0.033244
D000190,high,25579.58,8,0,,44.3,4,0,0.0
D000191,low,503.21,9,0,,52.4,3,0,0.0
D000192,low,1109.66,10,0,,23.1,1,0,0.0
D000193,low,4570.72,9,0,,60.1,5,1,0.0
D000194,low,1925.63,15,0,,79.8,2,0,0.0
D000195,low,4098.2,16,0,,20.6,1,0,0.0
D000196,high,5895.25,8,0,,20.0,2,0,0.0
D000197,low,1600.09,2,0,,31.5,2,0,0.0
D000198,high,10911.37,17,1,5.0,12.6,3,0,-0.087727
D000199,low,4782.61,20,0,,37.7,4,0,0.0
D000200,low,5039.03,22,0,,51.7,3,0,0.0
D000201,low,3075.28,13,0,,68.7,5,0,0.0
D000202,high,57997.24,22,1,10.0,185.0,2,0,-0.016902
D000203,low,3053.27,6,0,,58.2,3,0,0.0
D000204,low,4332.37,5,0,,14.2,2,1,0.0
D000205,high,9378.52,14,1,2.0,19.7,4,0,-0.046826
D000206,high,13217.36,6,0,,34.6,4,0,0.0
D000207,high,6640.56,6,0,,69.3,2,0,0.0
D000208,low,1657.91,23,0,,85.4,3,1,0.0
D000209,low,1594.52,5,0,,34.3,1,1,0.0
D000210,high,7302.23,4,0,,31.5,3,0,0.0
D000211,low,1207.4,5,0,,12.8,1,1,0.0
D000212,low,3191.24,1,0,,100.2,3,0,0.0
D000213,high,124866.41,6,0,,88.2,6,0,0.0
D000214,high,8789.11,8,0,,58.7,2,0,0.0
D000215,high,16363.58,2,0,,62.5,3,0,0.0
D000216,low,254.05,22,0,,21.2,2,1,0.0
D000217,low,1811.48,0,0,,19.1,6,0,0.0
D000218,low,912.1,7,0,,45.3,3,0,0.0
D000219,low,3669.9,3,0,,57.3,5,0,0.0
D000220,low,1049.84,11,0,,111.2,1,0,0.0
D000221,low,1248.57,15,0,,66.7,3,0,0.0
D000222,low,2639.13,0,0,,32.0,1,1,0.0
D000223,high,6733.18,10,0,,11.2,1,0,0.0
D000224,high,12350.11,14,1,2.0,51.5,2,0,-0.045965
D000225,low,3376.4,5,0,,46.8,2,0,0.0
D000226,high,16919.05,1,0,,71.1,3,0,0.0
D000227,low,1987.74,0,0,,90.9,1,0,0.0
D000228,low,2769.72,4,0,,77.4,3,0,0.0
D000229,high,5819.28,0,0,,80.0,4,0,0.0
D000230,low,3707.02,12,0,,68.3,1,0,0.0
D000231,low,936.51,21,0,,76.9,1,0,0.0
D000232,high,7414.35,14,1,2.0,86.1,3,0,-0.034119
D000233,low,2774.39,18,0,,66.9,3,0,0.0
D000234,low,1026.26,19,0,,77.1,3,0,0.0
D000235,low,2951.35,12,0,,13.7,3,0,0.0
D000236,high,7795.86,19,1,7.0,43.7,4,1,-0.069185
D000237,low,3276.26,16,0,,109.9,2,0,0.0
D000238,low,2282.05,18,0,,62.0,4,0,0.0
D000239,low,2925.06,1,0,,16.6,1,0,0.0
D000240,high,5923.44,21,1,9.0,71.8,2,0,-0.078199
D000241,high,8103.96,13,1,1.0,54.6,4,0,-0.030728
D000242,high,7618.92,2,0,,49.4,3,0,0.0
D000243,high,7175.19,2,0,,54.8,2,0,0.0
D000244,high,34555.49,7,0,,53.1,4,0,0.0
D000245,high,7748.58,16,1,4.0,60.1,4,0,-0.061544
D000246,low,2402.61,19,0,,20.2,2,1,0.0
D000247,high,24644.72,2,0,,79.4,5,0,0.0
D000248,low,159.91,0,0,,79.3,1,0,0.0
D000249,low,1503.28,22,0,,48.8,2,1,0.0
D000250,high,5524.94,12,1,0.0,31.8,3,0,0.0
D000251,low,2071.92,2,0,,38.7,4,0,0.0
D000252,high,10089.85,22,1,10.0,241.9,4,0,-0.022576
D000253,high,8335.04,7,0,,21.0,4,0,0.0
D000254,low,3411.64,13,0,,65.7,4,0,0.0
D000255,low,1991.17,12,0,,46.7,6,0,0.0
D000256,low,3192.51,18,0,,45.0,1,1,0.0
D000257,low,1656.34,6,0,,54.5,3,0,0.0
D000258,high,5772.47,23,1,11.0,27.7,2,0,-0.107588
D000259,low,225.2,20,0,,57.1,4,0,0.0
D000260,low,3915.95,20,0,,24.7,4,1,0.0
D000261,high,10046.2,2,0,,136.3,2,0,0.0
D000262,low,780.1,11,0,,137.4,3,0,0.0
D000263,high,8470.78,20,1,8.0,54.2,1,0,-0.060421
D000264,high,5394.02,12,1,0.0,1.7,2,1,0.0
D000265,low,1984.01,7,0,,77.1,4,0,0.0
D000266,low,1831.74,15,0,,83.1,2,0,0.0
D000267,high,5281.26,21,1,9.0,87.0,2,0,-0.048182
D000268,high,8717.99,12,1,0.0,46.5,1,1,0.0
D000269,low,1046.75,16,0,,116.1,1,0,0.0
D000270,low,1605.37,12,0,,55.3,1,0,0.0
D000271,low,1839.76,2,0,,69.1,1,0,0.0
D000272,high,6170.94,7,0,,59.7,1,0,0.0
D000273,low,3901.07,3,0,,43.3,3,0,0.0
D000274,low,3446.85,9,0,,65.5,2,0,0.0
D000275,low,1978.86,12,0,,47.9,5,0,0.0
D000276,high,31405.69,4,0,,24.6,2,1,0.0
D000277,high,8131.02,14,1,2.0,39.5,1,1,-0.096438
D000278,high,55158.88,2,0,,39.0,2,0,0.0
D000279,high,9636.14,20,1,8.0,21.9,3,0,-0.044154
D000280,low,3101.28,7,0,,93.8,2,0,0.0
D000281,high,26713.93,19,1,7.0,73.1,4,0,-0.046416
D000282,low,1264.2,12,0,,112.9,1,0,0.0
D000283,high,7707.6,11,0,,138.9,1,0,0.0
D000284,high,24945.55,20,1,8.0,98.6,2,0,-0.050239
D000285,high,12506.27,19,1,7.0,54.5,2,0,-0.050613
D000286,high,11057.87,3,0,,21.0,1,0,0.0
D000287,high,5616.04,11,0,,52.0,2,0,0.0
D000288,low,1806.7,21,0,,83.2,2,0,0.0
D000289,low,4190.69,21,0,,21.1,2,0,0.0
D000290,high,6217.75,19,1,7.0,120.7,4,0,-0.054593
D000291,low,1294.85,19,0,,43.8,3,0,0.0
D000292,high,25677.09,9,0,,143.7,2,0,0.0
D000293,low,2447.76,21,0,,95.9,3,0,0.0
D000294,high,6668.61,9,0,,38.9,2,1,0.0
D000295,high,9141.27,6,0,,155.8,5,0,0.0
D000296,high,10364.4,6,0,,63.3,4,0,0.0
D000297,low,287.17,14,0,,29.3,2,0,0.0
D000298,high,34652.16,21,1,9.0,95.5,2,0,-0.052125
D000299,low,3349.45,3,0,,12.1,2,0,0.0
D000300,low,1785.33,13,0,,85.6,2,0,0.0
D000301,low,3620.47,8,0,,67.0,3,0,0.0
D000302,low,2178.12,3,0,,71.3,3,0,0.0
D000303,high,5949.45,2,0,,61.0,3,0,0.0
D000304,high,23948.27,19,1,7.0,101.6,2,0,-0.03536
D000305,low,2759.47,19,0,,45.5,5,0,0.0
D000306,low,627.42,6,0,,170.4,2,0,0.0
D000307,low,1770.29,8,0,,86.0,3,1,0.0
D000308,high,8955.92,4,0,,32.1,1,0,0.0
D000309,high,10035.8,19,1,7.0,23.8,3,0,-0.036028
D000310,low,3147.04,23,0,,27.7,1,0,0.0
D000311,low,4814.49,1,0,,86.7,1,0,0.0
D000312,high,12494.09,19,1,7.0,93.4,1,0,-0.044057
D000313,low,4671.83,23,0,,72.4,1,0,0.0
D000314,low,1396.33,1,0,,22.1,3,0,0.0
D000315,low,337.1,4,0,,32.8,1,0,0.0
D000316,low,1930.06,15,0,,127.3,1,0,0.0
D000317,low,2350.31,6,0,,88.2,3,0,0.0
D000318,high,5285.96,19,1,7.0,70.4,4,0,-0.057203
D000319,low,3404.85,4,0,,30.3,2,1,0.0
D000320,low,2893.58,23,0,,77.4,2,0,0.0
D000321,low,4547.44,13,0,,9.9,2,0,0.0
D000322,high,8669.77,13,1,1.0,131.0,1,0,-0.022583
D000323,low,4200.77,12,0,,43.3,2,1,0.0
D000324,low,4556.33,21,0,,87.9,5,0,0.0
D000325,high,8587.77,12,1,0.0,35.9,2,0,0.0
D000326,low,3578.68,22,0,,15.9,3,0,0.0
D000327,high,7678.02,13,1,1.0,42.5,6,1,-0.038758
D000328,high,25883.91,10,0,,61.2,1,0,0.0
D000329,low,1896.56,4,0,,88.9,1,0,0.0
D000330,low,2250.77,1,0,,115.9,1,1,0.0
D000331,low,1394.66,0,0,,22.8,1,0,0.0
D000332,high,40144.27,16,1,4.0,28.5,4,1,-0.04655
D000333,high,15726.1,1,0,,31.2,1,1,0.0
D000334,high,12535.62,23,1,11.0,90.7,1,0,-0.096587
D000335,low,1387.36,9,0,,121.7,1,0,0.0
D000336,high,5166.33,6,0,,73.7,1,0,0.0
D000337,high,9800.99,21,1,9.0,64.3,1,0,-0.071986
D000338,low,1583.3,0,0,,58.8,1,0,0.0
D000339,low,2091.87,12,0,,13.1,2,0,0.0
D000340,high,5853.1,23,1,11.0,84.3,1,0,-0.05309
D000341,low,1194.1,12,0,,46.7,1,0,0.0
D000342,low,3982.16,10,0,,44.6,4,0,0.0
D000343,high,7833.04,22,1,10.0,23.9,1,0,-0.046487
D000344,high,21171.83,11,0,,53.7,3,0,0.0
D000345,high,8452.94,1,0,,96.6,4,0,0.0
D000346,low,709.46,23,0,,81.2,2,1,0.0
D000347,high,46123.04,23,1,11.0,11.6,2,0,-0.048089
D000348,high,19198.82,18,1,6.0,102.3,1,0,-0.061705
D000349,high,7986.21,19,1,7.0,24.9,4,0,-0.062543
D000350,low,4186.96,6,0,,88.5,3,1,0.0
D000351,high,15706.91,0,0,,165.6,4,0,0.0
D000352,high,6272.75,5,0,,44.2,3,0,0.0
D000353,low,4267.41,8,0,,108.1,6,0,0.0
D000354,high,5352.23,14,1,2.0,12.7,1,0,-0.062257
D000355,high,6932.19,12,1,0.0,67.4,4,0,0.0
D000356,low,3683.58,15,0,,9.8,1,1,0.0
D000357,low,4760.63,5,0,,57.4,1,0,0.0
D000358,high,5551.96,17,1,5.0,63.1,2,0,-0.065154
D000359,high,6261.19,14,1,2.0,60.0,3,0,-0.054806
D000360,low,2165.28,23,0,,18.9,4,0,0.0
D000361,low,3187.37,21,0,,47.6,2,1,0.0
D000362,high,16591.17,1,0,,75.2,3,0,0.0
D000363,high,8388.65,10,0,,117.9,4,0,0.0
D000364,high,7977.96,19,1,7.0,53.6,2,0,-0.062296
D000365,high,9065.27,12,1,0.0,44.1,3,0,0.0
D000366,high,10914.53,20,1,8.0,27.1,2,0,-0.050246
D000367,high,9746.41,22,1,10.0,99.5,1,1,-0.04313
D000368,low,1662.62,23,0,,33.0,5,0,0.0
D000369,low,1119.42,22,0,,18.0,2,0,0.0
D000370,high,43906.13,11,0,,27.9,2,0,0.0
D000371,high,6916.46,9,0,,96.0,3,0,0.0
D000372,high,6129.24,16,1,4.0,86.5,3,0,-0.041997
D000373,low,2508.36,4,0,,57.4,2,0,0.0
D000374,low,724.98,5,0,,57.9,2,0,0.0
D000375,low,387.45,6,0,,22.0,2,0,0.0
D000376,low,888.22,5,0,,52.2,1,0,0.0
D000377,high,14124.27,0,0,,30.0,6,0,0.0
D000378,high,8663.06,6,0,,77.7,2,0,0.0
D000379,low,4860.52,17,0,,13.7,3,0,0.0
D000380,high,72225.65,2,0,,18.5,3,0,0.0
D000381,low,1532.97,7,0,,33.6,3,0,0.0
D000382,low,2126.56,23,0,,38.0,1,0,0.0
D000383,high,20009.73,13,1,1.0,50.5,4,0,-0.031644
D000384,high,7086.61,9,0,,18.8,4,0,0.0
D000385,high,7459.04,3,0,,75.6,3,0,0.0
D000386,low,1728.38,14,0,,45.9,3,1,0.0
D000387,high,17665.55,15,1,3.0,42.0,2,0,-0.113222
D000388,high,14745.87,5,0,,35.2,2,0,0.0
D000389,low,1971.39,11,0,,21.8,3,0,0.0
D000390,low,3253.63,9,0,,25.3,4,0,0.0
D000391,high,23901.16,10,0,,65.8,3,0,0.0
D000392,high,5860.44,13,1,1.0,39.4,6,0,-0.025627
D000393,high,7776.89,2,0,,39.1,2,1,0.0
D000394,low,3020.94,12,0,,35.2,2,1,0.0
D000395,high,7920.52,5,0,,13.3,1,0,0.0
D000396,high,11425.38,23,1,11.0,54.3,4,0,-0.03793
D000397,low,3497.57,22,0,,68.1,1,1,0.0
D000398,low,2255.32,3,0,,5.4,2,0,0.0
D000399,high,8633.61,8,0,,53.1,4,0,0.0
D000400,high,34526.18,14,1,2.0,36.0,4,0,-0.042931
D000401,low,3987.28,7,0,,49.8,1,0,0.0
D000402,high,27772.86,8,0,,88.4,2,0,0.0
D000403,low,646.96,6,0,,35.8,3,0,0.0
D000404,low,4950.8,19,0,,78.1,4,0,0.0
D000405,high,13296.7,12,1,0.0,196.2,1,0,0.0
D000406,high,17037.98,0,0,,9.2,1,0,0.0
D000407,high,10235.38,4,0,,132.7,2,1,0.0
D000408,high,24997.57,21,1,9.0,88.9,6,0,-0.040354
D000409,low,1354.58,0,0,,32.3,4,0,0.0
D000410,low,4731.56,15,0,,28.4,1,0,0.0
D000411,high,8501.38,14,1,2.0,46.2,5,0,-0.050349
D000412,high,12639.51,9,0,,99.4,1,0,0.0
D000413,low,1925.14,0,0,,228.7,1,0,0.0
D000414,high,27918.44,11,0,,97.1,5,0,0.0
D000415,high,47773.55,11,0,,71.2,2,0,0.0
D000416,high,46179.07,4,0,,45.0,4,0,0.0
D000417,low,1548.11,14,0,,55.9,1,0,0.0
D000418,high,6274.68,1,0,,24.7,2,0,0.0
D000419,high,8082.78,14,1,2.0,34.9,1,0,-0.055862
D000420,high,46947.19,21,1,9.0,66.0,1,0,-0.054848
D000421,low,3632.19,13,0,,148.5,1,0,0.0
D000422,high,6925.36,10,0,,69.0,2,0,0.0
D000423,high,14419.11,9,0,,41.7,3,0,0.0
D000424,low,1220.63,13,0,,225.1,4,0,0.0
D000425,high,29687.13,10,0,,79.8,3,0,0.0
D000426,low,3687.07,18,0,,43.8,2,0,0.0
D000427,low,2381.38,2,0,,111.6,5,0,0.0
D000428,low,524.43,5,0,,54.5,1,1,0.0
D000429,low,4181.19,16,0,,68.5,4,0,0.0
D000430,high,6591.35,17,1,5.0,82.4,2,0,-0.054361
D000431,low,1104.82,1,0,,65.7,1,0,0.0
D000432,low,2234.62,16,0,,19.5,5,0,0.0
D000433,low,343.18,7,0,,17.0,1,1,0.0
D000434,high,8590.85,3,0,,74.0,2,0,0.0
D000435,low,1497.86,22,0,,40.0,1,0,0.0
D000436,low,4803.66,2,0,,67.1,4,0,0.0
D000437,low,4839.02,2,0,,69.8,2,0,0.0
D000438,low,4509.31,0,0,,58.6,2,0,0.0
D000439,low,3961.84,8,0,,41.1,2,0,0.0
D000440,high,8440.85,3,0,,35.1,5,0,0.0
D000441,low,3300.28,19,0,,28.5,1,0,0.0
D000442,low,3973.25,17,0,,100.1,5,0,0.0
D000443,high,7353.48,10,0,,49.8,6,0,0.0
D000444,low,1734.2,7,0,,70.1,5,0,0.0
D000445,high,9732.67,22,1,10.0,25.6,3,0,-0.057233
D000446,high,182778.78,21,1,9.0,185.9,4,0,-0.024614
D000447,high,11954.23,18,1,6.0,26.3,2,1,-0.072174
D000448,low,3561.81,19,0,,78.9,2,0,0.0
D000449,high,8308.97,9,0,,110.8,1,0,0.0
D000450,high,41386.56,1,0,,63.4,1,0,0.0
D000451,high,8487.3,21,1,9.0,171.0,1,0,-0.02342
D000452,low,1951.7,2,0,,62.1,2,0,0.0
D000453,low,4397.05,10,0,,27.1,5,0,0.0
D000454,high,10553.27,11,0,,61.6,1,0,0.0
D000455,low,1667.83,20,0,,7.5,4,0,0.0
D000456,low,1405.92,6,0,,34.3,6,0,0.0
D000457,low,4523.19,17,0,,100.2,2,0,0.0
D000458,low,3433.9,7,0,,22.3,3,0,0.0
D000459,high,17919.89,16,1,4.0,24.5,4,0,-0.072221
D000460,high,68454.97,23,1,11.0,42.8,1,0,-0.060626
D000461,low,1456.03,1,0,,154.9,3,0,0.0
D000462,high,5860.16,8,0,,92.3,4,0,0.0
D000463,high,7525.22,14,1,2.0,101.9,5,0,-0.029696
D000464,low,3750.71,5,0,,51.6,2,0,0.0
D000465,low,4786.0,19,0,,48.7,5,0,0.0
D000466,high,9443.88,2,0,,110.5,1,1,0.0
D000467,high,19902.94,14,1,2.0,72.5,3,0,-0.026504
D000468,high,6471.02,11,0,,54.0,4,1,0.0
D000469,low,2400.35,0,0,,56.6,3,0,0.0
D000470,low,4776.63,5,0,,110.7,2,0,0.0
D000471,low,2186.66,21,0,,112.5,1,1,0.0
D000472,high,63743.12,9,0,,60.6,2,0,0.0
D000473,high,6040.03,19,1,7.0,164.0,4,0,-0.032416
D000474,high,8682.67,0,0,,24.8,2,0,0.0
D000475,high,23657.7,12,1,0.0,56.5,1,0,0.0
D000476,low,4008.18,3,0,,46.4,2,0,0.0
D000477,low,1260.64,10,0,,87.1,2,0,0.0
D000478,low,1886.61,20,0,,37.9,1,0,0.0
D000479,high,12752.12,12,1,0.0,80.5,3,0,0.0
D000480,high,19285.03,23,1,11.0,21.1,5,0,-0.05086
D000481,low,1239.82,18,0,,22.1,2,0,0.0
D000482,high,12356.43,21,1,9.0,63.6,2,0,-0.054622
D000483,low,2675.47,22,0,,23.1,1,0,0.0
D000484,high,7718.33,0,0,,101.3,1,0,0.0
D000485,low,1591.07,11,0,,151.4,4,0,0.0
D000486,low,815.8,14,0,,106.7,3,1,0.0
D000487,low,3471.66,15,0,,14.0,2,0,0.0
D000488,low,1641.21,12,0,,59.8,2,0,0.0
D000489,high,19658.51,4,0,,39.7,3,1,0.0
D000490,low,400.4,17,0,,30.7,1,0,0.0
D000491,low,4884.73,7,0,,117.3,2,0,0.0
D000492,low,1278.59,9,0,,43.5,5,1,0.0
D000493,high,11704.88,16,1,4.0,42.0,3,0,-0.038949
D000494,low,2100.38,12,0,,47.4,2,0,0.0
D000495,low,1783.72,17,0,,67.0,1,0,0.0
D000496,high,6385.35,15,1,3.0,42.4,2,0,-0.065994
D000497,high,8750.16,15,1,3.0,78.2,1,0,-0.068218
D000498,low,389.54,18,0,,26.3,2,0,0.0
D000499,high,6233.54,2,0,,12.7,1,0,0.0
D000500,high,35912.88,7,0,,68.4,3,0,0.0
D000501,high,73371.41,5,0,,57.9,1,1,0.0
D000502,low,458.55,11,0,,51.9,2,0,0.0
D000503,low,4012.99,8,0,,89.6,4,0,0.0
D000504,high,30473.89,3,0,,44.3,2,0,0.0
D000505,low,1892.44,13,0,,74.7,1,0,0.0
D000506,high,25406.42,7,0,,35.3,2,0,0.0
D000507,low,734.83,15,0,,114.3,3,0,0.0
D000508,low,3830.17,10,0,,141.0,1,1,0.0
D000509,high,39130.35,18,1,6.0,9.3,4,0,-0.047372
D000510,high,6286.66,1,0,,68.8,2,1,0.0
D000511,high,9081.05,0,0,,67.6,4,0,0.0
D000512,high,8616.16,13,1,1.0,65.3,5,0,-0.026755
D000513,high,11178.48,18,1,6.0,79.9,5,0,-0.053109
D000514,low,3100.1,17,0,,41.9,5,1,0.0
D000515,high,5935.6,12,1,0.0,56.0,1,0,0.0
D000516,low,416.55,9,0,,16.8,3,0,0.0
D000517,high,7410.28,20,1,8.0,53.0,5,0,-0.048621
D000518,low,3321.03,20,0,,69.7,1,0,0.0
D000519,low,4898.15,18,0,,11.9,3,0,0.0
D000520,low,1951.01,13,0,,50.6,2,0,0.0
D000521,low,2597.14,17,0,,70.3,2,0,0.0
D000522,high,6699.08,16,1,4.0,153.3,5,0,-0.033615
D000523,low,4219.63,9,0,,67.4,3,0,0.0
D000524,low,4441.24,4,0,,32.8,3,1,0.0
D000525,low,2153.68,5,0,,35.6,1,0,0.0
D000526,low,1699.36,16,0,,109.5,1,0,0.0
D000527,low,2455.0,19,0,,154.2,2,0,0.0
D000528,high,5261.04,19,1,7.0,94.5,1,0,-0.07145
D000529,low,1924.76,9,0,,34.9,2,1,0.0
D000530,high,10889.66,22,1,10.0,37.3,2,0,-0.031431
D000531,low,1283.4,4,0,,98.0,1,1,0.0
D000532,high,24236.78,10,0,,18.2,2,0,0.0
D000533,high,11364.31,8,0,,132.5,2,0,0.0
D000534,low,4823.4,13,0,,28.2,3,0,0.0
D000535,low,2184.14,22,0,,7.5,2,0,0.0
D000536,low,1325.35,8,0,,51.1,1,0,0.0
D000537,low,1418.4,11,0,,33.3,3,0,0.0
D000538,high,16564.84,1,0,,14.8,2,0,0.0
D000539,low,3394.11,8,0,,9.1,4,0,0.0
D000540,high,9525.92,3,0,,76.9,1,0,0.0
D000541,high,23263.08,17,1,5.0,47.3,2,0,-0.06113
D000542,high,15414.31,7,0,,128.3,1,0,0.0
D000543,high,46557.8,16,1,4.0,93.9,5,0,-0.040404
D000544,low,4742.72,2,0,,34.2,2,0,0.0
D000545,high,11208.17,16,1,4.0,40.8,2,0,-0.029778
D000546,low,2623.73,16,0,,83.9,3,0,0.0
D000547,low,2552.5,6,0,,23.8,1,0,0.0
D000548,high,5881.58,6,0,,46.1,2,0,0.0
D000549,low,3129.7,10,0,,30.7,2,0,0.0
D000550,high,26760.96,3,0,,52.6,4,0,0.0
D000551,high,8689.61,21,1,9.0,72.7,1,0,-0.050512
D000552,high,5305.17,2,0,,16.3,2,0,0.0
D000553,low,2579.2,4,0,,85.5,1,1,0.0
D000554,high,5528.39,6,0,,4.3,3,0,0.0
D000555,low,2187.84,23,0,,70.9,2,0,0.0
D000556,low,1811.08,0,0,,28.1,1,0,0.0
D000557,high,12852.07,3,0,,23.1,1,0,0.0
D000558,low,4105.03,17,0,,29.3,2,0,0.0
D000559,high,7030.12,15,1,3.0,27.7,2,1,-0.093588
D000560,low,2246.6,22,0,,15.5,1,0,0.0
D000561,low,447.21,7,0,,42.0,2,0,0.0
D000562,low,2938.06,15,0,,55.2,1,0,0.0
D000563,low,554.14,18,0,,139.3,1,0,0.0
D000564,low,2592.12,2,0,,43.0,2,0,0.0
D000565,high,5250.27,0,0,,69.2,4,0,0.0
D000566,high,10347.01,12,1,0.0,48.3,1,0,0.0
D000567,low,2518.7,0,0,,38.9,2,0,0.0
D000568,high,6912.61,5,0,,90.3,4,0,0.0
D000569,low,1861.27,3,0,,49.0,1,0,0.0
D000570,low,2586.22,6,0,,20.6,2,1,0.0
D000571,high,8516.83,22,1,10.0,34.5,2,0,-0.055482
D000572,low,3662.72,12,0,,10.0,2,0,0.0
D000573,high,16492.09,18,1,6.0,108.4,3,0,-0.046725
D000574,high,11660.38,10,0,,67.9,3,0,0.0
D000575,high,8347.16,3,0,,30.6,1,0,0.0
D000576,high,7058.79,2,0,,62.0,3,0,0.0
D000577,low,2733.65,3,0,,91.4,2,0,0.0
D000578,low,4221.0,10,0,,30.3,4,0,0.0
D000579,high,5480.45,18,1,6.0,121.8,3,0,-0.027528
D000580,high,27111.2,13,1,1.0,36.2,1,0,-0.024634
D000581,high,9850.45,11,0,,60.3,1,0,0.0
D000582,high,9105.5,11,0,,81.4,2,0,0.0
D000583,high,29762.32,21,1,9.0,32.6,6,0,-0.071569
D000584,low,3543.02,9,0,,20.8,1,0,0.0
D000585,high,26747.26,23,1,11.0,27.8,3,0,-0.044981
D000586,high,5189.15,5,0,,26.4,3,0,0.0
D000587,low,2320.51,19,0,,152.2,1,0,0.0
D000588,low,4252.62,0,0,,84.0,1,0,0.0
D000589,high,19229.57,19,1,7.0,78.8,5,0,-0.076377
D000590,high,11549.05,15,1,3.0,69.7,4,0,-0.05658
D000591,low,3297.39,9,0,,67.2,1,0,0.0
D000592,low,3468.15,22,0,,18.5,2,0,0.0
D000593,low,3405.11,3,0,,27.4,4,0,0.0
D000594,low,2344.54,19,0,,20.9,3,0,0.0
D000595,low,878.32,14,0,,119.2,1,0,0.0
D000596,high,15538.04,23,1,11.0,18.4,3,0,-0.048934
D000597,low,2772.13,5,0,,40.5,1,0,0.0
D000598,high,9085.14,17,1,5.0,7.9,6,0,-0.088042
D000599,high,10873.26,8,0,,106.9,2,0,0.0
D000600,high,6191.34,7,0,,67.3,4,0,0.0
D000601,high,14981.35,22,1,10.0,78.3,4,0,-0.035966
D000602,low,4612.19,18,0,,52.8,2,0,0.0
D000603,low,2787.6,19,0,,63.9,3,0,0.0
D000604,high,12630.12,3,0,,29.9,2,0,0.0
D000605,low,3136.76,12,0,,21.2,2,0,0.0
D000606,low,3591.17,20,0,,54.5,2,0,0.0
D000607,low,1765.13,20,0,,42.8,1,0,0.0
D000608,low,2876.66,13,0,,16.6,1,0,0.0
D000609,low,1714.7,5,0,,53.1,5,1,0.0
D000610,high,15302.78,14,1,2.0,56.6,2,0,-0.069425
D000611,high,23979.06,14,1,2.0,93.3,6,0,-0.04775
D000612,low,2349.18,17,0,,103.3,1,0,0.0
D000613,low,3342.68,22,0,,60.0,2,1,0.0
D000614,high,19614.56,20,1,8.0,76.1,3,0,-0.070458
D000615,low,5009.64,17,0,,64.1,4,0,0.0
D000616,high,23106.22,19,1,7.0,79.2,2,0,-0.048933
D000617,low,2151.98,20,0,,37.8,1,1,0.0
D000618,low,1377.22,4,0,,96.3,3,0,0.0
D000619,low,1850.8,22,0,,40.3,3,0,0.0
D000620,low,2112.79,11,0,,108.9,4,1,0.0
D000621,low,738.56,12,0,,73.5,4,1,0.0
D000622,high,24496.88,20,1,8.0,60.4,2,0,-0.057141
D000623,high,5383.92,14,1,2.0,86.5,4,0,-0.027974
D000624,high,80279.56,21,1,9.0,76.0,2,0,-0.046278
D000625,high,6627.44,1,0,,98.8,2,0,0.0
D000626,high,32549.59,17,1,5.0,63.4,3,0,-0.075913
D000627,high,9784.31,2,0,,6.3,4,0,0.0
D000628,low,524.73,4,0,,83.2,2,0,0.0
D000629,high,13616.09,2,0,,83.1,3,0,0.0
D000630,low,4484.6,20,0,,113.7,1,0,0.0
D000631,low,1435.72,1,0,,116.8,1,0,0.0
D000632,low,594.3,7,0,,33.3,1,0,0.0
D000633,low,2179.34,10,0,,148.4,1,0,0.0
D000634,high,23104.92,12,1,0.0,19.9,1,0,0.0
D000635,low,3177.85,19,0,,29.1,1,0,0.0
D000636,high,7559.73,21,1,9.0,34.4,3,0,-0.053941
D000637,high,35216.05,5,0,,42.4,2,0,0.0
D000638,low,1938.45,10,0,,45.9,4,0,0.0
D000639,high,14542.73,21,1,9.0,89.0,4,0,-0.033162
D000640,low,4053.17,2,0,,7.8,2,0,0.0
D000641,high,12988.76,15,1,3.0,70.7,3,1,-0.041812
D000642,low,3986.8,9,0,,45.4,2,0,0.0
D000643,high,10961.95,1,0,,39.9,1,0,0.0
D000644,high,13996.3,22,1,10.0,34.9,2,0,-0.066903
D000645,low,1732.35,11,0,,35.9,2,0,0.0
D000646,low,1012.72,10,0,,72.0,1,1,0.0
D000647,high,11803.75,12,1,0.0,89.8,6,0,0.0
D000648,high,14627.25,16,1,4.0,60.3,4,0,-0.049402
D000649,low,2886.44,22,0,,171.8,3,1,0.0
D000650,high,5505.04,4,0,,223.1,1,0,0.0
D000651,low,2095.12,13,0,,58.7,4,1,0.0
D000652,low,612.83,4,0,,49.5,1,0,0.0
D000653,high,24360.05,21,1,9.0,92.3,4,0,-0.070799
D000654,low,1679.12,18,0,,48.4,2,0,0.0
D000655,high,27616.01,2,0,,97.7,5,0,0.0
D000656,high,23505.93,21,1,9.0,78.3,1,0,-0.030717
D000657,low,1348.26,12,0,,133.2,4,0,0.0
D000658,high,18958.43,1,0,,67.1,3,0,0.0
D000659,high,8008.01,12,1,0.0,17.0,4,0,0.0
D000660,low,1091.15,23,0,,63.0,3,0,0.0
D000661,low,4930.56,20,0,,9.7,1,0,0.0
D000662,high,11313.37,10,0,,51.9,3,1,0.0
D000663,low,1267.09,16,0,,42.6,3,0,0.0
D000664,high,18104.17,13,1,1.0,51.5,1,0,-0.019484
D000665,high,29833.75,23,1,11.0,47.6,4,0,-0.079104
D000666,high,10487.05,20,1,8.0,90.5,2,0,-0.045758
D000667,low,4729.92,22,0,,36.7,2,0,0.0
D000668,low,4540.93,14,0,,25.4,1,0,0.0
D000669,high,11861.15,15,1,3.0,75.4,3,0,-0.041507
D000670,high,67128.07,21,1,9.0,89.3,2,0,-0.07538
D000671,high,14085.28,12,1,0.0,54.8,1,1,0.0
D000672,low,4983.54,15,0,,106.7,3,0,0.0
D000673,low,2022.02,13,0,,114.5,6,0,0.0
D000674,high,6249.19,2,0,,56.2,3,1,0.0
D000675,low,538.5,12,0,,63.4,1,0,0.0
D000676,low,483.87,1,0,,57.3,2,0,0.0
D000677,low,2084.17,6,0,,60.9,4,0,0.0
D000678,low,1674.95,9,0,,226.6,1,0,0.0
D000679,low,3755.04,23,0,,53.4,5,0,0.0
D000680,high,13996.09,17,1,5.0,33.9,3,0,-0.068905
D000681,low,4506.39,19,0,,35.4,1,0,0.0
D000682,high,6170.71,10,0,,91.5,2,0,0.0
D000683,high,11961.76,14,1,2.0,36.9,2,0,-0.042457
D000684,low,619.52,10,0,,156.8,1,0,0.0
D000685,low,3814.35,12,0,,48.9,1,0,0.0
D000686,low,1934.88,13,0,,46.5,1,0,0.0
D000687,high,51325.13,0,0,,32.4,2,0,0.0
D000688,high,45953.76,12,1,0.0,97.0,4,0,0.0
D000689,low,4925.25,11,0,,16.0,3,0,0.0
D000690,high,7228.27,19,1,7.0,4.7,2,0,-0.064976
D000691,high,5696.5,2,0,,120.9,4,0,0.0
D000692,low,575.22,20,0,,11.2,1,0,0.0
D000693,high,8348.68,10,0,,47.8,3,0,0.0
D000694,high,14824.17,8,0,,53.7,6,0,0.0
D000695,low,2959.02,10,0,,12.4,3,1,0.0
D000696,high,14089.88,6,0,,27.2,1,0,0.0
D000697,high,5144.31,4,0,,88.1,1,0,0.0
D000698,high,8665.57,23,1,11.0,15.1,1,0,-0.052177
D000699,high,11762.18,5,0,,38.5,2,0,0.0
D000700,high,5353.84,15,1,3.0,120.0,1,0,-0.046185
D000701,high,13550.11,18,1,6.0,51.6,1,0,-0.050532
D000702,low,2026.04,21,0,,4.0,3,0,0.0
D000703,low,2174.68,18,0,,52.5,1,0,0.0
D000704,high,5336.02,2,0,,60.3,3,0,0.0
D000705,low,2373.21,7,0,,71.2,1,0,0.0
D000706,high,9682.37,12,1,0.0,6.2,1,0,0.0
D000707,high,7077.43,3,0,,21.5,1,0,0.0
D000708,low,1439.42,7,0,,82.8,1,0,0.0
D000709,high,5827.72,19,1,7.0,20.7,5,0,-0.055901
D000710,high,15650.15,13,1,1.0,59.2,3,0,-0.020739
D000711,high,9261.57,3,0,,50.4,1,0,0.0
D000712,low,2570.01,15,0,,54.7,6,0,0.0
D000713,low,1334.04,20,0,,17.7,2,0,0.0
D000714,high,6879.17,7,0,,34.5,3,0,0.0
D000715,low,770.26,6,0,,136.7,1,0,0.0
D000716,low,4658.35,20,0,,62.9,2,0,0.0
D000717,low,1482.63,15,0,,52.9,2,0,0.0
D000718,high,11932.84,23,1,11.0,204.1,4,0,-0.022578
D000719,high,8816.72,9,0,,22.0,4,0,0.0
D000720,high,6229.25,5,0,,27.4,5,0,0.0
D000721,low,4663.94,17,0,,35.4,2,0,0.0
D000722,high,17052.88,8,0,,135.8,1,1,0.0
D000723,low,2419.47,20,0,,33.2,5,0,0.0
D000724,high,31756.1,3,0,,132.3,2,0,0.0
D000725,high,13288.57,17,1,5.0,85.1,5,1,-0.056208
D000726,high,6815.87,9,0,,72.7,1,0,0.0
D000727,low,4000.45,8,0,,16.4,1,1,0.0
D000728,high,13445.25,12,1,0.0,57.1,1,0,0.0
D000729,high,27504.48,12,1,0.0,30.5,1,1,0.0
D000730,low,3340.68,9,0,,88.0,3,0,0.0
D000731,high,8021.47,22,1,10.0,65.7,3,0,-0.079193
D000732,high,9359.48,9,0,,29.4,1,0,0.0
D000733,low,3082.7,20,0,,29.6,3,0,0.0
D000734,high,23208.85,11,0,,46.2,3,0,0.0
D000735,low,2750.11,5,0,,89.8,2,1,0.0
D000736,high,13046.32,3,0,,74.2,4,0,0.0
D000737,high,9895.03,19,1,7.0,137.9,3,0,-0.041863
D000738,low,1350.69,23,0,,30.4,4,1,0.0
D000739,high,12552.51,9,0,,39.1,2,0,0.0
D000740,low,2940.27,10,0,,59.8,2,0,0.0
D000741,low,3448.28,23,0,,20.5,4,0,0.0
D000742,low,1252.0,2,0,,39.2,2,0,0.0
D000743,low,2721.31,21,0,,126.7,1,0,0.0
D000744,high,7003.67,14,1,2.0,103.1,5,0,-0.01853
D000745,low,1943.1,16,0,,11.8,1,1,0.0
D000746,low,3066.82,12,0,,22.7,2,0,0.0
D000747,low,1631.8,14,0,,32.6,2,0,0.0
D000748,low,3664.15,15,0,,29.7,3,1,0.0
D000749,high,16472.99,12,1,0.0,31.7,5,0,0.0
D000750,low,2014.37,3,0,,69.3,1,1,0.0
D000751,high,14014.11,10,0,,30.0,3,0,0.0
D000752,high,10483.81,6,0,,113.4,3,1,0.0
D000753,low,4699.72,11,0,,67.8,1,0,0.0
D000754,low,961.18,22,0,,44.2,3,0,0.0
D000755,low,2540.94,15,0,,29.1,5,1,0.0
D000756,low,771.84,14,0,,44.0,1,0,0.0
D000757,low,2758.44,5,0,,17.3,3,0,0.0
D000758,high,8426.79,14,1,2.0,91.8,3,0,-0.043075
D000759,low,4716.4,5,0,,71.9,4,0,0.0
D000760,high,8869.03,11,0,,21.7,6,0,0.0
D000761,low,3309.26,6,0,,22.0,4,0,0.0
D000762,low,1476.94,15,0,,74.3,1,0,0.0
D000763,low,5023.65,10,0,,24.9,1,1,0.0
D000764,low,2007.95,22,0,,26.6,1,0,0.0
D000765,high,5643.92,10,0,,42.6,2,0,0.0
D000766,high,6667.59,20,1,8.0,47.0,1,0,-0.058053
D000767,high,20287.32,6,0,,48.7,2,0,0.0
D000768,high,10827.17,22,1,10.0,126.1,3,0,-0.035835
D000769,high,5632.84,11,0,,26.6,4,1,0.0
D000770,low,1554.38,20,0,,88.5,4,0,0.0
D000771,low,2864.64,15,0,,104.8,2,0,0.0
D000772,low,3312.09,8,0,,43.7,1,0,0.0
D000773,low,959.69,1,0,,35.6,3,1,0.0
D000774,high,6471.57,16,1,4.0,193.4,1,0,-0.058963
D000775,high,17876.94,0,0,,57.1,3,0,0.0
D000776,low,3461.73,23,0,,57.6,4,0,0.0
D000777,high,46613.23,0,0,,27.5,3,0,0.0
D000778,high,16640.77,10,0,,24.9,1,0,0.0
D000779,low,1163.98,19,0,,57.4,1,0,0.0
D000780,low,2896.7,12,0,,72.5,3,0,0.0
D000781,low,4181.61,11,0,,83.6,1,0,0.0
D000782,low,3701.39,2,0,,21.3,4,0,0.0
D000783,high,15934.32,20,1,8.0,40.6,2,0,-0.092903
D000784,high,46451.55,23,1,11.0,153.5,2,0,-0.036619
D000785,low,2276.89,13,0,,54.7,2,0,0.0
D000786,high,39101.15,5,0,,142.6,3,0,0.0
D000787,low,3240.57,17,0,,65.4,2,1,0.0
D000788,high,19301.27,6,0,,15.4,2,0,0.0
D000789,high,10510.8,2,0,,29.2,4,0,0.0
D000790,high,26196.87,9,0,,18.6,2,0,0.0
D000791,low,703.61,12,0,,22.4,2,0,0.0
D000792,high,8710.61,21,1,9.0,141.2,2,0,-0.040288
D000793,high,60183.0,9,0,,44.0,4,1,0.0
D000794,high,12069.19,14,1,2.0,82.5,4,0,-0.040651
D000795,low,2448.65,17,0,,96.9,2,0,0.0
D000796,low,1862.33,19,0,,117.6,5,0,0.0
D000797,high,14042.74,15,1,3.0,83.6,2,0,-0.077334
D000798,high,8660.6,16,1,4.0,6.7,2,0,-0.106966
D000799,low,4160.96,23,0,,137.6,3,0,0.0
D000800,low,2753.01,6,0,,21.2,3,1,0.0
D000801,low,4162.93,23,0,,63.3,3,0,0.0
D000802,high,8720.0,9,0,,60.9,3,0,0.0
D000803,high,16974.21,9,0,,80.4,4,0,0.0
D000804,high,158665.77,16,1,4.0,28.0,2,0,-0.113633
D000805,low,4096.62,8,0,,127.1,3,0,0.0
D000806,high,9083.44,14,1,2.0,164.6,2,0,-0.025338
D000807,low,1145.78,7,0,,36.6,2,0,0.0
D000808,low,2475.37,19,0,,157.9,1,0,0.0
D000809,low,4091.78,16,0,,21.8,1,0,0.0
D000810,low,522.53,16,0,,43.4,1,0,0.0
D000811,high,8034.09,22,1,10.0,8.9,3,0,-0.072008
D000812,low,2461.25,4,0,,47.9,3,0,0.0
D000813,high,22580.89,22,1,10.0,91.7,2,0,-0.03701
D000814,low,1347.47,15,0,,64.7,2,0,0.0
D000815,high,11627.36,21,1,9.0,186.5,4,0,-0.022491
D000816,low,2944.07,23,0,,22.4,1,0,0.0
D000817,high,5544.43,15,1,3.0,53.8,5,0,-0.065769
D000818,high,8442.51,11,0,,87.0,2,0,0.0
D000819,low,4109.6,6,0,,77.1,4,0,0.0
D000820,low,4052.33,14,0,,80.6,1,1,0.0
D000821,low,3100.33,2,0,,44.8,5,0,0.0
D000822,low,2477.68,4,0,,69.1,1,0,0.0
D000823,low,1899.93,5,0,,41.9,1,0,0.0
D000824,high,11237.84,21,1,9.0,36.2,5,0,-0.081196
D000825,high,16422.01,21,1,9.0,62.4,1,0,-0.038295
D000826,high,5668.18,8,0,,95.2,3,0,0.0
D000827,low,4195.89,16,0,,7.3,4,0,0.0
D000828,high,11092.26,10,0,,33.0,2,0,0.0
D000829,low,908.66,0,0,,49.4,5,0,0.0
D000830,low,305.14,5,0,,54.8,5,0,0.0
D000831,high,7720.46,3,0,,25.7,2,0,0.0
D000832,high,8481.22,22,1,10.0,39.6,3,0,-0.044249
D000833,low,1381.91,15,0,,23.9,1,0,0.0
D000834,high,10024.67,14,1,2.0,136.2,3,0,-0.024306
D000835,low,1957.14,1,0,,59.7,1,1,0.0
D000836,high,11603.72,17,1,5.0,70.7,5,0,-0.054387
D000837,high,17058.42,8,0,,25.0,3,0,0.0
D000838,high,17975.16,2,0,,31.7,2,0,0.0
D000839,high,28677.76,15,1,3.0,13.4,2,0,-0.064925
D000840,low,1012.99,20,0,,70.7,1,0,0.0
D000841,low,3905.3,1,0,,144.0,2,0,0.0
D000842,low,3779.7,23,0,,57.4,2,0,0.0
D000843,low,1676.47,21,0,,74.5,2,0,0.0
D000844,high,12776.42,16,1,4.0,107.0,3,0,-0.022149
D000845,low,4826.28,2,0,,103.7,1,0,0.0
D000846,low,4664.42,4,0,,35.7,3,1,0.0
D000847,high,22346.56,22,1,10.0,181.8,5,0,-0.047092
D000848,low,1264.93,21,0,,27.1,4,0,0.0
D000849,high,6232.01,3,0,,86.6,1,1,0.0
D000850,low,402.81,18,0,,39.8,2,0,0.0
D000851,low,1356.99,13,0,,64.0,2,0,0.0
D000852,low,784.3,7,0,,49.1,3,0,0.0
D000853,low,1612.8,17,0,,54.1,1,0,0.0
D000854,low,1292.88,2,0,,22.2,2,1,0.0
D000855,high,7200.12,20,1,8.0,53.1,5,0,-0.056951
D000856,high,17824.46,13,1,1.0,17.7,1,0,-0.034961
D000857,low,698.04,15,0,,19.7,2,0,0.0
D000858,high,5674.64,12,1,0.0,118.1,4,1,0.0
D000859,high,20708.09,18,1,6.0,10.5,2,0,-0.115078
D000860,low,1416.97,3,0,,34.7,4,1,0.0
D000861,high,5314.2,1,0,,52.0,2,0,0.0
D000862,low,4979.31,14,0,,60.0,3,1,0.0
D000863,low,2384.72,6,0,,22.0,3,0,0.0
D000864,high,5181.02,2,0,,74.4,2,0,0.0
D000865,high,9232.48,4,0,,81.6,4,0,0.0
D000866,low,802.65,8,0,,30.7,5,0,0.0
D000867,high,5963.36,4,0,,37.1,2,0,0.0
D000868,high,10457.92,23,1,11.0,94.4,4,0,-0.039185
D000869,high,10523.19,20,1,8.0,34.8,1,1,-0.048739
D000870,high,6197.62,13,1,1.0,13.9,2,0,-0.045669
D000871,low,2053.29,10,0,,54.3,2,0,0.0
D000872,high,204731.99,4,0,,136.7,4,0,0.0
D000873,high,7453.74,14,1,2.0,4.4,4,0,-0.055932
D000874,low,4531.52,18,0,,28.2,1,0,0.0
D000875,high,9444.48,21,1,9.0,15.1,4,0,-0.069027
D000876,low,1310.63,20,0,,104.6,1,1,0.0
D000877,low,2674.91,20,0,,106.0,4,0,0.0
D000878,low,795.35,7,0,,133.2,5,0,0.0
D000879,high,11242.37,12,1,0.0,89.6,2,0,0.0
D000880,high,25935.55,18,1,6.0,54.0,2,0,-0.049537
D000881,low,1746.03,0,0,,79.4,1,0,0.0
D000882,low,1680.77,14,0,,47.5,1,0,0.0
D000883,high,5423.51,15,1,3.0,24.3,5,0,-0.107241
D000884,high,5433.05,4,0,,85.5,2,0,0.0
D000885,high,27870.35,22,1,10.0,106.0,3,0,-0.034501
D000886,low,864.13,21,0,,49.7,2,0,0.0
D000887,low,1405.02,12,0,,95.3,5,0,0.0
D000888,low,4140.38,2,0,,101.4,4,1,0.0
D000889,high,19369.13,10,0,,27.4,4,0,0.0
D000890,high,10456.0,22,1,10.0,18.8,3,0,-0.056263
D000891,high,9607.89,11,0,,26.0,4,0,0.0
D000892,low,4175.54,6,0,,63.2,1,0,0.0
D000893,low,2679.12,13,0,,28.8,2,0,0.0
D000894,low,3045.46,18,0,,15.9,2,0,0.0
D000895,high,5185.41,17,1,5.0,138.7,1,0,-0.033184
D000896,high,10923.67,16,1,4.0,82.8,1,0,-0.071796
D000897,low,1252.06,15,0,,55.5,1,0,0.0
D000898,low,1819.23,18,0,,98.8,2,1,0.0
D000899,low,2676.22,18,0,,22.7,2,0,0.0
D000900,high,7216.17,19,1,7.0,18.5,3,0,-0.059608
D000901,high,19666.18,3,0,,20.4,3,0,0.0
D000902,low,2004.77,13,0,,151.8,2,0,0.0
D000903,low,3153.1,1,0,,121.6,1,0,0.0
D000904,high,5719.9,15,1,3.0,51.6,1,0,-0.080305
D000905,high,11092.97,17,1,5.0,31.6,2,0,-0.063032
D000906,high,5192.66,12,1,0.0,65.4,1,0,0.0
D000907,high,5142.41,20,1,8.0,26.7,2,0,-0.106289
D000908,high,30452.77,0,0,,29.6,6,1,0.0
D000909,low,4466.93,18,0,,55.3,1,0,0.0
D000910,high,5853.48,8,0,,53.3,3,0,0.0
D000911,low,518.92,5,0,,208.5,2,0,0.0
D000912,low,4180.44,1,0,,101.9,1,0,0.0
D000913,high,5551.47,4,0,,6.7,1,0,0.0
D000914,low,366.09,10,0,,54.9,4,0,0.0
D000915,high,5302.86,16,1,4.0,21.4,4,0,-0.037771
D000916,high,44339.0,14,1,2.0,34.1,1,0,-0.090639
D000917,high,10689.16,5,0,,117.8,4,0,0.0
D000918,low,1162.85,4,0,,63.7,2,0,0.0
D000919,high,106372.05,6,0,,17.0,3,0,0.0
D000920,low,2829.1,8,0,,26.9,2,0,0.0
D000921,high,18032.85,1,0,,57.7,3,0,0.0
D000922,low,1674.11,7,0,,3.7,1,0,0.0
D000923,low,1950.36,13,0,,5.1,3,1,0.0
D000924,low,970.65,0,0,,73.8,1,1,0.0
D000925,low,1223.02,10,0,,28.1,6,0,0.0
D000926,low,2959.22,1,0,,44.7,6,0,0.0
D000927,high,5194.94,9,0,,167.6,1,0,0.0
D000928,high,8402.95,1,0,,128.8,3,0,0.0
D000929,low,1737.39,16,0,,72.5,2,0,0.0
D000930,high,7275.26,5,0,,11.8,3,0,0.0
D000931,high,15022.43,21,1,9.0,11.3,2,0,-0.077753
D000932,low,3697.11,23,0,,168.2,3,1,0.0
D000933,low,3244.99,3,0,,76.9,1,0,0.0
D000934,high,5122.5,0,0,,46.0,3,0,0.0
D000935,high,6901.2,19,1,7.0,34.3,1,0,-0.047934
D000936,low,1728.37,17,0,,22.7,5,0,0.0
D000937,low,2767.52,6,0,,207.6,2,0,0.0
D000938,high,8985.89,9,0,,81.6,5,0,0.0
D000939,high,16396.77,6,0,,3.9,3,0,0.0
D000940,low,1870.26,21,0,,122.9,1,0,0.0
D000941,high,73014.99,15,1,3.0,57.9,3,0,-0.070954
D000942,low,697.47,9,0,,36.2,3,0,0.0
D000943,high,5735.85,18,1,6.0,81.4,5,0,-0.045178
D000944,low,3746.97,4,0,,35.6,1,1,0.0
D000945,low,1153.31,14,0,,81.4,4,0,0.0
D000946,low,4563.51,14,0,,51.6,1,1,0.0
D000947,high,20981.71,7,0,,139.5,1,0,0.0
D000948,low,2150.65,16,0,,16.0,2,0,0.0
D000949,high,29916.73,1,0,,126.0,1,0,0.0
D000950,low,2634.78,11,0,,93.7,1,0,0.0
D000951,high,12459.41,17,1,5.0,47.0,6,1,-0.056939
D000952,low,2135.83,21,0,,55.1,1,0,0.0
D000953,high,12223.32,23,1,11.0,45.4,2,0,-0.052674
D000954,low,766.55,5,0,,25.3,1,0,0.0
D000955,high,29614.11,23,1,11.0,44.4,3,0,-0.097215
D000956,low,2100.06,12,0,,99.8,1,0,0.0
D000957,high,10007.34,15,1,3.0,36.1,2,0,-0.0645
D000958,low,4008.58,17,0,,29.5,1,0,0.0
D000959,low,2530.0,22,0,,18.6,3,0,0.0
D000960,low,1656.12,12,0,,42.0,4,1,0.0
D000961,low,1628.27,10,0,,38.7,4,0,0.0
D000962,high,19730.67,23,1,11.0,69.6,1,0,-0.066803
D000963,low,4941.18,14,0,,49.5,2,1,0.0
D000964,high,13374.02,12,1,0.0,26.4,3,0,0.0
D000965,high,11238.46,3,0,,82.1,4,0,0.0
D000966,high,35469.17,12,1,0.0,43.2,1,1,0.0
D000967,low,3111.82,10,0,,23.9,2,0,0.0
D000968,low,2026.04,8,0,,91.8,4,1,0.0
D000969,low,821.77,16,0,,65.9,2,1,0.0
D000970,low,861.81,22,0,,55.6,4,0,0.0
D000971,low,1843.22,11,0,,31.9,2,1,0.0
D000972,high,15677.16,22,1,10.0,208.1,2,0,-0.037873
D000973,high,5947.77,0,0,,92.1,5,0,0.0
D000974,high,16596.66,21,1,9.0,108.6,3,0,-0.048632
D000975,high,16955.43,18,1,6.0,35.1,2,0,-0.08784
D000976,low,2607.41,1,0,,46.1,2,0,0.0
D000977,high,5280.74,1,0,,14.2,1,0,0.0
D000978,high,9847.56,10,0,,90.2,3,0,0.0
D000979,low,4598.09,18,0,,27.6,2,0,0.0
D000980,high,5251.47,6,0,,47.8,3,0,0.0
D000981,high,26879.2,22,1,10.0,51.0,6,0,-0.048126
D000982,low,2174.06,19,0,,56.0,5,0,0.0
D000983,low,2880.73,14,0,,61.0,1,0,0.0
D000984,high,8896.48,22,1,10.0,75.4,4,0,-0.059825
D000985,high,21246.96,9,0,,121.1,6,0,0.0
D000986,high,20382.01,7,0,,134.6,4,0,0.0
D000987,low,1998.37,11,0,,52.6,6,0,0.0
D000988,low,1813.95,22,0,,60.6,2,0,0.0
D000989,low,2685.79,18,0,,84.5,1,0,0.0
D000990,low,751.62,12,0,,87.3,2,0,0.0
D000991,low,4473.59,4,0,,57.3,1,1,0.0
D000992,high,27856.53,23,1,11.0,64.9,3,0,-0.044045
D000993,low,1748.35,15,0,,105.4,3,0,0.0
D000994,high,22914.88,10,0,,91.5,4,0,0.0
D000995,high,5333.74,21,1,9.0,51.8,1,0,-0.076226
D000996,low,2144.49,14,0,,29.2,2,0,0.0
D000997,high,5393.45,1,0,,110.8,2,0,0.0
D000998,low,2526.29,1,0,,51.5,2,0,0.0
D000999,high,7491.76,11,0,,16.4,2,1,0.0
D001000,low,1743.08,11,0,,45.5,5,0,0.0
D001001,high,5698.38,21,1,9.0,10.3,3,0,-0.089895
D001002,high,9675.79,2,0,,60.3,3,0,0.0
D001003,low,1744.39,21,0,,68.4,2,0,0.0
D001004,high,9492.85,8,0,,47.2,1,0,0.0
D001005,high,14638.53,7,0,,87.1,2,0,0.0
D001006,high,14925.35,16,1,4.0,45.4,2,0,-0.066791
D001007,high,33157.44,18,1,6.0,78.0,5,0,-0.053953
D001008,high,5710.08,17,1,5.0,38.4,3,0,-0.098619
D001009,high,34911.16,3,0,,16.6,4,0,0.0
D001010,high,64901.66,22,1,10.0,95.5,4,0,-0.044787
D001011,low,2772.75,13,0,,47.3,3,0,0.0
D001012,low,1598.39,6,0,,42.1,4,0,0.0
D001013,high,12150.17,1,0,,23.7,2,0,0.0
D001014,high,6215.25,2,0,,82.7,2,0,0.0
D001015,high,7390.83,2,0,,64.1,2,0,0.0
D001016,low,460.94,11,0,,12.2,4,0,0.0
D001017,low,1148.9,4,0,,31.9,1,0,0.0
D001018,low,1661.03,22,0,,8.2,5,0,0.0
D001019,low,1046.97,6,0,,38.9,2,0,0.0
D001020,low,882.01,5,0,,28.5,1,0,0.0
D001021,low,960.86,18,0,,165.0,2,0,0.0
D001022,high,33585.8,1,0,,88.2,4,0,0.0
D001023,low,2890.42,22,0,,88.9,3,0,0.0
D001024,high,5626.13,14,1,2.0,104.8,4,0,-0.024445
D001025,low,1280.83,1,0,,36.8,3,0,0.0
D001026,low,2548.71,13,0,,39.8,3,0,0.0
D001027,low,3237.48,2,0,,18.9,4,0,0.0
D001028,high,6048.39,20,1,8.0,84.3,1,0,-0.060841
D001029,high,12926.3,20,1,8.0,39.1,2,0,-0.034593
D001030,high,12881.4,4,0,,18.8,3,0,0.0
D001031,low,3988.86,19,0,,208.4,3,0,0.0
D001032,high,5259.74,20,1,8.0,41.1,1,0,-0.029779
D001033,low,2010.13,5,0,,59.9,1,1,0.0
D001034,low,345.17,5,0,,35.4,1,0,0.0
D001035,high,9189.09,9,0,,44.8,1,0,0.0
D001036,high,5907.06,23,1,11.0,68.3,5,0,-0.024632
D001037,high,26402.02,15,1,3.0,67.2,2,0,-0.044525
D001038,high,9235.73,1,0,,100.4,3,0,0.0
D001039,high,6554.45,2,0,,123.7,4,0,0.0
D001040,high,5162.47,3,0,,104.3,2,1,0.0
D001041,low,2832.69,15,0,,179.4,1,0,0.0
D001042,low,831.63,0,0,,39.8,4,0,0.0
D001043,low,3782.2,14,0,,25.8,1,1,0.0
D001044,high,5131.28,22,1,10.0,35.3,3,0,-0.110691
D001045,low,2289.04,14,0,,32.4,2,0,0.0
D001046,high,16812.51,15,1,3.0,61.5,1,0,-0.048526
D001047,high,6017.12,15,1,3.0,34.8,3,0,-0.071259
D001048,low,1435.08,0,0,,49.3,1,0,0.0
D001049,low,4036.24,14,0,,29.4,1,0,0.0
D001050,low,1051.64,18,0,,71.2,2,0,0.0
D001051,low,2082.5,0,0,,120.0,2,1,0.0
D001052,high,35025.6,15,1,3.0,21.1,3,0,-0.138317
D001053,high,7050.74,13,1,1.0,25.7,2,0,-0.033158
D001054,low,1716.2,18,0,,56.8,2,1,0.0
D001055,low,4673.5,2,0,,103.5,1,0,0.0
D001056,high,20646.35,10,0,,137.6,2,1,0.0
D001057,low,431.85,4,0,,87.0,1,0,0.0
D001058,low,1259.06,0,0,,28.2,2,0,0.0
D001059,high,21006.4,21,1,9.0,84.9,2,0,-0.042217
D001060,high,33280.43,20,1,8.0,117.1,4,0,-0.03673
D001061,high,7918.25,2,0,,98.5,5,0,0.0
D001062,low,876.22,20,0,,19.9,3,0,0.0
D001063,high,8887.01,11,0,,119.8,1,0,0.0
D001064,high,5531.25,19,1,7.0,16.7,2,0,-0.083796
D001065,high,6054.69,21,1,9.0,87.5,5,0,-0.042033
D001066,low,1226.49,5,0,,17.5,2,0,0.0
D001067,high,7058.74,21,1,9.0,44.1,2,0,-0.04584
D001068,high,18420.35,11,0,,65.9,6,0,0.0
D001069,low,2551.66,0,0,,59.6,1,1,0.0
D001070,high,5266.23,18,1,6.0,35.6,5,0,-0.057518
D001071,low,1868.96,22,0,,20.4,1,0,0.0
D001072,high,23977.0,3,0,,46.6,4,0,0.0
D001073,high,6445.58,14,1,2.0,54.6,2,0,-0.065102
D001074,high,7794.88,16,1,4.0,55.7,1,0,-0.078851
D001075,low,693.3,6,0,,263.5,2,0,0.0
D001076,high,9677.71,7,0,,37.8,1,1,0.0
D001077,high,6960.64,8,0,,113.3,2,0,0.0
D001078,low,1999.37,17,0,,66.2,3,0,0.0
D001079,high,12569.18,1,0,,57.8,1,0,0.0
D001080,high,7315.76,21,1,9.0,122.4,3,0,-0.0507
D001081,low,4390.41,6,0,,45.6,4,1,0.0
D001082,low,3993.72,11,0,,68.6,2,1,0.0
D001083,high,6679.66,23,1,11.0,34.0,4,0,-0.067618
D001084,low,1032.9,5,0,,90.1,2,0,0.0
D001085,high,7613.94,17,1,5.0,2.0,2,0,-0.050064
D001086,high,10031.35,6,0,,24.1,6,0,0.0
D001087,high,42331.71,14,1,2.0,40.9,3,0,-0.04696
D001088,high,38730.76,12,1,0.0,158.2,1,0,0.0
D001089,low,1671.23,22,0,,162.7,1,0,0.0
D001090,high,6092.82,1,0,,144.8,1,0,0.0
D001091,high,18476.27,7,0,,30.8,3,0,0.0
D001092,high,7228.07,12,1,0.0,19.7,2,0,0.0
D001093,low,412.78,14,0,,98.3,1,0,0.0
D001094,high,25623.07,15,1,3.0,48.8,3,0,-0.052593
D001095,low,2014.99,6,0,,35.6,5,1,0.0
D001096,high,9679.79,21,1,9.0,126.9,4,0,-0.058099
D001097,high,10866.59,18,1,6.0,82.9,1,0,-0.040701
D001098,low,2189.83,18,0,,11.5,4,0,0.0
D001099,high,10302.32,7,0,,154.3,2,0,0.0
D001100,low,695.17,8,0,,26.0,1,1,0.0
D001101,high,20820.55,5,0,,86.3,2,0,0.0
D001102,low,1693.28,2,0,,68.3,1,1,0.0
D001103,low,418.8,22,0,,31.4,3,0,0.0
D001104,high,6512.74,22,1,10.0,45.9,2,0,-0.052087
D001105,low,1875.92,18,0,,93.6,2,0,0.0
D001106,high,14828.41,12,1,0.0,41.4,1,0,0.0
D001107,high,5224.85,10,0,,60.6,2,0,0.0
D001108,low,3067.55,18,0,,40.8,1,0,0.0
D001109,low,4066.82,8,0,,65.0,1,0,0.0
D001110,low,541.69,17,0,,173.0,1,0,0.0
D001111,low,2175.58,22,0,,63.2,3,0,0.0
D001112,low,4735.6,3,0,,113.8,1,0,0.0
D001113,low,3387.59,12,0,,126.5,1,1,0.0
D001114,high,8836.46,14,1,2.0,123.6,1,0,-0.045896
D001115,high,14920.0,18,1,6.0,28.1,2,0,-0.051457
D001116,low,3544.2,19,0,,45.2,1,0,0.0
D001117,low,891.24,19,0,,5.0,2,0,0.0
D001118,high,48742.39,2,0,,84.9,2,0,0.0
D001119,high,25198.79,22,1,10.0,22.9,1,0,-0.060116
D001120,high,12331.5,10,0,,106.9,3,1,0.0
D001121,high,6584.93,11,0,,77.3,4,0,0.0
D001122,low,4925.33,8,0,,115.1,2,0,0.0
D001123,high,6142.89,8,0,,63.3,1,0,0.0
D001124,low,1928.95,23,0,,5.4,1,0,0.0
D001125,high,63702.72,10,0,,129.9,3,0,0.0
D001126,low,4176.94,18,0,,148.5,3,1,0.0
D001127,high,14563.52,18,1,6.0,50.4,3,1,-0.063886
D001128,low,2541.92,9,0,,58.9,1,0,0.0
D001129,low,429.56,21,0,,17.6,5,0,0.0
D001130,high,7746.62,12,1,0.0,46.2,2,0,0.0
D001131,high,8244.11,15,1,3.0,131.8,3,0,-0.039095
D001132,high,9613.5,20,1,8.0,34.7,5,0,-0.062186
D001133,high,15829.99,17,1,5.0,59.3,5,0,-0.051087
D001134,low,1802.4,13,0,,51.6,2,0,0.0
D001135,low,1654.08,9,0,,37.5,1,1,0.0
D001136,low,2871.73,14,0,,55.8,2,0,0.0
D001137,high,7730.06,7,0,,66.0,6,0,0.0
D001138,high,7114.59,3,0,,58.6,5,0,0.0
D001139,low,2007.8,0,0,,38.0,5,0,0.0
D001140,low,4543.74,7,0,,16.9,2,0,0.0
D001141,high,13634.91,3,0,,86.9,2,0,0.0
D001142,high,16114.23,20,1,8.0,199.1,1,0,-0.0415
D001143,low,633.03,12,0,,84.0,1,1,0.0
D001144,high,7859.63,1,0,,66.9,2,0,0.0
D001145,high,5656.5,1,0,,36.3,2,0,0.0
D001146,low,2122.7,20,0,,34.7,2,0,0.0
D001147,low,1327.24,18,0,,56.6,2,0,0.0
D001148,high,16622.17,0,0,,22.6,4,0,0.0
D001149,low,873.88,4,0,,27.8,2,0,0.0
D001150,low,1704.84,11,0,,31.0,4,0,0.0
D001151,high,5632.26,15,1,3.0,3.2,3,0,-0.08127
D001152,high,14788.0,20,1,8.0,41.3,4,0,-0.03534
D001153,low,2674.41,3,0,,75.8,3,0,0.0
D001154,low,4013.95,13,0,,9.9,2,1,0.0
D001155,high,5705.7,4,0,,62.2,5,0,0.0
D001156,high,8218.64,3,0,,127.6,4,0,0.0
D001157,high,22406.64,22,1,10.0,120.3,3,0,-0.029856
D001158,high,8038.1,23,1,11.0,56.5,2,0,-0.043733
D001159,low,3689.78,19,0,,105.0,4,0,0.0
D001160,low,4886.9,7,0,,34.9,3,0,0.0
D001161,low,3884.36,21,0,,60.4,3,0,0.0
D001162,high,5055.7,8,0,,79.2,5,0,0.0
D001163,high,10895.46,6,0,,44.5,2,0,0.0
D001164,low,3030.77,7,0,,6.5,3,0,0.0
D001165,low,1237.54,21,0,,41.4,1,0,0.0
D001166,high,25891.54,4,0,,95.2,2,0,0.0
D001167,low,4900.12,6,0,,156.0,1,0,0.0
D001168,low,1373.82,2,0,,156.8,2,0,0.0
D001169,low,4131.58,12,0,,44.6,4,1,0.0
D001170,low,936.25,11,0,,28.1,3,0,0.0
D001171,low,143.04,9,0,,53.2,1,0,0.0
D001172,high,5214.91,18,1,6.0,96.8,2,0,-0.03974
D001173,high,10458.83,6,0,,125.0,1,1,0.0
D001174,low,3436.04,0,0,,27.2,1,0,0.0
D001175,low,3504.08,17,0,,24.0,1,1,0.0
D001176,low,1727.75,2,0,,118.5,2,0,0.0
D001177,high,7090.68,16,1,4.0,120.5,4,0,-0.037801
D001178,high,11884.38,3,0,,6.7,3,1,0.0
D001179,high,6536.79,3,0,,35.1,6,1,0.0
D001180,high,10224.2,20,1,8.0,75.0,2,0,-0.03882
D001181,high,8328.21,12,1,0.0,174.0,1,0,0.0
D001182,high,12650.46,20,1,8.0,9.5,1,0,-0.077733
D001183,low,3680.05,20,0,,171.0,1,0,0.0
D001184,low,2278.3,15,0,,77.8,1,0,0.0
D001185,high,7417.38,21,1,9.0,70.1,2,0,-0.033821
D001186,low,1814.4,23,0,,3.8,2,0,0.0
D001187,high,75744.03,7,0,,14.2,3,0,0.0
D001188,high,29303.05,9,0,,28.0,1,0,0.0
D001189,high,69561.59,9,0,,17.5,2,0,0.0
D001190,low,4529.52,7,0,,90.4,1,0,0.0
D001191,low,2864.1,2,0,,45.3,1,0,0.0
D001192,high,6227.49,17,1,5.0,46.8,1,0,-0.089079
D001193,high,9655.74,22,1,10.0,74.8,4,1,-0.064103
D001194,low,1973.18,3,0,,9.2,6,0,0.0
D001195,high,11103.63,11,0,,14.3,1,0,0.0
D001196,low,1111.53,1,0,,62.5,2,0,0.0
D001197,low,2727.16,11,0,,38.3,3,0,0.0
D001198,high,11926.88,11,0,,117.1,4,0,0.0
D001199,high,6109.3,7,0,,76.5,3,0,0.0
D001200,high,11295.18,11,0,,119.7,5,1,0.0
D001201,low,3391.61,7,0,,14.5,3,0,0.0
D001202,high,6943.73,19,1,7.0,166.4,3,0,-0.022633
D001203,high,5508.8,4,0,,9.7,1,0,0.0
D001204,high,6675.76,12,1,0.0,71.3,2,0,0.0
D001205,low,1765.02,12,0,,78.3,1,1,0.0
D001206,low,2268.07,16,0,,33.4,3,1,0.0
D001207,high,31605.35,3,0,,63.4,1,0,0.0
D001208,high,28357.89,18,1,6.0,55.6,1,0,-0.047796
D001209,high,14424.88,21,1,9.0,84.9,2,0,-0.045121
D001210,low,649.22,21,0,,155.9,2,0,0.0
D001211,low,4571.62,10,0,,51.7,1,0,0.0
D001212,low,4432.55,7,0,,90.1,2,0,0.0
D001213,low,4953.94,17,0,,85.9,1,1,0.0
D001214,high,10552.25,11,0,,83.3,2,0,0.0
D001215,high,38255.28,0,0,,37.6,2,0,0.0
D001216,low,2174.18,5,0,,79.7,3,1,0.0
D001217,low,4809.55,15,0,,9.7,4,0,0.0
D001218,low,2678.73,7,0,,17.1,2,0,0.0
D001219,low,1256.05,23,0,,81.7,1,0,0.0
D001220,low,3201.61,21,0,,43.2,6,0,0.0
D001221,high,8160.84,6,0,,83.1,4,0,0.0
D001222,high,20167.91,15,1,3.0,24.5,4,0,-0.066391
D001223,low,976.55,23,0,,82.5,4,0,0.0
D001224,low,1786.52,10,0,,61.5,2,0,0.0
D001225,high,8508.38,8,0,,119.3,4,1,0.0
D001226,high,9570.53,10,0,,34.7,3,0,0.0
D001227,high,5544.77,23,1,11.0,103.9,2,0,-0.055681
D001228,low,2003.65,7,0,,69.7,1,0,0.0
D001229,low,1517.98,7,0,,31.8,2,0,0.0
D001230,high,5665.04,15,1,3.0,51.5,2,0,-0.068525
D001231,high,14912.94,11,0,,60.3,3,0,0.0
D001232,high,6019.97,10,0,,147.8,2,0,0.0
D001233,high,5186.55,18,1,6.0,54.0,3,0,-0.094369
D001234,high,6375.02,19,1,7.0,37.2,2,0,-0.055989
D001235,low,3157.83,12,0,,62.9,1,0,0.0
D001236,low,1941.31,7,0,,31.8,1,0,0.0
D001237,high,6532.22,13,1,1.0,135.9,3,1,-0.021526
D001238,high,9617.63,21,1,9.0,52.9,2,0,-0.073954
D001239,low,1902.68,8,0,,76.3,4,0,0.0
D001240,low,1301.58,23,0,,45.6,1,0,0.0
D001241,low,1659.43,16,0,,7.8,1,0,0.0
D001242,low,2277.15,5,0,,46.7,4,0,0.0
D001243,high,11794.3,12,1,0.0,23.8,1,0,0.0
D001244,low,3991.87,18,0,,130.2,2,0,0.0
D001245,high,40812.77,4,0,,76.5,5,1,0.0
D001246,high,16661.02,22,1,10.0,10.1,5,0,-0.069703
D001247,low,2186.02,13,0,,12.4,2,0,0.0
D001248,low,3326.56,15,0,,10.6,2,0,0.0
D001249,low,1104.9,22,0,,26.8,1,0,0.0
D001250,low,4019.43,19,0,,89.4,2,0,0.0
D001251,low,2560.19,15,0,,49.3,2,1,0.0
D001252,low,4509.27,8,0,,20.1,3,0,0.0
D001253,low,4874.08,6,0,,34.0,2,0,0.0
D001254,low,3098.28,8,0,,16.3,1,1,0.0
D001255,high,5144.3,8,0,,92.1,2,0,0.0
D001256,low,2691.88,19,0,,72.6,1,0,0.0
D001257,low,2889.08,11,0,,129.2,2,0,0.0
D001258,low,2883.85,9,0,,56.1,2,0,0.0
D001259,high,8656.45,5,0,,6.1,2,0,0.0
D001260,high,24913.34,7,0,,28.8,3,0,0.0
D001261,high,28567.13,8,0,,26.1,1,0,0.0
D001262,high,10201.46,3,0,,30.9,2,0,0.0
D001263,low,1882.02,13,0,,43.1,1,0,0.0
D001264,high,8598.63,4,0,,54.3,3,1,0.0
D001265,high,7423.33,19,1,7.0,39.0,2,0,-0.03517
D001266,high,12552.28,12,1,0.0,46.8,5,0,0.0
D001267,high,12649.0,7,0,,87.4,3,0,0.0
D001268,low,4727.8,13,0,,75.8,1,1,0.0
D001269,high,20879.92,18,1,6.0,148.0,5,0,-0.032196
D001270,low,1268.27,13,0,,19.0,4,0,0.0
D001271,high,6613.28,0,0,,32.2,1,0,0.0
D001272,low,3906.36,5,0,,142.4,2,0,0.0
D001273,low,671.91,6,0,,61.1,2,0,0.0
D001274,high,13334.01,23,1,11.0,25.3,6,0,-0.054387
D001275,high,8087.66,18,1,6.0,34.0,2,0,-0.048846
D001276,high,5145.54,18,1,6.0,15.4,3,0,-0.043435
D001277,low,2013.5,22,0,,66.0,4,1,0.0
D001278,low,1203.84,15,0,,143.7,4,0,0.0
D001279,low,1223.51,19,0,,32.6,4,0,0.0
D001280,high,6393.46,6,0,,67.9,3,0,0.0
D001281,high,5383.62,2,0,,37.4,5,1,0.0
D001282,low,1281.74,23,0,,36.9,4,1,0.0
D001283,high,5594.36,2,0,,13.7,1,1,0.0
D001284,high,9618.82,22,1,10.0,47.3,5,0,-0.038853
D001285,high,25983.61,5,0,,48.9,2,0,0.0
D001286,low,71.99,8,0,,11.5,1,1,0.0
D001287,low,552.55,13,0,,50.7,4,0,0.0
D001288,low,3240.1,10,0,,70.2,3,0,0.0
D001289,high,8881.45,15,1,3.0,69.7,5,0,-0.069288
D001290,low,2246.34,14,0,,13.1,5,1,0.0
D001291,high,8452.88,18,1,6.0,27.7,2,0,-0.071565
D001292,low,1965.85,16,0,,41.8,5,0,0.0
D001293,low,2971.7,6,0,,30.0,3,0,0.0
D001294,low,2847.51,16,0,,36.6,2,0,0.0
D001295,low,4794.32,17,0,,107.3,2,1,0.0
D001296,high,5913.57,2,0,,79.4,2,1,0.0
D001297,high,15515.83,12,1,0.0,40.8,1,0,0.0
D001298,low,1260.7,6,0,,75.1,1,0,0.0
D001299,low,2743.12,3,0,,41.4,1,0,0.0
D001300,low,2510.51,5,0,,61.8,1,0,0.0
D001301,low,1741.41,9,0,,26.6,1,1,0.0
D001302,low,2656.44,10,0,,92.4,4,0,0.0
D001303,low,1154.62,3,0,,18.6,3,0,0.0
D001304,high,8663.45,14,1,2.0,8.9,2,0,-0.054712
D001305,low,429.48,14,0,,14.5,1,0,0.0
D001306,high,30591.99,6,0,,42.7,5,0,0.0
D001307,high,11193.36,5,0,,67.4,2,0,0.0
D001308,low,1651.51,19,0,,35.4,2,1,0.0
D001309,high,5978.44,0,0,,27.9,1,0,0.0
D001310,high,7223.5,21,1,9.0,21.0,1,0,-0.077837
D001311,high,22471.08,18,1,6.0,51.6,3,0,-0.047404
D001312,low,2137.61,19,0,,116.1,1,0,0.0
D001313,low,4919.67,7,0,,49.1,5,0,0.0
D001314,high,13826.41,15,1,3.0,34.1,4,0,-0.111894
D001315,low,2724.51,23,0,,76.1,3,0,0.0
D001316,high,5514.36,21,1,9.0,37.1,3,0,-0.047088
D001317,high,29740.31,22,1,10.0,128.2,1,1,-0.032972
D001318,low,2304.22,18,0,,38.4,4,0,0.0
D001319,low,4060.89,13,0,,71.2,3,0,0.0
D001320,low,3622.26,2,0,,51.3,2,0,0.0
D001321,low,2091.18,5,0,,85.1,2,0,0.0
D001322,low,2716.73,4,0,,68.6,1,0,0.0
D001323,high,18217.58,8,0,,57.5,2,0,0.0
D001324,high,9578.8,21,1,9.0,53.0,6,0,-0.042183
D001325,low,2024.74,20,0,,10.4,2,0,0.0
D001326,low,3829.3,8,0,,20.7,1,0,0.0
D001327,high,5303.17,21,1,9.0,70.2,1,0,-0.048024
D001328,low,1515.52,8,0,,105.7,1,0,0.0
D001329,high,21817.01,12,1,0.0,72.4,4,0,0.0
D001330,low,4521.12,4,0,,119.4,2,1,0.0
D001331,low,1666.04,8,0,,53.7,1,0,0.0
D001332,high,15881.3,10,0,,20.7,1,0,0.0
D001333,low,4058.25,18,0,,69.4,3,0,0.0
D001334,low,302.32,20,0,,20.7,2,0,0.0
D001335,high,5424.48,17,1,5.0,43.3,1,0,-0.05524
D001336,high,5882.86,21,1,9.0,30.0,3,1,-0.074833
D001337,low,4216.91,0,0,,136.6,2,1,0.0
D001338,low,2712.84,11,0,,33.3,1,0,0.0
D001339,high,7047.24,4,0,,62.7,3,0,0.0
D001340,high,17356.32,16,1,4.0,44.3,4,0,-0.093938
D001341,low,1823.98,16,0,,19.6,1,1,0.0
D001342,high,45653.95,2,0,,96.1,4,0,0.0
D001343,low,730.86,14,0,,61.4,4,0,0.0
D001344,low,1366.24,19,0,,11.9,1,0,0.0
D001345,low,616.72,7,0,,38.4,6,0,0.0
D001346,low,398.04,7,0,,62.6,1,0,0.0
D001347,high,13345.19,1,0,,25.7,1,0,0.0
D001348,high,10798.24,15,1,3.0,12.2,1,0,-0.072582
D001349,low,2233.42,15,0,,29.7,1,0,0.0
D001350,high,9418.41,5,0,,54.3,4,0,0.0
D001351,high,5240.26,0,0,,68.4,2,0,0.0
D001352,low,3531.34,18,0,,15.9,1,0,0.0
D001353,high,84201.19,2,0,,42.9,4,0,0.0
D001354,low,1374.73,20,0,,39.4,3,0,0.0
D001355,high,59861.58,14,1,2.0,63.4,3,0,-0.058506
D001356,high,6729.77,15,1,3.0,25.9,5,0,-0.108665
D001357,high,11326.83,12,1,0.0,19.9,6,0,0.0
D001358,low,3886.96,16,0,,2.6,2,0,0.0
D001359,low,2756.36,4,0,,25.6,4,0,0.0
D001360,low,3353.74,22,0,,8.9,3,0,0.0
D001361,high,9950.61,21,1,9.0,53.2,4,0,-0.057926
D001362,high,23061.94,5,0,,23.9,3,0,0.0
D001363,high,15536.62,16,1,4.0,33.9,3,0,-0.088801
D001364,low,2490.04,23,0,,27.0,4,0,0.0
D001365,high,5188.21,5,0,,54.6,1,1,0.0
D001366,high,21791.61,0,0,,61.2,4,0,0.0
D001367,high,7328.07,15,1,3.0,60.5,3,0,-0.041658
D001368,low,2946.3,6,0,,74.7,5,0,0.0
D001369,high,6101.32,16,1,4.0,18.4,1,0,-0.052757
D001370,high,25847.3,21,1,9.0,119.7,2,0,-0.046889
D001371,high,7152.03,13,1,1.0,132.9,4,0,-0.00916
D001372,low,728.53,5,0,,62.5,2,1,0.0
D001373,high,14500.11,8,0,,9.6,2,0,0.0
D001374,high,6316.66,23,1,11.0,24.6,2,0,-0.063732
D001375,low,4699.17,4,0,,120.5,2,0,0.0
D001376,low,932.93,5,0,,90.0,5,0,0.0
D001377,high,11116.71,19,1,7.0,8.4,1,0,-0.068833
D001378,high,19674.46,13,1,1.0,50.7,1,0,-0.027927
D001379,high,19385.84,20,1,8.0,39.9,6,0,-0.054482
D001380,low,4634.86,0,0,,51.5,6,0,0.0
D001381,low,3651.45,8,0,,93.9,1,0,0.0
D001382,high,17289.82,6,0,,50.9,1,0,0.0
D001383,high,19434.77,9,0,,44.2,4,0,0.0
D001384,low,1965.58,13,0,,76.1,4,1,0.0
D001385,high,5386.26,10,0,,21.1,3,0,0.0
D001386,low,2737.42,11,0,,25.7,1,1,0.0
D001387,low,4202.99,5,0,,21.6,5,0,0.0
D001388,high,8942.75,9,0,,45.3,2,0,0.0
D001389,low,2317.47,14,0,,73.2,6,0,0.0
D001390,low,520.33,0,0,,58.8,2,0,0.0
D001391,low,251.36,14,0,,16.7,2,0,0.0
D001392,low,3620.87,18,0,,16.3,5,1,0.0
D001393,high,7931.4,19,1,7.0,10.5,3,0,-0.067603
D001394,high,7161.05,15,1,3.0,98.3,1,1,-0.061351
D001395,low,4397.95,12,0,,91.1,1,0,0.0
D001396,high,20814.85,10,0,,77.2,2,0,0.0
D001397,high,8837.86,14,1,2.0,57.5,2,0,-0.062789
D001398,low,3761.71,5,0,,79.7,4,0,0.0
D001399,low,3503.61,19,0,,66.2,4,0,0.0
D001400,high,24924.31,16,1,4.0,63.5,1,0,-0.04948
D001401,high,14508.02,13,1,1.0,17.5,5,0,-0.033962
D001402,low,2109.45,19,0,,55.8,4,1,0.0
D001403,low,1024.4,3,0,,74.2,1,0,0.0
D001404,low,3030.16,5,0,,97.7,1,1,0.0
D001405,low,2466.29,19,0,,51.4,1,1,0.0
D001406,low,2306.27,22,0,,64.8,3,0,0.0
D001407,low,1914.9,20,0,,52.0,1,0,0.0
D001408,low,1236.2,21,0,,98.5,3,0,0.0
D001409,low,1590.01,16,0,,65.6,2,1,0.0
D001410,low,4222.15,16,0,,81.9,1,0,0.0
D001411,high,12211.75,18,1,6.0,45.5,4,0,-0.071002
D001412,low,3450.57,18,0,,30.8,2,0,0.0
D001413,high,5135.66,18,1,6.0,97.8,2,0,-0.030317
D001414,low,818.72,11,0,,52.9,1,0,0.0
D001415,low,3994.82,17,0,,41.9,2,0,0.0
D001416,low,758.24,18,0,,42.0,2,0,0.0
D001417,high,23037.18,15,1,3.0,35.2,1,0,-0.089384
D001418,low,3220.28,1,0,,56.8,3,0,0.0
D001419,high,8439.64,16,1,4.0,48.3,2,0,-0.046679
D001420,high,5754.44,12,1,0.0,88.5,2,0,0.0
D001421,high,6327.65,1,0,,16.1,4,0,0.0
D001422,low,2103.0,21,0,,55.2,1,0,0.0
D001423,low,150.75,23,0,,64.7,2,0,0.0
D001424,low,2946.83,0,0,,118.6,1,0,0.0
D001425,high,20458.94,15,1,3.0,41.8,4,0,-0.098114
D001426,high,7563.57,13,1,1.0,110.7,1,0,-0.023074
D001427,low,650.36,9,0,,181.1,4,0,0.0
D001428,high,41722.8,5,0,,76.7,2,0,0.0
D001429,low,1227.75,15,0,,46.4,3,0,0.0
D001430,low,2663.87,0,0,,53.0,2,0,0.0
D001431,low,933.74,15,0,,59.2,2,0,0.0
D001432,high,12642.24,18,1,6.0,88.0,2,0,-0.041101
D001433,low,2069.05,3,0,,1.0,4,0,0.0
D001434,low,4960.83,18,0,,29.9,2,0,0.0
D001435,low,1825.32,20,0,,153.3,4,0,0.0
D001436,high,6719.08,15,1,3.0,50.6,3,0,-0.112223
D001437,low,2138.96,18,0,,44.0,2,0,0.0
D001438,high,7710.89,13,1,1.0,60.5,5,0,-0.026377
D001439,low,1167.68,4,0,,28.8,1,1,0.0
D001440,high,16935.53,23,1,11.0,85.5,3,0,-0.066511
D001441,low,2686.16,11,0,,188.3,3,0,0.0
D001442,low,1083.96,13,0,,45.5,1,1,0.0
D001443,high,27412.94,8,0,,10.1,4,0,0.0
D001444,low,1087.4,22,0,,79.6,2,0,0.0
D001445,high,8415.04,6,0,,55.7,1,0,0.0
D001446,high,10857.73,8,0,,42.0,3,0,0.0
D001447,high,9587.06,3,0,,71.2,3,0,0.0
D001448,low,2213.71,14,0,,122.4,1,1,0.0
D001449,high,19547.3,7,0,,30.3,4,0,0.0
D001450,high,27759.57,5,0,,16.6,2,0,0.0
D001451,high,19159.96,5,0,,88.1,6,0,0.0
D001452,low,3034.12,0,0,,27.0,4,0,0.0
D001453,high,17655.56,12,1,0.0,78.5,6,0,0.0
D001454,high,14730.18,6,0,,55.7,6,0,0.0
D001455,low,4725.34,14,0,,22.2,4,1,0.0
D001456,low,1388.63,19,0,,69.8,2,1,0.0
D001457,low,4822.81,23,0,,70.9,6,0,0.0
D001458,high,50422.9,10,0,,6.7,1,0,0.0
D001459,low,1715.5,19,0,,61.8,1,0,0.0
D001460,high,17657.69,5,0,,74.3,2,0,0.0
D001461,high,6665.57,12,1,0.0,40.9,5,0,0.0
D001462,low,4830.65,2,0,,57.0,1,0,0.0
D001463,high,5335.17,3,0,,13.0,1,0,0.0
D001464,low,793.71,10,0,,44.8,2,0,0.0
D001465,high,13248.5,10,0,,5.2,1,1,0.0
D001466,low,502.32,9,0,,14.5,5,0,0.0
D001467,low,2933.92,13,0,,25.6,2,0,0.0
D001468,low,2285.76,21,0,,111.6,3,0,0.0
D001469,high,12153.0,9,0,,78.1,1,0,0.0
D001470,low,3758.01,8,0,,32.3,5,0,0.0
D001471,high,8053.22,23,1,11.0,70.5,1,0,-0.056071
D001472,high,9130.38,11,0,,95.8,2,0,0.0
D001473,low,226.53,21,0,,47.8,3,1,0.0
D001474,low,736.51,12,0,,150.9,4,0,0.0
D001475,low,4736.12,15,0,,44.9,4,0,0.0
D001476,high,7646.31,4,0,,28.8,2,0,0.0
D001477,high,6643.02,23,1,11.0,89.4,1,0,-0.058728
D001478,low,4563.4,4,0,,58.2,2,0,0.0
D001479,low,1973.25,6,0,,55.9,4,0,0.0
D001480,high,6404.7,9,0,,35.9,1,0,0.0
D001481,high,23938.38,13,1,1.0,52.4,4,0,-0.026802
D001482,high,26791.14,19,1,7.0,107.9,3,0,-0.051283
D001483,low,2541.94,22,0,,75.4,2,1,0.0
D001484,high,5626.3,20,1,8.0,76.3,2,0,-0.062171
D001485,low,1698.88,0,0,,13.9,2,0,0.0
D001486,high,10099.14,13,1,1.0,39.2,4,0,-0.033728
D001487,low,2834.85,13,0,,105.7,3,0,0.0
D001488,low,4246.22,5,0,,26.7,2,1,0.0
D001489,low,1429.98,0,0,,98.3,1,0,0.0
D001490,low,1048.21,12,0,,46.4,2,0,0.0
D001491,high,7127.83,2,0,,109.5,2,0,0.0
D001492,low,1875.86,3,0,,95.8,1,0,0.0
D001493,low,1530.26,14,0,,20.9,2,0,0.0
D001494,high,8202.91,0,0,,152.6,2,0,0.0
D001495,high,10475.3,18,1,6.0,61.7,1,0,-0.076728
D001496,high,5057.01,5,0,,55.3,4,0,0.0
D001497,high,5106.84,6,0,,172.0,3,0,0.0
D001498,high,8488.82,15,1,3.0,125.6,3,0,-0.079228
D001499,low,2627.16,23,0,,29.3,3,0,0.0
D001500,high,18311.73,8,0,,27.4,6,0,0.0
D001501,high,8031.06,17,1,5.0,55.7,3,0,-0.087858
D001502,high,21676.57,23,1,11.0,112.5,2,0,-0.09709
D001503,low,3898.82,19,0,,46.6,4,0,0.0
D001504,high,5409.65,0,0,,43.0,6,0,0.0
D001505,low,4201.37,6,0,,35.6,2,0,0.0
D001506,low,3630.79,1,0,,43.9,2,0,0.0
D001507,low,324.01,4,0,,52.8,1,0,0.0
D001508,high,5511.41,4,0,,61.3,3,0,0.0
D001509,high,5233.31,21,1,9.0,58.9,2,0,-0.078752
D001510,high,18993.51,4,0,,74.3,4,0,0.0
D001511,low,1600.33,12,0,,42.2,3,0,0.0
D001512,low,3902.96,16,0,,55.1,1,0,0.0
D001513,low,3301.96,1,0,,83.0,2,0,0.0
D001514,high,5410.57,6,0,,121.2,4,0,0.0
D001515,high,7850.42,12,1,0.0,14.6,5,0,0.0
D001516,high,8930.48,15,1,3.0,78.5,2,0,-0.034877
D001517,low,2117.6,2,0,,84.4,3,0,0.0
D001518,low,999.26,6,0,,23.9,2,0,0.0
D001519,low,4484.23,18,0,,92.7,3,0,0.0
D001520,high,5690.79,20,1,8.0,58.0,2,0,-0.079943
D001521,low,4019.18,17,0,,4.6,1,1,0.0
D001522,high,8292.4,20,1,8.0,90.3,2,0,-0.040445
D001523,high,13448.78,12,1,0.0,27.9,2,0,0.0
D001524,low,1048.97,23,0,,97.2,6,0,0.0
D001525,low,1936.51,6,0,,9.5,5,0,0.0
D001526,high,34945.97,22,1,10.0,24.3,4,0,-0.040125
D001527,low,587.59,12,0,,118.4,4,0,0.0
D001528,low,4714.21,21,0,,88.8,1,0,0.0
D001529,low,3916.47,20,0,,34.1,2,1,0.0
D001530,high,32619.31,17,1,5.0,95.9,5,1,-0.069359
D001531,low,419.94,4,0,,71.2,1,0,0.0
D001532,high,29491.39,18,1,6.0,53.9,2,0,-0.071002
D001533,high,9235.87,17,1,5.0,110.5,3,0,-0.04088
D001534,low,2301.77,20,0,,90.1,2,0,0.0
D001535,high,7113.2,16,1,4.0,120.2,2,0,-0.03536
D001536,low,2965.96,20,0,,95.9,6,0,0.0
D001537,high,9153.97,16,1,4.0,15.7,3,0,-0.081989
D001538,low,3638.02,14,0,,73.0,4,0,0.0
D001539,low,3651.96,1,0,,22.2,2,0,0.0
D001540,low,4071.31,3,0,,73.8,2,0,0.0
D001541,low,2547.72,9,0,,11.8,2,0,0.0
D001542,high,10496.76,3,0,,87.1,5,1,0.0
D001543,low,3774.53,22,0,,106.9,4,0,0.0
D001544,low,983.89,3,0,,31.2,1,0,0.0
D001545,high,12746.73,16,1,4.0,75.8,2,0,-0.042977
D001546,low,2796.39,19,0,,53.1,2,0,0.0
D001547,high,30545.55,4,0,,25.0,2,0,0.0
D001548,low,548.47,4,0,,74.7,2,0,0.0
D001549,high,14865.92,21,1,9.0,72.7,1,0,-0.044376
D001550,low,4844.82,14,0,,51.1,5,0,0.0
D001551,low,3416.24,18,0,,63.3,3,0,0.0
D001552,high,27396.84,1,0,,37.5,4,0,0.0
D001553,high,8115.02,1,0,,34.3,1,0,0.0
D001554,high,15540.85,22,1,10.0,86.1,4,0,-0.032431
D001555,high,76929.76,19,1,7.0,39.5,5,0,-0.065704
D001556,high,25987.55,21,1,9.0,9.7,2,0,-0.064142
D001557,high,38686.96,23,1,11.0,54.3,4,0,-0.077773
D001558,low,887.87,9,0,,44.9,5,0,0.0
D001559,low,3403.82,4,0,,30.6,1,0,0.0
D001560,high,35637.63,12,1,0.0,59.7,3,1,0.0
D001561,high,8345.81,19,1,7.0,92.2,4,0,-0.068793
D001562,low,3321.47,1,0,,53.2,5,0,0.0
D001563,high,11954.94,22,1,10.0,125.5,4,0,-0.046494
D001564,low,2489.97,16,0,,20.2,4,0,0.0
D001565,low,3638.98,5,0,,113.9,3,0,0.0
D001566,low,368.44,21,0,,109.3,2,0,0.0
D001567,high,14523.5,23,1,11.0,45.8,1,0,-0.048766
D001568,high,6915.45,10,0,,8.4,2,0,0.0
D001569,low,2609.37,4,0,,37.1,2,0,0.0
D001570,high,6689.19,3,0,,56.5,3,0,0.0
D001571,low,756.52,14,0,,27.2,1,0,0.0
D001572,high,5361.35,9,0,,107.5,4,0,0.0
D001573,high,9281.23,5,0,,40.3,4,0,0.0
D001574,high,16838.35,23,1,11.0,44.4,5,0,-0.069544
D001575,low,356.88,23,0,,26.9,4,0,0.0
D001576,low,1073.05,3,0,,48.4,1,0,0.0
D001577,high,56099.13,22,1,10.0,42.4,2,0,-0.078836
D001578,low,4272.81,6,0,,73.4,1,0,0.0
D001579,high,24504.97,14,1,2.0,81.5,5,0,-0.030796
D001580,high,6408.44,3,0,,104.0,2,1,0.0
D001581,low,2465.54,9,0,,37.2,2,0,0.0
D001582,low,1239.58,8,0,,13.2,2,0,0.0
D001583,high,7163.29,8,0,,163.6,2,0,0.0
D001584,high,44938.77,12,1,0.0,11.2,3,0,0.0
D001585,high,7028.77,13,1,1.0,20.8,5,0,-0.03579
D001586,low,1319.51,11,0,,17.9,1,0,0.0
D001587,high,8501.83,21,1,9.0,112.4,1,0,-0.032127
D001588,low,4495.34,2,0,,16.1,1,1,0.0
D001589,high,50000.91,2,0,,34.8,4,0,0.0
D001590,high,42610.9,18,1,6.0,63.9,2,1,-0.036626
D001591,high,19122.1,16,1,4.0,76.7,4,1,-0.084694
D001592,low,2013.06,22,0,,33.2,5,1,0.0
D001593,low,627.44,20,0,,50.7,1,0,0.0
D001594,low,4654.82,14,0,,110.2,4,1,0.0
D001595,high,5654.05,22,1,10.0,62.6,2,0,-0.058421
D001596,high,7354.29,0,0,,55.1,4,1,0.0
D001597,low,612.31,22,0,,107.3,1,0,0.0
D001598,low,617.58,1,0,,43.4,2,0,0.0
D001599,low,1006.23,21,0,,29.9,3,0,0.0
D001600,high,20065.49,17,1,5.0,47.9,2,0,-0.082373
D001601,low,408.43,5,0,,60.2,4,0,0.0
D001602,low,3625.73,12,0,,115.7,2,0,0.0
D001603,high,15173.51,16,1,4.0,66.9,1,0,-0.029959
D001604,low,1808.14,15,0,,38.6,1,0,0.0
D001605,high,19963.41,12,1,0.0,74.0,2,0,0.0
D001606,low,3277.9,16,0,,116.9,1,0,0.0
D001607,low,3940.91,1,0,,16.4,3,1,0.0
D001608,low,1606.84,15,0,,47.0,1,1,0.0
D001609,low,2899.92,9,0,,27.2,4,1,0.0
D001610,high,7279.39,18,1,6.0,54.9,4,0,-0.084962
D001611,low,4539.11,8,0,,19.5,2,0,0.0
D001612,low,401.44,3,0,,86.7,1,0,0.0
D001613,high,5436.59,7,0,,99.6,4,0,0.0
D001614,high,5261.21,13,1,1.0,11.6,3,0,-0.020393
D001615,high,14721.52,4,0,,31.0,4,0,0.0
D001616,low,1911.27,15,0,,4.8,1,0,0.0
D001617,high,5471.01,20,1,8.0,23.0,1,0,-0.07119
D001618,low,1409.69,23,0,,47.6,4,0,0.0
D001619,low,4141.87,4,0,,56.0,2,0,0.0
D001620,high,6890.42,6,0,,75.6,5,0,0.0
D001621,low,3946.12,8,0,,71.7,3,0,0.0
D001622,low,1544.4,12,0,,75.8,4,1,0.0
D001623,high,5502.93,15,1,3.0,44.8,3,0,-0.05905
D001624,high,5612.63,17,1,5.0,63.2,4,0,-0.061541
D001625,low,1646.17,3,0,,129.1,6,0,0.0
D001626,high,5120.62,3,0,,46.4,4,0,0.0
D001627,high,8735.92,12,1,0.0,50.3,2,0,0.0
D001628,low,222.85,9,0,,13.6,1,1,0.0
D001629,high,27655.68,19,1,7.0,12.4,1,1,-0.079045
D001630,low,4555.4,11,0,,12.7,4,0,0.0
D001631,low,943.66,22,0,,98.2,1,0,0.0
D001632,low,690.59,9,0,,89.5,3,0,0.0
D001633,low,1602.94,3,0,,152.7,2,0,0.0
D001634,high,9879.46,12,1,0.0,24.7,3,0,0.0
D001635,low,449.55,17,0,,21.7,2,0,0.0
D001636,high,28316.2,4,0,,56.4,3,0,0.0
D001637,high,17459.58,5,0,,96.3,1,0,0.0
D001638,low,989.44,14,0,,57.8,3,0,0.0
D001639,low,4599.44,3,0,,66.1,3,1,0.0
D001640,low,2769.26,15,0,,56.8,2,0,0.0
D001641,low,3521.36,18,0,,41.1,1,0,0.0
D001642,low,968.02,15,0,,41.3,2,0,0.0
D001643,low,2903.07,14,0,,20.9,1,1,0.0
D001644,high,6299.54,23,1,11.0,60.6,1,0,-0.037036
D001645,high,19714.51,22,1,10.0,56.4,4,0,-0.054943
D001646,low,2531.48,12,0,,14.1,1,0,0.0
D001647,low,4576.4,15,0,,30.5,1,0,0.0
D001648,low,1436.6,18,0,,199.4,4,0,0.0
D001649,high,23417.3,9,0,,42.9,2,0,0.0
D001650,high,6816.25,10,0,,22.6,3,0,0.0
D001651,high,14641.67,15,1,3.0,30.5,3,0,-0.049436
D001652,low,3747.78,2,0,,15.3,2,0,0.0
D001653,high,9212.1,22,1,10.0,106.7,2,0,-0.060375
D001654,high,40731.52,18,1,6.0,19.9,5,0,-0.091523
D001655,high,16070.32,13,1,1.0,98.6,4,0,-0.014726
D001656,low,3390.14,9,0,,97.0,3,0,0.0
D001657,high,13410.93,12,1,0.0,80.4,2,0,0.0
D001658,low,2179.09,12,0,,93.8,2,1,0.0
D001659,high,5764.59,14,1,2.0,54.9,3,0,-0.069608
D001660,low,4166.64,21,0,,41.3,1,0,0.0
D001661,high,5673.11,13,1,1.0,49.9,2,0,-0.025956
D001662,high,9080.93,10,0,,78.0,2,0,0.0
D001663,high,9379.22,17,1,5.0,109.5,2,0,-0.045696
D001664,high,9883.62,17,1,5.0,65.1,3,0,-0.087824
D001665,high,16928.44,1,0,,71.1,2,0,0.0
D001666,high,5492.43,6,0,,41.2,3,0,0.0
D001667,high,33546.12,8,0,,39.8,5,0,0.0
D001668,high,14456.02,16,1,4.0,14.2,3,0,-0.053466
D001669,high,7755.69,10,0,,48.4,4,0,0.0
D001670,low,1581.62,3,0,,39.7,4,1,0.0
D001671,high,16489.01,18,1,6.0,78.1,5,0,-0.046935
D001672,low,4654.6,11,0,,11.0,2,1,0.0
D001673,high,68672.55,1,0,,99.5,5,0,0.0
D001674,high,9689.61,9,0,,28.3,4,0,0.0
D001675,high,20885.89,16,1,4.0,132.9,3,1,-0.054988
D001676,low,1980.18,16,0,,80.6,2,1,0.0
D001677,low,3381.48,10,0,,51.2,1,0,0.0
D001678,low,2181.71,2,0,,27.6,2,0,0.0
D001679,low,4119.14,14,0,,21.1,4,0,0.0
D001680,high,13278.92,2,0,,59.9,3,0,0.0
D001681,low,2790.58,19,0,,180.4,2,0,0.0
D001682,low,3912.7,23,0,,34.1,5,0,0.0
D001683,high,6673.91,0,0,,4.3,1,1,0.0
D001684,high,15442.55,17,1,5.0,96.7,1,0,-0.030069
D001685,high,12421.78,4,0,,48.1,1,0,0.0
D001686,low,2587.58,2,0,,21.8,1,0,0.0
D001687,high,13290.19,9,0,,49.8,2,0,0.0
D001688,high,8126.44,18,1,6.0,69.8,4,0,-0.061237
D001689,low,3887.53,6,0,,103.7,3,0,0.0
D001690,low,580.57,1,0,,94.6,2,0,0.0
D001691,high,16280.29,10,0,,32.6,2,0,0.0
D001692,low,1124.05,14,0,,40.5,2,0,0.0
D001693,low,2284.81,7,0,,92.2,3,0,0.0
D001694,low,4803.18,2,0,,35.7,1,0,0.0
D001695,high,12014.76,4,0,,70.2,1,0,0.0
D001696,high,24587.19,4,0,,4.3,3,0,0.0
D001697,high,24294.64,14,1,2.0,23.3,1,0,-0.028433
D001698,high,13319.75,9,0,,157.6,1,0,0.0
D001699,high,5697.19,3,0,,37.7,2,0,0.0
D001700,low,4967.67,15,0,,71.7,2,0,0.0
D001701,high,9528.09,18,1,6.0,31.9,1,0,-0.063678
D001702,high,5465.27,4,0,,46.0,3,0,0.0
D001703,low,4998.85,2,0,,19.1,1,1,0.0
D001704,high,13301.93,16,1,4.0,81.3,2,0,-0.071957
D001705,low,1762.14,3,0,,102.2,2,0,0.0
D001706,low,3785.95,17,0,,26.8,1,0,0.0
D001707,high,6636.28,20,1,8.0,54.2,3,0,-0.035346
D001708,high,8715.49,15,1,3.0,26.9,1,1,-0.064875
D001709,high,11470.16,23,1,11.0,109.8,2,0,-0.03486
D001710,high,6962.55,14,1,2.0,83.6,5,0,-0.026805
D001711,low,1328.85,18,0,,24.7,3,0,0.0
D001712,high,8540.78,5,0,,60.5,2,0,0.0
D001713,high,6100.01,23,1,11.0,100.1,4,0,-0.033329
D001714,high,10836.63,15,1,3.0,53.8,5,0,-0.05885
D001715,high,7112.36,18,1,6.0,106.6,2,0,-0.038064
D001716,low,2652.91,0,0,,49.7,4,0,0.0
D001717,high,10534.66,12,1,0.0,100.6,5,0,0.0
D001718,high,6069.74,5,0,,144.6,4,0,0.0
D001719,high,5902.0,16,1,4.0,19.2,3,0,-0.067858
D001720,high,7545.03,19,1,7.0,109.4,4,0,-0.06142
D001721,high,6804.06,16,1,4.0,108.2,2,0,-0.044889
D001722,low,3906.43,5,0,,19.0,4,1,0.0
D001723,low,874.05,19,0,,46.7,2,0,0.0
D001724,low,1381.5,13,0,,64.4,2,1,0.0
D001725,high,12041.64,1,0,,84.7,3,0,0.0
D001726,high,5249.45,11,0,,32.6,1,0,0.0
D001727,low,1711.45,15,0,,113.0,3,0,0.0
D001728,high,6213.41,3,0,,27.8,1,0,0.0
D001729,low,845.82,3,0,,8.8,2,0,0.0
D001730,high,34761.24,2,0,,122.4,2,1,0.0
D001731,low,634.44,4,0,,68.4,1,1,0.0
D001732,low,1909.03,13,0,,2.4,1,0,0.0
D001733,low,3689.43,19,0,,118.1,5,0,0.0
D001734,high,14805.34,19,1,7.0,7.3,2,0,-0.060771
D001735,low,857.5,14,0,,108.8,3,0,0.0
D001736,low,2497.64,3,0,,23.7,3,1,0.0
D001737,low,3289.4,15,0,,40.2,1,1,0.0
D001738,low,1330.66,8,0,,81.3,3,0,0.0
D001739,low,2855.12,6,0,,75.9,3,0,0.0
D001740,low,4974.75,16,0,,50.2,3,0,0.0
D001741,high,18628.18,15,1,3.0,83.2,5,0,-0.04358
D001742,high,14671.76,12,1,0.0,26.0,3,0,0.0
D001743,high,10596.74,15,1,3.0,65.1,1,0,-0.049537
D001744,high,16865.07,6,0,,12.9,5,0,0.0
D001745,high,20000.72,19,1,7.0,81.7,5,0,-0.058738
D001746,low,4392.12,14,0,,44.1,1,0,0.0
D001747,low,1753.86,21,0,,87.3,4,0,0.0
D001748,high,7801.14,11,0,,18.8,4,0,0.0
D001749,low,631.72,3,0,,70.0,3,0,0.0
D001750,low,3624.77,9,0,,33.9,1,0,0.0
D001751,high,12845.55,9,0,,45.9,5,0,0.0
D001752,low,1788.92,6,0,,116.5,4,0,0.0
D001753,low,2387.85,2,0,,50.5,2,1,0.0
D001754,high,23799.84,20,1,8.0,17.9,2,0,-0.079894
D001755,high,5766.69,16,1,4.0,9.4,6,0,-0.072824
D001756,low,3245.23,17,0,,59.2,5,0,0.0
D001757,low,3767.38,23,0,,63.7,4,0,0.0
D001758,high,14340.11,4,0,,90.8,1,0,0.0
D001759,high,10480.81,21,1,9.0,30.1,1,0,-0.054936
D001760,high,12373.52,9,0,,62.8,6,0,0.0
D001761,low,4954.39,21,0,,156.7,3,0,0.0
D001762,low,3322.44,8,0,,80.3,3,0,0.0
D001763,low,2116.98,23,0,,20.5,2,0,0.0
D001764,low,522.74,2,0,,86.4,3,0,0.0
D001765,low,3614.28,18,0,,41.1,2,0,0.0
D001766,low,2244.76,8,0,,46.7,5,0,0.0
D001767,high,12814.19,19,1,7.0,110.3,2,1,-0.045357
D001768,low,4909.24,21,0,,50.5,2,0,0.0
D001769,high,13504.98,19,1,7.0,35.1,4,0,-0.089925
D001770,high,30152.21,0,0,,51.7,4,0,0.0
D001771,high,7263.53,18,1,6.0,95.5,2,0,-0.084329
D001772,high,8221.11,5,0,,32.7,1,0,0.0
D001773,low,3108.53,13,0,,54.3,1,1,0.0
D001774,high,7730.1,0,0,,35.5,2,0,0.0
D001775,low,4097.97,23,0,,3.4,4,0,0.0
D001776,low,2964.17,17,0,,55.2,3,0,0.0
D001777,high,9791.01,6,0,,36.2,2,0,0.0
D001778,high,19120.03,9,0,,61.8,4,0,0.0
D001779,low,2542.0,7,0,,43.3,3,0,0.0
D001780,low,3994.82,2,0,,66.9,1,0,0.0
D001781,low,1518.81,5,0,,68.4,3,1,0.0
D001782,high,10242.56,7,0,,38.2,3,0,0.0
D001783,high,5577.38,10,0,,24.5,1,0,0.0
D001784,low,3432.05,6,0,,24.6,3,0,0.0
D001785,high,9098.9,21,1,9.0,30.3,2,0,-0.081841
D001786,low,855.79,22,0,,79.4,1,0,0.0
D001787,high,12676.06,15,1,3.0,82.5,2,0,-0.041134
D001788,high,30931.78,22,1,10.0,75.2,1,0,-0.072386
D001789,high,32393.7,21,1,9.0,11.9,3,0,-0.081561
D001790,high,12660.03,19,1,7.0,5.1,3,0,-0.110577
D001791,low,2602.85,15,0,,87.0,1,0,0.0
D001792,low,2192.32,14,0,,14.3,5,0,0.0
D001793,low,3191.74,3,0,,155.5,3,1,0.0
D001794,high,7863.82,9,0,,15.9,2,0,0.0
D001795,low,3459.28,6,0,,12.6,2,0,0.0
D001796,low,2247.74,22,0,,22.0,3,0,0.0
D001797,low,673.81,5,0,,145.8,2,0,0.0
D001798,high,8838.67,9,0,,22.4,2,0,0.0
D001799,low,3101.39,23,0,,51.0,3,0,0.0
D001800,high,11414.03,14,1,2.0,89.7,1,0,-0.038878
D001801,high,5647.64,6,0,,148.1,1,0,0.0
D001802,low,1738.06,11,0,,27.0,3,0,0.0
D001803,high,43207.81,9,0,,63.1,3,1,0.0
D001804,low,1745.41,22,0,,34.8,4,1,0.0
D001805,low,1274.5,0,0,,16.8,1,0,0.0
D001806,high,20639.45,6,0,,79.4,2,0,0.0
D001807,high,5720.73,9,0,,18.7,6,0,0.0
D001808,high,5177.52,5,0,,26.8,4,0,0.0
D001809,low,1075.54,9,0,,53.7,1,0,0.0
D001810,low,2415.83,16,0,,136.8,1,0,0.0
D001811,low,1732.5,2,0,,35.4,1,0,0.0
D001812,low,757.21,14,0,,21.2,3,0,0.0
D001813,low,211.89,14,0,,18.9,4,0,0.0
D001814,high,11316.74,17,1,5.0,25.7,2,0,-0.049108
D001815,high,10130.99,14,1,2.0,177.4,4,0,-0.027866
D001816,high,31951.15,5,0,,140.0,4,0,0.0
D001817,low,4600.76,10,0,,128.6,1,0,0.0
D001818,low,1677.01,18,0,,99.7,3,0,0.0
D001819,low,1709.87,3,0,,129.2,5,0,0.0
D001820,high,5046.64,19,1,7.0,76.0,1,0,-0.031797
D001821,low,4980.84,10,0,,42.6,3,0,0.0
D001822,low,785.13,21,0,,41.1,2,1,0.0
D001823,high,5378.16,20,1,8.0,64.3,2,0,-0.060619
D001824,low,2924.91,11,0,,8.2,2,0,0.0
D001825,high,9243.22,8,0,,50.1,2,0,0.0
D001826,low,1431.28,1,0,,29.0,2,0,0.0
D001827,high,7510.95,1,0,,89.6,2,0,0.0
D001828,low,886.42,19,0,,64.0,4,0,0.0
D001829,low,2978.14,14,0,,56.5,5,0,0.0
D001830,high,12455.39,13,1,1.0,50.6,3,0,-0.028394
D001831,low,4074.75,6,0,,76.5,1,0,0.0
D001832,high,5883.95,6,0,,67.4,4,0,0.0
D001833,high,11532.29,15,1,3.0,11.9,1,1,-0.129617
D001834,high,5322.14,18,1,6.0,68.3,1,0,-0.064871
D001835,low,4250.61,0,0,,111.5,2,0,0.0
D001836,high,6886.75,1,0,,25.3,3,0,0.0
D001837,high,7632.24,9,0,,91.8,1,1,0.0
D001838,low,3532.7,21,0,,26.3,1,0,0.0
D001839,high,6593.5,11,0,,61.8,4,0,0.0
D001840,low,1853.22,3,0,,47.9,1,0,0.0
D001841,low,3479.52,15,0,,36.1,4,0,0.0
D001842,low,4426.53,22,0,,42.5,3,0,0.0
D001843,high,6225.91,14,1,2.0,22.1,3,0,-0.056712
D001844,high,7766.73,18,1,6.0,38.5,2,0,-0.072285
D001845,low,2732.4,0,0,,5.2,2,1,0.0
D001846,high,17934.61,17,1,5.0,27.0,2,0,-0.121642
D001847,high,5765.04,7,0,,13.7,3,0,0.0
D001848,high,18419.22,11,0,,36.6,3,0,0.0
D001849,low,2360.71,8,0,,17.6,3,0,0.0
D001850,high,21708.21,4,0,,38.2,3,1,0.0
D001851,low,3970.13,5,0,,67.8,3,1,0.0
D001852,high,12489.41,14,1,2.0,31.5,3,0,-0.041132
D001853,low,2514.39,0,0,,81.1,2,0,0.0
D001854,low,3892.6,2,0,,82.8,1,1,0.0
D001855,high,13034.0,14,1,2.0,11.8,1,0,-0.048752
D001856,low,1998.13,0,0,,32.4,6,0,0.0
D001857,high,12003.08,19,1,7.0,69.7,4,1,-0.032535
D001858,high,11797.07,14,1,2.0,40.2,6,0,-0.059394
D001859,high,21026.08,20,1,8.0,22.0,1,0,-0.045296
D001860,high,12099.91,22,1,10.0,88.8,2,0,-0.063887
D001861,low,2727.82,23,0,,127.1,4,0,0.0
D001862,low,4743.74,17,0,,61.6,2,0,0.0
D001863,high,20184.5,7,0,,29.3,4,0,0.0
D001864,low,1370.58,19,0,,79.0,4,1,0.0
D001865,low,5018.91,3,0,,58.2,3,1,0.0
D001866,high,11306.12,14,1,2.0,109.9,1,1,-0.05
D001867,low,1828.04,4,0,,4.5,2,0,0.0
D001868,high,339858.45,11,0,,124.9,3,0,0.0
D001869,high,12407.57,6,0,,53.5,4,0,0.0
D001870,low,4781.47,23,0,,33.7,1,0,0.0
D001871,low,2625.62,15,0,,149.8,2,0,0.0
D001872,high,6105.25,7,0,,53.6,5,1,0.0
D001873,high,6222.68,20,1,8.0,60.2,1,0,-0.050786
D001874,low,2330.24,4,0,,67.2,5,0,0.0
D001875,low,898.53,6,0,,78.1,4,1,0.0
D001876,low,4837.63,14,0,,128.2,1,0,0.0
D001877,high,14169.7,23,1,11.0,141.0,3,0,-0.025992
D001878,high,9826.32,8,0,,91.5,4,0,0.0
D001879,high,27081.39,11,0,,130.0,5,0,0.0
D001880,low,5015.34,15,0,,131.1,2,0,0.0
D001881,low,3891.1,12,0,,31.5,3,0,0.0
D001882,low,3735.42,2,0,,27.0,3,0,0.0
D001883,low,3244.28,7,0,,39.5,1,0,0.0
D001884,low,807.25,20,0,,9.7,2,0,0.0
D001885,high,12587.16,20,1,8.0,69.1,3,0,-0.076923
D001886,high,14049.97,15,1,3.0,44.5,4,0,-0.050815
D001887,high,9219.29,7,0,,40.0,3,0,0.0
D001888,high,7461.85,19,1,7.0,97.5,4,0,-0.042994
D001889,high,13356.0,4,0,,30.6,2,0,0.0
D001890,high,58010.81,7,0,,23.0,2,0,0.0
D001891,low,3832.32,10,0,,48.5,4,0,0.0
D001892,low,4038.32,0,0,,46.8,2,0,0.0
D001893,high,18458.15,17,1,5.0,28.5,5,0,-0.059338
D001894,low,1081.54,4,0,,73.7,1,0,0.0
D001895,low,3977.16,9,0,,104.5,2,1,0.0
D001896,low,2628.35,6,0,,74.7,3,0,0.0
D001897,low,373.0,0,0,,53.3,1,0,0.0
D001898,high,5184.19,3,0,,63.5,1,0,0.0
D001899,high,12507.72,14,1,2.0,100.9,2,0,-0.044064
D001900,low,3448.24,11,0,,113.0,6,0,0.0
D001901,high,29897.06,22,1,10.0,93.1,2,0,-0.054951
D001902,low,1388.75,14,0,,39.4,3,0,0.0
D001903,high,5544.41,12,1,0.0,113.9,5,0,0.0
D001904,low,784.28,16,0,,126.1,2,0,0.0
D001905,low,1391.24,20,0,,22.5,3,0,0.0
D001906,high,9679.69,4,0,,34.9,1,0,0.0
D001907,low,3379.41,0,0,,38.6,2,1,0.0
D001908,high,8053.61,0,0,,43.1,1,0,0.0
D001909,low,3780.95,9,0,,126.2,2,0,0.0
D001910,low,2691.11,2,0,,64.1,4,0,0.0
D001911,low,507.2,20,0,,82.4,1,0,0.0
D001912,high,5469.31,19,1,7.0,91.7,1,0,-0.027236
D001913,low,4359.34,0,0,,87.7,2,0,0.0
D001914,high,40125.43,11,0,,47.7,3,0,0.0
D001915,low,1724.5,2,0,,36.7,1,0,0.0
D001916,low,3326.62,13,0,,27.8,3,0,0.0
D001917,low,4285.92,9,0,,18.6,3,1,0.0
D001918,high,8060.61,23,1,11.0,35.3,4,0,-0.066012
D001919,low,3009.9,5,0,,67.5,1,0,0.0
D001920,high,7332.27,22,1,10.0,24.0,1,0,-0.058741
D001921,low,4159.27,10,0,,73.7,3,0,0.0
D001922,high,5448.53,1,0,,45.4,2,0,0.0
D001923,low,525.43,0,0,,48.4,1,1,0.0
D001924,low,4346.57,14,0,,31.2,2,0,0.0
D001925,high,10323.72,10,0,,90.0,3,0,0.0
D001926,high,23869.04,14,1,2.0,8.8,4,0,-0.055982
D001927,low,1112.37,4,0,,128.4,1,0,0.0
D001928,low,2135.89,22,0,,46.9,4,0,0.0
D001929,low,3976.98,6,0,,98.6,2,0,0.0
D001930,high,6419.68,13,1,1.0,53.5,3,0,-0.029005
D001931,high,8648.07,22,1,10.0,25.5,2,0,-0.058464
D001932,low,659.83,3,0,,148.5,1,0,0.0
D001933,low,2310.94,14,0,,19.9,2,1,0.0
D001934,high,16708.28,0,0,,7.7,2,0,0.0
D001935,low,4501.88,10,0,,23.5,2,0,0.0
D001936,low,2774.75,15,0,,31.7,2,0,0.0
D001937,high,7453.54,10,0,,6.5,1,0,0.0
D001938,high,6561.05,2,0,,63.5,5,1,0.0
D001939,low,2629.74,7,0,,12.3,1,0,0.0
D001940,low,1652.35,13,0,,15.8,2,0,0.0
D001941,high,5130.85,13,1,1.0,107.1,2,0,-0.015681
D001942,high,9113.56,21,1,9.0,38.1,5,0,-0.07797
D001943,low,3058.81,19,0,,64.7,1,0,0.0
D001944,low,3334.51,5,0,,49.7,5,0,0.0
D001945,high,7214.16,21,1,9.0,135.2,5,0,-0.033429
D001946,high,7457.51,22,1,10.0,21.4,1,0,-0.027437
D001947,high,14443.49,15,1,3.0,112.7,3,0,-0.041944
D001948,low,649.78,20,0,,34.8,2,0,0.0
D001949,high,81301.89,1,0,,65.0,4,1,0.0
D001950,high,5158.67,13,1,1.0,31.0,1,0,-0.033403
D001951,high,77812.53,12,1,0.0,156.8,1,0,0.0
D001952,low,1764.34,0,0,,20.4,3,1,0.0
D001953,high,7947.6,13,1,1.0,43.2,1,0,-0.038862
D001954,low,2087.27,21,0,,117.0,1,1,0.0
D001955,high,17476.84,10,0,,40.8,5,1,0.0
D001956,high,10201.89,23,1,11.0,36.3,1,0,-0.07986
D001957,high,27545.95,10,0,,70.3,5,0,0.0
D001958,low,1010.75,3,0,,123.4,2,0,0.0
D001959,low,1225.02,13,0,,113.6,1,0,0.0
D001960,high,5319.89,10,0,,52.7,1,0,0.0
D001961,high,21795.03,21,1,9.0,45.3,1,0,-0.050144
D001962,low,1973.95,10,0,,13.3,2,0,0.0
D001963,low,3168.44,16,0,,46.3,1,0,0.0
D001964,low,3452.24,16,0,,111.3,6,0,0.0
D001965,low,1724.24,8,0,,52.6,3,0,0.0
D001966,low,2485.97,0,0,,23.0,4,0,0.0
D001967,low,2004.04,21,0,,52.5,1,0,0.0
D001968,low,715.65,3,0,,78.8,1,0,0.0
D001969,high,12661.58,10,0,,13.6,4,0,0.0
D001970,high,10712.46,9,0,,24.5,3,0,0.0
D001971,low,1291.72,19,0,,82.6,5,0,0.0
D001972,low,1390.08,16,0,,111.6,3,0,0.0
D001973,high,6325.17,8,0,,39.4,2,0,0.0
D001974,high,45874.16,5,0,,60.3,5,0,0.0
D001975,high,10686.8,12,1,0.0,30.5,3,0,0.0
D001976,low,4098.36,22,0,,34.1,2,1,0.0
D001977,low,551.59,17,0,,45.2,3,0,0.0
D001978,high,10091.8,23,1,11.0,78.9,3,0,-0.039362
D001979,high,7618.95,22,1,10.0,173.8,2,0,-0.029298
D001980,high,90700.08,19,1,7.0,12.2,3,0,-0.062551
D001981,high,6921.53,16,1,4.0,53.2,4,0,-0.043398
D001982,high,5780.71,21,1,9.0,96.6,2,0,-0.023979
D001983,high,9096.0,4,0,,85.1,2,0,0.0
D001984,low,1325.66,4,0,,127.1,1,1,0.0
D001985,high,12972.9,2,0,,70.1,3,0,0.0
D001986,low,2459.76,4,0,,110.1,2,0,0.0
D001987,low,4919.54,15,0,,30.6,4,0,0.0
D001988,low,3725.14,18,0,,69.2,3,0,0.0
D001989,high,5432.85,3,0,,85.4,3,0,0.0
D001990,low,347.38,15,0,,49.4,1,0,0.0
D001991,low,2695.24,3,0,,37.8,5,0,0.0
D001992,high,25404.97,11,0,,34.0,5,0,0.0
D001993,low,4297.26,11,0,,86.3,2,1,0.0
D001994,high,10492.5,4,0,,40.8,5,0,0.0
D001995,high,15983.1,5,0,,14.9,4,0,0.0
D001996,low,4889.46,14,0,,132.4,1,0,0.0
D001997,low,530.26,1,0,,44.1,1,1,0.0
D001998,high,12302.12,20,1,8.0,39.1,3,0,-0.05624
D001999,high,7176.84,11,0,,31.5,3,0,0.0
D002000,high,28782.94,20,1,8.0,23.9,2,0,-0.091374
D002001,low,296.95,13,0,,74.2,1,0,0.0
D002002,high,13183.84,7,0,,29.1,1,0,0.0
D002003,low,4682.51,2,0,,61.8,3,1,0.0
D002004,low,3231.04,17,0,,49.9,3,0,0.0
D002005,high,7350.26,19,1,7.0,49.7,6,0,-0.029794
D002006,low,1891.31,9,0,,19.3,1,0,0.0
D002007,low,4828.85,10,0,,52.2,3,0,0.0
D002008,high,5177.53,2,0,,24.5,2,1,0.0
D002009,low,3019.49,2,0,,39.4,2,0,0.0
D002010,high,92833.64,23,1,11.0,96.5,1,0,-0.071475
D002011,high,9343.84,12,1,0.0,8.9,1,0,0.0
D002012,low,2253.98,13,0,,35.2,2,0,0.0
D002013,high,46185.32,8,0,,56.0,3,0,0.0
D002014,high,33881.93,21,1,9.0,33.1,2,0,-0.098137
D002015,high,21055.89,10,0,,49.5,1,0,0.0
D002016,high,6838.01,14,1,2.0,7.2,3,0,-0.064484
D002017,high,7803.84,16,1,4.0,114.5,3,0,-0.042088
D002018,low,2281.36,12,0,,49.8,1,0,0.0
D002019,low,1833.31,17,0,,50.9,4,0,0.0
D002020,low,3001.06,6,0,,55.4,4,0,0.0
D002021,low,587.2,5,0,,23.3,1,0,0.0
D002022,high,6240.23,17,1,5.0,49.0,3,0,-0.057719
D002023,low,1436.92,14,0,,54.3,6,0,0.0
D002024,high,17950.77,15,1,3.0,46.1,1,0,-0.054876
D002025,high,103776.56,20,1,8.0,116.1,4,0,-0.041337
D002026,low,3211.43,17,0,,37.6,2,0,0.0
D002027,high,26165.93,8,0,,13.0,2,0,0.0
D002028,high,22642.77,13,1,1.0,20.6,3,0,-0.030943
D002029,high,6877.28,17,1,5.0,15.0,1,0,-0.108025
D002030,low,3208.43,18,0,,15.4,5,1,0.0
D002031,high,15237.68,15,1,3.0,66.7,1,0,-0.074004
D002032,high,10959.08,23,1,11.0,117.1,4,0,-0.034504
D002033,low,2357.04,22,0,,69.5,1,0,0.0
D002034,low,4969.62,7,0,,15.9,2,0,0.0
D002035,high,12353.49,2,0,,45.3,1,0,0.0
D002036,high,6731.92,6,0,,37.7,2,0,0.0
D002037,high,18978.34,4,0,,25.2,6,0,0.0
D002038,low,2617.81,6,0,,16.6,2,0,0.0
D002039,low,2565.05,1,0,,35.8,4,0,0.0
D002040,high,6882.06,3,0,,31.3,2,0,0.0
D002041,low,1213.28,7,0,,12.3,3,0,0.0
D002042,low,1869.07,17,0,,130.5,5,0,0.0
D002043,low,1299.23,6,0,,98.9,3,0,0.0
D002044,low,2325.56,4,0,,20.2,4,1,0.0
D002045,low,802.91,4,0,,44.9,3,0,0.0
D002046,low,1155.99,9,0,,69.3,1,0,0.0
D002047,low,4454.53,7,0,,24.6,2,1,0.0
D002048,high,8120.06,22,1,10.0,14.2,2,1,-0.07118
D002049,high,12988.91,15,1,3.0,15.8,4,0,-0.08736
D002050,low,2759.71,3,0,,32.2,2,0,0.0
D002051,high,12019.81,22,1,10.0,109.7,3,0,-0.094
D002052,low,3172.31,23,0,,102.5,2,1,0.0
D002053,low,4266.48,21,0,,60.1,2,0,0.0
D002054,low,1557.11,18,0,,51.2,4,0,0.0
D002055,low,2805.35,10,0,,108.7,4,0,0.0
D002056,high,6093.85,13,1,1.0,46.1,1,1,-0.023749
D002057,high,63612.1,4,0,,185.0,2,0,0.0
D002058,high,20696.33,22,1,10.0,75.5,1,0,-0.054015
D002059,high,6094.26,15,1,3.0,23.3,3,0,-0.074075
D002060,high,5581.32,3,0,,133.7,2,0,0.0
D002061,low,1573.67,6,0,,174.1,4,0,0.0
D002062,high,5259.29,14,1,2.0,22.3,4,0,-0.071329
D002063,high,5993.67,13,1,1.0,270.0,1,0,-0.01905
D002064,low,4984.34,16,0,,55.9,1,0,0.0
D002065,low,1224.52,1,0,,30.7,2,0,0.0
D002066,low,2256.86,8,0,,39.4,4,1,0.0
D002067,low,1859.64,23,0,,121.2,3,1,0.0
D002068,low,3622.1,17,0,,71.8,5,0,0.0
D002069,high,6499.08,20,1,8.0,88.2,2,0,-0.066382
D002070,low,2093.5,8,0,,25.7,5,0,0.0
D002071,low,3558.11,2,0,,49.1,1,0,0.0
D002072,low,3008.26,5,0,,109.9,1,1,0.0
D002073,high,32836.75,2,0,,58.4,2,0,0.0
D002074,high,15460.62,16,1,4.0,20.8,4,0,-0.054663
D002075,high,25390.46,22,1,10.0,58.2,2,0,-0.05247
D002076,high,17754.38,9,0,,34.3,1,0,0.0
D002077,low,1175.74,22,0,,17.0,5,0,0.0
D002078,high,13759.69,12,1,0.0,39.4,3,0,0.0
D002079,low,1802.42,6,0,,17.6,1,0,0.0
D002080,low,987.65,14,0,,99.4,2,1,0.0
D002081,low,1605.84,18,0,,118.6,1,0,0.0
D002082,high,8395.35,18,1,6.0,27.3,2,0,-0.09569
D002083,high,15818.25,6,0,,157.3,2,0,0.0
D002084,high,6005.37,11,0,,49.3,1,0,0.0
D002085,low,4718.03,17,0,,84.3,3,0,0.0
D002086,high,5863.73,5,0,,28.3,2,0,0.0
D002087,high,18384.22,2,0,,63.0,2,0,0.0
D002088,high,21034.89,12,1,0.0,38.9,2,0,0.0
D002089,high,5597.05,15,1,3.0,76.7,3,0,-0.068728
D002090,high,24169.87,1,0,,147.2,5,0,0.0
D002091,high,10937.5,5,0,,125.6,1,0,0.0
D002092,low,952.85,19,0,,22.2,1,0,0.0
D002093,low,2828.09,0,0,,10.5,1,1,0.0
D002094,low,2638.78,22,0,,134.1,1,0,0.0
D002095,high,18547.64,2,0,,14.6,5,0,0.0
D002096,low,3451.95,19,0,,61.6,2,0,0.0
D002097,low,4759.84,23,0,,123.0,1,0,0.0
D002098,low,1484.19,13,0,,37.9,1,0,0.0
D002099,high,5915.34,20,1,8.0,129.3,6,0,-0.042936
D002100,high,24248.33,12,1,0.0,34.8,1,0,0.0
D002101,low,90.24,16,0,,93.3,3,0,0.0
D002102,high,7694.99,23,1,11.0,69.2,1,0,-0.071941
D002103,low,1121.51,1,0,,66.9,5,0,0.0
D002104,low,693.37,0,0,,77.5,1,0,0.0
D002105,low,1761.74,20,0,,57.7,1,0,0.0
D002106,low,4916.43,0,0,,37.6,1,0,0.0
D002107,low,2917.41,0,0,,75.2,1,0,0.0
D002108,high,5221.68,16,1,4.0,28.8,3,0,-0.055922
D002109,high,12147.83,19,1,7.0,20.2,4,0,-0.081841
D002110,low,2445.07,18,0,,28.5,2,1,0.0
D002111,high,23938.71,20,1,8.0,51.4,2,0,-0.051824
D002112,high,8099.63,0,0,,43.8,4,0,0.0
D002113,high,7784.48,17,1,5.0,40.1,1,0,-0.056704
D002114,high,41252.81,15,1,3.0,42.0,3,0,-0.080247
D002115,high,31476.76,23,1,11.0,124.0,4,0,-0.033268
D002116,high,6922.85,4,0,,131.4,2,0,0.0
D002117,high,9182.15,20,1,8.0,36.6,3,0,-0.05444
D002118,high,12664.18,15,1,3.0,79.1,1,0,-0.094713
D002119,low,431.02,7,0,,20.1,1,0,0.0
D002120,low,2101.57,14,0,,64.2,2,0,0.0
D002121,high,5726.1,21,1,9.0,37.7,2,1,-0.060583
D002122,high,17901.31,15,1,3.0,121.0,3,0,-0.055535
D002123,low,4054.79,10,0,,14.6,1,0,0.0
D002124,high,10239.47,7,0,,161.0,4,0,0.0
D002125,high,7527.64,16,1,4.0,39.7,2,1,-0.085396
D002126,high,22681.31,7,0,,135.4,4,0,0.0
D002127,low,2378.8,9,0,,28.3,1,0,0.0
D002128,low,1188.96,14,0,,90.2,2,1,0.0
D002129,low,1283.17,6,0,,61.6,3,0,0.0
D002130,high,13265.42,14,1,2.0,23.8,4,0,-0.051133
D002131,high,7157.72,12,1,0.0,42.0,2,0,0.0
D002132,high,8934.61,21,1,9.0,96.3,3,0,-0.060287
D002133,low,2157.72,14,0,,25.0,4,0,0.0
D002134,high,9683.65,8,0,,192.5,1,0,0.0
D002135,low,1898.67,6,0,,12.3,1,0,0.0
D002136,low,4123.43,6,0,,75.1,4,0,0.0
D002137,low,2860.98,22,0,,37.3,2,0,0.0
D002138,high,20363.63,5,0,,49.5,2,0,0.0
D002139,high,10710.39,9,0,,116.4,1,0,0.0
D002140,high,19221.64,15,1,3.0,34.2,2,1,-0.042677
D002141,high,10654.38,6,0,,23.9,1,1,0.0
D002142,high,9121.64,20,1,8.0,34.2,4,0,-0.064165
D002143,low,2333.72,4,0,,41.0,3,1,0.0
D002144,low,1372.73,15,0,,97.2,1,1,0.0
D002145,high,9529.89,9,0,,136.0,6,1,0.0
D002146,low,2275.84,4,0,,104.1,5,0,0.0
D002147,high,15384.19,4,0,,105.2,4,1,0.0
D002148,high,8624.02,21,1,9.0,58.0,4,0,-0.073194
D002149,low,3667.87,20,0,,109.7,3,0,0.0
D002150,high,18026.21,1,0,,43.6,5,0,0.0
D002151,high,8950.86,5,0,,23.4,3,0,0.0
D002152,high,20799.53,21,1,9.0,33.9,2,0,-0.063677
D002153,high,5103.78,5,0,,44.6,3,0,0.0
D002154,low,499.72,15,0,,25.9,3,0,0.0
D002155,low,3880.51,11,0,,14.8,2,0,0.0
D002156,high,18765.09,22,1,10.0,32.9,4,0,-0.071356
D002157,low,2545.9,3,0,,73.5,2,0,0.0
D002158,low,1595.85,20,0,,22.9,5,0,0.0
D002159,high,15610.8,11,0,,177.7,1,1,0.0
D002160,high,14262.99,21,1,9.0,86.0,4,0,-0.059349
D002161,low,4387.29,3,0,,86.0,4,0,0.0
D002162,low,3539.45,20,0,,56.0,3,0,0.0
D002163,low,4957.57,5,0,,67.4,1,0,0.0
D002164,high,5571.02,21,1,9.0,44.7,2,0,-0.081554
D002165,low,4645.42,21,0,,96.6,1,0,0.0
D002166,high,7240.4,21,1,9.0,3.4,2,0,-0.046398
D002167,high,17248.36,14,1,2.0,14.8,2,0,-0.040637
D002168,high,26812.42,12,1,0.0,114.9,6,0,0.0
D002169,low,1942.1,16,0,,79.2,2,0,0.0
D002170,low,3049.47,0,0,,122.4,2,0,0.0
D002171,low,3746.27,17,0,,13.1,1,0,0.0
D002172,high,5508.87,16,1,4.0,76.0,4,0,-0.055545
D002173,low,2203.92,18,0,,64.5,4,0,0.0
D002174,high,38186.66,19,1,7.0,81.6,1,0,-0.082409
D002175,high,10361.76,19,1,7.0,77.4,2,0,-0.042604
D002176,low,1117.14,13,0,,84.5,2,0,0.0
D002177,low,757.72,8,0,,67.0,2,0,0.0
D002178,low,1471.7,18,0,,92.6,3,0,0.0
D002179,high,8765.57,15,1,3.0,197.4,6,0,-0.021424
D002180,low,1886.32,2,0,,10.8,4,0,0.0
D002181,high,5165.22,1,0,,90.6,4,0,0.0
D002182,high,13781.19,6,0,,10.4,3,0,0.0
D002183,low,4258.5,16,0,,15.2,5,0,0.0
D002184,low,2999.86,20,0,,51.4,1,0,0.0
D002185,high,21827.22,14,1,2.0,20.4,1,0,-0.050293
D002186,high,6435.34,2,0,,84.6,3,0,0.0
D002187,low,2311.1,13,0,,17.5,1,0,0.0
D002188,low,539.04,14,0,,24.3,1,0,0.0
D002189,high,57836.13,19,1,7.0,21.5,2,0,-0.062419
D002190,high,50963.82,22,1,10.0,15.1,3,0,-0.105282
D002191,high,44328.15,9,0,,10.7,1,0,0.0
D002192,high,10157.84,3,0,,66.6,4,0,0.0
D002193,low,128.55,4,0,,20.5,1,0,0.0
D002194,high,5164.32,20,1,8.0,38.6,3,0,-0.057026
D002195,low,2992.52,21,0,,29.9,4,0,0.0
D002196,low,1016.42,10,0,,98.5,4,0,0.0
D002197,low,2406.29,23,0,,124.2,4,0,0.0
D002198,high,5162.7,4,0,,25.6,2,0,0.0
D002199,high,9105.18,2,0,,62.9,2,0,0.0
D002200,high,16577.94,4,0,,33.1,1,0,0.0
D002201,high,11996.72,2,0,,60.5,3,0,0.0
D002202,low,3145.06,10,0,,31.2,2,1,0.0
D002203,high,9103.51,17,1,5.0,44.3,2,0,-0.065268
D002204,low,1048.66,22,0,,39.9,2,0,0.0
D002205,high,7988.94,1,0,,32.8,1,0,0.0
D002206,low,3745.4,18,0,,37.5,2,0,0.0
D002207,low,3722.65,13,0,,200.7,5,0,0.0
D002208,high,107864.24,21,1,9.0,37.0,5,0,-0.05655
D002209,low,3675.81,22,0,,82.0,1,0,0.0
D002210,low,2442.26,19,0,,13.6,3,0,0.0
D002211,high,6862.44,22,1,10.0,21.4,1,0,-0.086576
D002212,low,2119.35,5,0,,69.1,4,0,0.0
D002213,low,1001.65,13,0,,50.2,1,0,0.0
D002214,high,28818.15,13,1,1.0,26.9,1,0,-0.026596
D002215,high,5946.25,1,0,,38.5,2,0,0.0
D002216,low,1807.46,4,0,,12.8,1,0,0.0
D002217,low,4224.95,1,0,,64.7,3,0,0.0
D002218,low,3148.6,10,0,,46.8,3,1,0.0
D002219,high,12062.78,19,1,7.0,25.6,2,0,-0.108203
D002220,low,1953.9,6,0,,141.1,1,0,0.0
D002221,high,8711.2,4,0,,15.5,4,0,0.0
D002222,low,2051.31,10,0,,46.9,2,1,0.0
D002223,high,5525.59,3,0,,12.8,1,1,0.0
D002224,low,4899.77,13,0,,26.0,3,0,0.0
D002225,low,264.46,18,0,,69.5,1,1,0.0
D002226,high,11623.5,0,0,,7.7,1,0,0.0
D002227,high,53273.57,3,0,,75.5,2,0,0.0
D002228,low,4996.94,16,0,,25.9,1,0,0.0
D002229,high,11442.92,2,0,,54.0,4,0,0.0
D002230,low,2982.97,14,0,,126.1,5,1,0.0
D002231,low,1724.12,11,0,,99.9,6,0,0.0
D002232,low,979.6,7,0,,73.2,3,0,0.0
D002233,high,7955.53,1,0,,55.9,1,0,0.0
D002234,low,4769.88,12,0,,39.5,2,0,0.0
D002235,low,1586.05,15,0,,33.8,1,0,0.0
D002236,low,671.18,10,0,,9.9,3,1,0.0
D002237,low,4764.4,22,0,,7.5,3,0,0.0
D002238,high,12016.39,0,0,,17.5,1,0,0.0
D002239,high,31934.19,14,1,2.0,59.1,1,0,-0.059228
D002240,low,1782.24,15,0,,68.7,1,0,0.0
D002241,low,4638.79,22,0,,66.3,3,0,0.0
D002242,low,1607.18,1,0,,140.5,1,0,0.0
D002243,low,4412.07,12,0,,83.0,5,0,0.0
D002244,high,5457.56,23,1,11.0,128.0,1,0,-0.041123
D002245,high,7272.18,0,0,,81.6,3,0,0.0
D002246,high,5180.16,0,0,,128.4,4,0,0.0
D002247,high,61736.44,8,0,,101.7,3,0,0.0
D002248,high,5437.93,20,1,8.0,77.7,1,0,-0.055996
D002249,low,2250.64,2,0,,54.6,2,0,0.0
D002250,low,4187.41,1,0,,46.9,3,0,0.0
D002251,high,6896.27,23,1,11.0,83.6,1,0,-0.06229
D002252,low,1032.52,21,0,,77.1,3,0,0.0
D002253,low,1328.21,12,0,,11.1,4,0,0.0
D002254,low,1921.97,9,0,,79.0,2,0,0.0
D002255,low,2700.3,6,0,,115.9,3,0,0.0
D002256,high,8938.38,19,1,7.0,40.6,4,0,-0.070098
D002257,low,125.65,11,0,,52.3,2,0,0.0
D002258,high,13520.05,14,1,2.0,23.4,1,0,-0.052671
D002259,low,2543.76,14,0,,33.7,2,0,0.0
D002260,low,2935.46,9,0,,100.8,3,0,0.0
D002261,high,14219.12,19,1,7.0,42.4,4,0,-0.107646
D002262,low,1054.59,0,0,,110.1,2,0,0.0
D002263,low,4106.06,15,0,,65.3,1,0,0.0
D002264,low,1234.52,20,0,,42.5,2,0,0.0
D002265,high,5223.54,19,1,7.0,46.1,5,0,-0.082654
D002266,high,11523.19,13,1,1.0,104.3,3,0,-0.016953
D002267,high,9615.06,2,0,,147.9,4,0,0.0
D002268,high,44932.2,21,1,9.0,105.3,4,0,-0.034702
D002269,high,8567.73,19,1,7.0,29.7,4,0,-0.068645
D002270,high,7599.59,11,0,,26.6,1,0,0.0
D002271,low,2166.26,14,0,,147.0,3,1,0.0
D002272,low,4623.24,7,0,,40.6,1,1,0.0
D002273,high,5919.11,0,0,,26.5,3,0,0.0
D002274,high,5491.02,0,0,,19.6,4,0,0.0
D002275,low,2869.51,23,0,,19.5,3,0,0.0
D002276,high,6115.56,7,0,,60.0,3,0,0.0
D002277,low,2613.56,5,0,,91.1,2,0,0.0
D002278,low,2015.79,12,0,,84.2,3,0,0.0
D002279,low,4335.24,19,0,,35.6,4,1,0.0
D002280,low,3232.46,6,0,,40.0,5,1,0.0
D002281,low,3642.03,14,0,,110.5,3,0,0.0
D002282,high,6722.0,7,0,,100.8,4,0,0.0
D002283,high,7721.31,7,0,,31.8,6,0,0.0
D002284,high,16400.19,7,0,,58.9,3,0,0.0
D002285,high,10118.25,3,0,,86.4,3,0,0.0
D002286,low,2744.83,10,0,,66.7,5,0,0.0
D002287,low,2236.71,22,0,,39.4,1,1,0.0
D002288,high,11869.61,22,1,10.0,8.4,2,0,-0.06943
D002289,low,4742.18,11,0,,82.9,3,0,0.0
D002290,low,2038.94,1,0,,77.8,3,0,0.0
D002291,high,13552.64,19,1,7.0,92.0,1,0,-0.057544
D002292,high,5941.31,19,1,7.0,14.8,3,0,-0.130839
D002293,low,1140.05,19,0,,141.1,1,0,0.0
D002294,low,1217.74,7,0,,53.5,3,0,0.0
D002295,high,21417.44,11,0,,60.2,6,0,0.0
D002296,low,3886.54,6,0,,20.9,3,0,0.0
D002297,low,3060.12,7,0,,86.8,2,0,0.0
D002298,high,34895.81,22,1,10.0,77.5,3,0,-0.095256
D002299,high,5122.88,11,0,,12.8,5,0,0.0
D002300,high,19640.34,4,0,,47.6,4,0,0.0
D002301,high,5289.62,5,0,,43.2,3,0,0.0
D002302,low,1509.03,17,0,,73.1,1,0,0.0
D002303,high,38920.22,5,0,,36.3,6,1,0.0
D002304,high,12418.03,10,0,,18.9,2,0,0.0
D002305,high,14950.19,2,0,,17.2,4,0,0.0
D002306,low,579.67,21,0,,94.8,3,0,0.0
D002307,high,18114.03,14,1,2.0,29.2,1,0,-0.059451
D002308,low,1188.68,23,0,,81.7,4,1,0.0
D002309,high,6257.1,10,0,,102.7,1,0,0.0
D002310,low,846.19,16,0,,61.9,3,0,0.0
D002311,high,9219.56,6,0,,14.9,1,0,0.0
D002312,low,806.56,8,0,,55.7,1,0,0.0
D002313,high,5876.31,23,1,11.0,47.0,6,0,-0.048376
D002314,high,6206.21,1,0,,67.9,1,0,0.0
D002315,low,1271.4,12,0,,20.7,1,0,0.0
D002316,high,20423.68,10,0,,43.3,5,0,0.0
D002317,low,1526.08,9,0,,31.8,4,0,0.0
D002318,low,3259.89,0,0,,147.5,3,0,0.0
D002319,high,8303.34,19,1,7.0,82.0,3,0,-0.042495
D002320,low,2966.75,0,0,,145.9,2,0,0.0
D002321,low,4543.94,19,0,,36.2,5,0,0.0
D002322,low,4918.06,20,0,,52.4,2,0,0.0
D002323,high,5475.28,6,0,,74.9,2,0,0.0
D002324,low,2499.29,21,0,,68.6,5,0,0.0
D002325,low,829.06,0,0,,43.3,1,0,0.0
D002326,high,5524.88,22,1,10.0,52.4,2,0,-0.072899
D002327,low,1991.52,19,0,,12.6,5,0,0.0
D002328,low,2982.17,11,0,,20.2,1,1,0.0
D002329,low,4263.04,23,0,,80.5,4,0,0.0
D002330,low,1602.98,1,0,,9.0,2,0,0.0
D002331,low,1093.74,11,0,,100.5,3,0,0.0
D002332,high,7694.77,14,1,2.0,39.6,1,0,-0.061789
D002333,high,7198.49,7,0,,61.7,2,0,0.0
D002334,high,60679.9,11,0,,139.0,3,0,0.0
D002335,low,3246.03,9,0,,85.3,1,1,0.0
D002336,low,3829.1,22,0,,13.8,1,0,0.0
D002337,low,1716.39,23,0,,19.6,1,0,0.0
D002338,low,2205.52,17,0,,96.1,1,0,0.0
D002339,high,6029.48,20,1,8.0,114.5,1,0,-0.048269
D002340,low,4468.44,17,0,,15.4,1,0,0.0
D002341,low,2420.3,11,0,,44.5,2,0,0.0
D002342,low,4926.46,3,0,,65.5,6,0,0.0
D002343,high,121986.36,11,0,,96.9,1,0,0.0
D002344,low,3459.05,5,0,,53.0,3,0,0.0
D002345,high,15704.23,15,1,3.0,50.6,1,0,-0.040664
D002346,high,16046.89,22,1,10.0,43.8,4,0,-0.058046
D002347,low,1793.0,8,0,,55.6,3,0,0.0
D002348,low,2938.45,19,0,,106.5,1,0,0.0
D002349,high,11060.31,12,1,0.0,71.1,2,0,0.0
D002350,low,1852.32,9,0,,31.8,2,0,0.0
D002351,low,1894.28,19,0,,93.9,1,1,0.0
D002352,low,4983.88,3,0,,123.9,3,0,0.0
D002353,low,2282.54,19,0,,226.6,2,0,0.0
D002354,high,7712.99,2,0,,54.1,3,0,0.0
D002355,low,2070.47,2,0,,55.6,1,0,0.0
D002356,low,1980.77,17,0,,56.0,1,1,0.0
D002357,low,1393.37,0,0,,46.0,1,0,0.0
D002358,high,18163.94,13,1,1.0,36.3,4,0,-0.035814
D002359,low,2578.02,18,0,,89.7,1,0,0.0
D002360,high,8492.77,23,1,11.0,36.7,3,0,-0.06846
D002361,high,5157.76,17,1,5.0,84.2,4,0,-0.045008
D002362,high,14046.07,9,0,,66.1,2,0,0.0
D002363,high,6045.61,11,0,,204.3,1,0,0.0
D002364,high,21352.36,12,1,0.0,22.8,4,0,0.0
D002365,high,12776.36,0,0,,110.1,3,0,0.0
D002366,low,4508.78,21,0,,39.0,4,0,0.0
D002367,high,5181.25,21,1,9.0,39.2,2,0,-0.04945
D002368,low,3069.05,8,0,,122.3,1,0,0.0
D002369,high,5741.26,12,1,0.0,75.6,1,0,0.0
D002370,low,2562.0,0,0,,31.1,3,0,0.0
D002371,low,2161.26,11,0,,36.1,1,0,0.0
D002372,high,13233.51,12,1,0.0,55.0,1,0,0.0
D002373,low,3331.74,11,0,,26.3,1,0,0.0
D002374,high,11193.0,13,1,1.0,73.0,2,0,-0.029932
D002375,low,1753.93,8,0,,218.1,1,0,0.0
D002376,high,11327.18,3,0,,40.2,4,0,0.0
D002377,low,2640.56,0,0,,20.6,2,0,0.0
D002378,low,1326.89,20,0,,82.9,1,0,0.0
D002379,high,12142.24,19,1,7.0,36.1,5,0,-0.080601
D002380,high,36961.72,4,0,,44.8,4,0,0.0
D002381,high,17666.53,13,1,1.0,13.9,6,0,-0.031269
D002382,high,39754.39,6,0,,11.2,2,1,0.0
D002383,high,19772.84,6,0,,20.5,1,0,0.0
D002384,low,1119.93,14,0,,98.8,1,0,0.0
D002385,low,2546.41,4,0,,50.9,2,0,0.0
D002386,high,6572.14,17,1,5.0,48.7,1,0,-0.073409
D002387,low,3476.38,14,0,,108.6,3,0,0.0
D002388,high,7257.52,15,1,3.0,81.9,2,0,-0.050818
D002389,low,1293.35,6,0,,35.6,3,1,0.0
D002390,low,4534.26,21,0,,68.9,1,0,0.0
D002391,low,987.72,2,0,,12.6,1,0,0.0
D002392,low,3866.03,13,0,,96.7,2,0,0.0
D002393,low,4841.4,14,0,,37.7,4,0,0.0
D002394,low,599.94,10,0,,72.2,1,0,0.0
D002395,high,24750.87,23,1,11.0,18.1,1,0,-0.053345
D002396,high,9120.41,16,1,4.0,53.3,1,0,-0.055981
D002397,high,5833.67,9,0,,31.8,1,0,0.0
D002398,low,3100.82,0,0,,80.7,3,0,0.0
D002399,high,12525.2,14,1,2.0,29.5,3,0,-0.0369
D002400,high,23779.03,12,1,0.0,53.4,1,0,0.0
D002401,high,15560.37,13,1,1.0,45.7,3,0,-0.027187
D002402,low,3955.45,2,0,,50.8,2,1,0.0
D002403,high,16719.92,17,1,5.0,33.0,1,1,-0.043818
D002404,high,12340.33,5,0,,115.5,1,0,0.0
D002405,low,4373.36,4,0,,48.4,2,0,0.0
D002406,low,1664.13,2,0,,69.9,1,0,0.0
D002407,low,3758.02,7,0,,36.2,1,0,0.0
D002408,low,887.92,18,0,,90.5,1,0,0.0
D002409,low,2945.33,3,0,,48.4,3,0,0.0
D002410,low,1566.05,5,0,,24.8,5,0,0.0
D002411,high,16196.28,22,1,10.0,86.9,2,0,-0.033371
D002412,high,11881.32,12,1,0.0,82.3,3,0,0.0
D002413,low,618.88,11,0,,33.2,1,0,0.0
D002414,high,9571.31,21,1,9.0,76.8,1,0,-0.040466
D002415,low,1681.38,9,0,,44.9,6,0,0.0
D002416,low,2852.39,13,0,,20.8,1,0,0.0
D002417,high,6026.59,17,1,5.0,24.1,1,0,-0.073408
D002418,high,8161.08,3,0,,62.0,1,1,0.0
D002419,low,480.74,14,0,,142.0,2,0,0.0
D002420,low,2680.77,15,0,,76.2,2,0,0.0
D002421,low,1746.52,10,0,,26.4,4,1,0.0
D002422,high,18926.56,12,1,0.0,37.8,2,0,0.0
D002423,low,2850.13,17,0,,42.1,2,0,0.0
D002424,high,7908.13,13,1,1.0,149.2,3,0,-0.016466
D002425,low,2790.7,15,0,,89.1,4,0,0.0
D002426,high,36132.95,8,0,,90.0,4,0,0.0
D002427,low,1825.95,23,0,,130.0,1,0,0.0
D002428,low,1507.83,1,0,,101.4,1,0,0.0
D002429,high,6422.97,3,0,,161.9,2,0,0.0
D002430,high,21099.84,8,0,,127.6,3,0,0.0
D002431,low,1408.02,16,0,,51.4,6,1,0.0
D002432,high,11691.99,10,0,,172.8,2,0,0.0
D002433,high,6289.36,22,1,10.0,93.4,2,0,-0.040622
D002434,high,10999.47,11,0,,90.6,4,0,0.0
D002435,low,3776.65,11,0,,53.7,3,1,0.0
D002436,low,4682.68,15,0,,227.6,2,0,0.0
D002437,low,3023.1,3,0,,36.1,1,0,0.0
D002438,high,7605.17,3,0,,17.0,2,0,0.0
D002439,low,2280.81,21,0,,11.9,3,0,0.0
D002440,low,916.35,16,0,,59.2,2,0,0.0
D002441,high,10097.25,0,0,,49.5,5,0,0.0
D002442,high,7365.28,6,0,,19.8,2,1,0.0
D002443,low,2059.39,1,0,,52.2,6,0,0.0
D002444,high,22850.34,3,0,,29.6,5,1,0.0
D002445,low,1851.79,23,0,,66.6,2,1,0.0
D002446,high,5990.62,3,0,,77.8,2,0,0.0
D002447,low,4993.31,17,0,,67.2,1,0,0.0
D002448,high,18063.79,4,0,,9.0,3,0,0.0
D002449,low,4310.45,13,0,,57.8,2,0,0.0
D002450,high,11863.0,12,1,0.0,38.2,6,0,0.0
D002451,high,5383.84,3,0,,52.0,4,0,0.0
D002452,low,5019.97,13,0,,97.2,3,1,0.0
D002453,high,16665.94,5,0,,52.8,6,0,0.0
D002454,high,7172.43,22,1,10.0,67.0,2,0,-0.050129
D002455,low,4690.72,2,0,,53.7,5,0,0.0
D002456,low,1774.65,11,0,,196.6,3,0,0.0
D002457,high,7732.3,4,0,,60.5,1,0,0.0
D002458,high,12319.87,5,0,,40.4,1,0,0.0
D002459,low,2871.78,21,0,,138.5,3,0,0.0
D002460,low,1938.45,21,0,,124.7,2,1,0.0
D002461,low,4603.94,17,0,,61.2,3,0,0.0
D002462,high,36756.05,4,0,,66.7,4,0,0.0
D002463,high,7608.15,10,0,,64.8,5,0,0.0
D002464,low,440.99,8,0,,49.2,1,0,0.0
D002465,high,21019.45,22,1,10.0,41.5,4,0,-0.053927
D002466,high,5626.83,14,1,2.0,42.0,4,0,-0.042827
D002467,high,7143.12,1,0,,62.5,1,0,0.0
D002468,low,1735.51,12,0,,29.5,1,0,0.0
D002469,high,16501.95,11,0,,15.1,6,0,0.0
D002470,low,2362.9,7,0,,83.2,4,0,0.0
D002471,low,1452.92,19,0,,47.0,2,1,0.0
D002472,high,17242.3,4,0,,63.5,4,0,0.0
D002473,low,693.85,21,0,,56.6,1,0,0.0
D002474,high,7830.48,18,1,6.0,139.7,1,0,-0.051014
D002475,low,4134.35,5,0,,171.3,4,0,0.0
D002476,low,848.53,3,0,,134.5,5,1,0.0
D002477,low,1987.95,22,0,,32.4,2,0,0.0
D002478,low,1230.23,8,0,,63.4,2,0,0.0
D002479,low,707.23,12,0,,68.5,4,0,0.0
D002480,high,6308.07,0,0,,63.7,1,0,0.0
D002481,high,10416.11,16,1,4.0,56.4,1,0,-0.042347
D002482,low,2938.77,0,0,,56.2,4,0,0.0
D002483,high,7824.01,1,0,,21.9,5,0,0.0
D002484,low,2058.42,0,0,,19.3,1,0,0.0
D002485,high,27358.96,20,1,8.0,37.4,4,0,-0.05705
D002486,high,9122.41,12,1,0.0,40.8,2,0,0.0
D002487,high,9283.49,18,1,6.0,162.0,1,0,-0.021681
D002488,low,3254.32,14,0,,41.6,1,0,0.0
D002489,low,1525.31,16,0,,39.0,3,1,0.0
D002490,high,5166.99,22,1,10.0,88.9,1,0,-0.046273
D002491,low,4920.96,19,0,,36.1,4,0,0.0
D002492,high,5114.96,7,0,,24.9,1,0,0.0
D002493,low,1376.27,6,0,,49.3,1,1,0.0
D002494,low,2520.29,1,0,,31.0,1,0,0.0
D002495,low,1733.96,20,0,,72.8,1,0,0.0
D002496,high,9107.41,20,1,8.0,79.6,3,0,-0.019024
D002497,high,10432.34,21,1,9.0,8.8,5,0,-0.087985
D002498,low,2353.81,12,0,,23.7,1,0,0.0
D002499,high,16727.71,1,0,,101.9,1,0,0.0
D002500,low,3826.56,16,0,,85.0,1,1,0.0
D002501,high,5485.05,11,0,,66.5,2,0,0.0
D002502,high,20466.33,12,1,0.0,119.5,4,1,0.0
D002503,low,2268.1,22,0,,81.5,3,0,0.0
D002504,low,3970.18,23,0,,32.1,4,0,0.0
D002505,low,4317.76,22,0,,16.8,3,0,0.0
D002506,high,11532.27,7,0,,34.0,4,0,0.0
D002507,high,10319.87,23,1,11.0,130.2,5,0,-0.049595
D002508,low,1604.62,12,0,,47.4,2,0,0.0
D002509,high,6983.02,5,0,,57.5,1,0,0.0
D002510,low,2709.36,16,0,,28.8,2,0,0.0
D002511,low,2748.27,3,0,,55.5,1,0,0.0
D002512,high,5582.63,18,1,6.0,69.0,1,0,-0.056574
D002513,high,5857.32,2,0,,93.9,5,0,0.0
D002514,low,3966.38,21,0,,51.9,2,0,0.0
D002515,high,8515.39,22,1,10.0,49.1,4,0,-0.040124
D002516,high,7324.61,12,1,0.0,23.7,2,1,0.0
D002517,low,3617.84,19,0,,60.0,4,0,0.0
D002518,high,10256.12,19,1,7.0,33.1,5,0,-0.055464
D002519,high,12503.24,15,1,3.0,91.7,3,0,-0.048336
D002520,high,11300.42,21,1,9.0,38.9,3,0,-0.091259
D002521,high,7377.76,19,1,7.0,74.7,2,0,-0.056073
D002522,low,1696.22,12,0,,28.2,1,0,0.0
D002523,low,3899.07,21,0,,77.5,1,0,0.0
D002524,low,3160.75,9,0,,84.2,1,1,0.0
D002525,high,8302.68,21,1,9.0,36.1,3,0,-0.069099
D002526,high,14348.21,17,1,5.0,79.7,4,0,-0.021677
D002527,low,1218.79,11,0,,34.4,1,0,0.0
D002528,high,8626.87,17,1,5.0,35.6,2,0,-0.104911
D002529,high,6936.09,6,0,,74.9,3,0,0.0
D002530,low,3033.31,11,0,,24.6,3,0,0.0
D002531,low,3877.53,19,0,,69.9,2,0,0.0
D002532,low,2609.18,4,0,,14.6,2,0,0.0
D002533,high,10621.85,10,0,,81.6,1,0,0.0
D002534,high,25645.4,8,0,,41.1,1,0,0.0
D002535,high,22426.33,16,1,4.0,120.0,5,0,-0.036058
D002536,high,9421.16,11,0,,59.1,4,0,0.0
D002537,low,1552.41,20,0,,24.8,5,0,0.0
D002538,high,31129.62,8,0,,18.1,4,0,0.0
D002539,high,22683.45,10,0,,130.0,3,1,0.0
D002540,low,2539.1,9,0,,43.0,4,0,0.0
D002541,high,8738.84,19,1,7.0,11.3,4,0,-0.07818
D002542,low,753.22,6,0,,138.8,3,0,0.0
D002543,high,6039.9,20,1,8.0,39.5,1,0,-0.064129
D002544,low,3095.4,10,0,,33.8,1,0,0.0
D002545,high,41720.75,8,0,,79.8,2,0,0.0
D002546,high,9702.27,17,1,5.0,58.3,1,0,-0.123297
D002547,high,8847.77,14,1,2.0,55.2,1,0,-0.036982
D002548,low,2701.49,13,0,,12.9,4,0,0.0
D002549,high,7401.02,16,1,4.0,40.0,1,0,-0.064091
D002550,high,25837.97,13,1,1.0,35.3,6,1,-0.042318
D002551,low,3437.4,3,0,,40.9,2,0,0.0
D002552,high,19359.02,12,1,0.0,169.2,2,0,0.0
D002553,high,11072.17,9,0,,24.1,5,0,0.0
D002554,high,13188.46,6,0,,34.2,3,0,0.0
D002555,high,16220.93,12,1,0.0,121.9,1,0,0.0
D002556,high,6213.94,4,0,,100.2,1,1,0.0
D002557,high,11087.55,9,0,,51.8,3,0,0.0
D002558,high,8987.52,11,0,,79.0,6,0,0.0
D002559,low,3269.91,3,0,,52.2,5,0,0.0
D002560,high,6268.19,4,0,,34.9,3,0,0.0
D002561,high,17190.5,11,0,,13.5,1,0,0.0
D002562,high,10947.55,20,1,8.0,115.3,5,0,-0.039857
D002563,high,9343.04,10,0,,28.8,6,0,0.0
D002564,high,6607.58,20,1,8.0,102.3,1,0,-0.052429
D002565,high,8952.14,21,1,9.0,15.1,2,0,-0.05228
D002566,low,4115.16,7,0,,19.0,1,0,0.0
D002567,low,3486.67,5,0,,117.7,4,1,0.0
D002568,high,21739.5,17,1,5.0,137.5,2,0,-0.058206
D002569,high,9928.34,15,1,3.0,40.3,3,0,-0.064729
D002570,low,609.01,15,0,,31.2,2,0,0.0
D002571,high,11437.07,7,0,,120.9,1,0,0.0
D002572,high,6701.22,4,0,,46.6,4,0,0.0
D002573,low,1803.37,4,0,,33.9,1,0,0.0
D002574,low,672.95,23,0,,39.8,2,0,0.0
D002575,low,1276.56,0,0,,14.5,1,1,0.0
D002576,high,5242.82,5,0,,144.9,1,0,0.0
D002577,high,35830.55,3,0,,46.6,1,0,0.0
D002578,low,3130.84,7,0,,31.5,5,0,0.0
D002579,low,943.21,9,0,,37.0,2,0,0.0
D002580,high,24098.39,12,1,0.0,127.2,2,1,0.0
D002581,low,1917.74,22,0,,22.7,2,0,0.0
D002582,low,4750.3,22,0,,15.2,1,0,0.0
D002583,low,4493.83,0,0,,15.6,1,0,0.0
D002584,low,1769.32,22,0,,26.4,2,0,0.0
D002585,high,61097.43,12,1,0.0,52.7,3,0,0.0
D002586,high,5645.62,9,0,,61.8,2,0,0.0
D002587,high,9541.85,9,0,,59.0,4,0,0.0
D002588,high,5490.81,1,0,,106.6,5,0,0.0
D002589,high,11630.5,7,0,,92.1,1,1,0.0
D002590,low,3871.31,18,0,,51.3,1,0,0.0
D002591,low,2025.1,20,0,,28.4,4,0,0.0
D002592,high,12021.7,14,1,2.0,23.7,3,0,-0.047743
D002593,low,2434.45,14,0,,28.7,1,0,0.0
D002594,high,23051.81,20,1,8.0,101.9,2,0,-0.029327
D002595,low,626.37,5,0,,53.6,2,1,0.0
D002596,low,466.58,23,0,,8.2,4,0,0.0
D002597,high,8367.91,0,0,,62.3,3,0,0.0
D002598,high,25858.86,13,1,1.0,14.2,5,0,-0.037879
D002599,low,3260.97,23,0,,39.7,3,0,0.0
D002600,high,15864.03,0,0,,143.3,1,0,0.0
D002601,high,5117.39,5,0,,43.8,2,0,0.0
D002602,high,10011.74,22,1,10.0,7.2,4,1,-0.080105
D002603,high,6631.65,23,1,11.0,109.7,2,0,-0.046126
D002604,high,28984.27,23,1,11.0,53.0,3,0,-0.06436
D002605,low,3352.57,1,0,,38.4,4,0,0.0
D002606,high,16646.59,15,1,3.0,16.3,1,0,-0.086906
D002607,low,4151.54,20,0,,84.6,1,0,0.0
D002608,high,7701.24,17,1,5.0,226.6,1,0,-0.015387
D002609,high,55719.52,13,1,1.0,89.9,2,1,-0.023515
D002610,low,2289.46,11,0,,58.1,1,1,0.0
D002611,low,1727.8,14,0,,32.7,1,0,0.0
D002612,low,2577.93,19,0,,21.0,3,0,0.0
D002613,high,45150.8,11,0,,67.1,3,0,0.0
D002614,high,10968.97,21,1,9.0,92.1,5,0,-0.025764
D002615,low,780.95,9,0,,53.8,1,1,0.0
D002616,low,4157.35,17,0,,76.9,1,0,0.0
D002617,high,5594.29,3,0,,67.2,1,0,0.0
D002618,high,13370.27,1,0,,134.4,2,0,0.0
D002619,low,1030.73,1,0,,37.4,1,0,0.0
D002620,high,15852.96,4,0,,99.6,1,0,0.0
D002621,high,17220.57,5,0,,95.4,1,0,0.0
D002622,low,3742.69,11,0,,29.6,2,0,0.0
D002623,low,2665.25,6,0,,78.3,2,0,0.0
D002624,low,1874.39,22,0,,19.2,2,1,0.0
D002625,high,6914.94,10,0,,124.8,2,0,0.0
D002626,low,1496.28,4,0,,31.6,2,0,0.0
D002627,low,1830.56,10,0,,15.9,2,0,0.0
D002628,high,6242.32,5,0,,6.6,1,1,0.0
D002629,high,14327.9,14,1,2.0,53.7,6,0,-0.026518
D002630,low,355.41,19,0,,115.0,5,0,0.0
D002631,low,911.45,4,0,,41.3,5,0,0.0
D002632,low,1309.41,12,0,,72.4,5,0,0.0
D002633,low,453.31,8,0,,89.4,1,0,0.0
D002634,high,14152.72,5,0,,40.9,1,0,0.0
D002635,low,715.5,1,0,,6.1,3,1,0.0
D002636,low,821.09,22,0,,53.4,2,0,0.0
D002637,low,487.9,11,0,,49.3,4,0,0.0
D002638,high,13545.42,17,1,5.0,18.3,3,0,-0.061186
D002639,high,38341.19,16,1,4.0,79.6,4,0,-0.05265
D002640,high,18659.25,12,1,0.0,9.5,3,0,0.0
D002641,high,10275.83,20,1,8.0,134.1,2,0,-0.056034
D002642,high,23687.69,19,1,7.0,60.4,2,0,-0.056585
D002643,low,1002.64,17,0,,26.8,1,0,0.0
D002644,high,8765.15,8,0,,243.7,1,0,0.0
D002645,high,10584.4,9,0,,95.9,1,0,0.0
D002646,high,13638.68,18,1,6.0,27.7,2,0,-0.050029
D002647,high,14091.37,18,1,6.0,81.2,1,0,-0.039817
D002648,low,763.01,15,0,,28.0,4,0,0.0
D002649,high,31525.79,0,0,,67.8,3,0,0.0
D002650,high,10820.93,17,1,5.0,30.6,3,0,-0.032477
D002651,low,1454.27,4,0,,58.5,3,1,0.0
D002652,high,13673.19,8,0,,63.0,1,0,0.0
D002653,high,5448.9,1,0,,45.7,1,0,0.0
D002654,high,19574.24,3,0,,49.7,5,0,0.0
D002655,low,4524.26,6,0,,10.8,3,0,0.0
D002656,low,3609.0,6,0,,33.8,6,1,0.0
D002657,high,8958.36,2,0,,11.0,4,0,0.0
D002658,high,6873.36,17,1,5.0,181.4,4,0,-0.031181
D002659,low,1189.13,4,0,,108.2,1,0,0.0
D002660,low,3670.32,20,0,,21.3,2,0,0.0
D002661,low,3413.87,9,0,,78.0,3,0,0.0
D002662,high,5223.21,5,0,,57.6,1,0,0.0
D002663,low,1913.79,4,0,,72.8,1,0,0.0
D002664,low,2357.78,13,0,,87.2,3,0,0.0
D002665,low,467.51,13,0,,46.9,3,1,0.0
D002666,high,16205.84,4,0,,102.4,3,0,0.0
D002667,high,14619.65,7,0,,41.0,1,1,0.0
D002668,high,38855.37,5,0,,39.5,1,0,0.0
D002669,high,15761.31,9,0,,76.4,3,0,0.0
D002670,high,18295.45,14,1,2.0,98.5,4,0,-0.014694
D002671,high,8843.78,15,1,3.0,54.6,2,0,-0.038013
D002672,high,5687.25,20,1,8.0,58.6,1,0,-0.07167
D002673,high,12823.45,2,0,,10.2,3,0,0.0
D002674,low,1717.38,14,0,,63.4,1,0,0.0
D002675,high,22158.51,7,0,,53.4,4,0,0.0
D002676,high,43998.28,1,0,,96.3,6,0,0.0
D002677,low,3904.48,15,0,,46.9,3,0,0.0
D002678,high,9573.92,11,0,,58.0,2,0,0.0
D002679,low,1185.15,9,0,,123.4,2,0,0.0
D002680,low,2337.02,17,0,,80.4,1,0,0.0
D002681,high,9232.13,9,0,,58.1,3,0,0.0
D002682,high,7746.0,0,0,,60.2,4,0,0.0
D002683,high,19727.06,19,1,7.0,45.5,2,0,-0.060297
D002684,high,7641.67,9,0,,35.8,3,0,0.0
D002685,low,4105.66,4,0,,69.6,3,0,0.0
D002686,low,2531.77,10,0,,48.6,1,0,0.0
D002687,high,21215.98,18,1,6.0,68.8,1,0,-0.078196
D002688,high,5728.08,17,1,5.0,52.5,1,0,-0.046394
D002689,high,6929.57,9,0,,35.4,5,0,0.0
D002690,high,10519.63,17,1,5.0,53.4,1,0,-0.106908
D002691,high,6559.93,0,0,,74.5,3,0,0.0
D002692,low,1750.58,6,0,,46.2,2,0,0.0
D002693,high,6072.08,8,0,,74.6,3,0,0.0
D002694,low,784.74,21,0,,129.2,2,0,0.0
D002695,high,6108.72,13,1,1.0,60.4,1,0,-0.034771
D002696,low,4217.43,6,0,,70.8,2,0,0.0
D002697,low,1806.48,19,0,,123.5,5,0,0.0
D002698,low,664.09,6,0,,41.5,2,0,0.0
D002699,low,3056.23,17,0,,27.9,2,0,0.0
D002700,low,3102.09,1,0,,121.7,5,0,0.0
D002701,high,6212.51,21,1,9.0,62.2,2,1,-0.064535
D002702,high,22951.08,4,0,,66.4,3,0,0.0
D002703,low,1768.91,0,0,,16.4,4,0,0.0
D002704,high,6884.88,1,0,,29.7,1,0,0.0
D002705,low,2467.87,21,0,,78.8,1,0,0.0
D002706,high,16924.4,18,1,6.0,37.0,1,0,-0.056334
D002707,high,47603.07,12,1,0.0,37.4,2,0,0.0
D002708,high,6757.45,13,1,1.0,60.0,3,0,-0.02553
D002709,low,3508.72,19,0,,54.7,2,0,0.0
D002710,high,5043.22,18,1,6.0,51.2,2,0,-0.053966
D002711,high,5624.4,0,0,,75.0,3,0,0.0
D002712,low,4411.88,17,0,,187.3,1,0,0.0
D002713,high,6846.72,7,0,,61.8,6,0,0.0
D002714,high,8875.63,2,0,,11.6,2,0,0.0
D002715,high,12969.47,10,0,,62.9,1,0,0.0
D002716,low,2922.99,6,0,,79.3,2,0,0.0
D002717,low,2275.61,0,0,,22.2,1,0,0.0
D002718,high,5394.96,22,1,10.0,2.8,2,0,-0.048392
D002719,high,9711.29,3,0,,87.7,3,0,0.0
D002720,high,7843.01,5,0,,33.3,4,0,0.0
D002721,high,29525.21,1,0,,87.5,6,0,0.0
D002722,low,963.55,9,0,,39.6,1,0,0.0
D002723,low,3157.37,19,0,,69.9,2,0,0.0
D002724,low,393.17,2,0,,37.6,1,1,0.0
D002725,high,7014.24,8,0,,37.1,3,1,0.0
D002726,high,29919.84,14,1,2.0,75.1,4,0,-0.046286
D002727,high,6761.07,4,0,,16.7,1,0,0.0
D002728,low,3898.94,21,0,,36.3,3,0,0.0
D002729,low,4907.49,20,0,,39.2,2,0,0.0
D002730,high,9783.95,2,0,,98.8,1,1,0.0
D002731,low,4105.52,4,0,,14.6,1,0,0.0
D002732,high,5884.85,11,0,,193.2,1,0,0.0
D002733,high,9541.67,21,1,9.0,13.9,4,0,-0.089129
D002734,high,6110.34,9,0,,103.7,1,0,0.0
D002735,high,15171.74,17,1,5.0,53.4,1,0,-0.077504
D002736,low,449.86,16,0,,25.4,4,0,0.0
D002737,high,10581.48,7,0,,44.7,1,0,0.0
D002738,low,1917.8,17,0,,85.5,1,1,0.0
D002739,high,11596.93,3,0,,27.4,3,0,0.0
D002740,high,10801.59,21,1,9.0,54.0,1,0,-0.043471
D002741,low,3330.37,12,0,,70.9,2,0,0.0
D002742,high,6535.82,16,1,4.0,50.3,2,0,-0.04107
D002743,low,895.18,7,0,,61.1,3,0,0.0
D002744,low,3713.51,20,0,,17.4,2,0,0.0
D002745,low,3406.84,17,0,,11.5,1,0,0.0
D002746,low,3315.75,2,0,,55.5,2,0,0.0
D002747,high,27266.46,4,0,,39.5,3,1,0.0
D002748,low,3255.12,0,0,,47.9,5,0,0.0
D002749,high,10006.46,8,0,,35.8,1,0,0.0
D002750,low,1005.8,9,0,,79.8,1,1,0.0
D002751,high,26545.75,18,1,6.0,20.7,2,0,-0.065601
D002752,high,6155.24,6,0,,121.4,2,0,0.0
D002753,low,3551.0,23,0,,15.0,2,0,0.0
D002754,high,14001.37,16,1,4.0,20.7,4,0,-0.077004
D002755,low,3533.22,10,0,,63.7,4,0,0.0
D002756,low,4253.38,3,0,,77.0,1,0,0.0
D002757,low,4044.28,17,0,,33.9,4,0,0.0
D002758,low,2140.79,10,0,,142.3,2,0,0.0
D002759,high,8822.48,23,1,11.0,39.7,1,0,-0.076908
D002760,low,4498.62,10,0,,69.0,2,0,0.0
D002761,low,2458.4,3,0,,50.8,5,1,0.0
D002762,low,2846.31,1,0,,72.0,2,0,0.0
D002763,low,3388.83,22,0,,25.0,2,0,0.0
D002764,low,1505.59,17,0,,107.1,3,0,0.0
D002765,high,5612.45,12,1,0.0,60.0,2,1,0.0
D002766,low,1087.56,7,0,,110.0,3,0,0.0
D002767,high,15629.05,0,0,,49.6,3,0,0.0
D002768,low,393.37,18,0,,109.0,2,0,0.0
D002769,high,16153.4,21,1,9.0,64.6,1,0,-0.074098
D002770,high,15717.9,12,1,0.0,21.0,3,0,0.0
D002771,high,15342.57,0,0,,107.0,3,0,0.0
D002772,high,76418.8,16,1,4.0,56.4,3,0,-0.066823
D002773,low,1460.73,8,0,,71.1,2,0,0.0
D002774,low,4053.02,7,0,,167.8,3,0,0.0
D002775,high,15690.43,17,1,5.0,34.6,4,1,-0.079634
D002776,low,4229.94,23,0,,18.7,2,0,0.0
D002777,high,11275.38,0,0,,75.0,1,0,0.0
D002778,low,2097.5,2,0,,64.0,3,0,0.0
D002779,high,6020.86,12,1,0.0,25.1,3,0,0.0
D002780,high,12269.62,8,0,,36.2,2,0,0.0
D002781,low,735.67,2,0,,90.8,2,0,0.0
D002782,low,4598.01,21,0,,72.1,3,0,0.0
D002783,low,3767.39,7,0,,78.8,1,0,0.0
D002784,high,84951.64,7,0,,152.7,5,0,0.0
D002785,high,9010.3,3,0,,139.0,1,0,0.0
D002786,high,15098.63,6,0,,47.2,4,0,0.0
D002787,high,5587.09,18,1,6.0,69.3,2,0,-0.061206
D002788,low,2409.4,8,0,,150.6,3,0,0.0
D002789,low,2705.68,11,0,,17.4,3,0,0.0
D002790,low,2798.38,1,0,,39.7,2,1,0.0
D002791,high,5420.83,7,0,,109.1,2,0,0.0
D002792,high,14850.62,18,1,6.0,70.2,3,1,-0.068565
D002793,high,5688.5,7,0,,48.1,4,1,0.0
D002794,high,15882.97,7,0,,26.2,3,1,0.0
D002795,high,6975.41,18,1,6.0,55.1,1,0,-0.055774
D002796,low,3648.73,4,0,,42.4,6,0,0.0
D002797,high,5478.14,16,1,4.0,20.9,2,0,-0.10201
D002798,low,4002.08,20,0,,24.5,3,0,0.0
D002799,high,8071.94,7,0,,105.1,1,1,0.0
D002800,high,17823.45,21,1,9.0,108.1,4,0,-0.046083
D002801,high,45198.36,19,1,7.0,92.5,3,0,-0.050579
D002802,low,4911.06,21,0,,83.3,2,0,0.0
D002803,low,1895.58,6,0,,53.7,2,0,0.0
D002804,low,4388.5,20,0,,32.2,4,0,0.0
D002805,high,7475.86,21,1,9.0,48.5,4,0,-0.042987
D002806,high,26917.61,11,0,,90.4,3,0,0.0
D002807,low,2997.63,0,0,,41.1,5,0,0.0
D002808,high,28813.0,18,1,6.0,92.0,1,0,-0.038118
D002809,high,10175.8,7,0,,50.3,4,0,0.0
D002810,low,3334.21,15,0,,44.6,1,0,0.0
D002811,low,963.58,17,0,,57.9,3,0,0.0
D002812,low,1015.82,21,0,,40.4,1,0,0.0
D002813,high,12850.46,1,0,,89.3,1,0,0.0
D002814,low,1542.64,16,0,,31.6,2,0,0.0
D002815,low,3114.72,10,0,,72.2,1,1,0.0
D002816,high,12293.23,4,0,,36.2,1,0,0.0
D002817,high,8334.66,5,0,,9.0,1,0,0.0
D002818,high,7216.1,14,1,2.0,119.1,2,0,-0.031711
D002819,high,21538.95,13,1,1.0,77.0,1,0,-0.022761
D002820,low,3857.39,15,0,,27.0,4,0,0.0
D002821,high,35010.79,14,1,2.0,72.3,3,0,-0.041418
D002822,high,6531.72,23,1,11.0,90.2,2,0,-0.029741
D002823,high,8684.74,23,1,11.0,168.7,5,0,-0.03119
D002824,low,4665.81,14,0,,42.6,4,0,0.0
D002825,high,115464.25,16,1,4.0,124.8,3,0,-0.060993
D002826,high,74631.71,23,1,11.0,94.2,4,0,-0.075045
D002827,low,1886.5,11,0,,22.8,1,1,0.0
D002828,low,3273.07,12,0,,26.6,3,0,0.0
D002829,low,477.05,1,0,,45.5,2,0,0.0
D002830,high,6165.94,5,0,,72.0,1,0,0.0
D002831,low,1021.92,20,0,,52.9,1,0,0.0
D002832,high,7122.54,19,1,7.0,105.2,6,0,-0.021574
D002833,low,3614.25,16,0,,30.2,5,0,0.0
D002834,high,37371.07,14,1,2.0,87.4,2,0,-0.027162
D002835,low,852.88,4,0,,164.0,1,0,0.0
D002836,high,28308.44,21,1,9.0,17.7,2,0,-0.06003
D002837,high,16682.56,16,1,4.0,23.4,2,0,-0.050052
D002838,low,2803.85,2,0,,161.0,2,0,0.0
D002839,low,3202.85,4,0,,32.8,3,0,0.0
D002840,low,1298.52,21,0,,45.4,2,0,0.0
D002841,low,1074.16,19,0,,71.1,2,0,0.0
D002842,high,35990.8,13,1,1.0,66.1,1,0,-0.024947
D002843,high,15551.04,12,1,0.0,2.4,3,0,0.0
D002844,high,15862.01,17,1,5.0,40.7,4,0,-0.063698
D002845,high,6692.57,2,0,,17.9,1,1,0.0
D002846,high,13847.39,5,0,,104.3,4,0,0.0
D002847,high,8341.65,13,1,1.0,48.1,4,0,-0.032473
D002848,low,636.94,3,0,,102.6,2,1,0.0
D002849,high,10316.1,0,0,,21.0,3,0,0.0
D002850,high,73477.81,6,0,,19.9,4,0,0.0
D002851,high,14563.43,0,0,,105.1,2,0,0.0
D002852,high,9840.71,9,0,,54.6,6,0,0.0
D002853,high,7984.71,11,0,,59.1,3,0,0.0
D002854,high,14108.51,4,0,,96.8,5,0,0.0
D002855,high,12980.44,8,0,,97.5,2,0,0.0
D002856,high,79702.76,14,1,2.0,64.0,6,0,-0.034255
D002857,high,15974.69,15,1,3.0,117.8,1,0,-0.030102
D002858,high,7283.49,17,1,5.0,56.4,5,1,-0.093019
D002859,low,1430.51,5,0,,54.6,3,0,0.0
D002860,low,4753.2,0,0,,30.0,2,0,0.0
D002861,low,5030.96,3,0,,53.9,3,0,0.0
D002862,low,2266.99,19,0,,97.4,5,1,0.0
D002863,low,2191.59,8,0,,10.6,6,0,0.0
D002864,low,4989.3,21,0,,52.0,2,0,0.0
D002865,low,2667.62,11,0,,39.7,3,1,0.0
D002866,high,7004.52,7,0,,60.3,6,1,0.0
D002867,high,9251.56,11,0,,118.4,3,0,0.0
D002868,high,63656.82,4,0,,168.1,2,0,0.0
D002869,low,3160.57,23,0,,21.1,1,1,0.0
D002870,high,16290.96,5,0,,194.2,4,0,0.0
D002871,high,6767.33,13,1,1.0,27.7,1,0,-0.018503
D002872,low,481.27,2,0,,56.9,1,0,0.0
D002873,high,18263.26,11,0,,60.1,5,0,0.0
D002874,low,3018.83,16,0,,73.6,1,1,0.0
D002875,low,684.28,4,0,,25.3,1,0,0.0
D002876,high,5673.11,8,0,,21.1,3,0,0.0
D002877,low,2240.67,20,0,,122.0,2,0,0.0
D002878,low,3979.64,5,0,,58.2,5,0,0.0
D002879,high,27504.48,15,1,3.0,49.6,3,0,-0.070486
D002880,low,1399.65,7,0,,55.6,3,0,0.0
D002881,high,10028.91,1,0,,43.3,1,0,0.0
D002882,high,9278.6,13,1,1.0,38.2,5,0,-0.021959
D002883,high,7225.13,16,1,4.0,63.7,1,0,-0.081108
D002884,high,6770.58,10,0,,58.8,3,0,0.0
D002885,high,20644.44,20,1,8.0,73.8,2,0,-0.043592
D002886,high,43091.3,22,1,10.0,113.5,5,0,-0.026732
D002887,low,4503.54,14,0,,133.1,2,0,0.0
D002888,high,14783.57,0,0,,71.6,2,0,0.0
D002889,low,857.26,8,0,,184.1,3,0,0.0
D002890,high,5946.77,19,1,7.0,27.9,2,0,-0.065837
D002891,low,3859.68,8,0,,32.8,4,0,0.0
D002892,low,1145.34,8,0,,53.7,2,0,0.0
D002893,low,2669.12,3,0,,29.1,2,1,0.0
D002894,low,3007.32,13,0,,35.8,2,1,0.0
D002895,low,1213.09,14,0,,16.3,4,0,0.0
D002896,high,7958.82,18,1,6.0,65.3,2,0,-0.063476
D002897,low,2167.22,14,0,,69.1,2,0,0.0
D002898,low,1368.21,19,0,,148.1,2,0,0.0
D002899,low,1976.75,17,0,,76.5,1,0,0.0
D002900,high,7921.54,8,0,,147.4,5,0,0.0
D002901,high,5200.03,2,0,,57.3,3,0,0.0
D002902,low,1356.09,9,0,,38.6,3,0,0.0
D002903,low,4598.85,3,0,,67.4,1,0,0.0
D002904,low,1447.83,11,0,,30.8,3,0,0.0
D002905,high,55269.14,17,1,5.0,17.5,3,0,-0.03466
D002906,high,15929.53,6,0,,60.9,4,0,0.0
D002907,low,1585.83,11,0,,61.7,1,1,0.0
D002908,high,94931.17,7,0,,91.0,2,0,0.0
D002909,high,16821.18,2,0,,85.1,1,0,0.0
D002910,low,3494.93,5,0,,37.9,2,1,0.0
D002911,high,9198.63,23,1,11.0,25.8,2,0,-0.102707
D002912,high,5893.97,16,1,4.0,30.3,4,0,-0.074824
D002913,low,539.33,4,0,,16.1,2,0,0.0
D002914,low,1325.86,11,0,,17.0,2,0,0.0
D002915,low,855.91,3,0,,10.2,4,0,0.0
D002916,high,10025.74,20,1,8.0,26.2,4,0,-0.037691
D002917,high,14794.05,3,0,,49.0,3,0,0.0
D002918,low,2783.15,22,0,,112.7,6,0,0.0
D002919,low,2376.51,15,0,,21.7,5,0,0.0
D002920,high,15073.64,13,1,1.0,33.9,1,0,-0.02607
D002921,high,5513.77,0,0,,94.4,2,0,0.0
D002922,high,52097.67,19,1,7.0,52.2,3,0,-0.109883
D002923,low,1400.19,2,0,,37.6,1,0,0.0
D002924,high,6440.6,13,1,1.0,33.2,1,0,-0.032869
D002925,low,1174.18,4,0,,44.9,1,0,0.0
D002926,high,48529.59,4,0,,77.3,1,0,0.0
D002927,high,6583.6,0,0,,69.8,1,0,0.0
D002928,low,845.75,12,0,,96.9,3,0,0.0
D002929,low,4190.55,11,0,,27.2,5,0,0.0
D002930,low,1499.71,6,0,,10.9,2,0,0.0
D002931,low,3720.97,20,0,,82.2,2,0,0.0
D002932,low,1754.41,6,0,,54.3,2,0,0.0
D002933,high,6053.32,22,1,10.0,74.6,2,0,-0.04642
D002934,low,3270.52,5,0,,83.8,2,0,0.0
D002935,high,15261.03,17,1,5.0,99.0,3,0,-0.038944
D002936,high,5162.28,1,0,,105.4,4,0,0.0
D002937,high,34781.72,8,0,,27.5,5,0,0.0
D002938,low,2880.42,4,0,,34.6,2,0,0.0
D002939,low,3091.47,5,0,,74.5,5,0,0.0
D002940,high,30076.88,5,0,,41.9,1,0,0.0
D002941,high,6011.6,22,1,10.0,35.6,1,0,-0.058723
D002942,high,5135.66,22,1,10.0,57.0,2,0,-0.075563
D002943,low,4595.15,4,0,,29.4,2,0,0.0
D002944,high,5281.01,22,1,10.0,30.1,1,0,-0.058362
D002945,low,3227.12,8,0,,12.6,2,1,0.0
D002946,low,4971.15,21,0,,24.1,4,0,0.0
D002947,high,6191.09,20,1,8.0,79.5,2,0,-0.040385
D002948,high,5373.2,16,1,4.0,87.4,4,0,-0.084317
D002949,high,8481.54,7,0,,25.9,2,0,0.0
D002950,low,3235.5,18,0,,56.5,4,0,0.0
D002951,low,1192.44,22,0,,4.5,4,0,0.0
D002952,low,2453.1,21,0,,59.4,5,0,0.0
D002953,high,33055.16,13,1,1.0,87.7,3,0,-0.019198
D002954,high,6993.87,15,1,3.0,47.0,2,0,-0.022995
D002955,low,4708.68,9,0,,16.5,2,0,0.0
D002956,low,1885.12,1,0,,26.8,2,1,0.0
D002957,high,6339.82,16,1,4.0,108.9,1,0,-0.052027
D002958,low,1153.45,4,0,,43.5,2,0,0.0
D002959,high,18353.89,7,0,,92.7,1,0,0.0
D002960,low,4157.53,17,0,,179.5,3,0,0.0
D002961,high,74407.93,21,1,9.0,69.4,2,0,-0.060273
D002962,high,8426.23,10,0,,100.9,4,0,0.0
D002963,low,2156.01,7,0,,46.3,2,0,0.0
D002964,low,1510.2,5,0,,11.3,2,0,0.0
D002965,high,18178.71,18,1,6.0,31.5,1,0,-0.052
D002966,high,13733.15,0,0,,46.3,2,0,0.0
D002967,low,3320.56,12,0,,44.7,1,0,0.0
D002968,low,2705.64,6,0,,63.0,1,1,0.0
D002969,low,2494.16,23,0,,46.4,2,1,0.0
D002970,low,780.32,1,0,,42.3,1,0,0.0
D002971,low,1022.62,2,0,,82.5,2,0,0.0
D002972,low,2554.18,4,0,,24.4,1,1,0.0
D002973,high,10180.52,14,1,2.0,77.2,3,0,-0.020401
D002974,high,9170.63,17,1,5.0,78.1,3,0,-0.062505
D002975,low,1803.54,0,0,,60.9,5,0,0.0
D002976,low,2053.64,22,0,,102.9,5,0,0.0
D002977,high,12440.81,7,0,,24.7,1,1,0.0
D002978,high,12088.87,15,1,3.0,49.2,2,0,-0.049707
D002979,low,4721.45,2,0,,32.9,1,0,0.0
D002980,high,5048.4,5,0,,15.4,1,0,0.0
D002981,high,10819.6,8,0,,33.6,2,0,0.0
D002982,high,5331.05,1,0,,47.4,1,0,0.0
D002983,low,1425.02,10,0,,20.2,2,0,0.0
D002984,high,12261.7,19,1,7.0,69.3,5,0,-0.033956
D002985,low,1408.39,4,0,,77.4,2,0,0.0
D002986,low,2234.54,8,0,,88.2,1,0,0.0
D002987,high,12376.18,17,1,5.0,16.7,2,0,-0.055676
D002988,low,1756.96,13,0,,7.9,4,0,0.0
D002989,high,5295.99,0,0,,47.0,1,0,0.0
D002990,high,5324.45,0,0,,77.2,1,1,0.0
D002991,low,2554.69,2,0,,266.7,4,0,0.0
D002992,low,3388.94,13,0,,30.7,2,0,0.0
D002993,high,11232.9,6,0,,4.7,2,0,0.0
D002994,low,2449.02,11,0,,7.3,4,0,0.0
D002995,high,14243.85,15,1,3.0,38.6,3,0,-0.102456
D002996,high,15205.23,2,0,,129.2,3,0,0.0
D002997,low,1669.4,19,0,,24.7,1,0,0.0
D002998,low,2823.49,15,0,,102.3,1,0,0.0
D002999,high,7598.43,10,0,,52.0,4,0,0.0
D003000,high,6947.84,15,1,3.0,64.8,2,0,-0.03809
D003001,low,1489.71,23,0,,68.3,5,0,0.0
D003002,low,3161.03,15,0,,19.5,5,0,0.0
D003003,low,3046.62,21,0,,83.0,3,0,0.0
D003004,high,12631.6,2,0,,54.3,1,0,0.0
D003005,low,3903.15,15,0,,47.9,2,1,0.0
D003006,high,11289.47,13,1,1.0,87.3,4,0,-0.018023
D003007,high,8095.22,0,0,,113.4,1,0,0.0
D003008,low,971.31,22,0,,47.4,1,0,0.0
D003009,low,2279.26,4,0,,65.9,3,0,0.0
D003010,low,2382.91,4,0,,83.5,4,1,0.0
D003011,high,13217.62,14,1,2.0,77.2,4,0,-0.040963
D003012,high,9502.74,22,1,10.0,62.8,4,0,-0.059379
D003013,high,27224.35,19,1,7.0,110.4,3,0,-0.034924
D003014,low,3974.18,2,0,,65.9,5,0,0.0
D003015,low,4015.22,14,0,,19.6,2,1,0.0
D003016,low,2361.7,0,0,,37.1,2,0,0.0
D003017,high,14163.05,12,1,0.0,44.0,2,0,0.0
D003018,high,6388.71,11,0,,38.0,1,0,0.0
D003019,low,3436.47,9,0,,101.1,3,0,0.0
D003020,low,4133.66,12,0,,40.6,4,0,0.0
D003021,high,8794.0,20,1,8.0,47.4,3,0,-0.052814
D003022,high,5629.04,9,0,,83.9,2,0,0.0
D003023,low,3727.22,19,0,,9.5,5,1,0.0
D003024,high,5077.0,20,1,8.0,45.9,1,0,-0.068066
D003025,high,10471.51,21,1,9.0,52.9,4,0,-0.072709
D003026,low,407.14,7,0,,45.0,5,0,0.0
D003027,low,2888.33,3,0,,32.1,4,0,0.0
D003028,high,6974.47,1,0,,107.9,1,1,0.0
D003029,low,2935.33,2,0,,149.7,2,0,0.0
D003030,high,7881.01,14,1,2.0,25.7,3,0,-0.07543
D003031,high,11717.04,21,1,9.0,108.0,4,0,-0.042046
D003032,low,3707.16,19,0,,18.7,1,0,0.0
D003033,low,1351.31,14,0,,145.8,1,0,0.0
D003034,low,2331.56,8,0,,46.8,3,1,0.0
D003035,high,11487.17,8,0,,65.7,3,0,0.0
D003036,low,4775.57,12,0,,78.7,2,0,0.0
D003037,low,3141.88,13,0,,169.1,3,0,0.0
D003038,high,7494.69,1,0,,54.8,2,0,0.0
D003039,high,13938.22,18,1,6.0,84.0,2,0,-0.049298
D003040,high,8843.45,4,0,,93.2,2,0,0.0
D003041,high,22973.8,21,1,9.0,34.1,2,0,-0.042287
D003042,low,4231.35,22,0,,41.9,2,0,0.0
D003043,high,26473.12,21,1,9.0,96.7,3,0,-0.030761
D003044,high,26889.43,0,0,,53.9,1,0,0.0
D003045,low,3317.26,23,0,,30.4,5,0,0.0
D003046,low,827.95,11,0,,51.6,2,0,0.0
D003047,high,16377.78,4,0,,81.2,3,0,0.0
D003048,low,1898.29,22,0,,40.2,3,0,0.0
D003049,low,2525.84,12,0,,81.5,1,0,0.0
D003050,low,935.26,21,0,,55.2,1,1,0.0
D003051,high,11161.92,23,1,11.0,116.2,1,0,-0.033201
D003052,high,104483.89,18,1,6.0,63.0,2,0,-0.034655
D003053,low,4996.25,23,0,,102.1,2,0,0.0
D003054,low,530.43,18,0,,166.8,3,0,0.0
D003055,high,19029.5,22,1,10.0,139.1,2,0,-0.049463
D003056,high,15212.24,21,1,9.0,21.7,5,0,-0.073881
D003057,low,3593.79,14,0,,14.3,5,0,0.0
D003058,high,14003.73,4,0,,26.5,2,0,0.0
D003059,high,6021.54,1,0,,117.1,3,0,0.0
D003060,low,1900.58,3,0,,74.7,1,1,0.0
D003061,high,8173.27,15,1,3.0,52.4,2,0,-0.073217
D003062,low,2248.3,15,0,,75.0,6,0,0.0
D003063,high,11990.31,0,0,,29.0,2,0,0.0
D003064,low,3139.52,21,0,,41.1,3,1,0.0
D003065,low,2332.6,8,0,,89.5,1,0,0.0
D003066,low,2336.42,13,0,,98.6,1,0,0.0
D003067,low,1540.51,1,0,,90.0,2,0,0.0
D003068,low,1244.68,13,0,,56.0,2,0,0.0
D003069,high,18273.49,23,1,11.0,47.0,1,0,-0.042098
D003070,low,4205.98,0,0,,135.9,5,0,0.0
D003071,high,73785.54,5,0,,72.6,2,0,0.0
D003072,high,5882.83,13,1,1.0,38.3,4,0,-0.032782
D003073,high,41994.76,3,0,,67.5,1,0,0.0
D003074,low,4124.44,16,0,,61.5,2,0,0.0
D003075,high,18779.76,9,0,,46.9,1,0,0.0
D003076,high,7678.85,14,1,2.0,12.8,3,0,-0.068006
D003077,low,4732.85,8,0,,49.2,3,0,0.0
D003078,low,1318.37,10,0,,16.5,2,0,0.0
D003079,high,13286.99,4,0,,78.1,1,0,0.0
D003080,low,1182.39,23,0,,103.1,5,0,0.0
D003081,high,11786.05,9,0,,90.4,1,0,0.0
D003082,low,3288.39,22,0,,148.0,3,0,0.0
D003083,high,10216.06,18,1,6.0,42.7,5,0,-0.06001
D003084,high,9543.19,15,1,3.0,28.5,2,0,-0.058128
D003085,low,3661.7,19,0,,78.6,4,0,0.0
D003086,high,6888.04,9,0,,8.9,1,1,0.0
D003087,high,7354.14,9,0,,35.3,4,0,0.0
D003088,high,20107.16,9,0,,19.8,1,0,0.0
D003089,high,7968.98,2,0,,85.3,1,0,0.0
D003090,low,883.98,7,0,,23.3,1,1,0.0
D003091,low,1985.99,14,0,,63.3,6,1,0.0
D003092,high,19120.37,2,0,,39.9,2,0,0.0
D003093,low,1332.46,12,0,,88.9,5,0,0.0
D003094,low,1953.18,2,0,,105.2,4,0,0.0
D003095,high,7028.69,1,0,,62.3,6,0,0.0
D003096,low,2398.11,20,0,,29.6,3,0,0.0
D003097,low,4447.71,4,0,,88.1,3,0,0.0
D003098,high,13540.62,14,1,2.0,30.3,1,0,-0.033922
D003099,high,53666.27,18,1,6.0,40.9,1,0,-0.054661
D003100,high,7846.33,7,0,,175.9,1,0,0.0
D003101,low,2867.87,4,0,,73.7,2,0,0.0
D003102,high,6647.4,11,0,,17.8,1,0,0.0
D003103,high,11879.74,4,0,,16.6,1,0,0.0
D003104,high,27159.89,21,1,9.0,97.1,1,0,-0.019925
D003105,high,15583.07,15,1,3.0,6.1,2,0,-0.062552
D003106,high,6288.76,13,1,1.0,32.3,5,0,-0.013451
D003107,low,1283.42,14,0,,13.2,2,0,0.0
D003108,high,9178.93,7,0,,64.3,1,0,0.0
D003109,high,9358.84,4,0,,21.7,2,0,0.0
D003110,high,53836.63,23,1,11.0,19.2,1,0,-0.066711
D003111,high,9557.83,15,1,3.0,74.3,5,0,-0.084563
D003112,high,6019.89,14,1,2.0,86.4,2,0,-0.052168
D003113,high,6509.76,6,0,,21.2,4,0,0.0
D003114,low,3629.91,6,0,,36.5,1,0,0.0
D003115,low,4674.84,17,0,,79.9,2,0,0.0
D003116,low,1732.73,11,0,,10.7,3,0,0.0
D003117,low,1024.84,5,0,,31.6,1,1,0.0
D003118,high,7642.2,8,0,,10.7,2,0,0.0
D003119,high,171275.02,3,0,,26.6,2,0,0.0
D003120,high,23644.3,23,1,11.0,87.9,3,1,-0.046257
D003121,low,1608.89,23,0,,40.9,1,0,0.0
D003122,low,4795.59,4,0,,48.2,4,0,0.0
D003123,low,2543.94,6,0,,194.8,4,0,0.0
D003124,low,1803.03,17,0,,38.6,2,0,0.0
D003125,low,4435.89,17,0,,32.3,5,0,0.0
D003126,low,436.31,21,0,,64.6,3,0,0.0
D003127,high,22434.27,22,1,10.0,96.8,1,0,-0.062088
D003128,low,4773.53,12,0,,73.1,1,0,0.0
D003129,high,5908.48,2,0,,37.4,1,0,0.0
D003130,low,1896.26,15,0,,64.5,6,1,0.0
D003131,high,14097.08,4,0,,101.4,3,0,0.0
D003132,low,2653.5,13,0,,33.0,2,0,0.0
D003133,high,17168.37,3,0,,109.4,3,0,0.0
D003134,high,17773.53,22,1,10.0,74.0,1,0,-0.053074
D003135,high,8630.85,3,0,,33.9,1,0,0.0
D003136,high,14581.34,4,0,,103.6,3,0,0.0
D003137,high,8449.0,14,1,2.0,73.8,1,0,-0.02572
D003138,high,12152.83,22,1,10.0,145.7,1,0,-0.04707
D003139,low,806.27,20,0,,110.5,2,0,0.0
D003140,low,2456.48,19,0,,7.3,1,0,0.0
D003141,high,16105.86,22,1,10.0,41.9,4,1,-0.070246
D003142,high,24943.88,0,0,,20.6,6,0,0.0
D003143,high,5280.37,19,1,7.0,34.1,2,0,-0.05427
D003144,low,3459.48,21,0,,17.0,5,1,0.0
D003145,low,509.66,2,0,,180.9,1,0,0.0
D003146,high,13646.1,15,1,3.0,73.0,5,0,-0.086698
D003147,high,17902.72,20,1,8.0,73.8,2,0,-0.039377
D003148,low,560.96,20,0,,36.6,4,0,0.0
D003149,high,13227.19,14,1,2.0,53.4,1,0,-0.067548
D003150,high,5359.74,4,0,,98.9,4,0,0.0
D003151,high,8184.19,4,0,,57.6,4,0,0.0
D003152,high,14094.95,5,0,,41.8,2,0,0.0
D003153,low,4737.59,4,0,,109.4,2,0,0.0
D003154,low,4794.13,6,0,,65.6,2,0,0.0
D003155,high,9657.56,0,0,,34.2,1,0,0.0
D003156,high,23564.65,15,1,3.0,80.8,2,0,-0.039138
D003157,low,2239.65,20,0,,24.1,1,0,0.0
D003158,high,11700.72,2,0,,133.6,3,0,0.0
D003159,low,1936.68,1,0,,127.4,5,0,0.0
D003160,low,4689.5,5,0,,37.2,5,0,0.0
D003161,high,6869.51,11,0,,83.4,1,1,0.0
D003162,high,15237.21,5,0,,36.3,2,0,0.0
D003163,high,9698.74,21,1,9.0,28.1,2,0,-0.086842
D003164,low,2021.85,11,0,,28.3,4,1,0.0
D003165,high,5732.57,5,0,,13.3,4,0,0.0
D003166,low,2146.47,1,0,,14.1,2,1,0.0
D003167,high,13688.46,13,1,1.0,42.7,1,0,-0.020833
D003168,high,7668.08,15,1,3.0,92.2,4,1,-0.046272
D003169,high,10034.63,10,0,,65.8,2,0,0.0
D003170,high,9605.0,5,0,,8.6,6,0,0.0
D003171,low,1733.74,3,0,,65.0,1,0,0.0
D003172,low,3450.18,13,0,,67.5,2,0,0.0
D003173,low,4063.77,15,0,,88.4,2,0,0.0
D003174,high,19826.09,11,0,,42.3,1,0,0.0
D003175,low,4379.64,1,0,,22.7,5,0,0.0
D003176,high,8421.85,23,1,11.0,12.8,3,1,-0.113074
D003177,high,62414.11,13,1,1.0,37.4,3,0,-0.021676
D003178,low,1032.78,0,0,,64.9,2,0,0.0
D003179,low,1275.86,4,0,,13.8,2,0,0.0
D003180,low,2217.9,8,0,,44.8,4,0,0.0
D003181,low,1101.28,21,0,,88.2,3,0,0.0
D003182,low,2603.78,15,0,,72.3,1,0,0.0
D003183,high,24073.43,14,1,2.0,45.5,2,0,-0.04695
D003184,high,6077.74,12,1,0.0,3.5,1,0,0.0
D003185,high,14901.03,22,1,10.0,34.5,2,0,-0.050092
D003186,high,9255.99,10,0,,22.9,5,0,0.0
D003187,low,2098.64,21,0,,20.0,1,0,0.0
D003188,high,5652.97,4,0,,6.6,3,1,0.0
D003189,high,16575.85,0,0,,42.1,2,0,0.0
D003190,low,3143.02,23,0,,27.3,2,0,0.0
D003191,high,11193.49,1,0,,56.8,1,0,0.0
D003192,high,7122.1,18,1,6.0,99.5,1,0,-0.04142
D003193,low,2263.22,20,0,,138.8,1,0,0.0
D003194,high,56791.42,2,0,,13.9,3,0,0.0
D003195,high,7714.29,14,1,2.0,57.3,3,0,-0.041403
D003196,low,973.75,17,0,,13.7,4,0,0.0
D003197,low,498.32,9,0,,46.1,1,0,0.0
D003198,high,8765.57,0,0,,29.5,3,0,0.0
D003199,high,9651.29,8,0,,94.6,2,0,0.0
D003200,high,6845.99,5,0,,18.7,2,0,0.0
D003201,low,2742.6,19,0,,68.7,1,0,0.0
D003202,low,3918.93,12,0,,155.4,2,0,0.0
D003203,high,14407.63,12,1,0.0,160.0,6,0,0.0
D003204,high,5490.09,20,1,8.0,53.2,3,0,-0.038233
D003205,low,1846.74,11,0,,76.2,4,0,0.0
D003206,low,4958.25,11,0,,20.1,1,0,0.0
D003207,high,14805.84,13,1,1.0,145.9,6,0,-0.0179
D003208,low,2471.88,16,0,,40.7,2,0,0.0
D003209,low,4345.55,16,0,,28.8,1,1,0.0
D003210,high,30191.96,3,0,,36.0,3,0,0.0
D003211,low,2729.6,18,0,,176.3,1,0,0.0
D003212,low,798.38,19,0,,65.6,1,0,0.0
D003213,low,5023.15,15,0,,74.4,2,1,0.0
D003214,low,1401.19,12,0,,11.6,1,1,0.0
D003215,high,6410.53,1,0,,93.1,4,0,0.0
D003216,high,9025.19,18,1,6.0,19.0,2,0,-0.072395
D003217,high,10658.79,6,0,,59.6,3,0,0.0
D003218,high,7621.08,18,1,6.0,69.3,2,0,-0.038837
D003219,low,4789.54,16,0,,96.7,1,0,0.0
D003220,low,4557.04,7,0,,52.4,1,0,0.0
D003221,high,7288.75,9,0,,57.3,2,0,0.0
D003222,low,2145.54,1,0,,27.0,4,0,0.0
D003223,low,4762.6,11,0,,9.3,2,0,0.0
D003224,low,3366.93,5,0,,69.9,2,0,0.0
D003225,low,3084.45,21,0,,42.9,4,1,0.0
D003226,low,2778.71,1,0,,103.1,1,0,0.0
D003227,low,2545.72,12,0,,39.7,6,0,0.0
D003228,low,3708.98,11,0,,55.5,2,0,0.0
D003229,high,13808.12,14,1,2.0,21.9,3,0,-0.040122
D003230,high,46891.47,7,0,,14.3,3,0,0.0
D003231,high,17122.86,2,0,,78.8,1,0,0.0
D003232,high,5439.09,17,1,5.0,10.8,2,0,-0.059541
D003233,low,4621.99,7,0,,16.7,2,0,0.0
D003234,low,2632.22,14,0,,19.4,2,0,0.0
D003235,low,3702.85,12,0,,58.7,1,0,0.0
D003236,low,2966.34,17,0,,45.5,2,0,0.0
D003237,low,2196.29,3,0,,96.5,2,0,0.0
D003238,high,9944.51,16,1,4.0,30.6,1,0,-0.055998
D003239,high,6163.47,23,1,11.0,100.9,2,0,-0.032209
D003240,low,4709.31,4,0,,88.4,2,0,0.0
D003241,low,4892.35,14,0,,95.1,3,1,0.0
D003242,high,6296.16,8,0,,17.4,3,0,0.0
D003243,high,5189.2,21,1,9.0,63.9,1,0,-0.087179
D003244,low,1717.29,22,0,,18.1,2,0,0.0
D003245,low,787.78,5,0,,44.6,2,0,0.0
D003246,high,7122.25,3,0,,48.5,3,1,0.0
D003247,low,2405.23,6,0,,24.6,3,0,0.0
D003248,low,81.15,0,0,,70.7,1,0,0.0
D003249,high,13987.95,3,0,,85.9,1,0,0.0
D003250,high,5669.96,15,1,3.0,73.4,5,0,-0.035768
D003251,low,1278.14,2,0,,10.4,2,0,0.0
D003252,high,18153.5,21,1,9.0,77.3,6,0,-0.052422
D003253,high,10850.52,11,0,,134.3,4,0,0.0
D003254,low,4285.6,13,0,,75.9,1,0,0.0
D003255,low,2359.18,9,0,,70.6,2,0,0.0
D003256,low,3068.05,12,0,,50.8,2,0,0.0
D003257,high,7273.68,13,1,1.0,33.3,6,1,-0.034704
D003258,high,17220.63,18,1,6.0,71.4,1,0,-0.057971
D003259,high,5473.98,6,0,,64.6,1,0,0.0
D003260,low,2336.59,9,0,,55.2,1,0,0.0
D003261,low,2813.39,23,0,,10.4,3,1,0.0
D003262,high,7518.53,12,1,0.0,8.9,1,0,0.0
D003263,high,5637.67,19,1,7.0,46.3,3,0,-0.042567
D003264,low,802.33,6,0,,39.6,1,0,0.0
D003265,high,11539.79,15,1,3.0,52.2,3,0,-0.063094
D003266,high,14417.07,9,0,,44.8,4,0,0.0
D003267,low,4800.16,6,0,,27.4,5,0,0.0
D003268,high,34791.1,9,0,,122.2,4,0,0.0
D003269,high,35128.55,4,0,,107.0,2,0,0.0
D003270,high,13002.84,12,1,0.0,111.7,1,0,0.0
D003271,high,7111.26,5,0,,41.5,1,0,0.0
D003272,high,5553.62,7,0,,25.6,5,0,0.0
D003273,high,9709.87,13,1,1.0,63.4,5,0,-0.01903
D003274,low,1478.59,0,0,,148.3,3,0,0.0
D003275,low,3243.73,7,0,,52.2,2,0,0.0
D003276,low,1482.5,11,0,,17.8,2,1,0.0
D003277,high,11854.32,3,0,,54.8,3,0,0.0
D003278,high,42825.96,17,1,5.0,77.8,2,0,-0.052556
D003279,high,9358.7,1,0,,70.4,4,1,0.0
D003280,high,12520.72,20,1,8.0,59.6,1,0,-0.065775
D003281,high,6559.61,13,1,1.0,79.3,1,1,-0.024651
D003282,high,8311.87,7,0,,129.0,5,0,0.0
D003283,low,1079.29,11,0,,44.5,2,0,0.0
D003284,high,10160.06,20,1,8.0,26.2,1,0,-0.069751
D003285,low,1955.48,3,0,,95.5,3,0,0.0
D003286,high,37530.91,2,0,,127.2,2,0,0.0
D003287,low,4661.5,13,0,,39.6,4,1,0.0
D003288,low,657.99,2,0,,57.8,1,0,0.0
D003289,high,8002.29,9,0,,6.8,6,1,0.0
D003290,low,2167.61,4,0,,41.5,1,0,0.0
D003291,low,1532.13,19,0,,89.7,2,1,0.0
D003292,high,5608.47,6,0,,4.1,2,0,0.0
D003293,low,1360.88,18,0,,75.5,3,0,0.0
D003294,high,29913.55,15,1,3.0,51.5,1,0,-0.079686
D003295,high,26462.82,21,1,9.0,5.7,1,0,-0.068695
D003296,high,5947.04,17,1,5.0,48.5,1,0,-0.068134
D003297,high,7028.53,5,0,,108.8,3,1,0.0
D003298,low,417.16,13,0,,11.6,1,0,0.0
D003299,low,4039.39,19,0,,47.0,1,1,0.0
D003300,high,25812.12,11,0,,17.9,1,0,0.0
D003301,low,624.61,0,0,,91.2,2,0,0.0
D003302,low,1451.1,23,0,,54.8,2,1,0.0
D003303,low,637.87,6,0,,119.8,3,0,0.0
D003304,high,6074.29,1,0,,25.3,1,0,0.0
D003305,high,14652.6,7,0,,101.6,3,0,0.0
D003306,low,3511.17,14,0,,70.3,1,1,0.0
D003307,low,3021.68,3,0,,158.9,3,0,0.0
D003308,high,6005.46,9,0,,29.8,3,0,0.0
D003309,low,4160.78,21,0,,23.6,3,0,0.0
D003310,high,11385.21,7,0,,21.4,4,0,0.0
D003311,high,24983.18,23,1,11.0,102.1,2,0,-0.037919
D003312,low,1755.26,3,0,,24.1,1,0,0.0
D003313,high,8853.72,21,1,9.0,72.0,2,0,-0.046143
D003314,high,12206.57,6,0,,71.7,4,0,0.0
D003315,low,3863.94,15,0,,22.0,4,1,0.0
D003316,low,1306.59,14,0,,113.6,1,0,0.0
D003317,low,4149.96,22,0,,66.2,3,0,0.0
D003318,high,11929.92,14,1,2.0,49.7,1,0,-0.036596
D003319,high,18025.57,5,0,,32.9,5,0,0.0
D003320,low,904.9,11,0,,78.8,5,1,0.0
D003321,low,3237.69,0,0,,43.5,1,0,0.0
D003322,low,1930.78,12,0,,24.5,4,0,0.0
D003323,high,11963.44,3,0,,150.3,6,0,0.0
D003324,high,13885.51,22,1,10.0,28.6,3,0,-0.062146
D003325,high,23158.89,17,1,5.0,10.7,1,0,-0.08129
D003326,high,88472.34,6,0,,45.3,2,0,0.0
D003327,low,3635.16,12,0,,52.1,1,0,0.0
D003328,low,1209.18,0,0,,34.3,1,0,0.0
D003329,high,7043.73,20,1,8.0,56.0,6,0,-0.038108
D003330,high,20653.19,4,0,,27.0,1,0,0.0
D003331,high,54690.04,12,1,0.0,64.7,1,0,0.0
D003332,low,2075.18,1,0,,40.9,1,0,0.0
D003333,high,19450.02,20,1,8.0,33.5,3,0,-0.05343
D003334,low,3592.8,21,0,,58.0,5,0,0.0
D003335,low,387.55,10,0,,46.8,2,0,0.0
D003336,low,312.8,11,0,,14.9,1,0,0.0
D003337,low,2584.09,10,0,,128.7,3,0,0.0
D003338,low,1053.37,21,0,,9.5,3,0,0.0
D003339,low,606.21,0,0,,99.4,6,0,0.0
D003340,high,20376.4,15,1,3.0,85.7,1,1,-0.061427
D003341,high,5449.33,17,1,5.0,51.5,5,0,-0.07242
D003342,high,8784.39,14,1,2.0,135.8,4,0,-0.01639
D003343,high,10610.19,18,1,6.0,28.7,2,0,-0.088186
D003344,high,12524.26,16,1,4.0,11.4,2,0,-0.079415
D003345,high,11693.27,9,0,,34.0,1,0,0.0
D003346,low,308.42,23,0,,42.8,3,0,0.0
D003347,high,22877.87,6,0,,45.7,4,0,0.0
D003348,low,4870.36,22,0,,125.7,5,1,0.0
D003349,high,11464.77,6,0,,24.0,1,0,0.0
D003350,high,13785.33,7,0,,46.0,4,0,0.0
D003351,high,7439.19,16,1,4.0,36.2,4,0,-0.064651
D003352,low,1412.65,3,0,,7.9,5,0,0.0
D003353,high,7408.83,12,1,0.0,63.9,2,0,0.0
D003354,low,4624.56,19,0,,30.5,3,1,0.0
D003355,high,6148.46,1,0,,11.2,3,0,0.0
D003356,high,10070.49,9,0,,4.5,4,0,0.0
D003357,low,1704.62,3,0,,54.8,1,0,0.0
D003358,low,4827.38,18,0,,72.2,5,0,0.0
D003359,high,8040.78,0,0,,83.9,4,0,0.0
D003360,low,4781.55,10,0,,61.4,3,1,0.0
D003361,high,5969.91,21,1,9.0,129.9,1,0,-0.045922
D003362,high,19332.68,20,1,8.0,4.6,1,0,-0.068433
D003363,high,57401.05,22,1,10.0,45.8,5,0,-0.077952
D003364,high,7325.09,20,1,8.0,43.3,1,0,-0.07687
D003365,high,10643.07,10,0,,31.3,1,0,0.0
D003366,high,5251.5,20,1,8.0,61.6,1,0,-0.076448
D003367,low,2686.0,20,0,,43.0,5,0,0.0
D003368,low,2934.71,1,0,,173.6,2,0,0.0
D003369,high,7097.98,5,0,,54.5,5,0,0.0
D003370,low,1530.12,21,0,,79.6,1,0,0.0
D003371,high,10399.39,19,1,7.0,46.6,2,0,-0.069447
D003372,high,7263.0,12,1,0.0,48.0,2,0,0.0
D003373,low,2668.37,7,0,,55.4,4,1,0.0
D003374,high,24211.81,0,0,,59.7,5,0,0.0
D003375,high,18413.98,5,0,,23.9,1,0,0.0
D003376,low,834.72,17,0,,30.2,2,0,0.0
D003377,high,20468.67,4,0,,9.5,6,0,0.0
D003378,high,32060.51,10,0,,15.0,2,1,0.0
D003379,low,2289.57,4,0,,24.6,2,0,0.0
D003380,high,7204.09,9,0,,117.7,2,0,0.0
D003381,high,10450.47,18,1,6.0,32.1,1,0,-0.085519
D003382,low,1158.21,0,0,,48.2,1,0,0.0
D003383,high,9943.5,13,1,1.0,36.7,4,0,-0.018494
D003384,high,21925.49,9,0,,31.9,3,0,0.0
D003385,high,11962.53,19,1,7.0,65.5,5,0,-0.050892
D003386,low,4104.27,12,0,,22.4,4,0,0.0
D003387,high,6234.63,2,0,,24.4,3,0,0.0
D003388,low,4085.0,4,0,,111.2,3,0,0.0
D003389,high,16779.16,5,0,,118.5,6,0,0.0
D003390,high,5171.35,14,1,2.0,29.4,3,0,-0.062211
D003391,high,11291.49,16,1,4.0,112.6,5,0,-0.047631
D003392,low,877.82,19,0,,108.7,1,1,0.0
D003393,low,1146.91,0,0,,47.2,1,0,0.0
D003394,high,10194.53,14,1,2.0,54.4,3,0,-0.033103
D003395,high,7022.47,11,0,,1.8,5,0,0.0
D003396,low,728.37,15,0,,12.3,1,0,0.0
D003397,low,1428.08,13,0,,68.4,2,0,0.0
D003398,high,52549.93,11,0,,73.2,2,0,0.0
D003399,high,37476.56,10,0,,59.1,2,0,0.0
D003400,low,2269.61,7,0,,121.0,4,1,0.0
D003401,high,33880.42,12,1,0.0,83.3,3,0,0.0
D003402,high,19211.55,19,1,7.0,112.6,2,0,-0.063712
D003403,high,7785.29,3,0,,25.6,4,0,0.0
D003404,high,8035.53,17,1,5.0,32.4,1,0,-0.050045
D003405,high,35359.67,1,0,,23.6,2,0,0.0
D003406,low,2585.73,15,0,,34.9,1,0,0.0
D003407,high,11318.64,14,1,2.0,9.4,4,0,-0.053464
D003408,high,23132.77,7,0,,65.3,4,1,0.0
D003409,low,3955.03,9,0,,33.6,3,0,0.0
D003410,low,2292.97,18,0,,51.6,1,1,0.0
D003411,low,2555.98,15,0,,11.6,4,0,0.0
D003412,low,585.53,7,0,,37.1,1,0,0.0
D003413,low,4606.21,15,0,,44.2,2,0,0.0
D003414,high,19292.29,0,0,,27.0,4,0,0.0
D003415,high,7811.46,5,0,,45.3,2,0,0.0
D003416,low,2024.32,5,0,,13.7,3,0,0.0
D003417,high,5423.61,12,1,0.0,36.1,1,0,0.0
D003418,high,11829.38,19,1,7.0,140.1,3,0,-0.027015
D003419,low,1467.51,12,0,,38.6,4,0,0.0
D003420,low,2093.36,1,0,,57.5,1,0,0.0
D003421,low,4208.41,19,0,,81.6,2,0,0.0
D003422,low,4761.37,9,0,,126.3,1,0,0.0
D003423,high,9796.89,20,1,8.0,86.4,1,0,-0.063957
D003424,low,1771.1,10,0,,129.2,1,0,0.0
D003425,low,3732.51,6,0,,110.7,5,0,0.0
D003426,high,7774.23,7,0,,194.6,4,0,0.0
D003427,high,17248.23,12,1,0.0,28.6,3,0,0.0
D003428,high,30257.42,0,0,,98.8,5,0,0.0
D003429,high,6166.07,2,0,,32.1,1,0,0.0
D003430,low,1783.07,7,0,,6.2,3,0,0.0
D003431,high,20502.64,14,1,2.0,64.0,1,0,-0.028701
D003432,low,4544.38,17,0,,116.4,2,0,0.0
D003433,low,377.53,21,0,,63.3,1,0,0.0
D003434,high,14961.79,22,1,10.0,63.0,2,0,-0.047347
D003435,low,678.04,18,0,,3.2,2,0,0.0
D003436,high,27974.95,3,0,,201.1,2,0,0.0
D003437,high,15628.47,12,1,0.0,14.7,1,1,0.0
D003438,high,17402.77,0,0,,37.5,2,1,0.0
D003439,high,63421.4,18,1,6.0,39.9,2,0,-0.089005
D003440,low,1126.42,23,0,,107.1,4,0,0.0
D003441,high,9027.14,10,0,,38.6,1,0,0.0
D003442,high,6258.42,8,0,,85.5,4,0,0.0
D003443,low,2050.27,4,0,,36.2,4,0,0.0
D003444,high,17830.73,4,0,,87.8,3,0,0.0
D003445,low,3445.53,4,0,,83.2,3,0,0.0
D003446,high,14773.24,23,1,11.0,55.9,4,1,-0.079402
D003447,high,18466.98,11,0,,70.6,4,0,0.0
D003448,high,16334.48,23,1,11.0,93.1,3,0,-0.064198
D003449,high,5064.57,5,0,,10.3,1,0,0.0
D003450,low,2384.67,13,0,,67.6,4,0,0.0
D003451,high,8036.0,12,1,0.0,45.6,4,0,0.0
D003452,high,5130.98,2,0,,19.5,2,0,0.0
D003453,low,1975.88,15,0,,53.6,6,0,0.0
D003454,high,16416.49,21,1,9.0,16.8,2,0,-0.079794
D003455,high,20155.84,4,0,,20.5,1,0,0.0
D003456,high,5213.99,22,1,10.0,46.1,2,0,-0.04478
D003457,high,5377.56,17,1,5.0,41.8,3,0,-0.082896
D003458,low,3369.81,5,0,,47.3,1,0,0.0
D003459,low,2946.46,10,0,,91.4,2,0,0.0
D003460,high,13285.46,13,1,1.0,85.4,1,0,-0.024228
D003461,high,7704.61,14,1,2.0,103.6,3,0,-0.028487
D003462,low,958.46,20,0,,56.6,2,1,0.0
D003463,low,3016.45,6,0,,102.4,1,0,0.0
D003464,low,883.91,2,0,,77.0,3,0,0.0
D003465,low,3637.73,20,0,,96.1,1,0,0.0
D003466,low,3272.67,17,0,,74.5,2,0,0.0
D003467,high,27900.82,14,1,2.0,14.3,5,0,-0.06867
D003468,high,23034.8,23,1,11.0,23.4,2,0,-0.059599
D003469,low,4719.88,14,0,,138.5,2,1,0.0
D003470,high,5092.71,6,0,,91.1,3,0,0.0
D003471,high,5420.36,11,0,,115.4,4,0,0.0
D003472,low,3242.57,13,0,,50.1,1,1,0.0
D003473,high,36971.41,9,0,,139.3,5,0,0.0
D003474,high,9507.86,8,0,,36.1,5,0,0.0
D003475,low,222.82,1,0,,53.8,2,1,0.0
D003476,low,2468.62,21,0,,94.6,2,0,0.0
D003477,high,9576.48,5,0,,48.1,2,0,0.0
D003478,high,15270.81,18,1,6.0,17.4,5,0,-0.091044
D003479,low,2092.05,21,0,,138.0,1,0,0.0
D003480,high,5970.63,16,1,4.0,32.2,3,0,-0.043839
D003481,low,3833.3,11,0,,59.4,5,0,0.0
D003482,high,63644.51,23,1,11.0,155.0,3,0,-0.031373
D003483,low,2803.89,18,0,,17.8,1,1,0.0
D003484,high,17962.47,19,1,7.0,29.4,4,0,-0.091948
D003485,high,20689.01,8,0,,33.6,1,1,0.0
D003486,low,3152.95,4,0,,17.0,1,0,0.0
D003487,high,13457.23,20,1,8.0,49.0,4,0,-0.070351
D003488,low,1353.73,22,0,,118.9,2,0,0.0
D003489,high,5789.07,10,0,,13.4,1,0,0.0
D003490,low,3895.09,5,0,,80.1,1,0,0.0
D003491,high,6628.52,19,1,7.0,52.6,2,0,-0.060918
D003492,high,30140.82,9,0,,63.0,2,1,0.0
D003493,high,5828.29,0,0,,78.8,4,0,0.0
D003494,high,8350.62,10,0,,76.5,3,0,0.0
D003495,high,7588.27,23,1,11.0,4.6,1,0,-0.048405
D003496,high,5880.93,8,0,,61.2,2,0,0.0
D003497,low,3751.07,6,0,,45.5,4,0,0.0
D003498,low,2542.72,0,0,,35.7,1,0,0.0
D003499,high,22528.19,4,0,,116.7,2,0,0.0
D003500,low,2083.79,9,0,,67.6,4,0,0.0
D003501,low,1262.29,15,0,,11.0,3,1,0.0
D003502,low,3455.23,0,0,,52.9,3,0,0.0
D003503,low,1987.0,17,0,,36.4,4,0,0.0
D003504,high,22559.95,12,1,0.0,56.8,4,0,0.0
D003505,low,682.76,21,0,,80.5,1,0,0.0
D003506,low,2925.19,0,0,,54.2,2,0,0.0
D003507,low,4080.97,8,0,,41.5,1,1,0.0
D003508,high,11828.8,2,0,,75.6,2,0,0.0
D003509,high,18255.62,5,0,,1.4,5,0,0.0
D003510,low,1927.22,10,0,,42.7,1,1,0.0
D003511,high,6410.79,6,0,,92.0,2,0,0.0
D003512,low,411.17,15,0,,169.2,1,0,0.0
D003513,low,2965.56,17,0,,67.3,2,0,0.0
D003514,high,6418.7,7,0,,107.0,2,0,0.0
D003515,low,1785.03,8,0,,48.4,3,0,0.0
D003516,low,2879.18,14,0,,8.9,1,0,0.0
D003517,high,9199.41,19,1,7.0,25.1,2,0,-0.07333
D003518,high,17790.06,11,0,,231.2,3,0,0.0
D003519,low,2714.31,0,0,,53.2,2,0,0.0
D003520,low,556.1,6,0,,141.0,2,0,0.0
D003521,high,16075.77,21,1,9.0,9.3,4,0,-0.044062
D003522,low,4783.74,1,0,,63.2,2,0,0.0
D003523,low,670.6,21,0,,109.2,2,0,0.0
D003524,low,2073.07,21,0,,40.1,2,0,0.0
D003525,high,6901.73,21,1,9.0,15.5,1,0,-0.063718
D003526,low,1156.76,19,0,,50.2,1,0,0.0
D003527,low,2656.63,3,0,,170.0,3,1,0.0
D003528,high,8734.72,16,1,4.0,101.5,3,0,-0.081771
D003529,high,5967.4,1,0,,58.5,3,0,0.0
D003530,high,8135.92,7,0,,61.7,5,0,0.0
D003531,high,32045.91,7,0,,43.6,1,0,0.0
D003532,low,571.81,16,0,,23.6,1,1,0.0
D003533,high,6033.87,18,1,6.0,65.9,3,0,-0.058177
D003534,low,2436.09,0,0,,99.1,1,0,0.0
D003535,high,20956.82,5,0,,48.7,4,0,0.0
D003536,low,1685.81,3,0,,46.4,3,0,0.0
D003537,high,11600.06,13,1,1.0,34.9,3,0,-0.021558
D003538,high,9597.27,0,0,,24.0,3,0,0.0
D003539,low,3369.85,21,0,,187.4,2,0,0.0
D003540,high,6297.93,23,1,11.0,16.3,3,0,-0.075713
D003541,low,650.13,18,0,,81.2,3,0,0.0
D003542,high,17001.28,22,1,10.0,72.4,1,0,-0.049339
D003543,low,954.82,16,0,,10.7,2,1,0.0
D003544,low,2134.81,14,0,,132.6,3,0,0.0
D003545,high,16042.72,15,1,3.0,80.5,3,0,-0.058109
D003546,low,2878.0,17,0,,22.0,2,0,0.0
D003547,low,945.84,8,0,,22.6,1,0,0.0
D003548,low,1589.25,23,0,,7.6,4,1,0.0
D003549,low,1581.02,12,0,,57.5,1,1,0.0
D003550,high,96243.7,22,1,10.0,68.8,5,0,-0.054629
D003551,high,5781.82,20,1,8.0,49.5,3,0,-0.047386
D003552,low,1602.79,5,0,,23.3,3,0,0.0
D003553,low,4630.56,10,0,,164.1,1,0,0.0
D003554,high,9388.64,12,1,0.0,5.1,1,0,0.0
D003555,low,1990.39,13,0,,32.0,5,0,0.0
D003556,low,1725.77,18,0,,42.0,1,0,0.0
D003557,low,3834.55,20,0,,80.7,2,0,0.0
D003558,high,6537.45,2,0,,68.2,2,0,0.0
D003559,low,3133.71,20,0,,173.7,2,0,0.0
D003560,high,6180.55,15,1,3.0,78.8,2,0,-0.068387
D003561,low,1039.11,5,0,,58.3,4,0,0.0
D003562,low,4142.8,4,0,,41.7,2,0,0.0
D003563,high,74792.0,2,0,,99.5,4,1,0.0
D003564,high,30705.24,18,1,6.0,61.7,2,0,-0.06249
D003565,high,9713.09,20,1,8.0,56.6,1,0,-0.034565
D003566,low,1033.41,10,0,,69.7,2,0,0.0
D003567,low,437.78,17,0,,127.8,1,0,0.0
D003568,high,23934.84,22,1,10.0,58.1,4,0,-0.077959
D003569,low,2219.9,9,0,,88.1,5,1,0.0
D003570,low,3739.28,2,0,,18.0,2,0,0.0
D003571,low,1045.81,17,0,,16.4,1,0,0.0
D003572,high,16823.32,16,1,4.0,52.7,3,0,-0.049219
D003573,high,5969.01,23,1,11.0,36.9,2,0,-0.046474
D003574,low,2621.65,17,0,,125.8,2,0,0.0
D003575,low,4799.81,2,0,,29.4,4,0,0.0
D003576,high,12408.72,23,1,11.0,11.0,2,0,-0.084561
D003577,low,1190.0,4,0,,49.0,3,0,0.0
D003578,high,5483.49,3,0,,56.0,1,1,0.0
D003579,high,8181.23,7,0,,99.8,1,0,0.0
D003580,high,5573.79,15,1,3.0,56.8,1,0,-0.062827
D003581,high,24812.79,15,1,3.0,78.5,2,0,-0.069073
D003582,high,10167.49,20,1,8.0,98.9,2,0,-0.059465
D003583,high,22374.43,13,1,1.0,132.6,2,0,-0.011523
D003584,high,8191.37,11,0,,89.6,5,0,0.0
D003585,high,24880.67,22,1,10.0,27.9,2,0,-0.072013
D003586,low,276.36,13,0,,13.8,1,0,0.0
D003587,low,4895.61,1,0,,25.7,1,1,0.0
D003588,high,12737.01,12,1,0.0,66.5,3,0,0.0
D003589,low,1109.91,19,0,,54.7,2,0,0.0
D003590,low,327.68,2,0,,62.1,2,1,0.0
D003591,low,3787.58,23,0,,52.8,1,0,0.0
D003592,high,7283.25,15,1,3.0,23.2,3,0,-0.069584
D003593,low,1765.2,1,0,,98.9,4,0,0.0
D003594,low,4543.95,7,0,,31.3,1,0,0.0
D003595,low,1353.99,13,0,,22.1,6,0,0.0
D003596,low,1303.05,1,0,,90.4,3,0,0.0
D003597,high,19382.51,12,1,0.0,26.1,3,0,0.0
D003598,low,2548.97,15,0,,73.1,1,0,0.0
D003599,high,10085.82,5,0,,80.6,2,0,0.0
D003600,high,11643.7,15,1,3.0,41.2,2,0,-0.060204
D003601,low,2639.16,0,0,,24.9,2,0,0.0
D003602,low,1125.67,5,0,,28.0,6,0,0.0
D003603,high,12413.91,2,0,,79.6,2,0,0.0
D003604,high,12244.19,12,1,0.0,77.5,1,0,0.0
D003605,low,1379.57,11,0,,87.3,3,0,0.0
D003606,low,4893.45,15,0,,45.5,1,0,0.0
D003607,high,7643.73,1,0,,38.1,2,0,0.0
D003608,low,1377.35,0,0,,100.8,1,0,0.0
D003609,low,2571.92,7,0,,6.0,2,0,0.0
D003610,low,2128.55,23,0,,26.9,3,0,0.0
D003611,high,32039.45,4,0,,39.5,3,0,0.0
D003612,high,19844.17,0,0,,84.9,4,1,0.0
D003613,high,20606.32,10,0,,103.5,2,0,0.0
D003614,high,6597.91,2,0,,128.9,1,0,0.0
D003615,high,15503.27,1,0,,57.7,2,0,0.0
D003616,low,2544.77,17,0,,32.1,1,0,0.0
D003617,low,792.41,7,0,,36.2,2,0,0.0
D003618,low,2329.76,2,0,,16.1,2,0,0.0
D003619,low,3962.16,21,0,,54.7,3,0,0.0
D003620,low,4535.38,9,0,,33.1,2,1,0.0
D003621,low,2522.23,15,0,,120.1,1,1,0.0
D003622,low,1177.94,0,0,,21.7,2,0,0.0
D003623,high,47674.67,8,0,,58.8,2,0,0.0
D003624,high,5921.28,3,0,,66.9,4,0,0.0
D003625,high,19778.23,5,0,,37.2,4,0,0.0
D003626,high,7058.71,14,1,2.0,29.4,4,0,-0.057449
D003627,high,7248.51,20,1,8.0,42.2,1,0,-0.071981
D003628,high,12177.16,7,0,,70.3,1,1,0.0
D003629,high,28221.94,10,0,,67.0,4,0,0.0
D003630,high,11309.23,16,1,4.0,16.0,1,0,-0.078104
D003631,low,2245.92,11,0,,55.2,2,0,0.0
D003632,high,18828.38,11,0,,79.4,1,0,0.0
D003633,low,1225.42,0,0,,60.0,3,1,0.0
D003634,low,1699.02,7,0,,58.0,1,0,0.0
D003635,low,2042.01,13,0,,73.8,2,1,0.0
D003636,low,3689.01,7,0,,70.1,2,0,0.0
D003637,low,3725.86,5,0,,57.0,1,0,0.0
D003638,low,2303.92,14,0,,30.7,2,0,0.0
D003639,low,1862.87,11,0,,206.6,2,0,0.0
D003640,high,6190.52,22,1,10.0,38.5,3,0,-0.052553
D003641,high,6659.76,19,1,7.0,63.0,1,0,-0.062377
D003642,high,25498.55,7,0,,14.2,6,0,0.0
D003643,high,21920.29,16,1,4.0,57.8,3,0,-0.084223
D003644,low,923.88,5,0,,31.9,2,0,0.0
D003645,high,25501.76,21,1,9.0,11.5,3,0,-0.078823
D003646,high,6195.31,1,0,,21.9,1,0,0.0
D003647,low,2398.66,8,0,,49.4,2,0,0.0
D003648,high,17303.88,1,0,,26.9,1,0,0.0
D003649,high,5275.35,6,0,,69.4,3,0,0.0
D003650,high,10686.27,18,1,6.0,34.0,5,0,-0.051128
D003651,low,3353.9,10,0,,100.3,2,0,0.0
D003652,high,11089.97,18,1,6.0,86.0,1,0,-0.065029
D003653,high,6758.44,14,1,2.0,54.9,1,0,-0.053816
D003654,low,1992.02,10,0,,30.1,1,1,0.0
D003655,low,3099.7,10,0,,52.9,3,0,0.0
D003656,low,4276.21,17,0,,53.1,2,1,0.0
D003657,high,8028.27,8,0,,76.5,2,0,0.0
D003658,low,2793.21,20,0,,37.0,2,0,0.0
D003659,high,59261.8,20,1,8.0,94.8,2,0,-0.037902
D003660,high,8631.32,2,0,,50.9,2,0,0.0
D003661,low,2279.54,7,0,,35.8,4,0,0.0
D003662,high,7550.95,6,0,,70.8,4,0,0.0
D003663,high,19101.7,23,1,11.0,16.8,2,0,-0.050065
D003664,high,71693.15,19,1,7.0,189.6,5,0,-0.027199
D003665,low,3511.4,12,0,,93.0,1,1,0.0
D003666,low,3861.56,22,0,,38.2,2,1,0.0
D003667,high,10435.02,16,1,4.0,127.9,4,0,-0.034729
D003668,low,3344.79,1,0,,43.6,3,0,0.0
D003669,high,6121.2,15,1,3.0,37.8,3,0,-0.061737
D003670,low,4363.79,10,0,,111.5,3,0,0.0
D003671,low,2464.88,13,0,,18.3,3,0,0.0
D003672,high,37193.11,6,0,,58.1,5,0,0.0
D003673,high,15691.83,22,1,10.0,79.4,2,0,-0.0712
D003674,high,6008.53,18,1,6.0,70.0,1,0,-0.042842
D003675,high,21550.75,14,1,2.0,166.5,1,0,-0.022881
D003676,high,8425.75,11,0,,82.4,4,0,0.0
D003677,high,26482.8,0,0,,133.5,2,1,0.0
D003678,low,3006.78,13,0,,105.3,6,0,0.0
D003679,high,36552.46,2,0,,65.5,4,0,0.0
D003680,high,23950.63,13,1,1.0,135.1,1,0,-0.019642
D003681,low,3327.95,15,0,,33.8,3,0,0.0
D003682,low,4149.4,23,0,,78.1,1,0,0.0
D003683,high,8699.41,8,0,,70.2,4,0,0.0
D003684,high,17922.32,14,1,2.0,47.8,5,0,-0.039696
D003685,high,5135.11,10,0,,29.4,2,0,0.0
D003686,low,2527.43,0,0,,200.9,4,0,0.0
D003687,low,3383.57,6,0,,151.9,1,1,0.0
D003688,low,4967.47,15,0,,85.4,1,0,0.0
D003689,high,10181.01,2,0,,49.4,3,0,0.0
D003690,high,6282.66,6,0,,32.6,4,1,0.0
D003691,low,4522.72,13,0,,58.6,2,1,0.0
D003692,low,2801.08,13,0,,202.2,1,0,0.0
D003693,high,17845.59,15,1,3.0,88.7,2,0,-0.047095
D003694,high,18610.07,0,0,,67.2,1,1,0.0
D003695,low,3592.98,13,0,,9.1,2,0,0.0
D003696,high,11291.21,12,1,0.0,45.2,1,0,0.0
D003697,low,1750.78,11,0,,23.4,1,1,0.0
D003698,high,5828.43,18,1,6.0,79.6,3,0,-0.02748
D003699,high,9220.39,0,0,,85.8,1,0,0.0
D003700,low,3427.56,1,0,,35.9,3,0,0.0
D003701,high,5249.84,2,0,,32.3,4,0,0.0
D003702,high,9634.21,18,1,6.0,19.4,2,0,-0.058245
D003703,low,3067.11,10,0,,44.6,2,0,0.0
D003704,high,7509.1,7,0,,23.5,1,1,0.0
D003705,high,11032.2,3,0,,56.4,3,0,0.0
D003706,low,3028.59,17,0,,89.4,4,0,0.0
D003707,high,8658.07,9,0,,61.6,4,0,0.0
D003708,high,6233.5,4,0,,22.8,3,0,0.0
D003709,high,41436.34,22,1,10.0,6.0,3,0,-0.070502
D003710,high,19074.82,17,1,5.0,24.6,2,0,-0.060113
D003711,high,8324.99,5,0,,2.2,3,0,0.0
D003712,low,869.39,21,0,,143.5,3,0,0.0
D003713,high,6860.22,11,0,,22.7,2,0,0.0
D003714,low,935.29,7,0,,5.6,2,1,0.0
D003715,low,3044.64,19,0,,27.8,1,0,0.0
D003716,low,3807.34,21,0,,184.3,4,0,0.0
D003717,high,25043.88,21,1,9.0,58.8,1,0,-0.076351
D003718,low,2173.09,3,0,,35.1,2,0,0.0
D003719,high,9607.83,14,1,2.0,67.8,2,0,-0.042418
D003720,high,5516.12,2,0,,67.5,1,0,0.0
D003721,low,3391.43,5,0,,100.3,2,0,0.0
D003722,low,4069.08,4,0,,19.2,3,0,0.0
D003723,low,2684.86,7,0,,153.4,1,0,0.0
D003724,low,2574.71,21,0,,51.6,1,0,0.0
D003725,low,4351.34,1,0,,79.8,5,0,0.0
D003726,high,38071.68,19,1,7.0,50.0,5,0,-0.053943
D003727,high,5707.19,11,0,,31.6,1,0,0.0
D003728,high,27283.22,2,0,,61.0,4,0,0.0
D003729,low,1443.07,22,0,,51.5,3,0,0.0
D003730,high,40252.69,20,1,8.0,48.1,1,0,-0.04716
D003731,low,1423.36,10,0,,62.0,5,1,0.0
D003732,high,29158.49,21,1,9.0,136.0,2,0,-0.026697
D003733,low,1145.38,12,0,,64.8,2,0,0.0
D003734,low,2240.04,21,0,,88.0,4,0,0.0
D003735,low,4711.99,18,0,,24.2,3,1,0.0
D003736,high,8698.8,3,0,,83.8,4,0,0.0
D003737,high,7281.75,22,1,10.0,50.9,4,0,-0.067084
D003738,high,27745.55,6,0,,32.5,3,0,0.0
D003739,high,50359.75,17,1,5.0,55.2,2,0,-0.077321
D003740,low,473.57,8,0,,68.8,1,0,0.0
D003741,low,3423.86,0,0,,48.8,1,0,0.0
D003742,low,4403.4,23,0,,54.4,2,0,0.0
D003743,high,10845.02,21,1,9.0,59.0,1,1,-0.052245
D003744,high,22005.39,21,1,9.0,75.1,3,0,-0.091247
D003745,low,2604.59,20,0,,67.9,2,1,0.0
D003746,high,13537.88,21,1,9.0,59.6,2,0,-0.043464
D003747,low,4228.62,9,0,,65.4,5,0,0.0
D003748,high,7314.86,9,0,,17.2,4,0,0.0
D003749,high,5267.33,20,1,8.0,78.5,3,0,-0.073842
D003750,high,7370.04,17,1,5.0,39.7,3,0,-0.057302
D003751,low,4117.71,20,0,,29.6,2,0,0.0
D003752,low,4122.23,9,0,,93.4,2,0,0.0
D003753,low,1230.72,0,0,,62.9,1,0,0.0
D003754,high,10502.67,19,1,7.0,24.2,4,0,-0.090936
D003755,high,16979.94,2,0,,52.0,2,0,0.0
D003756,low,2382.38,5,0,,31.6,4,0,0.0
D003757,high,5425.17,19,1,7.0,128.0,1,0,-0.056234
D003758,high,11645.39,9,0,,99.9,2,0,0.0
D003759,low,2247.66,15,0,,123.5,5,0,0.0
D003760,low,1088.34,22,0,,35.8,3,0,0.0
D003761,high,7728.98,1,0,,36.5,4,0,0.0
D003762,low,3640.96,13,0,,42.1,3,0,0.0
D003763,low,3056.09,2,0,,5.6,3,0,0.0
D003764,high,10914.23,14,1,2.0,178.7,1,0,-0.020725
D003765,high,5713.07,14,1,2.0,31.0,2,1,-0.044031
D003766,high,16216.16,2,0,,27.0,4,1,0.0
D003767,high,5961.34,0,0,,89.1,1,1,0.0
D003768,high,12503.37,12,1,0.0,42.7,2,0,0.0
D003769,low,1919.15,3,0,,39.2,1,1,0.0
D003770,high,11761.39,6,0,,132.8,2,0,0.0
D003771,low,1473.6,14,0,,4.4,1,0,0.0
D003772,high,9948.9,0,0,,23.7,2,0,0.0
D003773,low,733.33,16,0,,27.7,3,1,0.0
D003774,high,5482.15,18,1,6.0,13.1,1,0,-0.046156
D003775,low,3742.63,5,0,,82.8,4,0,0.0
D003776,high,6471.16,14,1,2.0,47.3,3,0,-0.077859
D003777,high,14398.63,7,0,,56.8,1,0,0.0
D003778,low,2143.84,0,0,,133.6,1,0,0.0
D003779,low,1436.57,22,0,,20.5,2,0,0.0
D003780,high,7221.89,17,1,5.0,122.3,3,0,-0.027415
D003781,low,1492.3,23,0,,18.6,2,0,0.0
D003782,high,54260.83,20,1,8.0,74.8,2,0,-0.023531
D003783,low,3923.68,14,0,,16.9,3,0,0.0
D003784,high,9689.92,4,0,,28.7,3,0,0.0
D003785,high,7003.98,6,0,,35.4,3,0,0.0
D003786,high,5923.82,20,1,8.0,161.3,2,0,-0.04227
D003787,high,17163.24,6,0,,91.6,4,0,0.0
D003788,low,1807.22,0,0,,65.0,4,0,0.0
D003789,high,14873.02,1,0,,160.6,1,0,0.0
D003790,low,4385.36,18,0,,42.5,2,0,0.0
D003791,high,17925.44,4,0,,47.4,1,0,0.0
D003792,low,2100.22,21,0,,49.4,4,0,0.0
D003793,low,2406.04,11,0,,18.0,1,0,0.0
D003794,high,122768.02,20,1,8.0,21.5,1,0,-0.070516
D003795,high,8019.26,17,1,5.0,37.0,1,0,-0.053568
D003796,low,3041.41,17,0,,142.1,1,0,0.0
D003797,high,5162.22,13,1,1.0,113.9,1,0,-0.026841
D003798,high,19691.15,2,0,,28.7,4,0,0.0
D003799,high,14719.78,20,1,8.0,45.5,4,0,-0.061924
D003800,high,14936.96,20,1,8.0,107.9,1,0,-0.064265
D003801,low,660.18,11,0,,81.3,2,0,0.0
D003802,high,6183.56,13,1,1.0,54.0,4,0,-0.020757
D003803,high,8147.1,8,0,,86.5,3,0,0.0
D003804,low,1025.38,13,0,,75.4,1,0,0.0
D003805,low,4109.47,9,0,,29.6,2,0,0.0
D003806,low,3984.92,23,0,,109.4,2,0,0.0
D003807,low,1727.65,13,0,,75.7,2,0,0.0
D003808,high,5726.34,10,0,,59.9,2,0,0.0
D003809,low,1186.12,14,0,,49.4,1,0,0.0
D003810,low,2103.81,2,0,,103.7,1,0,0.0
D003811,high,16466.87,9,0,,43.8,3,0,0.0
D003812,high,7911.42,15,1,3.0,33.4,3,0,-0.089982
D003813,low,4504.17,18,0,,104.0,1,0,0.0
D003814,low,725.98,17,0,,28.9,1,0,0.0
D003815,low,2141.47,7,0,,124.0,2,0,0.0
D003816,high,34300.34,4,0,,70.2,2,0,0.0
D003817,low,4769.51,2,0,,112.5,4,0,0.0
D003818,low,3060.21,16,0,,88.8,2,0,0.0
D003819,high,30297.64,4,0,,27.0,4,0,0.0
D003820,high,10004.77,15,1,3.0,96.8,1,0,-0.041677
D003821,low,3486.58,14,0,,71.4,5,0,0.0
D003822,high,6652.33,12,1,0.0,152.8,5,1,0.0
D003823,high,5252.94,21,1,9.0,98.6,5,0,-0.043604
D003824,low,631.0,8,0,,50.2,1,0,0.0
D003825,low,1980.24,18,0,,35.2,1,0,0.0
D003826,low,2502.12,15,0,,90.7,2,0,0.0
D003827,low,1842.35,14,0,,67.5,2,0,0.0
D003828,high,6001.4,22,1,10.0,65.7,3,0,-0.067067
D003829,low,1573.3,21,0,,33.2,4,1,0.0
D003830,low,2976.14,17,0,,15.1,5,0,0.0
D003831,low,3069.05,17,0,,63.2,1,0,0.0
D003832,high,9567.92,16,1,4.0,75.1,3,0,-0.052023
D003833,high,5725.38,6,0,,59.1,1,0,0.0
D003834,low,873.45,16,0,,29.2,4,0,0.0
D003835,high,6954.97,10,0,,118.2,2,0,0.0
D003836,high,7071.02,15,1,3.0,74.3,2,0,-0.065705
D003837,high,7281.57,2,0,,77.1,1,0,0.0
D003838,low,4867.71,11,0,,57.3,3,0,0.0
D003839,low,4198.73,23,0,,55.0,2,0,0.0
D003840,high,7949.43,22,1,10.0,105.2,2,0,-0.058288
D003841,high,55636.81,12,1,0.0,59.3,1,0,0.0
D003842,low,1463.15,21,0,,67.6,2,1,0.0
D003843,low,2496.7,16,0,,46.3,5,0,0.0
D003844,high,18271.47,8,0,,18.0,4,0,0.0
D003845,low,4564.18,3,0,,38.5,4,0,0.0
D003846,low,2784.27,16,0,,73.5,3,0,0.0
D003847,high,11561.04,15,1,3.0,34.8,1,0,-0.055043
D003848,high,35255.55,18,1,6.0,72.8,3,0,-0.055229
D003849,low,2451.24,14,0,,105.6,1,0,0.0
D003850,high,21372.05,6,0,,11.8,1,0,0.0
D003851,high,7252.41,11,0,,92.0,2,0,0.0
D003852,low,3867.34,6,0,,58.7,1,0,0.0
D003853,high,16545.7,19,1,7.0,36.1,3,0,-0.068657
D003854,high,5069.33,23,1,11.0,110.4,4,0,-0.035931
D003855,low,4027.38,21,0,,39.3,1,1,0.0
D003856,low,3247.77,0,0,,65.7,3,0,0.0
D003857,low,5007.83,15,0,,16.3,3,1,0.0
D003858,low,4284.87,15,0,,19.6,5,1,0.0
D003859,low,676.09,7,0,,19.3,5,1,0.0
D003860,low,1670.84,2,0,,108.5,1,0,0.0
D003861,low,1223.28,5,0,,35.5,4,0,0.0
D003862,low,669.6,8,0,,66.6,2,0,0.0
D003863,low,2793.74,12,0,,115.8,1,0,0.0
D003864,high,6638.14,4,0,,72.4,3,0,0.0
D003865,high,6000.62,5,0,,43.5,5,0,0.0
D003866,high,11209.59,7,0,,24.4,6,0,0.0
D003867,high,18107.32,5,0,,78.2,3,1,0.0
D003868,high,25786.36,7,0,,53.7,3,0,0.0
D003869,high,7498.04,14,1,2.0,72.0,2,0,-0.031506
D003870,high,6009.87,16,1,4.0,52.2,4,0,-0.069614
D003871,low,599.8,8,0,,46.8,2,0,0.0
D003872,low,1791.18,12,0,,133.9,1,1,0.0
D003873,high,20303.29,23,1,11.0,59.3,4,0,-0.027919
D003874,high,39172.24,9,0,,94.3,4,0,0.0
D003875,high,6281.37,4,0,,124.3,4,0,0.0
D003876,high,34543.67,15,1,3.0,18.3,4,0,-0.06157
D003877,low,4470.23,13,0,,14.9,3,0,0.0
D003878,high,27770.95,14,1,2.0,36.0,1,0,-0.048774
D003879,low,1390.82,15,0,,31.2,4,0,0.0
D003880,low,4471.67,2,0,,56.2,1,0,0.0
D003881,low,2861.05,2,0,,72.9,3,0,0.0
D003882,high,12316.84,22,1,10.0,23.2,2,1,-0.082677
D003883,high,18951.25,10,0,,22.7,5,0,0.0
D003884,low,4345.49,15,0,,26.2,2,0,0.0
D003885,high,8092.09,5,0,,28.4,3,0,0.0
D003886,low,1622.59,1,0,,36.9,5,1,0.0
D003887,high,13669.17,23,1,11.0,13.2,5,0,-0.056902
D003888,low,3749.08,13,0,,171.2,2,0,0.0
D003889,high,17090.84,15,1,3.0,51.8,3,0,-0.078673
D003890,high,10764.06,2,0,,25.8,3,0,0.0
D003891,high,16227.87,3,0,,41.0,6,0,0.0
D003892,high,19216.2,10,0,,71.5,2,0,0.0
D003893,high,5141.2,22,1,10.0,53.0,5,0,-0.057222
D003894,high,26429.49,10,0,,17.0,2,1,0.0
D003895,low,4065.11,11,0,,34.0,1,0,0.0
D003896,low,2583.28,12,0,,55.9,2,0,0.0
D003897,high,38271.2,9,0,,6.5,3,0,0.0
D003898,high,18321.03,6,0,,36.2,3,0,0.0
D003899,high,21244.15,11,0,,87.4,3,0,0.0
D003900,low,1795.86,5,0,,29.8,5,0,0.0
D003901,high,35519.58,0,0,,113.2,1,0,0.0
D003902,high,17015.15,20,1,8.0,33.8,2,0,-0.060191
D003903,low,1350.05,14,0,,43.1,2,0,0.0
D003904,high,13088.45,18,1,6.0,51.8,2,0,-0.061436
D003905,high,12965.02,23,1,11.0,10.8,1,0,-0.075215
D003906,low,4178.89,1,0,,2.2,1,0,0.0
D003907,low,4812.67,10,0,,30.1,3,1,0.0
D003908,high,8802.78,4,0,,6.4,4,0,0.0
D003909,low,4218.48,21,0,,61.5,1,0,0.0
D003910,low,1931.03,16,0,,67.0,2,0,0.0
D003911,low,1457.25,15,0,,65.2,2,0,0.0
D003912,high,43434.98,9,0,,20.9,2,1,0.0
D003913,low,1597.54,14,0,,84.5,6,0,0.0
D003914,low,3963.44,3,0,,75.8,2,0,0.0
D003915,low,4464.47,17,0,,169.6,2,0,0.0
D003916,high,5657.17,21,1,9.0,30.9,1,0,-0.056715
D003917,high,7595.26,13,1,1.0,37.8,1,1,-0.041637
D003918,high,11518.1,20,1,8.0,77.5,4,0,-0.083486
D003919,low,3205.72,14,0,,59.6,4,0,0.0
D003920,low,1468.2,9,0,,99.9,6,0,0.0
D003921,high,8863.23,9,0,,16.4,4,0,0.0
D003922,low,3525.6,4,0,,34.9,1,0,0.0
D003923,low,4017.81,5,0,,176.5,1,0,0.0
D003924,high,18143.02,13,1,1.0,8.6,4,1,-0.048493
D003925,low,1386.21,22,0,,14.2,4,0,0.0
D003926,high,23392.73,6,0,,16.7,5,0,0.0
D003927,low,4304.22,17,0,,95.1,4,0,0.0
D003928,low,3816.09,23,0,,75.1,1,0,0.0
D003929,low,2618.53,5,0,,68.3,4,0,0.0
D003930,high,9991.02,8,0,,50.3,2,0,0.0
D003931,high,7494.42,10,0,,5.5,2,0,0.0
D003932,high,10779.43,0,0,,213.1,4,0,0.0
D003933,high,6475.34,10,0,,69.7,5,0,0.0
D003934,low,1213.26,13,0,,20.7,2,0,0.0
D003935,high,6530.01,11,0,,30.8,3,1,0.0
D003936,low,2850.16,8,0,,66.9,2,0,0.0
D003937,low,3907.74,17,0,,42.2,1,0,0.0
D003938,high,25331.12,0,0,,21.0,3,0,0.0
D003939,high,9374.24,8,0,,62.3,5,1,0.0
D003940,high,5105.71,23,1,11.0,60.2,1,0,-0.047573
D003941,low,3037.0,20,0,,50.1,2,0,0.0
D003942,high,7672.65,6,0,,22.4,6,1,0.0
D003943,high,22786.63,15,1,3.0,71.1,2,0,-0.041368
D003944,low,2841.62,14,0,,42.1,2,1,0.0
D003945,low,2643.19,8,0,,34.3,3,0,0.0
D003946,high,7704.77,17,1,5.0,29.7,2,0,-0.100776
D003947,high,9716.19,9,0,,39.1,4,0,0.0
D003948,high,5064.3,9,0,,6.2,4,0,0.0
D003949,high,6194.46,0,0,,46.5,5,0,0.0
D003950,high,8077.53,20,1,8.0,102.4,4,0,-0.064888
D003951,high,11591.8,5,0,,101.9,3,0,0.0
D003952,low,4397.32,6,0,,135.9,2,0,0.0
D003953,high,10702.9,10,0,,180.8,1,0,0.0
D003954,low,2156.8,15,0,,37.7,2,0,0.0
D003955,high,27904.59,17,1,5.0,86.1,2,1,-0.061542
D003956,low,2172.95,18,0,,37.4,1,1,0.0
D003957,low,3004.22,15,0,,131.0,1,1,0.0
D003958,low,3911.55,10,0,,105.2,2,0,0.0
D003959,high,12096.97,16,1,4.0,94.1,4,0,-0.04588
D003960,high,5919.05,12,1,0.0,59.3,3,0,0.0
D003961,low,3417.03,1,0,,68.8,3,0,0.0
D003962,low,1413.73,18,0,,98.7,2,0,0.0
D003963,high,23359.75,12,1,0.0,142.2,5,0,0.0
D003964,high,8091.23,2,0,,21.9,1,0,0.0
D003965,low,4275.72,11,0,,131.6,1,0,0.0
D003966,high,36749.72,13,1,1.0,8.5,4,0,-0.030624
D003967,low,3148.37,9,0,,37.4,2,0,0.0
D003968,high,91047.3,4,0,,38.7,1,1,0.0
D003969,low,3002.1,11,0,,36.8,3,0,0.0
D003970,low,1634.35,13,0,,24.0,4,0,0.0
D003971,high,47992.5,12,1,0.0,136.9,3,0,0.0
D003972,low,3248.81,3,0,,9.3,2,0,0.0
D003973,high,7048.24,4,0,,82.4,1,0,0.0
D003974,low,3084.48,10,0,,13.0,1,0,0.0
D003975,low,4337.73,6,0,,30.0,3,0,0.0
D003976,high,9790.69,5,0,,14.4,3,0,0.0
D003977,low,3268.72,10,0,,277.5,1,0,0.0
D003978,low,4041.51,23,0,,22.3,1,0,0.0
D003979,high,10180.31,20,1,8.0,12.8,3,0,-0.09128
D003980,high,9047.53,20,1,8.0,85.0,3,0,-0.05514
D003981,low,2585.92,12,0,,48.5,1,0,0.0
D003982,high,5961.89,5,0,,121.8,3,0,0.0
D003983,high,10212.64,11,0,,85.7,5,0,0.0
D003984,high,14141.99,20,1,8.0,19.4,1,0,-0.103772
D003985,low,4799.69,0,0,,31.7,4,0,0.0
D003986,high,12527.87,7,0,,111.8,4,0,0.0
D003987,low,4390.18,19,0,,26.7,2,0,0.0
D003988,low,1872.6,15,0,,33.7,2,0,0.0
D003989,low,1788.56,20,0,,20.2,1,0,0.0
D003990,high,5881.52,14,1,2.0,28.9,5,1,-0.058195
D003991,low,4861.87,7,0,,58.7,2,0,0.0
D003992,low,3941.14,20,0,,42.0,2,0,0.0
D003993,low,1857.31,12,0,,80.8,5,0,0.0
D003994,high,6096.78,0,0,,24.2,3,0,0.0
D003995,high,31315.89,8,0,,25.3,5,0,0.0
D003996,low,3450.36,12,0,,45.4,2,0,0.0
D003997,high,6391.24,0,0,,109.7,1,0,0.0
D003998,high,49376.8,6,0,,26.9,4,0,0.0
D003999,high,32132.36,7,0,,24.9,2,0,0.0
D004000,high,49085.03,14,1,2.0,90.4,2,0,-0.046827
D004001,high,9333.23,19,1,7.0,16.1,6,1,-0.066472
D004002,low,1423.54,14,0,,85.2,2,1,0.0
D004003,low,4317.97,7,0,,56.3,2,1,0.0
D004004,high,15794.93,1,0,,47.9,3,0,0.0
D004005,low,1122.16,1,0,,46.6,1,0,0.0
D004006,low,2186.58,20,0,,36.2,4,0,0.0
D004007,high,15985.43,19,1,7.0,44.5,6,0,-0.045246
D004008,high,37028.41,0,0,,87.6,2,0,0.0
D004009,low,2484.88,14,0,,41.2,2,0,0.0
D004010,low,1118.47,12,0,,108.0,4,0,0.0
D004011,high,8354.42,19,1,7.0,88.9,2,0,-0.051276
D004012,high,18777.97,15,1,3.0,148.4,1,0,-0.044354
D004013,low,2401.95,0,0,,123.8,2,0,0.0
D004014,high,8291.35,16,1,4.0,37.1,5,0,-0.056146
D004015,high,12580.67,4,0,,81.3,3,0,0.0
D004016,high,6372.54,7,0,,67.5,6,0,0.0
D004017,low,618.14,21,0,,5.3,2,0,0.0
D004018,low,2015.09,5,0,,152.5,1,0,0.0
D004019,low,4666.21,11,0,,42.8,3,0,0.0
D004020,low,2185.67,16,0,,108.8,4,1,0.0
D004021,high,20206.15,12,1,0.0,81.7,1,0,0.0
D004022,high,6692.82,21,1,9.0,48.5,5,0,-0.044141
D004023,high,6068.11,16,1,4.0,62.7,1,0,-0.041624
D004024,high,18989.85,12,1,0.0,86.4,3,0,0.0
D004025,low,2067.42,10,0,,89.2,4,0,0.0
D004026,low,4596.17,18,0,,122.9,2,0,0.0
D004027,low,578.15,16,0,,114.5,3,0,0.0
D004028,high,31256.1,9,0,,57.6,5,0,0.0
D004029,low,1443.14,15,0,,142.3,2,0,0.0
D004030,high,9650.35,22,1,10.0,155.2,2,0,-0.038018
D004031,high,7988.1,3,0,,11.7,1,0,0.0
D004032,high,6674.03,18,1,6.0,141.8,6,0,-0.052531
D004033,high,6117.74,1,0,,28.5,1,0,0.0
D004034,low,4513.15,11,0,,61.9,2,0,0.0
D004035,high,5577.2,20,1,8.0,16.8,5,0,-0.064854
D004036,low,3292.95,9,0,,47.1,2,0,0.0
D004037,high,9216.7,12,1,0.0,44.3,2,1,0.0
D004038,low,844.69,5,0,,18.5,1,1,0.0
D004039,high,19483.71,6,0,,69.1,4,0,0.0
D004040,low,2007.62,4,0,,15.7,1,0,0.0
D004041,low,561.04,17,0,,17.5,4,0,0.0
D004042,high,5050.27,14,1,2.0,101.6,3,0,-0.030136
D004043,high,6601.14,5,0,,51.7,4,0,0.0
D004044,low,1414.38,3,0,,114.8,4,0,0.0
D004045,high,5071.98,17,1,5.0,57.6,1,0,-0.067995
D004046,high,7946.84,3,0,,97.1,2,0,0.0
D004047,low,992.64,8,0,,5.3,3,0,0.0
D004048,low,602.3,6,0,,45.3,1,0,0.0
D004049,low,1659.67,22,0,,36.6,5,0,0.0
D004050,low,1671.13,15,0,,68.4,2,0,0.0
D004051,high,8466.64,17,1,5.0,30.8,2,0,-0.05457
D004052,low,2280.84,22,0,,20.9,5,0,0.0
D004053,low,2688.35,15,0,,226.0,3,0,0.0
D004054,low,3435.44,18,0,,104.2,4,0,0.0
D004055,low,4985.59,3,0,,163.6,4,0,0.0
D004056,low,2251.21,4,0,,72.0,2,1,0.0
D004057,low,4457.45,4,0,,82.8,4,0,0.0
D004058,high,22208.25,22,1,10.0,76.3,5,0,-0.058866
D004059,low,3318.69,22,0,,117.5,1,0,0.0
D004060,high,14637.16,15,1,3.0,117.5,5,0,-0.027754
D004061,high,10287.15,11,0,,93.8,5,0,0.0
D004062,low,623.55,16,0,,77.7,1,0,0.0
D004063,high,44577.94,16,1,4.0,42.1,2,0,-0.057479
D004064,low,1881.93,12,0,,24.6,5,0,0.0
D004065,low,1347.56,3,0,,26.8,6,1,0.0
D004066,low,2026.67,1,0,,25.8,4,0,0.0
D004067,high,7661.01,18,1,6.0,50.5,4,0,-0.041475
D004068,low,933.31,21,0,,67.7,2,1,0.0
D004069,low,2931.65,14,0,,55.3,1,0,0.0
D004070,high,23355.85,21,1,9.0,75.7,3,0,-0.058193
D004071,high,18139.93,14,1,2.0,109.9,1,0,-0.05486
D004072,low,2644.56,5,0,,18.9,2,0,0.0
D004073,low,1277.75,20,0,,35.8,1,0,0.0
D004074,low,2791.9,2,0,,40.5,1,0,0.0
D004075,high,22982.89,9,0,,5.6,2,0,0.0
D004076,high,7020.7,16,1,4.0,60.1,3,0,-0.066998
D004077,high,6163.05,1,0,,44.5,3,0,0.0
D004078,low,4163.12,18,0,,207.1,2,0,0.0
D004079,high,16980.17,17,1,5.0,16.1,3,0,-0.099832
D004080,high,5631.68,20,1,8.0,104.5,2,0,-0.026662
D004081,low,3707.08,5,0,,74.4,2,0,0.0
D004082,low,4534.7,4,0,,16.2,2,0,0.0
D004083,low,1789.44,0,0,,47.2,3,0,0.0
D004084,high,11058.17,17,1,5.0,16.1,2,1,-0.060519
D004085,high,14675.07,8,0,,13.6,2,0,0.0
D004086,high,10306.76,13,1,1.0,44.4,2,0,-0.025901
D004087,high,10049.66,17,1,5.0,23.6,2,0,-0.10267
D004088,low,3625.78,8,0,,4.9,5,0,0.0
D004089,high,6815.4,6,0,,101.1,4,0,0.0
D004090,low,700.5,1,0,,68.2,2,0,0.0
D004091,high,8316.4,14,1,2.0,75.0,1,0,-0.041037
D004092,low,1942.44,15,0,,91.2,2,0,0.0
D004093,low,3907.72,9,0,,58.7,2,1,0.0
D004094,high,11802.28,8,0,,63.9,2,1,0.0
D004095,high,13449.63,22,1,10.0,36.5,3,0,-0.068411
D004096,low,2542.22,14,0,,52.7,3,0,0.0
D004097,low,2201.99,10,0,,47.6,1,0,0.0
D004098,low,1957.77,15,0,,208.7,1,0,0.0
D004099,high,26065.88,1,0,,113.2,1,1,0.0
D004100,high,24007.55,19,1,7.0,28.9,3,0,-0.064523
D004101,low,2532.08,11,0,,96.9,2,0,0.0
D004102,low,1578.05,4,0,,61.6,1,0,0.0
D004103,low,2788.32,13,0,,70.7,3,0,0.0
D004104,high,30112.27,21,1,9.0,29.8,2,0,-0.061066
D004105,high,18528.66,0,0,,18.2,2,0,0.0
D004106,low,413.68,21,0,,36.5,1,0,0.0
D004107,low,3939.24,4,0,,31.6,3,0,0.0
D004108,high,42033.38,21,1,9.0,140.7,1,0,-0.030169
D004109,high,13028.42,1,0,,20.7,1,1,0.0
D004110,low,1535.18,15,0,,162.3,4,0,0.0
D004111,low,2497.01,2,0,,101.4,1,0,0.0
D004112,high,14941.01,2,0,,25.6,4,0,0.0
D004113,high,7780.18,22,1,10.0,22.6,3,0,-0.073692
D004114,low,1861.41,10,0,,11.4,2,0,0.0
D004115,high,14724.32,10,0,,39.9,2,0,0.0
D004116,low,1363.41,22,0,,23.7,1,1,0.0
D004117,high,11821.23,3,0,,67.0,2,0,0.0
D004118,low,3381.88,12,0,,102.1,3,0,0.0
D004119,low,4830.7,6,0,,85.5,1,1,0.0
D004120,high,40600.59,7,0,,92.4,4,0,0.0
D004121,high,10215.97,7,0,,31.3,3,0,0.0
D004122,high,8985.15,14,1,2.0,53.2,1,0,-0.06893
D004123,low,772.72,0,0,,49.3,5,1,0.0
D004124,low,4623.2,6,0,,22.9,5,0,0.0
D004125,high,13340.99,11,0,,28.2,6,0,0.0
D004126,high,14239.1,18,1,6.0,62.3,5,0,-0.063636
D004127,low,3418.76,8,0,,93.4,1,0,0.0
D004128,low,4557.54,10,0,,36.6,1,0,0.0
D004129,low,954.39,18,0,,30.5,4,1,0.0
D004130,high,9027.37,0,0,,17.6,6,0,0.0
D004131,low,1573.99,8,0,,44.7,4,0,0.0
D004132,low,2924.37,8,0,,31.7,2,1,0.0
D004133,high,10173.37,12,1,0.0,7.5,2,0,0.0
D004134,low,3037.16,17,0,,48.8,1,1,0.0
D004135,high,6777.51,14,1,2.0,31.8,5,0,-0.049469
D004136,low,3252.91,16,0,,73.9,1,0,0.0
D004137,low,2279.17,18,0,,64.4,3,1,0.0
D004138,high,48793.28,2,0,,29.8,6,0,0.0
D004139,low,3825.37,23,0,,123.8,1,0,0.0
D004140,high,15044.6,17,1,5.0,61.3,6,0,-0.054761
D004141,high,22913.63,7,0,,76.1,1,0,0.0
D004142,high,13683.81,12,1,0.0,12.6,2,0,0.0
D004143,low,904.32,8,0,,38.6,2,0,0.0
D004144,low,909.02,22,0,,100.7,1,0,0.0
D004145,low,645.95,17,0,,12.5,1,0,0.0
D004146,high,14305.79,19,1,7.0,89.7,3,0,-0.060023
D004147,high,89175.7,15,1,3.0,141.1,3,0,-0.0497
D004148,high,30844.14,5,0,,56.3,4,1,0.0
D004149,high,39617.47,9,0,,76.7,2,0,0.0
D004150,high,18407.72,6,0,,99.4,2,0,0.0
D004151,low,571.34,5,0,,164.2,1,0,0.0
D004152,low,825.46,10,0,,63.1,2,0,0.0
D004153,low,222.52,8,0,,46.0,3,1,0.0
D004154,high,6128.95,4,0,,65.8,4,0,0.0
D004155,low,4527.39,22,0,,51.6,3,0,0.0
D004156,high,21790.24,10,0,,147.2,4,0,0.0
D004157,high,12817.48,13,1,1.0,21.4,3,0,-0.028825
D004158,high,12091.02,0,0,,47.7,4,0,0.0
D004159,low,1942.29,15,0,,75.3,2,1,0.0
D004160,low,1933.69,13,0,,72.2,2,0,0.0
D004161,high,17740.95,16,1,4.0,53.7,1,0,-0.059526
D004162,high,94234.21,19,1,7.0,38.8,5,0,-0.062419
D004163,high,16403.47,10,0,,69.3,4,0,0.0
D004164,low,4705.81,2,0,,13.3,3,0,0.0
D004165,high,7879.63,15,1,3.0,38.7,1,0,-0.067873
D004166,low,185.77,23,0,,58.9,4,0,0.0
D004167,high,23921.33,21,1,9.0,230.2,4,0,-0.019577
D004168,high,5361.5,14,1,2.0,53.3,5,1,-0.038415
D004169,low,3811.61,14,0,,78.1,2,0,0.0
D004170,high,6289.84,20,1,8.0,17.8,4,0,-0.095078
D004171,high,6876.55,21,1,9.0,72.1,3,0,-0.046274
D004172,high,5695.81,17,1,5.0,139.1,2,0,-0.034016
D004173,low,3678.95,12,0,,60.3,3,0,0.0
D004174,low,3179.84,11,0,,19.6,3,0,0.0
D004175,high,18453.54,2,0,,29.5,4,0,0.0
D004176,low,945.13,14,0,,96.2,2,0,0.0
D004177,high,6940.79,18,1,6.0,22.0,4,0,-0.073329
D004178,low,1248.44,1,0,,59.1,4,0,0.0
D004179,high,7505.14,23,1,11.0,35.1,3,0,-0.039351
D004180,high,11470.01,9,0,,92.2,4,0,0.0
D004181,low,1607.32,17,0,,55.8,2,0,0.0
D004182,high,5741.3,21,1,9.0,112.8,2,0,-0.055018
D004183,low,3832.76,23,0,,78.7,3,0,0.0
D004184,high,112191.57,17,1,5.0,36.1,3,0,-0.047406
D004185,low,1632.39,2,0,,13.6,1,0,0.0
D004186,high,7033.29,17,1,5.0,74.3,6,0,-0.07572
D004187,low,1119.63,5,0,,61.3,2,1,0.0
D004188,high,54692.31,7,0,,10.2,1,0,0.0
D004189,low,484.81,4,0,,124.4,2,0,0.0
D004190,low,2645.45,13,0,,28.8,1,1,0.0
D004191,low,1735.21,10,0,,26.7,4,1,0.0
D004192,low,2622.61,10,0,,23.1,3,0,0.0
D004193,high,6778.51,11,0,,11.6,4,1,0.0
D004194,low,2757.86,1,0,,17.9,2,0,0.0
D004195,high,9835.5,8,0,,64.5,3,0,0.0
D004196,low,4040.85,21,0,,61.7,1,0,0.0
D004197,low,3044.8,21,0,,3.9,4,0,0.0
D004198,high,51899.56,7,0,,119.7,2,0,0.0
D004199,low,204.0,6,0,,81.8,1,0,0.0
D004200,low,522.52,15,0,,75.2,4,1,0.0
D004201,low,1656.04,2,0,,6.3,3,0,0.0
D004202,low,2088.22,9,0,,81.2,5,1,0.0
D004203,high,13248.41,2,0,,51.4,1,0,0.0
D004204,high,5876.19,10,0,,32.8,2,0,0.0
D004205,low,4230.38,3,0,,39.0,2,1,0.0
D004206,low,1676.77,2,0,,102.8,2,0,0.0
D004207,high,5502.35,3,0,,54.1,2,0,0.0
D004208,high,13623.65,3,0,,52.3,1,0,0.0
D004209,low,982.53,14,0,,131.9,1,0,0.0
D004210,high,5141.25,10,0,,21.6,4,1,0.0
D004211,high,13285.41,2,0,,52.0,4,0,0.0
D004212,high,23152.72,19,1,7.0,50.6,6,0,-0.077269
D004213,low,4131.66,13,0,,12.0,1,0,0.0
D004214,low,3895.35,23,0,,37.9,2,0,0.0
D004215,high,9025.87,5,0,,32.2,5,1,0.0
D004216,low,1551.0,1,0,,174.3,2,0,0.0
D004217,high,9874.6,16,1,4.0,8.9,1,0,-0.113259
D004218,low,2657.23,19,0,,27.1,6,0,0.0
D004219,low,1744.76,5,0,,17.6,4,1,0.0
D004220,low,2940.57,15,0,,74.0,1,0,0.0
D004221,high,9396.85,19,1,7.0,76.3,1,0,-0.088259
D004222,low,4388.05,2,0,,120.0,2,0,0.0
D004223,low,3787.28,18,0,,58.3,3,0,0.0
D004224,low,3340.07,3,0,,72.9,2,0,0.0
D004225,high,5682.66,19,1,7.0,102.3,1,0,-0.066395
D004226,low,3306.97,2,0,,139.8,4,0,0.0
D004227,high,7808.0,20,1,8.0,18.5,2,0,-0.049539
D004228,high,6622.91,0,0,,80.4,4,0,0.0
D004229,low,4834.21,4,0,,86.4,3,0,0.0
D004230,low,4998.7,10,0,,42.6,1,0,0.0
D004231,low,4067.39,16,0,,27.5,2,0,0.0
D004232,low,2941.56,16,0,,171.3,2,0,0.0
D004233,low,811.76,0,0,,91.7,3,1,0.0
D004234,low,4353.76,16,0,,32.7,5,0,0.0
D004235,low,3384.73,4,0,,90.2,4,0,0.0
D004236,high,11837.86,23,1,11.0,8.3,1,0,-0.090898
D004237,high,8000.06,6,0,,78.5,4,0,0.0
D004238,high,16393.91,0,0,,48.1,6,0,0.0
D004239,low,1120.36,2,0,,132.0,5,0,0.0
D004240,low,4599.71,0,0,,61.9,1,0,0.0
D004241,high,6081.4,20,1,8.0,190.4,2,0,-0.014221
D004242,low,646.3,18,0,,26.1,2,1,0.0
D004243,low,1756.23,4,0,,13.2,2,0,0.0
D004244,low,3726.17,3,0,,122.0,1,0,0.0
D004245,high,15815.37,18,1,6.0,23.7,1,0,-0.071622
D004246,high,6269.54,2,0,,103.3,1,0,0.0
D004247,high,11278.68,21,1,9.0,49.6,2,0,-0.044391
D004248,high,8141.44,16,1,4.0,53.3,4,0,-0.067895
D004249,low,2120.98,15,0,,47.1,2,0,0.0
D004250,high,8514.68,18,1,6.0,185.2,1,0,-0.033352
D004251,low,2293.03,16,0,,71.3,1,0,0.0
D004252,low,1137.3,15,0,,91.7,3,0,0.0
D004253,high,46752.93,9,0,,12.1,2,0,0.0
D004254,low,2292.99,6,0,,148.8,2,0,0.0
D004255,high,5279.63,5,0,,83.2,1,0,0.0
D004256,high,8069.8,19,1,7.0,24.9,2,0,-0.046661
D004257,low,3687.68,22,0,,45.7,2,0,0.0
D004258,high,7715.95,16,1,4.0,68.7,2,0,-0.031505
D004259,low,1199.38,6,0,,183.0,2,0,0.0
D004260,high,5654.11,5,0,,58.9,1,0,0.0
D004261,low,463.28,6,0,,29.1,2,0,0.0
D004262,high,8025.91,7,0,,49.2,3,0,0.0
D004263,low,656.34,21,0,,12.0,1,1,0.0
D004264,high,26541.62,4,0,,17.8,1,0,0.0
D004265,low,573.02,1,0,,32.2,5,1,0.0
D004266,low,1125.64,5,0,,44.4,3,0,0.0
D004267,low,1077.01,14,0,,9.2,1,0,0.0
D004268,high,9586.17,21,1,9.0,136.8,4,0,-0.040832
D004269,high,29897.92,14,1,2.0,34.8,2,0,-0.05052
D004270,high,17769.9,23,1,11.0,87.2,2,0,-0.040438
D004271,low,1980.93,9,0,,87.5,2,1,0.0
D004272,low,743.05,17,0,,37.9,3,0,0.0
D004273,high,22966.1,19,1,7.0,121.1,4,0,-0.052882
D004274,high,56110.12,17,1,5.0,6.7,3,0,-0.070009
D004275,high,6905.76,22,1,10.0,28.0,2,0,-0.076928
D004276,high,10425.2,19,1,7.0,58.2,4,0,-0.044343
D004277,high,15855.04,3,0,,76.9,2,0,0.0
D004278,low,2270.13,6,0,,62.5,1,0,0.0
D004279,low,2014.84,21,0,,112.8,4,1,0.0
D004280,low,4870.82,20,0,,6.9,4,0,0.0
D004281,high,5154.03,15,1,3.0,13.9,1,0,-0.071466
D004282,low,3055.48,20,0,,56.4,4,0,0.0
D004283,low,3913.05,15,0,,26.7,1,0,0.0
D004284,high,29973.83,14,1,2.0,147.3,2,0,-0.030558
D004285,low,4327.12,19,0,,101.1,1,0,0.0
D004286,high,12563.78,20,1,8.0,95.1,2,0,-0.042033
D004287,high,21658.8,8,0,,55.4,1,0,0.0
D004288,high,7890.15,10,0,,52.7,1,0,0.0
D004289,high,25719.04,1,0,,91.0,4,0,0.0
D004290,low,2370.38,11,0,,61.4,6,0,0.0
D004291,low,2638.22,12,0,,111.9,1,0,0.0
D004292,high,14154.88,0,0,,190.8,1,0,0.0
D004293,low,2630.16,17,0,,19.7,2,0,0.0
D004294,low,4031.23,4,0,,22.8,2,1,0.0
D004295,low,1705.72,3,0,,66.4,4,0,0.0
D004296,high,16465.78,9,0,,81.1,5,0,0.0
D004297,low,1785.49,15,0,,76.5,3,0,0.0
D004298,low,1892.09,2,0,,22.3,2,0,0.0
D004299,high,26480.76,16,1,4.0,21.8,3,0,-0.074568
D004300,low,1944.78,20,0,,69.7,1,0,0.0
D004301,low,663.15,3,0,,18.4,3,0,0.0
D004302,low,236.06,6,0,,60.1,2,1,0.0
D004303,high,5385.49,18,1,6.0,88.6,6,0,-0.053595
D004304,low,2228.97,16,0,,62.6,1,0,0.0
D004305,high,8532.55,1,0,,51.6,3,1,0.0
D004306,high,21982.88,8,0,,44.6,1,0,0.0
D004307,low,2328.7,0,0,,16.7,1,1,0.0
D004308,high,14720.69,17,1,5.0,22.5,3,0,-0.044228
D004309,low,2350.48,8,0,,71.2,1,0,0.0
D004310,high,9040.91,8,0,,94.8,1,0,0.0
D004311,high,21705.26,15,1,3.0,15.0,2,0,-0.044662
D004312,low,902.28,14,0,,154.7,3,0,0.0
D004313,low,1322.81,8,0,,9.1,3,0,0.0
D004314,high,8954.85,12,1,0.0,81.6,4,0,0.0
D004315,low,1048.21,1,0,,45.6,3,0,0.0
D004316,high,35961.59,3,0,,104.8,1,0,0.0
D004317,high,22956.49,18,1,6.0,26.6,4,0,-0.06653
D004318,low,974.62,14,0,,5.5,3,1,0.0
D004319,high,6392.47,12,1,0.0,14.4,2,1,0.0
D004320,low,713.39,2,0,,126.5,3,0,0.0
D004321,high,10912.23,5,0,,120.5,2,0,0.0
D004322,high,5128.47,16,1,4.0,43.9,1,0,-0.056635
D004323,low,4679.43,19,0,,51.1,1,0,0.0
D004324,low,978.13,1,0,,44.1,2,0,0.0
D004325,high,9573.29,17,1,5.0,103.9,1,0,-0.033667
D004326,high,7351.2,7,0,,77.8,2,0,0.0
D004327,low,1355.65,12,0,,58.1,2,0,0.0
D004328,low,4867.96,4,0,,91.8,4,1,0.0
D004329,high,13643.68,3,0,,21.5,5,0,0.0
D004330,high,13748.52,7,0,,15.5,2,0,0.0
D004331,low,1083.75,12,0,,52.9,1,0,0.0
D004332,low,2273.75,17,0,,25.6,1,0,0.0
D004333,low,2937.11,20,0,,76.4,1,0,0.0
D004334,low,1177.08,10,0,,14.4,2,0,0.0
D004335,high,29688.9,16,1,4.0,1.0,1,0,-0.099867
D004336,low,336.12,23,0,,23.1,3,0,0.0
D004337,high,13247.81,20,1,8.0,80.5,3,0,-0.038715
D004338,low,1552.13,2,0,,60.9,2,0,0.0
D004339,low,1688.16,11,0,,126.9,2,0,0.0
D004340,low,3882.9,4,0,,112.4,1,0,0.0
D004341,low,895.63,8,0,,85.5,1,1,0.0
D004342,low,1855.01,18,0,,42.1,3,0,0.0
D004343,high,6127.88,2,0,,21.0,1,1,0.0
D004344,low,3930.53,5,0,,84.2,2,0,0.0
D004345,low,2476.49,4,0,,109.4,2,0,0.0
D004346,high,10356.68,19,1,7.0,72.1,4,0,-0.062748
D004347,low,1125.14,6,0,,13.6,2,0,0.0
D004348,high,6961.06,2,0,,37.2,3,1,0.0
D004349,low,1616.05,17,0,,78.4,4,0,0.0
D004350,high,6798.57,9,0,,77.1,3,0,0.0
D004351,low,1010.22,4,0,,55.0,4,0,0.0
D004352,high,8368.76,10,0,,34.6,4,0,0.0
D004353,low,4567.12,18,0,,115.0,5,0,0.0
D004354,low,674.93,22,0,,11.0,2,0,0.0
D004355,high,28790.78,2,0,,27.0,5,0,0.0
D004356,low,1540.48,1,0,,37.5,1,0,0.0
D004357,low,1356.4,14,0,,69.2,2,0,0.0
D004358,high,6625.23,2,0,,76.0,2,0,0.0
D004359,low,869.53,0,0,,78.5,2,0,0.0
D004360,low,4484.47,5,0,,47.7,1,1,0.0
D004361,high,15202.72,14,1,2.0,78.5,5,0,-0.026964
D004362,low,1508.11,10,0,,31.3,2,0,0.0
D004363,high,23742.4,14,1,2.0,44.6,4,0,-0.040546
D004364,low,3607.7,19,0,,52.5,2,1,0.0
D004365,high,18902.65,15,1,3.0,38.5,1,0,-0.090897
D004366,low,4896.38,15,0,,41.0,1,0,0.0
D004367,high,72731.23,3,0,,62.7,1,0,0.0
D004368,high,12787.59,3,0,,151.9,3,0,0.0
D004369,high,25139.01,17,1,5.0,59.2,1,0,-0.051723
D004370,high,15909.06,15,1,3.0,32.1,2,1,-0.066778
D004371,low,1009.13,20,0,,77.3,2,0,0.0
D004372,low,1254.62,10,0,,24.0,1,1,0.0
D004373,low,3304.41,23,0,,50.9,5,0,0.0
D004374,high,6736.55,16,1,4.0,44.8,3,0,-0.083382
D004375,low,2441.3,22,0,,42.6,1,0,0.0
D004376,low,1959.9,20,0,,22.1,3,0,0.0
D004377,high,9879.13,14,1,2.0,101.4,4,0,-0.016891
D004378,low,3398.5,21,0,,19.0,5,0,0.0
D004379,low,4258.09,16,0,,105.1,2,0,0.0
D004380,low,2229.37,14,0,,5.4,2,0,0.0
D004381,low,2616.47,5,0,,34.8,5,0,0.0
D004382,high,6478.41,15,1,3.0,83.3,6,0,-0.056817
D004383,low,3830.86,3,0,,90.9,2,0,0.0
D004384,low,3920.97,7,0,,8.0,2,1,0.0
D004385,low,4190.64,21,0,,50.2,1,0,0.0
D004386,low,3738.75,14,0,,137.9,1,0,0.0
D004387,low,4641.69,5,0,,46.0,1,1,0.0
D004388,low,3948.51,10,0,,26.1,4,0,0.0
D004389,low,1755.6,22,0,,21.0,1,0,0.0
D004390,high,74691.74,19,1,7.0,36.8,5,0,-0.079502
D004391,high,17632.71,0,0,,95.7,1,0,0.0
D004392,high,10827.18,23,1,11.0,52.0,1,0,-0.062919
D004393,high,8617.78,3,0,,26.9,5,0,0.0
D004394,low,1114.21,22,0,,49.0,2,1,0.0
D004395,high,7983.94,13,1,1.0,47.0,1,0,-0.020321
D004396,high,6288.13,0,0,,27.7,3,0,0.0
D004397,high,22366.17,11,0,,61.5,1,0,0.0
D004398,high,8324.64,1,0,,109.7,1,0,0.0
D004399,high,5795.18,4,0,,41.3,1,1,0.0
D004400,high,6952.44,23,1,11.0,54.4,2,0,-0.040773
D004401,high,35770.48,17,1,5.0,64.2,5,0,-0.037287
D004402,high,19436.16,17,1,5.0,29.7,3,0,-0.091294
D004403,high,6829.2,0,0,,88.7,1,0,0.0
D004404,low,2537.89,16,0,,17.4,5,0,0.0
D004405,low,1332.14,7,0,,69.7,1,1,0.0
D004406,low,2535.08,9,0,,109.3,3,1,0.0
D004407,high,22847.85,22,1,10.0,88.2,2,0,-0.021577
D004408,high,12489.47,17,1,5.0,136.1,1,0,-0.034181
D004409,high,27857.44,8,0,,100.3,3,0,0.0
D004410,high,27942.94,7,0,,23.1,4,0,0.0
D004411,low,4848.55,4,0,,21.9,3,0,0.0
D004412,low,2271.85,3,0,,80.1,4,1,0.0
D004413,high,10137.51,0,0,,24.0,3,0,0.0
D004414,low,2658.69,20,0,,63.3,2,0,0.0
D004415,low,1351.57,3,0,,40.6,1,0,0.0
D004416,high,14747.44,17,1,5.0,3.3,5,0,-0.051318
D004417,low,1487.71,5,0,,22.9,3,0,0.0
D004418,low,1195.49,20,0,,44.1,1,0,0.0
D004419,high,14273.45,2,0,,82.9,5,0,0.0
D004420,high,5203.83,10,0,,118.8,2,0,0.0
D004421,high,6114.22,15,1,3.0,40.2,3,0,-0.035227
D004422,high,35152.31,8,0,,94.1,1,0,0.0
D004423,high,5714.75,2,0,,64.8,1,0,0.0
D004424,high,79313.25,13,1,1.0,15.8,3,0,-0.023339
D004425,high,5452.08,13,1,1.0,81.9,4,0,-0.012455
D004426,high,20082.25,7,0,,54.3,4,0,0.0
D004427,low,2294.91,13,0,,156.6,4,0,0.0
D004428,low,3449.68,18,0,,60.9,2,1,0.0
D004429,high,31605.81,9,0,,33.1,5,0,0.0
D004430,high,6608.26,9,0,,108.1,3,0,0.0
D004431,low,2259.49,20,0,,47.9,1,0,0.0
D004432,low,2672.16,10,0,,111.4,3,0,0.0
D004433,high,5945.05,14,1,2.0,70.6,5,0,-0.033847
D004434,high,15046.91,17,1,5.0,36.2,3,0,-0.062247
D004435,high,5706.57,17,1,5.0,63.6,1,1,-0.065519
D004436,low,4820.4,16,0,,64.6,4,0,0.0
D004437,high,7297.94,1,0,,82.5,2,0,0.0
D004438,high,8819.32,7,0,,82.4,3,0,0.0
D004439,high,21731.63,22,1,10.0,32.0,2,0,-0.04684
D004440,low,3741.17,9,0,,143.8,4,0,0.0
D004441,high,13994.81,21,1,9.0,20.4,4,0,-0.121791
D004442,low,1772.47,12,0,,105.0,1,1,0.0
D004443,high,7633.87,14,1,2.0,36.1,3,0,-0.046794
D004444,high,14006.03,15,1,3.0,223.6,5,0,-0.027751
D004445,high,12458.68,7,0,,52.3,3,0,0.0
D004446,high,6525.98,20,1,8.0,64.5,2,0,-0.085326
D004447,high,10949.55,10,0,,19.6,4,0,0.0
D004448,high,13611.81,11,0,,77.0,6,0,0.0
D004449,high,18886.48,15,1,3.0,20.6,4,0,-0.073904
D004450,high,15428.26,14,1,2.0,23.3,3,0,-0.089491
D004451,low,1709.67,16,0,,29.9,4,0,0.0
D004452,high,10896.99,1,0,,113.7,5,0,0.0
D004453,high,9438.18,1,0,,96.2,1,0,0.0
D004454,high,38528.94,14,1,2.0,38.6,4,0,-0.040343
D004455,high,11058.14,22,1,10.0,21.0,2,0,-0.074875
D004456,low,2184.22,18,0,,47.6,2,0,0.0
D004457,high,24395.49,15,1,3.0,89.6,1,0,-0.040333
D004458,high,5699.33,10,0,,44.7,3,0,0.0
D004459,low,3693.93,8,0,,5.8,3,1,0.0
D004460,low,4448.03,3,0,,53.9,3,0,0.0
D004461,low,686.69,0,0,,15.7,1,0,0.0
D004462,low,2813.44,13,0,,27.4,1,0,0.0
D004463,low,4750.14,20,0,,27.6,1,0,0.0
D004464,low,1271.61,5,0,,36.2,1,0,0.0
D004465,high,9174.67,19,1,7.0,101.3,1,0,-0.038649
D004466,low,2779.76,10,0,,17.0,1,1,0.0
D004467,high,19605.95,20,1,8.0,99.7,5,0,-0.048984
D004468,high,25474.24,8,0,,81.6,2,0,0.0
D004469,low,2242.28,20,0,,39.5,4,1,0.0
D004470,high,22145.21,10,0,,109.7,1,0,0.0
D004471,low,3584.13,17,0,,163.0,2,0,0.0
D004472,low,2752.25,13,0,,101.0,4,0,0.0
D004473,low,1392.83,12,0,,67.9,2,0,0.0
D004474,low,3513.75,8,0,,49.1,1,0,0.0
D004475,high,6078.76,17,1,5.0,67.6,4,0,-0.05599
D004476,low,2653.88,7,0,,29.1,3,0,0.0
D004477,high,9554.22,15,1,3.0,99.7,2,1,-0.089602
D004478,high,6002.56,19,1,7.0,32.1,1,0,-0.039955
D004479,low,4099.66,13,0,,33.3,2,0,0.0
D004480,high,12146.16,5,0,,122.4,1,0,0.0
D004481,high,6157.53,8,0,,30.5,2,0,0.0
D004482,low,4064.5,12,0,,24.6,1,0,0.0
D004483,high,8011.75,12,1,0.0,13.9,3,0,0.0
D004484,low,674.51,15,0,,58.4,2,0,0.0
D004485,high,7711.26,6,0,,58.1,1,0,0.0
D004486,low,3089.85,3,0,,29.7,1,0,0.0
D004487,high,24130.5,17,1,5.0,63.1,3,0,-0.064692
D004488,high,9132.88,4,0,,95.4,3,0,0.0
D004489,low,2557.88,18,0,,76.2,2,0,0.0
D004490,low,1399.09,5,0,,133.3,2,0,0.0
D004491,high,5194.7,2,0,,78.4,1,0,0.0
D004492,low,2613.46,4,0,,84.6,4,0,0.0
D004493,high,5375.02,13,1,1.0,7.0,2,0,-0.032555
D004494,high,6644.76,5,0,,48.5,2,0,0.0
D004495,low,1362.65,17,0,,71.8,1,0,0.0
D004496,low,4784.61,5,0,,92.7,4,0,0.0
D004497,high,5416.91,22,1,10.0,45.2,3,1,-0.074975
D004498,low,2254.87,1,0,,38.2,1,0,0.0
D004499,high,14157.47,4,0,,14.1,3,0,0.0
D004500,low,3762.78,2,0,,19.9,3,1,0.0
D004501,high,5353.55,5,0,,82.0,4,0,0.0
D004502,low,3246.66,1,0,,1.8,1,0,0.0
D004503,high,8562.66,21,1,9.0,58.5,2,0,-0.033175
D004504,high,7637.05,16,1,4.0,5.1,4,0,-0.074101
D004505,low,1856.34,11,0,,50.0,2,1,0.0
D004506,low,1784.57,0,0,,33.1,1,0,0.0
D004507,high,12454.45,10,0,,112.9,4,0,0.0
D004508,low,1880.13,15,0,,64.5,4,1,0.0
D004509,low,3564.77,11,0,,147.9,2,0,0.0
D004510,high,7453.9,0,0,,50.5,3,0,0.0
D004511,low,588.27,23,0,,43.5,3,0,0.0
D004512,low,3589.32,0,0,,127.1,5,0,0.0
D004513,high,8585.09,15,1,3.0,17.1,1,0,-0.087405
D004514,low,3682.82,3,0,,32.5,2,0,0.0
D004515,high,33112.73,10,0,,78.4,3,0,0.0
D004516,low,1782.53,15,0,,97.6,2,1,0.0
D004517,high,10667.34,10,0,,41.1,2,0,0.0
D004518,low,2182.05,1,0,,83.4,1,0,0.0
D004519,high,6542.53,9,0,,80.6,3,0,0.0
D004520,low,2267.19,10,0,,78.3,3,0,0.0
D004521,low,186.08,9,0,,32.6,2,0,0.0
D004522,high,9850.21,10,0,,50.1,3,0,0.0
D004523,high,11016.57,16,1,4.0,56.2,5,0,-0.043015
D004524,high,8974.06,1,0,,77.9,4,1,0.0
D004525,low,684.86,7,0,,60.8,2,0,0.0
D004526,low,4943.5,9,0,,40.3,5,0,0.0
D004527,high,8974.38,3,0,,19.8,2,1,0.0
D004528,high,67293.66,7,0,,47.8,1,0,0.0
D004529,high,7747.82,7,0,,71.2,2,0,0.0
D004530,low,5019.7,7,0,,37.2,3,0,0.0
D004531,low,245.34,9,0,,25.0,2,1,0.0
D004532,low,1736.98,14,0,,82.3,2,0,0.0
D004533,high,8113.75,13,1,1.0,38.7,4,0,-0.015958
D004534,low,148.27,3,0,,92.1,2,0,0.0
D004535,low,2380.68,16,0,,54.8,2,0,0.0
D004536,low,2570.71,11,0,,120.0,3,0,0.0
D004537,low,2744.53,20,0,,33.5,3,0,0.0
D004538,low,3221.94,0,0,,39.9,2,0,0.0
D004539,high,14431.37,1,0,,122.9,2,1,0.0
D004540,low,2033.83,18,0,,193.2,3,0,0.0
D004541,low,2657.36,0,0,,161.5,4,0,0.0
D004542,low,4772.74,8,0,,52.3,5,0,0.0
D004543,high,5050.33,0,0,,29.5,5,0,0.0
D004544,high,93748.8,13,1,1.0,71.1,5,0,-0.017281
D004545,low,1450.21,23,0,,63.9,3,0,0.0
D004546,high,5790.27,2,0,,58.6,1,0,0.0
D004547,high,6715.78,12,1,0.0,84.5,5,0,0.0
D004548,high,21699.09,1,0,,158.8,2,0,0.0
D004549,high,5185.75,20,1,8.0,71.2,3,0,-0.05283
D004550,low,4573.23,15,0,,267.2,3,0,0.0
D004551,low,4336.17,22,0,,116.1,1,0,0.0
D004552,high,7066.0,5,0,,23.2,2,0,0.0
D004553,high,12594.43,15,1,3.0,110.8,1,0,-0.047319
D004554,high,7264.83,4,0,,53.9,1,0,0.0
D004555,high,19348.49,19,1,7.0,26.2,1,0,-0.066096
D004556,low,2623.66,16,0,,46.1,3,0,0.0
D004557,high,6432.67,18,1,6.0,24.1,2,0,-0.075727
D004558,high,9030.97,22,1,10.0,14.2,1,0,-0.118893
D004559,low,4487.23,0,0,,29.9,5,0,0.0
D004560,low,1630.7,12,0,,75.9,1,0,0.0
D004561,low,1784.84,15,0,,27.7,1,0,0.0
D004562,low,1634.04,12,0,,50.7,2,0,0.0
D004563,high,6182.66,18,1,6.0,82.3,3,0,-0.05934
D004564,low,1829.59,20,0,,31.8,3,0,0.0
D004565,low,3577.82,14,0,,57.6,1,1,0.0
D004566,low,1894.12,8,0,,73.4,4,0,0.0
D004567,low,2330.11,22,0,,112.7,2,1,0.0
D004568,low,3251.8,2,0,,86.5,1,0,0.0
D004569,high,6683.62,8,0,,100.9,1,0,0.0
D004570,low,2249.65,17,0,,38.3,3,0,0.0
D004571,high,9781.94,4,0,,15.8,2,0,0.0
D004572,high,5494.39,1,0,,7.6,1,0,0.0
D004573,high,20739.13,2,0,,66.1,2,0,0.0
D004574,low,552.46,1,0,,14.3,2,0,0.0
D004575,high,5608.52,9,0,,88.4,1,0,0.0
D004576,high,10639.4,12,1,0.0,25.3,3,0,0.0
D004577,high,13471.11,2,0,,13.2,3,0,0.0
D004578,high,7042.66,4,0,,128.0,1,0,0.0
D004579,low,2603.16,14,0,,3.1,4,0,0.0
D004580,high,8325.3,0,0,,24.3,2,0,0.0
D004581,high,8726.85,1,0,,21.5,2,1,0.0
D004582,high,11835.11,6,0,,49.1,2,0,0.0
D004583,high,11828.22,12,1,0.0,34.7,2,0,0.0
D004584,high,5636.38,18,1,6.0,7.9,6,0,-0.052696
D004585,high,10113.84,16,1,4.0,95.3,2,0,-0.036772
D004586,low,3796.18,4,0,,125.3,2,0,0.0
D004587,low,2597.57,5,0,,20.6,4,0,0.0
D004588,high,22719.74,12,1,0.0,195.5,5,0,0.0
D004589,high,14022.61,9,0,,24.6,3,0,0.0
D004590,high,6685.84,0,0,,208.0,3,0,0.0
D004591,low,633.47,5,0,,79.9,1,0,0.0
D004592,high,12379.56,12,1,0.0,105.2,2,0,0.0
D004593,low,3249.13,15,0,,108.0,3,0,0.0
D004594,low,4670.78,5,0,,36.2,2,0,0.0
D004595,high,9187.86,12,1,0.0,49.1,2,1,0.0
D004596,high,43630.93,11,0,,27.8,1,1,0.0
D004597,high,5137.84,9,0,,15.5,1,0,0.0
D004598,high,12642.75,13,1,1.0,77.8,2,0,-0.032949
D004599,low,1769.65,11,0,,71.1,1,0,0.0
D004600,high,7611.03,3,0,,30.5,1,0,0.0
D004601,high,7352.26,20,1,8.0,33.1,6,0,-0.079675
D004602,high,10551.97,4,0,,66.9,1,0,0.0
D004603,low,1987.98,17,0,,91.5,3,0,0.0
D004604,low,1233.41,4,0,,27.6,3,0,0.0
D004605,low,4988.09,12,0,,39.7,1,0,0.0
D004606,low,2647.65,1,0,,55.6,1,0,0.0
D004607,high,28022.02,10,0,,73.8,1,0,0.0
D004608,low,2694.97,15,0,,118.4,2,0,0.0
D004609,low,2609.93,22,0,,73.6,1,0,0.0
D004610,low,3432.74,4,0,,7.0,1,0,0.0
D004611,high,18533.82,22,1,10.0,27.5,2,1,-0.053134
D004612,low,2649.41,15,0,,108.8,1,1,0.0
D004613,low,1746.5,22,0,,34.6,3,0,0.0
D004614,high,11915.59,2,0,,18.2,5,0,0.0
D004615,low,1602.52,17,0,,90.6,1,0,0.0
D004616,low,387.19,12,0,,100.1,1,0,0.0
D004617,low,1504.73,3,0,,45.3,2,0,0.0
D004618,high,9460.05,6,0,,77.2,4,0,0.0
D004619,high,36045.17,10,0,,34.4,3,0,0.0
D004620,high,14445.49,22,1,10.0,83.4,1,0,-0.054388
D004621,low,3360.17,4,0,,88.8,1,0,0.0
D004622,low,2113.04,9,0,,90.9,3,0,0.0
D004623,low,1773.14,15,0,,10.3,3,0,0.0
D004624,high,12188.01,13,1,1.0,60.9,4,0,-0.027756
D004625,high,7952.7,21,1,9.0,63.5,1,1,-0.063749
D004626,low,1263.2,23,0,,85.8,4,0,0.0
D004627,high,10009.49,18,1,6.0,37.3,2,0,-0.065296
D004628,high,11502.23,15,1,3.0,9.9,1,0,-0.067414
D004629,high,5067.24,23,1,11.0,64.7,1,0,-0.043678
D004630,high,7019.96,21,1,9.0,86.2,1,0,-0.060791
D004631,low,1768.44,4,0,,23.2,1,0,0.0
D004632,high,9749.22,10,0,,77.6,4,0,0.0
D004633,low,2904.7,4,0,,78.9,3,0,0.0
D004634,low,4775.82,20,0,,37.2,1,0,0.0
D004635,low,1642.16,17,0,,50.2,1,0,0.0
D004636,high,9394.48,5,0,,71.5,4,0,0.0
D004637,low,511.65,7,0,,60.2,2,0,0.0
D004638,high,6736.18,13,1,1.0,14.0,6,0,-0.026891
D004639,low,1260.29,21,0,,12.9,2,0,0.0
D004640,low,2091.05,19,0,,65.2,4,0,0.0
D004641,high,5873.24,14,1,2.0,71.5,2,0,-0.053145
D004642,low,3591.01,18,0,,152.4,1,0,0.0
D004643,low,1812.11,11,0,,45.2,2,1,0.0
D004644,high,48995.26,11,0,,112.2,2,0,0.0
D004645,low,1886.61,22,0,,27.2,2,0,0.0
D004646,high,11889.53,21,1,9.0,127.6,2,0,-0.040889
D004647,low,3961.61,18,0,,109.0,5,0,0.0
D004648,low,2204.9,16,0,,3.4,2,0,0.0
D004649,low,1229.82,0,0,,37.8,1,0,0.0
D004650,high,7620.24,7,0,,44.4,1,0,0.0
D004651,high,36764.59,0,0,,75.1,4,0,0.0
D004652,low,2733.49,18,0,,35.2,2,0,0.0
D004653,low,3946.6,0,0,,52.6,4,0,0.0
D004654,high,15298.13,21,1,9.0,13.1,4,0,-0.064993
D004655,high,8793.39,7,0,,52.9,2,0,0.0
D004656,low,878.63,12,0,,60.6,4,0,0.0
D004657,high,8627.75,11,0,,61.3,2,1,0.0
D004658,low,1535.74,1,0,,141.1,1,0,0.0
D004659,high,41103.53,10,0,,15.9,3,0,0.0
D004660,high,22064.8,18,1,6.0,21.8,6,0,-0.05797
D004661,high,28636.65,11,0,,32.2,4,0,0.0
D004662,high,6623.02,4,0,,59.2,2,1,0.0
D004663,low,2818.02,2,0,,62.7,1,1,0.0
D004664,high,43681.57,21,1,9.0,179.7,1,0,-0.032465
D004665,low,2670.93,0,0,,27.5,1,0,0.0
D004666,high,8179.04,5,0,,79.8,4,0,0.0
D004667,high,7969.04,9,0,,70.7,1,0,0.0
D004668,low,2204.89,12,0,,125.3,6,0,0.0
D004669,low,617.67,10,0,,56.9,2,0,0.0
D004670,high,19922.33,21,1,9.0,37.1,4,0,-0.067456
D004671,high,14304.16,23,1,11.0,37.1,1,0,-0.064432
D004672,low,1460.58,23,0,,73.1,1,0,0.0
D004673,low,2005.13,11,0,,59.0,1,0,0.0
D004674,low,1657.56,18,0,,67.4,2,0,0.0
D004675,high,8870.05,8,0,,133.6,4,0,0.0
D004676,low,2722.91,0,0,,48.1,2,0,0.0
D004677,high,32785.22,8,0,,69.7,1,1,0.0
D004678,low,2438.05,5,0,,58.7,1,1,0.0
D004679,high,5090.69,20,1,8.0,127.1,2,0,-0.067958
D004680,high,5357.39,10,0,,54.4,1,0,0.0
D004681,high,6385.41,7,0,,74.8,4,0,0.0
D004682,high,74915.09,14,1,2.0,13.4,4,0,-0.048939
D004683,low,3018.71,14,0,,28.1,4,0,0.0
D004684,high,7847.93,5,0,,84.4,4,1,0.0
D004685,high,9687.69,9,0,,61.0,5,0,0.0
D004686,high,14813.28,11,0,,37.5,3,0,0.0
D004687,high,7262.24,13,1,1.0,84.9,1,0,-0.015072
D004688,high,6849.74,23,1,11.0,51.3,3,1,-0.082738
D004689,high,11121.49,9,0,,30.4,4,0,0.0
D004690,low,4871.76,22,0,,28.7,4,0,0.0
D004691,low,3808.92,4,0,,19.9,1,1,0.0
D004692,low,1052.19,11,0,,41.9,1,1,0.0
D004693,low,861.06,5,0,,89.0,1,1,0.0
D004694,high,6701.7,20,1,8.0,43.1,1,0,-0.079432
D004695,low,2511.47,17,0,,30.4,1,0,0.0
D004696,high,6677.67,2,0,,26.1,3,0,0.0
D004697,low,4786.1,4,0,,44.3,3,0,0.0
D004698,low,3261.51,19,0,,12.7,4,0,0.0
D004699,low,1079.08,7,0,,59.9,4,0,0.0
D004700,high,16467.19,16,1,4.0,78.2,2,0,-0.049698
D004701,low,1258.21,18,0,,106.9,2,0,0.0
D004702,high,8703.22,20,1,8.0,20.3,3,0,-0.035116
D004703,low,423.87,3,0,,51.1,3,0,0.0
D004704,high,11276.43,4,0,,56.0,1,0,0.0
D004705,low,1460.98,5,0,,75.4,3,0,0.0
D004706,high,9610.55,5,0,,37.8,6,0,0.0
D004707,low,2013.53,23,0,,17.8,1,1,0.0
D004708,high,7152.9,7,0,,49.8,2,0,0.0
D004709,low,2375.26,20,0,,26.9,4,0,0.0
D004710,low,3645.03,10,0,,85.9,6,0,0.0
D004711,low,2715.35,9,0,,69.0,1,0,0.0
D004712,low,3430.35,14,0,,81.4,1,0,0.0
D004713,low,1682.39,21,0,,143.8,4,0,0.0
D004714,low,1709.5,23,0,,62.6,1,0,0.0
D004715,low,2543.52,17,0,,32.7,3,0,0.0
D004716,low,2148.72,4,0,,79.8,1,0,0.0
D004717,high,7786.07,4,0,,21.6,6,0,0.0
D004718,low,3872.78,6,0,,13.3,2,0,0.0
D004719,low,4146.13,21,0,,4.8,3,0,0.0
D004720,low,2562.89,23,0,,94.5,3,1,0.0
D004721,low,3603.6,13,0,,129.7,3,0,0.0
D004722,low,1895.98,0,0,,37.9,1,0,0.0
D004723,high,41360.96,17,1,5.0,6.4,4,0,-0.064921
D004724,low,1420.04,15,0,,52.9,2,1,0.0
D004725,high,13446.36,13,1,1.0,36.2,1,1,-0.036628
D004726,high,38036.79,4,0,,68.8,6,0,0.0
D004727,high,7947.88,1,0,,153.9,1,0,0.0
D004728,low,2579.11,21,0,,24.8,3,0,0.0
D004729,low,1127.74,6,0,,13.7,5,0,0.0
D004730,low,4417.36,5,0,,79.6,1,0,0.0
D004731,low,4405.37,19,0,,61.4,2,1,0.0
D004732,low,3063.05,21,0,,14.7,1,1,0.0
D004733,low,2574.31,14,0,,39.7,3,1,0.0
D004734,high,16946.56,15,1,3.0,87.1,2,0,-0.045433
D004735,high,59694.38,0,0,,96.3,5,0,0.0
D004736,low,2110.12,21,0,,17.3,4,0,0.0
D004737,low,1861.64,8,0,,165.3,3,0,0.0
D004738,low,3234.42,12,0,,59.8,1,0,0.0
D004739,low,2443.01,18,0,,57.1,1,0,0.0
D004740,low,633.65,15,0,,24.4,1,0,0.0
D004741,high,10154.12,8,0,,65.1,3,0,0.0
D004742,high,10968.95,1,0,,19.2,1,1,0.0
D004743,low,592.96,14,0,,138.1,1,0,0.0
D004744,low,903.85,16,0,,102.0,3,0,0.0
D004745,low,1425.45,7,0,,14.7,1,0,0.0
D004746,low,3663.67,8,0,,60.4,2,0,0.0
D004747,high,20309.83,12,1,0.0,21.1,1,0,0.0
D004748,high,13571.3,14,1,2.0,43.9,4,0,-0.04699
D004749,low,1794.62,5,0,,176.0,2,0,0.0
D004750,low,4348.15,3,0,,23.3,4,1,0.0
D004751,low,4038.58,17,0,,89.3,3,0,0.0
D004752,low,3014.01,16,0,,76.7,1,0,0.0
D004753,low,2667.02,10,0,,68.0,1,1,0.0
D004754,high,12528.6,20,1,8.0,134.8,4,0,-0.07956
D004755,low,2361.54,9,0,,76.8,6,1,0.0
D004756,low,1249.77,1,0,,57.5,2,0,0.0
D004757,low,324.81,12,0,,73.8,6,0,0.0
D004758,high,6267.9,1,0,,28.4,2,0,0.0
D004759,low,2116.73,10,0,,60.4,3,0,0.0
D004760,low,2803.11,10,0,,90.3,3,0,0.0
D004761,high,10552.67,13,1,1.0,39.5,2,0,-0.039373
D004762,high,12248.7,20,1,8.0,68.8,4,0,-0.044437
D004763,low,3080.81,3,0,,179.8,4,0,0.0
D004764,low,1543.83,9,0,,55.8,3,0,0.0
D004765,high,8683.14,17,1,5.0,186.4,1,0,-0.036755
D004766,low,2362.27,13,0,,35.2,1,0,0.0
D004767,high,6434.34,15,1,3.0,107.8,3,0,-0.072721
D004768,high,9115.29,0,0,,81.8,3,0,0.0
D004769,high,5171.66,9,0,,103.7,1,1,0.0
D004770,high,6219.76,6,0,,70.6,3,0,0.0
D004771,low,2455.65,9,0,,123.9,6,0,0.0
D004772,low,1649.84,11,0,,108.0,2,0,0.0
D004773,high,25558.79,9,0,,71.9,5,0,0.0
D004774,low,1693.98,6,0,,102.1,1,0,0.0
D004775,low,3677.02,12,0,,55.0,2,0,0.0
D004776,high,36278.84,16,1,4.0,11.0,1,0,-0.096921
D004777,high,7814.79,21,1,9.0,50.0,3,0,-0.073601
D004778,high,88640.9,16,1,4.0,31.0,6,0,-0.04206
D004779,low,3671.47,8,0,,15.0,1,0,0.0
D004780,low,3685.39,21,0,,82.2,3,0,0.0
D004781,low,2161.27,2,0,,128.9,1,0,0.0
D004782,high,8359.89,11,0,,43.4,3,1,0.0
D004783,low,3901.43,11,0,,92.5,1,0,0.0
D004784,high,10290.75,16,1,4.0,27.4,4,0,-0.062622
D004785,low,4280.32,14,0,,88.7,1,0,0.0
D004786,low,2357.61,14,0,,203.5,1,0,0.0
D004787,low,3417.28,10,0,,46.7,4,0,0.0
D004788,low,966.45,20,0,,26.9,2,1,0.0
D004789,high,50447.43,22,1,10.0,125.7,2,0,-0.040538
D004790,high,8420.6,19,1,7.0,94.3,2,0,-0.040536
D004791,high,5460.87,4,0,,38.3,2,0,0.0
D004792,low,886.35,0,0,,19.6,1,1,0.0
D004793,high,13227.47,23,1,11.0,60.4,2,0,-0.053298
D004794,low,3005.64,5,0,,35.9,1,1,0.0
D004795,high,7062.69,3,0,,21.4,1,0,0.0
D004796,low,2341.69,14,0,,92.1,1,0,0.0
D004797,high,8652.01,0,0,,91.6,4,0,0.0
D004798,low,4006.53,6,0,,11.0,5,0,0.0
D004799,low,3880.89,9,0,,51.8,6,0,0.0
D004800,low,2363.17,16,0,,70.8,1,0,0.0
D004801,low,2891.72,3,0,,75.9,2,0,0.0
D004802,low,3993.91,14,0,,13.2,1,1,0.0
D004803,high,14215.89,3,0,,29.5,5,0,0.0
D004804,high,9404.13,3,0,,21.0,2,0,0.0
D004805,high,6644.71,19,1,7.0,18.1,4,0,-0.041591
D004806,high,7847.43,19,1,7.0,85.2,3,0,-0.082727
D004807,high,5803.61,14,1,2.0,91.2,1,0,-0.047893
D004808,high,19632.12,9,0,,58.4,3,0,0.0
D004809,low,2179.97,10,0,,122.7,4,0,0.0
D004810,low,2825.32,12,0,,92.8,2,0,0.0
D004811,low,779.11,8,0,,13.4,1,1,0.0
D004812,high,10988.05,18,1,6.0,63.2,4,0,-0.077825
D004813,high,23396.47,4,0,,83.9,2,0,0.0
D004814,low,1689.81,6,0,,24.0,1,1,0.0
D004815,low,656.3,16,0,,22.9,1,0,0.0
D004816,high,13458.25,5,0,,161.0,2,0,0.0
D004817,low,1180.82,7,0,,124.7,1,0,0.0
D004818,high,85759.45,14,1,2.0,43.2,5,1,-0.059558
D004819,high,6096.75,0,0,,99.4,1,0,0.0
D004820,low,4496.12,9,0,,70.4,4,0,0.0
D004821,low,415.61,6,0,,85.9,2,0,0.0
D004822,high,22773.56,9,0,,29.2,3,0,0.0
D004823,low,562.3,2,0,,14.9,2,0,0.0
D004824,low,1213.23,16,0,,29.9,4,0,0.0
D004825,high,8527.76,11,0,,74.6,3,0,0.0
D004826,low,3006.04,2,0,,51.0,2,0,0.0
D004827,low,2483.96,7,0,,23.8,3,0,0.0
D004828,high,14189.7,15,1,3.0,58.8,1,0,-0.066258
D004829,low,4493.08,11,0,,63.2,3,0,0.0
D004830,high,10257.52,19,1,7.0,203.5,5,0,-0.023771
D004831,low,3737.55,6,0,,40.0,1,1,0.0
D004832,high,9777.26,6,0,,42.4,5,1,0.0
D004833,high,21420.59,4,0,,20.9,1,0,0.0
D004834,low,1502.43,18,0,,55.3,1,0,0.0
D004835,high,9488.42,18,1,6.0,61.7,3,0,-0.06468
D004836,low,1524.25,2,0,,64.3,2,0,0.0
D004837,low,734.65,2,0,,34.2,3,0,0.0
D004838,high,8745.72,10,0,,47.6,2,0,0.0
D004839,high,8475.3,19,1,7.0,126.3,1,0,-0.022188
D004840,low,1417.8,1,0,,57.1,5,0,0.0
D004841,high,8022.27,18,1,6.0,25.6,2,0,-0.07456
D004842,high,11447.59,5,0,,102.4,4,0,0.0
D004843,low,439.48,9,0,,27.3,4,1,0.0
D004844,low,4779.38,17,0,,5.1,1,0,0.0
D004845,low,996.53,18,0,,177.4,2,0,0.0
D004846,low,2092.33,17,0,,169.1,4,0,0.0
D004847,high,41009.33,19,1,7.0,8.9,4,0,-0.079059
D004848,high,6896.53,10,0,,41.6,2,0,0.0
D004849,high,12155.45,4,0,,42.0,3,1,0.0
D004850,high,9075.18,7,0,,68.5,4,1,0.0
D004851,low,1445.47,4,0,,122.1,4,0,0.0
D004852,high,16745.58,21,1,9.0,16.0,2,0,-0.079094
D004853,low,4184.47,0,0,,39.9,2,0,0.0
D004854,high,11847.92,12,1,0.0,17.4,1,0,0.0
D004855,low,4027.3,23,0,,30.4,1,1,0.0
D004856,low,3176.77,12,0,,60.3,1,0,0.0
D004857,high,8298.19,4,0,,23.7,3,0,0.0
D004858,high,13861.69,8,0,,34.1,3,0,0.0
D004859,low,466.99,11,0,,29.8,6,0,0.0
D004860,high,10202.99,18,1,6.0,67.8,3,0,-0.068204
D004861,high,21114.95,15,1,3.0,23.8,1,0,-0.035158
D004862,low,1382.54,21,0,,94.4,3,0,0.0
D004863,low,4144.07,20,0,,44.8,2,1,0.0
D004864,high,14848.26,1,0,,52.9,2,0,0.0
D004865,high,9869.65,11,0,,56.9,3,0,0.0
D004866,high,38441.17,7,0,,24.1,1,0,0.0
D004867,high,18558.64,1,0,,39.7,3,0,0.0
D004868,high,12503.18,23,1,11.0,68.3,1,0,-0.026499
D004869,low,4228.49,23,0,,65.0,5,0,0.0
D004870,high,15186.44,12,1,0.0,68.8,4,0,0.0
D004871,low,4797.09,6,0,,88.5,2,0,0.0
D004872,low,3638.06,1,0,,116.9,5,0,0.0
D004873,low,1126.75,16,0,,67.9,4,0,0.0
D004874,low,2924.66,3,0,,7.6,6,0,0.0
D004875,low,291.6,8,0,,211.7,3,0,0.0
D004876,high,19911.75,5,0,,145.0,5,0,0.0
D004877,high,6233.29,6,0,,39.0,5,0,0.0
D004878,high,15815.03,18,1,6.0,19.8,2,0,-0.094483
D004879,low,4308.09,21,0,,39.2,5,0,0.0
D004880,low,1200.47,13,0,,69.5,3,0,0.0
D004881,high,33450.84,3,0,,96.5,5,0,0.0
D004882,high,7983.17,19,1,7.0,49.8,1,0,-0.038429
D004883,high,10607.42,15,1,3.0,43.2,5,0,-0.060009
D004884,low,712.67,2,0,,50.1,1,0,0.0
D004885,high,11186.38,14,1,2.0,65.5,1,0,-0.031469
D004886,low,1241.71,12,0,,151.6,6,0,0.0
D004887,low,1297.22,21,0,,52.1,2,1,0.0
D004888,high,8388.81,14,1,2.0,53.9,3,0,-0.038916
D004889,high,45646.68,19,1,7.0,5.0,1,0,-0.100168
D004890,low,3656.48,4,0,,37.5,2,0,0.0
D004891,low,2471.89,8,0,,81.1,3,0,0.0
D004892,high,146914.44,22,1,10.0,102.5,4,0,-0.032804
D004893,low,4134.36,20,0,,96.0,2,1,0.0
D004894,low,4304.25,17,0,,18.3,3,1,0.0
D004895,high,8628.77,3,0,,73.6,4,0,0.0
D004896,low,4002.94,16,0,,46.5,1,1,0.0
D004897,high,12401.88,20,1,8.0,8.8,1,0,-0.061414
D004898,high,10283.41,9,0,,148.2,3,0,0.0
D004899,high,19952.35,20,1,8.0,49.0,1,0,-0.047073
D004900,high,5294.08,12,1,0.0,32.5,2,0,0.0
D004901,low,3506.87,20,0,,58.7,2,0,0.0
D004902,high,8339.42,1,0,,39.5,2,0,0.0
D004903,low,4538.49,22,0,,84.9,4,0,0.0
D004904,low,141.1,20,0,,77.7,1,0,0.0
D004905,high,7634.44,23,1,11.0,34.8,2,0,-0.046535
D004906,low,1741.35,22,0,,17.9,3,0,0.0
D004907,low,2517.66,5,0,,41.0,1,0,0.0
D004908,low,2137.83,15,0,,86.8,2,0,0.0
D004909,high,19211.93,11,0,,18.6,1,0,0.0
D004910,high,5789.05,9,0,,27.9,2,0,0.0
D004911,low,1100.19,15,0,,126.9,1,0,0.0
D004912,high,87620.15,21,1,9.0,25.1,2,0,-0.072349
D004913,low,3209.3,18,0,,148.1,2,0,0.0
D004914,low,2300.54,6,0,,29.5,4,0,0.0
D004915,high,16806.38,15,1,3.0,54.1,1,1,-0.116592
D004916,high,8128.04,1,0,,57.6,1,0,0.0
D004917,low,2298.97,15,0,,109.2,2,0,0.0
D004918,low,2290.5,7,0,,18.2,4,0,0.0
D004919,low,2355.17,22,0,,89.7,1,1,0.0
D004920,low,595.7,18,0,,27.9,3,0,0.0
D004921,high,8297.2,7,0,,97.0,2,0,0.0
D004922,high,52086.94,17,1,5.0,11.0,3,0,-0.072643
D004923,low,3953.86,12,0,,49.3,3,0,0.0
D004924,high,8041.44,20,1,8.0,69.1,1,0,-0.040784
D004925,high,64453.31,13,1,1.0,77.7,5,0,-0.018035
D004926,low,1597.89,18,0,,15.1,2,0,0.0
D004927,low,3844.78,22,0,,104.5,3,1,0.0
D004928,low,1250.22,14,0,,90.9,1,0,0.0
D004929,high,7490.24,16,1,4.0,50.9,3,0,-0.079039
D004930,low,2572.13,11,0,,50.3,3,0,0.0
D004931,low,3178.88,13,0,,49.2,4,0,0.0
D004932,high,5448.68,21,1,9.0,58.2,3,0,-0.046959
D004933,high,9434.91,17,1,5.0,80.5,2,0,-0.064406
D004934,low,2595.46,20,0,,107.4,3,1,0.0
D004935,high,13359.05,12,1,0.0,112.7,1,0,0.0
D004936,low,1010.23,18,0,,115.0,4,0,0.0
D004937,low,2707.21,3,0,,114.1,4,0,0.0
D004938,high,15022.89,11,0,,35.6,5,0,0.0
D004939,high,5599.07,22,1,10.0,16.4,2,0,-0.071088
D004940,low,4377.01,6,0,,42.5,4,0,0.0
D004941,high,34629.32,9,0,,32.4,4,0,0.0
D004942,high,5889.16,0,0,,67.0,6,0,0.0
D004943,low,1149.25,2,0,,17.3,1,0,0.0
D004944,low,989.34,11,0,,77.3,3,0,0.0
D004945,high,7844.88,15,1,3.0,84.9,3,0,-0.101401
D004946,high,10583.07,19,1,7.0,9.5,5,0,-0.047768
D004947,low,3137.46,12,0,,68.9,5,0,0.0
D004948,low,2622.68,3,0,,73.0,2,0,0.0
D004949,high,13493.0,1,0,,39.4,2,0,0.0
D004950,low,1075.16,11,0,,45.9,1,0,0.0
D004951,high,8868.5,4,0,,19.3,1,1,0.0
D004952,low,4234.89,8,0,,11.8,1,0,0.0
D004953,low,270.86,7,0,,42.8,3,1,0.0
D004954,low,1250.94,10,0,,77.6,5,0,0.0
D004955,high,6577.03,10,0,,57.4,5,0,0.0
D004956,low,1231.48,7,0,,77.7,2,0,0.0
D004957,high,5621.69,19,1,7.0,8.7,1,0,-0.063495
D004958,low,854.06,11,0,,97.0,4,0,0.0
D004959,high,7678.81,4,0,,8.7,4,0,0.0
D004960,high,14005.15,11,0,,243.6,2,0,0.0
D004961,low,1827.5,19,0,,40.4,2,0,0.0
D004962,high,22993.81,2,0,,118.6,6,0,0.0
D004963,high,5956.46,17,1,5.0,35.8,1,0,-0.062318
D004964,high,11822.56,16,1,4.0,150.0,3,0,-0.03952
D004965,low,3198.53,1,0,,33.2,2,0,0.0
D004966,low,2974.21,11,0,,24.4,1,1,0.0
D004967,low,4364.34,14,0,,190.7,1,0,0.0
D004968,high,16561.95,6,0,,36.3,1,0,0.0
D004969,high,42040.95,0,0,,15.6,3,0,0.0
D004970,high,8293.75,11,0,,10.2,3,0,0.0
D004971,high,32253.69,8,0,,31.4,5,0,0.0
D004972,low,2431.13,13,0,,12.5,2,0,0.0
D004973,high,27286.77,16,1,4.0,102.3,1,0,-0.032643
D004974,high,90941.3,22,1,10.0,9.2,4,0,-0.064263
D004975,low,4397.35,17,0,,95.2,2,0,0.0
D004976,low,1163.62,9,0,,66.6,5,0,0.0
D004977,low,3824.48,14,0,,68.3,2,1,0.0
D004978,low,3359.12,21,0,,70.6,3,1,0.0
D004979,low,1755.22,12,0,,81.5,4,0,0.0
D004980,high,15783.37,23,1,11.0,28.1,2,0,-0.033434
D004981,high,10949.8,20,1,8.0,97.8,5,0,-0.059599
D004982,high,28206.49,23,1,11.0,107.7,1,0,-0.065713
D004983,high,7185.0,19,1,7.0,76.7,2,0,-0.080181
D004984,low,3345.85,0,0,,43.1,5,0,0.0
D004985,high,10716.4,9,0,,78.3,2,0,0.0
D004986,low,952.45,0,0,,91.5,3,1,0.0
D004987,low,2228.02,5,0,,85.8,1,0,0.0
D004988,low,976.85,8,0,,45.3,1,0,0.0
D004989,high,11256.93,23,1,11.0,6.7,6,0,-0.043299
D004990,low,1367.97,17,0,,47.7,2,0,0.0
D004991,high,14967.04,18,1,6.0,45.5,3,0,-0.07002
D004992,low,1702.6,11,0,,59.3,5,0,0.0
D004993,high,5657.57,11,0,,34.7,3,0,0.0
D004994,high,17145.46,4,0,,111.3,1,0,0.0
D004995,low,3007.84,11,0,,39.0,1,0,0.0
D004996,low,2253.98,14,0,,32.9,4,0,0.0
D004997,low,866.55,4,0,,15.3,3,0,0.0
D004998,high,19378.74,14,1,2.0,8.6,2,0,-0.047285
D004999,high,9029.91,8,0,,46.7,3,0,0.0
D005000,low,2725.59,9,0,,18.8,1,0,0.0
D005001,high,7524.78,0,0,,50.4,3,0,0.0
D005002,low,4250.31,2,0,,54.2,1,0,0.0
D005003,low,3742.79,10,0,,163.2,2,0,0.0
D005004,high,5599.18,17,1,5.0,20.3,1,0,-0.062012
D005005,high,21080.12,11,0,,133.4,4,0,0.0
D005006,low,4113.51,18,0,,115.7,2,1,0.0
D005007,low,1274.12,20,0,,58.0,1,0,0.0
D005008,high,5562.37,22,1,10.0,10.6,6,0,-0.079666
D005009,high,6027.25,13,1,1.0,55.1,4,0,-0.018395
D005010,low,1027.32,16,0,,123.1,3,0,0.0
D005011,high,13939.71,14,1,2.0,72.6,2,0,-0.061532
D005012,low,4746.01,22,0,,37.8,3,0,0.0
D005013,low,2075.63,18,0,,28.1,3,0,0.0
D005014,low,4745.71,14,0,,8.8,2,1,0.0
D005015,low,2957.74,14,0,,183.6,1,0,0.0
D005016,low,2296.54,5,0,,5.5,2,0,0.0
D005017,low,3044.33,23,0,,39.6,1,0,0.0
D005018,low,897.46,2,0,,99.1,1,0,0.0
D005019,low,1979.25,11,0,,6.7,6,0,0.0
D005020,high,5793.93,9,0,,159.6,3,0,0.0
D005021,low,1012.23,7,0,,50.1,1,0,0.0
D005022,low,4211.93,12,0,,54.6,1,1,0.0
D005023,low,2447.8,14,0,,25.3,2,0,0.0
D005024,high,13570.99,15,1,3.0,53.0,5,0,-0.037707
D005025,high,9271.33,0,0,,99.1,1,1,0.0
D005026,high,7386.6,23,1,11.0,20.5,3,0,-0.08665
D005027,low,1347.65,10,0,,63.6,4,0,0.0
D005028,low,2033.9,12,0,,19.5,2,0,0.0
D005029,high,9441.05,23,1,11.0,135.4,2,0,-0.026586
D005030,high,26550.74,15,1,3.0,111.0,1,0,-0.041435
D005031,high,6815.48,8,0,,54.9,1,0,0.0
D005032,low,465.22,2,0,,88.3,2,0,0.0
D005033,high,5228.44,10,0,,73.4,4,0,0.0
D005034,high,16638.48,12,1,0.0,25.1,4,0,0.0
D005035,low,2620.12,21,0,,59.4,1,0,0.0
D005036,high,10842.26,4,0,,47.8,1,0,0.0
D005037,high,5315.3,6,0,,84.2,1,0,0.0
D005038,high,12744.58,6,0,,88.2,4,0,0.0
D005039,high,5839.75,12,1,0.0,52.9,3,0,0.0
D005040,high,9496.79,7,0,,78.9,1,0,0.0
D005041,high,7185.68,21,1,9.0,79.7,1,0,-0.034989
D005042,low,1335.04,16,0,,86.0,1,0,0.0
D005043,low,4666.03,18,0,,38.0,2,0,0.0
D005044,low,3200.86,14,0,,81.6,1,0,0.0
D005045,high,40812.67,15,1,3.0,63.0,1,0,-0.070833
D005046,low,3748.24,14,0,,103.9,3,0,0.0
D005047,high,9136.49,4,0,,37.3,2,0,0.0
D005048,high,5501.29,1,0,,29.4,1,0,0.0
D005049,high,8014.05,14,1,2.0,68.0,2,0,-0.022096
D005050,high,7289.23,15,1,3.0,47.8,3,0,-0.049831
D005051,high,8689.74,7,0,,66.8,2,0,0.0
D005052,high,12797.27,2,0,,14.0,1,0,0.0
D005053,low,4880.76,7,0,,52.1,1,0,0.0
D005054,low,1861.43,7,0,,66.7,1,0,0.0
D005055,low,843.89,14,0,,13.1,6,0,0.0
D005056,high,8677.49,1,0,,75.7,1,0,0.0
D005057,low,3457.11,2,0,,15.9,1,1,0.0
D005058,high,8049.62,16,1,4.0,35.2,1,0,-0.045683
D005059,low,1078.12,2,0,,23.8,1,0,0.0
D005060,low,1152.33,22,0,,71.2,4,0,0.0
D005061,high,9603.39,20,1,8.0,105.1,6,0,-0.03084
D005062,low,1379.01,11,0,,24.2,2,0,0.0
D005063,high,26607.23,21,1,9.0,41.7,1,0,-0.047982
D005064,high,5710.92,21,1,9.0,46.8,5,0,-0.048834
D005065,low,2432.65,0,0,,16.5,4,0,0.0
D005066,high,8367.69,0,0,,11.0,2,0,0.0
D005067,low,1978.82,11,0,,24.0,3,1,0.0
D005068,low,1514.02,22,0,,81.6,2,1,0.0
D005069,high,6450.92,18,1,6.0,28.9,2,0,-0.113873
D005070,high,8856.41,17,1,5.0,54.7,5,0,-0.046386
D005071,low,2391.47,16,0,,133.9,6,0,0.0
D005072,low,1047.45,16,0,,37.7,3,0,0.0
D005073,high,11370.94,22,1,10.0,31.3,3,0,-0.045277
D005074,low,2303.14,19,0,,68.0,2,0,0.0
D005075,high,15644.2,13,1,1.0,34.9,3,0,-0.036389
D005076,high,7205.47,7,0,,25.0,3,0,0.0
D005077,low,2500.63,21,0,,26.6,1,0,0.0
D005078,high,13313.26,18,1,6.0,24.8,1,0,-0.032504
D005079,low,2933.16,3,0,,87.2,1,0,0.0
D005080,low,4780.07,22,0,,66.9,1,0,0.0
D005081,low,2058.22,12,0,,40.9,4,1,0.0
D005082,high,17820.9,22,1,10.0,38.7,2,0,-0.057769
D005083,low,2824.52,6,0,,112.9,1,0,0.0
D005084,low,1534.64,20,0,,109.5,3,0,0.0
D005085,high,10645.49,8,0,,131.3,3,0,0.0
D005086,low,4211.59,16,0,,33.5,3,0,0.0
D005087,high,8703.42,23,1,11.0,49.7,2,0,-0.08219
D005088,low,965.82,15,0,,35.9,1,0,0.0
D005089,high,10555.86,1,0,,28.5,2,0,0.0
D005090,low,3036.88,6,0,,40.9,4,0,0.0
D005091,low,774.57,5,0,,20.6,1,0,0.0
D005092,high,16468.35,7,0,,26.2,4,0,0.0
D005093,high,6210.57,5,0,,15.0,2,0,0.0
D005094,high,50616.21,4,0,,38.7,5,0,0.0
D005095,low,2929.46,6,0,,29.5,4,0,0.0
D005096,high,7072.72,7,0,,26.5,1,0,0.0
D005097,high,13562.61,10,0,,18.2,3,1,0.0
D005098,high,53747.3,12,1,0.0,53.9,4,0,0.0
D005099,low,4974.48,9,0,,33.2,1,1,0.0
D005100,high,7808.08,2,0,,156.4,5,0,0.0
D005101,low,1987.24,10,0,,179.8,5,0,0.0
D005102,low,1099.79,5,0,,100.7,5,0,0.0
D005103,high,90493.2,16,1,4.0,16.9,2,1,-0.119808
D005104,high,30576.79,14,1,2.0,64.9,3,0,-0.023286
D005105,high,10847.44,20,1,8.0,35.6,4,0,-0.073351
D005106,low,370.32,10,0,,16.1,5,0,0.0
D005107,high,8536.16,1,0,,22.2,6,0,0.0
D005108,low,1505.76,10,0,,25.8,1,0,0.0
D005109,high,32738.83,20,1,8.0,81.4,1,0,-0.045341
D005110,low,3709.01,21,0,,83.1,2,1,0.0
D005111,low,3531.4,3,0,,34.4,4,0,0.0
D005112,high,22092.95,5,0,,70.6,3,0,0.0
D005113,low,2191.34,7,0,,6.9,2,0,0.0
D005114,high,39674.81,19,1,7.0,42.5,4,0,-0.034247
D005115,high,54833.51,2,0,,6.4,3,0,0.0
D005116,high,24873.62,15,1,3.0,8.6,6,0,-0.081169
D005117,high,8912.86,23,1,11.0,30.5,2,0,-0.077214
D005118,high,7009.06,14,1,2.0,57.4,3,0,-0.054842
D005119,high,6243.51,1,0,,27.3,3,0,0.0
D005120,low,4761.97,23,0,,68.5,3,0,0.0
D005121,low,2543.47,8,0,,15.6,3,0,0.0
D005122,high,6126.46,11,0,,206.8,2,0,0.0
D005123,high,17186.61,11,0,,8.9,1,0,0.0
D005124,low,2366.98,22,0,,42.3,3,0,0.0
D005125,high,6979.13,13,1,1.0,22.3,1,0,-0.029138
D005126,low,650.87,10,0,,90.1,5,0,0.0
D005127,high,6082.93,0,0,,71.2,2,1,0.0
D005128,high,7997.8,13,1,1.0,270.8,4,0,-0.007301
D005129,low,3699.4,17,0,,69.3,2,0,0.0
D005130,low,3976.12,12,0,,51.1,2,0,0.0
D005131,low,1675.84,10,0,,88.3,4,0,0.0
D005132,low,2770.51,15,0,,22.2,6,0,0.0
D005133,low,2524.45,0,0,,33.0,2,0,0.0
D005134,high,11969.46,19,1,7.0,111.5,6,0,-0.044839
D005135,high,6464.68,3,0,,42.4,1,0,0.0
D005136,high,11678.88,5,0,,86.2,1,0,0.0
D005137,high,5468.71,20,1,8.0,48.6,2,0,-0.06132
D005138,low,4324.92,19,0,,38.2,5,0,0.0
D005139,low,3660.9,17,0,,88.0,2,1,0.0
D005140,low,562.56,10,0,,72.4,2,0,0.0
D005141,low,4659.47,2,0,,12.0,1,0,0.0
D005142,low,3483.97,6,0,,11.7,1,0,0.0
D005143,high,10423.89,0,0,,32.6,3,0,0.0
D005144,high,10984.92,8,0,,54.5,1,0,0.0
D005145,low,4987.41,19,0,,26.8,2,1,0.0
D005146,low,4889.4,11,0,,13.3,1,0,0.0
D005147,high,9819.59,10,0,,54.7,3,0,0.0
D005148,high,32209.33,7,0,,37.2,2,0,0.0
D005149,low,2532.49,19,0,,105.3,2,0,0.0
D005150,low,2370.69,8,0,,60.6,5,0,0.0
D005151,low,1324.29,19,0,,37.3,2,0,0.0
D005152,low,3795.79,7,0,,79.0,2,0,0.0
D005153,low,3311.42,5,0,,7.0,1,0,0.0
D005154,low,1130.24,0,0,,59.1,1,1,0.0
D005155,low,2764.36,18,0,,151.6,2,0,0.0
D005156,low,4935.4,21,0,,86.3,2,0,0.0
D005157,high,7472.41,22,1,10.0,46.5,1,0,-0.028805
D005158,low,3651.73,6,0,,21.5,1,0,0.0
D005159,low,4881.35,5,0,,22.9,5,0,0.0
D005160,low,4282.58,8,0,,34.0,1,1,0.0
D005161,low,4972.44,18,0,,91.0,4,0,0.0
D005162,high,26495.38,6,0,,62.0,3,0,0.0
D005163,high,8533.7,5,0,,37.6,2,0,0.0
D005164,high,6818.41,6,0,,58.8,1,0,0.0
D005165,low,3938.76,20,0,,64.0,3,1,0.0
D005166,low,5036.51,1,0,,28.0,4,0,0.0
D005167,low,817.16,1,0,,25.6,3,1,0.0
D005168,low,280.35,6,0,,84.5,2,0,0.0
D005169,high,14436.77,8,0,,197.3,2,0,0.0
D005170,high,12273.66,11,0,,135.6,4,0,0.0
D005171,high,6783.25,21,1,9.0,51.9,2,0,-0.068008
D005172,high,5900.89,13,1,1.0,46.1,5,0,-0.033219
D005173,low,1330.85,18,0,,54.4,3,0,0.0
D005174,high,26706.36,11,0,,46.7,1,0,0.0
D005175,high,68618.65,22,1,10.0,19.5,3,0,-0.063921
D005176,low,723.04,15,0,,70.9,2,0,0.0
D005177,low,4906.05,20,0,,97.1,3,0,0.0
D005178,high,6172.13,16,1,4.0,37.0,2,0,-0.072835
D005179,high,8457.31,8,0,,39.6,2,1,0.0
D005180,low,3167.81,7,0,,25.4,1,0,0.0
D005181,high,13348.71,20,1,8.0,54.1,2,0,-0.060593
D005182,high,14558.9,2,0,,24.7,4,0,0.0
D005183,high,10917.67,16,1,4.0,21.6,4,0,-0.085404
D005184,high,6369.52,9,0,,57.9,1,1,0.0
D005185,low,2676.73,17,0,,7.1,3,0,0.0
D005186,high,10429.73,5,0,,40.9,2,0,0.0
D005187,low,1993.2,15,0,,163.1,1,0,0.0
D005188,high,7338.85,9,0,,69.0,6,0,0.0
D005189,high,12367.42,6,0,,47.5,2,0,0.0
D005190,high,7294.96,4,0,,104.8,4,0,0.0
D005191,low,2195.7,3,0,,77.6,6,0,0.0
D005192,high,7929.09,22,1,10.0,27.5,2,0,-0.054779
D005193,low,775.92,23,0,,81.3,1,0,0.0
D005194,low,2414.99,16,0,,102.1,1,0,0.0
D005195,low,1071.73,23,0,,56.9,1,0,0.0
D005196,high,21355.08,23,1,11.0,37.5,2,0,-0.102533
D005197,low,2045.81,11,0,,31.1,2,0,0.0
D005198,high,5953.26,10,0,,40.4,1,0,0.0
D005199,low,1666.7,16,0,,40.8,2,0,0.0
D005200,low,2407.22,16,0,,124.3,2,0,0.0
D005201,high,33131.44,7,0,,29.3,2,0,0.0
D005202,high,131141.28,2,0,,43.6,3,0,0.0
D005203,low,2234.6,20,0,,32.0,2,1,0.0
D005204,low,996.86,4,0,,143.9,2,0,0.0
D005205,low,3379.9,20,0,,108.0,3,1,0.0
D005206,high,5550.48,14,1,2.0,100.7,2,1,-0.05323
D005207,low,595.92,7,0,,82.7,3,0,0.0
D005208,high,31494.17,20,1,8.0,57.6,1,0,-0.035073
D005209,low,3860.79,5,0,,80.3,1,0,0.0
D005210,high,9375.15,21,1,9.0,40.8,2,0,-0.053455
D005211,low,5014.44,17,0,,55.4,2,0,0.0
D005212,high,21630.6,2,0,,14.1,2,0,0.0
D005213,high,9533.92,21,1,9.0,57.5,3,0,-0.068904
D005214,low,3005.8,9,0,,159.7,1,0,0.0
D005215,high,6053.14,11,0,,84.3,1,0,0.0
D005216,low,3806.42,4,0,,173.7,4,0,0.0
D005217,high,9278.62,3,0,,33.7,3,1,0.0
D005218,high,8729.22,18,1,6.0,99.5,1,0,-0.0341
D005219,high,30227.66,20,1,8.0,94.4,2,0,-0.065008
D005220,high,5424.26,16,1,4.0,130.7,2,0,-0.03614
D005221,low,1321.38,10,0,,91.8,4,0,0.0
D005222,high,12975.97,21,1,9.0,61.6,2,0,-0.050872
D005223,high,10787.49,9,0,,162.5,2,0,0.0
D005224,high,10417.69,2,0,,42.1,2,0,0.0
D005225,high,8817.18,12,1,0.0,129.7,1,0,0.0
D005226,high,17619.03,17,1,5.0,98.7,3,0,-0.042941
D005227,high,8832.82,10,0,,36.9,1,0,0.0
D005228,high,6693.46,11,0,,39.6,2,0,0.0
D005229,low,2355.64,14,0,,13.8,1,1,0.0
D005230,low,4411.48,20,0,,62.3,1,0,0.0
D005231,high,10409.14,3,0,,45.5,3,0,0.0
D005232,low,2484.81,3,0,,104.4,5,0,0.0
D005233,high,6169.46,13,1,1.0,64.4,2,1,-0.030226
D005234,low,1674.99,7,0,,29.8,1,0,0.0
D005235,high,5567.2,4,0,,77.9,1,0,0.0
D005236,low,2105.11,11,0,,114.9,2,1,0.0
D005237,low,1354.21,11,0,,46.9,2,0,0.0
D005238,low,3094.42,15,0,,22.6,3,0,0.0
D005239,low,2510.02,23,0,,103.7,1,0,0.0
D005240,high,5277.71,22,1,10.0,47.3,2,0,-0.054258
D005241,low,1061.62,8,0,,85.0,1,0,0.0
D005242,low,2677.13,5,0,,54.5,2,0,0.0
D005243,high,11884.4,11,0,,60.9,2,0,0.0
D005244,low,2568.31,2,0,,90.5,2,0,0.0
D005245,high,13601.89,3,0,,79.4,2,0,0.0
D005246,low,1471.74,2,0,,7.9,1,0,0.0
D005247,low,3909.45,18,0,,37.4,1,0,0.0
D005248,high,49979.12,16,1,4.0,24.9,6,0,-0.105781
D005249,high,12463.49,1,0,,18.4,2,0,0.0
D005250,low,4300.51,1,0,,54.2,2,0,0.0
D005251,high,7393.14,11,0,,66.6,1,0,0.0
D005252,low,4048.1,3,0,,45.1,3,0,0.0
D005253,low,1104.87,22,0,,27.8,2,0,0.0
D005254,low,669.19,7,0,,51.5,4,0,0.0
D005255,high,6246.22,11,0,,86.0,2,0,0.0
D005256,low,1051.63,10,0,,37.9,1,0,0.0
D005257,low,1734.25,11,0,,73.9,3,0,0.0
D005258,high,11188.77,22,1,10.0,21.7,3,0,-0.091913
D005259,low,1346.26,4,0,,59.0,1,0,0.0
D005260,low,3928.82,8,0,,66.6,3,0,0.0
D005261,high,28244.09,15,1,3.0,45.2,1,0,-0.098789
D005262,high,10037.13,12,1,0.0,6.0,4,0,0.0
D005263,low,1354.11,16,0,,99.8,3,1,0.0
D005264,low,2713.16,11,0,,41.8,2,1,0.0
D005265,high,22812.05,11,0,,48.6,3,0,0.0
D005266,low,1540.35,16,0,,51.0,3,1,0.0
D005267,high,24268.81,21,1,9.0,67.9,3,0,-0.050057
D005268,low,3078.03,23,0,,193.2,3,0,0.0
D005269,high,8666.45,19,1,7.0,32.8,2,0,-0.107069
D005270,low,4867.17,14,0,,61.6,3,1,0.0
D005271,high,9209.56,17,1,5.0,57.8,1,0,-0.053823
D005272,low,1912.36,20,0,,17.6,2,0,0.0
D005273,high,7748.15,17,1,5.0,26.0,1,0,-0.079824
D005274,low,3373.16,8,0,,33.9,2,0,0.0
D005275,low,587.63,18,0,,4.7,5,1,0.0
D005276,high,7302.93,3,0,,70.2,3,0,0.0
D005277,low,4243.57,6,0,,124.1,2,0,0.0
D005278,low,4031.29,20,0,,51.2,3,0,0.0
D005279,low,2667.98,6,0,,53.8,3,0,0.0
D005280,low,1260.12,20,0,,68.8,2,0,0.0
D005281,high,6695.34,22,1,10.0,72.2,3,0,-0.081796
D005282,high,19642.1,23,1,11.0,60.2,3,0,-0.076874
D005283,high,5894.42,18,1,6.0,28.3,3,0,-0.078777
D005284,high,7554.74,20,1,8.0,99.9,5,0,-0.036222
D005285,high,6785.96,22,1,10.0,24.2,5,0,-0.049737
D005286,high,10519.24,22,1,10.0,75.9,2,0,-0.066401
D005287,low,3925.43,2,0,,11.8,3,0,0.0
D005288,high,30330.41,2,0,,64.0,1,0,0.0
D005289,low,2814.9,0,0,,19.3,4,0,0.0
D005290,low,1829.4,12,0,,66.4,1,0,0.0
D005291,high,68884.39,2,0,,70.5,4,0,0.0
D005292,low,3410.38,22,0,,53.5,2,0,0.0
D005293,high,24873.39,7,0,,36.2,2,0,0.0
D005294,high,8910.6,7,0,,27.1,4,0,0.0
D005295,high,6757.97,15,1,3.0,24.7,5,0,-0.079885
D005296,high,5685.86,14,1,2.0,52.1,1,0,-0.082423
D005297,low,2172.02,21,0,,65.9,2,1,0.0
D005298,low,3355.71,6,0,,114.4,2,0,0.0
D005299,high,5355.7,16,1,4.0,16.8,5,0,-0.073393
D005300,low,1077.17,2,0,,36.9,2,0,0.0
D005301,low,3015.52,20,0,,54.9,4,0,0.0
D005302,high,5972.03,14,1,2.0,37.8,1,0,-0.039732
D005303,low,691.08,11,0,,50.7,2,1,0.0
D005304,low,2986.21,2,0,,38.3,2,0,0.0
D005305,high,5636.45,19,1,7.0,23.6,4,0,-0.088793
D005306,low,3883.37,7,0,,94.4,2,0,0.0
D005307,low,681.73,11,0,,15.6,1,0,0.0
D005308,low,5034.33,22,0,,78.5,3,0,0.0
D005309,high,18026.53,20,1,8.0,39.4,2,0,-0.075341
D005310,low,1324.95,11,0,,118.1,1,0,0.0
D005311,low,3294.12,20,0,,60.6,1,1,0.0
D005312,high,6608.42,8,0,,87.5,4,0,0.0
D005313,low,2635.23,1,0,,75.6,4,0,0.0
D005314,high,6957.16,14,1,2.0,94.6,4,0,-0.033821
D005315,high,12976.96,18,1,6.0,23.5,3,0,-0.071203
D005316,high,21349.11,2,0,,64.6,1,1,0.0
D005317,low,1500.8,1,0,,77.1,1,1,0.0
D005318,low,3477.78,8,0,,55.0,3,0,0.0
D005319,high,7369.19,16,1,4.0,88.6,3,0,-0.08134
D005320,high,18746.41,9,0,,63.1,1,0,0.0
D005321,high,14368.21,5,0,,153.3,2,0,0.0
D005322,high,12209.95,20,1,8.0,16.0,1,0,-0.063039
D005323,high,7524.81,11,0,,40.0,3,0,0.0
D005324,high,8385.0,13,1,1.0,124.1,6,0,-0.019186
D005325,low,3631.94,14,0,,77.9,4,0,0.0
D005326,low,3625.31,23,0,,72.8,3,0,0.0
D005327,high,10612.42,18,1,6.0,19.9,3,0,-0.05434
D005328,high,18101.66,6,0,,21.4,4,0,0.0
D005329,low,2878.31,6,0,,53.6,3,0,0.0
D005330,low,2904.86,10,0,,89.6,6,0,0.0
D005331,high,8279.06,6,0,,71.1,4,0,0.0
D005332,high,5674.81,19,1,7.0,55.4,4,0,-0.049621
D005333,low,2052.94,0,0,,140.6,1,1,0.0
D005334,high,23381.34,16,1,4.0,83.8,1,0,-0.04895
D005335,high,7780.7,9,0,,18.3,2,1,0.0
D005336,high,12490.61,9,0,,31.3,3,0,0.0
D005337,high,14979.59,6,0,,46.9,1,0,0.0
D005338,high,9510.37,13,1,1.0,15.5,1,0,-0.047218
D005339,high,12551.31,22,1,10.0,126.7,4,0,-0.064008
D005340,high,6374.47,0,0,,71.9,5,0,0.0
D005341,high,43014.91,10,0,,66.4,4,0,0.0
D005342,low,4234.46,16,0,,25.9,4,0,0.0
D005343,low,4339.4,2,0,,153.2,1,0,0.0
D005344,high,43090.54,20,1,8.0,20.0,1,0,-0.103142
D005345,low,2126.85,17,0,,26.7,1,0,0.0
D005346,low,1664.66,2,0,,55.3,5,0,0.0
D005347,low,2421.5,16,0,,115.4,1,0,0.0
D005348,low,4250.09,2,0,,77.1,3,0,0.0
D005349,high,20311.72,23,1,11.0,70.0,1,0,-0.032075
D005350,high,10577.11,2,0,,7.1,3,1,0.0
D005351,high,9406.08,7,0,,99.3,3,0,0.0
D005352,high,37786.12,0,0,,83.2,5,0,0.0
D005353,low,3986.39,16,0,,21.0,2,1,0.0
D005354,high,12625.93,12,1,0.0,34.2,2,0,0.0
D005355,low,3189.73,12,0,,40.3,4,0,0.0
D005356,high,6901.45,11,0,,54.8,4,0,0.0
D005357,low,704.18,9,0,,41.1,4,0,0.0
D005358,low,1648.92,17,0,,20.1,3,0,0.0
D005359,high,5687.81,1,0,,58.3,5,0,0.0
D005360,high,6187.25,2,0,,58.4,2,0,0.0
D005361,low,1125.27,20,0,,13.3,2,0,0.0
D005362,low,2302.22,17,0,,52.2,2,0,0.0
D005363,low,945.67,8,0,,7.7,1,0,0.0
D005364,high,11174.11,16,1,4.0,92.0,6,0,-0.0318
D005365,low,1900.76,20,0,,41.0,3,0,0.0
D005366,high,22846.94,23,1,11.0,73.2,2,0,-0.04207
D005367,low,2085.52,20,0,,28.5,2,1,0.0
D005368,high,12887.46,0,0,,42.5,2,0,0.0
D005369,high,19551.29,1,0,,8.4,2,0,0.0
D005370,high,17385.55,11,0,,50.3,5,0,0.0
D005371,low,503.81,19,0,,61.5,1,0,0.0
D005372,high,21777.83,5,0,,64.0,3,0,0.0
D005373,high,6232.07,4,0,,14.7,1,1,0.0
D005374,high,55196.74,18,1,6.0,36.2,6,0,-0.046361
D005375,high,6880.36,9,0,,51.5,1,0,0.0
D005376,high,34505.9,8,0,,150.1,2,0,0.0
D005377,low,2959.93,3,0,,70.5,6,0,0.0
D005378,low,2249.63,15,0,,144.4,3,0,0.0
D005379,low,1128.64,15,0,,105.9,3,0,0.0
D005380,low,1197.5,17,0,,18.3,1,0,0.0
D005381,low,1998.98,10,0,,90.4,1,1,0.0
D005382,high,12768.68,3,0,,18.1,3,1,0.0
D005383,low,4637.61,21,0,,27.9,3,0,0.0
D005384,low,4797.53,23,0,,65.6,2,0,0.0
D005385,low,3710.41,19,0,,23.2,1,0,0.0
D005386,low,4386.36,9,0,,22.1,2,0,0.0
D005387,low,4366.8,23,0,,40.8,4,0,0.0
D005388,high,10002.17,13,1,1.0,46.1,4,0,-0.028949
D005389,low,760.73,10,0,,75.5,1,0,0.0
D005390,high,9502.89,2,0,,121.0,3,0,0.0
D005391,high,8249.36,2,0,,12.3,2,0,0.0
D005392,low,4350.8,22,0,,40.5,1,0,0.0
D005393,high,15068.36,15,1,3.0,51.7,5,0,-0.064589
D005394,high,14017.29,17,1,5.0,42.4,1,0,-0.080697
D005395,low,2353.64,1,0,,35.6,3,0,0.0
D005396,high,22810.48,0,0,,34.6,3,0,0.0
D005397,low,1304.54,23,0,,81.4,1,0,0.0
D005398,low,3707.59,12,0,,67.0,1,0,0.0
D005399,high,12554.33,18,1,6.0,97.0,3,0,-0.047524
D005400,high,8708.95,14,1,2.0,5.9,1,0,-0.05534
D005401,low,2057.74,19,0,,50.3,1,0,0.0
D005402,low,3571.82,18,0,,77.0,1,0,0.0
D005403,low,3232.2,6,0,,37.2,2,1,0.0
D005404,low,881.44,2,0,,18.9,3,0,0.0
D005405,low,1714.8,8,0,,32.7,1,0,0.0
D005406,low,1955.93,15,0,,137.7,3,0,0.0
D005407,high,12096.73,7,0,,50.5,2,0,0.0
D005408,high,122902.09,2,0,,216.8,2,0,0.0
D005409,high,7236.34,0,0,,65.7,3,0,0.0
D005410,high,8680.71,23,1,11.0,132.3,5,0,-0.041518
D005411,high,5093.82,19,1,7.0,99.7,1,0,-0.024475
D005412,high,9881.57,7,0,,128.6,2,0,0.0
D005413,high,8543.81,3,0,,76.8,2,0,0.0
D005414,high,22768.55,8,0,,113.6,2,0,0.0
D005415,low,714.22,15,0,,63.6,4,0,0.0
D005416,low,4174.18,15,0,,88.3,3,0,0.0
D005417,high,30431.58,3,0,,48.7,3,0,0.0
D005418,low,1729.78,23,0,,41.4,2,0,0.0
D005419,low,1232.47,17,0,,17.6,1,0,0.0
D005420,low,2755.75,1,0,,130.2,2,0,0.0
D005421,low,4241.52,5,0,,88.1,2,1,0.0
D005422,high,8043.97,3,0,,47.1,1,0,0.0
D005423,low,4396.23,3,0,,45.2,2,0,0.0
D005424,low,2107.25,19,0,,39.1,3,0,0.0
D005425,low,3591.4,8,0,,133.2,3,0,0.0
D005426,high,16349.09,12,1,0.0,35.0,3,1,0.0
D005427,high,6124.05,8,0,,87.9,6,0,0.0
D005428,low,774.02,20,0,,5.9,4,0,0.0
D005429,low,1330.35,6,0,,9.0,2,0,0.0
D005430,low,2221.64,16,0,,34.8,1,1,0.0
D005431,low,1898.89,0,0,,63.7,6,1,0.0
D005432,low,2964.58,6,0,,54.9,1,0,0.0
D005433,low,3809.17,23,0,,119.3,4,0,0.0
D005434,high,52603.97,4,0,,47.4,1,0,0.0
D005435,high,24734.51,11,0,,46.2,4,1,0.0
D005436,high,5616.98,11,0,,31.1,3,0,0.0
D005437,high,9457.61,22,1,10.0,175.2,3,0,-0.031853
D005438,high,9240.45,23,1,11.0,78.2,2,0,-0.043823
D005439,high,5620.06,20,1,8.0,7.9,2,0,-0.060252
D005440,high,9732.5,12,1,0.0,75.1,3,0,0.0
D005441,low,1779.64,5,0,,32.0,4,0,0.0
D005442,high,5242.07,11,0,,31.9,2,0,0.0
D005443,low,4533.09,18,0,,27.6,1,0,0.0
D005444,low,2899.55,3,0,,145.0,2,1,0.0
D005445,high,18556.91,0,0,,40.6,3,0,0.0
D005446,high,34666.13,10,0,,40.5,5,0,0.0
D005447,high,5409.67,14,1,2.0,40.9,3,0,-0.069576
D005448,low,3544.81,18,0,,79.4,2,0,0.0
D005449,high,8891.55,12,1,0.0,50.1,1,0,0.0
D005450,low,1162.82,18,0,,13.0,1,0,0.0
D005451,low,3951.5,2,0,,58.1,4,1,0.0
D005452,low,4628.4,9,0,,16.6,2,0,0.0
D005453,high,11951.21,10,0,,72.4,2,0,0.0
D005454,low,1607.16,21,0,,76.8,3,0,0.0
D005455,low,2140.47,9,0,,7.9,2,0,0.0
D005456,low,842.0,15,0,,18.5,2,0,0.0
D005457,high,21722.67,3,0,,48.5,3,0,0.0
D005458,low,2766.25,22,0,,80.8,1,0,0.0
D005459,low,4443.12,11,0,,76.8,1,1,0.0
D005460,low,3332.26,23,0,,18.7,2,0,0.0
D005461,low,3715.06,14,0,,43.3,1,0,0.0
D005462,low,1712.8,1,0,,123.0,6,0,0.0
D005463,low,4558.66,13,0,,33.4,3,0,0.0
D005464,high,10382.13,21,1,9.0,14.4,2,0,-0.043959
D005465,low,1340.83,18,0,,36.8,1,0,0.0
D005466,low,517.74,20,0,,44.7,2,0,0.0
D005467,low,1573.59,6,0,,71.8,1,0,0.0
D005468,low,2152.58,7,0,,36.9,4,0,0.0
D005469,high,16490.83,18,1,6.0,93.5,2,0,-0.092773
D005470,low,2399.05,7,0,,66.0,1,1,0.0
D005471,low,4366.55,2,0,,53.3,1,0,0.0
D005472,low,4113.69,16,0,,38.5,3,0,0.0
D005473,high,64473.59,15,1,3.0,108.2,3,0,-0.021159
D005474,high,6891.88,16,1,4.0,35.2,2,0,-0.074969
D005475,high,7577.33,19,1,7.0,126.2,6,0,-0.043174
D005476,low,4243.85,16,0,,12.3,1,1,0.0
D005477,high,10896.15,8,0,,33.0,1,1,0.0
D005478,low,1384.78,11,0,,83.0,2,0,0.0
D005479,low,1755.17,2,0,,48.4,4,0,0.0
D005480,low,510.5,10,0,,204.3,2,0,0.0
D005481,low,1566.87,10,0,,55.5,4,1,0.0
D005482,high,6847.42,15,1,3.0,22.9,2,0,-0.089555
D005483,high,8014.04,5,0,,15.8,3,0,0.0
D005484,high,16334.32,20,1,8.0,21.4,1,0,-0.036926
D005485,low,3746.22,9,0,,21.4,1,0,0.0
D005486,high,8850.19,18,1,6.0,88.5,1,0,-0.059812
D005487,low,1083.13,5,0,,51.0,1,0,0.0
D005488,high,21797.14,11,0,,40.0,5,0,0.0
D005489,high,9740.85,1,0,,41.9,3,0,0.0
D005490,low,1426.39,17,0,,22.7,2,1,0.0
D005491,low,2988.03,5,0,,52.1,2,0,0.0
D005492,high,12979.25,0,0,,37.2,3,0,0.0
D005493,high,19631.88,15,1,3.0,28.9,2,0,-0.116946
D005494,high,7713.86,14,1,2.0,53.3,4,0,-0.040423
D005495,low,3007.5,5,0,,100.4,1,0,0.0
D005496,low,4694.02,7,0,,129.0,1,0,0.0
D005497,high,5999.85,7,0,,87.9,1,0,0.0
D005498,low,2783.76,0,0,,16.0,2,1,0.0
D005499,high,10600.5,9,0,,53.3,1,0,0.0
D005500,high,5477.7,16,1,4.0,88.0,4,0,-0.056158
D005501,low,2274.27,1,0,,17.5,4,1,0.0
D005502,high,10278.19,3,0,,158.6,2,0,0.0
D005503,high,8322.28,14,1,2.0,142.5,1,0,-0.033191
D005504,low,3676.7,11,0,,106.4,5,0,0.0
D005505,low,972.77,4,0,,8.8,4,1,0.0
D005506,low,2855.26,3,0,,31.5,2,0,0.0
D005507,low,2126.29,2,0,,30.6,1,0,0.0
D005508,high,6554.99,7,0,,58.7,3,0,0.0
D005509,high,40825.19,9,0,,101.6,2,0,0.0
D005510,high,25066.26,15,1,3.0,86.7,1,0,-0.059922
D005511,low,1120.48,6,0,,26.3,3,1,0.0
D005512,low,367.68,3,0,,33.0,5,0,0.0
D005513,high,18478.86,7,0,,11.6,2,0,0.0
D005514,low,1535.47,9,0,,101.0,6,0,0.0
D005515,low,3818.72,13,0,,35.8,1,0,0.0
D005516,high,11900.24,16,1,4.0,41.3,2,0,-0.06283
D005517,low,4395.35,11,0,,33.7,2,0,0.0
D005518,high,7833.49,8,0,,23.7,4,0,0.0
D005519,high,9347.21,16,1,4.0,72.0,5,0,-0.053984
D005520,low,2705.36,9,0,,134.9,5,0,0.0
D005521,low,1153.93,20,0,,101.1,1,0,0.0
D005522,low,4628.12,6,0,,82.8,6,0,0.0
D005523,high,9989.67,12,1,0.0,160.0,3,1,0.0
D005524,low,4378.76,16,0,,61.9,5,0,0.0
D005525,low,1384.6,23,0,,136.0,4,1,0.0
D005526,high,24130.99,5,0,,52.7,4,0,0.0
D005527,high,7618.64,4,0,,153.2,3,1,0.0
D005528,high,22524.43,17,1,5.0,31.8,1,0,-0.054001
D005529,low,1407.06,19,0,,83.5,2,1,0.0
D005530,high,10387.3,19,1,7.0,62.1,5,0,-0.034907
D005531,low,2719.42,0,0,,28.8,2,0,0.0
D005532,low,3931.38,16,0,,90.3,3,0,0.0
D005533,low,4682.25,2,0,,26.7,1,0,0.0
D005534,high,5652.99,23,1,11.0,82.5,5,0,-0.058381
D005535,low,1853.31,10,0,,53.6,2,0,0.0
D005536,low,796.31,21,0,,186.7,1,1,0.0
D005537,high,6975.96,6,0,,37.0,4,0,0.0
D005538,high,5907.41,23,1,11.0,69.0,1,0,-0.040472
D005539,high,58391.76,6,0,,29.6,5,0,0.0
D005540,low,3841.55,6,0,,125.0,3,0,0.0
D005541,low,1589.28,13,0,,45.3,3,0,0.0
D005542,low,3684.67,6,0,,14.9,1,0,0.0
D005543,low,2136.27,2,0,,71.4,1,0,0.0
D005544,low,3368.7,19,0,,158.0,3,0,0.0
D005545,low,1608.74,23,0,,11.1,4,1,0.0
D005546,low,3143.84,0,0,,91.5,2,0,0.0
D005547,low,3024.0,13,0,,70.6,1,0,0.0
D005548,low,2314.62,1,0,,68.6,2,1,0.0
D005549,high,13433.57,13,1,1.0,37.8,3,0,-0.022811
D005550,high,11122.27,11,0,,94.2,4,0,0.0
D005551,low,2944.15,7,0,,6.8,4,0,0.0
D005552,high,32168.4,9,0,,21.7,4,0,0.0
D005553,high,18809.49,5,0,,61.8,4,0,0.0
D005554,high,13950.4,5,0,,199.8,4,0,0.0
D005555,low,694.03,21,0,,47.1,3,0,0.0
D005556,high,5744.61,13,1,1.0,72.5,2,0,-0.026884
D005557,high,29560.55,15,1,3.0,64.7,3,0,-0.048567
D005558,high,6031.04,6,0,,101.7,6,0,0.0
D005559,low,2778.12,15,0,,63.4,2,0,0.0
D005560,high,5084.01,1,0,,25.4,2,0,0.0
D005561,high,16345.64,8,0,,22.8,5,0,0.0
D005562,low,1226.89,14,0,,108.5,3,0,0.0
D005563,high,9753.59,14,1,2.0,69.4,2,0,-0.045296
D005564,low,2745.02,3,0,,5.5,1,0,0.0
D005565,low,3611.14,9,0,,71.5,1,0,0.0
D005566,low,3178.29,11,0,,21.5,3,0,0.0
D005567,high,5654.69,9,0,,65.8,2,0,0.0
D005568,low,4727.23,20,0,,52.8,4,0,0.0
D005569,low,3748.47,5,0,,27.5,1,0,0.0
D005570,low,1960.91,13,0,,29.3,2,0,0.0
D005571,high,16311.14,3,0,,80.8,1,0,0.0
D005572,low,1401.72,12,0,,62.2,3,0,0.0
D005573,low,4909.1,8,0,,235.5,4,0,0.0
D005574,low,1061.02,16,0,,45.4,3,1,0.0
D005575,low,1600.43,9,0,,122.4,3,0,0.0
D005576,low,1153.89,4,0,,123.5,4,0,0.0
D005577,high,6565.72,18,1,6.0,42.2,3,0,-0.069614
D005578,low,4117.72,4,0,,8.9,1,0,0.0
D005579,low,2136.4,12,0,,89.9,2,0,0.0
D005580,low,1635.14,0,0,,66.6,2,1,0.0
D005581,high,6281.86,20,1,8.0,3.8,1,0,-0.091439
D005582,low,4193.59,18,0,,28.4,4,1,0.0
D005583,low,4113.0,5,0,,39.5,1,1,0.0
D005584,low,2344.69,21,0,,27.4,3,0,0.0
D005585,low,2911.95,20,0,,33.2,1,0,0.0
D005586,high,9028.5,8,0,,38.9,3,0,0.0
D005587,high,5467.79,1,0,,53.5,1,0,0.0
D005588,high,7183.48,7,0,,39.3,5,0,0.0
D005589,high,32235.23,10,0,,33.7,4,0,0.0
D005590,high,14989.2,5,0,,15.1,3,0,0.0
D005591,low,1367.07,19,0,,70.9,5,0,0.0
D005592,low,1687.55,10,0,,28.6,2,0,0.0
D005593,low,3023.19,2,0,,127.2,1,0,0.0
D005594,low,3682.45,11,0,,90.6,2,0,0.0
D005595,high,8984.79,1,0,,28.0,6,0,0.0
D005596,low,450.24,12,0,,17.8,3,1,0.0
D005597,low,693.59,5,0,,84.4,1,0,0.0
D005598,low,710.04,3,0,,49.1,2,0,0.0
D005599,low,1003.02,20,0,,27.4,1,0,0.0
D005600,high,15947.68,22,1,10.0,68.0,3,0,-0.063785
D005601,high,22365.7,3,0,,13.5,5,0,0.0
D005602,high,7794.34,3,0,,72.6,1,0,0.0
D005603,high,29014.3,1,0,,116.0,3,0,0.0
D005604,high,31939.49,7,0,,53.3,1,0,0.0
D005605,high,63778.43,22,1,10.0,127.5,1,0,-0.059129
D005606,low,2717.02,16,0,,13.4,6,0,0.0
D005607,low,2596.26,22,0,,96.8,2,0,0.0
D005608,high,7778.5,23,1,11.0,42.1,2,0,-0.059655
D005609,high,8711.45,17,1,5.0,25.8,3,0,-0.074248
D005610,high,30325.93,9,0,,22.3,1,0,0.0
D005611,low,1045.73,4,0,,94.5,2,0,0.0
D005612,low,2635.32,22,0,,49.0,2,0,0.0
D005613,high,6861.49,5,0,,50.7,3,0,0.0
D005614,low,735.67,10,0,,122.6,1,0,0.0
D005615,low,1885.53,22,0,,10.0,4,0,0.0
D005616,low,4183.78,9,0,,58.0,3,0,0.0
D005617,low,1617.29,15,0,,178.8,2,0,0.0
D005618,high,6036.21,15,1,3.0,48.0,1,0,-0.086634
D005619,low,1906.76,11,0,,54.7,3,1,0.0
D005620,low,977.81,9,0,,108.3,4,0,0.0
D005621,low,26.44,2,0,,75.7,1,0,0.0
D005622,low,1435.62,13,0,,55.2,2,1,0.0
D005623,low,1225.81,16,0,,15.0,2,0,0.0
D005624,high,9534.85,19,1,7.0,13.2,4,0,-0.093125
D005625,low,4346.07,8,0,,39.4,1,0,0.0
D005626,high,8666.21,13,1,1.0,64.4,4,0,-0.030234
D005627,high,5448.44,4,0,,47.1,4,0,0.0
D005628,high,19511.87,8,0,,66.6,4,0,0.0
D005629,high,64010.44,6,0,,40.6,4,0,0.0
D005630,low,4247.66,10,0,,51.4,1,0,0.0
D005631,high,15477.71,9,0,,32.4,3,0,0.0
D005632,high,12332.62,1,0,,226.2,2,0,0.0
D005633,high,61319.16,2,0,,24.7,5,0,0.0
D005634,low,4880.76,12,0,,90.4,1,0,0.0
D005635,high,11607.76,0,0,,50.9,1,0,0.0
D005636,high,7815.83,7,0,,37.3,1,0,0.0
D005637,high,5846.46,14,1,2.0,101.7,2,0,-0.026255
D005638,high,11298.43,9,0,,50.7,3,0,0.0
D005639,low,1073.68,18,0,,12.0,1,0,0.0
D005640,high,65600.1,4,0,,121.9,4,0,0.0
D005641,high,17635.19,11,0,,52.3,1,0,0.0
D005642,low,1383.61,11,0,,107.7,5,0,0.0
D005643,high,12497.96,15,1,3.0,32.6,1,0,-0.065673
D005644,high,16260.01,4,0,,54.1,6,0,0.0
D005645,high,14401.16,9,0,,40.4,4,0,0.0
D005646,low,2069.84,21,0,,14.8,1,0,0.0
D005647,low,1555.0,5,0,,144.7,4,0,0.0
D005648,low,2092.94,21,0,,8.7,3,0,0.0
D005649,low,2555.59,14,0,,89.8,5,0,0.0
D005650,high,12675.42,23,1,11.0,119.4,2,0,-0.030479
D005651,high,5964.22,23,1,11.0,63.7,3,0,-0.030354
D005652,high,46677.14,14,1,2.0,59.8,3,0,-0.056301
D005653,low,2501.99,14,0,,121.4,3,0,0.0
D005654,low,4146.39,15,0,,171.1,1,0,0.0
D005655,high,8762.95,8,0,,11.4,5,0,0.0
D005656,low,4003.1,18,0,,66.9,1,0,0.0
D005657,high,9868.28,19,1,7.0,82.1,1,0,-0.045133
D005658,low,4549.66,13,0,,80.0,4,0,0.0
D005659,high,11508.84,8,0,,126.5,3,0,0.0
D005660,low,1413.06,22,0,,34.2,1,1,0.0
D005661,low,5002.21,23,0,,53.3,3,0,0.0
D005662,high,8927.4,11,0,,86.4,3,0,0.0
D005663,high,15481.33,23,1,11.0,132.7,2,1,-0.041914
D005664,low,3372.8,7,0,,46.3,2,0,0.0
D005665,low,2472.3,0,0,,39.1,1,0,0.0
D005666,low,4376.14,15,0,,94.3,4,0,0.0
D005667,low,1208.89,21,0,,33.7,2,0,0.0
D005668,high,9972.08,11,0,,132.4,3,1,0.0
D005669,low,2811.05,18,0,,23.8,2,0,0.0
D005670,high,7671.82,0,0,,141.4,2,0,0.0
D005671,high,17872.23,16,1,4.0,68.7,3,0,-0.045315
D005672,high,15558.84,8,0,,70.2,1,0,0.0
D005673,high,13080.48,6,0,,69.2,2,0,0.0
D005674,low,2630.42,8,0,,113.0,2,1,0.0
D005675,high,5109.7,22,1,10.0,110.5,2,0,-0.047247
D005676,low,4215.05,6,0,,181.3,1,1,0.0
D005677,low,1394.28,9,0,,99.2,2,1,0.0
D005678,low,4101.48,15,0,,112.3,3,0,0.0
D005679,high,7161.93,12,1,0.0,64.7,3,0,0.0
D005680,low,2279.13,12,0,,138.4,5,0,0.0
D005681,low,1322.23,3,0,,68.0,6,0,0.0
D005682,low,1103.78,5,0,,27.3,3,0,0.0
D005683,high,10141.6,17,1,5.0,37.0,2,0,-0.074655
D005684,low,1421.33,6,0,,67.3,5,0,0.0
D005685,low,2901.5,21,0,,50.8,2,0,0.0
D005686,low,4375.61,11,0,,55.9,1,0,0.0
D005687,high,28391.83,15,1,3.0,24.0,1,0,-0.069625
D005688,low,549.5,12,0,,85.3,1,1,0.0
D005689,low,3016.71,14,0,,66.7,4,0,0.0
D005690,low,2201.79,6,0,,160.9,3,0,0.0
D005691,high,10819.56,15,1,3.0,21.5,3,0,-0.068669
D005692,low,2247.44,13,0,,80.3,2,0,0.0
D005693,high,9168.02,3,0,,86.9,1,0,0.0
D005694,low,1551.66,6,0,,135.5,5,0,0.0
D005695,high,14715.2,8,0,,44.2,2,0,0.0
D005696,low,1342.75,2,0,,34.2,4,0,0.0
D005697,low,2797.15,1,0,,71.8,1,0,0.0
D005698,low,2070.35,7,0,,61.5,4,1,0.0
D005699,low,1786.91,8,0,,137.8,1,0,0.0
D005700,high,6494.41,2,0,,74.8,1,0,0.0
D005701,high,19875.0,17,1,5.0,16.7,3,0,-0.05605
D005702,high,51893.91,8,0,,51.8,4,0,0.0
D005703,high,18732.25,4,0,,39.4,3,1,0.0
D005704,high,7024.17,22,1,10.0,46.4,1,0,-0.06379
D005705,high,17019.74,4,0,,25.7,1,0,0.0
D005706,high,22023.07,1,0,,98.5,2,0,0.0
D005707,low,4925.3,0,0,,51.5,1,0,0.0
D005708,low,1361.39,11,0,,50.3,2,0,0.0
D005709,low,1396.67,14,0,,28.6,4,0,0.0
D005710,low,3038.23,9,0,,33.5,5,0,0.0
D005711,low,2169.52,8,0,,152.8,2,0,0.0
D005712,low,4476.57,14,0,,104.2,5,0,0.0
D005713,low,2382.3,3,0,,22.3,5,0,0.0
D005714,low,2925.4,6,0,,26.0,2,0,0.0
D005715,high,8024.48,13,1,1.0,27.8,1,0,-0.026022
D005716,high,25337.02,10,0,,18.9,2,1,0.0
D005717,high,23086.52,17,1,5.0,58.7,4,0,-0.054467
D005718,high,30115.9,21,1,9.0,15.9,2,0,-0.075087
D005719,low,2725.75,10,0,,70.5,2,0,0.0
D005720,high,18304.05,16,1,4.0,25.9,4,0,-0.089626
D005721,low,1568.94,1,0,,125.6,1,0,0.0
D005722,high,48207.43,1,0,,30.9,3,1,0.0
D005723,low,2492.85,18,0,,22.7,1,0,0.0
D005724,high,13774.42,22,1,10.0,50.2,2,0,-0.071676
D005725,low,3921.68,19,0,,131.7,1,0,0.0
D005726,low,2569.95,22,0,,100.9,5,0,0.0
D005727,low,3473.31,14,0,,87.7,4,0,0.0
D005728,high,10977.86,8,0,,49.0,1,1,0.0
D005729,high,6355.6,17,1,5.0,28.2,2,1,-0.061078
D005730,low,813.76,19,0,,88.3,5,1,0.0
D005731,high,6649.55,3,0,,59.6,1,1,0.0
D005732,low,2067.7,14,0,,46.7,2,0,0.0
D005733,low,1228.98,20,0,,29.9,2,0,0.0
D005734,low,3979.96,1,0,,185.1,4,0,0.0
D005735,low,2116.6,8,0,,34.1,2,1,0.0
D005736,high,12952.26,8,0,,97.9,1,0,0.0
D005737,low,1970.03,7,0,,37.0,1,1,0.0
D005738,high,5399.39,4,0,,81.7,1,0,0.0
D005739,low,1782.7,8,0,,182.2,4,0,0.0
D005740,high,8575.24,8,0,,89.0,2,0,0.0
D005741,high,7188.11,0,0,,72.5,2,0,0.0
D005742,high,33888.08,13,1,1.0,52.9,6,0,-0.019875
D005743,low,3674.35,7,0,,70.8,2,0,0.0
D005744,high,14376.24,5,0,,24.4,2,0,0.0
D005745,low,383.54,23,0,,121.1,1,0,0.0
D005746,high,13284.39,12,1,0.0,98.4,1,0,0.0
D005747,low,1412.62,4,0,,50.4,1,0,0.0
D005748,high,39632.21,20,1,8.0,158.2,1,0,-0.025324
D005749,high,6276.23,4,0,,22.2,3,1,0.0
D005750,low,4733.02,19,0,,88.4,2,0,0.0
D005751,high,12376.21,15,1,3.0,49.2,6,0,-0.038373
D005752,low,1662.77,23,0,,54.2,1,0,0.0
D005753,high,10436.66,3,0,,71.5,3,0,0.0
D005754,low,3604.05,9,0,,48.9,3,0,0.0
D005755,high,11597.92,14,1,2.0,90.0,6,1,-0.053852
D005756,low,854.78,19,0,,65.7,2,0,0.0
D005757,low,4143.12,4,0,,129.9,2,0,0.0
D005758,low,2169.38,22,0,,66.7,4,0,0.0
D005759,high,5217.82,18,1,6.0,26.9,2,0,-0.07501
D005760,high,8262.66,14,1,2.0,60.6,2,0,-0.03526
D005761,low,4124.12,19,0,,33.7,1,1,0.0
D005762,high,7601.88,0,0,,26.2,2,0,0.0
D005763,high,7993.46,22,1,10.0,86.6,4,0,-0.036722
D005764,high,6668.92,1,0,,23.3,1,0,0.0
D005765,low,2206.77,10,0,,30.8,1,1,0.0
D005766,low,678.06,10,0,,41.6,2,0,0.0
D005767,low,919.89,10,0,,21.3,2,1,0.0
D005768,low,3771.51,19,0,,55.7,4,0,0.0
D005769,low,4034.6,22,0,,66.0,1,0,0.0
D005770,low,4881.73,0,0,,17.7,1,0,0.0
D005771,high,102763.46,14,1,2.0,54.7,4,0,-0.041917
D005772,low,595.14,20,0,,56.7,2,0,0.0
D005773,low,187.51,18,0,,228.0,1,0,0.0
D005774,low,2954.69,2,0,,57.4,1,0,0.0
D005775,low,622.05,7,0,,63.7,2,0,0.0
D005776,high,6401.46,18,1,6.0,50.0,4,0,-0.044657
D005777,high,6201.65,18,1,6.0,76.5,6,0,-0.047262
D005778,low,4882.86,12,0,,22.8,1,0,0.0
D005779,low,1154.93,23,0,,126.7,1,0,0.0
D005780,low,862.86,4,0,,82.3,2,0,0.0
D005781,low,4241.23,3,0,,54.2,2,1,0.0
D005782,high,114441.24,9,0,,38.2,4,0,0.0
D005783,high,5857.48,19,1,7.0,59.9,2,0,-0.055615
D005784,high,11289.18,23,1,11.0,151.9,3,0,-0.041487
D005785,high,19055.83,21,1,9.0,60.2,1,0,-0.039196
D005786,low,1850.91,13,0,,15.5,3,0,0.0
D005787,low,2318.85,9,0,,82.3,2,0,0.0
D005788,high,8775.18,17,1,5.0,79.4,3,1,-0.031961
D005789,high,23643.4,4,0,,17.2,1,1,0.0
D005790,high,6284.64,13,1,1.0,80.3,1,0,-0.022702
D005791,low,272.08,9,0,,58.8,4,0,0.0
D005792,low,2042.91,7,0,,86.7,3,0,0.0
D005793,high,6924.51,22,1,10.0,84.4,5,0,-0.073905
D005794,low,3793.03,18,0,,52.2,4,1,0.0
D005795,low,1216.79,19,0,,9.1,1,0,0.0
D005796,high,47834.54,17,1,5.0,38.5,1,0,-0.061226
D005797,low,1265.8,6,0,,135.1,3,0,0.0
D005798,low,630.72,10,0,,40.7,1,0,0.0
D005799,high,29029.22,10,0,,116.4,4,0,0.0
D005800,high,10035.94,16,1,4.0,78.5,3,0,-0.050059
D005801,low,2108.0,23,0,,7.4,2,0,0.0
D005802,low,3723.12,2,0,,76.5,3,0,0.0
D005803,high,6087.31,16,1,4.0,219.3,3,1,-0.031049
D005804,high,11306.65,16,1,4.0,17.5,1,0,-0.090257
D005805,high,10224.19,7,0,,21.6,1,0,0.0
D005806,high,11760.8,6,0,,56.8,6,0,0.0
D005807,high,6037.72,3,0,,44.2,5,0,0.0
D005808,low,2957.26,15,0,,82.7,5,0,0.0
D005809,high,5966.62,12,1,0.0,66.1,1,1,0.0
D005810,high,5743.57,13,1,1.0,68.1,4,0,-0.027211
D005811,high,7024.95,23,1,11.0,32.4,2,0,-0.046018
D005812,low,3797.7,9,0,,31.9,4,1,0.0
D005813,high,9219.61,21,1,9.0,29.3,4,0,-0.063681
D005814,low,3649.65,13,0,,18.1,3,1,0.0
D005815,low,760.75,15,0,,16.9,1,0,0.0
D005816,high,18538.45,8,0,,23.9,2,0,0.0
D005817,high,48194.65,23,1,11.0,55.8,2,0,-0.059199
D005818,low,2009.66,7,0,,27.0,1,0,0.0
D005819,high,5569.82,0,0,,83.4,2,0,0.0
D005820,low,1572.79,9,0,,72.3,4,0,0.0
D005821,high,18488.14,20,1,8.0,55.0,5,0,-0.08688
D005822,high,8060.89,9,0,,33.9,1,0,0.0
D005823,low,2825.93,11,0,,27.1,3,0,0.0
D005824,low,3612.73,0,0,,92.7,2,0,0.0
D005825,high,31247.94,22,1,10.0,114.1,1,0,-0.024201
D005826,low,1807.11,22,0,,92.8,2,1,0.0
D005827,low,1612.76,16,0,,81.0,2,0,0.0
D005828,high,5636.96,20,1,8.0,173.6,2,0,-0.040847
D005829,low,1361.77,6,0,,14.9,2,0,0.0
D005830,high,34568.49,3,0,,32.9,2,0,0.0
D005831,low,1737.27,10,0,,84.0,3,0,0.0
D005832,low,4311.08,17,0,,72.1,5,0,0.0
D005833,low,2005.19,6,0,,19.0,2,1,0.0
D005834,low,3151.64,8,0,,77.2,2,0,0.0
D005835,high,10954.56,8,0,,96.6,4,0,0.0
D005836,high,5507.06,1,0,,88.1,2,0,0.0
D005837,low,1366.91,2,0,,31.0,2,0,0.0
D005838,high,6067.29,2,0,,128.7,5,0,0.0
D005839,high,12334.12,3,0,,52.5,1,0,0.0
D005840,low,4159.92,21,0,,112.1,2,0,0.0
D005841,low,4484.09,5,0,,93.8,1,0,0.0
D005842,high,24404.82,9,0,,121.0,4,1,0.0
D005843,low,4878.07,12,0,,45.0,3,0,0.0
D005844,high,10356.53,21,1,9.0,46.7,2,0,-0.050474
D005845,high,14306.41,21,1,9.0,37.7,2,0,-0.069375
D005846,high,7456.97,12,1,0.0,35.8,2,0,0.0
D005847,high,8236.26,2,0,,7.3,2,0,0.0
D005848,low,3455.83,18,0,,90.4,6,0,0.0
D005849,low,3562.15,4,0,,94.8,3,0,0.0
D005850,low,697.48,6,0,,10.1,4,0,0.0
D005851,low,4481.41,20,0,,121.3,2,0,0.0
D005852,high,10245.33,5,0,,37.9,1,1,0.0
D005853,low,1156.6,14,0,,45.9,3,0,0.0
D005854,high,5833.25,12,1,0.0,53.8,4,0,0.0
D005855,high,5276.06,19,1,7.0,162.4,5,0,-0.032209
D005856,low,4515.78,23,0,,4.3,2,0,0.0
D005857,low,4773.67,4,0,,283.3,6,0,0.0
D005858,high,18174.92,6,0,,29.3,2,0,0.0
D005859,low,3459.12,9,0,,57.1,2,0,0.0
D005860,high,18825.21,6,0,,70.5,2,0,0.0
D005861,high,5351.8,2,0,,22.1,1,0,0.0
D005862,low,934.7,23,0,,32.1,2,0,0.0
D005863,low,2108.4,4,0,,26.4,2,1,0.0
D005864,high,12349.06,14,1,2.0,13.2,5,0,-0.048023
D005865,high,37612.04,7,0,,23.1,1,0,0.0
D005866,low,714.27,6,0,,45.7,4,0,0.0
D005867,high,27510.44,7,0,,51.2,6,0,0.0
D005868,low,2492.68,2,0,,179.9,1,0,0.0
D005869,low,3114.6,6,0,,24.4,3,0,0.0
D005870,low,3025.73,10,0,,13.4,2,0,0.0
D005871,low,1223.81,7,0,,38.2,1,0,0.0
D005872,low,1779.33,21,0,,81.6,2,0,0.0
D005873,high,7167.07,1,0,,39.5,1,0,0.0
D005874,high,12821.27,21,1,9.0,21.7,3,0,-0.07016
D005875,high,9780.76,10,0,,74.1,2,0,0.0
D005876,high,5389.91,23,1,11.0,20.5,4,0,-0.07309
D005877,high,8284.98,7,0,,35.8,5,0,0.0
D005878,low,2193.92,23,0,,81.4,1,0,0.0
D005879,high,6055.86,20,1,8.0,131.0,3,0,-0.041077
D005880,high,11748.83,9,0,,46.5,2,0,0.0
D005881,high,5658.38,5,0,,77.5,1,0,0.0
D005882,low,1143.16,21,0,,24.5,2,0,0.0
D005883,high,6602.88,8,0,,95.3,2,1,0.0
D005884,high,5349.75,2,0,,44.3,2,1,0.0
D005885,low,3611.86,15,0,,30.1,4,1,0.0
D005886,low,3244.44,6,0,,146.4,2,0,0.0
D005887,low,1798.11,20,0,,170.5,4,0,0.0
D005888,high,8227.8,14,1,2.0,54.7,1,0,-0.041964
D005889,high,13207.8,0,0,,19.8,4,0,0.0
D005890,low,4044.8,4,0,,23.8,3,0,0.0
D005891,high,6974.38,8,0,,27.6,3,1,0.0
D005892,high,12657.65,7,0,,14.8,2,0,0.0
D005893,low,4657.85,21,0,,21.1,2,0,0.0
D005894,high,12958.02,12,1,0.0,55.0,1,0,0.0
D005895,low,1422.18,9,0,,20.8,3,0,0.0
D005896,low,3047.96,16,0,,38.0,1,0,0.0
D005897,high,5205.16,19,1,7.0,40.9,5,1,-0.115461
D005898,low,2039.47,1,0,,66.7,3,0,0.0
D005899,low,3732.43,18,0,,71.4,2,1,0.0
D005900,low,4027.23,15,0,,65.8,3,0,0.0
D005901,high,9969.29,2,0,,117.6,1,0,0.0
D005902,high,7464.58,21,1,9.0,82.6,2,0,-0.065302
D005903,high,5352.96,19,1,7.0,179.4,2,0,-0.025259
D005904,high,5195.8,19,1,7.0,206.4,1,0,-0.024686
D005905,low,1519.49,19,0,,42.1,1,0,0.0
D005906,low,2421.31,15,0,,33.6,3,0,0.0
D005907,high,5065.38,23,1,11.0,28.2,1,0,-0.126259
D005908,low,2362.87,0,0,,12.1,1,0,0.0
D005909,low,1294.66,21,0,,67.1,5,0,0.0
D005910,low,1192.91,1,0,,13.8,1,0,0.0
D005911,low,4340.25,10,0,,68.4,2,0,0.0
D005912,high,17003.25,14,1,2.0,87.9,1,0,-0.037187
D005913,low,1082.08,14,0,,37.8,2,1,0.0
D005914,low,4544.96,12,0,,65.7,4,1,0.0
D005915,high,14723.07,20,1,8.0,39.7,1,0,-0.099577
D005916,high,6564.97,14,1,2.0,39.5,1,0,-0.065095
D005917,high,19698.02,6,0,,42.4,3,0,0.0
D005918,low,2042.99,6,0,,43.8,1,0,0.0
D005919,high,6867.47,6,0,,79.0,3,0,0.0
D005920,high,13994.45,4,0,,47.3,4,0,0.0
D005921,low,4766.69,9,0,,61.8,1,0,0.0
D005922,low,3555.11,19,0,,24.9,6,1,0.0
D005923,low,2184.07,22,0,,21.4,5,0,0.0
D005924,high,8788.9,7,0,,27.6,2,0,0.0
D005925,high,25526.5,17,1,5.0,36.3,4,0,-0.064273
D005926,low,2215.43,23,0,,50.3,5,1,0.0
D005927,low,1371.32,18,0,,109.7,3,0,0.0
D005928,low,3520.15,3,0,,49.1,4,0,0.0
D005929,high,8215.94,13,1,1.0,203.2,2,0,-0.008697
D005930,low,3743.79,18,0,,46.8,4,0,0.0
D005931,low,3168.08,16,0,,72.5,1,0,0.0
D005932,high,8728.56,12,1,0.0,58.7,3,0,0.0
D005933,low,4419.03,10,0,,32.1,3,0,0.0
D005934,low,2960.52,8,0,,19.7,2,0,0.0
D005935,low,1848.77,21,0,,26.9,3,0,0.0
D005936,low,3977.4,2,0,,29.0,2,0,0.0
D005937,low,2696.5,13,0,,31.8,2,0,0.0
D005938,low,3493.2,18,0,,6.4,2,0,0.0
D005939,high,24148.2,2,0,,58.7,1,0,0.0
D005940,low,4494.46,7,0,,16.6,1,1,0.0
D005941,low,4311.64,0,0,,182.4,4,0,0.0
D005942,high,18284.97,7,0,,101.4,4,0,0.0
D005943,low,2017.7,11,0,,147.2,4,0,0.0
D005944,low,2406.21,8,0,,58.6,3,0,0.0
D005945,low,2890.86,21,0,,7.2,3,0,0.0
D005946,high,24795.71,10,0,,110.7,3,1,0.0
D005947,low,2399.58,15,0,,17.4,2,1,0.0
D005948,low,3048.11,19,0,,66.0,3,0,0.0
D005949,low,3448.53,21,0,,13.0,4,1,0.0
D005950,high,9500.97,19,1,7.0,101.4,3,0,-0.023793
D005951,low,446.82,23,0,,38.8,2,0,0.0
D005952,high,7100.36,3,0,,27.8,2,0,0.0
D005953,low,4264.72,10,0,,84.7,2,1,0.0
D005954,high,7796.4,4,0,,6.9,4,0,0.0
D005955,high,11219.26,9,0,,46.2,1,0,0.0
D005956,low,913.37,5,0,,63.4,4,0,0.0
D005957,low,1173.12,2,0,,8.1,1,0,0.0
D005958,low,1831.68,1,0,,64.6,6,0,0.0
D005959,high,6562.74,17,1,5.0,64.4,2,0,-0.060334
D005960,low,1085.7,21,0,,82.6,1,0,0.0
D005961,low,345.08,2,0,,17.1,2,0,0.0
D005962,high,13679.26,10,0,,74.8,1,0,0.0
D005963,low,3442.94,4,0,,54.0,1,0,0.0
D005964,low,1491.83,13,0,,24.2,4,1,0.0
D005965,high,7373.3,3,0,,34.9,1,0,0.0
D005966,high,9099.07,15,1,3.0,69.4,3,0,-0.043763
D005967,high,15780.42,18,1,6.0,41.0,2,0,-0.097365
D005968,high,27057.28,16,1,4.0,66.2,1,0,-0.052095
D005969,low,1577.69,8,0,,32.1,5,0,0.0
D005970,low,2518.65,4,0,,28.3,2,0,0.0
D005971,low,3743.05,3,0,,80.0,4,0,0.0
D005972,high,14576.79,20,1,8.0,60.2,3,0,-0.042924
D005973,low,2269.96,23,0,,5.8,1,0,0.0
D005974,low,454.56,14,0,,21.9,1,0,0.0
D005975,high,26885.53,17,1,5.0,16.1,3,1,-0.070556
D005976,high,20919.98,17,1,5.0,59.6,1,0,-0.047636
D005977,high,5115.77,9,0,,93.0,2,0,0.0
D005978,low,1324.22,14,0,,102.1,1,0,0.0
D005979,low,658.58,15,0,,45.9,1,0,0.0
D005980,low,3802.03,14,0,,46.9,2,0,0.0
D005981,low,2638.62,6,0,,41.9,1,0,0.0
D005982,high,17691.99,22,1,10.0,33.0,4,0,-0.0638
D005983,low,3234.5,4,0,,14.9,3,0,0.0
D005984,low,1011.48,1,0,,130.8,5,0,0.0
D005985,low,1074.93,6,0,,43.6,1,1,0.0
D005986,low,2016.46,4,0,,84.6,2,0,0.0
D005987,high,6589.91,15,1,3.0,81.0,1,0,-0.062325
D005988,low,1746.77,6,0,,37.2,1,1,0.0
D005989,high,16627.09,11,0,,77.0,2,1,0.0
D005990,high,5370.33,17,1,5.0,73.8,1,0,-0.096044
D005991,low,3905.1,11,0,,94.8,1,0,0.0
D005992,high,16844.67,18,1,6.0,31.0,2,0,-0.045504
D005993,low,3488.83,18,0,,56.4,3,0,0.0
D005994,high,9713.8,22,1,10.0,113.6,2,0,-0.029669
D005995,low,2359.77,16,0,,26.5,1,0,0.0
D005996,low,2020.82,23,0,,107.3,4,0,0.0
D005997,high,8556.16,0,0,,8.1,1,0,0.0
D005998,high,29408.1,8,0,,22.9,1,0,0.0
D005999,high,13405.28,6,0,,97.6,1,0,0.0
D006000,high,10382.41,23,1,11.0,3.8,3,0,-0.080159
D006001,high,7769.53,17,1,5.0,83.9,2,0,-0.053519
D006002,low,1511.63,21,0,,3.3,4,1,0.0
D006003,low,1046.92,19,0,,31.8,4,0,0.0
D006004,high,43241.39,9,0,,89.1,1,0,0.0
D006005,low,803.09,13,0,,106.8,1,0,0.0
D006006,high,33721.93,5,0,,118.8,5,0,0.0
D006007,high,9136.77,4,0,,32.9,3,0,0.0
D006008,low,2341.76,1,0,,173.9,3,0,0.0
D006009,low,2632.2,17,0,,48.1,3,0,0.0
D006010,low,3721.86,20,0,,88.4,1,1,0.0
D006011,low,4546.53,16,0,,112.1,1,0,0.0
D006012,high,8569.98,1,0,,63.4,4,0,0.0
D006013,high,9161.01,3,0,,55.5,2,0,0.0
D006014,high,17028.47,20,1,8.0,89.9,3,0,-0.038899
D006015,low,1355.22,3,0,,30.3,1,0,0.0
D006016,high,8151.85,5,0,,70.9,1,0,0.0
D006017,high,6690.58,6,0,,62.6,1,0,0.0
D006018,high,50149.38,13,1,1.0,10.3,2,0,-0.031384
D006019,low,2886.66,9,0,,55.3,6,0,0.0
D006020,high,23574.43,16,1,4.0,154.0,1,0,-0.027432
D006021,high,12668.75,4,0,,36.2,5,0,0.0
D006022,low,1184.45,1,0,,24.5,2,0,0.0
D006023,low,3626.88,23,0,,64.1,4,0,0.0
D006024,high,8181.87,16,1,4.0,72.1,2,0,-0.058307
D006025,low,994.89,3,0,,138.3,1,0,0.0
D006026,low,1530.85,6,0,,47.3,2,0,0.0
D006027,low,1041.21,16,0,,133.6,3,0,0.0
D006028,high,18404.01,5,0,,9.1,3,0,0.0
D006029,low,2252.57,7,0,,151.3,1,0,0.0
D006030,low,1524.19,17,0,,138.9,2,0,0.0
D006031,low,3422.69,5,0,,154.5,5,0,0.0
D006032,high,6189.03,20,1,8.0,20.0,3,0,-0.027803
D006033,low,4556.32,0,0,,34.4,4,0,0.0
D006034,low,2692.24,6,0,,103.2,2,0,0.0
D006035,high,11086.64,11,0,,117.6,3,0,0.0
D006036,high,15582.13,9,0,,38.4,1,0,0.0
D006037,high,7051.51,0,0,,65.3,2,0,0.0
D006038,high,30302.89,9,0,,28.4,1,0,0.0
D006039,high,5110.99,17,1,5.0,108.0,2,0,-0.069302
D006040,low,1396.83,22,0,,52.6,2,0,0.0
D006041,low,3829.6,3,0,,53.5,2,0,0.0
D006042,low,3055.2,15,0,,71.6,3,0,0.0
D006043,high,8008.37,23,1,11.0,136.1,2,0,-0.03953
D006044,low,1330.64,13,0,,84.1,1,0,0.0
D006045,high,5256.68,23,1,11.0,78.0,2,0,-0.050305
D006046,high,38274.8,7,0,,18.8,2,0,0.0
D006047,low,2819.35,15,0,,90.7,4,0,0.0
D006048,high,12203.94,23,1,11.0,19.1,2,0,-0.038543
D006049,low,1641.18,20,0,,71.5,4,0,0.0
D006050,low,4922.23,0,0,,20.7,3,0,0.0
D006051,high,7017.16,23,1,11.0,77.6,2,0,-0.064706
D006052,low,440.21,15,0,,53.7,3,0,0.0
D006053,high,7757.86,6,0,,33.9,4,1,0.0
D006054,high,11504.61,15,1,3.0,32.3,3,0,-0.114693
D006055,low,1090.83,17,0,,29.8,1,0,0.0
D006056,low,2184.54,3,0,,65.0,3,0,0.0
D006057,low,4559.31,14,0,,98.1,3,0,0.0
D006058,high,8425.33,23,1,11.0,58.3,1,0,-0.071848
D006059,low,2281.31,18,0,,86.3,2,0,0.0
D006060,low,447.08,0,0,,5.6,1,0,0.0
D006061,high,6409.81,19,1,7.0,10.1,2,1,-0.092499
D006062,high,7928.23,19,1,7.0,15.6,4,0,-0.052868
D006063,low,688.65,0,0,,26.1,3,0,0.0
D006064,high,11090.26,16,1,4.0,120.5,6,0,-0.035483
D006065,high,30694.19,4,0,,18.8,1,0,0.0
D006066,high,6856.15,18,1,6.0,82.9,1,0,-0.065894
D006067,low,3617.23,6,0,,100.1,3,0,0.0
D006068,low,1253.37,23,0,,17.8,4,1,0.0
D006069,low,1021.23,2,0,,47.5,2,0,0.0
D006070,high,5833.73,20,1,8.0,60.3,3,0,-0.066268
D006071,low,4967.49,6,0,,115.2,2,0,0.0
D006072,low,355.28,15,0,,46.4,1,1,0.0
D006073,high,17194.11,11,0,,12.7,4,1,0.0
D006074,low,3255.37,18,0,,15.2,2,0,0.0
D006075,low,1895.36,21,0,,20.8,2,0,0.0
D006076,low,1711.31,10,0,,27.6,2,0,0.0
D006077,low,4802.53,0,0,,42.2,2,1,0.0
D006078,low,4155.17,22,0,,27.4,2,0,0.0
D006079,low,3029.87,11,0,,12.7,2,1,0.0
D006080,high,5695.43,16,1,4.0,21.6,2,0,-0.087791
D006081,low,1434.01,16,0,,64.9,1,1,0.0
D006082,low,4125.06,19,0,,100.9,4,0,0.0
D006083,high,9635.1,5,0,,70.0,6,0,0.0
D006084,high,10536.65,0,0,,156.5,3,0,0.0
D006085,high,6769.5,18,1,6.0,106.3,4,0,-0.036334
D006086,low,2166.86,10,0,,16.7,2,0,0.0
D006087,low,1828.25,9,0,,42.7,4,0,0.0
D006088,high,18821.6,19,1,7.0,20.4,5,0,-0.076886
D006089,high,23042.15,9,0,,35.1,3,1,0.0
D006090,high,19060.87,1,0,,21.8,5,0,0.0
D006091,high,7102.05,2,0,,21.9,1,0,0.0
D006092,low,3672.84,9,0,,48.4,2,0,0.0
D006093,high,9468.81,10,0,,99.3,4,0,0.0
D006094,high,8976.41,20,1,8.0,167.3,2,0,-0.034534
D006095,high,11262.12,7,0,,111.4,3,0,0.0
D006096,low,3222.23,9,0,,54.4,2,1,0.0
D006097,high,9761.64,6,0,,66.2,4,1,0.0
D006098,high,6736.43,0,0,,48.8,5,0,0.0
D006099,low,1549.51,18,0,,31.5,2,0,0.0
D006100,high,25206.99,12,1,0.0,33.8,4,1,0.0
D006101,high,5995.77,7,0,,23.3,2,0,0.0
D006102,low,4393.26,21,0,,31.5,2,0,0.0
D006103,high,12165.53,21,1,9.0,84.3,6,0,-0.055856
D006104,low,2580.34,8,0,,58.9,1,0,0.0
D006105,low,2282.95,14,0,,55.2,2,0,0.0
D006106,high,15317.36,23,1,11.0,77.5,1,0,-0.050231
D006107,low,1220.67,12,0,,107.7,3,0,0.0
D006108,high,46635.77,19,1,7.0,61.4,3,0,-0.043802
D006109,high,12387.85,3,0,,71.1,1,0,0.0
D006110,high,130125.36,19,1,7.0,42.2,2,0,-0.040278
D006111,high,9467.61,2,0,,54.0,4,0,0.0
D006112,low,3879.52,21,0,,83.0,1,0,0.0
D006113,high,38710.73,3,0,,43.3,6,0,0.0
D006114,high,7729.66,18,1,6.0,55.1,3,0,-0.074506
D006115,high,12831.44,6,0,,117.9,1,0,0.0
D006116,low,1885.66,9,0,,30.0,3,0,0.0
D006117,low,2755.21,1,0,,38.7,3,0,0.0
D006118,low,3489.05,15,0,,21.9,3,0,0.0
D006119,low,4794.12,13,0,,26.0,2,0,0.0
D006120,low,3340.52,9,0,,66.2,2,0,0.0
D006121,high,27311.58,9,0,,28.8,6,0,0.0
D006122,high,6859.53,7,0,,109.0,1,0,0.0
D006123,low,4622.38,11,0,,5.8,4,0,0.0
D006124,high,19667.07,19,1,7.0,49.8,1,0,-0.063601
D006125,low,4224.26,21,0,,17.1,6,1,0.0
D006126,high,9706.02,6,0,,64.2,2,0,0.0
D006127,high,17835.57,17,1,5.0,37.7,1,0,-0.07022
D006128,low,4250.51,23,0,,113.0,5,0,0.0
D006129,low,833.05,6,0,,36.3,2,1,0.0
D006130,low,4685.19,3,0,,58.5,2,1,0.0
D006131,high,8444.44,17,1,5.0,73.5,6,0,-0.023589
D006132,high,5226.27,23,1,11.0,42.8,4,1,-0.067155
D006133,high,8563.9,2,0,,35.3,3,0,0.0
D006134,high,10288.1,0,0,,95.2,5,0,0.0
D006135,high,10212.6,11,0,,55.8,2,0,0.0
D006136,high,26276.92,10,0,,30.4,3,0,0.0
D006137,high,95949.67,0,0,,80.8,4,0,0.0
D006138,low,4484.06,11,0,,43.6,2,0,0.0
D006139,low,4453.56,18,0,,58.0,5,0,0.0
D006140,low,1491.71,2,0,,30.1,4,0,0.0
D006141,low,1196.33,13,0,,60.7,1,1,0.0
D006142,high,16017.6,10,0,,84.4,2,0,0.0
D006143,high,16229.57,18,1,6.0,33.6,4,0,-0.053984
D006144,low,2624.34,6,0,,15.2,1,0,0.0
D006145,high,5107.94,15,1,3.0,65.4,2,0,-0.042126
D006146,high,36714.16,19,1,7.0,123.6,3,0,-0.031924
D006147,high,5758.46,16,1,4.0,28.0,2,0,-0.061486
D006148,low,3403.23,16,0,,18.8,1,0,0.0
D006149,low,4522.99,6,0,,75.4,1,0,0.0
D006150,high,10338.51,12,1,0.0,17.3,3,0,0.0
D006151,low,3204.17,16,0,,167.4,1,0,0.0
D006152,high,9622.89,23,1,11.0,79.5,4,0,-0.050122
D006153,high,42407.3,15,1,3.0,119.9,1,0,-0.049626
D006154,high,15492.41,0,0,,159.3,3,0,0.0
D006155,high,5208.73,15,1,3.0,49.3,3,0,-0.093497
D006156,high,5866.65,22,1,10.0,83.4,3,0,-0.038985
D006157,high,14436.56,0,0,,119.9,6,0,0.0
D006158,high,8992.01,10,0,,46.8,1,0,0.0
D006159,high,6115.49,12,1,0.0,135.6,3,0,0.0
D006160,high,40985.65,12,1,0.0,10.1,3,0,0.0
D006161,low,820.51,3,0,,98.3,1,1,0.0
D006162,low,1118.88,19,0,,33.5,3,0,0.0
D006163,high,7356.2,23,1,11.0,79.6,1,0,-0.041187
D006164,high,12847.25,9,0,,97.9,5,0,0.0
D006165,low,3913.57,18,0,,67.7,2,1,0.0
D006166,high,9634.06,11,0,,54.9,1,0,0.0
D006167,high,8313.13,0,0,,15.8,2,0,0.0
D006168,low,2320.23,13,0,,24.1,3,0,0.0
D006169,low,1800.81,7,0,,132.3,2,0,0.0
D006170,low,3980.73,14,0,,7.9,3,0,0.0
D006171,high,8482.11,23,1,11.0,40.2,2,0,-0.071361
D006172,high,34451.05,19,1,7.0,12.5,3,0,-0.075582
D006173,high,5186.96,3,0,,7.1,2,0,0.0
D006174,high,15142.96,11,0,,136.4,2,0,0.0
D006175,high,8552.86,5,0,,45.2,3,0,0.0
D006176,high,6862.02,4,0,,15.3,1,0,0.0
D006177,high,11620.26,17,1,5.0,71.3,3,0,-0.050349
D006178,high,20155.37,3,0,,16.3,1,0,0.0
D006179,high,18140.47,9,0,,56.0,1,0,0.0
D006180,high,11630.47,1,0,,7.8,1,1,0.0
D006181,low,1290.74,10,0,,160.4,1,0,0.0
D006182,low,1398.43,3,0,,136.6,1,0,0.0
D006183,high,13639.26,3,0,,77.4,3,1,0.0
D006184,low,4679.51,17,0,,16.6,3,0,0.0
D006185,high,73630.99,12,1,0.0,143.3,3,1,0.0
D006186,low,4272.64,19,0,,41.2,4,1,0.0
D006187,high,14637.01,2,0,,37.2,1,0,0.0
D006188,high,10667.16,12,1,0.0,21.2,6,0,0.0
D006189,high,5713.39,15,1,3.0,116.6,1,0,-0.047522
D006190,low,2149.4,2,0,,24.8,2,1,0.0
D006191,high,8205.59,3,0,,115.8,6,0,0.0
D006192,low,1995.43,12,0,,27.1,1,0,0.0
D006193,high,7660.11,8,0,,16.4,4,0,0.0
D006194,high,6045.15,18,1,6.0,9.6,1,0,-0.052583
D006195,low,2671.81,9,0,,40.9,3,0,0.0
D006196,high,8190.14,0,0,,46.1,4,0,0.0
D006197,high,10066.37,14,1,2.0,23.9,1,0,-0.084331
D006198,high,15358.81,21,1,9.0,123.0,4,0,-0.02894
D006199,high,8723.13,7,0,,115.5,5,0,0.0
D006200,high,5799.41,8,0,,87.5,1,0,0.0
D006201,low,4059.65,20,0,,46.1,4,0,0.0
D006202,low,3445.23,1,0,,71.3,2,0,0.0
D006203,high,10460.11,6,0,,22.5,2,1,0.0
D006204,high,6898.61,1,0,,111.5,2,0,0.0
D006205,low,1003.71,0,0,,17.9,1,1,0.0
D006206,low,1644.14,16,0,,9.0,2,1,0.0
D006207,high,15151.85,21,1,9.0,22.0,3,0,-0.066553
D006208,low,2280.86,22,0,,70.1,3,0,0.0
D006209,low,810.76,22,0,,42.1,4,0,0.0
D006210,low,4697.86,11,0,,19.0,2,1,0.0
D006211,low,2547.58,0,0,,148.1,4,0,0.0
D006212,high,6720.77,3,0,,109.2,5,0,0.0
D006213,low,1730.01,17,0,,9.2,4,0,0.0
D006214,low,1625.44,13,0,,22.8,1,0,0.0
D006215,low,1717.19,16,0,,30.2,2,0,0.0
D006216,high,7178.44,8,0,,87.6,1,0,0.0
D006217,low,2410.79,5,0,,62.8,2,0,0.0
D006218,high,7316.91,19,1,7.0,89.2,3,0,-0.04268
D006219,low,1242.07,6,0,,58.0,2,0,0.0
D006220,low,4638.58,19,0,,213.3,2,0,0.0
D006221,low,4949.01,8,0,,67.0,4,0,0.0
D006222,low,2526.18,21,0,,89.2,1,0,0.0
D006223,high,11112.59,17,1,5.0,31.5,2,0,-0.051145
D006224,high,19848.64,8,0,,77.7,4,0,0.0
D006225,low,4631.03,0,0,,30.5,4,1,0.0
D006226,low,4310.78,2,0,,42.8,4,0,0.0
D006227,high,5231.61,1,0,,150.3,3,0,0.0
D006228,high,8542.17,13,1,1.0,79.0,2,0,-0.031633
D006229,high,11825.35,4,0,,74.3,5,0,0.0
D006230,low,2240.33,13,0,,10.5,2,0,0.0
D006231,high,19270.61,20,1,8.0,37.1,5,0,-0.084115
D006232,low,3394.63,18,0,,81.7,3,0,0.0
D006233,low,2779.77,0,0,,191.1,3,0,0.0
D006234,low,3282.76,11,0,,51.0,2,0,0.0
D006235,low,4855.94,14,0,,25.0,2,0,0.0
D006236,high,13444.68,12,1,0.0,39.8,2,0,0.0
D006237,high,8582.0,7,0,,43.9,3,0,0.0
D006238,high,17806.79,9,0,,40.4,2,0,0.0
D006239,high,25977.52,5,0,,43.4,3,1,0.0
D006240,low,1397.53,7,0,,34.6,1,0,0.0
D006241,low,1071.31,10,0,,61.1,2,0,0.0
D006242,high,24136.9,10,0,,45.2,2,0,0.0
D006243,high,6811.57,8,0,,89.0,5,0,0.0
D006244,low,1315.49,21,0,,28.2,1,0,0.0
D006245,high,15202.3,19,1,7.0,31.0,2,0,-0.072602
D006246,low,2631.71,10,0,,22.6,4,0,0.0
D006247,low,1911.29,7,0,,60.2,2,0,0.0
D006248,high,44564.02,20,1,8.0,5.8,4,0,-0.071768
D006249,low,4482.01,0,0,,114.6,1,0,0.0
D006250,high,6710.18,20,1,8.0,82.8,2,0,-0.05748
D006251,low,402.6,8,0,,34.1,1,1,0.0
D006252,high,10778.42,22,1,10.0,69.8,1,0,-0.084492
D006253,low,3731.72,4,0,,85.7,4,0,0.0
D006254,low,3158.38,1,0,,52.3,3,0,0.0
D006255,high,23102.16,2,0,,57.0,3,0,0.0
D006256,high,9882.75,3,0,,75.5,3,0,0.0
D006257,low,2344.34,8,0,,61.8,3,0,0.0
D006258,low,2520.7,0,0,,79.2,3,0,0.0
D006259,low,1445.72,9,0,,124.1,1,0,0.0
D006260,low,966.49,18,0,,56.6,2,0,0.0
D006261,high,18189.48,3,0,,63.7,2,0,0.0
D006262,high,6819.27,0,0,,42.9,1,0,0.0
D006263,low,4342.19,5,0,,65.9,3,0,0.0
D006264,high,6374.65,13,1,1.0,38.1,4,0,-0.017463
D006265,low,758.12,17,0,,34.1,2,0,0.0
D006266,high,7193.59,13,1,1.0,103.7,2,0,-0.014425
D006267,high,9783.59,19,1,7.0,31.7,4,0,-0.095782
D006268,low,2271.89,19,0,,86.5,2,0,0.0
D006269,high,28553.47,12,1,0.0,33.0,2,1,0.0
D006270,high,12164.93,12,1,0.0,19.0,3,0,0.0
D006271,high,6936.25,18,1,6.0,38.2,2,0,-0.081036
D006272,low,1723.19,20,0,,52.0,1,0,0.0
D006273,high,34190.29,5,0,,7.7,3,1,0.0
D006274,high,8087.72,22,1,10.0,9.0,2,0,-0.074184
D006275,high,22243.19,5,0,,191.9,3,0,0.0
D006276,low,4003.23,2,0,,37.5,1,0,0.0
D006277,high,22276.66,2,0,,49.5,2,0,0.0
D006278,high,55714.57,21,1,9.0,96.6,1,0,-0.06252
D006279,high,66478.75,22,1,10.0,51.6,2,1,-0.05953
D006280,low,1183.51,7,0,,80.0,1,1,0.0
D006281,high,5279.39,21,1,9.0,39.9,2,0,-0.071518
D006282,high,53947.68,3,0,,70.9,5,0,0.0
D006283,high,9113.78,2,0,,56.0,1,0,0.0
D006284,high,5156.63,9,0,,93.3,4,0,0.0
D006285,high,22842.97,22,1,10.0,37.4,2,0,-0.077871
D006286,low,3593.74,5,0,,22.4,4,0,0.0
D006287,low,3535.32,8,0,,10.9,4,0,0.0
D006288,high,7504.93,0,0,,20.9,3,0,0.0
D006289,low,2896.98,16,0,,44.2,2,0,0.0
D006290,low,3224.38,7,0,,50.5,2,0,0.0
D006291,high,7093.89,8,0,,62.7,3,1,0.0
D006292,low,253.53,0,0,,42.3,1,0,0.0
D006293,high,14766.1,11,0,,38.1,2,1,0.0
D006294,high,12004.15,4,0,,32.9,1,0,0.0
D006295,low,1448.87,0,0,,54.0,1,0,0.0
D006296,high,6986.7,23,1,11.0,80.3,1,1,-0.060819
D006297,low,1236.83,5,0,,117.8,1,0,0.0
D006298,high,13741.34,23,1,11.0,44.6,4,0,-0.059384
D006299,high,13907.81,10,0,,58.7,4,0,0.0
D006300,low,1211.58,6,0,,124.7,2,0,0.0
D006301,high,22341.1,5,0,,66.2,5,0,0.0
D006302,low,3019.75,12,0,,159.7,3,1,0.0
D006303,low,4050.65,11,0,,119.3,2,0,0.0
D006304,high,10320.36,12,1,0.0,55.7,2,0,0.0
D006305,low,804.8,16,0,,25.2,1,1,0.0
D006306,high,5450.9,2,0,,26.3,1,0,0.0
D006307,low,2652.15,0,0,,85.3,2,0,0.0
D006308,low,850.05,20,0,,87.2,1,0,0.0
D006309,high,13778.08,8,0,,49.8,6,1,0.0
D006310,high,16905.85,7,0,,35.9,5,0,0.0
D006311,high,8401.0,6,0,,57.5,4,0,0.0
D006312,high,6714.37,16,1,4.0,65.2,2,0,-0.040599
D006313,low,3259.76,8,0,,33.8,2,0,0.0
D006314,low,4813.0,20,0,,112.6,2,0,0.0
D006315,high,11438.23,18,1,6.0,65.5,5,0,-0.069194
D006316,high,5670.26,22,1,10.0,39.1,2,0,-0.090689
D006317,high,20881.48,20,1,8.0,108.5,1,0,-0.078619
D006318,high,14246.51,7,0,,88.5,3,0,0.0
D006319,low,2843.2,4,0,,7.1,1,1,0.0
D006320,low,4016.53,14,0,,39.4,6,0,0.0
D006321,low,4111.33,6,0,,66.4,5,0,0.0
D006322,high,5259.28,3,0,,34.1,2,0,0.0
D006323,high,11784.99,4,0,,89.8,2,1,0.0
D006324,low,1794.02,15,0,,25.0,4,0,0.0
D006325,high,10420.15,13,1,1.0,102.7,5,0,-0.02049
D006326,low,4299.95,8,0,,45.5,4,0,0.0
D006327,low,2151.84,8,0,,25.8,2,1,0.0
D006328,high,12666.53,2,0,,32.8,3,1,0.0
D006329,low,3383.87,17,0,,45.6,2,0,0.0
D006330,low,4015.76,12,0,,108.5,3,0,0.0
D006331,low,3790.93,17,0,,74.6,4,0,0.0
D006332,low,4498.93,10,0,,34.7,1,0,0.0
D006333,high,9843.94,16,1,4.0,82.3,5,0,-0.050029
D006334,high,5993.29,16,1,4.0,61.8,2,0,-0.059852
D006335,high,8559.14,2,0,,40.6,1,0,0.0
D006336,low,931.09,7,0,,24.0,2,1,0.0
D006337,high,11770.65,3,0,,126.7,3,0,0.0
D006338,low,2866.91,3,0,,60.3,1,0,0.0
D006339,high,18340.11,23,1,11.0,48.0,4,0,-0.057782
D006340,low,2169.11,8,0,,86.4,1,1,0.0
D006341,low,589.55,12,0,,101.7,2,0,0.0
D006342,low,2522.1,18,0,,14.5,1,0,0.0
D006343,low,707.03,4,0,,163.5,3,0,0.0
D006344,low,2570.45,0,0,,34.9,3,0,0.0
D006345,high,20190.12,1,0,,45.3,1,0,0.0
D006346,high,43129.71,18,1,6.0,19.3,3,0,-0.052856
D006347,high,11877.71,4,0,,117.3,6,0,0.0
D006348,low,720.62,23,0,,45.5,2,0,0.0
D006349,low,648.31,20,0,,22.7,4,0,0.0
D006350,high,5894.71,6,0,,83.4,4,1,0.0
D006351,low,421.21,17,0,,12.7,2,0,0.0
D006352,high,6843.29,2,0,,109.9,4,0,0.0
D006353,high,12287.67,10,0,,224.7,1,0,0.0
D006354,low,205.36,18,0,,81.1,1,0,0.0
D006355,low,501.25,12,0,,41.7,2,0,0.0
D006356,high,15524.53,14,1,2.0,94.8,5,0,-0.064586
D006357,low,3213.36,7,0,,34.3,1,0,0.0
D006358,high,58147.19,2,0,,71.9,3,1,0.0
D006359,low,2349.41,6,0,,28.8,1,0,0.0
D006360,low,2718.87,11,0,,55.6,2,0,0.0
D006361,high,5194.11,4,0,,154.7,1,0,0.0
D006362,low,2228.15,15,0,,85.2,1,0,0.0
D006363,high,5353.86,11,0,,46.5,2,0,0.0
D006364,high,9420.89,16,1,4.0,52.7,1,0,-0.060624
D006365,high,5349.71,2,0,,25.6,4,0,0.0
D006366,high,6247.05,0,0,,120.0,2,0,0.0
D006367,high,5466.48,9,0,,19.5,4,0,0.0
D006368,low,1201.82,4,0,,65.0,2,0,0.0
D006369,low,2831.27,23,0,,39.6,1,1,0.0
D006370,high,31018.98,13,1,1.0,62.7,3,0,-0.015653
D006371,high,24752.89,3,0,,86.4,3,0,0.0
D006372,low,1722.6,15,0,,10.6,4,0,0.0
D006373,high,13614.7,18,1,6.0,35.0,4,0,-0.054668
D006374,low,2035.0,8,0,,58.6,2,0,0.0
D006375,low,3011.89,4,0,,35.6,2,0,0.0
D006376,high,5519.16,19,1,7.0,57.1,3,0,-0.027502
D006377,low,2375.44,8,0,,74.6,2,0,0.0
D006378,low,2536.19,9,0,,24.0,1,0,0.0
D006379,low,3043.02,15,0,,60.6,3,0,0.0
D006380,low,2086.68,23,0,,61.4,3,0,0.0
D006381,high,6320.35,20,1,8.0,23.9,3,0,-0.067003
D006382,high,5253.7,20,1,8.0,121.1,4,0,-0.046218
D006383,low,2926.22,3,0,,19.7,2,0,0.0
D006384,low,937.13,8,0,,63.6,2,0,0.0
D006385,high,9156.46,16,1,4.0,87.4,3,0,-0.047069
D006386,low,930.23,6,0,,50.7,3,1,0.0
D006387,high,9976.55,18,1,6.0,29.7,3,0,-0.097538
D006388,high,9176.84,6,0,,35.1,2,0,0.0
D006389,high,16994.04,5,0,,29.4,2,0,0.0
D006390,low,2032.09,15,0,,25.5,1,0,0.0
D006391,high,14590.22,1,0,,72.1,4,0,0.0
D006392,high,10401.2,21,1,9.0,115.3,3,0,-0.021071
D006393,high,16469.67,18,1,6.0,40.3,4,0,-0.056493
D006394,low,2279.31,9,0,,41.8,2,0,0.0
D006395,high,7707.13,12,1,0.0,34.8,2,0,0.0
D006396,low,3424.42,7,0,,21.3,1,0,0.0
D006397,low,1622.71,2,0,,189.3,1,0,0.0
D006398,high,26602.28,13,1,1.0,80.1,4,0,-0.015964
D006399,high,7338.84,9,0,,33.6,2,0,0.0
D006400,high,9824.79,6,0,,19.4,3,1,0.0
D006401,low,4230.25,19,0,,24.0,1,0,0.0
D006402,high,54648.98,12,1,0.0,126.2,3,0,0.0
D006403,high,20210.76,23,1,11.0,129.7,2,0,-0.032723
D006404,low,3682.23,8,0,,40.0,4,0,0.0
D006405,low,2610.19,8,0,,49.6,4,0,0.0
D006406,low,1483.77,16,0,,61.5,1,0,0.0
D006407,high,41518.91,13,1,1.0,74.0,5,0,-0.017312
D006408,high,22907.27,23,1,11.0,41.5,5,0,-0.088223
D006409,high,19011.57,11,0,,85.7,1,0,0.0
D006410,low,2524.37,9,0,,89.4,2,0,0.0
D006411,low,1888.02,12,0,,22.3,1,0,0.0
D006412,high,14993.48,3,0,,68.5,2,0,0.0
D006413,high,9743.85,3,0,,86.1,3,1,0.0
D006414,high,17890.94,14,1,2.0,60.5,3,0,-0.035231
D006415,low,3475.07,18,0,,63.3,3,0,0.0
D006416,low,151.78,20,0,,51.0,2,0,0.0
D006417,low,1975.58,7,0,,21.8,2,0,0.0
D006418,low,855.26,17,0,,72.3,2,0,0.0
D006419,low,2120.23,11,0,,82.8,2,1,0.0
D006420,low,2760.44,18,0,,86.1,2,0,0.0
D006421,high,12604.07,14,1,2.0,159.8,1,0,-0.065336
D006422,high,29578.53,20,1,8.0,126.0,4,0,-0.030799
D006423,low,1160.52,3,0,,94.9,2,0,0.0
D006424,low,4077.51,14,0,,63.9,3,0,0.0
D006425,high,8567.56,7,0,,22.4,6,0,0.0
D006426,high,5836.56,1,0,,50.4,1,0,0.0
D006427,high,9037.85,5,0,,132.3,3,0,0.0
D006428,low,2089.24,6,0,,32.6,2,0,0.0
D006429,low,4070.82,4,0,,91.1,2,0,0.0
D006430,high,27155.24,17,1,5.0,34.6,4,0,-0.056858
D006431,low,1948.87,17,0,,35.6,1,0,0.0
D006432,high,34592.58,2,0,,22.7,1,0,0.0
D006433,low,3874.84,5,0,,39.1,1,0,0.0
D006434,low,1736.46,14,0,,31.4,1,0,0.0
D006435,low,3652.72,20,0,,5.4,3,0,0.0
D006436,high,11115.09,9,0,,14.2,1,1,0.0
D006437,low,3154.57,13,0,,86.8,2,0,0.0
D006438,low,892.55,21,0,,54.1,4,0,0.0
D006439,high,5556.59,20,1,8.0,23.2,1,0,-0.07769
D006440,high,7869.27,15,1,3.0,119.5,4,0,-0.034917
D006441,low,2212.01,3,0,,43.9,4,0,0.0
D006442,low,1571.98,12,0,,95.0,1,0,0.0
D006443,low,2426.47,14,0,,35.0,4,0,0.0
D006444,high,15722.51,5,0,,75.9,6,0,0.0
D006445,high,13312.58,11,0,,31.8,3,0,0.0
D006446,high,5175.85,2,0,,60.8,2,0,0.0
D006447,low,877.7,10,0,,103.1,1,0,0.0
D006448,low,1492.21,10,0,,103.0,1,0,0.0
D006449,high,31132.0,23,1,11.0,111.4,5,0,-0.051799
D006450,high,33226.09,6,0,,162.1,5,0,0.0
D006451,high,39276.22,4,0,,24.7,5,0,0.0
D006452,low,2972.46,4,0,,36.6,1,1,0.0
D006453,high,5575.85,1,0,,28.3,3,0,0.0
D006454,low,2112.35,1,0,,74.2,3,0,0.0
D006455,low,1232.44,7,0,,72.7,4,0,0.0
D006456,low,3976.59,5,0,,37.4,2,0,0.0
D006457,low,2339.85,5,0,,46.5,2,0,0.0
D006458,low,2134.7,3,0,,32.5,2,1,0.0
D006459,high,7040.18,5,0,,34.8,4,0,0.0
D006460,high,19136.71,6,0,,145.0,4,0,0.0
D006461,high,10906.45,16,1,4.0,49.5,2,0,-0.097174
D006462,high,5288.71,19,1,7.0,28.6,3,0,-0.05665
D006463,high,15222.0,18,1,6.0,54.4,1,0,-0.049584
D006464,high,13075.55,5,0,,20.7,3,1,0.0
D006465,low,3557.45,11,0,,31.6,1,0,0.0
D006466,low,1489.44,17,0,,8.2,1,0,0.0
D006467,low,2165.11,9,0,,76.7,1,0,0.0
D006468,high,9138.21,15,1,3.0,78.7,2,0,-0.083867
D006469,low,2945.6,12,0,,17.2,6,0,0.0
D006470,low,1549.49,23,0,,80.4,1,0,0.0
D006471,high,19738.11,15,1,3.0,28.8,3,0,-0.056328
D006472,low,1633.78,2,0,,53.7,1,0,0.0
D006473,low,3899.79,11,0,,47.4,3,0,0.0
D006474,high,8377.65,18,1,6.0,13.5,2,0,-0.059462
D006475,high,12666.33,20,1,8.0,42.9,5,0,-0.062202
D006476,high,9147.05,1,0,,72.7,1,0,0.0
D006477,high,6128.34,0,0,,67.0,1,0,0.0
D006478,low,1384.82,3,0,,142.8,3,0,0.0
D006479,low,4489.91,17,0,,20.1,2,1,0.0
D006480,high,26976.98,13,1,1.0,65.5,3,0,-0.031462
D006481,low,3275.01,18,0,,107.8,2,0,0.0
D006482,high,8892.84,18,1,6.0,66.5,1,0,-0.100872
D006483,low,1618.95,14,0,,125.4,1,0,0.0
D006484,low,152.59,1,0,,27.1,2,0,0.0
D006485,high,25510.63,0,0,,31.3,5,0,0.0
D006486,high,14826.26,5,0,,50.4,3,0,0.0
D006487,high,18126.01,4,0,,43.8,3,0,0.0
D006488,high,8174.67,19,1,7.0,47.1,4,0,-0.075908
D006489,high,5457.39,21,1,9.0,97.7,1,0,-0.052501
D006490,low,2237.91,10,0,,22.0,1,1,0.0
D006491,low,578.81,22,0,,81.4,2,0,0.0
D006492,high,6926.14,3,0,,28.8,2,1,0.0
D006493,high,8246.13,19,1,7.0,58.8,3,0,-0.060707
D006494,low,2059.02,2,0,,42.2,1,0,0.0
D006495,high,7330.9,8,0,,39.1,3,0,0.0
D006496,high,9144.8,13,1,1.0,34.2,1,0,-0.030716
D006497,low,1807.91,14,0,,51.7,2,0,0.0
D006498,low,1006.9,7,0,,41.1,2,0,0.0
D006499,low,649.33,10,0,,48.0,5,0,0.0
D006500,low,1934.0,14,0,,106.9,2,1,0.0
D006501,low,901.6,4,0,,14.8,1,0,0.0
D006502,high,5772.84,1,0,,48.9,2,0,0.0
D006503,high,6179.07,12,1,0.0,29.7,2,0,0.0
D006504,high,16119.13,9,0,,48.0,1,0,0.0
D006505,low,2264.85,15,0,,30.1,2,1,0.0
D006506,high,30008.86,12,1,0.0,31.6,3,0,0.0
D006507,low,4564.68,1,0,,38.8,1,0,0.0
D006508,high,18131.52,8,0,,75.1,4,0,0.0
D006509,low,4037.88,16,0,,77.6,2,1,0.0
D006510,high,5204.6,23,1,11.0,26.0,4,0,-0.037135
D006511,high,15563.14,11,0,,80.9,2,0,0.0
D006512,low,4332.93,5,0,,58.8,1,0,0.0
D006513,high,27584.65,1,0,,24.5,3,0,0.0
D006514,low,2496.83,22,0,,77.4,5,0,0.0
D006515,high,9402.32,16,1,4.0,101.1,4,1,-0.044135
D006516,low,592.26,16,0,,16.7,1,0,0.0
D006517,low,2045.5,17,0,,76.4,2,0,0.0
D006518,high,10715.51,17,1,5.0,116.9,1,0,-0.041311
D006519,high,6658.45,12,1,0.0,25.3,2,0,0.0
D006520,high,21806.81,19,1,7.0,49.4,5,0,-0.065058
D006521,high,32469.13,13,1,1.0,48.3,4,0,-0.027699
D006522,high,8351.21,12,1,0.0,50.5,2,0,0.0
D006523,high,25858.95,6,0,,60.8,3,0,0.0
D006524,low,1037.51,17,0,,35.7,3,0,0.0
D006525,low,4706.2,11,0,,41.9,5,0,0.0
D006526,low,767.64,7,0,,19.9,2,0,0.0
D006527,high,11499.16,2,0,,12.3,4,0,0.0
D006528,high,6750.06,1,0,,60.3,3,0,0.0
D006529,low,745.29,6,0,,189.1,4,0,0.0
D006530,low,771.01,15,0,,49.7,4,0,0.0
D006531,high,6480.34,6,0,,21.0,6,0,0.0
D006532,high,24530.74,9,0,,84.6,3,0,0.0
D006533,high,20105.48,21,1,9.0,33.5,4,0,-0.057467
D006534,high,8372.74,14,1,2.0,11.9,5,0,-0.071597
D006535,low,2044.57,7,0,,34.7,4,0,0.0
D006536,high,20140.04,10,0,,36.8,5,0,0.0
D006537,low,2843.78,16,0,,300.0,1,0,0.0
D006538,low,1677.01,5,0,,66.6,2,1,0.0
D006539,high,6864.17,20,1,8.0,153.9,4,0,-0.029045
D006540,high,10071.62,5,0,,26.4,2,0,0.0
D006541,high,6243.29,7,0,,163.5,2,0,0.0
D006542,high,7175.25,23,1,11.0,131.2,1,0,-0.03882
D006543,high,32840.74,15,1,3.0,78.5,4,0,-0.043491
D006544,low,4067.15,11,0,,131.4,2,1,0.0
D006545,low,1309.21,17,0,,11.2,4,0,0.0
D006546,high,6264.15,17,1,5.0,6.9,2,0,-0.084845
D006547,low,3923.96,2,0,,44.3,2,0,0.0
D006548,low,190.75,23,0,,114.1,4,0,0.0
D006549,high,5217.69,13,1,1.0,30.0,5,0,-0.035041
D006550,high,5230.84,13,1,1.0,99.1,3,0,-0.022585
D006551,low,3249.59,18,0,,12.6,4,0,0.0
D006552,low,3908.1,0,0,,51.0,2,0,0.0
D006553,high,11687.87,3,0,,33.1,1,0,0.0
D006554,high,15295.11,12,1,0.0,30.3,5,0,0.0
D006555,low,1602.61,22,0,,18.6,3,0,0.0
D006556,low,2056.22,18,0,,4.4,3,0,0.0
D006557,low,3876.51,21,0,,35.6,2,1,0.0
D006558,low,1386.44,7,0,,83.7,5,1,0.0
D006559,low,2092.89,15,0,,116.6,1,0,0.0
D006560,high,15243.9,3,0,,71.9,1,0,0.0
D006561,high,55286.17,16,1,4.0,115.9,2,0,-0.067331
D006562,low,1794.63,9,0,,30.1,4,0,0.0
D006563,high,10216.21,8,0,,49.0,2,0,0.0
D006564,high,24563.11,18,1,6.0,152.7,1,0,-0.038094
D006565,low,1024.31,20,0,,9.3,4,1,0.0
D006566,low,1339.59,6,0,,126.2,2,0,0.0
D006567,high,5288.16,10,0,,152.2,1,0,0.0
D006568,low,1458.03,5,0,,129.8,2,0,0.0
D006569,high,11768.92,13,1,1.0,38.4,4,0,-0.026063
D006570,low,3504.45,4,0,,30.1,5,0,0.0
D006571,high,6646.82,14,1,2.0,146.6,4,0,-0.038541
D006572,high,21214.15,12,1,0.0,73.7,1,0,0.0
D006573,low,981.15,15,0,,101.6,4,0,0.0
D006574,high,19265.01,14,1,2.0,109.2,5,0,-0.050637
D006575,high,7971.05,3,0,,78.0,4,0,0.0
D006576,low,1117.19,23,0,,73.9,5,0,0.0
D006577,low,2608.86,19,0,,79.2,2,0,0.0
D006578,high,15063.99,22,1,10.0,198.2,2,0,-0.04806
D006579,low,4726.98,9,0,,24.8,2,0,0.0
D006580,low,3146.62,18,0,,144.1,2,0,0.0
D006581,low,1189.64,16,0,,109.7,2,1,0.0
D006582,high,7141.96,0,0,,45.3,2,0,0.0
D006583,high,47491.13,4,0,,147.8,1,0,0.0
D006584,high,6289.82,13,1,1.0,38.4,2,0,-0.031852
D006585,high,14531.11,8,0,,38.8,3,0,0.0
D006586,high,11907.34,20,1,8.0,55.5,4,0,-0.052554
D006587,high,11155.96,0,0,,88.5,2,0,0.0
D006588,high,18029.39,1,0,,79.0,3,1,0.0
D006589,low,1065.98,17,0,,139.8,3,0,0.0
D006590,low,1019.67,0,0,,33.8,4,0,0.0
D006591,low,1002.71,2,0,,81.2,1,0,0.0
D006592,low,3374.48,7,0,,13.0,4,0,0.0
D006593,high,8400.34,9,0,,103.0,1,0,0.0
D006594,low,1208.5,17,0,,24.1,1,0,0.0
D006595,low,435.89,3,0,,41.7,3,0,0.0
D006596,high,17727.62,3,0,,53.5,2,0,0.0
D006597,low,625.14,2,0,,30.2,1,0,0.0
D006598,low,2122.1,22,0,,27.8,2,0,0.0
D006599,high,5858.45,11,0,,51.2,1,0,0.0
D006600,high,7234.37,22,1,10.0,48.9,2,0,-0.085864
D006601,low,4242.66,21,0,,73.9,2,0,0.0
D006602,high,7787.87,21,1,9.0,59.3,3,0,-0.060012
D006603,low,1678.59,4,0,,42.8,1,0,0.0
D006604,low,4265.3,23,0,,23.4,4,1,0.0
D006605,high,23883.91,15,1,3.0,50.9,4,0,-0.061877
D006606,low,1171.36,6,0,,37.6,1,0,0.0
D006607,high,5398.92,13,1,1.0,43.0,1,0,-0.02309
D006608,low,1364.65,22,0,,127.9,2,0,0.0
D006609,low,1952.66,7,0,,51.2,3,0,0.0
D006610,low,2061.13,13,0,,43.6,5,0,0.0
D006611,low,762.5,11,0,,87.4,5,1,0.0
D006612,high,5623.26,10,0,,88.2,2,0,0.0
D006613,low,4250.61,11,0,,42.1,5,0,0.0
D006614,low,1878.15,14,0,,97.2,1,1,0.0
D006615,low,3049.04,9,0,,99.7,3,0,0.0
D006616,low,3705.31,10,0,,51.7,2,1,0.0
D006617,high,12796.45,18,1,6.0,16.3,2,0,-0.092212
D006618,low,3307.95,2,0,,38.6,1,0,0.0
D006619,high,17942.03,19,1,7.0,24.1,3,0,-0.057832
D006620,high,7863.53,17,1,5.0,101.7,1,0,-0.032126
D006621,low,4045.04,12,0,,128.3,1,0,0.0
D006622,low,2112.77,3,0,,15.0,1,0,0.0
D006623,high,37952.87,15,1,3.0,94.0,2,0,-0.061878
D006624,low,3696.15,1,0,,25.2,1,0,0.0
D006625,low,1456.58,10,0,,66.2,3,0,0.0
D006626,low,1198.0,16,0,,89.7,3,0,0.0
D006627,high,6139.45,12,1,0.0,59.7,6,1,0.0
D006628,low,2066.9,2,0,,62.4,1,0,0.0
D006629,high,17841.06,17,1,5.0,99.7,2,0,-0.059777
D006630,high,6549.65,5,0,,50.9,2,0,0.0
D006631,high,28428.41,20,1,8.0,37.5,5,1,-0.067069
D006632,low,3040.14,12,0,,14.1,1,1,0.0
D006633,low,1655.74,10,0,,113.4,4,0,0.0
D006634,high,55414.42,16,1,4.0,32.0,4,0,-0.044794
D006635,low,931.92,15,0,,81.7,5,0,0.0
D006636,low,2956.25,3,0,,44.4,1,0,0.0
D006637,high,7359.04,15,1,3.0,37.1,4,0,-0.057598
D006638,low,1023.7,9,0,,50.3,1,0,0.0
D006639,low,2600.84,23,0,,103.5,5,0,0.0
D006640,low,3203.33,15,0,,55.0,4,0,0.0
D006641,high,46721.4,3,0,,12.1,3,0,0.0
D006642,low,231.39,18,0,,37.5,1,1,0.0
D006643,high,12151.2,19,1,7.0,9.7,3,0,-0.072533
D006644,low,2870.28,12,0,,114.3,1,0,0.0
D006645,low,2909.84,4,0,,115.2,3,0,0.0
D006646,high,53737.06,11,0,,11.1,3,0,0.0
D006647,high,58724.51,16,1,4.0,33.5,1,0,-0.058215
D006648,low,243.46,3,0,,28.7,5,0,0.0
D006649,low,1795.33,16,0,,16.6,4,0,0.0
D006650,low,3450.16,21,0,,95.7,2,0,0.0
D006651,high,8288.14,0,0,,77.0,2,0,0.0
D006652,low,3019.25,18,0,,128.2,1,0,0.0
D006653,high,8140.24,19,1,7.0,139.8,5,0,-0.021078
D006654,high,9254.04,14,1,2.0,113.7,2,0,-0.037622
D006655,high,6745.04,4,0,,20.7,3,0,0.0
D006656,low,594.08,2,0,,52.3,2,0,0.0
D006657,high,5837.24,5,0,,82.6,3,0,0.0
D006658,low,1227.83,5,0,,50.6,4,0,0.0
D006659,high,6413.66,7,0,,128.9,1,0,0.0
D006660,high,22418.46,6,0,,65.8,1,0,0.0
D006661,low,4569.43,13,0,,30.3,2,1,0.0
D006662,low,2016.12,8,0,,30.1,3,0,0.0
D006663,low,4199.1,20,0,,47.1,1,1,0.0
D006664,high,7949.56,19,1,7.0,58.0,1,0,-0.048443
D006665,high,13463.77,14,1,2.0,94.2,4,0,-0.022552
D006666,high,8488.6,9,0,,83.9,3,0,0.0
D006667,low,1069.26,23,0,,69.7,1,0,0.0
D006668,low,2962.36,4,0,,69.4,3,1,0.0
D006669,high,10286.62,7,0,,100.6,4,1,0.0
D006670,low,1235.25,21,0,,123.7,2,0,0.0
D006671,high,6101.83,21,1,9.0,60.4,2,0,-0.051939
D006672,low,590.29,18,0,,145.8,1,1,0.0
D006673,high,12789.7,23,1,11.0,108.6,3,0,-0.037791
D006674,high,8765.08,1,0,,72.2,3,0,0.0
D006675,high,24923.76,16,1,4.0,80.2,1,0,-0.074298
D006676,low,1075.23,0,0,,38.2,4,1,0.0
D006677,low,1398.1,13,0,,42.8,2,0,0.0
D006678,low,4642.16,22,0,,14.4,4,0,0.0
D006679,high,8063.15,0,0,,23.5,1,0,0.0
D006680,high,14562.21,15,1,3.0,67.4,1,0,-0.090304
D006681,high,65443.15,23,1,11.0,91.8,1,0,-0.031762
D006682,high,12965.08,11,0,,27.1,2,0,0.0
D006683,high,5783.3,18,1,6.0,162.7,4,0,-0.019581
D006684,low,558.71,2,0,,16.4,2,0,0.0
D006685,high,15589.66,2,0,,38.4,4,0,0.0
D006686,low,3607.0,20,0,,67.3,2,0,0.0
D006687,low,4818.66,12,0,,31.0,1,0,0.0
D006688,low,3479.1,16,0,,40.7,3,0,0.0
D006689,low,3282.94,18,0,,16.5,4,0,0.0
D006690,low,455.77,0,0,,65.6,2,0,0.0
D006691,low,3638.23,6,0,,7.7,4,0,0.0
D006692,low,3833.44,17,0,,15.1,1,0,0.0
D006693,low,3838.53,20,0,,11.7,2,0,0.0
D006694,high,8242.63,2,0,,101.7,2,0,0.0
D006695,low,2029.35,16,0,,44.7,2,1,0.0
D006696,high,20163.42,4,0,,114.2,3,0,0.0
D006697,high,6596.5,1,0,,14.2,3,1,0.0
D006698,low,4263.31,23,0,,65.3,3,1,0.0
D006699,high,12066.19,22,1,10.0,45.4,3,0,-0.048969
D006700,high,9347.9,8,0,,52.5,2,1,0.0
D006701,low,2425.74,17,0,,117.6,2,0,0.0
D006702,high,18769.1,8,0,,90.8,1,0,0.0
D006703,low,1159.97,9,0,,39.3,6,0,0.0
D006704,high,7239.37,16,1,4.0,73.2,2,0,-0.087843
D006705,low,1118.58,14,0,,73.2,2,0,0.0
D006706,low,3078.23,19,0,,66.3,2,0,0.0
D006707,high,5529.76,22,1,10.0,66.8,4,0,-0.050261
D006708,high,31746.89,19,1,7.0,99.9,2,0,-0.059157
D006709,high,25639.73,1,0,,32.8,4,0,0.0
D006710,low,2211.54,21,0,,16.3,2,0,0.0
D006711,high,14705.44,5,0,,4.1,2,0,0.0
D006712,low,2291.59,20,0,,75.0,1,1,0.0
D006713,low,1084.28,18,0,,51.6,2,0,0.0
D006714,low,4794.49,12,0,,59.7,2,0,0.0
D006715,high,7722.39,16,1,4.0,81.4,5,0,-0.065797
D006716,low,3749.23,18,0,,6.7,1,0,0.0
D006717,high,7338.0,15,1,3.0,30.6,4,0,-0.047773
D006718,high,7713.05,11,0,,58.7,1,0,0.0
D006719,low,2993.18,2,0,,82.2,2,0,0.0
D006720,high,5203.83,3,0,,40.3,2,0,0.0
D006721,high,6511.22,5,0,,25.0,4,1,0.0
D006722,high,16090.61,13,1,1.0,79.2,5,0,-0.010212
D006723,high,5529.57,1,0,,55.7,3,0,0.0
D006724,low,2207.66,4,0,,10.8,5,0,0.0
D006725,high,9736.93,23,1,11.0,59.3,3,0,-0.053682
D006726,high,10053.75,22,1,10.0,107.8,3,0,-0.044268
D006727,low,1126.1,1,0,,118.9,6,0,0.0
D006728,low,2701.36,22,0,,135.9,2,0,0.0
D006729,high,20129.91,22,1,10.0,70.8,3,0,-0.027938
D006730,high,9144.57,6,0,,24.5,2,1,0.0
D006731,low,1565.16,16,0,,44.1,4,0,0.0
D006732,high,15008.25,5,0,,17.8,4,1,0.0
D006733,high,13452.55,7,0,,44.8,2,0,0.0
D006734,low,2694.83,16,0,,51.5,3,1,0.0
D006735,low,2441.22,15,0,,123.6,2,1,0.0
D006736,high,31252.08,23,1,11.0,101.1,1,0,-0.081703
D006737,low,3090.73,20,0,,44.9,2,1,0.0
D006738,low,3154.63,14,0,,14.9,3,0,0.0
D006739,low,2243.91,17,0,,50.9,3,1,0.0
D006740,high,7984.41,3,0,,49.8,3,0,0.0
D006741,high,73023.07,10,0,,71.6,4,0,0.0
D006742,low,1237.75,1,0,,84.0,1,0,0.0
D006743,low,1530.18,22,0,,51.9,1,1,0.0
D006744,low,4179.34,17,0,,228.7,5,1,0.0
D006745,low,2886.39,16,0,,87.8,6,0,0.0
D006746,high,17095.21,0,0,,39.9,1,0,0.0
D006747,low,2128.45,23,0,,110.6,5,0,0.0
D006748,high,6626.13,2,0,,41.6,1,1,0.0
D006749,high,5188.49,0,0,,68.6,4,0,0.0
D006750,high,41190.98,5,0,,52.4,2,0,0.0
D006751,low,1769.16,2,0,,122.7,1,0,0.0
D006752,low,4265.24,1,0,,54.9,3,0,0.0
D006753,high,14495.25,3,0,,38.8,4,0,0.0
D006754,low,4232.61,23,0,,50.6,4,0,0.0
D006755,high,6997.27,18,1,6.0,108.1,2,0,-0.039359
D006756,high,18456.72,22,1,10.0,121.1,4,0,-0.046934
D006757,low,1432.34,11,0,,53.5,1,0,0.0
D006758,low,3256.52,8,0,,15.6,4,1,0.0
D006759,high,8850.04,20,1,8.0,13.7,2,0,-0.102251
D006760,low,4829.25,5,0,,70.9,1,0,0.0
D006761,low,312.39,23,0,,59.4,1,0,0.0
D006762,low,855.14,23,0,,43.8,1,1,0.0
D006763,high,15859.55,20,1,8.0,41.8,3,0,-0.042574
D006764,high,18229.39,13,1,1.0,31.6,2,0,-0.028336
D006765,high,31808.01,21,1,9.0,81.2,1,0,-0.039912
D006766,low,1050.73,2,0,,3.0,1,0,0.0
D006767,low,1239.94,7,0,,106.0,1,0,0.0
D006768,low,1409.07,14,0,,43.5,2,0,0.0
D006769,low,1534.7,16,0,,61.5,4,0,0.0
D006770,high,6228.04,21,1,9.0,41.9,2,0,-0.062176
D006771,low,3228.38,4,0,,108.1,2,0,0.0
D006772,high,53704.75,20,1,8.0,46.2,3,0,-0.080812
D006773,high,21042.24,13,1,1.0,22.0,1,0,-0.038033
D006774,low,4581.12,20,0,,107.7,1,0,0.0
D006775,high,7608.82,2,0,,22.0,2,1,0.0
D006776,high,6620.16,14,1,2.0,20.3,1,0,-0.061245
D006777,low,3544.55,18,0,,146.3,3,0,0.0
D006778,high,11798.41,15,1,3.0,37.7,4,0,-0.089463
D006779,high,6309.23,7,0,,139.8,3,1,0.0
D006780,high,9277.82,13,1,1.0,75.4,1,0,-0.043828
D006781,high,41372.14,22,1,10.0,123.8,2,0,-0.028338
D006782,low,723.89,22,0,,55.6,4,0,0.0
D006783,low,242.81,10,0,,83.4,3,0,0.0
D006784,low,3989.84,0,0,,70.1,3,0,0.0
D006785,low,3227.22,13,0,,66.8,3,0,0.0
D006786,low,4382.2,1,0,,83.3,1,0,0.0
D006787,low,3528.32,15,0,,73.6,4,0,0.0
D006788,high,22744.2,10,0,,40.8,4,0,0.0
D006789,high,27068.73,14,1,2.0,40.4,1,0,-0.064258
D006790,high,15359.29,19,1,7.0,21.2,4,0,-0.074039
D006791,low,4463.49,3,0,,79.9,2,0,0.0
D006792,high,21201.7,3,0,,109.7,5,0,0.0
D006793,high,35325.26,14,1,2.0,99.5,2,0,-0.047081
D006794,low,1449.74,9,0,,117.8,3,0,0.0
D006795,low,1223.1,11,0,,45.4,1,0,0.0
D006796,low,1281.1,17,0,,83.8,6,0,0.0
D006797,low,1316.33,11,0,,47.1,1,0,0.0
D006798,low,755.07,12,0,,64.5,2,0,0.0
D006799,low,778.55,6,0,,62.8,4,0,0.0
D006800,low,2126.77,3,0,,73.1,4,0,0.0
D006801,high,15286.3,11,0,,92.8,4,0,0.0
D006802,high,7363.76,19,1,7.0,94.0,2,0,-0.047758
D006803,high,5146.46,21,1,9.0,137.4,1,0,-0.050428
D006804,low,2327.63,12,0,,58.4,3,0,0.0
D006805,low,4430.86,13,0,,72.2,1,0,0.0
D006806,high,24804.66,9,0,,13.0,1,0,0.0
D006807,high,8646.04,5,0,,92.7,3,0,0.0
D006808,low,4195.49,13,0,,110.1,1,0,0.0
D006809,low,1517.96,19,0,,57.9,1,0,0.0
D006810,high,9284.47,4,0,,31.0,4,0,0.0
D006811,low,4151.08,13,0,,83.1,3,0,0.0
D006812,high,12485.08,19,1,7.0,242.0,2,0,-0.029489
D006813,high,5362.91,6,0,,161.5,3,0,0.0
D006814,low,2262.39,9,0,,3.2,5,0,0.0
D006815,high,52585.07,0,0,,25.4,1,0,0.0
D006816,low,708.57,14,0,,44.1,2,0,0.0
D006817,low,2200.35,17,0,,112.6,2,0,0.0
D006818,low,3468.08,5,0,,68.5,3,0,0.0
D006819,low,767.97,3,0,,46.4,2,0,0.0
D006820,low,309.05,4,0,,103.2,4,0,0.0
D006821,low,2189.13,9,0,,79.5,2,0,0.0
D006822,high,12306.14,3,0,,37.5,1,1,0.0
D006823,low,711.77,9,0,,48.5,2,0,0.0
D006824,high,10673.58,20,1,8.0,27.2,3,0,-0.106375
D006825,low,3898.66,11,0,,64.1,3,0,0.0
D006826,low,1137.82,6,0,,32.6,2,0,0.0
D006827,high,35383.09,3,0,,29.8,3,0,0.0
D006828,low,2901.34,3,0,,48.3,1,0,0.0
D006829,low,1232.45,5,0,,8.4,2,0,0.0
D006830,low,4209.44,3,0,,33.3,5,0,0.0
D006831,high,6885.15,22,1,10.0,212.1,1,0,-0.037692
D006832,high,20848.71,9,0,,16.8,1,0,0.0
D006833,low,344.2,12,0,,25.6,2,1,0.0
D006834,low,1191.73,16,0,,84.7,5,1,0.0
D006835,low,2138.18,8,0,,87.6,4,0,0.0
D006836,high,5251.56,22,1,10.0,24.2,2,0,-0.068721
D006837,low,4668.66,9,0,,24.2,2,0,0.0
D006838,high,7192.61,2,0,,25.7,3,0,0.0
D006839,low,1658.13,20,0,,41.6,4,0,0.0
D006840,high,5152.02,19,1,7.0,156.8,4,0,-0.03198
D006841,high,5608.86,11,0,,38.6,3,0,0.0
D006842,low,775.82,3,0,,26.3,1,1,0.0
D006843,high,6355.95,11,0,,39.4,4,0,0.0
D006844,high,9284.78,11,0,,38.6,2,0,0.0
D006845,low,4373.75,6,0,,112.6,1,0,0.0
D006846,low,3371.04,3,0,,28.8,3,1,0.0
D006847,high,7330.98,6,0,,67.3,3,0,0.0
D006848,low,2173.97,19,0,,13.7,2,0,0.0
D006849,high,9139.07,6,0,,38.5,3,0,0.0
D006850,low,2195.44,10,0,,63.9,3,0,0.0
D006851,high,5812.41,8,0,,27.3,3,0,0.0
D006852,low,4361.43,14,0,,54.5,1,0,0.0
D006853,high,31297.61,10,0,,77.6,3,0,0.0
D006854,high,17990.32,20,1,8.0,21.6,2,0,-0.08357
D006855,low,4104.95,15,0,,20.6,5,0,0.0
D006856,low,4258.83,15,0,,30.2,4,0,0.0
D006857,high,5588.61,5,0,,15.2,1,0,0.0
D006858,high,8943.43,3,0,,50.5,4,0,0.0
D006859,high,6088.01,17,1,5.0,26.4,2,0,-0.056478
D006860,low,1112.74,14,0,,32.1,1,0,0.0
D006861,high,17531.08,19,1,7.0,90.8,1,0,-0.047517
D006862,high,9193.14,10,0,,63.6,4,0,0.0
D006863,low,3880.15,11,0,,68.5,2,0,0.0
D006864,low,4502.51,14,0,,12.6,1,0,0.0
D006865,high,6104.35,18,1,6.0,18.5,4,0,-0.092826
D006866,low,3495.82,10,0,,12.5,6,0,0.0
D006867,low,4885.84,13,0,,99.3,4,1,0.0
D006868,high,5627.51,21,1,9.0,15.2,3,0,-0.070558
D006869,high,10737.03,8,0,,57.0,1,1,0.0
D006870,low,1074.99,21,0,,97.1,5,0,0.0
D006871,low,1299.5,10,0,,65.4,5,0,0.0
D006872,high,7114.36,12,1,0.0,154.0,2,0,0.0
D006873,low,4492.27,0,0,,75.5,3,0,0.0
D006874,low,2432.89,19,0,,75.9,3,0,0.0
D006875,high,60260.17,22,1,10.0,55.0,3,0,-0.047249
D006876,high,6643.78,17,1,5.0,80.9,3,0,-0.048296
D006877,high,6466.88,12,1,0.0,63.4,2,0,0.0
D006878,low,2686.33,14,0,,4.5,3,0,0.0
D006879,high,12032.69,14,1,2.0,63.7,2,1,-0.041238
D006880,low,1290.49,18,0,,56.0,3,0,0.0
D006881,low,2245.66,21,0,,93.6,1,0,0.0
D006882,high,11346.11,1,0,,51.6,1,0,0.0
D006883,high,8666.92,18,1,6.0,74.2,1,0,-0.05925
D006884,high,13316.27,8,0,,17.0,4,1,0.0
D006885,high,31239.08,19,1,7.0,105.4,2,0,-0.052668
D006886,low,2764.31,12,0,,62.8,4,0,0.0
D006887,high,19145.68,23,1,11.0,31.4,4,0,-0.044115
D006888,low,1969.05,21,0,,39.0,3,0,0.0
D006889,high,7998.41,18,1,6.0,30.6,3,0,-0.114972
D006890,low,1098.62,11,0,,13.2,2,0,0.0
D006891,low,2460.96,19,0,,18.7,2,1,0.0
D006892,high,6251.63,7,0,,52.8,4,0,0.0
D006893,high,30945.01,13,1,1.0,32.4,4,0,-0.036391
D006894,high,7922.37,1,0,,28.2,4,0,0.0
D006895,high,13064.45,7,0,,40.6,1,0,0.0
D006896,high,9457.27,0,0,,83.1,3,0,0.0
D006897,high,12917.31,2,0,,21.1,6,0,0.0
D006898,low,4828.31,7,0,,42.8,1,0,0.0
D006899,high,5447.75,4,0,,65.2,1,1,0.0
D006900,high,8157.7,18,1,6.0,11.6,2,0,-0.140253
D006901,low,2852.26,19,0,,27.7,1,0,0.0
D006902,high,5042.44,7,0,,18.2,3,0,0.0
D006903,high,59078.88,4,0,,55.8,5,1,0.0
D006904,high,58833.4,2,0,,57.1,3,0,0.0
D006905,low,3583.56,6,0,,161.4,4,0,0.0
D006906,low,1860.93,1,0,,26.2,5,0,0.0
D006907,high,89085.15,9,0,,28.6,1,0,0.0
D006908,low,744.51,7,0,,55.7,3,1,0.0
D006909,low,1705.33,21,0,,33.3,3,1,0.0
D006910,high,9789.26,1,0,,134.0,3,0,0.0
D006911,low,870.1,19,0,,28.5,2,0,0.0
D006912,low,4582.07,0,0,,39.5,5,0,0.0
D006913,high,16839.23,18,1,6.0,42.2,4,0,-0.081137
D006914,low,269.98,10,0,,173.7,4,0,0.0
D006915,high,10927.44,7,0,,8.6,3,0,0.0
D006916,low,1142.72,3,0,,179.7,2,0,0.0
D006917,low,282.73,9,0,,78.7,1,0,0.0
D006918,low,461.59,15,0,,32.1,1,1,0.0
D006919,high,7155.42,17,1,5.0,92.9,2,0,-0.074425
D006920,high,27887.11,22,1,10.0,42.6,3,0,-0.085718
D006921,low,1196.03,22,0,,37.9,4,0,0.0
D006922,low,4242.22,12,0,,34.4,3,0,0.0
D006923,high,6307.97,9,0,,83.2,2,0,0.0
D006924,low,2829.39,23,0,,29.7,4,0,0.0
D006925,low,457.82,14,0,,44.5,1,0,0.0
D006926,low,2041.75,14,0,,34.5,1,0,0.0
D006927,high,8574.05,14,1,2.0,67.4,3,0,-0.042271
D006928,high,8443.76,13,1,1.0,146.7,6,0,-0.021834
D006929,low,1373.33,16,0,,74.3,1,0,0.0
D006930,low,797.32,23,0,,54.1,2,0,0.0
D006931,high,16503.51,7,0,,41.0,3,0,0.0
D006932,high,6622.82,3,0,,26.9,2,0,0.0
D006933,high,17505.92,1,0,,90.1,1,0,0.0
D006934,low,1573.41,7,0,,91.7,1,0,0.0
D006935,low,1011.31,15,0,,96.4,1,1,0.0
D006936,high,7256.78,21,1,9.0,87.1,5,0,-0.03737
D006937,low,2663.48,16,0,,53.3,4,0,0.0
D006938,low,4328.44,19,0,,5.4,4,0,0.0
D006939,high,19265.16,12,1,0.0,102.5,2,0,0.0
D006940,high,5652.99,10,0,,30.1,3,0,0.0
D006941,high,15919.98,18,1,6.0,69.8,3,0,-0.065882
D006942,low,1476.21,17,0,,72.7,2,0,0.0
D006943,low,2269.01,9,0,,59.3,3,0,0.0
D006944,high,18468.74,10,0,,81.6,4,0,0.0
D006945,low,1495.63,22,0,,2.9,3,0,0.0
D006946,high,5516.53,2,0,,8.2,2,0,0.0
D006947,low,590.21,19,0,,130.0,5,0,0.0
D006948,high,10567.6,12,1,0.0,20.1,1,0,0.0
D006949,low,2340.83,23,0,,48.9,1,0,0.0
D006950,low,1167.87,16,0,,170.2,5,0,0.0
D006951,low,881.03,18,0,,13.1,5,0,0.0
D006952,high,5310.48,10,0,,19.7,1,0,0.0
D006953,low,3304.5,12,0,,73.7,2,0,0.0
D006954,high,32625.95,22,1,10.0,30.7,3,0,-0.077538
D006955,high,11473.17,11,0,,87.1,4,1,0.0
D006956,high,9545.47,23,1,11.0,105.3,4,0,-0.056935
D006957,high,5543.52,4,0,,61.8,1,0,0.0
D006958,low,3678.76,3,0,,21.7,4,0,0.0
D006959,low,4653.07,6,0,,9.3,1,0,0.0
D006960,high,13962.99,23,1,11.0,58.8,1,0,-0.039155
D006961,high,6378.04,19,1,7.0,81.4,3,0,-0.057174
D006962,low,586.5,2,0,,29.3,2,0,0.0
D006963,high,9436.6,11,0,,41.2,1,0,0.0
D006964,low,618.55,20,0,,41.5,4,0,0.0
D006965,high,21181.71,23,1,11.0,128.5,6,0,-0.042552
D006966,high,11680.67,0,0,,60.7,2,0,0.0
D006967,high,5281.37,21,1,9.0,19.3,4,0,-0.080249
D006968,low,3303.73,23,0,,117.0,4,1,0.0
D006969,high,23959.31,7,0,,24.2,1,0,0.0
D006970,low,931.67,12,0,,39.2,2,1,0.0
D006971,low,1326.2,4,0,,48.6,1,0,0.0
D006972,low,1708.48,5,0,,46.9,6,1,0.0
D006973,low,3189.81,16,0,,105.8,2,0,0.0
D006974,low,1905.71,16,0,,9.5,1,0,0.0
D006975,low,342.48,13,0,,18.4,1,0,0.0
D006976,low,3288.79,20,0,,26.9,5,0,0.0
D006977,low,1432.76,22,0,,53.0,1,0,0.0
D006978,high,9536.73,15,1,3.0,69.3,2,0,-0.033437
D006979,high,19587.52,0,0,,28.1,5,0,0.0
D006980,high,5567.27,4,0,,18.1,4,0,0.0
D006981,low,3268.73,16,0,,59.9,1,0,0.0
D006982,low,2277.67,9,0,,89.4,2,0,0.0
D006983,low,1879.99,20,0,,54.9,2,0,0.0
D006984,low,3241.4,7,0,,8.9,1,0,0.0
D006985,low,2930.07,17,0,,18.4,4,0,0.0
D006986,low,180.92,15,0,,75.7,2,0,0.0
D006987,high,11623.51,13,1,1.0,17.4,4,0,-0.034426
D006988,high,16630.5,2,0,,14.5,2,0,0.0
D006989,high,6694.63,1,0,,95.8,2,0,0.0
D006990,low,4346.33,8,0,,49.9,2,1,0.0
D006991,high,20629.44,14,1,2.0,45.8,6,0,-0.044076
D006992,high,14944.01,20,1,8.0,86.2,1,0,-0.036201
D006993,low,2117.26,2,0,,35.7,1,0,0.0
D006994,high,8013.26,9,0,,212.4,1,0,0.0
D006995,low,4528.53,15,0,,138.0,1,0,0.0
D006996,high,19303.45,23,1,11.0,28.6,4,0,-0.065296
D006997,high,35135.72,23,1,11.0,41.7,1,0,-0.07589
D006998,high,12505.14,15,1,3.0,22.4,4,0,-0.081387
D006999,low,3042.28,5,0,,55.4,1,1,0.0
D007000,low,585.43,16,0,,20.3,1,0,0.0
D007001,high,5243.96,8,0,,78.7,3,0,0.0
D007002,high,10210.07,10,0,,24.6,6,0,0.0
D007003,low,4185.31,14,0,,71.8,2,0,0.0
D007004,low,4423.63,12,0,,29.4,2,1,0.0
D007005,low,4363.46,21,0,,44.2,3,0,0.0
D007006,high,5236.18,4,0,,19.3,3,0,0.0
D007007,low,2442.27,17,0,,25.5,2,0,0.0
D007008,high,7632.59,21,1,9.0,36.8,3,0,-0.057248
D007009,high,8434.29,20,1,8.0,91.2,3,0,-0.022585
D007010,high,10456.36,19,1,7.0,66.7,1,0,-0.069025
D007011,high,11102.8,19,1,7.0,178.1,3,0,-0.027185
D007012,high,6457.36,7,0,,25.5,3,0,0.0
D007013,high,5801.03,15,1,3.0,41.9,1,0,-0.059423
D007014,low,2380.54,12,0,,60.6,3,0,0.0
D007015,low,2132.64,19,0,,58.2,1,0,0.0
D007016,high,6356.49,12,1,0.0,10.9,4,0,0.0
D007017,high,17489.26,16,1,4.0,95.4,4,0,-0.063801
D007018,high,16779.86,20,1,8.0,128.4,4,0,-0.033358
D007019,low,1807.49,16,0,,80.7,2,0,0.0
D007020,low,791.57,18,0,,126.8,5,0,0.0
D007021,high,8473.67,2,0,,49.9,2,1,0.0
D007022,low,4738.27,11,0,,77.2,2,0,0.0
D007023,high,6101.47,2,0,,93.6,1,0,0.0
D007024,low,2679.32,15,0,,80.9,1,0,0.0
D007025,high,5809.93,5,0,,37.7,3,1,0.0
D007026,high,34595.34,13,1,1.0,28.5,3,0,-0.03809
D007027,low,1008.48,9,0,,52.4,2,0,0.0
D007028,low,3529.69,11,0,,87.9,4,0,0.0
D007029,high,11650.97,2,0,,12.6,3,0,0.0
D007030,low,2835.44,1,0,,80.9,2,0,0.0
D007031,high,8552.37,1,0,,43.8,5,1,0.0
D007032,low,4082.08,22,0,,19.2,3,0,0.0
D007033,high,7718.0,4,0,,61.6,2,0,0.0
D007034,high,17757.31,5,0,,30.2,1,1,0.0
D007035,low,3415.79,1,0,,28.2,2,0,0.0
D007036,high,9243.32,10,0,,85.3,5,0,0.0
D007037,low,4550.48,18,0,,37.7,2,0,0.0
D007038,high,11535.49,4,0,,109.6,3,1,0.0
D007039,high,8646.13,15,1,3.0,79.3,2,1,-0.067901
D007040,high,20653.86,19,1,7.0,155.0,2,0,-0.032748
D007041,low,783.27,10,0,,132.8,4,0,0.0
D007042,low,1626.19,5,0,,22.7,3,1,0.0
D007043,low,930.56,9,0,,69.1,1,0,0.0
D007044,high,13595.21,20,1,8.0,113.9,5,0,-0.035963
D007045,low,2296.59,22,0,,84.1,2,1,0.0
D007046,low,922.3,5,0,,18.0,3,1,0.0
D007047,low,748.11,16,0,,55.7,3,0,0.0
D007048,high,18427.86,14,1,2.0,69.5,3,0,-0.059392
D007049,high,6753.85,21,1,9.0,124.6,4,0,-0.024027
D007050,low,1714.38,6,0,,143.1,3,0,0.0
D007051,low,636.36,20,0,,40.4,1,0,0.0
D007052,low,1796.78,10,0,,12.1,1,0,0.0
D007053,high,24619.51,20,1,8.0,19.2,6,0,-0.053227
D007054,high,33532.75,19,1,7.0,46.5,4,0,-0.062805
D007055,low,387.72,11,0,,38.4,3,0,0.0
D007056,high,7981.35,6,0,,32.5,6,0,0.0
D007057,high,5079.07,4,0,,25.6,1,0,0.0
D007058,low,461.71,22,0,,21.0,2,0,0.0
D007059,low,3827.26,2,0,,53.0,6,0,0.0
D007060,high,13085.27,17,1,5.0,59.4,2,0,-0.076101
D007061,high,18548.98,6,0,,78.4,2,0,0.0
D007062,high,9709.83,12,1,0.0,92.3,4,1,0.0
D007063,high,10192.5,5,0,,132.3,5,0,0.0
D007064,high,10546.77,17,1,5.0,49.9,1,0,-0.057983
D007065,low,1636.5,16,0,,72.7,1,1,0.0
D007066,low,2567.66,4,0,,68.9,3,0,0.0
D007067,low,2163.12,0,0,,83.0,4,0,0.0
D007068,high,12470.01,11,0,,51.0,3,0,0.0
D007069,high,6214.38,15,1,3.0,94.6,3,0,-0.054797
D007070,low,4219.01,13,0,,30.5,2,0,0.0
D007071,high,50812.99,17,1,5.0,47.5,3,0,-0.046167
D007072,high,5520.27,2,0,,7.1,4,0,0.0
D007073,high,38083.33,22,1,10.0,26.0,1,0,-0.105235
D007074,high,8197.11,2,0,,28.7,2,0,0.0
D007075,high,16191.61,9,0,,98.2,2,0,0.0
D007076,high,5853.7,18,1,6.0,21.0,2,0,-0.099474
D007077,low,3056.22,13,0,,8.7,3,0,0.0
D007078,high,9655.34,6,0,,50.7,3,0,0.0
D007079,high,14387.31,4,0,,35.5,3,0,0.0
D007080,low,3332.43,12,0,,62.9,3,0,0.0
D007081,low,1659.84,16,0,,34.2,3,0,0.0
D007082,high,6345.45,17,1,5.0,65.7,3,0,-0.031295
D007083,high,10915.09,0,0,,58.2,1,0,0.0
D007084,high,8374.34,19,1,7.0,133.1,4,0,-0.04781
D007085,high,17696.39,17,1,5.0,146.8,2,0,-0.033537
D007086,low,2521.28,15,0,,25.2,2,0,0.0
D007087,low,981.71,19,0,,46.9,1,0,0.0
D007088,low,492.26,0,0,,48.4,1,0,0.0
D007089,low,3880.63,17,0,,16.7,1,0,0.0
D007090,high,22826.27,7,0,,24.5,2,0,0.0
D007091,high,5469.77,17,1,5.0,42.5,1,0,-0.057416
D007092,low,5040.35,1,0,,20.5,3,0,0.0
D007093,low,1496.59,21,0,,140.1,2,0,0.0
D007094,high,10651.85,7,0,,109.0,2,1,0.0
D007095,high,30040.83,13,1,1.0,110.3,4,0,-0.022571
D007096,low,2774.31,6,0,,104.9,1,0,0.0
D007097,low,2665.24,7,0,,18.6,4,1,0.0
D007098,low,1094.53,16,0,,55.8,1,0,0.0
D007099,low,3600.0,18,0,,210.5,3,0,0.0
D007100,low,1692.11,0,0,,69.6,1,1,0.0
D007101,high,5957.07,0,0,,61.9,5,0,0.0
D007102,high,28121.29,7,0,,19.4,5,0,0.0
D007103,high,7888.06,16,1,4.0,65.5,4,0,-0.042261
D007104,high,9559.04,16,1,4.0,56.9,3,0,-0.062675
D007105,low,1438.2,3,0,,26.8,3,0,0.0
D007106,low,2430.37,10,0,,15.4,3,0,0.0
D007107,low,3239.54,14,0,,4.9,3,0,0.0
D007108,high,18738.77,8,0,,217.2,3,1,0.0
D007109,low,1844.44,22,0,,9.6,5,0,0.0
D007110,low,218.89,6,0,,116.0,1,0,0.0
D007111,high,7247.63,2,0,,4.5,4,0,0.0
D007112,low,1283.59,23,0,,11.1,1,0,0.0
D007113,low,3762.73,13,0,,53.1,1,0,0.0
D007114,low,2447.17,12,0,,16.6,1,1,0.0
D007115,high,12310.37,15,1,3.0,103.5,1,0,-0.038472
D007116,high,19418.39,11,0,,35.5,3,0,0.0
D007117,high,17308.39,14,1,2.0,23.6,1,0,-0.034984
D007118,high,11739.28,12,1,0.0,148.2,4,0,0.0
D007119,high,6453.46,15,1,3.0,36.3,1,0,-0.078266
D007120,high,56897.52,6,0,,63.4,5,0,0.0
D007121,low,3130.69,13,0,,28.7,1,0,0.0
D007122,high,8743.93,10,0,,58.4,3,0,0.0
D007123,high,6615.48,21,1,9.0,129.1,2,0,-0.051355
D007124,low,3056.72,21,0,,98.2,5,0,0.0
D007125,high,8060.74,10,0,,24.4,6,0,0.0
D007126,low,1870.58,6,0,,70.3,3,0,0.0
D007127,low,1105.02,19,0,,27.4,3,0,0.0
D007128,low,1874.33,15,0,,53.6,2,0,0.0
D007129,low,4268.27,20,0,,37.1,3,0,0.0
D007130,high,8941.02,3,0,,12.3,1,1,0.0
D007131,low,1641.72,20,0,,30.9,1,0,0.0
D007132,low,2738.73,18,0,,128.2,1,0,0.0
D007133,high,16959.3,16,1,4.0,83.3,3,0,-0.047544
D007134,high,6086.71,16,1,4.0,90.5,2,0,-0.059602
D007135,high,15359.64,15,1,3.0,54.4,4,0,-0.088943
D007136,low,3840.66,10,0,,171.2,1,0,0.0
D007137,low,753.58,2,0,,133.7,2,0,0.0
D007138,high,12948.64,12,1,0.0,10.3,1,0,0.0
D007139,low,1257.79,3,0,,148.5,2,0,0.0
D007140,high,5281.79,5,0,,84.2,3,0,0.0
D007141,low,4813.41,5,0,,13.5,1,0,0.0
D007142,high,21511.59,2,0,,138.9,1,0,0.0
D007143,high,5720.85,22,1,10.0,93.6,1,0,-0.043653
D007144,high,11606.49,13,1,1.0,14.3,2,0,-0.013713
D007145,low,1875.8,14,0,,14.4,1,1,0.0
D007146,high,13951.68,9,0,,35.4,4,0,0.0
D007147,high,13405.46,4,0,,79.4,1,0,0.0
D007148,low,3995.02,21,0,,12.0,1,0,0.0
D007149,low,4835.26,13,0,,218.1,2,1,0.0
D007150,high,49866.2,12,1,0.0,51.5,5,0,0.0
D007151,low,4327.73,16,0,,74.4,3,0,0.0
D007152,low,1453.12,15,0,,142.2,2,0,0.0
D007153,high,32058.26,20,1,8.0,54.9,2,1,-0.06026
D007154,high,7041.62,12,1,0.0,118.2,5,0,0.0
D007155,low,4789.37,2,0,,129.3,3,0,0.0
D007156,low,4046.77,2,0,,124.1,5,0,0.0
D007157,high,5403.59,21,1,9.0,46.6,4,0,-0.059775
D007158,low,3995.4,9,0,,85.6,2,0,0.0
D007159,low,3013.38,8,0,,126.6,4,0,0.0
D007160,high,9498.37,8,0,,25.2,3,0,0.0
D007161,high,10150.77,22,1,10.0,57.9,3,0,-0.083397
D007162,low,822.17,5,0,,27.4,1,0,0.0
D007163,high,22690.45,7,0,,48.6,2,0,0.0
D007164,low,2000.88,22,0,,53.8,1,0,0.0
D007165,low,2202.89,21,0,,38.0,1,1,0.0
D007166,low,1239.46,16,0,,22.6,3,0,0.0
D007167,low,2309.27,4,0,,61.7,1,1,0.0
D007168,low,2165.76,22,0,,21.7,2,0,0.0
D007169,high,6951.8,3,0,,3.9,2,0,0.0
D007170,high,8913.17,17,1,5.0,50.8,2,0,-0.075596
D007171,low,3447.71,19,0,,42.7,6,0,0.0
D007172,high,6287.67,16,1,4.0,16.4,5,0,-0.064017
D007173,low,3251.9,21,0,,25.7,1,1,0.0
D007174,low,4637.83,21,0,,41.0,1,0,0.0
D007175,low,1658.76,22,0,,33.0,3,0,0.0
D007176,low,2551.62,20,0,,27.8,5,0,0.0
D007177,low,1096.06,20,0,,47.7,1,0,0.0
D007178,high,17128.72,5,0,,30.1,2,0,0.0
D007179,high,29812.31,18,1,6.0,65.6,4,0,-0.087616
D007180,high,13149.05,16,1,4.0,20.3,4,0,-0.089126
D007181,high,8206.14,0,0,,37.6,1,0,0.0
D007182,low,4437.19,6,0,,20.3,4,1,0.0
D007183,low,2218.53,16,0,,42.4,2,0,0.0
D007184,low,2326.06,23,0,,96.6,2,0,0.0
D007185,high,21090.56,13,1,1.0,205.6,5,0,-0.017649
D007186,high,10772.56,7,0,,86.1,6,0,0.0
D007187,low,3943.49,13,0,,41.2,1,1,0.0
D007188,low,4862.25,0,0,,56.0,1,1,0.0
D007189,low,544.22,4,0,,74.8,1,0,0.0
D007190,high,7929.4,8,0,,131.2,1,0,0.0
D007191,high,12757.26,13,1,1.0,45.9,3,0,-0.026396
D007192,low,3051.87,23,0,,13.9,4,0,0.0
D007193,high,12079.59,14,1,2.0,77.9,3,0,-0.05552
D007194,high,14411.74,9,0,,37.6,4,0,0.0
D007195,low,1971.61,7,0,,25.2,1,0,0.0
D007196,low,869.84,2,0,,35.9,6,0,0.0
D007197,high,9371.66,1,0,,117.0,5,0,0.0
D007198,low,993.35,13,0,,60.6,4,0,0.0
D007199,high,13482.78,7,0,,24.2,2,0,0.0
D007200,low,2881.7,14,0,,48.0,2,1,0.0
D007201,low,2137.09,12,0,,38.1,1,1,0.0
D007202,high,24850.78,14,1,2.0,48.4,2,0,-0.037247
D007203,high,33227.19,12,1,0.0,7.7,2,0,0.0
D007204,low,3103.15,0,0,,41.9,2,1,0.0
D007205,high,9232.69,18,1,6.0,138.1,2,0,-0.035976
D007206,low,2801.7,2,0,,35.8,4,1,0.0
D007207,low,1606.05,5,0,,108.1,3,0,0.0
D007208,low,1524.96,2,0,,69.3,4,1,0.0
D007209,low,1991.0,5,0,,74.8,4,0,0.0
D007210,low,924.37,22,0,,53.9,4,0,0.0
D007211,low,1778.88,7,0,,73.7,1,1,0.0
D007212,low,2402.85,0,0,,110.5,2,0,0.0
D007213,high,5413.96,0,0,,26.3,3,0,0.0
D007214,low,1447.35,18,0,,98.1,1,0,0.0
D007215,high,10570.62,13,1,1.0,57.0,5,0,-0.017864
D007216,low,3180.92,23,0,,21.7,5,0,0.0
D007217,low,3260.9,21,0,,47.9,1,0,0.0
D007218,high,25998.51,6,0,,68.8,4,0,0.0
D007219,high,22014.05,7,0,,68.3,2,0,0.0
D007220,low,4058.26,23,0,,38.7,3,1,0.0
D007221,low,1900.72,15,0,,6.3,5,0,0.0
D007222,high,11418.47,17,1,5.0,88.4,5,0,-0.064186
D007223,low,3229.39,21,0,,45.2,4,0,0.0
D007224,low,2039.06,6,0,,83.5,3,0,0.0
D007225,low,4076.26,17,0,,114.0,1,1,0.0
D007226,high,9159.3,17,1,5.0,30.2,5,0,-0.060103
D007227,high,7153.49,19,1,7.0,54.3,2,0,-0.042459
D007228,low,746.75,4,0,,17.1,2,0,0.0
D007229,high,14060.26,20,1,8.0,108.6,5,0,-0.034606
D007230,low,1488.54,19,0,,116.9,3,0,0.0
D007231,high,12988.89,15,1,3.0,63.8,3,0,-0.038714
D007232,high,8159.22,3,0,,104.0,3,0,0.0
D007233,low,1380.46,7,0,,34.4,3,1,0.0
D007234,high,5196.34,11,0,,133.8,2,0,0.0
D007235,high,6610.59,5,0,,97.6,1,0,0.0
D007236,high,6028.43,2,0,,63.3,4,1,0.0
D007237,high,7547.52,6,0,,65.8,1,0,0.0
D007238,high,24548.27,16,1,4.0,123.5,2,0,-0.028983
D007239,high,7124.58,12,1,0.0,23.9,5,0,0.0
D007240,low,2640.17,5,0,,41.8,4,1,0.0
D007241,low,1950.07,7,0,,107.1,1,1,0.0
D007242,high,16381.72,9,0,,40.9,2,0,0.0
D007243,low,1226.41,22,0,,39.8,4,0,0.0
D007244,high,7755.07,10,0,,238.7,4,0,0.0
D007245,low,2961.16,20,0,,54.3,2,0,0.0
D007246,low,2680.97,22,0,,21.9,5,1,0.0
D007247,high,5575.99,12,1,0.0,200.2,4,0,0.0
D007248,high,5206.16,2,0,,65.2,2,0,0.0
D007249,high,30464.99,12,1,0.0,195.7,1,0,0.0
D007250,low,5037.54,17,0,,39.0,1,0,0.0
D007251,low,3466.74,5,0,,47.8,1,0,0.0
D007252,high,27864.44,3,0,,27.5,1,0,0.0
D007253,low,2278.29,21,0,,61.4,6,0,0.0
D007254,low,3137.18,5,0,,111.9,3,0,0.0
D007255,high,9788.67,9,0,,91.2,3,0,0.0
D007256,low,2566.15,0,0,,12.7,4,0,0.0
D007257,low,2559.48,19,0,,98.4,2,0,0.0
D007258,low,753.14,7,0,,33.3,1,1,0.0
D007259,high,10338.74,20,1,8.0,92.1,3,0,-0.029262
D007260,low,1761.98,15,0,,130.2,2,0,0.0
D007261,low,2111.41,7,0,,64.3,2,0,0.0
D007262,high,14605.94,15,1,3.0,62.4,3,0,-0.059695
D007263,high,14263.63,11,0,,41.1,2,1,0.0
D007264,low,1464.81,6,0,,32.3,1,0,0.0
D007265,high,7786.35,8,0,,7.4,2,0,0.0
D007266,high,45256.21,10,0,,67.6,3,0,0.0
D007267,low,1478.16,12,0,,30.6,1,0,0.0
D007268,low,3012.42,10,0,,26.9,3,0,0.0
D007269,low,1047.84,8,0,,34.6,2,1,0.0
D007270,low,3127.08,6,0,,79.7,1,1,0.0
D007271,high,14232.27,19,1,7.0,97.8,1,0,-0.043605
D007272,low,4605.49,9,0,,59.3,3,1,0.0
D007273,low,1481.39,16,0,,31.1,4,0,0.0
D007274,low,4525.25,18,0,,50.0,2,0,0.0
D007275,low,2503.08,22,0,,62.9,4,1,0.0
D007276,low,1965.95,8,0,,51.4,1,0,0.0
D007277,high,11530.26,2,0,,64.2,1,0,0.0
D007278,low,2146.36,18,0,,96.4,3,0,0.0
D007279,low,3639.26,12,0,,52.7,2,1,0.0
D007280,high,5432.29,8,0,,32.3,2,0,0.0
D007281,high,17348.26,16,1,4.0,100.4,1,0,-0.037766
D007282,high,8511.62,1,0,,56.4,3,0,0.0
D007283,low,1464.67,17,0,,32.7,2,0,0.0
D007284,high,8666.52,23,1,11.0,104.0,2,0,-0.046258
D007285,low,1904.9,18,0,,118.6,4,0,0.0
D007286,low,3974.87,19,0,,99.8,1,1,0.0
D007287,high,13844.95,4,0,,54.0,6,0,0.0
D007288,high,13536.28,21,1,9.0,36.6,5,0,-0.05576
D007289,low,1296.77,14,0,,102.7,3,0,0.0
D007290,high,6174.38,13,1,1.0,122.6,1,0,-0.021318
D007291,low,4922.79,9,0,,51.7,1,0,0.0
D007292,low,4347.67,9,0,,97.3,2,0,0.0
D007293,low,3640.67,7,0,,131.6,1,0,0.0
D007294,high,5083.84,12,1,0.0,7.5,2,0,0.0
D007295,high,6391.62,15,1,3.0,118.0,3,0,-0.0341
D007296,high,5417.78,21,1,9.0,65.9,4,0,-0.06023
D007297,low,3698.33,23,0,,109.2,2,0,0.0
D007298,low,2411.62,0,0,,152.4,2,0,0.0
D007299,high,10864.15,4,0,,53.1,1,0,0.0
D007300,low,2103.24,1,0,,34.1,1,0,0.0
D007301,high,8247.77,15,1,3.0,37.3,3,0,-0.075039
D007302,low,1882.51,11,0,,19.3,3,0,0.0
D007303,low,862.13,3,0,,23.9,2,0,0.0
D007304,low,276.39,14,0,,64.3,1,1,0.0
D007305,low,596.58,13,0,,36.5,1,0,0.0
D007306,high,5050.47,9,0,,165.2,3,0,0.0
D007307,high,10001.2,13,1,1.0,42.4,3,0,-0.035768
D007308,high,26171.8,6,0,,24.5,2,0,0.0
D007309,high,8398.37,2,0,,59.6,1,0,0.0
D007310,high,19962.74,16,1,4.0,92.6,3,0,-0.048201
D007311,high,13216.68,19,1,7.0,27.3,2,0,-0.055171
D007312,low,2534.6,5,0,,11.5,2,0,0.0
D007313,low,4025.51,3,0,,52.1,1,0,0.0
D007314,high,31748.14,9,0,,48.4,1,0,0.0
D007315,high,13471.12,19,1,7.0,63.3,3,0,-0.083622
D007316,low,4255.51,0,0,,15.0,1,1,0.0
D007317,high,26303.17,17,1,5.0,69.5,1,0,-0.04916
D007318,low,1751.2,21,0,,50.2,3,0,0.0
D007319,high,6257.86,17,1,5.0,2.0,4,0,-0.072014
D007320,high,26868.16,11,0,,32.2,1,1,0.0
D007321,low,2391.14,21,0,,54.2,1,1,0.0
D007322,low,3002.21,19,0,,78.5,1,0,0.0
D007323,low,1457.62,8,0,,16.6,6,1,0.0
D007324,high,5619.66,22,1,10.0,38.3,2,0,-0.0778
D007325,high,11404.75,20,1,8.0,89.5,4,0,-0.050045
D007326,low,844.53,1,0,,75.6,2,1,0.0
D007327,high,12799.91,0,0,,58.2,2,0,0.0
D007328,high,11410.29,16,1,4.0,43.0,3,0,-0.052609
D007329,high,21340.53,20,1,8.0,19.4,2,0,-0.069306
D007330,high,45669.35,20,1,8.0,138.3,4,0,-0.016231
D007331,high,13933.03,11,0,,53.5,1,0,0.0
D007332,low,1950.64,9,0,,116.8,1,0,0.0
D007333,high,5485.36,11,0,,16.4,4,0,0.0
D007334,high,5316.73,7,0,,55.8,3,0,0.0
D007335,high,7186.84,9,0,,90.7,3,0,0.0
D007336,low,3512.7,8,0,,70.2,2,1,0.0
D007337,high,6810.3,22,1,10.0,6.8,3,0,-0.039727
D007338,low,1603.47,14,0,,90.5,1,0,0.0
D007339,high,16406.18,13,1,1.0,18.2,3,0,-0.01774
D007340,low,3118.52,14,0,,134.8,1,0,0.0
D007341,high,13252.65,12,1,0.0,18.5,2,1,0.0
D007342,low,231.46,23,0,,73.5,3,1,0.0
D007343,low,3385.34,12,0,,97.7,2,0,0.0
D007344,low,4614.54,20,0,,30.8,2,0,0.0
D007345,low,3187.18,13,0,,75.9,1,0,0.0
D007346,high,13488.04,21,1,9.0,35.6,4,0,-0.041558
D007347,high,12644.43,5,0,,29.5,1,0,0.0
D007348,high,10811.7,23,1,11.0,13.8,1,0,-0.070702
D007349,high,53491.73,8,0,,40.0,2,0,0.0
D007350,high,15874.73,2,0,,71.0,4,0,0.0
D007351,high,49384.16,14,1,2.0,47.8,5,0,-0.038467
D007352,low,1044.75,17,0,,27.1,2,0,0.0
D007353,high,8102.24,17,1,5.0,42.8,3,0,-0.053721
D007354,high,12217.72,9,0,,88.7,3,0,0.0
D007355,high,5129.34,16,1,4.0,206.0,2,0,-0.040075
D007356,low,564.03,16,0,,34.4,5,0,0.0
D007357,high,12729.39,6,0,,27.9,4,0,0.0
D007358,low,2650.63,4,0,,24.9,4,0,0.0
D007359,low,1482.55,15,0,,66.5,4,0,0.0
D007360,low,2572.26,20,0,,152.4,1,0,0.0
D007361,high,12644.85,9,0,,46.6,1,0,0.0
D007362,high,10300.62,20,1,8.0,43.4,2,0,-0.062874
D007363,high,5388.74,21,1,9.0,53.2,3,0,-0.044921
D007364,low,1597.71,2,0,,46.2,1,0,0.0
D007365,low,2045.64,8,0,,96.5,3,0,0.0
D007366,low,773.33,16,0,,3.8,6,0,0.0
D007367,high,10199.55,2,0,,40.2,1,0,0.0
D007368,high,12030.44,12,1,0.0,24.7,4,0,0.0
D007369,high,6016.32,19,1,7.0,94.6,2,0,-0.042296
D007370,low,2561.86,7,0,,116.5,1,0,0.0
D007371,low,2747.54,5,0,,88.1,2,0,0.0
D007372,high,12915.62,0,0,,9.0,1,0,0.0
D007373,high,55133.58,21,1,9.0,11.5,3,0,-0.05828
D007374,low,1381.15,3,0,,61.0,4,0,0.0
D007375,high,138320.22,20,1,8.0,32.5,4,0,-0.041767
D007376,low,2708.45,5,0,,9.5,3,0,0.0
D007377,low,908.21,8,0,,37.0,2,1,0.0
D007378,low,2326.47,21,0,,73.7,3,0,0.0
D007379,high,22917.52,15,1,3.0,81.1,4,1,-0.060845
D007380,high,6634.53,11,0,,52.4,2,1,0.0
D007381,low,4102.55,4,0,,153.2,1,1,0.0
D007382,high,7449.46,2,0,,149.4,3,0,0.0
D007383,low,3355.43,18,0,,23.0,2,0,0.0
D007384,low,890.67,12,0,,90.2,3,0,0.0
D007385,high,5327.64,19,1,7.0,50.6,5,0,-0.051683
D007386,low,2930.05,0,0,,24.6,3,0,0.0
D007387,low,2755.04,19,0,,40.5,1,0,0.0
D007388,high,12434.58,13,1,1.0,10.4,2,0,-0.042102
D007389,low,4503.99,5,0,,51.7,5,0,0.0
D007390,low,2210.81,19,0,,143.5,4,0,0.0
D007391,high,7935.02,21,1,9.0,79.6,1,0,-0.040293
D007392,high,7860.77,1,0,,102.9,3,0,0.0
D007393,low,2690.68,10,0,,53.5,4,0,0.0
D007394,low,960.62,20,0,,9.8,5,0,0.0
D007395,high,7018.14,1,0,,147.6,1,0,0.0
D007396,low,1481.78,22,0,,26.0,2,1,0.0
D007397,low,3642.5,2,0,,9.8,3,0,0.0
D007398,high,31120.68,15,1,3.0,32.0,2,0,-0.068534
D007399,high,13669.47,12,1,0.0,29.8,3,0,0.0
D007400,high,5058.9,10,0,,20.4,1,0,0.0
D007401,low,3592.77,22,0,,71.9,3,0,0.0
D007402,high,5973.26,9,0,,60.1,2,0,0.0
D007403,low,1822.48,2,0,,56.4,2,0,0.0
D007404,low,3251.55,14,0,,16.8,2,0,0.0
D007405,high,7537.74,20,1,8.0,111.4,3,0,-0.030662
D007406,low,2327.48,3,0,,98.2,4,0,0.0
D007407,low,4134.49,2,0,,85.3,2,0,0.0
D007408,high,28146.18,1,0,,76.7,1,0,0.0
D007409,high,9106.47,8,0,,65.9,1,0,0.0
D007410,low,2125.31,2,0,,76.3,1,0,0.0
D007411,low,711.14,2,0,,37.9,3,0,0.0
D007412,high,6300.96,15,1,3.0,89.0,2,0,-0.068723
D007413,high,5941.16,17,1,5.0,91.3,3,0,-0.034909
D007414,high,8079.49,7,0,,43.9,2,0,0.0
D007415,high,6749.89,21,1,9.0,17.1,1,0,-0.038105
D007416,low,4355.21,3,0,,222.6,2,0,0.0
D007417,high,6425.66,14,1,2.0,58.1,3,0,-0.027472
D007418,high,7633.5,17,1,5.0,40.6,1,0,-0.06054
D007419,low,4625.76,2,0,,79.8,4,0,0.0
D007420,high,13002.8,12,1,0.0,63.4,4,0,0.0
D007421,low,1534.43,13,0,,67.7,4,0,0.0
D007422,high,24913.29,22,1,10.0,108.6,1,0,-0.035459
D007423,low,4408.92,5,0,,56.8,2,0,0.0
D007424,low,1313.65,23,0,,64.9,1,0,0.0
D007425,low,3680.99,2,0,,23.0,3,0,0.0
D007426,high,5486.82,15,1,3.0,14.8,4,0,-0.057932
D007427,low,2610.38,13,0,,105.2,1,0,0.0
D007428,high,10507.09,18,1,6.0,81.0,1,0,-0.048589
D007429,low,3680.43,21,0,,33.7,1,0,0.0
D007430,low,1569.13,20,0,,26.9,2,1,0.0
D007431,low,4814.69,23,0,,91.4,2,1,0.0
D007432,low,4099.12,11,0,,45.3,3,0,0.0
D007433,high,5666.72,20,1,8.0,202.5,3,0,-0.028251
D007434,low,1664.75,8,0,,75.9,1,0,0.0
D007435,high,115855.61,18,1,6.0,6.8,5,0,-0.094879
D007436,low,3697.09,10,0,,119.2,3,0,0.0
D007437,high,124933.59,6,0,,64.6,3,0,0.0
D007438,low,2186.93,16,0,,32.1,1,0,0.0
D007439,low,2159.67,9,0,,73.2,4,0,0.0
D007440,high,9060.9,10,0,,59.6,1,0,0.0
D007441,low,3830.92,7,0,,149.1,3,0,0.0
D007442,low,3977.64,4,0,,33.1,1,0,0.0
D007443,low,3607.09,3,0,,50.4,1,0,0.0
D007444,high,16393.78,13,1,1.0,79.4,2,0,-0.028512
D007445,low,1288.1,17,0,,43.5,2,1,0.0
D007446,low,1681.45,14,0,,51.1,3,0,0.0
D007447,high,6315.96,22,1,10.0,43.1,1,0,-0.055852
D007448,low,1552.59,22,0,,255.3,2,0,0.0
D007449,low,4553.19,15,0,,122.2,1,0,0.0
D007450,low,3757.49,7,0,,121.0,1,0,0.0
D007451,high,5824.46,7,0,,223.3,3,0,0.0
D007452,low,2466.71,12,0,,62.3,3,0,0.0
D007453,high,10481.5,0,0,,72.6,1,0,0.0
D007454,low,2602.72,2,0,,178.4,4,0,0.0
D007455,low,3976.42,12,0,,17.2,1,0,0.0
D007456,low,2580.97,4,0,,49.8,3,0,0.0
D007457,low,3284.93,20,0,,120.4,2,0,0.0
D007458,high,18045.06,17,1,5.0,44.8,2,0,-0.056767
D007459,high,11374.53,4,0,,153.1,2,0,0.0
D007460,high,7993.36,19,1,7.0,111.9,1,0,-0.067122
D007461,high,19093.81,2,0,,64.4,4,0,0.0
D007462,high,5199.91,13,1,1.0,81.2,1,0,-0.025924
D007463,high,9854.57,1,0,,60.9,1,0,0.0
D007464,low,4633.0,10,0,,46.5,1,0,0.0
D007465,low,4235.21,19,0,,41.7,1,0,0.0
D007466,low,1987.03,5,0,,38.9,3,0,0.0
D007467,low,4342.28,4,0,,105.4,1,0,0.0
D007468,high,9457.66,16,1,4.0,63.8,3,0,-0.094626
D007469,high,6169.55,5,0,,133.0,2,0,0.0
D007470,low,2062.08,14,0,,160.5,1,0,0.0
D007471,low,3751.48,21,0,,47.5,3,1,0.0
D007472,high,12981.75,10,0,,75.9,2,0,0.0
D007473,high,24560.56,6,0,,93.5,1,0,0.0
D007474,high,11763.17,23,1,11.0,41.2,2,0,-0.05017
D007475,low,4731.8,15,0,,34.0,4,0,0.0
D007476,low,3125.57,4,0,,18.9,2,0,0.0
D007477,low,2382.28,5,0,,126.7,1,0,0.0
D007478,high,7470.27,16,1,4.0,46.8,3,0,-0.029706
D007479,low,872.86,22,0,,40.1,3,0,0.0
D007480,high,10284.21,16,1,4.0,76.3,1,0,-0.052475
D007481,low,1674.6,14,0,,73.4,1,0,0.0
D007482,high,8949.73,14,1,2.0,59.3,5,0,-0.031373
D007483,high,7416.49,3,0,,10.3,2,1,0.0
D007484,low,3528.68,7,0,,39.7,3,0,0.0
D007485,low,3387.8,8,0,,9.0,1,0,0.0
D007486,high,6375.46,19,1,7.0,53.5,1,0,-0.076479
D007487,low,2719.23,7,0,,56.8,1,0,0.0
D007488,low,2304.05,10,0,,193.9,5,0,0.0
D007489,high,7281.76,12,1,0.0,85.2,2,0,0.0
D007490,low,1182.14,2,0,,32.5,2,0,0.0
D007491,low,4227.32,4,0,,37.4,2,0,0.0
D007492,high,16241.22,8,0,,17.9,1,0,0.0
D007493,low,1820.51,23,0,,38.6,1,0,0.0
D007494,low,2206.39,16,0,,52.0,3,0,0.0
D007495,high,6461.24,7,0,,16.0,3,0,0.0
D007496,high,17654.61,6,0,,27.1,4,0,0.0
D007497,high,13479.89,13,1,1.0,30.9,1,0,-0.029428
D007498,high,5920.96,2,0,,45.0,1,0,0.0
D007499,low,594.39,9,0,,57.1,1,1,0.0
D007500,high,11099.27,4,0,,65.4,1,0,0.0
D007501,low,4089.28,19,0,,85.6,1,0,0.0
D007502,low,1374.67,2,0,,52.6,3,0,0.0
D007503,high,13358.27,15,1,3.0,51.7,2,0,-0.054926
D007504,low,1007.86,8,0,,57.8,1,0,0.0
D007505,high,16252.43,4,0,,30.6,3,1,0.0
D007506,high,6237.75,14,1,2.0,113.9,2,0,-0.04521
D007507,low,4262.91,20,0,,24.9,4,0,0.0
D007508,low,2453.23,17,0,,105.4,4,1,0.0
D007509,high,6375.91,15,1,3.0,90.9,4,1,-0.062627
D007510,low,1906.0,8,0,,49.9,2,0,0.0
D007511,low,4199.79,22,0,,11.4,2,0,0.0
D007512,high,11222.14,17,1,5.0,8.7,4,0,-0.085094
D007513,low,367.65,19,0,,48.9,2,0,0.0
D007514,high,26644.07,20,1,8.0,73.0,2,0,-0.085751
D007515,high,6513.78,15,1,3.0,69.1,3,0,-0.065069
D007516,low,1384.38,23,0,,139.0,2,0,0.0
D007517,low,833.05,16,0,,8.8,1,1,0.0
D007518,low,3721.18,12,0,,86.3,4,0,0.0
D007519,low,4935.12,23,0,,53.9,4,0,0.0
D007520,high,5081.86,23,1,11.0,51.5,5,0,-0.039275
D007521,low,4543.37,0,0,,100.0,2,1,0.0
D007522,high,15518.24,4,0,,21.6,5,0,0.0
D007523,high,23598.16,5,0,,8.7,1,0,0.0
D007524,high,11618.7,21,1,9.0,54.1,4,0,-0.054944
D007525,low,3078.72,19,0,,30.8,2,0,0.0
D007526,low,827.28,14,0,,72.6,1,0,0.0
D007527,low,4293.07,8,0,,37.3,4,0,0.0
D007528,high,15453.34,23,1,11.0,47.3,2,0,-0.048932
D007529,low,4147.84,2,0,,54.7,4,0,0.0
D007530,low,2683.76,17,0,,67.0,2,0,0.0
D007531,low,2762.59,15,0,,52.1,1,0,0.0
D007532,low,2459.18,9,0,,54.3,2,0,0.0
D007533,low,2701.74,6,0,,2.9,5,1,0.0
D007534,high,10966.16,22,1,10.0,8.3,3,0,-0.138537
D007535,high,7516.42,4,0,,53.0,1,0,0.0
D007536,low,2160.6,17,0,,61.3,3,0,0.0
D007537,low,2341.32,4,0,,87.0,1,0,0.0
D007538,high,5605.59,19,1,7.0,195.1,3,0,-0.026942
D007539,high,92473.2,14,1,2.0,8.2,5,0,-0.048362
D007540,high,15624.48,4,0,,126.6,2,0,0.0
D007541,high,34265.18,21,1,9.0,16.7,2,0,-0.097021
D007542,high,6358.97,9,0,,219.9,1,0,0.0
D007543,low,857.07,21,0,,147.5,3,0,0.0
D007544,high,7451.29,3,0,,74.2,2,0,0.0
D007545,low,3293.86,2,0,,72.6,6,0,0.0
D007546,low,2233.18,9,0,,25.5,5,1,0.0
D007547,low,2615.9,18,0,,47.6,5,1,0.0
D007548,high,17193.27,15,1,3.0,37.7,4,0,-0.053996
D007549,low,2423.03,1,0,,40.1,2,0,0.0
D007550,high,16775.93,3,0,,52.4,2,1,0.0
D007551,high,49407.77,4,0,,39.3,4,1,0.0
D007552,high,7606.95,21,1,9.0,33.0,3,0,-0.114706
D007553,high,8599.9,22,1,10.0,98.7,4,0,-0.052886
D007554,high,27868.37,21,1,9.0,45.2,2,0,-0.062332
D007555,low,3876.0,7,0,,27.8,5,1,0.0
D007556,low,1895.55,10,0,,31.8,1,0,0.0
D007557,high,46663.49,20,1,8.0,38.1,3,0,-0.078056
D007558,low,3293.92,0,0,,53.5,6,0,0.0
D007559,low,3219.13,20,0,,39.3,3,0,0.0
D007560,high,22028.07,2,0,,148.2,6,0,0.0
D007561,low,4300.74,17,0,,120.0,1,0,0.0
D007562,low,4826.18,12,0,,122.0,1,0,0.0
D007563,high,5375.72,18,1,6.0,59.6,2,0,-0.097
D007564,low,2243.87,19,0,,26.3,1,1,0.0
D007565,low,2278.39,22,0,,22.0,4,1,0.0
D007566,low,3291.76,10,0,,22.8,1,1,0.0
D007567,high,12175.96,1,0,,92.6,6,0,0.0
D007568,low,4953.51,8,0,,87.3,2,0,0.0
D007569,low,4149.83,5,0,,83.8,3,0,0.0
D007570,low,3473.75,9,0,,83.3,1,0,0.0
D007571,low,4211.58,14,0,,15.5,5,0,0.0
D007572,high,20433.63,6,0,,120.1,4,0,0.0
D007573,high,10340.8,15,1,3.0,58.3,4,1,-0.117891
D007574,high,5617.94,8,0,,107.9,4,0,0.0
D007575,high,17314.81,11,0,,13.4,3,0,0.0
D007576,high,21537.92,18,1,6.0,40.5,1,0,-0.054708
D007577,high,35118.95,19,1,7.0,69.6,1,0,-0.047363
D007578,low,3035.96,0,0,,70.5,3,0,0.0
D007579,low,3432.02,7,0,,12.0,1,0,0.0
D007580,low,711.99,21,0,,73.5,3,0,0.0
D007581,low,1888.0,18,0,,65.8,3,1,0.0
D007582,low,952.52,21,0,,12.9,1,0,0.0
D007583,low,4391.24,9,0,,152.1,1,0,0.0
D007584,high,7488.06,0,0,,49.1,4,0,0.0
D007585,high,5110.35,5,0,,14.1,2,0,0.0
D007586,high,7263.38,12,1,0.0,44.9,5,0,0.0
D007587,low,3726.98,23,0,,88.1,2,1,0.0
D007588,high,5078.14,0,0,,19.0,2,0,0.0
D007589,low,1452.8,16,0,,103.8,2,0,0.0
D007590,high,71991.96,0,0,,16.2,4,0,0.0
D007591,low,1279.74,17,0,,86.9,1,1,0.0
D007592,high,41842.34,7,0,,14.7,2,0,0.0
D007593,low,2215.26,13,0,,65.4,3,0,0.0
D007594,high,11384.46,3,0,,44.3,4,0,0.0
D007595,low,3976.85,4,0,,31.0,1,0,0.0
D007596,high,20405.24,17,1,5.0,60.5,3,0,-0.090105
D007597,high,8177.81,12,1,0.0,47.1,3,0,0.0
D007598,high,7181.37,1,0,,86.6,2,0,0.0
D007599,high,5890.74,4,0,,19.6,3,0,0.0
D007600,low,2235.68,19,0,,27.7,5,0,0.0
D007601,low,2451.66,6,0,,72.0,3,0,0.0
D007602,high,36761.67,6,0,,127.3,1,0,0.0
D007603,high,6752.82,16,1,4.0,65.1,1,0,-0.040461
D007604,high,5516.22,18,1,6.0,88.5,5,0,-0.06943
D007605,low,540.97,14,0,,153.1,3,0,0.0
D007606,high,13151.8,4,0,,129.8,3,0,0.0
D007607,high,5143.94,22,1,10.0,40.5,2,0,-0.063524
D007608,low,2630.15,22,0,,141.3,1,0,0.0
D007609,high,6140.79,22,1,10.0,61.5,2,0,-0.050705
D007610,high,11803.73,15,1,3.0,149.6,1,0,-0.045546
D007611,low,2588.52,22,0,,113.4,2,0,0.0
D007612,high,5963.89,20,1,8.0,23.5,1,0,-0.057654
D007613,high,10018.24,16,1,4.0,134.7,1,0,-0.033277
D007614,high,6424.49,0,0,,27.8,5,1,0.0
D007615,low,4474.34,23,0,,45.2,2,0,0.0
D007616,high,24341.04,5,0,,40.1,3,0,0.0
D007617,high,41726.24,3,0,,103.3,2,1,0.0
D007618,low,415.91,16,0,,36.9,3,1,0.0
D007619,low,506.48,10,0,,18.9,2,0,0.0
D007620,high,8115.5,16,1,4.0,47.0,1,0,-0.103095
D007621,high,23064.64,18,1,6.0,47.3,5,0,-0.08328
D007622,high,15201.22,21,1,9.0,43.0,5,0,-0.072268
D007623,high,23734.64,7,0,,52.1,2,0,0.0
D007624,high,14219.88,13,1,1.0,163.2,1,0,-0.01247
D007625,low,1183.85,0,0,,14.6,2,0,0.0
D007626,low,474.96,9,0,,42.9,1,0,0.0
D007627,high,6155.74,3,0,,46.3,1,0,0.0
D007628,low,3883.12,13,0,,81.4,2,0,0.0
D007629,low,2356.65,18,0,,25.3,1,0,0.0
D007630,high,11489.39,14,1,2.0,15.2,1,0,-0.080892
D007631,high,8074.85,22,1,10.0,72.9,3,0,-0.049609
D007632,high,10560.9,17,1,5.0,15.6,2,0,-0.057818
D007633,high,18182.91,3,0,,85.3,1,0,0.0
D007634,low,1854.12,15,0,,84.5,1,0,0.0
D007635,high,7270.11,17,1,5.0,42.0,4,0,-0.085957
D007636,high,7092.29,13,1,1.0,106.4,1,0,-0.015684
D007637,high,8114.48,22,1,10.0,32.7,1,0,-0.087788
D007638,high,33963.09,1,0,,39.8,4,0,0.0
D007639,high,11986.98,10,0,,64.3,2,0,0.0
D007640,low,1538.53,20,0,,25.8,4,0,0.0
D007641,low,1287.54,6,0,,47.9,2,0,0.0
D007642,low,2853.42,4,0,,45.6,1,1,0.0
D007643,high,18474.29,2,0,,54.1,2,0,0.0
D007644,low,3593.29,3,0,,107.9,1,0,0.0
D007645,high,5578.18,20,1,8.0,42.5,2,1,-0.086791
D007646,high,7839.21,3,0,,125.8,4,0,0.0
D007647,low,3533.8,23,0,,146.1,3,0,0.0
D007648,high,31747.61,3,0,,9.2,6,0,0.0
D007649,low,4519.51,2,0,,18.4,1,0,0.0
D007650,low,1087.84,23,0,,50.1,1,1,0.0
D007651,low,466.05,12,0,,59.6,2,0,0.0
D007652,low,1880.03,8,0,,23.3,4,1,0.0
D007653,low,2894.61,13,0,,62.2,3,1,0.0
D007654,high,5579.35,15,1,3.0,129.2,2,0,-0.037194
D007655,low,2555.99,0,0,,128.7,2,0,0.0
D007656,high,25450.62,12,1,0.0,71.3,5,0,0.0
D007657,low,1787.39,20,0,,49.9,3,0,0.0
D007658,low,4961.04,14,0,,85.0,2,0,0.0
D007659,high,7994.94,17,1,5.0,8.9,3,0,-0.066278
D007660,high,28776.89,23,1,11.0,197.1,1,0,-0.020361
D007661,low,2304.48,11,0,,41.4,1,0,0.0
D007662,low,2666.22,9,0,,109.7,2,0,0.0
D007663,low,859.79,11,0,,51.9,2,0,0.0
D007664,low,2753.11,16,0,,34.0,3,0,0.0
D007665,low,1721.13,9,0,,41.0,1,1,0.0
D007666,high,5857.32,18,1,6.0,171.1,2,0,-0.044057
D007667,high,16174.28,5,0,,17.5,2,0,0.0
D007668,high,99918.73,8,0,,100.2,4,1,0.0
D007669,low,957.09,3,0,,33.5,2,0,0.0
D007670,low,710.04,21,0,,25.6,3,1,0.0
D007671,low,3125.79,0,0,,71.4,6,0,0.0
D007672,high,5233.98,14,1,2.0,21.0,4,0,-0.038239
D007673,high,9874.15,18,1,6.0,77.0,2,0,-0.055381
D007674,low,3481.94,15,0,,83.8,5,1,0.0
D007675,high,5996.78,13,1,1.0,45.6,1,0,-0.022062
D007676,high,14776.86,4,0,,27.7,2,0,0.0
D007677,high,15370.31,21,1,9.0,94.3,6,0,-0.044531
D007678,high,8396.28,11,0,,142.3,5,0,0.0
D007679,low,271.04,22,0,,79.6,1,0,0.0
D007680,low,1702.4,10,0,,7.6,1,0,0.0
D007681,low,806.82,21,0,,40.5,2,0,0.0
D007682,high,14258.73,11,0,,7.3,1,0,0.0
D007683,low,516.75,8,0,,65.7,1,0,0.0
D007684,low,645.55,23,0,,9.6,2,1,0.0
D007685,low,3975.46,3,0,,42.9,3,0,0.0
D007686,high,7465.07,6,0,,46.7,2,1,0.0
D007687,high,6859.26,11,0,,52.3,2,0,0.0
D007688,high,15996.24,13,1,1.0,9.4,5,0,-0.026204
D007689,high,24425.44,19,1,7.0,36.6,4,0,-0.061884
D007690,high,6143.44,9,0,,31.0,1,0,0.0
D007691,high,10986.1,5,0,,48.3,2,0,0.0
D007692,low,3983.68,0,0,,48.6,1,0,0.0
D007693,high,9878.56,20,1,8.0,80.8,3,0,-0.040797
D007694,high,29746.34,3,0,,31.5,4,0,0.0
D007695,low,3570.13,20,0,,45.5,1,0,0.0
D007696,low,807.5,1,0,,90.7,3,0,0.0
D007697,high,12665.24,18,1,6.0,38.4,2,0,-0.072068
D007698,high,7823.82,9,0,,94.6,1,0,0.0
D007699,low,3740.83,2,0,,155.0,3,0,0.0
D007700,low,1594.69,16,0,,49.1,1,1,0.0
D007701,high,6835.57,18,1,6.0,66.6,5,1,-0.051598
D007702,high,9652.81,12,1,0.0,36.3,1,0,0.0
D007703,high,75614.01,11,0,,19.6,5,0,0.0
D007704,low,1635.81,13,0,,38.0,4,0,0.0
D007705,high,9973.03,20,1,8.0,77.8,2,0,-0.072188
D007706,high,26377.93,9,0,,85.6,2,0,0.0
D007707,high,20153.94,3,0,,51.6,5,1,0.0
D007708,low,2188.53,11,0,,47.7,2,0,0.0
D007709,low,3011.82,23,0,,67.0,3,0,0.0
D007710,low,1477.84,7,0,,15.0,1,0,0.0
D007711,high,10437.94,6,0,,41.6,2,0,0.0
D007712,low,2033.75,14,0,,35.0,1,0,0.0
D007713,low,1647.66,4,0,,94.4,6,0,0.0
D007714,low,1811.84,12,0,,106.4,1,0,0.0
D007715,low,2878.65,23,0,,43.2,3,0,0.0
D007716,high,25821.71,22,1,10.0,58.6,3,0,-0.071115
D007717,high,6473.0,17,1,5.0,89.1,2,0,-0.056703
D007718,high,18067.14,14,1,2.0,59.2,1,0,-0.029308
D007719,low,1011.76,13,0,,67.6,5,0,0.0
D007720,low,1460.88,8,0,,54.8,4,0,0.0
D007721,high,5135.72,4,0,,50.2,3,0,0.0
D007722,low,2941.61,0,0,,55.3,3,0,0.0
D007723,low,3165.2,0,0,,47.4,1,0,0.0
D007724,high,9248.98,15,1,3.0,38.4,1,0,-0.043883
D007725,high,26230.0,9,0,,67.9,2,0,0.0
D007726,high,10991.65,6,0,,156.3,1,0,0.0
D007727,low,2599.17,12,0,,28.3,1,0,0.0
D007728,high,11512.15,0,0,,45.9,1,0,0.0
D007729,low,3092.18,6,0,,42.2,4,0,0.0
D007730,high,5818.39,5,0,,17.1,1,0,0.0
D007731,high,8008.1,20,1,8.0,146.6,1,0,-0.030451
D007732,high,19408.69,12,1,0.0,82.8,4,0,0.0
D007733,high,6898.73,19,1,7.0,48.9,3,0,-0.088449
D007734,low,824.93,12,0,,55.0,1,0,0.0
D007735,high,6425.44,3,0,,55.5,3,0,0.0
D007736,low,2253.51,10,0,,36.4,1,1,0.0
D007737,low,2081.98,4,0,,64.3,4,1,0.0
D007738,high,6871.45,19,1,7.0,24.3,4,0,-0.083274
D007739,low,4065.39,8,0,,73.4,2,0,0.0
D007740,low,3268.61,19,0,,57.9,4,0,0.0
D007741,high,17712.17,9,0,,14.8,4,1,0.0
D007742,low,1186.83,18,0,,50.5,3,1,0.0
D007743,low,3505.09,8,0,,52.9,3,1,0.0
D007744,low,3264.41,8,0,,42.2,2,0,0.0
D007745,low,622.2,10,0,,27.8,4,1,0.0
D007746,low,3872.46,6,0,,26.3,3,0,0.0
D007747,low,2855.69,2,0,,59.5,3,0,0.0
D007748,high,14978.29,17,1,5.0,23.7,3,0,-0.088518
D007749,low,3495.44,14,0,,94.2,2,0,0.0
D007750,high,7244.95,12,1,0.0,95.8,3,0,0.0
D007751,high,22752.17,10,0,,101.9,3,0,0.0
D007752,low,4479.79,8,0,,42.1,1,0,0.0
D007753,low,1872.52,12,0,,75.4,1,0,0.0
D007754,high,18626.82,4,0,,149.5,2,0,0.0
D007755,high,16036.58,4,0,,9.5,3,0,0.0
D007756,low,1648.57,15,0,,78.3,5,0,0.0
D007757,low,2835.4,17,0,,68.1,1,0,0.0
D007758,low,3753.62,0,0,,24.4,1,1,0.0
D007759,high,7682.93,19,1,7.0,103.0,3,0,-0.067714
D007760,high,15570.75,8,0,,44.3,2,1,0.0
D007761,high,13194.58,22,1,10.0,114.9,3,0,-0.0454
D007762,high,83847.44,21,1,9.0,35.0,1,0,-0.114302
D007763,low,2173.05,19,0,,63.9,4,0,0.0
D007764,low,4500.56,4,0,,118.7,2,0,0.0
D007765,low,1993.2,22,0,,101.3,2,0,0.0
D007766,low,3588.96,11,0,,5.8,1,0,0.0
D007767,high,64299.38,22,1,10.0,115.8,3,0,-0.038268
D007768,high,16984.14,17,1,5.0,46.0,3,0,-0.043349
D007769,low,3438.89,5,0,,14.0,2,0,0.0
D007770,low,1346.91,14,0,,125.3,5,0,0.0
D007771,low,3723.63,17,0,,100.8,2,0,0.0
D007772,low,781.34,17,0,,47.9,2,0,0.0
D007773,high,8067.44,5,0,,160.9,4,0,0.0
D007774,high,19313.5,12,1,0.0,60.6,1,0,0.0
D007775,low,662.45,3,0,,135.4,2,1,0.0
D007776,low,3113.97,8,0,,27.9,1,0,0.0
D007777,low,1726.7,4,0,,72.3,4,0,0.0
D007778,high,5363.39,2,0,,216.5,1,1,0.0
D007779,high,10930.72,17,1,5.0,33.8,2,0,-0.09355
D007780,high,22978.8,20,1,8.0,52.8,1,0,-0.037071
D007781,high,11337.85,4,0,,88.4,4,0,0.0
D007782,low,2588.75,12,0,,101.1,6,0,0.0
D007783,low,1082.78,10,0,,86.0,2,0,0.0
D007784,low,3347.43,13,0,,87.3,2,0,0.0
D007785,low,4486.57,7,0,,33.1,1,0,0.0
D007786,high,7165.27,2,0,,41.4,2,0,0.0
D007787,low,2535.55,17,0,,31.4,3,1,0.0
D007788,high,9898.66,20,1,8.0,43.3,3,0,-0.059328
D007789,low,904.92,19,0,,62.6,2,0,0.0
D007790,high,8908.87,15,1,3.0,21.3,4,0,-0.099351
D007791,high,15025.35,15,1,3.0,36.0,3,0,-0.071048
D007792,high,13086.91,19,1,7.0,55.9,1,0,-0.06845
D007793,low,3672.3,22,0,,86.4,1,0,0.0
D007794,low,3452.89,12,0,,71.0,1,0,0.0
D007795,high,9801.16,13,1,1.0,40.0,2,0,-0.030163
D007796,low,1576.73,4,0,,11.3,4,0,0.0
D007797,high,5106.02,13,1,1.0,16.5,1,0,-0.030108
D007798,low,4806.24,20,0,,188.8,1,0,0.0
D007799,low,2727.61,7,0,,89.0,1,0,0.0
D007800,low,2448.4,8,0,,113.2,1,1,0.0
D007801,low,2831.12,16,0,,71.6,1,0,0.0
D007802,low,2443.14,1,0,,175.0,3,0,0.0
D007803,low,1469.68,8,0,,22.1,4,0,0.0
D007804,high,31908.88,9,0,,41.6,5,0,0.0
D007805,high,5910.93,4,0,,48.4,5,0,0.0
D007806,high,7847.81,2,0,,121.0,4,1,0.0
D007807,high,12828.86,21,1,9.0,42.3,4,0,-0.048003
D007808,low,4744.67,21,0,,53.6,3,0,0.0
D007809,high,17932.54,14,1,2.0,66.7,2,0,-0.048147
D007810,low,1086.61,3,0,,44.8,1,0,0.0
D007811,low,2605.29,13,0,,62.3,2,0,0.0
D007812,high,22856.14,11,0,,88.7,3,0,0.0
D007813,high,34396.69,10,0,,34.2,1,0,0.0
D007814,low,625.22,16,0,,141.1,3,0,0.0
D007815,low,4669.49,6,0,,31.0,2,1,0.0
D007816,low,2881.7,3,0,,63.9,2,0,0.0
D007817,low,2978.03,12,0,,13.7,2,0,0.0
D007818,low,4706.59,0,0,,115.9,2,1,0.0
D007819,low,2704.28,4,0,,16.3,6,0,0.0
D007820,low,4158.4,2,0,,55.2,1,1,0.0
D007821,low,964.02,5,0,,33.3,2,0,0.0
D007822,high,20103.96,11,0,,5.0,4,0,0.0
D007823,low,2218.63,11,0,,99.2,3,0,0.0
D007824,high,5071.81,19,1,7.0,9.0,2,0,-0.077273
D007825,low,1286.73,13,0,,193.2,3,0,0.0
D007826,high,6567.95,4,0,,66.2,1,0,0.0
D007827,low,2278.11,15,0,,84.1,6,1,0.0
D007828,low,2000.85,0,0,,19.9,2,0,0.0
D007829,high,10271.29,12,1,0.0,82.1,3,0,0.0
D007830,high,12479.51,21,1,9.0,45.9,2,0,-0.092767
D007831,low,4405.58,13,0,,147.9,3,0,0.0
D007832,high,20359.63,23,1,11.0,57.3,2,0,-0.061045
D007833,high,7040.37,8,0,,33.9,2,0,0.0
D007834,high,11032.3,17,1,5.0,69.9,1,0,-0.030698
D007835,low,4770.3,22,0,,82.8,2,0,0.0
D007836,high,8848.5,1,0,,34.1,3,1,0.0
D007837,low,1342.79,17,0,,41.9,3,0,0.0
D007838,high,8638.09,17,1,5.0,57.6,5,0,-0.045444
D007839,low,1051.29,13,0,,17.1,1,1,0.0
D007840,high,9841.67,0,0,,81.8,1,0,0.0
D007841,high,7908.4,1,0,,65.8,3,1,0.0
D007842,low,756.59,13,0,,99.3,3,0,0.0
D007843,high,12420.29,17,1,5.0,41.6,3,0,-0.067516
D007844,high,30275.16,0,0,,67.2,2,0,0.0
D007845,low,1008.5,21,0,,24.8,2,0,0.0
D007846,high,26199.45,12,1,0.0,66.5,3,0,0.0
D007847,low,4865.96,23,0,,155.5,3,0,0.0
D007848,low,3167.37,22,0,,57.5,2,1,0.0
D007849,high,14692.98,7,0,,17.7,3,0,0.0
D007850,low,4236.22,18,0,,8.5,2,0,0.0
D007851,low,3493.97,23,0,,124.9,3,0,0.0
D007852,high,8608.3,9,0,,170.1,5,0,0.0
D007853,high,8704.03,18,1,6.0,40.2,4,1,-0.072783
D007854,low,1447.17,14,0,,87.1,1,0,0.0
D007855,low,1808.87,5,0,,39.7,5,1,0.0
D007856,high,33943.78,11,0,,82.5,3,0,0.0
D007857,low,1096.36,9,0,,79.0,2,0,0.0
D007858,high,5923.57,23,1,11.0,124.7,1,0,-0.06418
D007859,high,5957.51,15,1,3.0,36.5,5,0,-0.062572
D007860,high,10661.7,0,0,,22.2,3,0,0.0
D007861,low,3267.64,20,0,,48.1,2,0,0.0
D007862,high,7425.6,17,1,5.0,191.4,1,0,-0.058435
D007863,high,9972.71,1,0,,104.6,3,0,0.0
D007864,low,942.08,1,0,,36.2,6,0,0.0
D007865,high,27725.83,11,0,,100.1,4,0,0.0
D007866,low,1889.54,23,0,,60.6,2,0,0.0
D007867,high,8280.46,7,0,,49.9,1,0,0.0
D007868,high,7990.63,10,0,,13.3,2,1,0.0
D007869,high,12989.54,18,1,6.0,106.6,4,0,-0.038135
D007870,high,10462.09,8,0,,36.6,2,1,0.0
D007871,low,4097.94,11,0,,45.5,2,0,0.0
D007872,low,2904.54,5,0,,15.8,5,0,0.0
D007873,high,7214.71,17,1,5.0,23.1,4,0,-0.087385
D007874,low,3055.74,1,0,,71.0,2,1,0.0
D007875,low,960.04,15,0,,31.3,1,0,0.0
D007876,low,1540.6,12,0,,100.1,1,0,0.0
D007877,high,5755.48,22,1,10.0,51.5,3,0,-0.05581
D007878,low,3018.57,4,0,,89.5,2,1,0.0
D007879,high,9532.05,23,1,11.0,93.4,3,0,-0.044955
D007880,low,4576.03,19,0,,10.6,1,0,0.0
D007881,low,4641.6,21,0,,39.4,4,1,0.0
D007882,low,3663.61,23,0,,43.8,1,0,0.0
D007883,low,765.54,20,0,,13.6,1,0,0.0
D007884,low,1799.53,20,0,,72.3,1,0,0.0
D007885,high,18400.76,20,1,8.0,44.9,4,0,-0.054
D007886,low,3853.44,9,0,,73.7,3,0,0.0
D007887,low,606.37,2,0,,60.3,1,0,0.0
D007888,high,14687.12,23,1,11.0,81.0,1,0,-0.03997
D007889,high,5999.56,2,0,,116.7,1,0,0.0
D007890,high,7583.98,22,1,10.0,48.3,2,0,-0.07245
D007891,high,13418.78,16,1,4.0,19.8,1,0,-0.070712
D007892,low,2205.85,0,0,,29.4,2,1,0.0
D007893,high,29354.6,2,0,,11.3,3,0,0.0
D007894,low,1864.23,12,0,,9.3,5,0,0.0
D007895,low,3819.39,11,0,,62.5,1,0,0.0
D007896,high,29640.94,23,1,11.0,40.4,4,0,-0.068149
D007897,low,2962.25,20,0,,30.0,2,1,0.0
D007898,high,5674.36,5,0,,104.4,2,0,0.0
D007899,high,30104.94,5,0,,38.3,2,1,0.0
D007900,high,29198.3,1,0,,66.9,4,0,0.0
D007901,low,4083.43,11,0,,19.6,2,1,0.0
D007902,high,7322.49,9,0,,71.2,3,0,0.0
D007903,low,1525.84,11,0,,42.7,2,0,0.0
D007904,low,2511.8,5,0,,87.7,1,1,0.0
D007905,high,8161.03,5,0,,16.9,1,0,0.0
D007906,high,29256.58,23,1,11.0,35.8,3,0,-0.055489
D007907,low,4962.64,4,0,,117.9,2,0,0.0
D007908,low,1696.85,3,0,,116.7,1,0,0.0
D007909,high,8503.39,4,0,,21.9,4,0,0.0
D007910,low,2368.94,19,0,,38.3,6,1,0.0
D007911,low,1399.45,20,0,,17.1,4,0,0.0
D007912,low,1978.65,23,0,,8.5,1,0,0.0
D007913,high,13179.62,7,0,,14.8,1,0,0.0
D007914,high,25671.19,2,0,,102.7,4,0,0.0
D007915,low,1928.15,20,0,,77.3,3,0,0.0
D007916,low,2904.0,5,0,,20.8,1,0,0.0
D007917,high,19117.65,6,0,,7.1,4,0,0.0
D007918,high,28692.23,21,1,9.0,6.9,2,0,-0.070983
D007919,low,5035.35,2,0,,29.8,3,0,0.0
D007920,low,1658.15,5,0,,181.2,2,0,0.0
D007921,high,9531.41,8,0,,69.8,5,0,0.0
D007922,low,4494.44,20,0,,29.1,1,0,0.0
D007923,high,7137.54,20,1,8.0,25.7,4,0,-0.089443
D007924,high,7784.14,0,0,,89.1,1,0,0.0
D007925,low,2632.33,9,0,,100.9,4,0,0.0
D007926,low,4032.0,22,0,,100.3,1,0,0.0
D007927,high,27208.55,8,0,,60.8,3,0,0.0
D007928,high,18841.03,7,0,,56.0,2,0,0.0
D007929,low,1106.8,18,0,,10.8,2,0,0.0
D007930,high,11497.52,20,1,8.0,142.0,4,0,-0.018347
D007931,low,1363.46,9,0,,97.1,2,0,0.0
D007932,low,1970.21,9,0,,55.8,1,1,0.0
D007933,low,1422.89,12,0,,32.6,2,1,0.0
D007934,high,30059.86,4,0,,5.7,5,0,0.0
D007935,high,13340.8,22,1,10.0,70.1,3,0,-0.041059
D007936,low,4748.91,19,0,,95.2,1,0,0.0
D007937,low,2728.32,21,0,,61.2,2,0,0.0
D007938,high,9905.46,17,1,5.0,92.4,5,0,-0.046712
D007939,high,15527.64,9,0,,49.8,2,0,0.0
D007940,high,6745.24,2,0,,240.1,3,0,0.0
D007941,high,14132.5,0,0,,100.9,2,0,0.0
D007942,low,927.89,23,0,,31.3,4,0,0.0
D007943,low,1207.06,4,0,,37.4,2,0,0.0
D007944,low,4983.94,4,0,,18.3,1,0,0.0
D007945,low,4073.35,5,0,,37.2,4,0,0.0
D007946,low,4183.81,21,0,,17.4,3,0,0.0
D007947,high,7861.19,10,0,,2.8,1,0,0.0
D007948,low,2352.57,18,0,,35.7,1,0,0.0
D007949,low,1049.93,11,0,,16.4,2,0,0.0
D007950,low,484.3,4,0,,67.0,3,0,0.0
D007951,low,2568.14,8,0,,76.3,2,1,0.0
D007952,low,1337.15,4,0,,74.4,3,0,0.0
D007953,low,1772.66,7,0,,15.5,4,0,0.0
D007954,low,1267.03,16,0,,13.2,5,1,0.0
D007955,low,220.2,17,0,,28.5,2,0,0.0
D007956,low,1622.76,10,0,,104.8,1,0,0.0
D007957,low,1817.51,18,0,,18.5,2,0,0.0
D007958,high,14374.73,3,0,,48.1,1,0,0.0
D007959,high,27629.81,23,1,11.0,62.1,2,0,-0.056145
D007960,high,6415.43,10,0,,24.2,5,0,0.0
D007961,low,1226.95,14,0,,74.0,2,1,0.0
D007962,high,9278.55,10,0,,43.2,1,0,0.0
D007963,low,576.0,7,0,,19.6,1,1,0.0
D007964,low,1466.93,0,0,,15.3,1,0,0.0
D007965,low,200.22,7,0,,22.4,2,1,0.0
D007966,high,6996.25,11,0,,73.8,2,0,0.0
D007967,high,9925.92,20,1,8.0,30.3,4,0,-0.047754
D007968,low,1251.24,15,0,,26.9,2,0,0.0
D007969,low,3603.71,1,0,,86.9,1,0,0.0
D007970,low,3999.09,4,0,,116.5,3,0,0.0
D007971,high,28164.43,20,1,8.0,35.2,3,1,-0.060625
D007972,high,53763.69,16,1,4.0,78.6,5,0,-0.050537
D007973,high,9380.31,15,1,3.0,83.8,2,0,-0.047225
D007974,low,2710.61,12,0,,42.7,5,1,0.0
D007975,high,30846.44,19,1,7.0,153.0,1,0,-0.037109
D007976,high,27545.92,12,1,0.0,90.3,1,0,0.0
D007977,low,2392.78,4,0,,24.7,1,1,0.0
D007978,high,8305.7,6,0,,103.2,2,0,0.0
D007979,high,7327.48,15,1,3.0,53.9,3,0,-0.041777
D007980,low,1971.05,8,0,,38.2,3,0,0.0
D007981,high,9137.87,13,1,1.0,116.9,6,0,-0.017691
D007982,low,497.54,9,0,,87.4,3,1,0.0
D007983,high,22752.3,21,1,9.0,34.6,4,0,-0.05829
D007984,low,2084.67,1,0,,73.3,1,0,0.0
D007985,low,2411.46,16,0,,64.9,5,0,0.0
D007986,low,3053.91,0,0,,75.1,2,1,0.0
D007987,high,6886.39,10,0,,49.5,1,0,0.0
D007988,high,5644.14,6,0,,79.8,5,0,0.0
D007989,low,653.17,8,0,,37.6,1,0,0.0
D007990,low,4550.18,6,0,,28.3,4,0,0.0
D007991,low,3478.85,9,0,,77.9,2,0,0.0
D007992,low,4632.2,1,0,,164.0,1,0,0.0
D007993,high,13904.69,10,0,,26.2,5,1,0.0
D007994,high,5526.85,17,1,5.0,37.8,6,0,-0.060378
D007995,high,13212.89,15,1,3.0,70.9,3,0,-0.057624
D007996,low,2499.48,2,0,,68.2,1,0,0.0
D007997,low,2544.13,8,0,,38.3,4,0,0.0
D007998,high,25182.92,15,1,3.0,76.1,6,0,-0.046813
D007999,low,3737.54,20,0,,81.0,4,0,0.0
D008000,low,376.16,3,0,,83.9,2,0,0.0
D008001,high,9692.88,18,1,6.0,62.4,3,0,-0.045049
D008002,high,10973.97,19,1,7.0,54.3,3,0,-0.04802
D008003,high,14133.09,9,0,,111.8,2,0,0.0
D008004,low,785.46,15,0,,27.8,1,1,0.0
D008005,high,41748.4,5,0,,62.8,2,0,0.0
D008006,low,1376.29,21,0,,122.1,3,0,0.0
D008007,high,5696.48,7,0,,17.6,2,1,0.0
D008008,high,9165.46,22,1,10.0,28.5,3,0,-0.043338
D008009,high,10003.68,4,0,,22.5,2,0,0.0
D008010,low,3494.6,0,0,,74.9,2,0,0.0
D008011,high,31230.67,0,0,,37.6,3,0,0.0
D008012,low,3457.44,23,0,,81.2,6,1,0.0
D008013,high,17975.47,22,1,10.0,70.0,2,0,-0.039676
D008014,high,5703.26,18,1,6.0,39.2,1,0,-0.048578
D008015,low,435.88,22,0,,13.5,3,0,0.0
D008016,high,13848.4,9,0,,15.3,2,0,0.0
D008017,high,25709.45,11,0,,98.3,3,0,0.0
D008018,low,2215.21,7,0,,79.2,3,0,0.0
D008019,high,33751.29,8,0,,37.2,4,0,0.0
D008020,low,3175.37,23,0,,10.8,2,1,0.0
D008021,low,2147.33,5,0,,22.9,3,0,0.0
D008022,low,2909.03,19,0,,134.8,1,0,0.0
D008023,low,2918.34,3,0,,58.7,1,0,0.0
D008024,high,5951.88,3,0,,55.1,1,0,0.0
D008025,high,6149.24,4,0,,86.7,1,0,0.0
D008026,high,19637.65,23,1,11.0,131.6,2,0,-0.041157
D008027,high,19313.05,16,1,4.0,40.6,2,0,-0.045407
D008028,high,9185.18,7,0,,9.6,2,0,0.0
D008029,high,5237.13,2,0,,36.8,1,0,0.0
D008030,high,37002.22,2,0,,24.6,5,0,0.0
D008031,low,1492.98,0,0,,120.9,2,0,0.0
D008032,low,4360.59,7,0,,44.6,1,0,0.0
D008033,low,4469.63,11,0,,35.2,2,0,0.0
D008034,high,25808.78,19,1,7.0,49.4,3,0,-0.050378
D008035,low,3138.14,7,0,,34.1,5,0,0.0
D008036,high,18190.95,19,1,7.0,79.2,4,0,-0.070568
D008037,high,13685.43,4,0,,24.0,2,0,0.0
D008038,low,1814.14,15,0,,68.5,3,0,0.0
D008039,high,8128.53,3,0,,73.8,3,0,0.0
D008040,high,9512.61,19,1,7.0,17.2,3,1,-0.115943
D008041,low,1777.82,10,0,,106.1,2,0,0.0
D008042,low,4777.41,23,0,,57.8,3,0,0.0
D008043,high,7351.67,16,1,4.0,111.9,1,0,-0.062677
D008044,high,10151.81,10,0,,71.7,2,0,0.0
D008045,high,6843.49,17,1,5.0,49.8,1,1,-0.054485
D008046,low,3351.64,8,0,,48.2,2,0,0.0
D008047,high,5901.47,10,0,,181.0,1,1,0.0
D008048,low,2857.56,22,0,,54.8,2,0,0.0
D008049,high,14056.95,17,1,5.0,41.2,3,0,-0.037917
D008050,high,20793.77,20,1,8.0,55.8,3,0,-0.029125
D008051,high,48789.68,21,1,9.0,51.8,1,0,-0.061583
D008052,low,2348.05,14,0,,30.7,1,1,0.0
D008053,high,14568.3,14,1,2.0,58.2,5,0,-0.06688
D008054,high,22324.94,15,1,3.0,51.9,3,0,-0.067612
D008055,low,272.72,10,0,,70.2,3,0,0.0
D008056,high,7769.92,19,1,7.0,77.7,2,0,-0.066813
D008057,high,29563.77,12,1,0.0,71.4,4,1,0.0
D008058,high,7897.33,9,0,,8.6,4,0,0.0
D008059,high,28453.92,21,1,9.0,69.8,2,1,-0.060969
D008060,low,4694.69,7,0,,40.1,3,1,0.0
D008061,high,28990.91,6,0,,20.1,1,0,0.0
D008062,low,4601.2,17,0,,96.5,5,0,0.0
D008063,high,5632.68,9,0,,39.7,2,0,0.0
D008064,low,1940.37,1,0,,38.7,3,1,0.0
D008065,high,21649.49,21,1,9.0,34.6,1,0,-0.068751
D008066,high,6860.67,12,1,0.0,75.2,4,1,0.0
D008067,low,1828.06,12,0,,34.2,1,0,0.0
D008068,high,11471.97,21,1,9.0,62.6,4,0,-0.067302
D008069,low,4410.9,8,0,,101.3,4,0,0.0
D008070,high,7560.82,13,1,1.0,57.7,1,0,-0.014009
D008071,low,2047.87,6,0,,73.2,1,0,0.0
D008072,high,6197.98,10,0,,34.2,4,0,0.0
D008073,low,534.32,7,0,,28.4,1,0,0.0
D008074,high,11063.08,22,1,10.0,22.2,2,0,-0.076774
D008075,high,11312.02,18,1,6.0,14.2,1,0,-0.058828
D008076,high,5323.11,23,1,11.0,6.1,2,0,-0.069254
D008077,low,1081.5,0,0,,73.9,3,1,0.0
D008078,low,2839.49,2,0,,31.7,5,0,0.0
D008079,low,546.3,9,0,,41.4,1,0,0.0
D008080,low,3076.22,23,0,,55.2,3,0,0.0
D008081,high,29830.38,16,1,4.0,52.6,4,0,-0.082008
D008082,low,4506.34,1,0,,55.1,3,0,0.0
D008083,low,2702.21,8,0,,24.3,2,0,0.0
D008084,high,5179.1,4,0,,57.5,2,0,0.0
D008085,high,8028.04,15,1,3.0,31.4,2,0,-0.078069
D008086,high,13828.65,21,1,9.0,86.5,2,0,-0.049643
D008087,low,1042.64,22,0,,138.0,2,0,0.0
D008088,low,3028.72,19,0,,60.6,3,0,0.0
D008089,low,4668.21,4,0,,58.1,1,0,0.0
D008090,low,3698.92,22,0,,75.1,3,0,0.0
D008091,high,7229.81,4,0,,76.4,4,0,0.0
D008092,low,3533.96,14,0,,71.4,3,0,0.0
D008093,high,7436.06,5,0,,139.0,1,0,0.0
D008094,high,20154.78,16,1,4.0,53.6,3,0,-0.0518
D008095,low,2966.81,11,0,,70.0,2,1,0.0
D008096,high,9324.78,4,0,,175.2,4,0,0.0
D008097,high,18518.63,22,1,10.0,40.2,4,0,-0.081597
D008098,low,388.36,12,0,,100.0,1,0,0.0
D008099,high,5791.21,4,0,,39.4,1,0,0.0
D008100,high,8359.94,17,1,5.0,123.0,1,0,-0.031287
D008101,low,1256.65,0,0,,116.3,2,1,0.0
D008102,low,2266.66,20,0,,120.4,2,0,0.0
D008103,high,11630.51,20,1,8.0,9.5,3,0,-0.048498
D008104,low,1544.72,20,0,,62.5,2,0,0.0
D008105,high,15035.78,14,1,2.0,25.7,1,0,-0.040666
D008106,high,12699.69,5,0,,101.5,5,1,0.0
D008107,low,424.93,2,0,,55.4,3,1,0.0
D008108,high,8347.56,2,0,,71.0,3,0,0.0
D008109,low,4851.01,3,0,,30.4,2,0,0.0
D008110,low,2030.13,0,0,,18.6,2,1,0.0
D008111,high,37583.96,17,1,5.0,17.2,2,0,-0.086079
D008112,high,19740.79,12,1,0.0,56.1,1,1,0.0
D008113,high,7886.97,5,0,,55.6,3,1,0.0
D008114,low,1532.82,20,0,,47.1,2,0,0.0
D008115,high,5308.64,1,0,,142.9,1,0,0.0
D008116,high,15734.18,22,1,10.0,30.4,6,0,-0.052572
D008117,low,1294.67,22,0,,78.1,3,1,0.0
D008118,low,2854.92,8,0,,58.6,2,0,0.0
D008119,high,5340.21,4,0,,58.5,1,0,0.0
D008120,low,1293.87,4,0,,117.2,1,0,0.0
D008121,high,7715.68,14,1,2.0,20.6,2,0,-0.083751
D008122,high,15203.12,6,0,,31.4,3,0,0.0
D008123,high,5308.36,23,1,11.0,10.1,3,0,-0.085507
D008124,high,10134.38,13,1,1.0,139.5,3,0,-0.013272
D008125,high,6559.17,20,1,8.0,34.7,3,0,-0.051945
D008126,high,19319.85,17,1,5.0,40.3,4,0,-0.054755
D008127,low,2956.67,3,0,,93.6,2,0,0.0
D008128,low,3821.35,4,0,,25.3,4,0,0.0
D008129,high,8429.08,3,0,,71.8,4,1,0.0
D008130,low,3328.97,4,0,,63.1,1,0,0.0
D008131,low,2782.61,3,0,,14.9,4,0,0.0
D008132,high,21378.63,10,0,,110.0,3,0,0.0
D008133,high,8262.41,20,1,8.0,95.1,2,1,-0.037278
D008134,high,11923.46,12,1,0.0,66.6,5,0,0.0
D008135,low,4298.22,3,0,,65.0,2,0,0.0
D008136,low,1215.4,3,0,,32.0,1,1,0.0
D008137,low,1637.58,9,0,,58.9,4,0,0.0
D008138,high,9622.93,11,0,,16.1,3,0,0.0
D008139,high,26762.35,4,0,,44.3,5,0,0.0
D008140,low,1469.41,5,0,,58.3,1,0,0.0
D008141,low,3133.02,3,0,,46.7,3,0,0.0
D008142,low,1362.25,13,0,,2.5,3,0,0.0
D008143,low,3928.35,19,0,,96.5,2,0,0.0
D008144,low,1220.76,15,0,,85.5,4,0,0.0
D008145,low,4311.95,11,0,,12.5,2,0,0.0
D008146,high,5837.76,6,0,,44.6,1,0,0.0
D008147,low,1977.97,22,0,,18.2,1,0,0.0
D008148,low,5039.14,23,0,,41.4,2,0,0.0
D008149,high,7854.53,12,1,0.0,8.5,2,0,0.0
D008150,low,265.12,1,0,,46.5,2,0,0.0
D008151,low,442.79,22,0,,6.9,4,0,0.0
D008152,low,1720.78,16,0,,44.8,1,0,0.0
D008153,low,1376.66,18,0,,68.6,6,0,0.0
D008154,low,3257.04,19,0,,144.1,1,0,0.0
D008155,low,2334.58,15,0,,50.8,1,0,0.0
D008156,low,3082.84,14,0,,1.2,3,1,0.0
D008157,high,6036.9,18,1,6.0,25.0,3,0,-0.056143
D008158,low,4522.64,6,0,,50.5,2,0,0.0
D008159,high,5922.51,22,1,10.0,79.9,2,0,-0.051326
D008160,high,9899.93,22,1,10.0,54.0,2,0,-0.047105
D008161,low,1186.85,4,0,,26.0,3,0,0.0
D008162,high,15182.69,4,0,,106.7,5,0,0.0
D008163,low,4496.32,17,0,,59.3,1,0,0.0
D008164,high,16780.68,6,0,,27.7,2,0,0.0
D008165,high,17472.02,1,0,,46.8,2,0,0.0
D008166,high,14845.07,21,1,9.0,67.8,2,0,-0.101691
D008167,low,3067.83,11,0,,33.2,2,1,0.0
D008168,low,2688.8,11,0,,42.9,2,0,0.0
D008169,low,2463.05,18,0,,99.7,2,0,0.0
D008170,high,5297.49,7,0,,45.5,3,0,0.0
D008171,low,1479.55,3,0,,107.2,2,0,0.0
D008172,high,17478.01,15,1,3.0,65.9,1,0,-0.065561
D008173,low,1881.49,22,0,,26.9,1,0,0.0
D008174,high,7148.08,4,0,,116.5,2,0,0.0
D008175,low,2494.76,12,0,,117.4,2,0,0.0
D008176,low,4011.63,6,0,,82.4,2,0,0.0
D008177,high,7420.05,21,1,9.0,38.7,3,0,-0.059031
D008178,low,3514.84,14,0,,42.1,2,0,0.0
D008179,low,4914.97,1,0,,48.3,1,0,0.0
D008180,low,2315.79,13,0,,95.7,2,0,0.0
D008181,high,6865.42,22,1,10.0,89.8,6,0,-0.03786
D008182,low,3969.46,14,0,,30.0,3,1,0.0
D008183,high,20753.93,2,0,,41.4,5,0,0.0
D008184,high,31458.02,3,0,,10.3,2,0,0.0
D008185,low,2825.12,12,0,,33.1,3,0,0.0
D008186,low,3485.77,18,0,,29.5,1,0,0.0
D008187,high,12781.32,11,0,,38.7,1,1,0.0
D008188,low,677.61,3,0,,80.4,1,1,0.0
D008189,high,15915.62,15,1,3.0,67.6,1,0,-0.069479
D008190,high,15733.82,22,1,10.0,13.7,1,0,-0.109885
D008191,low,2897.06,3,0,,38.3,1,0,0.0
D008192,high,17480.71,4,0,,24.0,1,0,0.0
D008193,low,969.13,3,0,,76.0,1,0,0.0
D008194,high,6661.82,20,1,8.0,95.2,4,0,-0.043733
D008195,high,5269.77,10,0,,87.6,2,0,0.0
D008196,high,11608.5,8,0,,14.0,1,0,0.0
D008197,high,23717.59,12,1,0.0,48.3,4,0,0.0
D008198,high,14100.53,3,0,,38.5,3,0,0.0
D008199,low,1898.6,22,0,,49.1,1,0,0.0
D008200,low,3854.11,22,0,,68.7,1,0,0.0
D008201,low,414.06,21,0,,40.4,4,0,0.0
D008202,high,7682.33,6,0,,43.6,2,0,0.0
D008203,low,1726.68,18,0,,24.7,1,1,0.0
D008204,low,4485.36,23,0,,136.3,2,0,0.0
D008205,low,1604.72,9,0,,34.2,1,0,0.0
D008206,high,31620.68,17,1,5.0,47.5,3,0,-0.033224
D008207,high,7801.15,9,0,,67.2,1,0,0.0
D008208,high,7992.39,0,0,,119.7,6,0,0.0
D008209,low,2620.01,14,0,,50.0,3,0,0.0
D008210,low,934.17,16,0,,30.7,2,0,0.0
D008211,high,5622.03,19,1,7.0,39.0,3,0,-0.038227
D008212,high,5904.77,19,1,7.0,103.9,1,0,-0.042698
D008213,low,3023.89,10,0,,34.2,4,0,0.0
D008214,high,16011.45,6,0,,35.0,2,0,0.0
D008215,high,19135.04,9,0,,38.3,1,0,0.0
D008216,low,3997.88,11,0,,52.9,1,0,0.0
D008217,high,6483.26,21,1,9.0,48.9,2,0,-0.054215
D008218,low,2053.86,8,0,,6.9,3,1,0.0
D008219,low,2734.3,4,0,,32.8,1,0,0.0
D008220,high,11591.81,18,1,6.0,15.6,2,0,-0.059192
D008221,low,4712.5,12,0,,8.7,4,0,0.0
D008222,high,6496.17,0,0,,41.1,2,0,0.0
D008223,high,6893.32,1,0,,86.5,3,0,0.0
D008224,low,1109.74,2,0,,108.9,3,0,0.0
D008225,low,2172.29,2,0,,4.2,3,0,0.0
D008226,low,1881.45,8,0,,145.7,1,0,0.0
D008227,low,1785.06,19,0,,102.3,3,0,0.0
D008228,low,2495.76,9,0,,11.1,5,1,0.0
D008229,low,1504.16,6,0,,36.1,1,0,0.0
D008230,high,6603.35,9,0,,34.9,2,1,0.0
D008231,low,1190.67,10,0,,14.3,3,0,0.0
D008232,low,1912.79,7,0,,26.3,3,1,0.0
D008233,low,1610.78,10,0,,38.3,2,0,0.0
D008234,high,17976.72,8,0,,65.7,3,0,0.0
D008235,high,5121.44,11,0,,99.3,4,0,0.0
D008236,high,6250.81,18,1,6.0,52.8,2,0,-0.049039
D008237,high,16536.91,19,1,7.0,64.8,1,0,-0.055527
D008238,high,5288.36,8,0,,56.2,4,0,0.0
D008239,high,22727.81,9,0,,101.4,6,0,0.0
D008240,high,25817.01,15,1,3.0,69.1,2,0,-0.065227
D008241,low,1144.61,11,0,,37.2,1,0,0.0
D008242,high,17378.9,15,1,3.0,64.7,2,0,-0.059876
D008243,high,6158.05,17,1,5.0,86.5,2,0,-0.047339
D008244,high,6857.15,10,0,,34.0,1,0,0.0
D008245,high,9266.56,2,0,,145.8,2,0,0.0
D008246,low,1591.98,19,0,,64.7,3,0,0.0
D008247,low,1816.57,11,0,,75.7,3,0,0.0
D008248,low,956.52,14,0,,115.4,2,0,0.0
D008249,high,30822.75,4,0,,49.1,5,0,0.0
D008250,high,5071.23,23,1,11.0,38.8,2,0,-0.089139
D008251,low,3214.37,0,0,,38.6,6,0,0.0
D008252,high,8610.8,16,1,4.0,98.6,3,0,-0.031093
D008253,high,27705.25,5,0,,46.0,4,0,0.0
D008254,low,527.89,19,0,,96.9,3,0,0.0
D008255,high,22906.58,15,1,3.0,41.8,3,0,-0.06815
D008256,high,5423.71,9,0,,62.9,4,0,0.0
D008257,low,1575.83,18,0,,21.5,3,0,0.0
D008258,high,12444.8,1,0,,12.4,1,0,0.0
D008259,low,4712.12,15,0,,21.9,4,0,0.0
D008260,high,44055.12,18,1,6.0,29.5,1,0,-0.043671
D008261,low,4187.96,22,0,,11.0,1,0,0.0
D008262,high,6409.23,20,1,8.0,37.5,1,0,-0.056285
D008263,high,9173.29,14,1,2.0,12.7,5,0,-0.055245
D008264,high,23051.04,10,0,,11.4,3,0,0.0
D008265,low,2649.43,22,0,,42.2,5,0,0.0
D008266,high,11303.57,4,0,,57.7,4,0,0.0
D008267,high,55978.57,14,1,2.0,52.0,3,0,-0.049746
D008268,low,788.38,18,0,,24.0,4,0,0.0
D008269,high,7169.96,2,0,,79.1,1,0,0.0
D008270,high,8105.33,11,0,,18.8,1,0,0.0
D008271,high,40115.82,1,0,,103.7,3,0,0.0
D008272,high,9979.36,12,1,0.0,85.4,3,0,0.0
D008273,low,3121.87,20,0,,42.5,1,0,0.0
D008274,low,1077.84,14,0,,41.1,3,0,0.0
D008275,high,16430.86,9,0,,101.8,6,0,0.0
D008276,high,11162.09,10,0,,89.7,3,0,0.0
D008277,high,5985.38,21,1,9.0,139.1,3,0,-0.040319
D008278,high,5744.88,2,0,,81.0,3,0,0.0
D008279,low,1006.03,1,0,,10.0,2,0,0.0
D008280,high,5202.73,17,1,5.0,9.2,2,0,-0.058336
D008281,high,14595.04,5,0,,74.2,4,0,0.0
D008282,high,5316.19,6,0,,52.6,3,0,0.0
D008283,low,896.98,8,0,,80.4,1,0,0.0
D008284,low,4826.39,20,0,,99.7,1,0,0.0
D008285,low,3728.32,12,0,,80.2,1,0,0.0
D008286,low,1027.41,20,0,,47.8,3,0,0.0
D008287,high,22983.41,21,1,9.0,63.0,5,0,-0.060679
D008288,high,17087.34,1,0,,75.1,4,1,0.0
D008289,high,5343.49,19,1,7.0,36.7,2,0,-0.080396
D008290,high,31005.59,8,0,,48.3,2,0,0.0
D008291,high,18896.71,15,1,3.0,18.5,1,0,-0.116757
D008292,low,3832.6,11,0,,118.1,6,0,0.0
D008293,low,1698.14,17,0,,89.1,1,0,0.0
D008294,high,19222.41,11,0,,76.5,1,0,0.0
D008295,high,27982.21,12,1,0.0,23.9,5,0,0.0
D008296,low,3546.6,22,0,,125.0,3,0,0.0
D008297,low,2103.37,14,0,,56.4,3,0,0.0
D008298,low,961.02,17,0,,139.5,1,0,0.0
D008299,high,9323.34,15,1,3.0,68.5,3,0,-0.052511
D008300,high,13120.63,8,0,,22.8,4,0,0.0
D008301,high,10263.49,7,0,,18.6,1,0,0.0
D008302,high,19693.05,18,1,6.0,26.5,1,0,-0.044878
D008303,low,4638.96,2,0,,89.2,3,1,0.0
D008304,low,539.86,10,0,,56.7,2,0,0.0
D008305,low,3960.57,16,0,,97.0,5,0,0.0
D008306,low,755.98,8,0,,211.8,3,0,0.0
D008307,low,3150.51,8,0,,41.2,2,0,0.0
D008308,high,9453.45,1,0,,55.4,2,0,0.0
D008309,low,2266.82,3,0,,14.3,3,0,0.0
D008310,low,3260.71,4,0,,95.6,1,0,0.0
D008311,high,24861.0,21,1,9.0,80.7,4,0,-0.040011
D008312,low,701.8,15,0,,93.3,2,0,0.0
D008313,low,1717.08,0,0,,60.2,2,0,0.0
D008314,low,1402.36,2,0,,89.1,1,0,0.0
D008315,low,893.01,17,0,,26.0,1,0,0.0
D008316,high,8972.54,11,0,,91.9,5,0,0.0
D008317,high,15165.67,1,0,,55.4,1,1,0.0
D008318,high,11599.72,7,0,,104.0,6,0,0.0
D008319,low,2687.16,16,0,,43.8,4,0,0.0
D008320,high,22166.48,11,0,,10.6,4,0,0.0
D008321,low,2229.68,0,0,,66.9,2,0,0.0
D008322,high,11271.38,20,1,8.0,13.8,6,0,-0.07599
D008323,low,4583.49,13,0,,79.1,2,0,0.0
D008324,high,6373.43,2,0,,85.8,2,0,0.0
D008325,low,4351.28,8,0,,15.4,3,0,0.0
D008326,low,1482.4,5,0,,53.0,2,0,0.0
D008327,high,13406.31,12,1,0.0,79.2,4,0,0.0
D008328,low,2591.43,12,0,,14.2,1,0,0.0
D008329,low,2837.01,19,0,,59.1,2,0,0.0
D008330,low,2084.11,7,0,,84.4,2,0,0.0
D008331,low,4348.94,5,0,,32.7,2,0,0.0
D008332,low,1449.19,8,0,,90.5,2,0,0.0
D008333,low,1376.83,15,0,,52.3,4,1,0.0
D008334,high,26869.34,22,1,10.0,27.6,6,0,-0.044363
D008335,high,9224.7,17,1,5.0,81.2,2,0,-0.054771
D008336,low,4672.42,11,0,,44.1,5,1,0.0
D008337,low,1213.85,16,0,,87.8,2,0,0.0
D008338,low,3767.23,3,0,,100.4,2,0,0.0
D008339,high,11835.11,6,0,,90.5,1,0,0.0
D008340,high,10191.58,19,1,7.0,58.1,2,0,-0.061906
D008341,high,17321.31,17,1,5.0,27.2,3,0,-0.084356
D008342,high,29776.81,14,1,2.0,30.2,1,0,-0.057011
D008343,low,3605.39,15,0,,91.0,2,0,0.0
D008344,high,5500.23,21,1,9.0,34.0,2,0,-0.058896
D008345,high,28349.08,8,0,,68.5,4,0,0.0
D008346,high,25268.85,14,1,2.0,68.0,3,0,-0.034503
D008347,high,7614.54,1,0,,29.7,1,1,0.0
D008348,high,11519.6,5,0,,24.3,1,0,0.0
D008349,low,1229.67,20,0,,11.5,1,0,0.0
D008350,high,7104.23,16,1,4.0,91.1,2,0,-0.052512
D008351,low,1004.36,3,0,,16.7,2,1,0.0
D008352,high,6945.28,10,0,,33.6,6,0,0.0
D008353,low,4077.7,6,0,,48.2,4,1,0.0
D008354,low,817.68,1,0,,57.1,4,0,0.0
D008355,low,189.07,16,0,,57.3,1,0,0.0
D008356,high,19665.41,14,1,2.0,81.4,4,0,-0.044659
D008357,low,2554.22,7,0,,38.7,3,0,0.0
D008358,high,23816.93,21,1,9.0,7.0,1,0,-0.06898
D008359,low,924.2,5,0,,84.1,5,0,0.0
D008360,high,13316.97,5,0,,39.2,5,0,0.0
D008361,high,7485.45,16,1,4.0,20.0,1,0,-0.064601
D008362,high,10334.11,23,1,11.0,17.4,1,1,-0.078603
D008363,low,2562.24,13,0,,149.9,4,0,0.0
D008364,high,17303.33,22,1,10.0,76.3,4,0,-0.078497
D008365,high,9590.39,20,1,8.0,36.3,4,0,-0.079996
D008366,high,15481.43,20,1,8.0,74.3,1,0,-0.039047
D008367,high,6622.2,0,0,,75.4,5,0,0.0
D008368,low,1589.43,16,0,,92.2,4,0,0.0
D008369,low,2265.45,23,0,,71.9,4,0,0.0
D008370,low,3190.85,15,0,,29.2,2,0,0.0
D008371,high,17168.13,11,0,,38.1,4,1,0.0
D008372,low,2046.29,8,0,,32.3,3,1,0.0
D008373,high,5694.63,11,0,,50.8,2,0,0.0
D008374,high,6535.29,17,1,5.0,103.5,2,0,-0.038266
D008375,high,53593.81,7,0,,131.9,4,0,0.0
D008376,low,2360.64,8,0,,22.6,4,0,0.0
D008377,low,2960.88,3,0,,18.9,3,0,0.0
D008378,low,753.13,18,0,,28.0,1,0,0.0
D008379,high,27846.91,2,0,,53.0,2,0,0.0
D008380,high,12220.01,18,1,6.0,56.0,5,0,-0.035971
D008381,low,1493.13,11,0,,40.5,1,0,0.0
D008382,low,2203.67,3,0,,33.5,2,0,0.0
D008383,low,4381.17,12,0,,109.9,1,0,0.0
D008384,low,2878.85,2,0,,33.7,2,0,0.0
D008385,low,677.4,7,0,,88.7,1,0,0.0
D008386,low,3207.6,0,0,,51.4,1,0,0.0
D008387,low,2119.26,15,0,,40.8,5,1,0.0
D008388,low,4942.98,3,0,,26.0,1,1,0.0
D008389,high,33520.1,0,0,,176.4,3,0,0.0
D008390,high,594458.64,19,1,7.0,41.3,4,0,-0.051171
D008391,low,1157.29,11,0,,69.7,2,0,0.0
D008392,low,2884.1,22,0,,18.9,1,0,0.0
D008393,low,4072.28,7,0,,113.6,5,0,0.0
D008394,high,5516.6,15,1,3.0,57.7,4,0,-0.025613
D008395,low,1089.36,0,0,,121.1,3,0,0.0
D008396,high,102239.21,2,0,,78.4,1,0,0.0
D008397,high,10625.35,21,1,9.0,99.7,3,0,-0.054479
D008398,low,1192.92,10,0,,146.1,4,0,0.0
D008399,high,14081.49,9,0,,134.8,4,1,0.0
D008400,low,786.53,20,0,,7.2,4,0,0.0
D008401,low,799.55,19,0,,57.1,2,0,0.0
D008402,low,4392.11,10,0,,54.5,3,0,0.0
D008403,low,3924.67,19,0,,31.7,2,0,0.0
D008404,high,57871.0,22,1,10.0,38.7,2,0,-0.070326
D008405,low,880.39,21,0,,6.3,2,1,0.0
D008406,low,407.62,11,0,,52.1,1,0,0.0
D008407,low,765.19,18,0,,73.6,3,1,0.0
D008408,low,2864.47,9,0,,29.5,4,1,0.0
D008409,high,6123.11,15,1,3.0,57.2,2,0,-0.078641
D008410,high,6789.15,20,1,8.0,21.1,1,1,-0.063612
D008411,high,24434.52,0,0,,63.7,3,0,0.0
D008412,low,2645.6,6,0,,39.1,2,0,0.0
D008413,high,13121.18,3,0,,40.6,4,0,0.0
D008414,high,9597.9,17,1,5.0,17.7,2,0,-0.096993
D008415,low,899.62,13,0,,25.1,3,0,0.0
D008416,high,20094.57,20,1,8.0,20.1,2,0,-0.060015
D008417,low,955.83,10,0,,64.5,1,0,0.0
D008418,high,5612.33,20,1,8.0,39.2,3,0,-0.059644
D008419,high,34829.38,23,1,11.0,72.9,3,0,-0.060364
D008420,high,7422.07,3,0,,74.1,1,0,0.0
D008421,low,3742.42,10,0,,200.6,2,0,0.0
D008422,high,8032.63,21,1,9.0,93.5,2,0,-0.055019
D008423,low,820.59,6,0,,9.0,1,0,0.0
D008424,low,1866.9,2,0,,25.1,3,0,0.0
D008425,low,2810.55,6,0,,23.4,2,0,0.0
D008426,low,3427.4,0,0,,106.4,2,0,0.0
D008427,high,9555.44,21,1,9.0,20.0,1,0,-0.048303
D008428,low,2306.41,2,0,,33.8,1,0,0.0
D008429,low,2508.15,19,0,,77.4,3,0,0.0
D008430,low,2567.2,20,0,,50.5,1,0,0.0
D008431,low,3709.36,22,0,,87.3,2,0,0.0
D008432,high,11602.75,15,1,3.0,70.5,2,0,-0.066997
D008433,high,20159.89,15,1,3.0,37.0,4,0,-0.068013
D008434,low,3859.07,6,0,,116.6,2,0,0.0
D008435,high,5551.74,4,0,,41.5,1,0,0.0
D008436,low,458.36,3,0,,72.8,2,0,0.0
D008437,high,6655.94,23,1,11.0,96.2,1,0,-0.064079
D008438,low,2097.47,2,0,,48.8,1,0,0.0
D008439,high,9744.13,21,1,9.0,43.6,1,0,-0.083951
D008440,high,6256.58,9,0,,16.1,3,1,0.0
D008441,low,4733.31,14,0,,88.4,1,0,0.0
D008442,low,1313.04,8,0,,23.0,2,0,0.0
D008443,high,30932.69,19,1,7.0,59.9,3,0,-0.054166
D008444,high,19733.75,21,1,9.0,41.3,3,0,-0.051788
D008445,low,1558.87,12,0,,52.6,2,0,0.0
D008446,low,4328.48,16,0,,170.7,2,0,0.0
D008447,low,3981.01,22,0,,37.4,2,0,0.0
D008448,high,10101.56,1,0,,50.7,4,0,0.0
D008449,high,7740.73,23,1,11.0,115.8,3,0,-0.024854
D008450,high,14434.58,15,1,3.0,53.7,3,0,-0.080454
D008451,high,6560.31,14,1,2.0,60.9,2,0,-0.05581
D008452,high,18318.5,14,1,2.0,96.3,1,0,-0.041649
D008453,low,1720.22,7,0,,41.3,2,1,0.0
D008454,low,1837.43,11,0,,36.4,2,0,0.0
D008455,high,5139.53,17,1,5.0,42.5,4,0,-0.051053
D008456,high,6459.93,19,1,7.0,67.1,2,0,-0.090799
D008457,high,8156.35,10,0,,90.3,1,0,0.0
D008458,low,2476.68,19,0,,22.1,6,0,0.0
D008459,high,7769.51,15,1,3.0,117.0,1,0,-0.045382
D008460,low,2845.15,19,0,,58.4,1,0,0.0
D008461,high,9902.25,11,0,,83.9,4,0,0.0
D008462,high,6141.42,5,0,,33.9,1,0,0.0
D008463,high,13558.03,12,1,0.0,70.4,2,0,0.0
D008464,high,7771.23,18,1,6.0,49.1,5,0,-0.082636
D008465,high,8711.69,4,0,,73.6,4,0,0.0
D008466,high,40912.96,22,1,10.0,16.1,2,0,-0.05348
D008467,low,88.4,3,0,,63.0,2,0,0.0
D008468,high,16458.3,1,0,,44.6,2,0,0.0
D008469,low,854.95,2,0,,10.8,4,1,0.0
D008470,low,1087.98,15,0,,66.5,4,0,0.0
D008471,high,17718.36,21,1,9.0,19.2,5,0,-0.152531
D008472,high,25085.3,16,1,4.0,16.6,3,0,-0.040398
D008473,high,13024.44,2,0,,20.2,5,0,0.0
D008474,high,8406.42,17,1,5.0,66.6,2,0,-0.063634
D008475,high,11704.29,9,0,,17.8,3,1,0.0
D008476,low,1113.88,19,0,,42.9,2,1,0.0
D008477,low,2250.12,8,0,,21.2,2,1,0.0
D008478,low,2484.45,8,0,,107.0,3,0,0.0
D008479,high,5845.45,19,1,7.0,21.2,2,0,-0.10144
D008480,low,3453.59,11,0,,27.0,2,0,0.0
D008481,low,1039.65,1,0,,41.8,1,0,0.0
D008482,low,1374.97,21,0,,29.4,1,0,0.0
D008483,high,8885.47,21,1,9.0,37.0,2,0,-0.071045
D008484,high,8339.56,9,0,,77.5,5,0,0.0
D008485,high,10640.41,18,1,6.0,46.2,4,0,-0.07401
D008486,high,7552.9,6,0,,65.4,1,0,0.0
D008487,low,857.85,20,0,,50.7,1,0,0.0
D008488,low,1270.99,3,0,,274.5,3,0,0.0
D008489,high,22221.19,10,0,,89.1,3,0,0.0
D008490,high,23837.56,18,1,6.0,51.4,4,0,-0.074175
D008491,low,1087.52,19,0,,60.8,1,0,0.0
D008492,low,3916.47,5,0,,57.6,4,0,0.0
D008493,low,4358.89,8,0,,56.4,3,1,0.0
D008494,low,538.89,12,0,,44.1,1,0,0.0
D008495,low,2406.45,14,0,,17.9,3,0,0.0
D008496,low,1794.19,21,0,,166.5,4,0,0.0
D008497,high,7037.99,9,0,,71.2,4,0,0.0
D008498,low,3633.08,20,0,,36.7,1,0,0.0
D008499,low,2479.23,5,0,,58.0,1,0,0.0
D008500,low,2905.16,16,0,,59.9,5,0,0.0
D008501,low,1582.81,18,0,,38.1,1,1,0.0
D008502,high,6458.29,4,0,,41.0,1,0,0.0
D008503,high,20898.99,21,1,9.0,20.0,4,0,-0.133819
D008504,high,6152.14,15,1,3.0,55.0,1,0,-0.04326
D008505,low,3462.53,16,0,,28.7,5,1,0.0
D008506,low,2523.95,5,0,,39.0,1,0,0.0
D008507,low,2732.57,4,0,,136.7,1,0,0.0
D008508,low,1715.48,20,0,,54.2,3,1,0.0
D008509,low,637.12,6,0,,110.3,2,0,0.0
D008510,high,32843.51,8,0,,14.5,5,0,0.0
D008511,high,9887.93,18,1,6.0,62.3,5,0,-0.040059
D008512,high,8388.98,5,0,,172.4,2,0,0.0
D008513,low,2974.79,3,0,,23.3,3,0,0.0
D008514,low,2300.58,8,0,,10.5,6,0,0.0
D008515,low,2266.49,12,0,,42.2,3,0,0.0
D008516,low,4101.08,11,0,,89.7,5,0,0.0
D008517,high,15135.79,0,0,,91.4,3,0,0.0
D008518,high,7403.6,9,0,,19.9,2,0,0.0
D008519,high,8140.28,2,0,,46.6,2,0,0.0
D008520,high,5226.98,15,1,3.0,47.2,2,0,-0.103638
D008521,low,1730.86,11,0,,40.0,3,0,0.0
D008522,high,30731.97,0,0,,140.5,4,0,0.0
D008523,high,21386.31,22,1,10.0,60.5,1,0,-0.060863
D008524,low,3491.44,0,0,,99.4,3,0,0.0
D008525,low,1474.48,6,0,,77.7,1,1,0.0
D008526,low,4062.87,18,0,,171.4,3,0,0.0
D008527,high,15482.78,22,1,10.0,72.8,2,0,-0.042442
D008528,low,2809.78,13,0,,21.1,3,0,0.0
D008529,high,6476.53,21,1,9.0,47.8,2,0,-0.057185
D008530,high,41506.59,9,0,,2.3,4,1,0.0
D008531,high,5511.54,11,0,,40.4,2,0,0.0
D008532,low,4045.61,3,0,,43.8,5,0,0.0
D008533,low,1332.86,10,0,,69.8,2,1,0.0
D008534,high,8224.84,15,1,3.0,87.0,1,0,-0.037527
D008535,high,6382.24,7,0,,53.0,3,0,0.0
D008536,high,7651.41,4,0,,95.0,4,0,0.0
D008537,low,1304.06,8,0,,110.3,2,0,0.0
D008538,low,3252.51,13,0,,115.3,1,0,0.0
D008539,low,845.78,20,0,,173.0,2,0,0.0
D008540,low,354.78,7,0,,70.4,3,0,0.0
D008541,low,4326.44,18,0,,8.9,3,0,0.0
D008542,high,18873.37,5,0,,46.4,6,0,0.0
D008543,high,54290.59,17,1,5.0,102.2,3,0,-0.044963
D008544,high,16780.46,23,1,11.0,17.5,3,0,-0.107786
D008545,low,3421.88,0,0,,56.1,2,0,0.0
D008546,low,3305.0,10,0,,26.1,1,0,0.0
D008547,low,1468.08,5,0,,102.4,1,0,0.0
D008548,high,51297.57,5,0,,64.9,2,0,0.0
D008549,high,6965.06,16,1,4.0,15.5,6,0,-0.078209
D008550,high,5134.25,1,0,,50.0,5,0,0.0
D008551,low,1537.47,17,0,,5.0,4,1,0.0
D008552,high,62848.94,6,0,,116.9,3,1,0.0
D008553,high,5743.3,11,0,,89.3,2,0,0.0
D008554,low,4671.12,20,0,,86.6,4,0,0.0
D008555,high,15778.29,23,1,11.0,4.0,5,0,-0.081737
D008556,low,4661.92,20,0,,65.2,2,0,0.0
D008557,high,13947.89,3,0,,65.3,4,0,0.0
D008558,low,4520.51,16,0,,79.5,2,1,0.0
D008559,low,970.26,7,0,,54.1,2,0,0.0
D008560,high,9854.6,6,0,,40.4,1,0,0.0
D008561,low,3028.07,3,0,,40.3,1,1,0.0
D008562,low,3417.6,18,0,,52.8,1,0,0.0
D008563,high,12545.59,18,1,6.0,13.4,6,0,-0.05047
D008564,high,6703.24,13,1,1.0,40.5,3,0,-0.021542
D008565,high,10744.85,23,1,11.0,18.9,1,1,-0.066707
D008566,low,1217.37,15,0,,34.5,2,0,0.0
D008567,high,7564.9,6,0,,50.5,3,0,0.0
D008568,high,21416.01,13,1,1.0,35.8,5,0,-0.028786
D008569,low,4740.94,13,0,,9.8,6,0,0.0
D008570,high,10049.4,23,1,11.0,77.6,6,0,-0.044775
D008571,low,2933.67,8,0,,11.6,1,0,0.0
D008572,low,2697.06,14,0,,166.5,6,0,0.0
D008573,high,9104.26,8,0,,35.1,6,1,0.0
D008574,low,3358.25,23,0,,116.0,3,1,0.0
D008575,high,6966.34,11,0,,45.8,3,0,0.0
D008576,low,3196.21,13,0,,36.3,3,0,0.0
D008577,high,9926.09,20,1,8.0,203.7,1,0,-0.038538
D008578,high,36485.54,18,1,6.0,68.8,3,0,-0.06286
D008579,low,3583.41,2,0,,34.9,1,0,0.0
D008580,high,5568.18,0,0,,52.9,1,0,0.0
D008581,high,17857.86,7,0,,57.2,1,0,0.0
D008582,low,3805.13,23,0,,57.5,2,0,0.0
D008583,high,18537.61,16,1,4.0,39.0,1,0,-0.075731
D008584,high,13371.91,12,1,0.0,109.4,2,0,0.0
D008585,low,2264.19,10,0,,17.2,1,0,0.0
D008586,low,4960.23,23,0,,35.9,2,0,0.0
D008587,low,3463.93,7,0,,116.8,4,1,0.0
D008588,high,32170.86,3,0,,122.2,1,0,0.0
D008589,high,12870.07,13,1,1.0,37.8,3,0,-0.029389
D008590,low,1890.19,8,0,,94.7,2,0,0.0
D008591,low,530.27,18,0,,58.8,3,1,0.0
D008592,high,10942.86,21,1,9.0,44.8,2,0,-0.07624
D008593,high,9793.07,6,0,,171.6,3,0,0.0
D008594,high,7711.31,12,1,0.0,71.4,4,1,0.0
D008595,low,1864.42,23,0,,183.7,1,0,0.0
D008596,low,3610.57,10,0,,14.8,3,0,0.0
D008597,low,4210.53,17,0,,105.7,2,0,0.0
D008598,low,2283.17,4,0,,31.5,2,0,0.0
D008599,high,42313.96,0,0,,81.5,4,0,0.0
D008600,low,3006.52,17,0,,10.2,1,0,0.0
D008601,high,6228.87,5,0,,39.8,4,0,0.0
D008602,high,29295.13,2,0,,24.0,4,0,0.0
D008603,high,6322.6,4,0,,77.2,3,0,0.0
D008604,high,13824.83,16,1,4.0,19.9,3,0,-0.081311
D008605,high,6087.56,11,0,,81.6,2,0,0.0
D008606,high,8056.78,18,1,6.0,41.8,3,0,-0.058749
D008607,high,6695.61,22,1,10.0,157.2,4,0,-0.043886
D008608,high,16787.06,11,0,,155.2,2,0,0.0
D008609,high,12717.98,7,0,,210.6,5,0,0.0
D008610,high,10989.28,15,1,3.0,38.5,4,0,-0.034281
D008611,high,6927.97,12,1,0.0,100.2,2,0,0.0
D008612,high,12773.93,5,0,,93.1,6,0,0.0
D008613,low,529.73,16,0,,25.0,6,0,0.0
D008614,high,7748.69,23,1,11.0,53.4,1,0,-0.079715
D008615,low,2185.85,7,0,,51.8,1,0,0.0
D008616,high,10171.11,21,1,9.0,18.4,1,0,-0.108496
D008617,low,2199.37,8,0,,10.8,1,1,0.0
D008618,high,17430.74,23,1,11.0,5.7,2,0,-0.054541
D008619,low,4170.72,7,0,,107.8,3,0,0.0
D008620,high,10943.53,16,1,4.0,7.3,1,1,-0.12396
D008621,low,1332.73,23,0,,76.5,2,0,0.0
D008622,high,16875.78,5,0,,85.9,4,0,0.0
D008623,high,8006.37,2,0,,56.5,4,0,0.0
D008624,high,12444.06,2,0,,34.0,2,0,0.0
D008625,high,7814.98,1,0,,39.6,4,0,0.0
D008626,low,3783.31,20,0,,134.3,2,0,0.0
D008627,low,1228.79,12,0,,36.5,3,0,0.0
D008628,low,3552.67,18,0,,28.4,5,0,0.0
D008629,high,10336.7,11,0,,72.4,1,0,0.0
D008630,low,4536.23,12,0,,47.3,2,0,0.0
D008631,high,23280.15,21,1,9.0,12.2,4,0,-0.060489
D008632,high,7584.5,6,0,,36.8,5,0,0.0
D008633,low,1811.24,8,0,,86.3,2,0,0.0
D008634,high,39824.15,3,0,,81.3,3,0,0.0
D008635,low,2212.29,9,0,,124.2,2,0,0.0
D008636,high,25597.62,14,1,2.0,71.4,3,0,-0.033031
D008637,high,7398.74,23,1,11.0,52.8,2,0,-0.035824
D008638,low,1491.01,21,0,,40.8,1,0,0.0
D008639,high,7887.11,7,0,,33.2,5,1,0.0
D008640,low,2130.12,0,0,,38.1,1,0,0.0
D008641,low,558.91,11,0,,39.5,3,0,0.0
D008642,high,8566.91,21,1,9.0,44.5,3,0,-0.087289
D008643,high,33256.72,6,0,,113.5,1,0,0.0
D008644,high,56008.53,11,0,,20.4,5,0,0.0
D008645,low,872.46,13,0,,12.7,3,0,0.0
D008646,high,12900.56,14,1,2.0,68.6,5,0,-0.062118
D008647,high,32749.49,16,1,4.0,31.6,1,0,-0.054865
D008648,high,9467.04,18,1,6.0,6.2,3,1,-0.065673
D008649,high,10885.21,10,0,,64.0,5,0,0.0
D008650,low,1421.19,6,0,,98.6,2,0,0.0
D008651,high,5667.94,4,0,,27.6,1,0,0.0
D008652,low,4025.77,13,0,,2.3,2,0,0.0
D008653,high,7450.06,0,0,,128.6,4,0,0.0
D008654,low,2344.57,20,0,,131.1,3,0,0.0
D008655,low,1372.71,6,0,,29.3,1,0,0.0
D008656,low,2622.94,14,0,,33.2,4,1,0.0
D008657,high,53649.2,13,1,1.0,21.5,4,0,-0.037029
D008658,low,1491.65,13,0,,34.5,4,1,0.0
D008659,low,1816.9,16,0,,53.3,2,0,0.0
D008660,high,5160.93,17,1,5.0,44.3,4,0,-0.039645
D008661,low,4127.01,13,0,,88.3,5,0,0.0
D008662,high,16883.76,0,0,,35.7,3,0,0.0
D008663,high,7383.4,21,1,9.0,45.2,5,1,-0.086954
D008664,low,4335.32,23,0,,52.9,1,0,0.0
D008665,low,3252.49,20,0,,57.5,5,0,0.0
D008666,high,28166.22,3,0,,39.9,2,0,0.0
D008667,low,2967.29,6,0,,26.2,5,0,0.0
D008668,high,40661.34,20,1,8.0,256.2,2,0,-0.012248
D008669,high,9188.54,21,1,9.0,6.0,1,0,-0.071284
D008670,high,37371.4,15,1,3.0,68.6,2,0,-0.03861
D008671,high,5216.15,20,1,8.0,43.3,1,0,-0.052586
D008672,low,4507.23,14,0,,30.1,1,0,0.0
D008673,high,5199.72,19,1,7.0,34.9,2,0,-0.076635
D008674,low,1879.66,22,0,,40.3,6,0,0.0
D008675,low,199.38,9,0,,133.2,3,0,0.0
D008676,low,376.92,22,0,,35.7,2,0,0.0
D008677,low,1983.61,15,0,,48.5,2,1,0.0
D008678,low,4924.26,17,0,,286.8,5,0,0.0
D008679,high,14925.39,11,0,,162.2,3,0,0.0
D008680,high,15156.77,3,0,,23.8,5,0,0.0
D008681,high,5400.98,0,0,,30.7,3,0,0.0
D008682,low,1332.77,2,0,,18.8,3,0,0.0
D008683,high,12814.78,19,1,7.0,15.0,2,0,-0.107778
D008684,low,1278.67,1,0,,52.0,1,1,0.0
D008685,high,9196.94,4,0,,35.2,4,0,0.0
D008686,low,2983.01,12,0,,92.4,1,0,0.0
D008687,low,662.2,13,0,,140.9,1,0,0.0
D008688,high,9694.46,2,0,,42.4,1,0,0.0
D008689,low,916.55,19,0,,11.1,1,1,0.0
D008690,low,4550.73,11,0,,14.3,3,1,0.0
D008691,high,5651.97,6,0,,27.4,3,0,0.0
D008692,high,5195.31,8,0,,105.5,3,0,0.0
D008693,low,4694.56,23,0,,71.6,3,0,0.0
D008694,low,1804.37,20,0,,92.0,2,0,0.0
D008695,low,1656.39,20,0,,41.7,2,0,0.0
D008696,high,9728.86,6,0,,130.9,2,1,0.0
D008697,high,18945.12,1,0,,51.1,3,0,0.0
D008698,low,2410.4,9,0,,89.2,1,0,0.0
D008699,high,6071.22,9,0,,43.2,4,0,0.0
D008700,low,2942.25,7,0,,43.7,1,0,0.0
D008701,low,2180.17,18,0,,72.9,2,0,0.0
D008702,high,8632.1,17,1,5.0,150.1,6,0,-0.030921
D008703,low,1400.56,1,0,,64.7,1,0,0.0
D008704,high,6510.27,14,1,2.0,6.1,2,0,-0.056811
D008705,low,819.33,2,0,,21.9,1,0,0.0
D008706,high,16469.75,20,1,8.0,170.9,3,0,-0.019891
D008707,low,2685.59,20,0,,102.0,4,0,0.0
D008708,low,2047.5,12,0,,115.4,1,0,0.0
D008709,low,2625.83,9,0,,147.6,3,0,0.0
D008710,high,10336.73,0,0,,62.8,6,0,0.0
D008711,low,1362.29,19,0,,52.8,1,0,0.0
D008712,low,2969.3,18,0,,104.9,1,0,0.0
D008713,low,1270.94,0,0,,17.4,1,0,0.0
D008714,low,309.72,5,0,,53.6,1,1,0.0
D008715,high,13191.65,21,1,9.0,33.4,6,0,-0.056164
D008716,low,1017.87,9,0,,51.0,4,0,0.0
D008717,low,3320.74,2,0,,63.0,3,0,0.0
D008718,low,1794.21,10,0,,121.7,4,0,0.0
D008719,high,30472.4,16,1,4.0,25.0,1,0,-0.070634
D008720,low,2473.04,21,0,,31.4,1,0,0.0
D008721,high,11035.25,4,0,,70.1,4,1,0.0
D008722,high,12817.08,3,0,,26.7,2,0,0.0
D008723,low,1445.26,20,0,,10.2,4,0,0.0
D008724,high,6977.87,8,0,,51.6,6,0,0.0
D008725,high,5765.04,19,1,7.0,34.2,1,0,-0.067353
D008726,high,8192.22,18,1,6.0,60.1,4,0,-0.043137
D008727,high,12864.34,20,1,8.0,51.6,3,0,-0.052327
D008728,low,1724.68,21,0,,111.2,1,0,0.0
D008729,low,2617.86,5,0,,81.5,1,0,0.0
D008730,low,4223.98,17,0,,4.7,1,1,0.0
D008731,high,5884.78,7,0,,29.6,2,0,0.0
D008732,low,2003.63,7,0,,32.8,1,1,0.0
D008733,low,2556.66,14,0,,38.8,2,0,0.0
D008734,low,1751.59,19,0,,59.6,1,0,0.0
D008735,low,1758.93,23,0,,83.1,2,0,0.0
D008736,high,9866.43,9,0,,54.2,3,1,0.0
D008737,high,27369.99,10,0,,29.2,1,0,0.0
D008738,high,5195.14,21,1,9.0,124.6,4,0,-0.047088
D008739,low,3844.48,4,0,,134.8,1,0,0.0
D008740,high,13691.5,9,0,,96.9,2,0,0.0
D008741,low,1433.09,0,0,,116.5,3,0,0.0
D008742,low,1199.07,9,0,,68.4,3,1,0.0
D008743,low,4645.15,11,0,,69.8,2,0,0.0
D008744,high,6359.0,18,1,6.0,24.1,3,0,-0.067843
D008745,low,873.55,0,0,,1.8,1,1,0.0
D008746,low,1667.54,6,0,,88.8,3,0,0.0
D008747,high,14287.98,0,0,,116.0,5,0,0.0
D008748,low,546.44,17,0,,45.4,2,0,0.0
D008749,high,6167.99,10,0,,32.0,3,1,0.0
D008750,low,3179.86,6,0,,79.5,1,1,0.0
D008751,low,4548.98,11,0,,91.7,3,0,0.0
D008752,high,23495.56,8,0,,192.8,2,0,0.0
D008753,low,2415.88,23,0,,56.3,4,1,0.0
D008754,low,4256.66,14,0,,45.3,4,1,0.0
D008755,low,4516.37,22,0,,43.4,1,1,0.0
D008756,low,3551.99,8,0,,54.0,5,0,0.0
D008757,low,3520.1,14,0,,81.5,3,0,0.0
D008758,high,10062.86,14,1,2.0,95.0,3,0,-0.046004
D008759,high,5855.5,10,0,,72.9,1,0,0.0
D008760,low,1795.37,16,0,,27.5,3,0,0.0
D008761,low,3517.42,23,0,,203.2,1,0,0.0
D008762,high,6412.06,8,0,,73.5,2,0,0.0
D008763,low,1482.71,8,0,,50.3,1,0,0.0
D008764,high,12275.37,15,1,3.0,17.8,4,0,-0.09477
D008765,low,3502.1,8,0,,18.8,2,0,0.0
D008766,low,4518.49,7,0,,16.2,5,0,0.0
D008767,high,7960.0,4,0,,26.9,5,0,0.0
D008768,low,482.96,9,0,,33.1,5,0,0.0
D008769,low,4692.2,22,0,,44.7,1,1,0.0
D008770,low,1612.25,11,0,,94.4,1,0,0.0
D008771,low,1074.99,4,0,,30.3,3,0,0.0
D008772,high,7678.53,9,0,,29.8,3,1,0.0
D008773,high,8931.84,7,0,,54.4,5,0,0.0
D008774,low,4117.66,20,0,,53.0,1,0,0.0
D008775,low,1628.59,18,0,,135.7,4,0,0.0
D008776,high,9200.48,11,0,,49.3,2,1,0.0
D008777,low,4096.25,9,0,,70.0,6,0,0.0
D008778,high,5484.77,3,0,,51.4,1,0,0.0
D008779,low,4575.79,4,0,,107.8,2,0,0.0
D008780,low,1547.84,18,0,,60.3,3,0,0.0
D008781,low,4742.13,4,0,,89.8,2,0,0.0
D008782,high,16645.87,9,0,,53.6,2,0,0.0
D008783,high,6670.67,5,0,,42.6,1,0,0.0
D008784,high,6167.18,7,0,,86.2,2,0,0.0
D008785,low,2382.45,23,0,,24.9,1,0,0.0
D008786,high,14353.81,10,0,,108.6,6,0,0.0
D008787,low,4019.26,6,0,,43.1,2,0,0.0
D008788,high,12757.98,4,0,,85.4,2,0,0.0
D008789,high,8532.86,10,0,,26.1,2,0,0.0
D008790,high,5776.81,11,0,,125.5,4,0,0.0
D008791,high,80755.68,16,1,4.0,40.7,2,0,-0.102682
D008792,high,14928.28,13,1,1.0,21.0,1,0,-0.023655
D008793,high,12754.22,14,1,2.0,300.0,3,0,-0.007304
D008794,low,4164.29,21,0,,29.3,2,0,0.0
D008795,high,49917.3,3,0,,79.7,1,0,0.0
D008796,high,7840.69,15,1,3.0,56.3,1,0,-0.050448
D008797,high,23602.03,8,0,,61.5,2,1,0.0
D008798,low,2179.94,4,0,,56.9,1,0,0.0
D008799,high,5307.63,16,1,4.0,84.7,4,0,-0.126954
D008800,high,29769.93,4,0,,11.6,2,0,0.0
D008801,high,18643.12,18,1,6.0,89.0,1,0,-0.073206
D008802,low,4481.21,14,0,,47.9,1,1,0.0
D008803,high,11527.96,16,1,4.0,10.6,3,0,-0.05907
D008804,high,28634.21,6,0,,58.2,1,0,0.0
D008805,low,1271.44,13,0,,46.4,1,1,0.0
D008806,high,5399.24,17,1,5.0,72.4,5,0,-0.089298
D008807,high,20247.67,5,0,,99.9,1,0,0.0
D008808,high,5108.22,12,1,0.0,84.0,2,0,0.0
D008809,high,10612.84,7,0,,37.4,2,0,0.0
D008810,low,873.72,3,0,,99.3,2,0,0.0
D008811,low,3884.78,1,0,,125.6,2,0,0.0
D008812,low,1255.5,13,0,,30.6,1,1,0.0
D008813,high,13768.01,8,0,,117.3,1,0,0.0
D008814,low,4237.43,19,0,,47.6,3,0,0.0
D008815,low,1855.03,17,0,,49.6,1,0,0.0
D008816,low,4561.06,14,0,,19.3,2,0,0.0
D008817,low,1974.54,6,0,,19.7,3,1,0.0
D008818,high,13690.27,21,1,9.0,57.6,1,0,-0.052667
D008819,high,6487.58,18,1,6.0,83.0,2,0,-0.048277
D008820,low,3277.86,14,0,,47.8,3,0,0.0
D008821,low,3428.09,13,0,,52.5,5,0,0.0
D008822,low,3636.93,18,0,,81.8,2,0,0.0
D008823,high,5556.21,11,0,,32.5,1,1,0.0
D008824,high,5493.29,11,0,,34.0,2,0,0.0
D008825,high,7597.02,23,1,11.0,48.9,3,0,-0.064658
D008826,low,4990.49,19,0,,84.2,4,0,0.0
D008827,low,2157.37,15,0,,47.1,2,1,0.0
D008828,high,9914.31,20,1,8.0,43.6,6,0,-0.054826
D008829,high,6124.88,21,1,9.0,61.6,1,0,-0.047762
D008830,high,12506.3,4,0,,25.3,5,1,0.0
D008831,low,1474.12,16,0,,83.8,3,0,0.0
D008832,low,1006.71,9,0,,115.8,1,0,0.0
D008833,low,4841.61,14,0,,112.4,4,0,0.0
D008834,high,10574.8,3,0,,60.1,2,0,0.0
D008835,high,10763.42,12,1,0.0,48.3,2,0,0.0
D008836,high,10342.78,23,1,11.0,19.9,1,1,-0.077862
D008837,high,11294.89,4,0,,89.2,3,0,0.0
D008838,low,1264.29,6,0,,28.7,3,0,0.0
D008839,high,6762.16,13,1,1.0,60.1,1,0,-0.034408
D008840,low,4157.37,8,0,,50.1,2,0,0.0
D008841,low,659.56,5,0,,36.0,1,0,0.0
D008842,high,6200.15,20,1,8.0,30.1,1,0,-0.091279
D008843,high,15592.13,4,0,,41.8,4,0,0.0
D008844,high,17419.87,18,1,6.0,138.4,4,0,-0.043096
D008845,high,7763.49,13,1,1.0,30.4,2,0,-0.035165
D008846,low,1737.43,9,0,,30.2,3,0,0.0
D008847,high,35042.65,23,1,11.0,95.2,3,0,-0.045846
D008848,high,29061.98,5,0,,45.5,1,0,0.0
D008849,low,2120.84,21,0,,40.9,3,1,0.0
D008850,low,1331.13,3,0,,118.4,1,0,0.0
D008851,low,1748.61,7,0,,57.0,4,1,0.0
D008852,low,4732.84,13,0,,31.6,2,0,0.0
D008853,low,1294.35,6,0,,88.4,3,0,0.0
D008854,high,8930.83,16,1,4.0,31.1,2,0,-0.084533
D008855,low,3771.25,3,0,,32.2,4,0,0.0
D008856,high,9908.33,19,1,7.0,61.6,2,0,-0.073884
D008857,low,4866.9,0,0,,45.5,4,1,0.0
D008858,high,22314.0,9,0,,34.8,4,0,0.0
D008859,low,4355.48,16,0,,27.9,1,0,0.0
D008860,high,6498.21,7,0,,31.9,3,0,0.0
D008861,high,30758.45,4,0,,7.6,2,0,0.0
D008862,low,1810.07,12,0,,91.9,4,0,0.0
D008863,low,3380.88,20,0,,96.9,6,0,0.0
D008864,low,3308.83,22,0,,3.6,3,0,0.0
D008865,high,5189.23,15,1,3.0,68.2,2,0,-0.058865
D008866,high,36617.96,17,1,5.0,43.2,1,0,-0.052366
D008867,low,3158.02,14,0,,53.6,6,0,0.0
D008868,high,5372.25,12,1,0.0,8.0,1,0,0.0
D008869,high,8850.01,14,1,2.0,54.8,3,0,-0.052975
D008870,low,5002.94,11,0,,110.9,4,0,0.0
D008871,low,4345.45,15,0,,93.7,1,0,0.0
D008872,high,8767.12,23,1,11.0,53.8,5,0,-0.025982
D008873,high,7097.46,8,0,,51.5,2,0,0.0
D008874,high,6514.07,9,0,,134.2,4,0,0.0
D008875,high,62901.87,13,1,1.0,27.8,4,0,-0.03931
D008876,low,4055.67,16,0,,12.9,5,0,0.0
D008877,high,10355.79,5,0,,135.1,1,0,0.0
D008878,low,4322.25,17,0,,65.6,5,0,0.0
D008879,low,2109.3,5,0,,17.2,1,1,0.0
D008880,high,23155.43,4,0,,38.0,4,0,0.0
D008881,high,5041.4,2,0,,17.7,2,0,0.0
D008882,low,4789.96,23,0,,12.2,1,0,0.0
D008883,high,60505.96,17,1,5.0,70.3,3,0,-0.054947
D008884,high,8102.39,7,0,,44.0,2,0,0.0
D008885,low,241.09,11,0,,87.2,2,0,0.0
D008886,low,412.34,10,0,,40.8,2,1,0.0
D008887,high,5984.7,2,0,,137.1,5,0,0.0
D008888,low,1026.15,17,0,,43.5,3,0,0.0
D008889,high,7190.82,10,0,,103.2,4,0,0.0
D008890,high,5410.99,9,0,,87.0,1,0,0.0
D008891,high,8348.91,6,0,,70.1,3,0,0.0
D008892,low,991.14,9,0,,38.0,1,0,0.0
D008893,high,6048.4,0,0,,82.7,3,0,0.0
D008894,low,3522.08,0,0,,6.3,3,0,0.0
D008895,low,3135.71,14,0,,22.2,2,0,0.0
D008896,high,178265.71,6,0,,16.5,1,0,0.0
D008897,high,79023.18,15,1,3.0,18.6,4,0,-0.068017
D008898,low,2317.06,22,0,,26.3,2,0,0.0
D008899,high,5765.49,12,1,0.0,17.8,2,0,0.0
D008900,low,3872.36,8,0,,51.3,2,1,0.0
D008901,high,24923.34,8,0,,131.9,5,0,0.0
D008902,low,3279.68,9,0,,32.7,1,0,0.0
D008903,low,4932.83,18,0,,30.3,2,0,0.0
D008904,high,17557.09,20,1,8.0,123.2,3,0,-0.037472
D008905,low,4333.5,8,0,,63.4,1,0,0.0
D008906,low,1918.05,2,0,,61.3,1,0,0.0
D008907,low,2097.34,7,0,,41.1,3,0,0.0
D008908,high,8635.14,6,0,,218.8,4,0,0.0
D008909,high,6131.7,1,0,,122.2,2,0,0.0
D008910,low,535.61,13,0,,45.3,3,0,0.0
D008911,low,1876.49,0,0,,83.4,1,0,0.0
D008912,low,4484.71,17,0,,118.5,3,1,0.0
D008913,low,621.78,18,0,,35.4,1,0,0.0
D008914,low,2218.0,21,0,,74.6,1,0,0.0
D008915,low,3996.16,5,0,,4.3,2,1,0.0
D008916,low,1004.93,14,0,,82.3,1,0,0.0
D008917,low,300.7,6,0,,45.8,2,0,0.0
D008918,high,26156.44,18,1,6.0,66.7,5,0,-0.06144
D008919,high,6819.98,5,0,,144.3,1,0,0.0
D008920,high,6677.96,19,1,7.0,44.7,2,0,-0.066585
D008921,high,6115.3,3,0,,100.5,4,0,0.0
D008922,low,1776.86,8,0,,52.2,3,0,0.0
D008923,low,3493.83,19,0,,15.4,1,0,0.0
D008924,high,6132.44,3,0,,143.5,3,0,0.0
D008925,low,1154.99,21,0,,57.3,4,0,0.0
D008926,low,1054.36,21,0,,116.2,1,0,0.0
D008927,high,10277.66,14,1,2.0,41.3,3,0,-0.03011
D008928,high,8510.01,14,1,2.0,34.5,3,0,-0.070772
D008929,low,1729.06,18,0,,66.2,4,0,0.0
D008930,high,8395.79,14,1,2.0,19.4,1,0,-0.04593
D008931,high,9967.85,4,0,,206.0,4,0,0.0
D008932,low,356.91,17,0,,69.2,1,0,0.0
D008933,low,4941.2,15,0,,11.0,1,1,0.0
D008934,high,8046.13,3,0,,16.5,3,0,0.0
D008935,high,12950.29,10,0,,38.2,5,0,0.0
D008936,high,5208.16,23,1,11.0,132.6,2,1,-0.02323
D008937,high,56513.61,16,1,4.0,75.0,3,0,-0.085513
D008938,low,2020.79,18,0,,141.7,3,0,0.0
D008939,low,3102.86,18,0,,41.3,1,0,0.0
D008940,low,1920.02,11,0,,72.1,4,0,0.0
D008941,low,3178.26,20,0,,110.0,3,0,0.0
D008942,low,679.77,13,0,,19.6,2,0,0.0
D008943,high,10072.51,8,0,,102.4,2,0,0.0
D008944,high,17236.18,4,0,,116.9,1,0,0.0
D008945,high,53662.34,12,1,0.0,88.3,1,0,0.0
D008946,low,1057.45,21,0,,90.2,6,0,0.0
D008947,low,3704.54,14,0,,50.9,3,0,0.0
D008948,low,855.34,16,0,,47.0,1,1,0.0
D008949,high,25715.51,1,0,,82.6,2,0,0.0
D008950,high,25460.94,22,1,10.0,16.1,1,0,-0.078953
D008951,low,3789.38,14,0,,17.5,4,0,0.0
D008952,low,1489.4,10,0,,69.2,4,0,0.0
D008953,high,12629.99,4,0,,26.6,5,0,0.0
D008954,high,10894.26,0,0,,81.8,1,0,0.0
D008955,low,470.86,11,0,,71.2,2,0,0.0
D008956,low,1808.71,21,0,,19.5,2,1,0.0
D008957,high,6928.64,18,1,6.0,91.7,3,0,-0.027881
D008958,high,15359.25,9,0,,25.8,6,0,0.0
D008959,high,21138.03,7,0,,111.1,6,0,0.0
D008960,high,9968.87,16,1,4.0,40.2,1,0,-0.068261
D008961,high,5249.93,23,1,11.0,36.5,4,1,-0.056448
D008962,high,17393.03,6,0,,144.7,4,0,0.0
D008963,high,6043.03,14,1,2.0,38.7,3,0,-0.029178
D008964,low,3154.7,7,0,,48.8,3,0,0.0
D008965,high,5668.74,23,1,11.0,78.9,4,0,-0.034953
D008966,low,2279.07,19,0,,73.2,5,1,0.0
D008967,low,3071.31,12,0,,20.7,1,0,0.0
D008968,low,2661.01,16,0,,80.9,3,0,0.0
D008969,low,1127.44,18,0,,117.5,4,0,0.0
D008970,low,2835.92,4,0,,71.0,1,0,0.0
D008971,high,9058.8,16,1,4.0,94.4,6,0,-0.040206
D008972,low,1999.24,6,0,,83.5,1,0,0.0
D008973,low,2991.35,12,0,,72.0,4,0,0.0
D008974,low,2020.03,7,0,,67.8,2,0,0.0
D008975,high,5367.39,13,1,1.0,94.0,1,0,-0.024473
D008976,high,56169.81,17,1,5.0,79.5,3,0,-0.051756
D008977,low,3248.44,12,0,,51.6,1,0,0.0
D008978,high,5335.86,17,1,5.0,104.4,4,0,-0.042702
D008979,high,28734.3,22,1,10.0,13.4,3,0,-0.079146
D008980,low,520.8,23,0,,77.4,2,0,0.0
D008981,high,7423.59,8,0,,37.6,2,0,0.0
D008982,high,7210.31,19,1,7.0,32.4,5,0,-0.060391
D008983,high,9298.72,0,0,,32.5,2,1,0.0
D008984,low,4490.67,11,0,,35.0,1,1,0.0
D008985,high,17235.36,11,0,,49.6,3,0,0.0
D008986,low,2084.21,14,0,,9.4,3,1,0.0
D008987,high,9320.74,15,1,3.0,53.3,2,0,-0.03573
D008988,high,7844.07,13,1,1.0,71.3,4,0,-0.025954
D008989,high,6527.14,0,0,,9.8,6,1,0.0
D008990,high,6169.61,22,1,10.0,75.4,2,0,-0.058548
D008991,low,4081.64,9,0,,22.5,1,0,0.0
D008992,low,4283.75,23,0,,27.1,2,0,0.0
D008993,high,6229.72,18,1,6.0,17.5,1,0,-0.059747
D008994,high,15174.96,13,1,1.0,157.3,4,0,-0.009799
D008995,high,5929.92,15,1,3.0,166.9,2,0,-0.047136
D008996,low,3999.24,16,0,,82.6,2,0,0.0
D008997,high,12754.67,5,0,,59.9,3,0,0.0
D008998,low,693.9,10,0,,14.8,2,0,0.0
D008999,low,3343.4,19,0,,33.1,1,0,0.0
D009000,high,6372.44,12,1,0.0,6.8,1,0,0.0
D009001,high,11115.18,3,0,,24.0,6,0,0.0
D009002,low,3456.81,20,0,,62.1,4,0,0.0
D009003,low,3447.69,13,0,,111.1,1,0,0.0
D009004,high,17428.29,5,0,,45.8,1,0,0.0
D009005,high,9257.1,1,0,,62.6,2,0,0.0
D009006,high,6587.33,21,1,9.0,38.1,5,0,-0.090906
D009007,low,1267.69,1,0,,55.0,2,0,0.0
D009008,high,6128.02,7,0,,46.2,1,0,0.0
D009009,high,15754.65,13,1,1.0,26.9,4,0,-0.034123
D009010,low,3608.85,13,0,,3.4,1,0,0.0
D009011,high,5330.64,9,0,,34.4,4,0,0.0
D009012,low,2312.39,21,0,,41.2,2,0,0.0
D009013,low,1095.16,18,0,,47.5,3,0,0.0
D009014,low,4195.6,0,0,,82.7,4,0,0.0
D009015,high,10133.37,2,0,,43.0,3,0,0.0
D009016,high,12796.07,14,1,2.0,85.0,5,0,-0.028798
D009017,low,3832.46,2,0,,45.7,3,0,0.0
D009018,low,923.19,19,0,,16.7,4,1,0.0
D009019,low,1550.35,3,0,,20.5,2,0,0.0
D009020,low,2632.77,0,0,,32.4,4,0,0.0
D009021,low,1028.46,11,0,,34.9,3,0,0.0
D009022,high,5405.74,6,0,,142.6,1,0,0.0
D009023,high,5361.76,6,0,,6.7,3,0,0.0
D009024,high,6712.52,12,1,0.0,64.0,3,1,0.0
D009025,low,2941.88,0,0,,12.9,4,0,0.0
D009026,high,38140.36,10,0,,40.5,2,0,0.0
D009027,high,7650.07,9,0,,30.6,3,0,0.0
D009028,high,10016.15,4,0,,24.8,1,0,0.0
D009029,low,3420.6,22,0,,48.4,3,1,0.0
D009030,high,20055.79,15,1,3.0,23.0,6,0,-0.067039
D009031,low,3064.7,23,0,,51.3,2,1,0.0
D009032,low,4177.96,15,0,,103.0,3,1,0.0
D009033,low,2595.13,4,0,,70.3,2,0,0.0
D009034,high,10125.95,7,0,,27.3,2,0,0.0
D009035,low,804.61,22,0,,36.0,3,0,0.0
D009036,low,3239.34,11,0,,124.7,4,0,0.0
D009037,low,2256.33,10,0,,14.9,4,0,0.0
D009038,high,7227.39,3,0,,12.8,1,0,0.0
D009039,low,966.93,13,0,,25.7,2,0,0.0
D009040,low,3997.8,0,0,,173.3,2,0,0.0
D009041,low,2215.77,16,0,,52.3,2,0,0.0
D009042,high,19576.74,18,1,6.0,83.7,4,0,-0.042161
D009043,low,399.08,3,0,,110.8,2,0,0.0
D009044,low,770.48,16,0,,55.8,3,0,0.0
D009045,low,1662.43,18,0,,14.9,2,1,0.0
D009046,low,1669.74,23,0,,155.7,1,0,0.0
D009047,high,169583.15,4,0,,17.5,4,0,0.0
D009048,low,2082.82,17,0,,24.0,1,0,0.0
D009049,low,4725.14,6,0,,41.3,3,0,0.0
D009050,low,4800.04,4,0,,77.5,2,1,0.0
D009051,high,11142.31,3,0,,86.7,1,0,0.0
D009052,low,659.53,18,0,,35.3,2,0,0.0
D009053,low,4517.82,1,0,,160.1,1,0,0.0
D009054,low,1760.16,11,0,,16.4,1,0,0.0
D009055,low,4139.96,18,0,,37.5,1,0,0.0
D009056,high,12914.8,4,0,,61.9,3,0,0.0
D009057,low,3977.58,9,0,,18.0,2,1,0.0
D009058,high,8750.93,20,1,8.0,13.7,2,0,-0.066615
D009059,low,430.72,1,0,,87.0,3,1,0.0
D009060,high,14932.4,17,1,5.0,67.4,1,0,-0.063927
D009061,low,1417.34,10,0,,89.4,4,0,0.0
D009062,low,3862.92,13,0,,80.8,3,1,0.0
D009063,low,2686.97,15,0,,81.6,2,0,0.0
D009064,high,5769.9,2,0,,42.2,1,0,0.0
D009065,high,6615.04,19,1,7.0,41.7,2,0,-0.056542
D009066,high,8011.52,22,1,10.0,38.9,1,0,-0.047894
D009067,high,8157.62,19,1,7.0,53.7,2,0,-0.038763
D009068,high,11904.77,11,0,,40.8,5,0,0.0
D009069,high,6155.36,22,1,10.0,59.5,3,0,-0.030416
D009070,low,5032.57,1,0,,11.5,2,0,0.0
D009071,high,8417.02,19,1,7.0,26.3,5,0,-0.063581
D009072,low,3647.33,9,0,,8.1,1,1,0.0
D009073,low,1671.53,5,0,,24.5,2,0,0.0
D009074,low,4225.11,0,0,,107.1,4,0,0.0
D009075,high,17598.75,5,0,,103.5,3,1,0.0
D009076,high,18933.14,9,0,,53.0,5,0,0.0
D009077,high,15615.41,6,0,,41.3,1,0,0.0
D009078,high,16409.59,5,0,,35.5,2,0,0.0
D009079,high,34563.08,20,1,8.0,62.2,5,0,-0.049928
D009080,low,1952.14,10,0,,53.7,2,0,0.0
D009081,high,10464.77,0,0,,52.6,3,0,0.0
D009082,high,13365.4,1,0,,37.8,2,0,0.0
D009083,low,2556.9,7,0,,126.4,3,0,0.0
D009084,high,19511.8,3,0,,92.4,5,0,0.0
D009085,high,11457.31,17,1,5.0,38.0,2,0,-0.075588
D009086,low,1848.12,23,0,,99.4,1,1,0.0
D009087,high,12701.03,14,1,2.0,95.8,1,1,-0.026889
D009088,high,8593.83,11,0,,66.5,1,0,0.0
D009089,high,6819.22,0,0,,34.6,2,0,0.0
D009090,high,5836.5,15,1,3.0,20.2,1,0,-0.116894
D009091,low,2876.93,16,0,,58.6,2,0,0.0
D009092,high,27101.07,12,1,0.0,34.2,1,0,0.0
D009093,high,7219.09,21,1,9.0,12.3,2,0,-0.064457
D009094,high,11965.04,2,0,,85.6,5,0,0.0
D009095,high,14159.45,23,1,11.0,41.1,1,0,-0.051669
D009096,low,4104.29,4,0,,24.7,2,0,0.0
D009097,low,2205.97,13,0,,95.0,6,1,0.0
D009098,high,11191.3,8,0,,55.9,6,0,0.0
D009099,high,41296.44,18,1,6.0,54.4,4,0,-0.050873
D009100,high,7571.81,3,0,,77.1,2,0,0.0
D009101,low,3424.69,8,0,,12.9,3,0,0.0
D009102,high,8943.2,0,0,,8.0,3,0,0.0
D009103,high,17741.16,22,1,10.0,171.9,2,0,-0.043589
D009104,low,1092.78,2,0,,36.3,3,1,0.0
D009105,low,4659.75,4,0,,134.9,5,0,0.0
D009106,low,4722.24,18,0,,12.5,3,0,0.0
D009107,high,10953.78,20,1,8.0,65.1,1,0,-0.054379
D009108,low,4840.52,12,0,,13.9,3,1,0.0
D009109,high,12867.15,11,0,,169.2,1,0,0.0
D009110,high,6191.53,22,1,10.0,27.9,1,0,-0.061163
D009111,low,4159.37,8,0,,57.6,1,1,0.0
D009112,low,3006.26,21,0,,9.0,1,0,0.0
D009113,high,8927.51,17,1,5.0,58.7,2,0,-0.070229
D009114,high,7704.9,12,1,0.0,21.3,4,0,0.0
D009115,high,24087.53,23,1,11.0,27.9,2,0,-0.059356
D009116,high,9131.61,18,1,6.0,24.2,1,0,-0.105116
D009117,high,29262.69,23,1,11.0,64.8,2,0,-0.047879
D009118,low,2123.26,18,0,,155.4,1,0,0.0
D009119,high,14064.55,1,0,,34.0,3,0,0.0
D009120,high,184122.56,8,0,,128.1,5,0,0.0
D009121,low,3327.91,5,0,,47.3,3,0,0.0
D009122,high,7127.57,22,1,10.0,15.3,2,0,-0.062183
D009123,low,3707.11,19,0,,51.2,1,0,0.0
D009124,low,2949.03,14,0,,40.5,3,0,0.0
D009125,low,2647.69,8,0,,109.2,2,0,0.0
D009126,high,14315.54,20,1,8.0,66.5,2,0,-0.043269
D009127,low,3235.56,21,0,,123.0,1,1,0.0
D009128,high,11092.12,12,1,0.0,28.8,2,0,0.0
D009129,low,768.4,19,0,,30.7,1,0,0.0
D009130,low,795.08,16,0,,151.3,1,0,0.0
D009131,low,3734.89,22,0,,67.3,4,0,0.0
D009132,high,8767.47,19,1,7.0,83.0,5,0,-0.048811
D009133,low,4512.77,0,0,,25.7,4,0,0.0
D009134,low,3687.64,6,0,,27.2,4,0,0.0
D009135,low,3183.37,12,0,,142.9,2,0,0.0
D009136,high,18477.78,6,0,,42.2,1,0,0.0
D009137,high,7349.42,0,0,,153.6,4,0,0.0
D009138,low,996.76,5,0,,15.4,1,0,0.0
D009139,high,13389.71,19,1,7.0,19.3,2,0,-0.050053
D009140,high,13205.14,16,1,4.0,41.4,4,0,-0.07161
D009141,low,2176.9,3,0,,54.8,1,0,0.0
D009142,high,5078.76,5,0,,57.8,1,0,0.0
D009143,low,1291.89,6,0,,6.1,1,0,0.0
D009144,low,629.62,2,0,,69.4,3,0,0.0
D009145,high,6327.1,12,1,0.0,102.7,3,0,0.0
D009146,high,7999.9,0,0,,88.8,1,0,0.0
D009147,low,432.72,2,0,,31.5,1,0,0.0
D009148,low,1892.52,13,0,,109.3,3,0,0.0
D009149,high,12360.93,2,0,,40.5,5,0,0.0
D009150,low,1389.88,0,0,,28.0,3,0,0.0
D009151,high,20579.34,7,0,,12.1,4,0,0.0
D009152,low,2155.36,6,0,,200.8,1,0,0.0
D009153,low,4064.71,1,0,,165.1,4,0,0.0
D009154,low,3480.84,19,0,,60.6,3,0,0.0
D009155,low,616.85,6,0,,68.0,1,0,0.0
D009156,high,7328.74,17,1,5.0,10.7,1,0,-0.098715
D009157,high,7821.6,11,0,,116.6,1,0,0.0
D009158,low,1770.61,7,0,,54.0,4,0,0.0
D009159,low,1161.93,16,0,,31.9,2,0,0.0
D009160,low,4145.74,17,0,,36.5,1,0,0.0
D009161,low,4043.51,21,0,,48.1,4,0,0.0
D009162,high,5982.1,13,1,1.0,31.7,3,0,-0.048173
D009163,high,80446.44,8,0,,56.3,3,0,0.0
D009164,low,1326.09,16,0,,64.6,5,0,0.0
D009165,low,1060.74,12,0,,87.0,5,0,0.0
D009166,low,600.12,18,0,,74.0,4,0,0.0
D009167,low,496.91,18,0,,90.9,1,0,0.0
D009168,low,3510.79,19,0,,9.3,2,0,0.0
D009169,high,5275.55,20,1,8.0,36.7,2,0,-0.04874
D009170,high,12717.85,17,1,5.0,35.8,3,0,-0.056113
D009171,high,8356.21,14,1,2.0,168.5,2,0,-0.040148
D009172,low,2321.99,1,0,,29.9,5,0,0.0
D009173,low,1377.8,16,0,,66.6,2,0,0.0
D009174,low,2595.3,6,0,,11.0,1,0,0.0
D009175,high,7179.25,15,1,3.0,31.2,2,0,-0.081382
D009176,high,8367.6,8,0,,27.1,3,0,0.0
D009177,high,7927.12,0,0,,61.8,2,0,0.0
D009178,high,12889.95,15,1,3.0,15.6,2,0,-0.050913
D009179,low,750.51,0,0,,26.5,2,0,0.0
D009180,high,8310.26,8,0,,84.8,3,1,0.0
D009181,low,830.54,4,0,,61.1,2,0,0.0
D009182,high,7073.09,4,0,,59.9,4,0,0.0
D009183,low,2538.51,4,0,,45.4,4,0,0.0
D009184,high,39885.7,14,1,2.0,191.4,1,0,-0.030284
D009185,high,15861.33,6,0,,26.6,2,0,0.0
D009186,low,4455.27,0,0,,81.4,2,0,0.0
D009187,low,1652.61,0,0,,25.8,4,1,0.0
D009188,low,4654.64,5,0,,16.3,3,0,0.0
D009189,low,3557.63,17,0,,34.7,2,0,0.0
D009190,low,817.54,22,0,,81.0,1,0,0.0
D009191,high,5204.39,12,1,0.0,41.0,1,0,0.0
D009192,low,2337.44,1,0,,7.0,4,0,0.0
D009193,low,4111.71,23,0,,22.1,4,0,0.0
D009194,low,4247.53,10,0,,45.6,1,1,0.0
D009195,low,992.74,15,0,,130.1,1,0,0.0
D009196,low,1462.59,8,0,,54.7,5,0,0.0
D009197,high,7269.67,3,0,,18.4,3,0,0.0
D009198,low,3151.09,2,0,,78.9,2,0,0.0
D009199,low,919.16,12,0,,25.1,1,1,0.0
D009200,high,37461.9,16,1,4.0,52.0,4,0,-0.063899
D009201,high,14260.58,20,1,8.0,20.8,1,0,-0.087493
D009202,high,7990.53,16,1,4.0,63.0,1,0,-0.048254
D009203,high,5065.72,15,1,3.0,37.7,3,0,-0.109915
D009204,low,2327.43,15,0,,26.8,2,0,0.0
D009205,low,3570.31,7,0,,24.6,1,0,0.0
D009206,low,1736.36,3,0,,17.3,2,0,0.0
D009207,high,6383.02,9,0,,98.3,6,0,0.0
D009208,high,7598.85,0,0,,71.1,5,0,0.0
D009209,high,7177.25,5,0,,23.3,3,0,0.0
D009210,high,6701.99,10,0,,27.1,4,1,0.0
D009211,low,4982.26,9,0,,76.4,6,0,0.0
D009212,high,7277.09,14,1,2.0,118.4,1,0,-0.0343
D009213,low,1852.99,10,0,,144.2,2,0,0.0
D009214,high,17919.8,3,0,,42.2,2,0,0.0
D009215,high,50623.75,4,0,,53.0,2,0,0.0
D009216,high,21128.53,22,1,10.0,19.6,1,0,-0.145187
D009217,high,39949.38,13,1,1.0,48.8,5,0,-0.031287
D009218,low,3318.9,4,0,,83.4,2,1,0.0
D009219,high,48739.5,11,0,,104.6,4,1,0.0
D009220,high,7105.38,20,1,8.0,30.7,1,0,-0.068171
D009221,high,18016.56,6,0,,70.5,3,0,0.0
D009222,high,31298.95,18,1,6.0,10.5,2,0,-0.140852
D009223,high,84734.35,5,0,,81.9,4,0,0.0
D009224,low,2865.07,4,0,,48.8,5,0,0.0
D009225,low,3236.21,16,0,,21.6,4,0,0.0
D009226,high,6091.09,1,0,,26.5,1,0,0.0
D009227,high,11516.44,15,1,3.0,159.6,4,0,-0.04347
D009228,high,49139.25,19,1,7.0,99.9,4,0,-0.076578
D009229,low,3714.35,0,0,,77.9,2,0,0.0
D009230,low,1806.74,19,0,,70.6,1,0,0.0
D009231,low,4181.82,19,0,,60.0,3,0,0.0
D009232,low,4828.3,14,0,,63.1,4,0,0.0
D009233,high,17111.1,7,0,,25.2,1,1,0.0
D009234,low,4049.13,6,0,,74.7,3,0,0.0
D009235,high,19879.48,20,1,8.0,36.0,3,0,-0.080821
D009236,low,972.63,0,0,,50.2,1,1,0.0
D009237,low,1148.6,1,0,,34.4,4,0,0.0
D009238,high,42496.84,1,0,,68.3,3,0,0.0
D009239,low,2535.96,4,0,,157.8,5,0,0.0
D009240,low,2099.68,16,0,,56.0,1,0,0.0
D009241,low,935.29,14,0,,124.1,3,0,0.0
D009242,high,9451.86,14,1,2.0,36.3,1,0,-0.045516
D009243,high,6736.76,16,1,4.0,102.5,3,0,-0.033211
D009244,high,5312.79,20,1,8.0,71.5,2,0,-0.037429
D009245,low,2484.92,21,0,,30.5,1,0,0.0
D009246,low,3479.58,3,0,,76.1,2,1,0.0
D009247,high,12056.68,8,0,,37.4,2,0,0.0
D009248,low,3594.39,6,0,,171.6,1,0,0.0
D009249,high,13339.36,14,1,2.0,99.8,2,0,-0.049524
D009250,high,13386.41,14,1,2.0,13.1,3,0,-0.039913
D009251,high,5374.95,2,0,,37.3,1,0,0.0
D009252,low,1024.89,1,0,,55.5,3,0,0.0
D009253,low,2416.89,10,0,,37.3,2,0,0.0
D009254,high,10238.71,6,0,,36.6,1,0,0.0
D009255,high,26486.82,17,1,5.0,107.6,2,0,-0.023164
D009256,high,23447.01,15,1,3.0,43.6,3,1,-0.066118
D009257,low,4580.02,8,0,,65.3,4,0,0.0
D009258,high,9489.68,13,1,1.0,100.2,2,0,-0.026273
D009259,low,4647.13,8,0,,15.3,3,0,0.0
D009260,high,14049.99,1,0,,26.8,5,1,0.0
D009261,low,592.46,14,0,,85.3,2,0,0.0
D009262,high,10721.36,8,0,,36.7,1,0,0.0
D009263,low,952.65,14,0,,19.2,2,1,0.0
D009264,high,21782.2,13,1,1.0,65.3,4,0,-0.02979
D009265,high,16139.78,9,0,,32.0,5,0,0.0
D009266,low,3156.06,16,0,,13.5,1,0,0.0
D009267,low,3890.49,15,0,,36.6,1,0,0.0
D009268,high,8984.79,21,1,9.0,35.8,2,0,-0.078704
D009269,low,2107.14,0,0,,38.4,3,0,0.0
D009270,low,3113.39,6,0,,53.9,1,0,0.0
D009271,low,1286.83,3,0,,25.5,1,0,0.0
D009272,low,3172.25,19,0,,12.5,1,0,0.0
D009273,low,2566.24,20,0,,39.6,1,1,0.0
D009274,high,11901.11,14,1,2.0,40.1,3,0,-0.044674
D009275,low,1079.42,20,0,,87.5,3,0,0.0
D009276,low,1147.58,8,0,,24.9,4,0,0.0
D009277,high,13797.91,15,1,3.0,22.7,5,1,-0.064344
D009278,high,8772.7,15,1,3.0,144.1,3,0,-0.043803
D009279,low,3837.94,13,0,,59.0,1,0,0.0
D009280,low,2727.18,20,0,,79.3,2,0,0.0
D009281,high,6443.16,9,0,,66.7,3,0,0.0
D009282,low,783.98,20,0,,37.9,3,0,0.0
D009283,high,18148.79,3,0,,21.5,5,0,0.0
D009284,low,3437.04,18,0,,91.3,2,0,0.0
D009285,low,3042.02,11,0,,24.2,1,0,0.0
D009286,high,17465.62,22,1,10.0,135.4,1,0,-0.035269
D009287,high,9161.37,21,1,9.0,35.5,4,1,-0.103978
D009288,low,415.92,22,0,,109.4,1,1,0.0
D009289,high,28839.6,10,0,,10.6,2,0,0.0
D009290,low,4399.91,4,0,,117.9,1,0,0.0
D009291,high,9806.36,13,1,1.0,92.0,3,0,-0.021941
D009292,high,5259.04,10,0,,26.7,1,0,0.0
D009293,low,800.72,13,0,,49.2,3,0,0.0
D009294,low,773.95,0,0,,58.6,1,0,0.0
D009295,low,4594.92,1,0,,45.5,1,1,0.0
D009296,low,2728.74,18,0,,25.6,2,1,0.0
D009297,low,2383.63,9,0,,64.6,2,0,0.0
D009298,low,1548.07,19,0,,78.9,2,0,0.0
D009299,low,1223.8,17,0,,122.4,3,0,0.0
D009300,low,2477.3,17,0,,55.0,3,0,0.0
D009301,high,18010.7,5,0,,59.7,2,0,0.0
D009302,low,645.05,18,0,,14.6,1,1,0.0
D009303,low,2511.58,10,0,,78.1,4,0,0.0
D009304,high,9327.91,22,1,10.0,58.1,1,0,-0.087779
D009305,high,10829.46,3,0,,133.8,1,1,0.0
D009306,low,1748.98,21,0,,66.9,5,0,0.0
D009307,high,7455.56,9,0,,34.9,2,0,0.0
D009308,low,1408.41,18,0,,45.9,3,1,0.0
D009309,high,6985.23,2,0,,29.9,4,0,0.0
D009310,high,55338.44,20,1,8.0,4.4,4,0,-0.045489
D009311,low,2452.59,12,0,,43.9,3,0,0.0
D009312,low,4612.24,22,0,,28.4,1,0,0.0
D009313,high,6477.24,9,0,,30.9,1,0,0.0
D009314,high,10323.28,13,1,1.0,24.6,2,0,-0.025694
D009315,low,2509.16,19,0,,69.6,2,0,0.0
D009316,low,3581.6,0,0,,25.4,1,0,0.0
D009317,high,25056.34,11,0,,32.2,3,0,0.0
D009318,high,9000.22,6,0,,39.4,2,0,0.0
D009319,high,6072.34,18,1,6.0,25.5,3,0,-0.069298
D009320,low,2021.26,2,0,,49.4,1,0,0.0
D009321,high,26355.18,21,1,9.0,13.2,5,0,-0.101607
D009322,high,5409.36,23,1,11.0,60.8,2,0,-0.054479
D009323,high,6557.78,10,0,,52.4,4,0,0.0
D009324,low,4808.29,11,0,,50.4,3,1,0.0
D009325,high,14974.09,14,1,2.0,49.2,2,0,-0.050711
D009326,low,3732.78,3,0,,13.4,3,0,0.0
D009327,low,3311.53,8,0,,41.5,1,1,0.0
D009328,high,7863.17,4,0,,25.7,1,0,0.0
D009329,low,3994.07,19,0,,81.4,1,0,0.0
D009330,high,44825.48,12,1,0.0,43.1,4,1,0.0
D009331,high,14114.45,15,1,3.0,40.2,4,0,-0.057788
D009332,low,4770.47,1,0,,106.4,1,0,0.0
D009333,low,2730.05,11,0,,28.5,4,0,0.0
D009334,high,38519.3,8,0,,135.3,5,0,0.0
D009335,high,15208.37,4,0,,23.2,4,0,0.0
D009336,low,1653.82,4,0,,67.2,1,0,0.0
D009337,low,3857.48,11,0,,35.3,4,0,0.0
D009338,low,2521.98,3,0,,4.7,2,1,0.0
D009339,high,21637.95,18,1,6.0,94.0,5,0,-0.03787
D009340,low,3705.93,11,0,,68.7,1,0,0.0
D009341,low,4200.5,2,0,,25.4,3,1,0.0
D009342,low,3043.49,14,0,,42.2,2,1,0.0
D009343,low,3348.27,6,0,,70.6,2,0,0.0
D009344,low,3494.39,16,0,,20.5,1,1,0.0
D009345,low,1280.03,11,0,,68.6,1,0,0.0
D009346,high,96537.57,21,1,9.0,18.6,3,0,-0.07098
D009347,low,3607.23,17,0,,40.8,2,0,0.0
D009348,high,15431.26,4,0,,36.7,6,1,0.0
D009349,low,3310.4,10,0,,203.7,2,0,0.0
D009350,high,6784.68,17,1,5.0,90.3,2,0,-0.071878
D009351,low,3406.82,21,0,,5.9,1,1,0.0
D009352,low,4203.78,7,0,,51.0,1,0,0.0
D009353,high,21798.04,4,0,,19.8,2,0,0.0
D009354,high,5066.96,15,1,3.0,157.0,6,0,-0.034706
D009355,high,10142.91,11,0,,59.0,2,0,0.0
D009356,high,11923.14,21,1,9.0,29.5,2,0,-0.044668
D009357,low,3337.49,0,0,,66.7,1,0,0.0
D009358,low,3098.68,2,0,,79.9,1,0,0.0
D009359,low,1640.88,3,0,,20.6,5,0,0.0
D009360,low,1959.61,1,0,,35.4,3,0,0.0
D009361,high,6024.49,15,1,3.0,57.1,1,0,-0.04719
D009362,low,2021.42,11,0,,87.5,2,0,0.0
D009363,high,221559.43,15,1,3.0,62.2,6,0,-0.077041
D009364,low,3050.65,0,0,,63.2,1,0,0.0
D009365,high,15228.94,2,0,,70.5,2,0,0.0
D009366,high,6141.71,20,1,8.0,83.6,5,0,-0.05802
D009367,low,2027.57,1,0,,60.5,1,1,0.0
D009368,high,8195.23,11,0,,66.1,2,0,0.0
D009369,low,1893.2,22,0,,79.7,2,0,0.0
D009370,low,1721.84,4,0,,90.5,2,1,0.0
D009371,low,2218.43,9,0,,64.5,2,0,0.0
D009372,low,4410.37,7,0,,68.9,3,0,0.0
D009373,low,2019.61,15,0,,38.6,3,0,0.0
D009374,high,5772.88,16,1,4.0,24.9,3,0,-0.072
D009375,high,7503.65,2,0,,25.1,1,0,0.0
D009376,high,103825.95,16,1,4.0,41.2,4,0,-0.054771
D009377,low,2012.4,23,0,,92.0,1,0,0.0
D009378,high,52684.81,5,0,,71.3,1,0,0.0
D009379,high,5367.54,6,0,,122.5,3,0,0.0
D009380,low,3408.04,17,0,,185.0,1,0,0.0
D009381,low,4482.79,10,0,,27.3,6,0,0.0
D009382,low,3441.21,14,0,,47.0,2,0,0.0
D009383,high,27605.46,22,1,10.0,27.2,2,0,-0.059792
D009384,high,12494.16,22,1,10.0,8.6,5,0,-0.06251
D009385,high,10052.5,14,1,2.0,33.9,4,0,-0.04459
D009386,low,3179.06,23,0,,23.5,5,0,0.0
D009387,low,1865.5,16,0,,107.3,1,0,0.0
D009388,low,2334.51,4,0,,100.2,2,0,0.0
D009389,high,13324.77,19,1,7.0,63.2,1,0,-0.070126
D009390,low,1806.67,0,0,,116.5,1,0,0.0
D009391,high,6302.97,7,0,,91.0,1,0,0.0
D009392,low,1811.3,9,0,,48.2,1,1,0.0
D009393,low,3212.74,17,0,,136.0,3,0,0.0
D009394,high,22446.05,18,1,6.0,19.8,4,0,-0.052709
D009395,high,14012.7,7,0,,94.2,3,0,0.0
D009396,high,5514.23,1,0,,44.8,2,0,0.0
D009397,high,5991.92,14,1,2.0,28.8,2,0,-0.043322
D009398,low,841.91,7,0,,31.1,6,1,0.0
D009399,low,2958.81,16,0,,74.0,2,0,0.0
D009400,high,12771.61,23,1,11.0,55.3,4,0,-0.053275
D009401,high,8204.06,8,0,,59.5,1,0,0.0
D009402,low,899.43,14,0,,50.8,5,0,0.0
D009403,high,12013.05,11,0,,14.3,1,0,0.0
D009404,high,21547.95,13,1,1.0,109.2,1,1,-0.018935
D009405,high,7863.65,11,0,,48.9,3,0,0.0
D009406,high,20024.33,12,1,0.0,99.4,4,0,0.0
D009407,high,8330.32,0,0,,55.7,2,0,0.0
D009408,high,27094.37,8,0,,24.6,3,0,0.0
D009409,low,4390.91,10,0,,91.5,2,0,0.0
D009410,high,8367.67,11,0,,93.3,1,0,0.0
D009411,low,1739.9,3,0,,41.4,2,0,0.0
D009412,high,7328.5,9,0,,11.8,4,0,0.0
D009413,low,3310.17,4,0,,63.3,1,0,0.0
D009414,high,8446.28,23,1,11.0,37.7,2,0,-0.074122
D009415,high,6175.55,23,1,11.0,97.7,3,0,-0.055585
D009416,high,14590.88,23,1,11.0,72.0,3,0,-0.041906
D009417,high,5551.34,15,1,3.0,38.6,4,0,-0.049901
D009418,low,4072.75,12,0,,29.0,1,0,0.0
D009419,low,2855.41,21,0,,95.6,1,0,0.0
D009420,low,1618.06,3,0,,64.8,1,0,0.0
D009421,high,5751.76,15,1,3.0,32.9,1,0,-0.099777
D009422,high,8440.38,16,1,4.0,23.1,2,0,-0.054785
D009423,high,36781.47,13,1,1.0,62.9,2,0,-0.023075
D009424,high,10796.36,5,0,,79.0,4,0,0.0
D009425,low,1805.12,12,0,,44.7,3,0,0.0
D009426,high,15291.64,6,0,,137.3,3,1,0.0
D009427,low,2465.16,14,0,,55.1,2,0,0.0
D009428,high,8171.2,6,0,,127.0,1,1,0.0
D009429,low,4269.0,21,0,,39.3,4,1,0.0
D009430,high,12897.43,3,0,,182.7,4,0,0.0
D009431,low,555.82,6,0,,83.1,1,1,0.0
D009432,low,3512.04,1,0,,99.5,2,0,0.0
D009433,high,7705.83,2,0,,55.7,1,0,0.0
D009434,low,2063.43,7,0,,87.1,1,0,0.0
D009435,low,2195.95,23,0,,21.1,2,0,0.0
D009436,low,2255.92,19,0,,21.6,2,0,0.0
D009437,low,1650.29,20,0,,5.8,5,0,0.0
D009438,low,656.83,13,0,,219.5,2,0,0.0
D009439,low,3927.66,10,0,,89.9,5,0,0.0
D009440,low,1121.14,13,0,,46.3,2,0,0.0
D009441,low,3955.21,13,0,,27.1,1,0,0.0
D009442,high,17843.63,13,1,1.0,61.1,1,0,-0.022866
D009443,low,1964.97,23,0,,17.8,3,1,0.0
D009444,high,39206.04,14,1,2.0,5.1,4,0,-0.06034
D009445,high,10250.97,6,0,,62.7,3,0,0.0
D009446,low,2223.03,4,0,,50.9,4,0,0.0
D009447,low,2937.83,8,0,,69.4,2,0,0.0
D009448,low,971.91,10,0,,1.8,4,0,0.0
D009449,high,13675.8,9,0,,133.0,4,0,0.0
D009450,low,1500.83,18,0,,75.0,2,0,0.0
D009451,low,2906.24,2,0,,40.1,4,0,0.0
D009452,low,3737.37,11,0,,39.5,2,0,0.0
D009453,low,1524.54,20,0,,33.4,2,0,0.0
D009454,low,345.53,20,0,,147.0,3,0,0.0
D009455,high,8615.91,20,1,8.0,103.1,1,0,-0.047695
D009456,high,18566.25,18,1,6.0,26.3,6,0,-0.09047
D009457,low,4815.37,15,0,,33.7,5,0,0.0
D009458,high,14277.18,21,1,9.0,54.8,3,0,-0.033195
D009459,low,2518.65,8,0,,14.1,1,1,0.0
D009460,low,4734.43,23,0,,15.5,3,0,0.0
D009461,low,3629.64,11,0,,51.0,1,0,0.0
D009462,high,13905.1,18,1,6.0,18.0,5,0,-0.031334
D009463,high,26581.04,7,0,,84.2,1,0,0.0
D009464,high,19133.53,3,0,,9.2,5,1,0.0
D009465,low,197.82,12,0,,92.8,1,0,0.0
D009466,low,2492.0,5,0,,77.7,1,0,0.0
D009467,high,25311.66,19,1,7.0,49.9,4,0,-0.056117
D009468,high,10756.23,2,0,,98.4,2,0,0.0
D009469,low,1006.72,15,0,,41.0,3,0,0.0
D009470,high,6378.46,17,1,5.0,118.6,3,0,-0.079752
D009471,low,1223.55,1,0,,16.9,1,1,0.0
D009472,low,1073.08,11,0,,56.4,3,0,0.0
D009473,low,2575.03,19,0,,39.1,1,0,0.0
D009474,low,1962.64,1,0,,155.7,3,0,0.0
D009475,high,6592.27,22,1,10.0,60.7,2,0,-0.063567
D009476,high,7547.68,3,0,,41.6,3,0,0.0
D009477,high,8860.71,3,0,,29.5,5,0,0.0
D009478,high,15609.97,23,1,11.0,114.7,2,0,-0.043028
D009479,high,11379.44,11,0,,100.7,1,0,0.0
D009480,low,1015.18,6,0,,68.2,2,1,0.0
D009481,high,12853.34,13,1,1.0,39.0,2,0,-0.018637
D009482,low,2790.28,16,0,,107.3,3,0,0.0
D009483,low,4546.19,3,0,,19.9,2,1,0.0
D009484,low,4674.88,6,0,,44.3,2,0,0.0
D009485,high,19844.62,18,1,6.0,40.8,6,0,-0.09183
D009486,low,4415.39,8,0,,6.0,1,0,0.0
D009487,low,3357.97,18,0,,78.8,2,0,0.0
D009488,low,3060.07,7,0,,85.8,1,0,0.0
D009489,high,9750.57,1,0,,109.6,4,0,0.0
D009490,high,7169.85,11,0,,72.2,5,0,0.0
D009491,low,4992.2,19,0,,44.3,2,0,0.0
D009492,high,7483.8,16,1,4.0,53.3,1,0,-0.065742
D009493,low,2486.35,20,0,,30.0,2,0,0.0
D009494,low,3421.57,19,0,,162.4,1,0,0.0
D009495,high,9072.37,1,0,,28.8,3,0,0.0
D009496,high,5227.27,0,0,,37.0,2,0,0.0
D009497,high,7917.0,4,0,,27.3,6,0,0.0
D009498,low,3819.33,5,0,,16.5,1,0,0.0
D009499,low,2660.92,13,0,,54.3,3,0,0.0
D009500,high,6382.58,10,0,,19.3,4,1,0.0
D009501,high,10169.48,10,0,,56.1,1,0,0.0
D009502,low,3208.96,2,0,,24.9,1,1,0.0
D009503,low,3318.73,5,0,,27.3,3,0,0.0
D009504,low,418.14,19,0,,18.5,3,1,0.0
D009505,high,12032.89,8,0,,21.7,5,0,0.0
D009506,high,17483.94,0,0,,119.7,4,0,0.0
D009507,low,3647.06,11,0,,21.6,1,0,0.0
D009508,high,10545.56,23,1,11.0,26.1,4,0,-0.067473
D009509,high,18678.3,12,1,0.0,45.4,6,0,0.0
D009510,low,2276.52,12,0,,43.6,3,0,0.0
D009511,low,1029.7,4,0,,35.1,2,1,0.0
D009512,low,3787.14,10,0,,184.6,1,0,0.0
D009513,low,1942.33,5,0,,52.9,3,0,0.0
D009514,high,15726.4,1,0,,56.8,4,0,0.0
D009515,high,23214.9,20,1,8.0,51.3,2,0,-0.039674
D009516,high,12718.86,8,0,,62.4,1,0,0.0
D009517,low,4868.0,12,0,,109.4,1,0,0.0
D009518,low,3212.67,17,0,,80.6,1,0,0.0
D009519,low,3528.81,1,0,,74.9,4,0,0.0
D009520,low,939.31,12,0,,59.0,2,1,0.0
D009521,low,2686.92,16,0,,16.6,4,0,0.0
D009522,high,5345.86,7,0,,19.8,1,0,0.0
D009523,low,4531.95,10,0,,134.3,2,0,0.0
D009524,high,21315.84,14,1,2.0,61.0,2,0,-0.036233
D009525,low,3054.2,0,0,,32.9,3,0,0.0
D009526,low,1135.26,2,0,,17.1,2,0,0.0
D009527,high,9074.92,5,0,,74.2,4,0,0.0
D009528,low,4757.12,2,0,,37.3,1,1,0.0
D009529,low,673.13,13,0,,34.7,3,0,0.0
D009530,high,5418.47,18,1,6.0,16.6,2,0,-0.080136
D009531,low,1083.93,14,0,,36.9,1,0,0.0
D009532,high,14683.09,1,0,,82.1,3,0,0.0
D009533,low,1666.5,2,0,,102.8,4,0,0.0
D009534,high,9146.41,6,0,,67.0,3,0,0.0
D009535,low,556.23,6,0,,68.4,3,1,0.0
D009536,high,10149.31,17,1,5.0,78.2,3,0,-0.052089
D009537,high,6993.17,5,0,,50.9,1,0,0.0
D009538,high,9551.59,1,0,,38.3,3,0,0.0
D009539,low,841.88,6,0,,38.7,2,0,0.0
D009540,high,8206.72,13,1,1.0,155.3,4,0,-0.013004
D009541,low,4482.25,23,0,,13.7,5,0,0.0
D009542,high,5603.06,8,0,,15.1,1,0,0.0
D009543,low,3732.08,21,0,,132.2,1,0,0.0
D009544,low,1245.07,23,0,,66.7,3,0,0.0
D009545,low,3740.76,14,0,,34.9,2,0,0.0
D009546,high,6029.24,1,0,,45.0,3,0,0.0
D009547,low,1368.28,12,0,,144.8,1,0,0.0
D009548,high,23673.28,11,0,,57.7,2,0,0.0
D009549,high,13563.49,14,1,2.0,45.4,3,0,-0.039321
D009550,low,3285.36,0,0,,12.1,2,1,0.0
D009551,low,3088.54,19,0,,31.3,4,0,0.0
D009552,low,1250.79,13,0,,14.7,1,0,0.0
D009553,low,2820.76,9,0,,43.1,4,0,0.0
D009554,low,2892.94,10,0,,43.2,3,1,0.0
D009555,high,22967.88,22,1,10.0,75.7,3,0,-0.061987
D009556,high,19763.31,7,0,,33.5,1,0,0.0
D009557,low,2972.79,2,0,,73.7,2,0,0.0
D009558,low,1620.03,11,0,,39.8,2,0,0.0
D009559,low,1096.88,3,0,,21.7,1,0,0.0
D009560,low,2416.52,5,0,,39.6,2,0,0.0
D009561,high,19381.77,20,1,8.0,98.7,5,0,-0.060019
D009562,high,5751.02,9,0,,20.0,1,0,0.0
D009563,low,2214.43,2,0,,11.6,2,0,0.0
D009564,high,45411.89,8,0,,51.9,2,0,0.0
D009565,high,14869.77,11,0,,66.6,1,0,0.0
D009566,low,1707.38,5,0,,177.9,3,0,0.0
D009567,low,571.27,19,0,,106.0,3,0,0.0
D009568,high,8028.38,13,1,1.0,35.0,2,0,-0.029148
D009569,high,9649.7,14,1,2.0,63.4,4,0,-0.028419
D009570,low,477.86,10,0,,123.1,2,0,0.0
D009571,low,4783.62,4,0,,86.7,1,0,0.0
D009572,high,10650.2,10,0,,54.0,1,0,0.0
D009573,low,1018.13,20,0,,55.0,1,0,0.0
D009574,low,1089.18,2,0,,34.1,3,0,0.0
D009575,low,2845.06,5,0,,19.3,1,0,0.0
D009576,high,9152.62,4,0,,58.9,1,0,0.0
D009577,low,5024.8,22,0,,56.4,2,0,0.0
D009578,low,1576.16,20,0,,29.5,2,0,0.0
D009579,high,26396.42,20,1,8.0,45.8,4,0,-0.053242
D009580,low,2649.35,9,0,,38.6,4,0,0.0
D009581,low,3353.66,7,0,,89.6,6,0,0.0
D009582,low,3284.47,17,0,,137.1,1,0,0.0
D009583,low,2927.53,19,0,,63.4,2,0,0.0
D009584,low,1643.49,12,0,,114.7,1,0,0.0
D009585,high,24919.47,22,1,10.0,76.8,1,0,-0.037234
D009586,low,515.73,4,0,,75.2,2,0,0.0
D009587,low,608.37,13,0,,16.7,4,0,0.0
D009588,low,1778.52,6,0,,31.2,1,0,0.0
D009589,high,9444.5,7,0,,70.6,1,0,0.0
D009590,low,1027.86,21,0,,115.4,3,0,0.0
D009591,high,5971.33,23,1,11.0,114.1,2,0,-0.036252
D009592,low,3243.39,7,0,,13.9,1,0,0.0
D009593,low,1309.3,16,0,,116.2,1,0,0.0
D009594,low,5034.47,18,0,,99.9,1,0,0.0
D009595,low,1803.45,15,0,,50.9,1,0,0.0
D009596,low,3032.67,6,0,,46.4,1,0,0.0
D009597,high,7081.46,0,0,,23.0,1,1,0.0
D009598,high,5898.18,19,1,7.0,20.0,3,0,-0.09642
D009599,low,2475.66,13,0,,55.2,4,0,0.0
D009600,low,4678.24,6,0,,13.8,1,0,0.0
D009601,high,6414.07,9,0,,101.0,1,0,0.0
D009602,low,1331.33,9,0,,2.8,3,1,0.0
D009603,high,19963.6,1,0,,45.9,5,0,0.0
D009604,high,12916.5,20,1,8.0,37.1,4,0,-0.053812
D009605,low,4383.39,8,0,,2.8,3,0,0.0
D009606,high,31322.54,10,0,,100.9,6,0,0.0
D009607,high,18073.42,22,1,10.0,77.0,4,0,-0.053655
D009608,low,1049.75,4,0,,103.5,2,0,0.0
D009609,high,14240.85,22,1,10.0,28.8,4,0,-0.081849
D009610,low,2417.15,20,0,,19.9,4,1,0.0
D009611,high,22668.78,19,1,7.0,4.3,3,0,-0.066823
D009612,high,19602.69,17,1,5.0,44.7,1,0,-0.066574
D009613,low,1572.54,1,0,,5.1,1,0,0.0
D009614,high,7724.57,7,0,,79.0,2,0,0.0
D009615,low,3196.3,21,0,,60.9,3,1,0.0
D009616,low,1674.07,6,0,,104.8,1,0,0.0
D009617,high,10957.39,3,0,,83.6,2,0,0.0
D009618,high,10373.95,16,1,4.0,72.9,5,0,-0.038471
D009619,high,8874.57,19,1,7.0,111.1,4,0,-0.044519
D009620,high,13583.69,17,1,5.0,57.5,1,0,-0.057034
D009621,low,2757.21,15,0,,26.1,1,0,0.0
D009622,low,764.62,0,0,,45.2,1,0,0.0
D009623,low,693.73,21,0,,87.3,4,0,0.0
D009624,low,4663.13,5,0,,15.1,2,1,0.0
D009625,low,2203.89,9,0,,91.1,5,0,0.0
D009626,high,10671.05,12,1,0.0,153.0,5,0,0.0
D009627,low,1606.0,2,0,,139.8,4,0,0.0
D009628,high,7166.49,14,1,2.0,18.4,3,0,-0.099208
D009629,high,5043.31,3,0,,43.3,2,1,0.0
D009630,low,4803.62,23,0,,48.6,1,0,0.0
D009631,low,3125.95,10,0,,60.4,2,0,0.0
D009632,high,6234.74,14,1,2.0,128.0,3,0,-0.030127
D009633,high,13411.46,21,1,9.0,159.9,3,0,-0.029767
D009634,high,6955.79,4,0,,123.8,2,0,0.0
D009635,low,2410.66,20,0,,64.9,1,0,0.0
D009636,high,17610.58,1,0,,74.3,2,0,0.0
D009637,high,5709.7,17,1,5.0,69.6,3,0,-0.059796
D009638,low,4197.02,17,0,,100.4,3,1,0.0
D009639,high,5128.45,4,0,,59.6,1,0,0.0
D009640,low,846.78,14,0,,61.6,1,0,0.0
D009641,high,5166.26,9,0,,47.4,2,0,0.0
D009642,low,165.03,9,0,,10.2,2,0,0.0
D009643,high,13599.94,22,1,10.0,42.7,5,0,-0.034943
D009644,high,7040.63,9,0,,69.3,2,0,0.0
D009645,high,18962.78,23,1,11.0,60.8,1,0,-0.062027
D009646,high,6457.65,21,1,9.0,83.4,3,0,-0.048812
D009647,high,9186.18,9,0,,30.0,5,0,0.0
D009648,low,3529.09,7,0,,45.5,1,0,0.0
D009649,high,6542.73,4,0,,66.2,2,0,0.0
D009650,high,8886.97,22,1,10.0,27.8,3,0,-0.082573
D009651,high,7100.53,8,0,,108.2,5,0,0.0
D009652,low,4552.85,2,0,,99.0,2,0,0.0
D009653,high,5319.96,1,0,,11.5,1,1,0.0
D009654,high,12530.95,22,1,10.0,51.0,3,0,-0.042053
D009655,low,1274.69,21,0,,97.2,4,0,0.0
D009656,low,3282.1,8,0,,80.6,2,1,0.0
D009657,high,60966.46,17,1,5.0,46.5,4,0,-0.050845
D009658,high,27105.85,3,0,,24.8,2,1,0.0
D009659,high,6169.42,16,1,4.0,56.4,1,0,-0.043731
D009660,low,1374.94,8,0,,13.5,4,0,0.0
D009661,high,9271.92,6,0,,94.4,1,0,0.0
D009662,low,3588.97,12,0,,18.1,2,1,0.0
D009663,low,4416.04,3,0,,33.6,3,1,0.0
D009664,high,35968.67,6,0,,48.2,2,1,0.0
D009665,low,4015.21,1,0,,107.5,1,0,0.0
D009666,low,4187.95,0,0,,83.4,2,0,0.0
D009667,high,9826.92,2,0,,74.0,2,0,0.0
D009668,high,6046.81,13,1,1.0,29.1,4,0,-0.022152
D009669,low,840.14,16,0,,73.0,3,0,0.0
D009670,low,1367.73,1,0,,39.9,4,0,0.0
D009671,high,20498.99,15,1,3.0,34.1,4,0,-0.068297
D009672,high,9518.5,14,1,2.0,5.2,3,0,-0.073532
D009673,low,4247.17,3,0,,52.5,2,0,0.0
D009674,low,2590.74,10,0,,28.9,1,0,0.0
D009675,low,1239.13,1,0,,33.8,2,0,0.0
D009676,high,18612.59,19,1,7.0,4.7,4,0,-0.096432
D009677,low,3537.61,12,0,,7.8,1,0,0.0
D009678,high,10698.81,15,1,3.0,62.9,3,0,-0.102948
D009679,high,12383.28,21,1,9.0,45.9,5,0,-0.064323
D009680,high,10408.44,21,1,9.0,64.8,4,0,-0.027616
D009681,high,12421.16,17,1,5.0,20.8,1,0,-0.092871
D009682,low,2782.76,23,0,,101.2,2,0,0.0
D009683,low,4231.09,17,0,,50.2,1,0,0.0
D009684,low,4685.36,20,0,,34.8,1,0,0.0
D009685,low,2755.6,4,0,,27.6,2,0,0.0
D009686,low,2309.18,5,0,,30.8,4,0,0.0
D009687,high,20904.35,13,1,1.0,10.0,5,0,-0.034151
D009688,low,4346.95,20,0,,40.3,3,0,0.0
D009689,low,2678.64,6,0,,19.8,1,1,0.0
D009690,low,550.7,22,0,,39.1,3,0,0.0
D009691,low,2327.73,7,0,,44.4,4,0,0.0
D009692,low,1190.39,13,0,,43.3,3,0,0.0
D009693,high,14844.94,21,1,9.0,66.8,2,0,-0.041037
D009694,high,5117.62,15,1,3.0,59.3,1,0,-0.078699
D009695,low,260.29,5,0,,36.2,6,0,0.0
D009696,high,5294.06,13,1,1.0,67.0,1,0,-0.036841
D009697,high,19200.86,3,0,,14.4,5,0,0.0
D009698,high,26479.45,0,0,,78.7,1,1,0.0
D009699,high,13659.09,1,0,,69.2,1,0,0.0
D009700,high,125417.37,3,0,,77.4,5,0,0.0
D009701,high,16496.53,8,0,,33.9,2,1,0.0
D009702,low,3718.42,4,0,,130.6,2,0,0.0
D009703,low,243.41,16,0,,115.0,1,0,0.0
D009704,high,17464.34,9,0,,12.8,4,0,0.0
D009705,high,12903.52,13,1,1.0,120.1,3,0,-0.018393
D009706,low,637.08,10,0,,71.6,3,0,0.0
D009707,low,3421.31,23,0,,42.1,5,0,0.0
D009708,low,2640.24,3,0,,108.5,4,0,0.0
D009709,high,9744.97,13,1,1.0,78.3,2,0,-0.023379
D009710,high,10368.27,2,0,,92.7,5,0,0.0
D009711,high,34023.9,8,0,,189.5,4,0,0.0
D009712,low,2307.13,2,0,,31.1,3,0,0.0
D009713,low,2768.42,0,0,,28.0,1,0,0.0
D009714,high,5596.43,11,0,,40.5,4,0,0.0
D009715,high,7257.51,0,0,,19.5,1,0,0.0
D009716,low,1950.41,10,0,,69.0,4,1,0.0
D009717,high,8622.76,21,1,9.0,105.8,3,0,-0.056566
D009718,low,5005.25,22,0,,47.3,4,0,0.0
D009719,low,2906.8,19,0,,82.9,4,0,0.0
D009720,low,1201.81,5,0,,71.4,2,0,0.0
D009721,high,10831.95,22,1,10.0,102.7,2,0,-0.036437
D009722,high,6637.77,0,0,,83.6,6,0,0.0
D009723,low,4334.96,11,0,,38.1,1,0,0.0
D009724,low,1995.24,4,0,,18.0,4,0,0.0
D009725,high,13304.21,5,0,,98.4,1,0,0.0
D009726,low,2861.68,6,0,,36.3,1,0,0.0
D009727,low,3809.54,17,0,,47.4,3,0,0.0
D009728,high,15986.0,16,1,4.0,88.4,2,0,-0.065848
D009729,high,8823.35,10,0,,45.7,5,0,0.0
D009730,high,10285.24,11,0,,36.2,2,0,0.0
D009731,low,2580.89,5,0,,10.7,2,0,0.0
D009732,low,213.64,9,0,,22.1,1,0,0.0
D009733,low,3301.78,19,0,,80.5,3,0,0.0
D009734,low,643.22,17,0,,35.0,2,0,0.0
D009735,high,15687.66,0,0,,60.8,2,0,0.0
D009736,low,557.18,2,0,,13.8,1,1,0.0
D009737,low,1138.72,20,0,,57.4,5,0,0.0
D009738,high,6950.12,15,1,3.0,4.9,5,1,-0.122968
D009739,low,4951.2,1,0,,93.3,3,0,0.0
D009740,low,3498.8,16,0,,46.0,1,0,0.0
D009741,high,6510.45,18,1,6.0,31.1,5,0,-0.08836
D009742,low,1322.16,4,0,,116.2,2,0,0.0
D009743,high,6801.41,1,0,,61.9,1,0,0.0
D009744,high,32788.49,4,0,,115.5,4,0,0.0
D009745,low,3088.08,4,0,,46.1,1,0,0.0
D009746,high,6447.02,11,0,,26.4,1,0,0.0
D009747,low,1882.99,4,0,,30.6,2,0,0.0
D009748,low,2751.54,0,0,,34.7,1,0,0.0
D009749,low,4272.64,9,0,,12.7,2,0,0.0
D009750,low,2072.32,3,0,,26.1,2,0,0.0
D009751,high,6014.23,22,1,10.0,54.9,4,0,-0.056971
D009752,low,3495.34,13,0,,25.9,2,0,0.0
D009753,high,12163.13,5,0,,61.5,2,0,0.0
D009754,high,7874.05,11,0,,52.1,2,0,0.0
D009755,high,6948.87,2,0,,16.1,4,0,0.0
D009756,low,1697.65,15,0,,43.7,1,0,0.0
D009757,high,15734.97,2,0,,152.6,1,0,0.0
D009758,high,22575.39,14,1,2.0,40.6,6,0,-0.038562
D009759,low,1361.29,7,0,,5.3,1,0,0.0
D009760,high,11137.19,9,0,,24.3,2,0,0.0
D009761,low,3299.0,1,0,,61.7,4,0,0.0
D009762,high,20287.29,20,1,8.0,19.6,5,0,-0.100064
D009763,low,3826.59,18,0,,179.9,4,0,0.0
D009764,high,12244.62,22,1,10.0,70.1,2,0,-0.036647
D009765,low,1413.3,17,0,,126.2,1,1,0.0
D009766,low,548.29,10,0,,30.9,5,0,0.0
D009767,high,30154.49,21,1,9.0,83.8,5,0,-0.053427
D009768,low,1714.87,16,0,,39.0,2,1,0.0
D009769,high,8699.24,0,0,,66.8,3,0,0.0
D009770,low,3614.96,21,0,,91.0,1,1,0.0
D009771,low,2830.3,21,0,,48.0,3,0,0.0
D009772,high,10383.77,5,0,,32.3,5,1,0.0
D009773,high,5734.73,10,0,,84.8,1,0,0.0
D009774,high,14588.81,18,1,6.0,51.1,4,0,-0.027452
D009775,low,2122.28,23,0,,14.5,5,0,0.0
D009776,low,4864.85,19,0,,88.0,1,0,0.0
D009777,low,3923.38,23,0,,6.2,2,0,0.0
D009778,high,11800.11,22,1,10.0,45.8,1,0,-0.051343
D009779,high,9358.75,20,1,8.0,50.7,6,0,-0.060075
D009780,high,10985.69,18,1,6.0,92.3,4,0,-0.057126
D009781,high,27159.99,3,0,,30.0,4,0,0.0
D009782,low,2618.39,21,0,,87.1,2,1,0.0
D009783,low,3146.76,22,0,,24.9,3,0,0.0
D009784,low,2858.45,12,0,,84.3,4,0,0.0
D009785,high,9332.38,9,0,,70.8,3,0,0.0
D009786,high,7823.49,4,0,,26.0,1,1,0.0
D009787,low,2141.59,22,0,,38.4,4,0,0.0
D009788,high,5511.94,23,1,11.0,43.9,2,0,-0.044783
D009789,low,1226.83,3,0,,45.8,3,1,0.0
D009790,low,905.26,7,0,,52.1,2,0,0.0
D009791,low,4586.81,0,0,,2.9,1,1,0.0
D009792,low,4725.75,6,0,,73.1,1,0,0.0
D009793,low,783.06,14,0,,142.3,2,0,0.0
D009794,high,10747.45,8,0,,34.3,5,0,0.0
D009795,high,10856.67,18,1,6.0,46.7,2,0,-0.064451
D009796,high,32369.44,5,0,,19.4,2,1,0.0
D009797,high,11020.9,2,0,,60.6,4,1,0.0
D009798,high,5415.2,5,0,,16.7,1,0,0.0
D009799,high,5311.73,11,0,,76.9,5,0,0.0
D009800,low,4462.75,3,0,,93.7,3,0,0.0
D009801,high,44517.2,1,0,,86.7,2,0,0.0
D009802,low,1980.8,22,0,,43.9,1,0,0.0
D009803,low,4233.68,10,0,,100.7,1,1,0.0
D009804,low,2162.35,4,0,,32.9,3,0,0.0
D009805,high,14665.39,0,0,,178.7,2,0,0.0
D009806,low,5018.1,20,0,,125.0,4,0,0.0
D009807,high,25382.8,8,0,,149.9,3,1,0.0
D009808,low,1220.11,9,0,,24.9,3,0,0.0
D009809,low,2431.01,23,0,,22.8,3,0,0.0
D009810,low,1580.83,18,0,,15.3,1,0,0.0
D009811,low,2442.18,13,0,,42.1,2,0,0.0
D009812,high,5878.56,0,0,,52.2,4,0,0.0
D009813,high,23855.75,21,1,9.0,82.6,5,0,-0.045646
D009814,high,7929.13,20,1,8.0,57.1,4,0,-0.068471
D009815,high,10957.85,3,0,,58.6,5,0,0.0
D009816,high,8745.55,21,1,9.0,19.8,1,0,-0.056387
D009817,low,2274.04,14,0,,9.0,1,0,0.0
D009818,low,3445.78,13,0,,215.5,1,0,0.0
D009819,low,4481.34,21,0,,135.1,1,0,0.0
D009820,high,8463.48,1,0,,23.8,1,0,0.0
D009821,high,22350.83,14,1,2.0,17.5,4,0,-0.043226
D009822,high,11585.77,4,0,,61.6,2,0,0.0
D009823,high,10616.97,3,0,,124.0,1,0,0.0
D009824,high,198278.09,20,1,8.0,46.9,6,0,-0.069852
D009825,low,2290.91,9,0,,8.9,3,1,0.0
D009826,high,9142.27,5,0,,133.1,1,0,0.0
D009827,low,673.02,7,0,,92.7,1,0,0.0
D009828,low,2155.83,4,0,,62.1,3,0,0.0
D009829,low,568.39,16,0,,74.5,1,1,0.0
D009830,high,10050.77,7,0,,164.1,3,0,0.0
D009831,high,20713.72,2,0,,16.7,4,0,0.0
D009832,low,1341.95,20,0,,30.6,1,0,0.0
D009833,high,7400.43,12,1,0.0,20.5,4,0,0.0
D009834,high,23940.67,16,1,4.0,54.6,4,0,-0.078591
D009835,high,10781.71,19,1,7.0,55.4,4,0,-0.045362
D009836,high,6093.06,15,1,3.0,134.3,3,0,-0.041791
D009837,high,20193.46,6,0,,38.3,2,1,0.0
D009838,high,6598.65,22,1,10.0,143.6,5,0,-0.031547
D009839,high,5510.38,9,0,,60.3,1,0,0.0
D009840,high,37803.2,5,0,,89.1,4,0,0.0
D009841,high,8258.29,21,1,9.0,27.1,1,0,-0.079039
D009842,low,4760.51,6,0,,64.2,5,0,0.0
D009843,low,2349.19,15,0,,37.8,1,0,0.0
D009844,low,4032.2,13,0,,102.5,1,0,0.0
D009845,high,6896.98,3,0,,82.3,1,0,0.0
D009846,high,23008.3,21,1,9.0,73.1,5,0,-0.055336
D009847,high,25489.6,16,1,4.0,17.8,3,0,-0.068143
D009848,low,1431.31,18,0,,48.1,2,0,0.0
D009849,low,2458.26,6,0,,55.5,1,0,0.0
D009850,high,27582.95,3,0,,35.3,4,0,0.0
D009851,low,2313.26,5,0,,91.5,1,0,0.0
D009852,high,7646.48,17,1,5.0,64.6,3,0,-0.061084
D009853,high,10425.31,18,1,6.0,133.0,4,0,-0.049069
D009854,high,13018.87,0,0,,88.3,4,0,0.0
D009855,low,4626.76,8,0,,109.5,3,0,0.0
D009856,high,6097.05,18,1,6.0,46.2,4,0,-0.056119
D009857,high,10610.42,6,0,,26.0,4,0,0.0
D009858,high,5447.19,5,0,,27.4,3,0,0.0
D009859,high,8500.41,6,0,,37.2,3,1,0.0
D009860,high,22776.77,16,1,4.0,101.6,3,0,-0.039268
D009861,high,6094.97,23,1,11.0,18.1,1,0,-0.069039
D009862,high,15109.52,5,0,,59.6,3,1,0.0
D009863,low,4674.98,3,0,,74.5,1,0,0.0
D009864,high,19732.34,9,0,,78.6,3,0,0.0
D009865,low,860.48,5,0,,68.1,5,0,0.0
D009866,high,21006.99,12,1,0.0,36.8,3,0,0.0
D009867,low,1611.78,18,0,,3.4,1,0,0.0
D009868,high,7265.07,7,0,,94.7,3,0,0.0
D009869,high,11769.11,16,1,4.0,99.3,6,0,-0.051485
D009870,high,16033.1,4,0,,37.1,4,1,0.0
D009871,high,8972.28,9,0,,18.8,3,0,0.0
D009872,low,3772.22,11,0,,115.0,2,0,0.0
D009873,high,7503.99,9,0,,62.2,5,0,0.0
D009874,low,3555.27,5,0,,93.4,5,1,0.0
D009875,low,2310.78,10,0,,55.7,3,1,0.0
D009876,low,549.29,17,0,,65.0,2,0,0.0
D009877,high,43100.25,2,0,,32.6,1,0,0.0
D009878,low,3820.12,4,0,,53.5,1,0,0.0
D009879,high,70114.56,10,0,,86.7,1,0,0.0
D009880,high,8509.98,1,0,,69.2,1,0,0.0
D009881,low,433.35,21,0,,77.7,2,0,0.0
D009882,high,21726.75,0,0,,17.8,1,0,0.0
D009883,high,6175.57,4,0,,61.4,1,0,0.0
D009884,high,19283.99,19,1,7.0,49.0,5,0,-0.071202
D009885,high,37321.12,18,1,6.0,128.8,5,0,-0.030098
D009886,high,34396.84,15,1,3.0,62.0,2,0,-0.097637
D009887,high,23721.35,10,0,,27.9,1,0,0.0
D009888,high,24103.8,11,0,,82.4,5,0,0.0
D009889,high,7662.58,22,1,10.0,34.5,1,0,-0.064057
D009890,low,2495.84,5,0,,51.6,3,0,0.0
D009891,low,4309.19,7,0,,33.4,1,0,0.0
D009892,low,3440.32,6,0,,29.0,1,0,0.0
D009893,low,3752.97,6,0,,43.5,1,0,0.0
D009894,low,2905.5,17,0,,152.9,2,0,0.0
D009895,low,3694.15,18,0,,24.9,1,0,0.0
D009896,low,4109.04,2,0,,154.1,3,0,0.0
D009897,high,10331.34,22,1,10.0,23.7,5,0,-0.084034
D009898,high,8921.21,3,0,,93.0,5,0,0.0
D009899,high,7963.5,21,1,9.0,34.9,2,0,-0.087716
D009900,high,13137.83,1,0,,67.7,3,0,0.0
D009901,high,49199.48,5,0,,59.9,5,0,0.0
D009902,low,1321.43,20,0,,102.6,2,0,0.0
D009903,high,13718.83,19,1,7.0,68.3,2,0,-0.068385
D009904,low,2857.38,11,0,,70.1,1,0,0.0
D009905,low,5022.86,8,0,,80.9,1,1,0.0
D009906,high,24936.97,4,0,,19.1,5,0,0.0
D009907,low,1514.03,12,0,,14.0,1,0,0.0
D009908,high,20434.31,7,0,,3.9,2,0,0.0
D009909,low,1034.33,6,0,,65.8,1,0,0.0
D009910,low,3176.74,20,0,,71.2,1,0,0.0
D009911,low,1305.79,0,0,,59.9,2,0,0.0
D009912,low,2675.65,4,0,,13.7,2,0,0.0
D009913,low,1631.5,9,0,,76.3,3,1,0.0
D009914,high,8743.59,13,1,1.0,78.6,1,0,-0.017714
D009915,low,1718.93,2,0,,61.0,3,0,0.0
D009916,high,19705.15,21,1,9.0,20.6,1,0,-0.080713
D009917,low,602.18,5,0,,78.7,2,0,0.0
D009918,low,1886.66,18,0,,66.6,3,0,0.0
D009919,high,5490.78,15,1,3.0,18.5,4,0,-0.057506
D009920,high,7008.14,1,0,,40.6,2,0,0.0
D009921,high,9224.84,16,1,4.0,65.3,4,0,-0.039105
D009922,high,6380.1,6,0,,100.4,2,1,0.0
D009923,high,63842.61,5,0,,4.7,3,0,0.0
D009924,high,8058.24,16,1,4.0,11.1,2,0,-0.042302
D009925,high,7092.21,9,0,,29.7,1,0,0.0
D009926,low,1714.78,6,0,,60.1,1,1,0.0
D009927,high,5102.67,9,0,,143.8,2,0,0.0
D009928,low,3408.52,2,0,,53.2,5,0,0.0
D009929,high,16015.66,19,1,7.0,76.5,1,0,-0.048015
D009930,high,6946.89,16,1,4.0,122.9,4,0,-0.02367
D009931,high,7551.71,23,1,11.0,114.9,5,0,-0.045092
D009932,high,15618.22,7,0,,17.1,5,0,0.0
D009933,high,5353.11,1,0,,36.8,4,0,0.0
D009934,low,1455.23,21,0,,55.9,2,0,0.0
D009935,high,13574.69,11,0,,11.5,4,1,0.0
D009936,low,2571.31,1,0,,106.7,3,0,0.0
D009937,low,4337.66,21,0,,22.0,1,0,0.0
D009938,high,46830.5,3,0,,257.7,5,0,0.0
D009939,high,10906.65,3,0,,60.5,4,0,0.0
D009940,low,808.4,17,0,,61.2,1,0,0.0
D009941,high,37205.5,23,1,11.0,54.2,1,0,-0.060672
D009942,low,693.42,21,0,,130.3,3,0,0.0
D009943,low,2693.12,6,0,,34.8,2,1,0.0
D009944,low,2479.12,13,0,,43.2,5,0,0.0
D009945,high,5537.1,20,1,8.0,72.7,2,1,-0.053628
D009946,high,33228.22,1,0,,50.0,2,0,0.0
D009947,high,6043.49,8,0,,37.6,1,0,0.0
D009948,low,3614.84,5,0,,95.9,4,0,0.0
D009949,high,5081.54,8,0,,30.2,1,0,0.0
D009950,low,2037.48,20,0,,23.2,2,0,0.0
D009951,high,5398.43,16,1,4.0,83.9,3,0,-0.064743
D009952,low,1824.61,0,0,,65.9,1,0,0.0
D009953,high,8559.42,18,1,6.0,141.4,1,0,-0.03851
D009954,high,15587.21,11,0,,64.3,4,0,0.0
D009955,low,1758.41,19,0,,118.5,2,0,0.0
D009956,low,1079.83,21,0,,10.9,2,1,0.0
D009957,high,10839.17,23,1,11.0,47.1,1,0,-0.05665
D009958,low,3710.1,22,0,,125.7,1,0,0.0
D009959,high,49606.18,22,1,10.0,54.6,2,0,-0.085967
D009960,high,11751.69,19,1,7.0,101.1,1,0,-0.059752
D009961,low,1023.42,5,0,,59.1,2,0,0.0
D009962,high,7223.69,15,1,3.0,121.5,2,0,-0.041301
D009963,high,8792.5,6,0,,117.3,3,0,0.0
D009964,low,1778.06,3,0,,42.1,3,0,0.0
D009965,high,22306.63,22,1,10.0,115.0,4,0,-0.064406
D009966,low,3244.19,22,0,,68.4,1,0,0.0
D009967,low,3103.17,18,0,,118.6,1,0,0.0
D009968,high,11783.1,17,1,5.0,29.2,1,0,-0.09069
D009969,high,44018.52,1,0,,123.9,1,1,0.0
D009970,high,38108.39,5,0,,112.5,4,0,0.0
D009971,low,884.06,23,0,,29.1,3,0,0.0
D009972,low,3221.98,21,0,,36.3,2,0,0.0
D009973,high,6380.09,23,1,11.0,36.6,3,0,-0.033802
D009974,low,446.94,5,0,,44.7,2,0,0.0
D009975,low,1960.84,23,0,,65.8,1,0,0.0
D009976,high,8380.16,19,1,7.0,14.1,4,1,-0.095457
D009977,low,4101.62,5,0,,7.9,1,1,0.0
D009978,low,2380.43,22,0,,40.9,1,1,0.0
D009979,high,17535.64,13,1,1.0,68.7,3,0,-0.026191
D009980,low,4799.11,8,0,,62.8,2,0,0.0
D009981,high,23951.08,22,1,10.0,95.0,1,1,-0.050127
D009982,low,234.59,7,0,,113.1,1,0,0.0
D009983,low,1956.91,19,0,,7.3,4,0,0.0
D009984,high,28848.51,7,0,,7.7,6,0,0.0
D009985,high,7829.93,11,0,,47.3,5,0,0.0
D009986,high,10286.15,6,0,,35.4,2,0,0.0
D009987,low,2290.64,1,0,,57.7,4,0,0.0
D009988,high,7268.02,21,1,9.0,57.9,2,0,-0.053233
D009989,low,2818.35,12,0,,47.7,4,1,0.0
D009990,low,1973.04,1,0,,47.3,1,0,0.0
D009991,low,1230.56,13,0,,94.8,4,0,0.0
D009992,low,4203.13,8,0,,198.7,4,0,0.0
D009993,low,1522.71,17,0,,72.7,2,0,0.0
D009994,high,43261.17,1,0,,21.5,3,0,0.0
D009995,high,16853.83,22,1,10.0,68.5,3,0,-0.095506
D009996,low,2850.37,10,0,,49.7,2,0,0.0
D009997,low,1598.04,14,0,,17.5,4,0,0.0
D009998,low,873.67,7,0,,25.0,2,0,0.0
D009999,low,3766.94,5,0,,15.1,5,1,0.0
D010000,high,13460.41,18,1,6.0,101.2,2,0,-0.061786
D010001,low,918.34,20,0,,104.1,4,0,0.0
D010002,low,2093.75,21,0,,77.2,1,0,0.0
D010003,high,27453.0,21,1,9.0,82.9,3,0,-0.059606
D010004,high,6948.76,19,1,7.0,158.3,3,0,-0.027692
D010005,high,5919.51,18,1,6.0,53.6,1,0,-0.045124
D010006,high,20628.49,16,1,4.0,67.5,5,0,-0.059584
D010007,low,1094.72,7,0,,87.9,1,0,0.0
D010008,low,4004.25,14,0,,16.4,4,0,0.0
D010009,high,10680.86,13,1,1.0,50.9,2,0,-0.03175
D010010,high,7949.99,0,0,,54.9,2,0,0.0
D010011,high,15372.64,15,1,3.0,23.1,2,0,-0.066591
D010012,high,5739.04,8,0,,49.6,2,0,0.0
D010013,high,24883.86,21,1,9.0,29.1,3,0,-0.049798
D010014,high,5224.94,23,1,11.0,26.3,2,1,-0.103963
D010015,low,1500.22,1,0,,54.3,2,0,0.0
D010016,high,16083.3,5,0,,63.0,3,0,0.0
D010017,low,1965.39,18,0,,40.3,3,0,0.0
D010018,high,8098.09,20,1,8.0,22.1,1,1,-0.094881
D010019,low,4050.06,8,0,,40.6,3,1,0.0
D010020,low,1454.6,3,0,,10.2,2,0,0.0
D010021,high,10740.31,3,0,,137.7,3,0,0.0
D010022,high,7288.32,7,0,,26.0,3,0,0.0
D010023,low,597.01,12,0,,20.8,4,0,0.0
D010024,low,2671.71,14,0,,24.4,2,1,0.0
D010025,low,1969.14,10,0,,53.9,4,0,0.0
D010026,low,1217.43,3,0,,134.5,1,0,0.0
D010027,low,3254.48,21,0,,56.7,1,0,0.0
D010028,high,8484.44,19,1,7.0,18.8,2,0,-0.06616
D010029,low,3473.65,17,0,,35.8,2,0,0.0
D010030,high,18551.97,14,1,2.0,46.7,3,0,-0.05761
D010031,low,314.62,7,0,,78.6,1,0,0.0
D010032,low,2452.47,9,0,,69.1,5,0,0.0
D010033,low,1043.36,17,0,,83.0,2,0,0.0
D010034,low,2542.35,20,0,,53.0,1,0,0.0
D010035,low,4293.18,19,0,,42.8,1,0,0.0
D010036,low,3348.72,16,0,,80.0,2,0,0.0
D010037,high,6017.06,17,1,5.0,98.5,2,0,-0.032063
D010038,high,5959.96,3,0,,69.8,1,0,0.0
D010039,high,10095.43,22,1,10.0,24.9,3,0,-0.063813
D010040,high,5469.45,13,1,1.0,91.7,3,0,-0.01619
D010041,high,72665.95,6,0,,81.8,6,0,0.0
D010042,high,15041.75,4,0,,59.5,4,0,0.0
D010043,high,7276.45,20,1,8.0,56.3,3,0,-0.064031
D010044,low,599.79,18,0,,120.7,1,0,0.0
D010045,high,6835.02,13,1,1.0,40.7,3,0,-0.014936
D010046,high,25901.95,6,0,,89.6,2,0,0.0
D010047,high,10766.44,16,1,4.0,76.9,1,0,-0.06385
D010048,low,1607.79,9,0,,26.8,5,0,0.0
D010049,low,4873.26,20,0,,61.1,4,0,0.0
D010050,low,4104.37,8,0,,9.2,4,1,0.0
D010051,low,3016.12,16,0,,61.4,2,0,0.0
D010052,high,9610.29,11,0,,36.8,2,0,0.0
D010053,high,72219.92,11,0,,103.2,3,0,0.0
D010054,high,15567.19,8,0,,45.9,3,0,0.0
D010055,low,4067.93,4,0,,36.7,5,0,0.0
D010056,high,18790.69,14,1,2.0,38.2,5,0,-0.037576
D010057,low,3816.24,13,0,,72.4,3,1,0.0
D010058,low,1323.73,13,0,,33.1,2,0,0.0
D010059,high,15906.28,4,0,,55.7,5,1,0.0
D010060,high,6464.55,0,0,,112.7,5,0,0.0
D010061,low,3944.72,10,0,,57.5,1,0,0.0
D010062,high,5448.24,9,0,,151.5,2,0,0.0
D010063,high,11362.49,14,1,2.0,26.3,2,0,-0.029777
D010064,low,667.24,23,0,,22.0,2,0,0.0
D010065,low,3560.71,16,0,,70.3,2,1,0.0
D010066,high,25681.05,14,1,2.0,37.9,4,0,-0.042591
D010067,high,8558.1,8,0,,91.7,3,0,0.0
D010068,low,2488.2,4,0,,39.0,1,0,0.0
D010069,high,5538.05,9,0,,62.1,5,0,0.0
D010070,high,45881.34,10,0,,31.2,1,0,0.0
D010071,low,505.14,21,0,,120.0,1,1,0.0
D010072,high,9080.07,16,1,4.0,48.4,1,0,-0.049318
D010073,high,6573.26,6,0,,16.2,3,1,0.0
D010074,low,902.94,11,0,,39.5,3,0,0.0
D010075,low,1880.63,19,0,,3.1,1,0,0.0
D010076,high,5717.16,13,1,1.0,62.5,5,0,-0.018382
D010077,high,9365.14,7,0,,21.9,4,0,0.0
D010078,low,350.19,3,0,,25.0,2,0,0.0
D010079,low,1064.78,1,0,,24.8,1,0,0.0
D010080,high,6062.18,14,1,2.0,47.4,1,1,-0.05039
D010081,low,782.94,10,0,,57.9,2,0,0.0
D010082,low,939.72,2,0,,129.0,2,0,0.0
D010083,low,3224.19,22,0,,29.0,4,0,0.0
D010084,low,4639.72,17,0,,21.5,1,1,0.0
D010085,low,1325.18,18,0,,24.2,3,1,0.0
D010086,low,1833.69,11,0,,22.7,3,0,0.0
D010087,low,4275.59,10,0,,50.8,1,0,0.0
D010088,low,3656.45,8,0,,127.2,2,0,0.0
D010089,high,8932.46,3,0,,117.0,2,0,0.0
D010090,high,10625.62,14,1,2.0,16.2,3,0,-0.059362
D010091,high,12212.67,23,1,11.0,103.9,4,0,-0.046929
D010092,low,4013.34,16,0,,38.4,5,0,0.0
D010093,low,4445.91,23,0,,51.7,3,0,0.0
D010094,high,17229.5,12,1,0.0,4.4,1,0,0.0
D010095,high,5990.69,14,1,2.0,62.1,1,0,-0.05931
D010096,high,9380.32,12,1,0.0,62.4,2,0,0.0
D010097,high,11248.95,13,1,1.0,31.7,1,0,-0.025635
D010098,low,1568.63,20,0,,46.2,3,1,0.0
D010099,low,704.24,13,0,,47.2,3,0,0.0
D010100,high,5089.34,4,0,,90.9,1,0,0.0
D010101,high,18082.94,3,0,,51.6,2,0,0.0
D010102,low,3097.36,20,0,,89.3,2,0,0.0
D010103,high,6325.45,1,0,,19.3,1,0,0.0
D010104,high,132650.46,19,1,7.0,22.1,4,1,-0.096814
D010105,high,6159.34,20,1,8.0,27.0,2,0,-0.057884
D010106,low,3851.42,13,0,,36.0,5,1,0.0
D010107,high,16117.79,1,0,,15.9,4,1,0.0
D010108,low,2509.79,14,0,,40.1,2,0,0.0
D010109,low,4462.6,5,0,,96.1,3,0,0.0
D010110,high,64457.29,22,1,10.0,106.3,4,0,-0.036632
D010111,low,2199.84,5,0,,44.1,4,0,0.0
D010112,low,4786.39,8,0,,98.2,2,0,0.0
D010113,high,6693.33,23,1,11.0,11.8,1,0,-0.086988
D010114,low,1442.13,21,0,,24.7,1,0,0.0
D010115,low,3671.93,10,0,,35.3,1,0,0.0
D010116,low,2598.68,0,0,,33.2,5,1,0.0
D010117,high,5144.18,5,0,,57.2,1,0,0.0
D010118,low,2310.33,17,0,,45.6,2,0,0.0
D010119,high,6414.81,5,0,,83.8,1,0,0.0
D010120,high,70498.45,21,1,9.0,146.6,1,0,-0.045379
D010121,high,7147.28,11,0,,39.8,1,0,0.0
D010122,high,7744.43,14,1,2.0,76.5,2,0,-0.055362
D010123,low,1053.17,19,0,,12.3,1,0,0.0
D010124,high,10970.83,4,0,,118.9,4,0,0.0
D010125,high,5548.03,18,1,6.0,45.7,3,0,-0.094845
D010126,low,4266.61,0,0,,47.7,2,0,0.0
D010127,high,95415.71,13,1,1.0,110.0,5,0,-0.016338
D010128,low,1912.87,17,0,,57.8,1,0,0.0
D010129,low,3250.06,11,0,,16.2,2,0,0.0
D010130,low,2560.36,11,0,,75.8,2,0,0.0
D010131,low,3144.73,5,0,,41.5,4,0,0.0
D010132,low,1168.71,6,0,,51.4,1,0,0.0
D010133,high,42642.24,12,1,0.0,56.7,3,0,0.0
D010134,low,621.03,12,0,,23.8,1,0,0.0
D010135,high,86687.9,5,0,,71.1,2,1,0.0
D010136,high,5598.84,5,0,,41.4,4,0,0.0
D010137,low,2460.7,9,0,,130.7,3,0,0.0
D010138,low,1383.3,13,0,,68.4,2,1,0.0
D010139,high,7672.1,5,0,,27.5,2,0,0.0
D010140,low,3700.28,17,0,,135.3,3,0,0.0
D010141,low,2176.76,17,0,,39.0,2,1,0.0
D010142,high,5461.36,17,1,5.0,24.7,2,0,-0.07183
D010143,high,11495.04,5,0,,10.1,1,0,0.0
D010144,low,4090.77,6,0,,57.5,3,0,0.0
D010145,low,3679.88,21,0,,46.7,3,1,0.0
D010146,high,12175.08,6,0,,110.2,5,0,0.0
D010147,high,5998.51,21,1,9.0,20.3,3,0,-0.053774
D010148,high,8434.5,1,0,,51.1,2,0,0.0
D010149,high,16541.44,21,1,9.0,34.4,3,0,-0.084364
D010150,low,1916.92,17,0,,81.7,1,0,0.0
D010151,low,984.67,16,0,,17.4,5,1,0.0
D010152,high,5506.53,18,1,6.0,47.2,1,0,-0.065664
D010153,low,2958.33,6,0,,69.8,2,0,0.0
D010154,low,4585.57,16,0,,8.9,2,0,0.0
D010155,low,1302.84,14,0,,37.6,1,0,0.0
D010156,low,4558.18,20,0,,65.1,2,0,0.0
D010157,high,6813.45,5,0,,127.7,1,0,0.0
D010158,low,4181.39,0,0,,63.7,2,1,0.0
D010159,high,31971.17,8,0,,62.2,3,0,0.0
D010160,high,6728.71,3,0,,102.2,3,0,0.0
D010161,high,5436.91,0,0,,205.4,4,0,0.0
D010162,high,21361.3,3,0,,58.4,1,0,0.0
D010163,low,1185.67,7,0,,153.3,4,0,0.0
D010164,high,12549.23,22,1,10.0,138.8,1,0,-0.050648
D010165,low,3156.54,12,0,,124.0,2,0,0.0
D010166,low,762.61,23,0,,27.9,4,0,0.0
D010167,low,704.19,10,0,,85.5,1,1,0.0
D010168,low,4508.87,1,0,,30.2,2,0,0.0
D010169,high,55251.68,23,1,11.0,62.0,2,0,-0.06265
D010170,low,4039.22,9,0,,69.8,2,0,0.0
D010171,high,25752.01,3,0,,32.1,5,0,0.0
D010172,high,7190.4,16,1,4.0,44.4,4,0,-0.04953
D010173,low,1704.81,7,0,,56.0,2,1,0.0
D010174,high,11438.59,16,1,4.0,6.6,2,0,-0.106071
D010175,high,14279.65,22,1,10.0,41.4,2,0,-0.066029
D010176,low,880.31,23,0,,30.2,5,0,0.0
D010177,high,28501.89,21,1,9.0,58.2,2,0,-0.032859
D010178,low,2798.18,5,0,,65.2,4,0,0.0
D010179,low,4766.47,4,0,,15.1,4,0,0.0
D010180,low,2733.34,3,0,,95.3,1,0,0.0
D010181,low,464.64,21,0,,38.4,1,1,0.0
D010182,low,2979.57,0,0,,16.9,1,1,0.0
D010183,high,6818.46,21,1,9.0,104.6,4,0,-0.044364
D010184,high,6036.54,17,1,5.0,53.7,2,0,-0.080718
D010185,low,638.3,14,0,,26.4,2,0,0.0
D010186,low,3841.2,20,0,,114.9,2,0,0.0
D010187,high,7040.9,12,1,0.0,47.7,2,0,0.0
D010188,high,8477.82,17,1,5.0,59.9,2,0,-0.045178
D010189,low,1403.41,17,0,,22.4,1,0,0.0
D010190,high,5387.14,20,1,8.0,31.8,1,0,-0.066283
D010191,low,957.25,7,0,,14.3,1,0,0.0
D010192,high,22143.29,7,0,,144.5,3,0,0.0
D010193,high,9090.18,3,0,,29.1,2,0,0.0
D010194,high,27704.95,11,0,,56.0,3,0,0.0
D010195,high,5053.42,20,1,8.0,161.8,3,0,-0.028041
D010196,low,2127.72,11,0,,57.8,4,0,0.0
D010197,high,12891.43,4,0,,53.8,2,0,0.0
D010198,high,6261.71,9,0,,104.4,3,0,0.0
D010199,high,6687.31,19,1,7.0,83.3,2,0,-0.039513
D010200,high,12844.48,8,0,,20.6,1,1,0.0
D010201,high,17377.94,23,1,11.0,3.2,2,1,-0.102568
D010202,low,4996.25,12,0,,76.2,2,0,0.0
D010203,high,17042.67,21,1,9.0,54.2,4,0,-0.068756
D010204,high,15158.16,0,0,,31.3,2,0,0.0
D010205,low,3988.95,6,0,,39.5,3,1,0.0
D010206,low,2258.62,18,0,,21.6,1,0,0.0
D010207,high,16281.41,13,1,1.0,57.6,1,0,-0.02985
D010208,low,1208.49,22,0,,64.7,2,0,0.0
D010209,low,2084.46,13,0,,130.6,1,0,0.0
D010210,high,5431.57,4,0,,20.9,2,1,0.0
D010211,high,9916.93,22,1,10.0,2.9,1,0,-0.054652
D010212,low,4683.64,1,0,,64.8,5,0,0.0
D010213,high,18045.28,9,0,,43.4,4,0,0.0
D010214,high,25647.61,10,0,,98.0,2,0,0.0
D010215,low,3291.65,0,0,,99.8,1,0,0.0
D010216,low,2911.81,2,0,,2.2,1,1,0.0
D010217,low,876.74,6,0,,153.8,2,0,0.0
D010218,low,2473.5,17,0,,15.7,1,0,0.0
D010219,low,1881.81,19,0,,30.4,1,0,0.0
D010220,high,15234.5,9,0,,158.2,3,0,0.0
D010221,low,3375.64,18,0,,49.5,3,0,0.0
D010222,low,1449.57,5,0,,50.1,2,0,0.0
D010223,high,8452.07,6,0,,42.8,3,0,0.0
D010224,low,3703.83,16,0,,78.9,3,0,0.0
D010225,high,16279.3,9,0,,36.8,4,0,0.0
D010226,low,5031.02,16,0,,166.7,6,0,0.0
D010227,low,856.76,21,0,,180.6,1,0,0.0
D010228,low,1570.87,3,0,,123.2,3,0,0.0
D010229,low,900.76,20,0,,51.6,3,0,0.0
D010230,low,1313.73,9,0,,17.7,1,0,0.0
D010231,high,7691.78,1,0,,28.3,1,0,0.0
D010232,high,5101.19,9,0,,73.6,3,0,0.0
D010233,low,297.69,1,0,,29.0,1,0,0.0
D010234,high,10666.56,16,1,4.0,48.6,3,0,-0.063307
D010235,low,4224.49,10,0,,12.5,3,1,0.0
D010236,high,12508.01,16,1,4.0,16.5,3,0,-0.06978
D010237,low,3908.14,2,0,,33.0,2,0,0.0
D010238,low,4118.72,1,0,,80.8,2,0,0.0
D010239,high,6659.19,9,0,,240.8,4,0,0.0
D010240,high,38390.37,7,0,,50.3,2,0,0.0
D010241,low,3981.84,19,0,,24.0,1,1,0.0
D010242,high,7592.88,11,0,,76.9,1,0,0.0
D010243,high,8272.08,14,1,2.0,55.7,4,0,-0.040734
D010244,low,1927.98,7,0,,71.1,3,0,0.0
D010245,high,16930.31,18,1,6.0,41.8,4,0,-0.089344
D010246,high,14663.91,7,0,,127.1,2,0,0.0
D010247,high,11586.44,0,0,,49.4,1,1,0.0
D010248,high,10646.03,0,0,,35.7,1,0,0.0
D010249,low,2112.19,14,0,,42.7,1,0,0.0
D010250,high,22540.58,23,1,11.0,24.0,2,0,-0.042747
D010251,low,1905.81,8,0,,52.4,4,0,0.0
D010252,low,1323.96,23,0,,95.9,3,0,0.0
D010253,high,6391.7,13,1,1.0,16.5,2,0,-0.040287
D010254,low,2910.65,3,0,,6.8,4,1,0.0
D010255,low,2404.95,11,0,,110.5,3,0,0.0
D010256,high,5419.71,7,0,,75.3,3,1,0.0
D010257,low,2453.2,18,0,,16.6,2,1,0.0
D010258,high,23268.61,18,1,6.0,8.8,4,0,-0.137484
D010259,low,3700.07,19,0,,72.5,4,1,0.0
D010260,low,3538.77,7,0,,82.3,1,0,0.0
D010261,low,991.31,20,0,,12.2,1,0,0.0
D010262,low,1497.19,13,0,,55.5,2,0,0.0
D010263,high,11547.8,0,0,,89.1,4,0,0.0
D010264,high,22141.91,3,0,,28.3,2,0,0.0
D010265,high,10566.49,9,0,,170.9,1,0,0.0
D010266,low,3448.49,19,0,,34.9,4,0,0.0
D010267,high,6914.45,12,1,0.0,31.9,3,0,0.0
D010268,high,6346.92,19,1,7.0,121.9,4,0,-0.054572
D010269,high,12601.55,21,1,9.0,70.6,1,0,-0.083356
D010270,high,16440.01,10,0,,48.3,1,1,0.0
D010271,high,24893.86,12,1,0.0,7.9,3,0,0.0
D010272,high,6690.28,19,1,7.0,39.6,4,0,-0.081981
D010273,low,4404.59,17,0,,153.7,1,1,0.0
D010274,high,8204.29,22,1,10.0,133.6,1,0,-0.031512
D010275,low,3043.32,10,0,,39.2,3,0,0.0
D010276,high,5660.32,16,1,4.0,171.7,1,0,-0.029181
D010277,high,10568.15,14,1,2.0,26.7,5,0,-0.041906
D010278,high,25564.98,7,0,,69.5,2,0,0.0
D010279,high,7116.4,17,1,5.0,48.3,5,0,-0.04421
D010280,high,13217.69,2,0,,43.3,5,1,0.0
D010281,low,3100.58,8,0,,49.6,1,0,0.0
D010282,low,1547.93,0,0,,10.0,3,1,0.0
D010283,high,19614.54,10,0,,75.0,1,0,0.0
D010284,high,16024.31,15,1,3.0,47.0,3,0,-0.06137
D010285,low,3794.79,16,0,,126.3,1,1,0.0
D010286,high,7170.98,21,1,9.0,74.3,3,0,-0.037669
D010287,high,19198.4,2,0,,53.3,6,0,0.0
D010288,high,5163.32,8,0,,69.9,4,0,0.0
D010289,high,7636.17,2,0,,17.2,5,0,0.0
D010290,high,11643.81,13,1,1.0,76.9,1,0,-0.022344
D010291,low,3331.13,22,0,,57.9,1,0,0.0
D010292,high,13392.33,16,1,4.0,69.2,3,0,-0.059718
D010293,high,69396.04,2,0,,44.8,2,0,0.0
D010294,high,7356.3,16,1,4.0,73.4,5,0,-0.03017
D010295,high,8067.3,23,1,11.0,55.6,3,0,-0.049707
D010296,high,15030.89,6,0,,12.2,2,0,0.0
D010297,low,1332.5,21,0,,36.1,4,1,0.0
D010298,high,22490.94,17,1,5.0,37.7,3,0,-0.040319
D010299,low,4967.92,20,0,,39.4,6,0,0.0
D010300,low,1699.39,22,0,,103.3,1,0,0.0
D010301,high,5326.32,2,0,,92.8,3,0,0.0
D010302,low,2629.22,13,0,,37.8,3,0,0.0
D010303,low,2731.36,13,0,,48.3,3,0,0.0
D010304,low,1260.3,18,0,,7.1,2,1,0.0
D010305,high,64122.8,6,0,,42.4,1,1,0.0
D010306,low,1520.27,22,0,,93.5,2,1,0.0
D010307,high,10229.67,22,1,10.0,52.5,3,0,-0.07134
D010308,low,4206.85,19,0,,31.0,1,1,0.0
D010309,high,7076.87,5,0,,8.3,1,1,0.0
D010310,high,5639.27,10,0,,84.3,1,0,0.0
D010311,high,9766.58,18,1,6.0,47.0,1,0,-0.092415
D010312,high,33277.14,20,1,8.0,49.0,3,0,-0.050583
D010313,high,8574.29,18,1,6.0,62.2,4,0,-0.078864
D010314,high,22302.0,16,1,4.0,24.5,2,0,-0.080704
D010315,high,5152.25,5,0,,20.6,1,0,0.0
D010316,low,3743.45,14,0,,21.1,1,0,0.0
D010317,high,14955.11,4,0,,92.4,1,0,0.0
D010318,low,2573.81,12,0,,13.7,2,0,0.0
D010319,high,6073.55,10,0,,26.5,1,0,0.0
D010320,high,56326.9,4,0,,42.5,3,0,0.0
D010321,high,6515.22,21,1,9.0,52.8,4,0,-0.05934
D010322,high,47481.53,19,1,7.0,74.0,5,0,-0.037804
D010323,high,35291.83,17,1,5.0,42.8,3,0,-0.066392
D010324,low,5021.42,7,0,,43.8,5,0,0.0
D010325,high,9151.93,13,1,1.0,66.1,5,1,-0.028054
D010326,low,3442.58,0,0,,131.4,5,0,0.0
D010327,high,6246.97,4,0,,149.3,2,0,0.0
D010328,high,14982.56,17,1,5.0,109.6,1,0,-0.032015
D010329,low,3095.62,15,0,,120.4,1,0,0.0
D010330,low,1605.63,8,0,,20.4,2,0,0.0
D010331,low,4841.22,12,0,,34.1,1,0,0.0
D010332,high,6330.73,2,0,,23.9,1,1,0.0
D010333,high,10961.85,21,1,9.0,43.3,2,0,-0.071223
D010334,high,27255.46,16,1,4.0,95.5,6,0,-0.067627
D010335,high,23150.73,3,0,,33.3,3,0,0.0
D010336,low,2928.07,6,0,,124.7,1,0,0.0
D010337,high,14147.07,3,0,,14.6,2,0,0.0
D010338,high,10471.88,16,1,4.0,45.2,5,0,-0.044774
D010339,high,10676.79,22,1,10.0,94.0,3,0,-0.093511
D010340,high,8211.98,1,0,,12.5,3,0,0.0
D010341,high,12836.18,16,1,4.0,29.1,2,0,-0.056584
D010342,high,10323.17,20,1,8.0,13.2,3,0,-0.070341
D010343,high,23868.42,16,1,4.0,127.2,2,0,-0.048318
D010344,high,13284.6,6,0,,27.8,4,0,0.0
D010345,low,602.11,15,0,,88.5,3,0,0.0
D010346,high,5700.59,20,1,8.0,101.4,3,0,-0.050778
D010347,high,18684.66,23,1,11.0,53.8,6,0,-0.04452
D010348,low,1208.05,11,0,,45.8,3,0,0.0
D010349,high,58474.25,19,1,7.0,68.1,2,0,-0.057529
D010350,low,4000.4,6,0,,78.0,4,0,0.0
D010351,high,10040.49,3,0,,35.7,3,0,0.0
D010352,low,902.14,5,0,,50.7,2,0,0.0
D010353,low,3465.37,4,0,,159.9,4,0,0.0
D010354,low,3012.42,1,0,,92.8,4,0,0.0
D010355,low,1136.48,0,0,,83.4,4,0,0.0
D010356,high,23822.58,8,0,,81.5,3,0,0.0
D010357,high,17551.39,15,1,3.0,97.0,4,0,-0.078304
D010358,low,1490.24,10,0,,52.5,1,0,0.0
D010359,high,8449.89,5,0,,99.0,2,0,0.0
D010360,high,15907.77,19,1,7.0,108.7,2,0,-0.055191
D010361,high,12163.65,12,1,0.0,5.8,5,0,0.0
D010362,high,9244.28,1,0,,54.6,5,0,0.0
D010363,high,10429.25,23,1,11.0,79.5,5,1,-0.041002
D010364,high,5274.61,4,0,,7.7,1,1,0.0
D010365,high,34010.57,22,1,10.0,31.7,5,0,-0.052555
D010366,high,5820.71,21,1,9.0,4.7,3,1,-0.087089
D010367,low,518.56,21,0,,75.6,3,1,0.0
D010368,low,3155.21,9,0,,48.1,2,0,0.0
D010369,low,3895.32,14,0,,36.0,4,1,0.0
D010370,low,3226.36,13,0,,33.0,1,0,0.0
D010371,low,4818.03,6,0,,45.2,4,0,0.0
D010372,low,3840.06,2,0,,8.2,3,0,0.0
D010373,low,1340.98,12,0,,47.3,2,0,0.0
D010374,high,5052.06,22,1,10.0,38.5,4,0,-0.07876
D010375,low,2438.46,17,0,,47.6,1,0,0.0
D010376,high,8248.25,15,1,3.0,27.3,1,0,-0.09088
D010377,low,3703.21,17,0,,135.8,4,0,0.0
D010378,low,1248.89,13,0,,15.6,2,0,0.0
D010379,high,14424.19,5,0,,74.2,1,1,0.0
D010380,low,4332.35,10,0,,50.1,1,0,0.0
D010381,high,8897.17,9,0,,28.7,4,0,0.0
D010382,high,66371.06,15,1,3.0,65.5,1,0,-0.091239
D010383,high,10732.65,14,1,2.0,8.1,1,0,-0.046353
D010384,high,19502.61,23,1,11.0,101.4,2,0,-0.067529
D010385,high,53869.94,6,0,,45.2,1,1,0.0
D010386,high,21057.05,0,0,,48.4,3,0,0.0
D010387,high,8165.24,9,0,,64.7,1,0,0.0
D010388,high,10995.86,12,1,0.0,20.7,4,0,0.0
D010389,low,3881.95,2,0,,38.3,2,0,0.0
D010390,low,3317.25,22,0,,75.3,3,0,0.0
D010391,high,5793.87,14,1,2.0,29.9,4,0,-0.062838
D010392,high,9163.93,23,1,11.0,26.2,1,0,-0.039389
D010393,high,7647.7,14,1,2.0,52.2,4,0,-0.043811
D010394,low,2497.42,3,0,,29.3,2,0,0.0
D010395,high,22367.63,13,1,1.0,186.4,3,0,-0.009706
D010396,high,8283.03,12,1,0.0,86.8,4,0,0.0
D010397,high,13064.07,2,0,,68.8,5,0,0.0
D010398,high,7616.41,3,0,,98.0,2,0,0.0
D010399,low,4243.46,1,0,,144.8,2,0,0.0
D010400,low,3523.63,23,0,,80.8,2,0,0.0
D010401,high,18058.01,4,0,,63.4,3,0,0.0
D010402,low,4718.91,1,0,,14.6,3,0,0.0
D010403,low,794.96,21,0,,60.4,1,1,0.0
D010404,low,1520.0,7,0,,161.5,2,0,0.0
D010405,low,3342.07,2,0,,31.2,2,0,0.0
D010406,low,3840.22,16,0,,58.2,6,0,0.0
D010407,low,4681.47,3,0,,18.1,1,1,0.0
D010408,low,2831.48,10,0,,52.6,2,1,0.0
D010409,high,6237.93,19,1,7.0,70.4,3,0,-0.065262
D010410,high,7423.67,15,1,3.0,39.5,4,0,-0.052835
D010411,low,2321.93,15,0,,88.9,2,0,0.0
D010412,low,510.3,17,0,,43.4,1,0,0.0
D010413,high,9267.29,15,1,3.0,47.9,1,0,-0.080536
D010414,high,11038.7,18,1,6.0,126.6,2,0,-0.106727
D010415,high,6697.35,18,1,6.0,69.2,2,0,-0.038198
D010416,high,5342.52,14,1,2.0,28.5,3,0,-0.053439
D010417,low,1829.6,8,0,,30.6,1,0,0.0
D010418,low,668.97,13,0,,37.6,1,1,0.0
D010419,low,1532.27,5,0,,7.3,3,1,0.0
D010420,high,23839.31,3,0,,33.9,4,0,0.0
D010421,high,14528.39,4,0,,41.3,1,0,0.0
D010422,high,22800.88,13,1,1.0,16.5,6,1,-0.026335
D010423,high,6934.45,18,1,6.0,22.4,1,0,-0.103108
D010424,low,2190.02,5,0,,135.1,1,0,0.0
D010425,high,7552.02,21,1,9.0,17.1,2,0,-0.083482
D010426,high,6937.77,3,0,,56.6,2,1,0.0
D010427,high,13017.52,20,1,8.0,54.8,4,0,-0.074277
D010428,low,1327.02,9,0,,283.9,2,0,0.0
D010429,high,9633.09,23,1,11.0,20.3,4,0,-0.064169
D010430,low,4148.22,19,0,,39.7,1,0,0.0
D010431,high,14873.06,10,0,,50.7,1,0,0.0
D010432,high,23961.9,16,1,4.0,168.8,2,0,-0.023576
D010433,low,1853.44,21,0,,26.8,2,0,0.0
D010434,high,13098.7,18,1,6.0,82.0,4,0,-0.079363
D010435,low,810.84,16,0,,46.8,2,0,0.0
D010436,high,15550.61,0,0,,16.2,3,0,0.0
D010437,low,3053.89,22,0,,76.4,1,0,0.0
D010438,high,7134.17,19,1,7.0,63.8,3,0,-0.065067
D010439,high,6168.66,4,0,,46.4,2,0,0.0
D010440,high,10737.14,6,0,,62.2,1,0,0.0
D010441,high,5932.09,8,0,,149.2,4,0,0.0
D010442,low,3226.02,3,0,,79.0,2,0,0.0
D010443,high,6167.05,14,1,2.0,28.6,2,0,-0.058764
D010444,high,6951.41,16,1,4.0,49.9,2,0,-0.048551
D010445,high,20877.47,15,1,3.0,58.5,3,0,-0.047307
D010446,high,28732.6,11,0,,88.0,4,1,0.0
D010447,low,3152.29,23,0,,66.7,1,0,0.0
D010448,high,5986.67,18,1,6.0,18.2,2,0,-0.095673
D010449,high,8032.09,12,1,0.0,30.1,1,0,0.0
D010450,low,1205.4,16,0,,42.0,1,0,0.0
D010451,low,3510.04,19,0,,37.1,1,0,0.0
D010452,high,7843.55,21,1,9.0,76.4,4,0,-0.041944
D010453,high,10104.54,11,0,,25.9,1,0,0.0
D010454,low,4147.25,21,0,,63.3,4,0,0.0
D010455,high,12373.39,5,0,,54.9,5,0,0.0
D010456,low,767.5,13,0,,47.2,2,0,0.0
D010457,high,18971.23,20,1,8.0,17.8,3,0,-0.053099
D010458,low,2150.19,23,0,,94.0,2,0,0.0
D010459,low,597.79,17,0,,111.6,1,0,0.0
D010460,high,17278.39,10,0,,112.9,2,0,0.0
D010461,low,2217.87,3,0,,60.2,1,0,0.0
D010462,low,2842.95,6,0,,24.1,4,0,0.0
D010463,low,2967.18,2,0,,11.8,2,0,0.0
D010464,low,899.05,13,0,,59.7,5,0,0.0
D010465,low,2684.79,3,0,,39.4,5,1,0.0
D010466,low,1390.43,22,0,,76.1,4,0,0.0
D010467,low,2744.77,23,0,,160.5,2,0,0.0
D010468,high,13348.64,2,0,,62.5,4,0,0.0
D010469,high,16790.78,9,0,,31.7,3,0,0.0
D010470,high,10238.57,22,1,10.0,40.7,3,0,-0.07834
D010471,low,1778.49,2,0,,36.4,2,0,0.0
D010472,low,487.38,16,0,,88.3,2,0,0.0
D010473,high,13451.46,0,0,,42.8,2,0,0.0
D010474,low,2556.96,5,0,,38.2,2,1,0.0
D010475,low,2399.89,7,0,,52.9,2,1,0.0
D010476,high,7104.37,17,1,5.0,19.6,2,0,-0.054838
D010477,low,5012.16,5,0,,35.8,1,1,0.0
D010478,high,30526.89,0,0,,32.0,2,0,0.0
D010479,high,44077.11,2,0,,178.7,5,0,0.0
D010480,high,11282.19,5,0,,33.0,1,0,0.0
D010481,high,10739.07,5,0,,25.8,2,0,0.0
D010482,high,5066.24,19,1,7.0,23.7,3,1,-0.120194
D010483,low,3333.86,0,0,,157.7,4,1,0.0
D010484,low,1908.25,17,0,,148.4,4,0,0.0
D010485,low,2639.23,21,0,,60.1,5,0,0.0
D010486,high,10330.2,3,0,,80.4,4,0,0.0
D010487,high,7045.95,2,0,,106.3,1,0,0.0
D010488,low,1494.99,12,0,,45.8,1,0,0.0
D010489,high,18122.82,7,0,,82.6,3,0,0.0
D010490,high,12966.22,18,1,6.0,134.8,2,0,-0.044207
D010491,low,2225.08,21,0,,94.5,1,0,0.0
D010492,high,38797.05,13,1,1.0,24.5,2,0,-0.041476
D010493,low,2555.81,1,0,,73.5,1,0,0.0
D010494,low,1668.04,7,0,,107.3,5,1,0.0
D010495,low,2968.87,13,0,,29.7,6,0,0.0
D010496,high,61580.25,2,0,,87.9,4,0,0.0
D010497,high,7622.4,23,1,11.0,44.2,1,0,-0.088015
D010498,high,8863.09,18,1,6.0,69.0,2,0,-0.029546
D010499,low,1263.65,13,0,,16.7,2,0,0.0
D010500,high,6951.8,21,1,9.0,40.3,4,0,-0.043509
D010501,high,6939.69,7,0,,26.4,2,0,0.0
D010502,high,5387.93,19,1,7.0,49.7,2,0,-0.097465
D010503,low,1584.81,0,0,,29.0,1,1,0.0
D010504,high,6844.66,11,0,,88.3,2,0,0.0
D010505,low,1441.25,21,0,,46.6,1,0,0.0
D010506,high,20918.25,19,1,7.0,78.2,1,0,-0.061942
D010507,low,2689.92,18,0,,110.4,2,0,0.0
D010508,low,987.07,21,0,,102.4,1,0,0.0
D010509,low,2964.7,1,0,,141.4,6,1,0.0
D010510,low,4071.55,5,0,,14.9,1,1,0.0
D010511,high,5404.11,1,0,,19.8,2,0,0.0
D010512,low,3563.06,2,0,,121.4,1,0,0.0
D010513,high,11198.17,12,1,0.0,43.9,3,0,0.0
D010514,low,3290.02,17,0,,78.5,4,0,0.0
D010515,low,1939.6,1,0,,61.9,1,0,0.0
D010516,low,2963.85,15,0,,54.1,4,0,0.0
D010517,high,6574.43,12,1,0.0,89.8,1,0,0.0
D010518,low,4941.88,10,0,,10.9,4,0,0.0
D010519,high,33683.81,11,0,,61.0,2,1,0.0
D010520,high,7728.13,3,0,,92.8,5,0,0.0
D010521,high,5201.69,20,1,8.0,30.8,5,0,-0.063907
D010522,low,3642.74,15,0,,27.2,1,0,0.0
D010523,high,16333.8,21,1,9.0,19.2,1,0,-0.053631
D010524,high,9843.46,8,0,,76.8,3,0,0.0
D010525,high,5326.96,8,0,,67.6,3,0,0.0
D010526,low,2652.05,20,0,,41.3,1,0,0.0
D010527,low,2973.65,18,0,,161.7,2,0,0.0
D010528,high,11478.58,20,1,8.0,26.3,1,0,-0.059806
D010529,low,1463.05,17,0,,16.4,3,0,0.0
D010530,high,8540.44,14,1,2.0,56.8,4,0,-0.040787
D010531,high,9501.35,2,0,,12.4,1,0,0.0
D010532,high,9638.12,5,0,,57.6,3,1,0.0
D010533,low,1473.53,13,0,,45.6,3,0,0.0
D010534,high,37112.78,5,0,,8.6,2,0,0.0
D010535,high,8836.23,8,0,,105.6,1,0,0.0
D010536,low,5014.59,22,0,,84.8,1,0,0.0
D010537,high,15123.65,12,1,0.0,187.3,4,0,0.0
D010538,low,3054.44,21,0,,26.2,3,0,0.0
D010539,low,831.67,23,0,,130.7,2,0,0.0
D010540,low,1434.72,10,0,,123.8,2,0,0.0
D010541,high,7447.07,23,1,11.0,32.0,4,0,-0.069308
D010542,low,2229.78,14,0,,52.4,4,0,0.0
D010543,low,3655.54,19,0,,103.6,1,0,0.0
D010544,high,31990.54,6,0,,131.6,1,0,0.0
D010545,high,22512.32,17,1,5.0,29.7,5,0,-0.129122
D010546,low,4701.89,13,0,,47.0,1,0,0.0
D010547,high,7225.3,3,0,,42.9,3,0,0.0
D010548,high,9945.67,14,1,2.0,74.2,2,0,-0.045123
D010549,low,1687.87,13,0,,146.6,2,0,0.0
D010550,high,7733.34,17,1,5.0,85.9,3,0,-0.05837
D010551,high,5492.44,17,1,5.0,34.1,1,0,-0.077514
D010552,low,2358.83,6,0,,38.1,4,1,0.0
D010553,low,1138.8,11,0,,14.9,3,0,0.0
D010554,high,9232.89,18,1,6.0,22.9,2,0,-0.072096
D010555,high,6412.39,1,0,,36.0,2,0,0.0
D010556,low,4430.68,2,0,,64.4,1,1,0.0
D010557,high,9022.31,19,1,7.0,101.7,1,0,-0.049404
D010558,high,15829.13,16,1,4.0,30.9,2,1,-0.091502
D010559,high,9492.49,3,0,,166.2,2,0,0.0
D010560,low,2963.65,12,0,,13.7,3,0,0.0
D010561,low,2516.22,19,0,,42.9,3,0,0.0
D010562,low,1473.74,13,0,,70.2,1,0,0.0
D010563,high,8366.29,10,0,,93.5,2,0,0.0
D010564,low,3365.96,11,0,,62.8,6,0,0.0
D010565,low,829.18,17,0,,35.1,1,0,0.0
D010566,high,9549.05,10,0,,20.2,3,0,0.0
D010567,high,10516.28,18,1,6.0,70.3,5,0,-0.064534
D010568,low,1476.63,8,0,,141.8,1,0,0.0
D010569,low,2529.08,23,0,,27.1,6,0,0.0
D010570,high,5832.69,13,1,1.0,67.4,1,0,-0.023442
D010571,high,8638.05,17,1,5.0,35.4,2,0,-0.063726
D010572,low,2058.15,4,0,,66.8,4,1,0.0
D010573,low,1496.54,20,0,,21.9,6,0,0.0
D010574,low,2351.73,14,0,,66.8,2,0,0.0
D010575,low,3255.54,10,0,,32.9,2,0,0.0
D010576,high,5441.33,20,1,8.0,61.1,1,0,-0.052359
D010577,high,22772.34,17,1,5.0,97.0,1,0,-0.043255
D010578,high,11614.28,22,1,10.0,49.4,2,0,-0.044772
D010579,low,4409.63,6,0,,6.0,2,0,0.0
D010580,low,3419.39,6,0,,36.1,2,0,0.0
D010581,high,30731.65,11,0,,30.9,2,0,0.0
D010582,low,4338.86,5,0,,16.3,3,0,0.0
D010583,high,9531.6,23,1,11.0,52.5,4,0,-0.050517
D010584,high,10453.44,17,1,5.0,24.0,1,0,-0.089999
D010585,high,10413.21,20,1,8.0,85.2,6,0,-0.053474
D010586,low,2154.12,1,0,,82.0,2,0,0.0
D010587,high,5948.55,13,1,1.0,17.0,3,0,-0.04811
D010588,high,21140.93,13,1,1.0,74.4,4,0,-0.021598
D010589,high,34654.72,4,0,,78.7,5,0,0.0
D010590,low,4212.9,2,0,,66.4,4,0,0.0
D010591,high,10195.79,22,1,10.0,66.2,2,0,-0.08566
D010592,low,877.48,21,0,,100.2,1,0,0.0
D010593,low,3067.26,12,0,,32.3,3,0,0.0
D010594,low,3552.29,13,0,,35.0,3,0,0.0
D010595,high,18169.1,7,0,,28.6,1,0,0.0
D010596,low,505.63,5,0,,17.7,2,0,0.0
D010597,low,1363.3,12,0,,24.9,3,0,0.0
D010598,high,10082.55,6,0,,16.3,1,0,0.0
D010599,high,24620.09,21,1,9.0,97.0,3,0,-0.042413
D010600,low,2303.23,20,0,,74.2,3,0,0.0
D010601,high,11537.67,14,1,2.0,56.3,1,0,-0.037886
D010602,high,6762.2,15,1,3.0,104.7,1,0,-0.055479
D010603,low,1129.59,21,0,,50.2,3,0,0.0
D010604,low,1756.8,0,0,,23.0,4,0,0.0
D010605,high,119692.95,21,1,9.0,46.9,3,0,-0.076111
D010606,low,1235.42,10,0,,105.5,2,0,0.0
D010607,low,4146.01,7,0,,25.2,5,0,0.0
D010608,high,27114.34,5,0,,59.5,3,0,0.0
D010609,low,573.94,0,0,,53.3,6,0,0.0
D010610,high,12066.34,19,1,7.0,67.4,4,0,-0.03794
D010611,high,13581.27,12,1,0.0,71.7,1,0,0.0
D010612,low,4848.83,0,0,,11.4,2,0,0.0
D010613,low,1218.8,6,0,,10.8,1,0,0.0
D010614,low,4224.34,1,0,,96.3,4,1,0.0
D010615,high,13487.1,3,0,,88.7,2,1,0.0
D010616,low,2380.18,22,0,,75.6,2,0,0.0
D010617,low,4716.97,18,0,,6.5,2,0,0.0
D010618,high,22116.2,5,0,,47.4,5,0,0.0
D010619,high,17582.69,1,0,,109.7,3,0,0.0
D010620,low,1490.94,11,0,,77.7,2,0,0.0
D010621,low,4249.55,15,0,,109.0,1,0,0.0
D010622,high,8313.34,15,1,3.0,121.3,4,0,-0.04239
D010623,low,1414.27,4,0,,64.6,5,0,0.0
D010624,high,30591.7,19,1,7.0,36.7,3,0,-0.057149
D010625,high,26131.08,18,1,6.0,18.4,1,0,-0.046231
D010626,high,14968.77,20,1,8.0,68.1,2,0,-0.056862
D010627,low,3599.79,18,0,,155.3,6,0,0.0
D010628,high,92161.23,0,0,,43.5,5,0,0.0
D010629,low,3441.33,23,0,,44.6,2,0,0.0
D010630,high,14204.46,10,0,,19.8,1,0,0.0
D010631,high,67720.16,0,0,,78.7,1,0,0.0
D010632,low,1991.32,5,0,,85.7,2,0,0.0
D010633,low,592.46,7,0,,17.1,5,0,0.0
D010634,low,2097.78,7,0,,21.0,1,0,0.0
D010635,low,3494.89,20,0,,17.0,1,0,0.0
D010636,high,5145.49,5,0,,66.5,3,0,0.0
D010637,high,7766.26,19,1,7.0,46.4,3,0,-0.080684
D010638,high,6460.51,8,0,,19.1,2,0,0.0
D010639,high,27362.47,2,0,,34.6,4,0,0.0
D010640,high,8338.64,23,1,11.0,36.3,3,0,-0.048645
D010641,low,3633.3,14,0,,67.8,1,0,0.0
D010642,low,2527.08,0,0,,39.8,4,0,0.0
D010643,high,8231.13,13,1,1.0,66.6,1,0,-0.016715
D010644,low,3008.89,22,0,,71.7,2,0,0.0
D010645,high,6399.31,6,0,,31.3,2,0,0.0
D010646,low,1276.87,22,0,,97.4,3,0,0.0
D010647,low,945.8,22,0,,23.7,3,0,0.0
D010648,low,4688.74,3,0,,21.5,2,0,0.0
D010649,low,4944.59,13,0,,51.6,3,0,0.0
D010650,high,5864.69,18,1,6.0,31.1,4,0,-0.081155
D010651,low,1428.41,8,0,,1.0,2,0,0.0
D010652,low,322.09,14,0,,35.5,2,1,0.0
D010653,low,3926.61,12,0,,162.5,1,1,0.0
D010654,low,1079.99,1,0,,157.1,1,0,0.0
D010655,high,14827.5,9,0,,35.2,5,0,0.0
D010656,low,1859.14,2,0,,24.0,1,0,0.0
D010657,low,2954.8,4,0,,87.5,1,0,0.0
D010658,high,24027.94,11,0,,29.7,2,0,0.0
D010659,low,3064.0,12,0,,86.4,2,0,0.0
D010660,high,31133.16,19,1,7.0,11.1,5,0,-0.11032
D010661,low,3363.74,3,0,,15.9,3,0,0.0
D010662,high,8622.16,16,1,4.0,115.9,2,0,-0.049561
D010663,high,5829.44,10,0,,100.1,3,0,0.0
D010664,low,4133.42,16,0,,51.8,2,0,0.0
D010665,low,3764.89,14,0,,29.2,3,0,0.0
D010666,high,26881.67,2,0,,138.6,1,0,0.0
D010667,high,9632.6,5,0,,34.7,3,0,0.0
D010668,low,2880.0,15,0,,30.7,2,0,0.0
D010669,high,11013.57,18,1,6.0,99.5,2,0,-0.032167
D010670,low,2224.87,16,0,,12.4,4,0,0.0
D010671,high,5106.64,0,0,,47.6,3,0,0.0
D010672,low,1327.29,1,0,,21.7,1,1,0.0
D010673,high,5290.75,18,1,6.0,151.6,2,0,-0.0442
D010674,high,8066.74,6,0,,81.7,2,0,0.0
D010675,low,3283.74,17,0,,15.3,2,0,0.0
D010676,low,1560.27,0,0,,67.1,3,0,0.0
D010677,low,4152.59,14,0,,69.8,4,0,0.0
D010678,low,1067.57,21,0,,49.2,1,1,0.0
D010679,low,2413.07,10,0,,116.5,1,0,0.0
D010680,low,4818.79,20,0,,94.3,3,1,0.0
D010681,low,323.35,11,0,,33.9,1,0,0.0
D010682,high,19597.73,14,1,2.0,71.1,2,0,-0.044058
D010683,low,919.11,3,0,,163.1,1,0,0.0
D010684,low,1393.9,23,0,,6.4,3,0,0.0
D010685,high,5398.43,17,1,5.0,114.3,4,0,-0.091137
D010686,high,6120.45,17,1,5.0,40.8,1,0,-0.065923
D010687,low,3490.08,0,0,,26.6,5,1,0.0
D010688,high,22206.07,12,1,0.0,65.3,2,1,0.0
D010689,low,1432.74,9,0,,135.7,2,0,0.0
D010690,high,9109.44,4,0,,47.8,5,0,0.0
D010691,low,4086.54,11,0,,22.0,2,1,0.0
D010692,high,11289.02,10,0,,88.4,2,0,0.0
D010693,high,6630.93,1,0,,26.6,4,1,0.0
D010694,low,2510.49,20,0,,108.4,2,0,0.0
D010695,high,51036.24,12,1,0.0,81.5,3,0,0.0
D010696,low,1028.86,15,0,,38.8,1,0,0.0
D010697,high,15037.62,5,0,,79.1,2,0,0.0
D010698,high,87467.56,7,0,,25.2,3,0,0.0
D010699,high,6729.05,14,1,2.0,34.8,3,0,-0.050552
D010700,high,20495.71,20,1,8.0,44.3,5,0,-0.056146
D010701,high,9872.46,20,1,8.0,83.7,5,0,-0.067585
D010702,low,739.48,21,0,,216.2,5,0,0.0
D010703,high,12350.41,9,0,,64.3,4,0,0.0
D010704,high,6425.25,8,0,,45.1,1,0,0.0
D010705,low,786.04,19,0,,42.0,1,0,0.0
D010706,high,8255.26,6,0,,18.0,4,0,0.0
D010707,high,9110.9,23,1,11.0,57.5,2,0,-0.04357
D010708,low,1012.52,14,0,,9.6,2,0,0.0
D010709,high,23177.39,22,1,10.0,77.0,5,0,-0.030696
D010710,high,14910.89,19,1,7.0,38.1,6,0,-0.061954
D010711,low,2183.81,19,0,,29.6,2,0,0.0
D010712,high,54348.42,13,1,1.0,107.1,1,0,-0.023896
D010713,low,1450.84,17,0,,109.3,2,0,0.0
D010714,low,2547.23,4,0,,52.9,2,0,0.0
D010715,low,1019.33,8,0,,42.3,4,1,0.0
D010716,high,5274.84,7,0,,19.3,4,0,0.0
D010717,low,3912.23,15,0,,82.5,2,0,0.0
D010718,high,9268.31,15,1,3.0,11.8,1,0,-0.09765
D010719,high,6038.93,6,0,,43.8,1,1,0.0
D010720,high,5907.72,3,0,,24.8,3,0,0.0
D010721,low,3052.75,4,0,,16.9,1,0,0.0
D010722,low,1369.99,14,0,,38.4,1,0,0.0
D010723,low,3180.01,20,0,,44.4,2,1,0.0
D010724,low,1300.96,4,0,,23.1,2,0,0.0
D010725,low,1615.13,19,0,,11.1,3,1,0.0
D010726,low,1267.23,19,0,,48.5,2,0,0.0
D010727,high,5496.2,11,0,,68.1,2,0,0.0
D010728,high,13359.85,9,0,,82.2,1,0,0.0
D010729,high,11003.05,23,1,11.0,61.5,1,0,-0.057365
D010730,low,2553.43,2,0,,34.4,4,0,0.0
D010731,low,1021.65,1,0,,41.2,1,0,0.0
D010732,high,41468.96,21,1,9.0,74.5,5,0,-0.042413
D010733,high,11823.76,12,1,0.0,41.7,3,0,0.0
D010734,high,12347.99,10,0,,31.7,2,0,0.0
D010735,low,2275.4,14,0,,56.5,2,0,0.0
D010736,low,1814.98,5,0,,21.7,3,0,0.0
D010737,high,18763.53,1,0,,7.7,1,0,0.0
D010738,high,43949.74,18,1,6.0,59.2,1,1,-0.073183
D010739,low,2382.39,18,0,,17.8,1,0,0.0
D010740,high,6208.34,19,1,7.0,36.1,3,0,-0.053919
D010741,high,5413.02,5,0,,11.5,2,1,0.0
D010742,low,2859.3,9,0,,41.0,5,0,0.0
D010743,high,9288.97,21,1,9.0,20.9,5,0,-0.058574
D010744,low,3709.52,8,0,,108.3,5,0,0.0
D010745,low,3341.33,10,0,,14.6,1,0,0.0
D010746,low,1135.93,17,0,,102.4,2,0,0.0
D010747,high,7161.29,2,0,,97.1,6,0,0.0
D010748,high,8583.67,8,0,,50.1,1,0,0.0
D010749,low,1625.54,12,0,,40.2,5,0,0.0
D010750,high,7763.56,1,0,,61.3,4,0,0.0
D010751,low,1186.38,20,0,,104.4,2,0,0.0
D010752,high,6050.11,11,0,,24.4,2,0,0.0
D010753,high,23826.03,20,1,8.0,43.7,3,0,-0.052814
D010754,high,13219.12,14,1,2.0,76.0,1,1,-0.037136
D010755,high,6362.21,8,0,,11.9,1,0,0.0
D010756,low,2192.47,12,0,,62.2,2,0,0.0
D010757,high,8025.11,5,0,,70.2,2,0,0.0
D010758,low,386.84,13,0,,30.1,3,0,0.0
D010759,high,11944.2,5,0,,111.6,2,0,0.0
D010760,high,22976.68,16,1,4.0,17.0,1,0,-0.052388
D010761,high,10260.56,15,1,3.0,73.7,2,0,-0.09886
D010762,high,13178.76,5,0,,30.1,4,0,0.0
D010763,low,2877.75,23,0,,149.0,2,0,0.0
D010764,high,42461.32,11,0,,35.5,3,0,0.0
D010765,low,4031.35,15,0,,166.8,3,0,0.0
D010766,low,877.87,15,0,,38.9,3,1,0.0
D010767,low,1829.16,9,0,,13.9,3,0,0.0
D010768,high,16607.92,10,0,,47.1,4,0,0.0
D010769,low,1159.9,18,0,,56.3,1,0,0.0
D010770,high,7457.69,18,1,6.0,33.0,2,0,-0.045075
D010771,high,11990.76,23,1,11.0,23.2,4,0,-0.071307
D010772,high,6534.77,20,1,8.0,49.9,3,1,-0.093876
D010773,high,6789.0,21,1,9.0,76.6,3,0,-0.06489
D010774,low,932.23,2,0,,119.7,1,0,0.0
D010775,low,736.59,14,0,,90.3,1,0,0.0
D010776,high,23473.14,23,1,11.0,72.8,2,0,-0.097236
D010777,high,5978.82,19,1,7.0,92.8,2,0,-0.062243
D010778,high,21274.05,8,0,,105.1,4,0,0.0
D010779,low,654.9,4,0,,72.6,3,0,0.0
D010780,high,16502.81,18,1,6.0,30.0,2,0,-0.103592
D010781,low,1233.8,19,0,,187.7,2,0,0.0
D010782,high,7681.76,13,1,1.0,81.7,4,0,-0.02597
D010783,high,5518.86,7,0,,62.0,4,0,0.0
D010784,high,18954.92,18,1,6.0,8.8,5,0,-0.070411
D010785,high,5847.09,15,1,3.0,131.3,2,0,-0.042752
D010786,high,11727.38,7,0,,6.9,3,0,0.0
D010787,low,1939.96,17,0,,23.4,1,0,0.0
D010788,low,780.61,11,0,,93.2,4,0,0.0
D010789,high,12013.18,6,0,,16.4,5,0,0.0
D010790,low,2046.31,15,0,,97.6,1,0,0.0
D010791,low,2016.17,21,0,,95.3,2,1,0.0
D010792,high,28368.8,6,0,,73.6,3,0,0.0
D010793,high,10312.66,2,0,,33.6,2,0,0.0
D010794,low,3642.3,15,0,,56.3,3,0,0.0
D010795,low,147.52,23,0,,175.6,2,0,0.0
D010796,high,8450.38,3,0,,242.6,4,1,0.0
D010797,low,3350.76,10,0,,87.2,2,0,0.0
D010798,high,10944.3,9,0,,96.2,1,1,0.0
D010799,low,2079.49,21,0,,84.3,2,0,0.0
D010800,high,12904.25,21,1,9.0,35.4,3,0,-0.065752
D010801,low,2340.72,8,0,,28.7,1,0,0.0
D010802,low,1896.9,21,0,,51.8,5,0,0.0
D010803,low,1852.99,21,0,,36.3,3,0,0.0
D010804,low,974.75,12,0,,48.3,1,1,0.0
D010805,low,1405.61,10,0,,31.7,3,0,0.0
D010806,low,1017.43,4,0,,56.6,4,0,0.0
D010807,low,3633.03,23,0,,82.5,2,0,0.0
D010808,low,3778.13,20,0,,10.7,1,1,0.0
D010809,low,3819.52,19,0,,89.5,2,0,0.0
D010810,high,14247.99,11,0,,100.5,6,0,0.0
D010811,low,67.06,3,0,,126.1,1,0,0.0
D010812,low,1548.32,19,0,,37.5,2,0,0.0
D010813,high,5593.0,19,1,7.0,37.5,3,0,-0.037797
D010814,low,984.06,6,0,,13.9,2,0,0.0
D010815,low,4005.85,21,0,,217.8,1,0,0.0
D010816,low,2114.44,22,0,,42.9,1,1,0.0
D010817,high,12037.04,19,1,7.0,94.9,5,0,-0.03802
D010818,high,6803.0,6,0,,124.3,4,0,0.0
D010819,low,2448.88,13,0,,49.8,1,1,0.0
D010820,low,4390.58,12,0,,29.1,1,0,0.0
D010821,low,2587.7,15,0,,37.2,2,0,0.0
D010822,low,4032.37,0,0,,46.2,4,0,0.0
D010823,low,4506.16,18,0,,71.1,3,0,0.0
D010824,low,3734.99,16,0,,59.1,3,0,0.0
D010825,high,9899.44,4,0,,3.9,1,1,0.0
D010826,high,5047.16,13,1,1.0,43.0,4,0,-0.033139
D010827,low,314.35,15,0,,34.5,4,0,0.0
D010828,high,12693.88,5,0,,17.1,3,0,0.0
D010829,low,1869.18,1,0,,27.2,1,0,0.0
D010830,high,13348.02,18,1,6.0,22.2,3,0,-0.089161
D010831,high,6447.7,22,1,10.0,27.2,3,0,-0.073281
D010832,low,4491.08,8,0,,97.7,4,0,0.0
D010833,low,1940.24,13,0,,54.6,1,0,0.0
D010834,high,24283.84,19,1,7.0,49.5,5,0,-0.037587
D010835,high,10086.02,3,0,,28.1,2,0,0.0
D010836,high,9532.98,22,1,10.0,92.4,2,0,-0.03973
D010837,high,21291.73,10,0,,58.9,4,0,0.0
D010838,high,5998.0,14,1,2.0,5.8,4,0,-0.043802
D010839,low,3025.64,7,0,,300.0,4,0,0.0
D010840,high,5383.8,3,0,,76.6,2,0,0.0
D010841,low,3688.67,18,0,,129.2,2,0,0.0
D010842,high,17021.0,8,0,,102.1,3,0,0.0
D010843,low,3141.84,9,0,,50.1,4,1,0.0
D010844,low,1617.74,7,0,,52.6,1,0,0.0
D010845,high,7929.69,4,0,,74.7,2,0,0.0
D010846,low,4297.49,9,0,,78.3,2,0,0.0
D010847,low,1155.52,14,0,,66.4,2,1,0.0
D010848,low,4411.36,22,0,,37.3,4,0,0.0
D010849,high,10728.58,21,1,9.0,127.7,5,0,-0.037416
D010850,high,7057.13,4,0,,18.7,5,0,0.0
D010851,high,15217.87,15,1,3.0,19.9,1,0,-0.063029
D010852,high,16721.85,12,1,0.0,43.1,4,0,0.0
D010853,high,9886.35,4,0,,31.9,5,0,0.0
D010854,high,15858.85,23,1,11.0,49.6,1,0,-0.0324
D010855,low,4363.64,0,0,,49.4,3,0,0.0
D010856,high,16031.64,10,0,,27.5,2,0,0.0
D010857,low,2191.57,19,0,,12.1,2,0,0.0
D010858,high,7922.35,11,0,,50.6,2,0,0.0
D010859,high,5568.99,11,0,,41.2,1,0,0.0
D010860,low,3609.54,13,0,,91.6,4,0,0.0
D010861,high,5654.5,22,1,10.0,81.8,2,0,-0.043402
D010862,low,3163.23,7,0,,78.8,4,0,0.0
D010863,low,3099.2,1,0,,49.2,2,0,0.0
D010864,low,2516.59,8,0,,17.3,1,1,0.0
D010865,low,2497.68,12,0,,37.4,2,0,0.0
D010866,high,13756.86,22,1,10.0,59.3,1,0,-0.055687
D010867,high,16712.39,7,0,,64.5,5,0,0.0
D010868,low,1958.14,0,0,,25.7,3,0,0.0
D010869,high,8908.82,18,1,6.0,209.5,4,0,-0.016194
D010870,high,28151.02,7,0,,119.7,2,0,0.0
D010871,high,11515.79,2,0,,86.4,3,0,0.0
D010872,high,12096.3,8,0,,106.1,1,0,0.0
D010873,low,3593.04,12,0,,117.5,3,0,0.0
D010874,low,604.56,0,0,,52.8,2,0,0.0
D010875,low,4486.03,23,0,,55.2,2,1,0.0
D010876,high,27272.85,19,1,7.0,46.4,2,0,-0.055929
D010877,high,6081.63,14,1,2.0,23.0,3,0,-0.063243
D010878,low,4114.35,16,0,,165.6,2,0,0.0
D010879,low,2190.97,6,0,,64.7,1,0,0.0
D010880,low,1494.44,4,0,,31.5,4,0,0.0
D010881,high,15414.0,22,1,10.0,25.6,5,0,-0.03809
D010882,high,6098.27,22,1,10.0,36.3,2,0,-0.102449
D010883,high,6151.15,2,0,,60.8,2,0,0.0
D010884,high,5335.41,4,0,,67.5,2,0,0.0
D010885,high,7070.1,13,1,1.0,73.0,2,1,-0.020885
D010886,high,17117.87,12,1,0.0,120.3,3,0,0.0
D010887,high,11463.18,15,1,3.0,100.4,2,0,-0.061744
D010888,low,3081.94,5,0,,77.1,3,1,0.0
D010889,low,1369.07,19,0,,29.4,1,0,0.0
D010890,low,4047.32,22,0,,69.3,1,0,0.0
D010891,high,15799.35,13,1,1.0,47.3,1,0,-0.030753
D010892,high,7706.92,16,1,4.0,27.6,6,0,-0.055902
D010893,high,43899.05,4,0,,4.1,3,0,0.0
D010894,high,12302.91,7,0,,115.3,4,0,0.0
D010895,high,8003.61,3,0,,12.5,1,0,0.0
D010896,high,31941.83,0,0,,43.0,2,0,0.0
D010897,low,3321.29,3,0,,39.6,1,0,0.0
D010898,high,20635.7,2,0,,47.4,2,0,0.0
D010899,high,12108.07,16,1,4.0,61.5,5,0,-0.065347
D010900,high,10319.58,11,0,,29.7,1,0,0.0
D010901,high,7815.41,3,0,,8.2,2,1,0.0
D010902,low,1586.37,19,0,,120.7,2,1,0.0
D010903,low,1956.87,20,0,,41.8,1,0,0.0
D010904,low,4825.87,11,0,,75.6,2,0,0.0
D010905,low,1137.53,19,0,,40.2,1,0,0.0
D010906,high,8278.24,20,1,8.0,13.8,1,0,-0.062981
D010907,high,12027.19,20,1,8.0,62.8,6,0,-0.047264
D010908,low,716.86,11,0,,57.0,3,0,0.0
D010909,low,4803.94,12,0,,31.3,6,0,0.0
D010910,low,364.94,13,0,,81.0,3,0,0.0
D010911,high,17387.48,5,0,,7.6,3,0,0.0
D010912,low,2063.89,19,0,,92.8,1,0,0.0
D010913,high,8756.91,3,0,,35.7,3,0,0.0
D010914,low,4414.93,13,0,,19.8,1,0,0.0
D010915,high,6572.43,2,0,,70.9,3,0,0.0
D010916,high,5680.82,5,0,,65.8,2,0,0.0
D010917,low,2164.56,7,0,,83.5,4,0,0.0
D010918,low,2618.38,10,0,,103.1,1,1,0.0
D010919,high,7472.98,9,0,,42.2,2,0,0.0
D010920,high,30836.62,20,1,8.0,93.8,5,0,-0.036038
D010921,high,5712.75,8,0,,64.1,1,0,0.0
D010922,high,26083.3,2,0,,164.7,4,0,0.0
D010923,low,2303.65,16,0,,20.7,3,0,0.0
D010924,low,2585.96,18,0,,18.8,5,0,0.0
D010925,high,7428.79,4,0,,22.5,5,0,0.0
D010926,low,4639.39,14,0,,77.4,1,0,0.0
D010927,high,24070.39,3,0,,59.7,1,0,0.0
D010928,low,1506.38,7,0,,53.4,2,0,0.0
D010929,low,1615.23,9,0,,60.1,2,0,0.0
D010930,low,1358.33,15,0,,56.9,1,0,0.0
D010931,low,2118.03,23,0,,19.6,4,0,0.0
D010932,high,14643.59,11,0,,87.6,2,0,0.0
D010933,low,3607.09,18,0,,51.6,3,0,0.0
D010934,low,560.56,23,0,,87.3,2,0,0.0
D010935,low,2660.56,17,0,,115.7,3,0,0.0
D010936,high,5999.7,15,1,3.0,48.4,2,0,-0.092505
D010937,high,153441.75,18,1,6.0,9.5,6,0,-0.088123
D010938,low,2798.21,15,0,,70.7,1,0,0.0
D010939,low,4295.14,11,0,,61.5,4,0,0.0
D010940,high,27100.34,22,1,10.0,22.1,3,0,-0.055886
D010941,high,12687.45,6,0,,30.8,4,0,0.0
D010942,low,1327.06,4,0,,39.2,1,0,0.0
D010943,low,1154.22,16,0,,116.3,4,0,0.0
D010944,high,8683.76,2,0,,36.6,1,0,0.0
D010945,low,2862.78,0,0,,125.4,2,0,0.0
D010946,low,584.55,8,0,,88.4,3,0,0.0
D010947,high,10028.53,21,1,9.0,41.9,4,0,-0.05154
D010948,low,888.3,8,0,,13.3,1,1,0.0
D010949,high,14371.88,9,0,,61.2,4,1,0.0
D010950,low,1379.95,7,0,,91.8,2,0,0.0
D010951,low,1425.0,17,0,,136.8,1,0,0.0
D010952,low,3363.23,11,0,,12.5,2,0,0.0
D010953,high,13130.59,13,1,1.0,145.8,2,0,-0.022892
D010954,low,2072.28,2,0,,78.3,1,0,0.0
D010955,high,11120.81,20,1,8.0,71.9,5,0,-0.047816
D010956,low,2991.76,13,0,,8.9,2,0,0.0
D010957,low,3013.31,18,0,,98.8,1,0,0.0
D010958,high,19216.83,18,1,6.0,49.1,5,0,-0.046899
D010959,low,1344.88,11,0,,16.4,4,0,0.0
D010960,low,1042.27,22,0,,53.6,3,0,0.0
D010961,high,8846.18,23,1,11.0,60.6,2,0,-0.038841
D010962,low,1767.09,0,0,,95.2,1,0,0.0
D010963,high,19087.44,22,1,10.0,24.0,2,0,-0.064917
D010964,high,7288.6,18,1,6.0,45.7,2,0,-0.077854
D010965,low,4182.15,16,0,,46.2,3,0,0.0
D010966,high,54803.08,13,1,1.0,42.0,2,0,-0.033268
D010967,low,4168.49,2,0,,43.8,2,0,0.0
D010968,high,20339.94,14,1,2.0,69.6,2,0,-0.047314
D010969,high,9510.73,18,1,6.0,15.7,3,0,-0.092034
D010970,high,7487.67,23,1,11.0,3.6,4,0,-0.075361
D010971,low,1032.62,22,0,,32.6,3,0,0.0
D010972,low,2078.32,4,0,,40.4,4,1,0.0
D010973,low,1360.24,3,0,,38.5,1,1,0.0
D010974,high,11724.75,11,0,,27.0,2,0,0.0
D010975,low,1113.96,14,0,,44.6,3,1,0.0
D010976,low,2639.61,19,0,,47.4,2,0,0.0
D010977,low,2326.94,12,0,,27.2,1,0,0.0
D010978,high,8803.93,22,1,10.0,38.9,3,0,-0.051059
D010979,low,4255.11,8,0,,90.1,3,1,0.0
D010980,low,4829.62,6,0,,46.4,1,0,0.0
D010981,low,681.42,5,0,,60.4,1,0,0.0
D010982,low,1515.98,11,0,,70.6,2,0,0.0
D010983,low,1187.65,13,0,,36.0,3,0,0.0
D010984,low,3136.76,10,0,,2.3,3,0,0.0
D010985,low,1047.44,9,0,,104.7,1,0,0.0
D010986,high,19315.98,18,1,6.0,38.4,4,0,-0.123409
D010987,low,651.58,0,0,,13.5,4,0,0.0
D010988,high,12759.12,12,1,0.0,64.4,3,0,0.0
D010989,low,4198.35,3,0,,4.3,1,1,0.0
D010990,low,4625.34,1,0,,10.2,2,1,0.0
D010991,high,89186.53,15,1,3.0,30.5,1,0,-0.061405
D010992,low,1743.56,14,0,,58.0,5,0,0.0
D010993,low,1354.03,13,0,,56.7,3,0,0.0
D010994,low,3311.35,23,0,,20.9,1,1,0.0
D010995,low,2935.36,13,0,,32.7,1,0,0.0
D010996,high,6431.67,1,0,,95.0,2,0,0.0
D010997,high,5882.45,0,0,,28.7,1,0,0.0
D010998,low,3372.22,15,0,,33.9,2,0,0.0
D010999,low,770.78,21,0,,66.2,3,0,0.0
D011000,low,1662.41,3,0,,62.4,3,0,0.0
D011001,low,2929.77,21,0,,105.8,2,0,0.0
D011002,low,2894.48,17,0,,25.2,1,0,0.0
D011003,high,63821.62,7,0,,59.3,3,1,0.0
D011004,high,5655.21,12,1,0.0,214.6,1,0,0.0
D011005,high,11039.13,9,0,,180.1,1,0,0.0
D011006,low,3617.31,18,0,,6.4,4,0,0.0
D011007,low,402.47,8,0,,36.5,3,1,0.0
D011008,low,602.61,7,0,,38.7,2,0,0.0
D011009,high,7701.45,1,0,,63.4,2,1,0.0
D011010,low,4545.05,2,0,,45.8,1,0,0.0
D011011,high,6146.55,2,0,,98.2,1,0,0.0
D011012,high,5731.64,4,0,,47.5,4,0,0.0
D011013,high,6231.66,21,1,9.0,46.5,3,0,-0.063383
D011014,low,553.58,14,0,,160.3,3,1,0.0
D011015,high,8146.75,2,0,,7.4,5,0,0.0
D011016,low,2012.74,19,0,,85.3,4,1,0.0
D011017,low,4447.1,0,0,,42.5,1,1,0.0
D011018,high,6261.98,4,0,,21.4,4,0,0.0
D011019,high,7881.61,11,0,,43.3,5,0,0.0
D011020,low,4323.31,13,0,,58.8,4,0,0.0
D011021,high,13170.96,5,0,,23.4,2,0,0.0
D011022,high,18896.46,10,0,,70.8,3,0,0.0
D011023,high,8036.84,20,1,8.0,21.0,2,0,-0.078945
D011024,low,3907.49,0,0,,47.1,4,0,0.0
D011025,low,3912.43,3,0,,38.7,2,0,0.0
D011026,low,1677.92,14,0,,160.3,2,0,0.0
D011027,high,6980.84,16,1,4.0,85.2,2,0,-0.047844
D011028,high,8604.01,14,1,2.0,72.3,5,0,-0.045271
D011029,low,4033.32,3,0,,32.5,1,1,0.0
D011030,high,9921.41,4,0,,55.3,2,0,0.0
D011031,low,846.21,3,0,,125.1,3,0,0.0
D011032,high,9711.16,22,1,10.0,109.0,3,0,-0.031017
D011033,high,5436.75,7,0,,45.3,1,0,0.0
D011034,low,4717.36,3,0,,61.5,4,0,0.0
D011035,high,13773.35,7,0,,47.8,1,1,0.0
D011036,low,4010.38,19,0,,21.7,1,0,0.0
D011037,low,794.05,0,0,,30.0,1,0,0.0
D011038,high,7605.59,1,0,,126.5,2,0,0.0
D011039,low,2238.42,16,0,,25.8,2,0,0.0
D011040,low,1786.63,9,0,,5.8,1,0,0.0
D011041,high,14982.05,10,0,,52.5,4,0,0.0
D011042,low,2200.29,5,0,,69.9,3,0,0.0
D011043,low,4992.39,14,0,,65.3,2,1,0.0
D011044,high,8132.56,11,0,,51.5,3,0,0.0
D011045,high,7261.59,6,0,,111.8,5,0,0.0
D011046,low,2699.22,23,0,,51.4,2,0,0.0
D011047,high,16631.49,7,0,,23.1,2,0,0.0
D011048,low,653.15,7,0,,122.3,2,0,0.0
D011049,low,1069.74,10,0,,110.0,1,0,0.0
D011050,low,1909.85,23,0,,86.0,4,0,0.0
D011051,low,1833.77,1,0,,63.0,2,0,0.0
D011052,low,1072.7,11,0,,84.9,4,0,0.0
D011053,high,12421.13,17,1,5.0,81.4,2,0,-0.085807
D011054,low,4803.91,13,0,,19.8,4,0,0.0
D011055,low,3475.39,4,0,,51.4,2,1,0.0
D011056,low,2283.7,9,0,,47.2,1,0,0.0
D011057,low,1430.0,10,0,,45.2,2,0,0.0
D011058,high,55221.21,11,0,,62.8,2,1,0.0
D011059,low,2237.18,22,0,,40.9,4,0,0.0
D011060,high,78557.72,2,0,,27.7,2,0,0.0
D011061,high,5756.46,13,1,1.0,75.1,4,0,-0.017111
D011062,high,14504.47,13,1,1.0,49.8,5,0,-0.017797
D011063,high,6752.57,1,0,,80.1,6,0,0.0
D011064,low,2632.35,2,0,,18.2,1,0,0.0
D011065,low,1213.23,13,0,,26.3,2,0,0.0
D011066,low,1270.78,18,0,,166.4,3,0,0.0
D011067,low,3690.95,19,0,,28.1,1,0,0.0
D011068,low,2675.29,11,0,,74.2,3,0,0.0
D011069,high,6674.64,21,1,9.0,141.7,4,0,-0.038798
D011070,low,2854.14,21,0,,138.2,2,0,0.0
D011071,low,1470.9,4,0,,93.8,1,0,0.0
D011072,high,7815.1,16,1,4.0,26.3,5,0,-0.052792
D011073,high,24761.01,11,0,,90.2,2,1,0.0
D011074,low,4513.08,11,0,,19.7,3,0,0.0
D011075,high,5423.88,5,0,,23.0,1,0,0.0
D011076,high,24483.85,16,1,4.0,65.6,6,0,-0.049941
D011077,high,15031.51,18,1,6.0,55.5,1,0,-0.046094
D011078,high,7177.3,2,0,,21.5,4,0,0.0
D011079,low,2379.06,4,0,,6.3,2,1,0.0
D011080,low,2230.34,22,0,,29.8,1,1,0.0
D011081,high,5383.93,17,1,5.0,21.6,1,0,-0.068188
D011082,low,1566.27,19,0,,29.5,2,0,0.0
D011083,high,9769.35,19,1,7.0,69.9,2,0,-0.072882
D011084,low,4076.65,23,0,,84.7,3,1,0.0
D011085,high,15618.62,1,0,,64.1,1,0,0.0
D011086,low,2006.06,23,0,,62.0,3,0,0.0
D011087,low,3818.81,6,0,,11.2,3,0,0.0
D011088,low,2723.21,16,0,,59.2,1,0,0.0
D011089,high,39959.28,10,0,,22.9,2,0,0.0
D011090,low,1451.95,13,0,,126.4,2,1,0.0
D011091,low,3021.38,8,0,,80.4,2,0,0.0
D011092,high,53910.47,13,1,1.0,27.9,3,0,-0.036963
D011093,high,6916.25,22,1,10.0,41.5,1,1,-0.074935
D011094,high,29176.6,5,0,,36.0,3,0,0.0
D011095,low,4856.95,2,0,,111.8,1,0,0.0
D011096,low,3732.99,19,0,,4.7,1,0,0.0
D011097,high,12834.21,0,0,,53.4,3,0,0.0
D011098,high,6065.94,18,1,6.0,158.1,5,0,-0.033087
D011099,high,7661.08,15,1,3.0,30.6,2,0,-0.059849
D011100,high,68135.1,17,1,5.0,153.6,3,1,-0.061228
D011101,low,4058.59,18,0,,88.8,3,0,0.0
D011102,low,388.91,15,0,,20.7,1,0,0.0
D011103,low,3287.11,0,0,,43.4,1,0,0.0
D011104,low,918.9,8,0,,71.5,1,0,0.0
D011105,low,1562.78,12,0,,101.0,4,0,0.0
D011106,high,43701.27,3,0,,78.1,1,0,0.0
D011107,low,2225.91,21,0,,8.8,3,0,0.0
D011108,low,4448.75,16,0,,48.4,6,0,0.0
D011109,low,1964.25,6,0,,7.7,2,1,0.0
D011110,low,1074.44,1,0,,106.7,1,0,0.0
D011111,high,27755.26,22,1,10.0,79.8,3,0,-0.049606
D011112,high,30117.6,22,1,10.0,49.3,1,0,-0.061899
D011113,high,12148.02,15,1,3.0,114.2,1,0,-0.052674
D011114,low,369.14,15,0,,36.1,5,0,0.0
D011115,high,5774.48,4,0,,38.1,1,0,0.0
D011116,low,2149.87,20,0,,20.1,2,0,0.0
D011117,high,21178.19,2,0,,27.3,2,0,0.0
D011118,low,3539.81,5,0,,91.6,4,1,0.0
D011119,high,10102.15,7,0,,2.4,2,0,0.0
D011120,high,17287.17,23,1,11.0,67.1,4,0,-0.045812
D011121,low,941.56,10,0,,57.8,4,0,0.0
D011122,high,16586.92,20,1,8.0,16.3,3,0,-0.073803
D011123,low,1068.03,8,0,,120.9,1,0,0.0
D011124,low,3713.5,13,0,,137.2,3,0,0.0
D011125,high,47882.39,23,1,11.0,84.9,3,0,-0.054571
D011126,low,1470.2,0,0,,52.4,3,0,0.0
D011127,low,1342.66,12,0,,55.8,1,1,0.0
D011128,low,1282.57,18,0,,52.4,1,0,0.0
D011129,high,8307.56,0,0,,33.4,5,0,0.0
D011130,low,4196.69,1,0,,58.5,6,0,0.0
D011131,high,11743.55,3,0,,41.6,5,0,0.0
D011132,high,16016.03,9,0,,95.3,1,0,0.0
D011133,low,4070.11,10,0,,49.8,2,0,0.0
D011134,low,2350.92,8,0,,72.1,5,0,0.0
D011135,high,12880.12,3,0,,163.3,2,0,0.0
D011136,low,3123.82,10,0,,35.3,4,0,0.0
D011137,low,2399.9,22,0,,124.7,2,0,0.0
D011138,high,10382.57,8,0,,15.6,2,0,0.0
D011139,low,1739.88,0,0,,34.3,4,1,0.0
D011140,low,1186.89,9,0,,56.4,1,0,0.0
D011141,high,12936.7,0,0,,30.4,1,0,0.0
D011142,low,2303.74,0,0,,12.9,1,0,0.0
D011143,low,1619.41,6,0,,44.3,1,0,0.0
D011144,high,8068.06,16,1,4.0,56.9,3,0,-0.05227
D011145,high,5221.56,17,1,5.0,93.5,2,0,-0.055879
D011146,high,7558.84,1,0,,20.9,4,0,0.0
D011147,low,3693.84,13,0,,181.2,2,0,0.0
D011148,low,1181.33,2,0,,93.9,2,1,0.0
D011149,low,2541.4,0,0,,60.5,1,0,0.0
D011150,high,37373.04,9,0,,50.7,1,0,0.0
D011151,high,6669.02,12,1,0.0,40.6,2,1,0.0
D011152,low,2230.3,7,0,,30.1,4,0,0.0
D011153,low,2929.38,1,0,,34.4,3,0,0.0
D011154,high,33622.11,14,1,2.0,43.6,3,0,-0.030189
D011155,low,3339.96,5,0,,52.8,2,0,0.0
D011156,high,16298.11,0,0,,42.2,3,0,0.0
D011157,low,2672.74,3,0,,113.9,1,0,0.0
D011158,low,2140.06,5,0,,61.7,2,0,0.0
D011159,low,676.61,16,0,,100.4,2,0,0.0
D011160,high,7875.64,5,0,,42.0,4,0,0.0
D011161,high,11576.06,8,0,,8.1,2,1,0.0
D011162,high,10688.6,3,0,,13.8,3,0,0.0
D011163,low,1817.92,11,0,,77.7,2,1,0.0
D011164,low,3123.27,14,0,,91.6,1,0,0.0
D011165,low,1929.14,3,0,,100.0,3,0,0.0
D011166,low,817.52,22,0,,51.7,2,1,0.0
D011167,high,16671.99,1,0,,55.5,4,0,0.0
D011168,high,20297.1,12,1,0.0,79.9,3,0,0.0
D011169,low,1469.55,5,0,,30.3,1,1,0.0
D011170,low,2703.17,2,0,,28.6,3,0,0.0
D011171,low,1116.26,0,0,,27.2,4,0,0.0
D011172,low,3852.06,15,0,,58.1,5,0,0.0
D011173,high,20815.21,8,0,,20.2,3,0,0.0
D011174,high,7200.98,6,0,,62.4,1,0,0.0
D011175,high,10324.69,11,0,,74.0,4,1,0.0
D011176,high,25069.3,11,0,,61.1,2,1,0.0
D011177,high,8852.39,0,0,,48.9,2,0,0.0
D011178,high,87973.02,11,0,,27.7,2,0,0.0
D011179,high,30309.3,17,1,5.0,88.9,2,0,-0.06752
D011180,low,4973.88,4,0,,162.7,1,0,0.0
D011181,high,8799.52,13,1,1.0,98.4,4,0,-0.023194
D011182,low,436.19,21,0,,44.8,4,0,0.0
D011183,low,1244.65,14,0,,50.6,2,0,0.0
D011184,high,11541.73,14,1,2.0,41.8,1,0,-0.062203
D011185,low,2359.62,3,0,,29.1,2,0,0.0
D011186,low,1617.41,10,0,,70.7,5,0,0.0
D011187,low,1173.03,14,0,,146.8,4,0,0.0
D011188,high,5145.79,11,0,,125.9,3,0,0.0
D011189,low,1642.95,7,0,,20.2,1,1,0.0
D011190,high,167115.36,7,0,,113.6,4,1,0.0
D011191,low,3391.01,2,0,,2.3,1,0,0.0
D011192,high,9843.14,20,1,8.0,34.3,6,0,-0.070102
D011193,high,5062.79,17,1,5.0,83.7,5,0,-0.061835
D011194,low,2587.97,19,0,,35.0,2,0,0.0
D011195,low,4311.01,4,0,,17.1,1,1,0.0
D011196,high,6866.75,9,0,,63.4,1,0,0.0
D011197,low,1910.76,11,0,,18.9,3,0,0.0
D011198,high,6357.97,17,1,5.0,39.7,4,0,-0.097039
D011199,low,2431.02,1,0,,31.4,2,0,0.0
D011200,low,3001.97,12,0,,75.2,3,0,0.0
D011201,low,3810.7,18,0,,66.8,2,0,0.0
D011202,low,277.09,0,0,,62.5,1,0,0.0
D011203,low,4159.13,3,0,,19.9,5,0,0.0
D011204,high,5615.32,1,0,,71.6,3,0,0.0
D011205,high,6587.54,23,1,11.0,52.5,1,0,-0.05915
D011206,high,9774.31,17,1,5.0,148.9,2,0,-0.036172
D011207,low,1541.69,17,0,,50.7,5,0,0.0
D011208,low,4478.39,9,0,,47.1,2,1,0.0
D011209,low,1344.0,20,0,,72.8,4,1,0.0
D011210,high,6240.45,2,0,,43.5,3,0,0.0
D011211,high,14220.35,2,0,,35.9,1,0,0.0
D011212,low,995.94,17,0,,85.9,3,0,0.0
D011213,high,13435.12,15,1,3.0,59.8,2,0,-0.084176
D011214,low,2329.39,1,0,,21.4,3,0,0.0
D011215,low,2002.36,6,0,,84.0,5,0,0.0
D011216,high,9793.75,16,1,4.0,105.9,2,0,-0.049821
D011217,high,23770.58,13,1,1.0,50.1,4,0,-0.019015
D011218,high,22882.11,8,0,,104.0,2,1,0.0
D011219,low,1959.21,10,0,,24.9,2,0,0.0
D011220,high,5204.53,22,1,10.0,79.2,1,0,-0.054173
D011221,low,2051.6,10,0,,31.0,3,0,0.0
D011222,high,20006.98,16,1,4.0,106.9,5,0,-0.055164
D011223,low,2127.59,19,0,,127.0,5,0,0.0
D011224,high,5437.83,5,0,,53.2,5,0,0.0
D011225,low,2588.89,9,0,,13.5,4,0,0.0
D011226,high,8398.29,5,0,,101.6,1,0,0.0
D011227,high,13409.54,20,1,8.0,49.6,3,0,-0.055514
D011228,low,3237.81,10,0,,7.1,1,0,0.0
D011229,low,2508.44,14,0,,37.2,2,0,0.0
D011230,high,5397.47,4,0,,141.9,4,0,0.0
D011231,low,1909.86,16,0,,51.9,2,0,0.0
D011232,high,8805.86,20,1,8.0,56.2,2,0,-0.087131
D011233,high,6813.96,18,1,6.0,57.9,2,0,-0.045916
D011234,low,1839.48,19,0,,12.1,1,0,0.0
D011235,low,3413.46,16,0,,155.7,3,0,0.0
D011236,low,2726.77,15,0,,71.9,3,0,0.0
D011237,low,4235.22,1,0,,45.1,4,0,0.0
D011238,low,4799.0,13,0,,34.9,3,0,0.0
D011239,high,8005.78,9,0,,25.5,2,0,0.0
D011240,low,1252.91,22,0,,13.3,2,0,0.0
D011241,low,4175.69,8,0,,44.4,2,0,0.0
D011242,low,4798.86,21,0,,6.6,1,0,0.0
D011243,high,7626.3,5,0,,15.4,1,1,0.0
D011244,high,17927.43,1,0,,11.7,3,0,0.0
D011245,high,11157.85,8,0,,25.3,2,0,0.0
D011246,low,1879.46,9,0,,53.0,2,1,0.0
D011247,high,31967.87,8,0,,82.5,2,0,0.0
D011248,low,658.42,6,0,,112.9,2,0,0.0
D011249,low,2002.25,10,0,,28.8,1,0,0.0
D011250,low,3344.05,10,0,,20.2,4,0,0.0
D011251,high,40603.26,4,0,,71.0,4,1,0.0
D011252,low,4159.41,11,0,,85.0,2,0,0.0
D011253,high,8413.29,2,0,,109.2,2,0,0.0
D011254,low,1790.69,4,0,,13.1,3,0,0.0
D011255,low,3383.56,4,0,,30.8,1,0,0.0
D011256,low,2388.01,6,0,,127.3,2,0,0.0
D011257,low,4823.95,17,0,,33.2,1,1,0.0
D011258,high,7260.8,5,0,,159.3,5,0,0.0
D011259,low,3286.15,13,0,,47.7,2,0,0.0
D011260,low,2107.38,22,0,,51.0,1,0,0.0
D011261,high,16797.73,17,1,5.0,248.3,1,0,-0.023207
D011262,low,3413.6,15,0,,42.7,2,0,0.0
D011263,low,2657.01,2,0,,50.1,1,0,0.0
D011264,low,2741.24,22,0,,46.0,1,0,0.0
D011265,high,9469.96,1,0,,63.7,1,0,0.0
D011266,high,34417.25,2,0,,23.8,3,0,0.0
D011267,high,15516.26,13,1,1.0,64.1,1,0,-0.024913
D011268,low,4793.33,11,0,,77.0,1,0,0.0
D011269,high,18058.19,19,1,7.0,81.7,3,0,-0.022037
D011270,high,6362.35,14,1,2.0,184.6,3,0,-0.030715
D011271,high,18013.71,12,1,0.0,100.3,1,0,0.0
D011272,high,9265.59,5,0,,45.2,1,0,0.0
D011273,high,6152.07,19,1,7.0,33.4,4,0,-0.047193
D011274,high,14997.87,8,0,,5.5,6,0,0.0
D011275,low,896.25,3,0,,20.4,3,0,0.0
D011276,high,59367.32,9,0,,96.7,6,0,0.0
D011277,low,2878.11,3,0,,38.4,4,0,0.0
D011278,low,1089.76,14,0,,88.6,1,0,0.0
D011279,low,2067.34,3,0,,56.8,3,1,0.0
D011280,low,3883.55,9,0,,76.4,3,0,0.0
D011281,low,3463.86,3,0,,82.9,3,0,0.0
D011282,high,5416.75,12,1,0.0,25.0,3,0,0.0
D011283,high,27471.89,7,0,,18.4,5,0,0.0
D011284,low,956.83,8,0,,77.8,4,0,0.0
D011285,high,5831.51,1,0,,10.3,3,1,0.0
D011286,low,4008.64,19,0,,26.2,1,0,0.0
D011287,high,6922.33,18,1,6.0,14.9,1,0,-0.098692
D011288,low,2559.44,6,0,,40.4,2,0,0.0
D011289,high,5995.65,10,0,,104.9,2,0,0.0
D011290,low,2402.17,13,0,,11.1,5,0,0.0
D011291,low,2276.73,20,0,,20.9,2,0,0.0
D011292,low,2141.02,8,0,,84.9,3,1,0.0
D011293,low,219.18,8,0,,58.8,2,1,0.0
D011294,high,6942.61,2,0,,73.9,1,0,0.0
D011295,high,44897.75,20,1,8.0,40.0,2,0,-0.051089
D011296,high,10419.91,3,0,,13.8,5,0,0.0
D011297,low,2245.65,0,0,,25.4,5,0,0.0
D011298,high,15476.66,6,0,,33.1,1,0,0.0
D011299,low,1021.85,13,0,,100.3,2,0,0.0
D011300,high,8242.95,14,1,2.0,53.3,2,0,-0.059455
D011301,high,9878.88,9,0,,39.1,1,0,0.0
D011302,low,3230.39,9,0,,72.2,1,1,0.0
D011303,low,1147.93,0,0,,22.4,2,0,0.0
D011304,high,8762.72,15,1,3.0,134.8,1,0,-0.076595
D011305,high,21125.8,0,0,,38.4,4,1,0.0
D011306,low,960.39,15,0,,49.2,1,0,0.0
D011307,high,10116.07,23,1,11.0,30.1,2,0,-0.075454
D011308,high,10419.29,17,1,5.0,57.7,2,0,-0.054595
D011309,high,12542.27,5,0,,111.8,2,0,0.0
D011310,high,10875.25,16,1,4.0,59.1,2,0,-0.04737
D011311,high,7421.06,1,0,,66.5,2,0,0.0
D011312,high,6769.18,10,0,,28.1,2,0,0.0
D011313,low,2794.9,3,0,,36.1,2,0,0.0
D011314,high,64826.27,3,0,,24.6,3,0,0.0
D011315,low,3753.35,22,0,,87.9,2,0,0.0
D011316,high,27967.67,14,1,2.0,43.0,5,0,-0.050862
D011317,low,1063.93,15,0,,33.7,2,0,0.0
D011318,low,3164.07,18,0,,104.8,5,1,0.0
D011319,low,3068.35,10,0,,98.3,1,0,0.0
D011320,low,765.9,5,0,,54.9,4,0,0.0
D011321,high,10957.65,17,1,5.0,57.0,3,0,-0.083615
D011322,low,3846.15,8,0,,58.1,2,0,0.0
D011323,low,4677.62,1,0,,62.5,1,1,0.0
D011324,high,6918.95,15,1,3.0,123.1,1,0,-0.029297
D011325,high,10092.27,3,0,,28.1,6,0,0.0
D011326,low,4819.82,16,0,,18.0,1,0,0.0
D011327,high,8248.88,1,0,,125.4,4,0,0.0
D011328,high,6547.67,14,1,2.0,72.9,4,0,-0.043938
D011329,high,7214.27,19,1,7.0,115.9,3,0,-0.038074
D011330,high,15971.85,4,0,,80.2,5,0,0.0
D011331,high,12170.07,0,0,,2.2,3,0,0.0
D011332,low,4446.83,16,0,,15.2,2,0,0.0
D011333,low,2833.51,5,0,,39.3,3,0,0.0
D011334,high,17030.79,16,1,4.0,3.9,6,0,-0.066951
D011335,low,2571.39,6,0,,20.1,4,0,0.0
D011336,high,6097.51,22,1,10.0,50.4,3,0,-0.076731
D011337,low,1153.01,10,0,,55.2,1,0,0.0
D011338,high,7067.38,23,1,11.0,18.1,3,0,-0.083915
D011339,low,2803.5,9,0,,50.1,2,0,0.0
D011340,high,5563.09,18,1,6.0,3.7,3,1,-0.072042
D011341,low,1287.79,9,0,,26.8,1,1,0.0
D011342,low,708.11,10,0,,19.3,5,0,0.0
D011343,high,18102.58,10,0,,89.8,2,0,0.0
D011344,high,9558.24,19,1,7.0,60.1,2,0,-0.048905
D011345,low,4558.26,17,0,,70.1,2,0,0.0
D011346,high,62391.75,1,0,,33.1,1,0,0.0
D011347,low,4661.18,6,0,,94.1,5,0,0.0
D011348,low,3237.41,1,0,,78.9,1,0,0.0
D011349,high,17234.51,23,1,11.0,49.6,2,0,-0.051971
D011350,high,35296.05,13,1,1.0,8.3,3,0,-0.028142
D011351,high,16242.59,6,0,,22.7,5,0,0.0
D011352,low,773.25,20,0,,60.6,1,1,0.0
D011353,low,2771.96,12,0,,49.9,2,0,0.0
D011354,high,5319.4,9,0,,38.5,1,0,0.0
D011355,high,8203.58,9,0,,71.1,3,0,0.0
D011356,low,792.0,8,0,,70.4,1,0,0.0
D011357,high,15987.24,14,1,2.0,82.7,2,0,-0.02288
D011358,high,5359.98,7,0,,31.9,4,0,0.0
D011359,low,4145.25,4,0,,32.9,3,1,0.0
D011360,high,11965.98,6,0,,49.8,2,0,0.0
D011361,high,10284.53,5,0,,23.9,1,0,0.0
D011362,low,2572.27,18,0,,9.1,2,0,0.0
D011363,low,1847.27,18,0,,53.5,1,0,0.0
D011364,high,17153.77,7,0,,138.7,2,0,0.0
D011365,high,5769.5,7,0,,59.0,3,1,0.0
D011366,low,3307.9,8,0,,32.4,1,1,0.0
D011367,low,1577.88,7,0,,44.5,2,0,0.0
D011368,low,4247.18,15,0,,100.2,3,0,0.0
D011369,low,2976.69,21,0,,62.2,1,1,0.0
D011370,high,42074.52,0,0,,37.3,3,0,0.0
D011371,high,7331.24,14,1,2.0,49.7,6,0,-0.028551
D011372,low,991.42,17,0,,51.0,4,0,0.0
D011373,low,2049.65,3,0,,36.2,3,0,0.0
D011374,low,951.13,13,0,,53.7,1,0,0.0
D011375,high,12503.65,18,1,6.0,230.0,2,0,-0.026679
D011376,high,29739.0,22,1,10.0,15.2,3,0,-0.076172
D011377,low,2724.02,0,0,,38.4,5,0,0.0
D011378,high,10754.53,7,0,,64.2,3,1,0.0
D011379,low,530.02,18,0,,97.6,2,1,0.0
D011380,high,15119.34,2,0,,27.8,6,0,0.0
D011381,high,6962.02,14,1,2.0,54.2,2,0,-0.052969
D011382,high,14259.79,7,0,,50.3,2,0,0.0
D011383,high,23452.86,15,1,3.0,52.5,4,0,-0.039897
D011384,low,931.77,10,0,,59.0,1,1,0.0
D011385,low,863.5,23,0,,18.0,1,0,0.0
D011386,low,4845.03,11,0,,6.9,4,0,0.0
D011387,high,6086.1,12,1,0.0,93.3,1,0,0.0
D011388,low,1075.87,21,0,,84.0,1,1,0.0
D011389,low,1263.64,8,0,,137.5,1,0,0.0
D011390,high,5308.05,16,1,4.0,27.5,4,0,-0.094539
D011391,low,1439.34,11,0,,80.4,2,0,0.0
D011392,high,7185.17,3,0,,38.9,4,0,0.0
D011393,low,4852.05,8,0,,107.1,1,0,0.0
D011394,high,70732.09,17,1,5.0,9.3,1,0,-0.050458
D011395,low,2562.2,12,0,,10.7,5,0,0.0
D011396,low,2823.37,14,0,,70.0,5,0,0.0
D011397,high,5941.86,12,1,0.0,49.6,3,0,0.0
D011398,high,28708.47,21,1,9.0,89.5,5,0,-0.082933
D011399,high,14173.53,18,1,6.0,24.5,1,0,-0.092687
D011400,high,10949.54,22,1,10.0,77.4,3,1,-0.050963
D011401,high,12092.16,9,0,,121.6,3,0,0.0
D011402,low,773.45,4,0,,21.0,5,0,0.0
D011403,low,1059.65,22,0,,59.9,3,1,0.0
D011404,high,12899.48,4,0,,63.3,4,0,0.0
D011405,high,6037.96,7,0,,38.2,2,1,0.0
D011406,low,1876.14,20,0,,110.9,1,0,0.0
D011407,low,3874.1,8,0,,105.6,1,0,0.0
D011408,high,13159.12,9,0,,28.8,1,0,0.0
D011409,high,22744.56,18,1,6.0,98.2,4,1,-0.066041
D011410,high,13951.59,10,0,,42.0,1,0,0.0
D011411,high,9751.61,8,0,,63.2,1,0,0.0
D011412,low,752.0,4,0,,64.3,2,0,0.0
D011413,low,3141.62,12,0,,59.0,3,0,0.0
D011414,high,6314.36,10,0,,75.4,2,0,0.0
D011415,high,12481.86,6,0,,11.1,4,0,0.0
D011416,high,26873.72,13,1,1.0,26.9,3,0,-0.034875
D011417,high,20914.65,8,0,,46.3,4,1,0.0
D011418,low,1395.21,16,0,,27.2,4,0,0.0
D011419,high,9312.78,16,1,4.0,16.6,2,0,-0.083017
D011420,low,255.55,3,0,,76.3,3,0,0.0
D011421,low,1412.97,14,0,,156.8,1,1,0.0
D011422,high,6073.83,15,1,3.0,88.9,3,0,-0.035602
D011423,low,1234.22,21,0,,33.9,2,0,0.0
D011424,high,21139.45,9,0,,62.9,3,0,0.0
D011425,low,1793.81,5,0,,16.9,2,1,0.0
D011426,high,10940.51,16,1,4.0,55.3,6,1,-0.078362
D011427,high,27053.68,23,1,11.0,23.4,3,0,-0.042462
D011428,high,18138.52,1,0,,168.4,5,0,0.0
D011429,low,2484.79,4,0,,52.2,2,0,0.0
D011430,low,3117.88,2,0,,150.0,3,0,0.0
D011431,low,4720.03,2,0,,47.1,4,1,0.0
D011432,high,44886.07,8,0,,27.9,2,0,0.0
D011433,high,10186.44,8,0,,56.3,2,0,0.0
D011434,low,3036.83,5,0,,30.9,1,0,0.0
D011435,low,3845.03,13,0,,52.6,3,0,0.0
D011436,high,9779.78,18,1,6.0,21.4,4,0,-0.111097
D011437,high,5188.0,2,0,,10.3,5,0,0.0
D011438,high,13697.13,11,0,,53.3,5,0,0.0
D011439,high,6357.54,12,1,0.0,64.1,4,0,0.0
D011440,high,5551.66,4,0,,149.0,2,0,0.0
D011441,low,734.79,17,0,,131.7,3,0,0.0
D011442,low,1606.01,19,0,,69.7,2,0,0.0
D011443,high,99082.31,7,0,,18.2,4,0,0.0
D011444,high,19641.16,12,1,0.0,22.8,3,0,0.0
D011445,high,25677.47,13,1,1.0,43.2,5,0,-0.020854
D011446,high,22037.13,2,0,,71.0,1,0,0.0
D011447,low,333.45,20,0,,8.9,1,1,0.0
D011448,high,5227.32,8,0,,18.0,4,0,0.0
D011449,high,12839.49,7,0,,27.3,1,0,0.0
D011450,high,14312.62,2,0,,43.6,1,0,0.0
D011451,low,1503.07,0,0,,134.7,1,0,0.0
D011452,low,2574.5,10,0,,70.6,2,0,0.0
D011453,high,6860.89,6,0,,39.7,4,0,0.0
D011454,low,3675.38,2,0,,145.6,2,0,0.0
D011455,high,9116.81,13,1,1.0,108.3,1,0,-0.021124
D011456,high,6199.77,11,0,,21.1,1,0,0.0
D011457,high,7435.35,5,0,,39.9,3,0,0.0
D011458,low,4052.58,9,0,,53.5,3,0,0.0
D011459,low,3216.55,11,0,,67.5,2,0,0.0
D011460,high,21901.0,13,1,1.0,45.6,5,0,-0.026838
D011461,low,1255.13,11,0,,63.3,1,0,0.0
D011462,low,3283.68,14,0,,104.3,1,0,0.0
D011463,low,3813.42,9,0,,34.3,1,0,0.0
D011464,high,10893.53,13,1,1.0,23.8,3,0,-0.02843
D011465,low,2421.08,20,0,,29.8,6,0,0.0
D011466,low,815.6,7,0,,204.7,2,0,0.0
D011467,low,1835.41,16,0,,3.8,3,0,0.0
D011468,high,55787.66,21,1,9.0,43.9,2,0,-0.048331
D011469,low,690.17,15,0,,28.5,1,0,0.0
D011470,high,18755.3,3,0,,63.0,1,0,0.0
D011471,high,39216.72,17,1,5.0,16.8,1,0,-0.148887
D011472,low,4905.93,23,0,,25.0,1,1,0.0
D011473,low,1230.66,11,0,,19.9,3,0,0.0
D011474,high,10882.49,21,1,9.0,34.1,3,1,-0.081605
D011475,low,2871.6,10,0,,88.9,3,0,0.0
D011476,high,6222.67,13,1,1.0,5.4,3,0,-0.018438
D011477,low,446.36,6,0,,123.1,3,1,0.0
D011478,low,1237.86,4,0,,59.6,3,0,0.0
D011479,high,9885.84,11,0,,152.6,1,0,0.0
D011480,high,8257.15,0,0,,54.8,4,0,0.0
D011481,high,11998.28,3,0,,70.1,4,0,0.0
D011482,high,7745.84,23,1,11.0,103.9,6,0,-0.039836
D011483,high,12034.72,17,1,5.0,125.1,1,0,-0.063248
D011484,high,5729.63,13,1,1.0,81.7,1,0,-0.039357
D011485,low,4758.49,22,0,,20.7,2,0,0.0
D011486,low,2507.58,17,0,,44.7,3,0,0.0
D011487,high,10933.07,16,1,4.0,49.3,4,0,-0.073197
D011488,high,27380.34,17,1,5.0,152.7,1,0,-0.033423
D011489,low,1410.43,10,0,,86.4,6,0,0.0
D011490,high,15690.33,9,0,,97.8,2,0,0.0
D011491,low,2879.7,14,0,,56.8,4,0,0.0
D011492,low,941.77,0,0,,50.8,1,0,0.0
D011493,low,4656.07,7,0,,45.2,3,0,0.0
D011494,low,2974.62,16,0,,69.1,2,0,0.0
D011495,high,5083.51,23,1,11.0,51.9,2,0,-0.041241
D011496,low,1292.37,18,0,,61.2,2,0,0.0
D011497,high,6040.48,17,1,5.0,81.4,3,0,-0.048568
D011498,high,11813.07,1,0,,111.9,2,0,0.0
D011499,low,3365.59,17,0,,8.9,2,0,0.0
D011500,high,10378.5,19,1,7.0,9.0,2,0,-0.049258
D011501,low,917.27,2,0,,300.0,1,0,0.0
D011502,high,15749.51,22,1,10.0,2.9,2,0,-0.089003
D011503,low,3328.28,19,0,,29.8,3,0,0.0
D011504,low,1588.0,21,0,,20.1,2,0,0.0
D011505,low,3032.32,19,0,,18.6,1,0,0.0
D011506,low,3382.03,22,0,,92.3,5,0,0.0
D011507,high,5676.56,19,1,7.0,60.8,1,0,-0.069572
D011508,high,9553.92,3,0,,134.8,2,0,0.0
D011509,low,1067.45,2,0,,65.2,2,0,0.0
D011510,low,2851.39,6,0,,65.4,6,0,0.0
D011511,low,1244.99,13,0,,41.1,1,0,0.0
D011512,high,13027.97,9,0,,12.8,2,0,0.0
D011513,low,1158.01,23,0,,71.6,4,0,0.0
D011514,low,1641.18,18,0,,65.9,1,0,0.0
D011515,high,11112.64,20,1,8.0,90.0,4,0,-0.062173
D011516,high,10884.26,12,1,0.0,41.2,3,0,0.0
D011517,high,6298.42,16,1,4.0,213.9,1,0,-0.037167
D011518,high,8580.14,3,0,,32.7,2,0,0.0
D011519,high,13636.54,12,1,0.0,68.9,4,0,0.0
D011520,high,161181.88,18,1,6.0,47.7,1,0,-0.114481
D011521,high,15058.53,16,1,4.0,16.7,2,1,-0.089295
D011522,high,17061.69,20,1,8.0,93.0,4,0,-0.048028
D011523,low,2126.51,2,0,,12.6,4,1,0.0
D011524,high,52711.45,13,1,1.0,113.2,5,0,-0.023434
D011525,high,21609.98,20,1,8.0,22.2,3,0,-0.091342
D011526,high,29573.73,15,1,3.0,141.7,3,0,-0.034745
D011527,high,10956.45,12,1,0.0,102.9,1,0,0.0
D011528,low,1346.76,8,0,,119.8,1,0,0.0
D011529,low,1459.74,13,0,,87.1,4,0,0.0
D011530,high,17788.31,18,1,6.0,15.2,2,0,-0.086198
D011531,high,24002.45,8,0,,14.6,1,1,0.0
D011532,low,3890.19,14,0,,34.4,4,1,0.0
D011533,low,640.99,8,0,,45.7,1,0,0.0
D011534,low,3630.43,12,0,,68.0,3,0,0.0
D011535,high,23240.23,6,0,,77.5,2,0,0.0
D011536,high,45691.23,19,1,7.0,87.5,5,0,-0.049344
D011537,high,9376.19,14,1,2.0,16.5,1,0,-0.055451
D011538,high,5162.48,0,0,,14.3,3,0,0.0
D011539,high,12451.25,15,1,3.0,70.0,4,0,-0.0525
D011540,high,19754.45,22,1,10.0,86.2,2,0,-0.052936
D011541,low,2457.08,13,0,,40.5,2,0,0.0
D011542,high,10341.19,3,0,,12.3,5,1,0.0
D011543,high,16616.83,12,1,0.0,30.9,6,0,0.0
D011544,low,3684.67,3,0,,13.6,1,1,0.0
D011545,low,4397.11,16,0,,77.0,2,1,0.0
D011546,low,2543.85,10,0,,65.6,3,0,0.0
D011547,low,2998.38,21,0,,28.7,1,0,0.0
D011548,low,2629.79,15,0,,41.1,1,0,0.0
D011549,low,4885.97,10,0,,95.2,2,0,0.0
D011550,low,2205.16,6,0,,34.6,4,0,0.0
D011551,low,3910.41,1,0,,65.8,1,0,0.0
D011552,high,8977.29,11,0,,29.5,1,0,0.0
D011553,high,6544.94,13,1,1.0,124.8,3,0,-0.011463
D011554,high,6111.61,19,1,7.0,37.9,2,0,-0.070338
D011555,high,10323.8,2,0,,19.3,2,1,0.0
D011556,high,11154.02,18,1,6.0,162.0,5,0,-0.027925
D011557,low,1633.0,17,0,,62.0,1,1,0.0
D011558,high,11549.7,1,0,,14.1,3,1,0.0
D011559,high,5198.08,12,1,0.0,60.4,1,0,0.0
D011560,high,10766.45,23,1,11.0,44.7,1,0,-0.087556
D011561,high,29604.54,14,1,2.0,37.3,4,0,-0.054275
D011562,high,6904.18,23,1,11.0,135.3,3,0,-0.049938
D011563,low,2252.59,16,0,,20.5,2,0,0.0
D011564,low,1303.41,11,0,,106.4,5,0,0.0
D011565,low,1477.3,12,0,,61.5,3,0,0.0
D011566,low,1054.06,14,0,,40.3,2,0,0.0
D011567,high,14931.75,15,1,3.0,2.1,5,0,-0.061019
D011568,low,956.94,21,0,,21.6,1,0,0.0
D011569,low,2391.05,11,0,,28.4,1,0,0.0
D011570,high,18946.24,7,0,,16.3,3,1,0.0
D011571,high,23739.79,0,0,,114.3,1,0,0.0
D011572,high,30764.33,2,0,,29.2,1,0,0.0
D011573,low,1456.83,19,0,,106.4,3,0,0.0
D011574,high,81463.76,1,0,,42.4,4,0,0.0
D011575,high,7441.1,11,0,,16.7,5,0,0.0
D011576,low,3105.56,6,0,,155.2,1,0,0.0
D011577,low,2794.77,21,0,,106.9,5,0,0.0
D011578,high,8637.29,22,1,10.0,41.5,1,0,-0.072344
D011579,low,4241.6,1,0,,71.7,3,0,0.0
D011580,low,1327.09,9,0,,170.7,1,0,0.0
D011581,high,7204.67,14,1,2.0,21.5,4,0,-0.03233
D011582,low,1024.89,9,0,,33.2,6,1,0.0
D011583,high,6704.89,3,0,,173.5,3,0,0.0
D011584,high,6048.75,2,0,,32.9,2,0,0.0
D011585,high,11893.77,14,1,2.0,112.2,4,0,-0.040915
D011586,low,2546.25,12,0,,122.6,1,0,0.0
D011587,low,808.62,2,0,,38.9,1,0,0.0
D011588,high,19657.65,3,0,,32.4,2,0,0.0
D011589,high,14826.17,13,1,1.0,105.6,4,0,-0.019877
D011590,low,3135.48,11,0,,45.5,2,0,0.0
D011591,high,6213.05,20,1,8.0,89.9,2,0,-0.053633
D011592,low,1997.41,8,0,,9.9,4,0,0.0
D011593,high,17776.44,0,0,,34.4,2,1,0.0
D011594,high,45268.56,5,0,,193.1,4,0,0.0
D011595,high,11778.13,5,0,,125.9,4,0,0.0
D011596,high,14374.36,5,0,,63.0,3,0,0.0
D011597,low,4554.3,16,0,,74.4,4,0,0.0
D011598,low,1620.81,20,0,,54.1,1,1,0.0
D011599,low,4150.85,20,0,,45.2,1,0,0.0
D011600,low,2559.07,6,0,,50.8,2,1,0.0
D011601,high,25933.54,13,1,1.0,53.4,2,0,-0.020032
D011602,low,1300.56,4,0,,113.7,3,0,0.0
D011603,high,10797.13,13,1,1.0,29.5,4,0,-0.041255
D011604,high,6107.84,19,1,7.0,11.2,4,0,-0.071788
D011605,low,925.58,0,0,,45.0,2,0,0.0
D011606,high,7081.13,2,0,,17.3,2,0,0.0
D011607,high,6350.07,3,0,,145.0,2,1,0.0
D011608,low,2563.75,17,0,,2.2,2,0,0.0
D011609,high,13015.43,9,0,,97.5,2,0,0.0
D011610,low,3356.35,12,0,,8.4,2,0,0.0
D011611,high,23163.65,10,0,,63.4,4,0,0.0
D011612,high,6294.19,12,1,0.0,26.6,3,0,0.0
D011613,low,597.27,9,0,,230.0,3,0,0.0
D011614,high,7855.6,2,0,,33.9,6,0,0.0
D011615,low,1194.94,4,0,,46.4,2,0,0.0
D011616,low,2717.5,10,0,,87.1,1,0,0.0
D011617,low,2082.24,21,0,,8.3,3,0,0.0
D011618,low,2399.23,13,0,,91.9,1,0,0.0
D011619,low,4730.08,4,0,,93.6,3,0,0.0
D011620,high,10924.09,6,0,,81.2,5,0,0.0
D011621,low,2344.24,21,0,,56.0,3,0,0.0
D011622,high,6040.13,3,0,,21.6,2,0,0.0
D011623,high,12816.95,21,1,9.0,41.6,1,0,-0.083663
D011624,low,2487.15,6,0,,12.1,1,0,0.0
D011625,high,6312.36,20,1,8.0,82.7,5,0,-0.057995
D011626,low,2330.95,21,0,,44.8,2,0,0.0
D011627,high,8754.39,8,0,,13.7,4,0,0.0
D011628,high,8552.09,2,0,,58.8,4,0,0.0
D011629,low,976.56,1,0,,35.0,1,0,0.0
D011630,high,6481.08,6,0,,53.4,4,0,0.0
D011631,high,12420.87,6,0,,30.1,2,0,0.0
D011632,low,546.99,1,0,,72.4,6,0,0.0
D011633,high,5866.36,12,1,0.0,70.4,2,0,0.0
D011634,low,1912.1,22,0,,25.4,2,0,0.0
D011635,low,2276.44,20,0,,33.1,2,1,0.0
D011636,low,2032.55,22,0,,48.8,3,0,0.0
D011637,low,4940.48,20,0,,53.2,3,0,0.0
D011638,low,551.62,1,0,,44.5,1,0,0.0
D011639,low,1699.25,13,0,,111.6,4,0,0.0
D011640,low,2238.71,2,0,,104.0,1,0,0.0
D011641,low,2965.25,19,0,,64.0,1,1,0.0
D011642,low,2337.84,11,0,,108.3,2,0,0.0
D011643,low,1939.91,17,0,,137.9,4,0,0.0
D011644,low,2226.88,19,0,,10.2,4,0,0.0
D011645,low,2627.7,2,0,,50.1,2,1,0.0
D011646,low,3227.68,15,0,,26.9,4,0,0.0
D011647,high,6561.94,3,0,,120.8,1,0,0.0
D011648,low,4959.83,2,0,,32.9,2,1,0.0
D011649,high,15722.94,23,1,11.0,48.0,2,0,-0.065511
D011650,low,3605.54,21,0,,65.9,1,0,0.0
D011651,low,2079.56,21,0,,142.3,2,0,0.0
D011652,low,1705.66,8,0,,16.8,1,0,0.0
D011653,high,50483.4,0,0,,51.4,1,0,0.0
D011654,high,6532.67,18,1,6.0,13.6,2,0,-0.05591
D011655,high,18137.8,12,1,0.0,114.8,1,0,0.0
D011656,high,6889.61,16,1,4.0,73.2,1,0,-0.083304
D011657,high,5981.5,17,1,5.0,56.5,3,0,-0.07551
D011658,high,21184.5,22,1,10.0,97.2,3,0,-0.026612
D011659,high,9335.97,19,1,7.0,38.8,4,0,-0.046999
D011660,high,11714.45,22,1,10.0,26.7,1,0,-0.064594
D011661,low,3352.18,11,0,,66.6,5,0,0.0
D011662,high,24881.76,3,0,,71.7,4,0,0.0
D011663,high,13828.73,11,0,,89.5,4,0,0.0
D011664,high,10144.6,19,1,7.0,28.3,5,0,-0.060152
D011665,high,5896.67,16,1,4.0,116.6,3,0,-0.069803
D011666,low,3600.27,12,0,,39.1,1,1,0.0
D011667,high,16170.93,21,1,9.0,98.9,4,0,-0.027661
D011668,high,14416.17,14,1,2.0,62.8,4,0,-0.064096
D011669,high,13485.34,14,1,2.0,76.0,3,0,-0.030104
D011670,low,639.31,20,0,,59.8,3,0,0.0
D011671,low,1339.05,16,0,,104.7,4,0,0.0
D011672,high,11041.63,17,1,5.0,52.7,3,0,-0.093703
D011673,high,12950.02,11,0,,30.2,4,0,0.0
D011674,low,1657.08,8,0,,36.0,1,0,0.0
D011675,high,15447.12,14,1,2.0,54.5,6,0,-0.055667
D011676,low,2283.44,9,0,,39.8,1,0,0.0
D011677,low,4706.97,3,0,,49.2,2,0,0.0
D011678,low,3248.26,8,0,,41.7,1,0,0.0
D011679,high,5082.34,4,0,,23.4,5,0,0.0
D011680,low,850.73,4,0,,85.8,1,0,0.0
D011681,high,13092.66,8,0,,127.5,4,0,0.0
D011682,high,5349.4,2,0,,47.6,6,0,0.0
D011683,high,5847.42,22,1,10.0,88.5,3,0,-0.029999
D011684,low,4539.37,4,0,,14.8,3,0,0.0
D011685,low,4700.63,9,0,,57.1,1,0,0.0
D011686,high,6787.42,6,0,,60.3,3,0,0.0
D011687,high,23793.8,8,0,,56.9,3,0,0.0
D011688,low,2939.53,7,0,,100.7,1,0,0.0
D011689,low,3862.8,17,0,,71.4,2,0,0.0
D011690,high,11481.17,13,1,1.0,104.2,2,0,-0.032937
D011691,low,1730.19,11,0,,23.9,1,0,0.0
D011692,high,16495.27,1,0,,113.5,4,0,0.0
D011693,low,934.19,13,0,,51.1,2,0,0.0
D011694,high,5517.64,18,1,6.0,76.4,1,0,-0.062011
D011695,low,2747.66,23,0,,46.8,3,0,0.0
D011696,high,12096.7,11,0,,8.3,1,1,0.0
D011697,high,20613.12,11,0,,84.6,6,0,0.0
D011698,high,22825.53,23,1,11.0,13.4,4,0,-0.070209
D011699,high,14241.72,23,1,11.0,30.6,4,1,-0.078783
D011700,low,4172.13,15,0,,65.9,1,0,0.0
D011701,low,3503.93,17,0,,99.6,4,0,0.0
D011702,low,3480.94,0,0,,28.2,6,0,0.0
D011703,high,5283.07,16,1,4.0,121.8,5,0,-0.041821
D011704,low,3112.18,22,0,,44.9,3,0,0.0
D011705,high,5400.41,5,0,,133.1,1,0,0.0
D011706,low,1348.44,15,0,,27.3,1,0,0.0
D011707,high,8927.04,4,0,,63.0,4,0,0.0
D011708,low,3432.96,21,0,,39.4,1,0,0.0
D011709,high,11734.37,4,0,,69.1,4,0,0.0
D011710,low,3416.78,19,0,,31.5,4,0,0.0
D011711,high,8456.61,3,0,,36.6,2,0,0.0
D011712,high,5169.01,15,1,3.0,21.7,5,0,-0.066951
D011713,high,13240.08,16,1,4.0,51.6,3,0,-0.074603
D011714,low,2625.66,4,0,,74.2,2,0,0.0
D011715,high,5526.6,5,0,,142.1,2,0,0.0
D011716,high,6744.52,3,0,,70.4,4,0,0.0
D011717,high,8153.93,20,1,8.0,46.6,5,0,-0.048525
D011718,high,21980.68,15,1,3.0,49.1,2,0,-0.071025
D011719,low,3199.27,7,0,,28.2,1,0,0.0
D011720,low,3059.76,3,0,,20.8,1,0,0.0
D011721,high,10494.96,12,1,0.0,45.6,2,0,0.0
D011722,high,6186.38,10,0,,57.5,4,0,0.0
D011723,high,7164.01,2,0,,115.5,6,1,0.0
D011724,low,3005.49,2,0,,44.1,3,1,0.0
D011725,low,3176.49,18,0,,161.2,5,0,0.0
D011726,low,1973.37,14,0,,20.3,2,1,0.0
D011727,low,2601.24,9,0,,36.2,2,0,0.0
D011728,low,3232.02,9,0,,14.7,4,0,0.0
D011729,low,2043.34,6,0,,120.3,1,0,0.0
D011730,high,10461.5,20,1,8.0,53.0,6,0,-0.09053
D011731,high,6006.38,17,1,5.0,36.1,4,0,-0.05157
D011732,high,7512.61,22,1,10.0,34.1,4,0,-0.065614
D011733,high,5141.32,14,1,2.0,33.4,1,0,-0.053246
D011734,high,5102.19,11,0,,40.6,1,0,0.0
D011735,high,18108.22,4,0,,90.2,2,0,0.0
D011736,low,3812.19,13,0,,43.4,4,0,0.0
D011737,low,3587.52,12,0,,9.6,3,1,0.0
D011738,low,4110.94,16,0,,18.9,6,1,0.0
D011739,low,3422.95,17,0,,55.5,5,0,0.0
D011740,high,16876.95,4,0,,36.3,2,0,0.0
D011741,high,6706.51,14,1,2.0,102.6,2,0,-0.031332
D011742,high,6023.68,3,0,,2.5,3,0,0.0
D011743,high,5213.78,10,0,,65.2,2,0,0.0
D011744,low,4038.99,20,0,,62.3,1,1,0.0
D011745,high,11268.7,2,0,,50.7,4,0,0.0
D011746,high,9278.15,19,1,7.0,123.9,2,0,-0.027541
D011747,high,20574.77,13,1,1.0,49.1,2,0,-0.027527
D011748,low,1781.68,3,0,,59.2,1,0,0.0
D011749,low,2166.24,9,0,,78.7,1,0,0.0
D011750,high,15805.52,8,0,,15.1,5,0,0.0
D011751,high,5441.99,15,1,3.0,65.0,3,0,-0.034611
D011752,high,7238.96,12,1,0.0,32.5,1,1,0.0
D011753,high,35825.79,14,1,2.0,29.5,4,0,-0.048651
D011754,high,14085.02,12,1,0.0,95.7,5,0,0.0
D011755,low,1750.8,1,0,,46.6,2,1,0.0
D011756,high,8206.42,22,1,10.0,70.3,3,0,-0.048943
D011757,high,15583.91,13,1,1.0,31.1,4,0,-0.026652
D011758,high,72900.9,4,0,,162.3,3,0,0.0
D011759,low,5016.84,2,0,,32.9,1,0,0.0
D011760,high,7188.96,23,1,11.0,33.1,5,0,-0.047939
D011761,high,6568.93,7,0,,44.9,1,0,0.0
D011762,low,2048.51,15,0,,34.1,2,0,0.0
D011763,low,1706.34,19,0,,59.9,4,0,0.0
D011764,low,3279.52,1,0,,104.6,5,0,0.0
D011765,low,4308.18,13,0,,65.9,1,0,0.0
D011766,high,32442.08,14,1,2.0,65.7,2,0,-0.075394
D011767,high,6130.35,23,1,11.0,19.7,2,0,-0.04811
D011768,low,546.94,14,0,,44.8,2,0,0.0
D011769,low,903.62,7,0,,39.4,4,0,0.0
D011770,high,26411.85,8,0,,5.4,1,0,0.0
D011771,high,7179.49,10,0,,55.9,5,0,0.0
D011772,high,23906.87,0,0,,52.1,1,0,0.0
D011773,high,15287.29,23,1,11.0,79.0,2,0,-0.038663
D011774,low,178.63,9,0,,4.0,4,0,0.0
D011775,low,4257.93,21,0,,24.7,3,0,0.0
D011776,low,769.63,10,0,,162.1,2,0,0.0
D011777,low,2210.53,21,0,,31.3,2,0,0.0
D011778,high,27811.12,4,0,,85.8,1,0,0.0
D011779,low,2183.48,19,0,,13.0,1,1,0.0
D011780,high,20115.23,20,1,8.0,40.7,2,0,-0.076471
D011781,high,14861.34,20,1,8.0,59.4,2,0,-0.046276
D011782,high,24013.93,20,1,8.0,88.6,4,0,-0.029853
D011783,low,4020.06,7,0,,38.9,1,0,0.0
D011784,low,3861.43,0,0,,56.9,1,1,0.0
D011785,high,31125.62,11,0,,21.1,2,0,0.0
D011786,low,4272.93,0,0,,132.6,4,0,0.0
D011787,low,2020.36,10,0,,31.2,3,0,0.0
D011788,high,10724.23,5,0,,44.5,2,0,0.0
D011789,low,2483.14,15,0,,28.7,1,0,0.0
D011790,low,1093.38,0,0,,54.6,2,0,0.0
D011791,low,2860.39,10,0,,77.5,3,0,0.0
D011792,low,1571.01,1,0,,114.5,1,0,0.0
D011793,low,2196.43,19,0,,68.1,4,0,0.0
D011794,low,4475.96,3,0,,48.1,2,0,0.0
D011795,high,5337.4,3,0,,35.5,2,1,0.0
D011796,low,2618.55,13,0,,54.2,2,1,0.0
D011797,high,20014.68,4,0,,37.4,1,1,0.0
D011798,low,3239.38,10,0,,149.0,2,1,0.0
D011799,low,781.73,16,0,,93.5,3,0,0.0
D011800,low,3041.24,11,0,,35.5,2,0,0.0
D011801,high,17825.23,12,1,0.0,56.7,2,0,0.0
D011802,high,22057.74,17,1,5.0,30.4,2,0,-0.069799
D011803,high,12747.19,9,0,,68.3,1,0,0.0
D011804,high,22397.32,19,1,7.0,40.5,2,0,-0.049112
D011805,high,48668.71,21,1,9.0,26.4,4,0,-0.054078
D011806,high,81735.82,20,1,8.0,55.7,1,0,-0.067421
D011807,high,17728.95,11,0,,69.8,1,0,0.0
D011808,low,3241.25,14,0,,63.6,3,0,0.0
D011809,high,5659.65,23,1,11.0,109.2,4,0,-0.033737
D011810,low,1402.35,4,0,,52.6,4,1,0.0
D011811,low,2318.82,15,0,,91.4,2,0,0.0
D011812,high,18674.09,17,1,5.0,73.4,1,1,-0.04456
D011813,high,13340.96,18,1,6.0,82.3,5,0,-0.06167
D011814,high,21659.79,1,0,,43.6,2,1,0.0
D011815,high,10965.3,12,1,0.0,41.3,1,0,0.0
D011816,low,3613.04,12,0,,45.5,2,0,0.0
D011817,low,228.29,6,0,,45.6,1,0,0.0
D011818,low,2875.38,19,0,,75.1,3,1,0.0
D011819,high,20444.96,16,1,4.0,93.0,2,0,-0.0562
D011820,high,24762.16,23,1,11.0,19.3,3,0,-0.077887
D011821,high,7109.9,8,0,,38.7,1,0,0.0
D011822,low,3290.04,0,0,,27.2,2,0,0.0
D011823,low,1537.8,4,0,,18.0,2,0,0.0
D011824,low,3597.18,1,0,,108.0,6,0,0.0
D011825,low,4753.15,10,0,,99.5,6,0,0.0
D011826,low,2924.9,15,0,,18.0,1,0,0.0
D011827,high,5950.18,13,1,1.0,55.1,1,1,-0.031704
D011828,low,2733.29,2,0,,91.0,1,0,0.0
D011829,low,460.97,9,0,,23.4,1,0,0.0
D011830,high,8585.53,3,0,,31.3,1,0,0.0
D011831,high,8817.03,12,1,0.0,32.2,1,0,0.0
D011832,high,10503.24,5,0,,56.1,1,1,0.0
D011833,high,29690.41,15,1,3.0,115.1,5,0,-0.048096
D011834,high,17576.88,1,0,,16.1,2,0,0.0
D011835,low,3484.57,7,0,,66.0,4,0,0.0
D011836,high,5938.47,8,0,,17.8,4,0,0.0
D011837,high,19068.64,18,1,6.0,54.3,3,0,-0.063253
D011838,high,6198.06,8,0,,96.6,1,0,0.0
D011839,low,4463.45,6,0,,80.0,5,0,0.0
D011840,high,5571.83,20,1,8.0,39.6,3,0,-0.071892
D011841,high,13767.33,7,0,,68.9,1,0,0.0
D011842,high,9284.1,5,0,,26.9,2,0,0.0
D011843,high,5502.05,0,0,,42.3,2,0,0.0
D011844,low,4505.32,11,0,,72.7,1,0,0.0
D011845,high,49349.16,7,0,,65.8,3,0,0.0
D011846,low,4630.17,23,0,,42.5,1,0,0.0
D011847,low,845.69,15,0,,78.0,1,1,0.0
D011848,high,8331.98,19,1,7.0,21.3,1,0,-0.102923
D011849,high,6285.69,2,0,,18.6,1,0,0.0
D011850,low,4414.9,19,0,,80.4,1,0,0.0
D011851,low,3124.51,21,0,,85.5,2,0,0.0
D011852,high,5508.28,20,1,8.0,20.7,2,0,-0.063604
D011853,low,3206.94,14,0,,76.8,4,0,0.0
D011854,high,5983.46,0,0,,60.1,2,0,0.0
D011855,low,3089.92,1,0,,39.3,1,0,0.0
D011856,low,744.16,12,0,,38.1,3,0,0.0
D011857,low,209.12,16,0,,31.8,2,1,0.0
D011858,high,26322.16,21,1,9.0,96.4,1,0,-0.045452
D011859,low,2025.58,1,0,,81.7,4,0,0.0
D011860,high,15948.31,21,1,9.0,134.6,3,0,-0.034431
D011861,high,5557.14,23,1,11.0,22.9,1,0,-0.060637
D011862,low,1414.24,2,0,,22.2,1,0,0.0
D011863,low,1439.13,8,0,,47.9,1,0,0.0
D011864,high,5887.84,12,1,0.0,93.2,3,0,0.0
D011865,low,3635.78,16,0,,27.6,2,1,0.0
D011866,high,6246.43,10,0,,39.7,1,0,0.0
D011867,high,15822.96,18,1,6.0,91.0,1,0,-0.042685
D011868,high,6083.53,6,0,,108.1,3,0,0.0
D011869,high,5690.16,18,1,6.0,156.5,2,0,-0.016905
D011870,high,10286.87,21,1,9.0,124.1,3,0,-0.031266
D011871,high,13666.64,4,0,,32.7,5,1,0.0
D011872,high,21459.41,21,1,9.0,14.9,5,0,-0.086185
D011873,low,2084.76,2,0,,57.6,3,0,0.0
D011874,high,17823.4,11,0,,24.0,2,0,0.0
D011875,low,2223.84,14,0,,99.4,2,0,0.0
D011876,low,2711.76,15,0,,64.6,3,1,0.0
D011877,low,4638.25,8,0,,37.6,1,0,0.0
D011878,low,3595.61,17,0,,39.8,5,0,0.0
D011879,low,4046.32,20,0,,97.3,3,0,0.0
D011880,low,1377.87,5,0,,69.4,4,0,0.0
D011881,low,3093.27,3,0,,94.8,3,0,0.0
D011882,high,5394.5,6,0,,26.2,4,0,0.0
D011883,low,3793.96,18,0,,36.2,3,0,0.0
D011884,high,9458.35,11,0,,13.7,1,0,0.0
D011885,low,3899.81,16,0,,67.5,1,0,0.0
D011886,low,102.21,9,0,,15.1,1,0,0.0
D011887,high,5663.43,23,1,11.0,61.9,5,0,-0.058271
D011888,low,1228.53,5,0,,24.3,3,0,0.0
D011889,low,3469.5,9,0,,9.6,1,0,0.0
D011890,low,1968.06,18,0,,53.0,5,0,0.0
D011891,high,25451.68,5,0,,60.0,3,0,0.0
D011892,high,7297.17,12,1,0.0,73.8,2,0,0.0
D011893,high,13568.57,12,1,0.0,22.5,1,0,0.0
D011894,high,48448.07,6,0,,15.4,4,0,0.0
D011895,high,77278.95,20,1,8.0,35.1,3,0,-0.075729
D011896,low,3774.09,4,0,,56.9,3,1,0.0
D011897,high,11783.86,20,1,8.0,33.7,4,0,-0.07008
D011898,low,3021.52,16,0,,168.7,3,0,0.0
D011899,high,5053.53,9,0,,17.5,3,0,0.0
D011900,low,2812.19,21,0,,97.0,4,0,0.0
D011901,high,21279.61,18,1,6.0,90.9,6,0,-0.038816
D011902,high,16975.88,16,1,4.0,11.5,4,0,-0.063259
D011903,low,3235.19,6,0,,21.7,1,0,0.0
D011904,low,4977.25,6,0,,39.3,4,0,0.0
D011905,high,12748.89,15,1,3.0,27.5,4,0,-0.054047
D011906,low,2399.58,10,0,,79.4,2,0,0.0
D011907,high,9027.5,22,1,10.0,55.8,3,0,-0.063657
D011908,low,1397.79,3,0,,40.9,1,0,0.0
D011909,low,2266.63,11,0,,62.7,4,0,0.0
D011910,high,12732.26,10,0,,29.2,5,0,0.0
D011911,high,11815.21,8,0,,3.1,2,0,0.0
D011912,high,5114.42,11,0,,170.5,1,0,0.0
D011913,low,3166.35,4,0,,75.3,5,0,0.0
D011914,high,5514.11,6,0,,49.7,5,0,0.0
D011915,low,615.17,21,0,,117.4,2,0,0.0
D011916,high,5660.77,7,0,,105.3,4,0,0.0
D011917,low,3289.95,9,0,,41.6,3,0,0.0
D011918,low,1659.68,12,0,,46.2,1,0,0.0
D011919,low,3232.54,7,0,,99.9,3,0,0.0
D011920,low,2310.02,19,0,,72.8,1,1,0.0
D011921,low,1278.15,9,0,,48.0,2,0,0.0
D011922,low,2340.13,10,0,,48.1,1,0,0.0
D011923,low,3400.24,20,0,,50.1,2,0,0.0
D011924,high,9756.55,4,0,,15.8,5,1,0.0
D011925,low,1023.74,8,0,,71.4,2,0,0.0
D011926,high,8104.22,11,0,,71.7,1,0,0.0
D011927,low,2495.32,10,0,,18.5,1,0,0.0
D011928,low,4159.4,17,0,,22.9,2,1,0.0
D011929,high,7418.03,23,1,11.0,61.3,2,0,-0.04598
D011930,low,2203.56,2,0,,152.7,4,0,0.0
D011931,low,2977.37,5,0,,77.8,4,0,0.0
D011932,low,3284.88,11,0,,27.1,2,0,0.0
D011933,low,3949.37,3,0,,100.0,3,0,0.0
D011934,high,13415.74,0,0,,35.2,1,0,0.0
D011935,high,7347.16,22,1,10.0,75.7,4,0,-0.067226
D011936,low,3464.58,5,0,,101.0,6,0,0.0
D011937,low,1714.03,18,0,,30.5,1,0,0.0
D011938,low,2218.2,23,0,,29.1,1,0,0.0
D011939,low,873.97,3,0,,37.9,3,0,0.0
D011940,high,8006.11,8,0,,63.3,4,0,0.0
D011941,high,6031.49,15,1,3.0,20.2,2,0,-0.067535
D011942,high,6745.92,23,1,11.0,104.2,2,0,-0.041057
D011943,high,8764.69,16,1,4.0,39.5,3,0,-0.07423
D011944,low,4993.53,15,0,,36.6,2,0,0.0
D011945,high,10470.69,15,1,3.0,41.4,2,0,-0.072658
D011946,high,16786.27,1,0,,92.5,1,0,0.0
D011947,high,9633.58,12,1,0.0,42.4,5,0,0.0
D011948,low,3962.36,6,0,,115.3,2,0,0.0
D011949,high,11265.51,19,1,7.0,97.4,3,0,-0.027558
D011950,low,752.77,19,0,,39.3,3,0,0.0
D011951,low,1248.3,19,0,,38.4,1,0,0.0
D011952,high,13500.47,1,0,,48.9,1,0,0.0
D011953,high,9017.82,14,1,2.0,92.7,2,0,-0.031751
D011954,low,4885.4,5,0,,37.4,1,1,0.0
D011955,low,2659.97,17,0,,55.3,2,0,0.0
D011956,high,8914.32,20,1,8.0,24.0,1,0,-0.037192
D011957,high,19345.46,17,1,5.0,46.9,2,0,-0.045371
D011958,high,21081.37,2,0,,5.9,2,0,0.0
D011959,low,3409.37,19,0,,81.8,1,0,0.0
D011960,low,3766.37,18,0,,18.1,5,0,0.0
D011961,high,5183.58,18,1,6.0,16.5,4,0,-0.053435
D011962,low,957.69,18,0,,69.3,2,0,0.0
D011963,low,2179.56,16,0,,80.0,1,0,0.0
D011964,high,56215.25,13,1,1.0,28.1,3,0,-0.023095
D011965,high,13035.43,4,0,,18.3,3,0,0.0
D011966,high,12074.53,4,0,,53.7,2,0,0.0
D011967,low,1581.73,22,0,,28.7,1,1,0.0
D011968,low,4870.13,12,0,,47.4,1,0,0.0
D011969,high,5591.64,23,1,11.0,69.5,1,0,-0.072487
D011970,low,2711.24,22,0,,38.4,2,1,0.0
D011971,low,3361.87,6,0,,54.7,3,0,0.0
D011972,low,2593.73,22,0,,58.1,5,0,0.0
D011973,low,3555.79,14,0,,187.9,1,0,0.0
D011974,high,6368.83,8,0,,32.6,1,0,0.0
D011975,low,1477.7,23,0,,19.3,4,0,0.0
D011976,high,6967.47,6,0,,88.5,3,0,0.0
D011977,low,1631.36,21,0,,46.9,1,1,0.0
D011978,low,1599.18,23,0,,37.5,1,0,0.0
D011979,low,1067.68,19,0,,53.0,5,0,0.0
D011980,high,13219.08,14,1,2.0,13.7,4,0,-0.051724
D011981,low,929.86,20,0,,51.0,3,0,0.0
D011982,high,16059.96,5,0,,21.6,2,0,0.0
D011983,low,798.45,4,0,,50.9,3,0,0.0
D011984,low,392.8,2,0,,136.5,1,0,0.0
D011985,high,14360.36,6,0,,39.7,4,0,0.0
D011986,low,4786.5,18,0,,7.6,1,0,0.0
D011987,low,4894.47,1,0,,32.4,5,1,0.0
D011988,low,3529.2,19,0,,22.9,3,0,0.0
D011989,low,324.3,21,0,,140.8,3,0,0.0
D011990,low,1934.71,1,0,,90.5,1,0,0.0
D011991,low,4227.33,11,0,,63.1,3,1,0.0
D011992,high,22884.69,6,0,,162.9,1,0,0.0
D011993,high,12385.8,22,1,10.0,138.0,1,0,-0.021261
D011994,high,8691.21,19,1,7.0,75.1,2,0,-0.071366
D011995,high,18704.62,22,1,10.0,32.7,1,0,-0.08101
D011996,low,2438.13,5,0,,62.0,2,0,0.0
D011997,low,1693.36,16,0,,107.3,1,0,0.0
D011998,low,364.03,12,0,,35.1,2,1,0.0
D011999,low,1148.42,14,0,,14.2,3,0,0.0
