account_id,engagement_score,dormancy_streak_months,product_count,tenure_months,balance,reengagement_contact,bad_outcome,true_effect_prob
M000000,6.3,0,4,59.1,544.98,0,0,0.0
M000001,49.3,2,1,136.0,6261.44,0,0,0.0
M000002,48.4,2,3,154.3,1674.82,0,0,0.0
M000003,53.2,0,3,42.7,4709.53,1,1,-0.092246
M000004,29.5,2,2,109.6,13231.2,0,0,0.0
M000005,54.2,1,3,38.9,2317.97,0,0,0.0
M000006,70.7,1,1,74.8,8548.78,0,1,0.0
M000007,24.2,0,3,78.9,8344.55,0,0,0.0
M000008,54.2,4,2,98.3,4914.54,0,1,0.0
M000009,39.2,0,2,46.5,646.31,0,0,0.0
M000010,44.4,4,2,63.3,1077.33,0,1,0.0
M000011,33.7,1,3,95.0,2676.51,0,1,0.0
M000012,59.7,2,4,40.9,1626.95,0,0,0.0
M000013,20.4,3,1,44.6,2247.03,1,1,-0.109493
M000014,75.9,2,1,18.9,7488.14,0,1,0.0
M000015,54.2,2,2,43.8,1967.52,0,0,0.0
M000016,36.3,1,3,35.1,2922.32,0,0,0.0
M000017,55.1,0,6,105.9,4571.03,0,1,0.0
M000018,49.9,3,1,37.1,535.19,0,1,0.0
M000019,73.9,3,3,32.7,6058.46,1,1,-0.098541
M000020,44.8,3,2,56.0,2682.98,1,0,-0.099341
M000021,38.4,0,3,184.5,2319.27,0,0,0.0
M000022,40.0,1,2,208.4,4437.4,1,0,-0.062815
M000023,41.8,3,2,25.8,28592.07,1,1,-0.100316
M000024,47.0,1,2,24.3,2213.29,0,0,0.0
M000025,51.9,5,2,62.8,2058.72,1,0,-0.109109
M000026,29.0,0,2,40.0,2918.92,0,0,0.0
M000027,69.1,2,3,126.7,4419.62,0,1,0.0
M000028,62.7,1,2,49.1,14372.63,0,0,0.0
M000029,23.3,2,2,183.3,2656.99,1,0,-0.124156
M000030,44.5,3,3,87.1,997.71,0,0,0.0
M000031,38.8,2,2,53.8,2334.32,0,0,0.0
M000032,60.0,3,1,16.0,1644.51,1,0,-0.086406
M000033,46.8,1,4,125.5,12535.45,0,0,0.0
M000034,21.7,2,1,97.1,3595.93,1,1,-0.083366
M000035,1.9,4,1,66.2,3186.09,0,1,0.0
M000036,32.6,2,2,32.6,1414.79,1,0,-0.077039
M000037,71.6,2,3,51.0,4724.62,0,1,0.0
M000038,62.7,0,2,107.1,10227.96,0,0,0.0
M000039,28.5,2,1,42.1,5362.17,0,0,0.0
M000040,51.3,1,3,37.3,7621.3,0,1,0.0
M000041,51.3,1,3,39.6,1246.13,0,1,0.0
M000042,45.0,1,1,49.5,5524.8,1,0,-0.111502
M000043,27.3,2,1,56.3,456.94,0,0,0.0
M000044,68.3,4,2,121.2,856.17,1,0,-0.122913
M000045,16.6,0,1,53.4,2975.6,1,1,-0.09525
M000046,15.7,0,5,94.2,2048.37,0,0,0.0
M000047,51.9,1,1,44.2,9079.96,0,1,0.0
M000048,0.0,0,2,20.9,3194.18,0,0,0.0
M000049,22.3,3,1,31.5,6625.55,0,1,0.0
M000050,18.6,2,4,56.4,5815.6,0,1,0.0
M000051,82.8,2,2,115.7,978.19,0,0,0.0
M000052,66.2,0,5,181.8,7177.82,0,0,0.0
M000053,75.4,1,1,68.4,4117.3,1,0,-0.078468
M000054,70.0,2,2,38.1,813.61,0,1,0.0
M000055,61.0,1,3,70.2,6256.18,0,0,0.0
M000056,36.2,1,3,63.7,5172.79,0,0,0.0
M000057,57.7,0,1,37.4,5579.49,0,0,0.0
M000058,36.0,1,3,4.4,1850.33,0,0,0.0
M000059,50.9,1,2,40.4,1515.06,0,0,0.0
M000060,73.6,0,1,32.9,3132.87,0,0,0.0
M000061,37.2,2,1,125.3,10849.79,0,0,0.0
M000062,46.2,0,3,20.9,1035.78,0,0,0.0
M000063,0.9,1,2,47.2,9302.81,0,1,0.0
M000064,37.6,1,1,44.3,5720.79,0,1,0.0
M000065,40.1,2,1,144.2,656.64,0,0,0.0
M000066,61.4,0,2,156.8,11978.82,0,0,0.0
M000067,60.0,1,1,15.2,3302.15,0,0,0.0
M000068,34.9,2,1,66.0,523.69,0,0,0.0
M000069,50.4,1,2,15.4,2415.08,1,1,-0.087776
M000070,28.9,3,1,62.0,1717.71,0,1,0.0
M000071,77.1,1,5,73.4,6068.99,0,0,0.0
M000072,26.5,2,5,195.7,1917.73,0,0,0.0
M000073,48.6,1,2,72.8,492.29,0,1,0.0
M000074,45.9,4,3,38.5,2424.52,1,1,-0.102097
M000075,54.2,2,3,80.1,5949.42,0,0,0.0
M000076,76.6,3,1,107.9,1903.44,0,1,0.0
M000077,56.6,3,3,88.4,5251.47,0,0,0.0
M000078,40.0,1,2,94.0,2738.93,1,0,-0.10044
M000079,36.3,0,4,79.7,22016.67,0,0,0.0
M000080,31.1,1,4,50.6,9433.53,0,0,0.0
M000081,48.1,4,4,103.1,754.07,1,1,-0.108787
M000082,27.3,2,1,42.4,5567.14,0,0,0.0
M000083,42.0,3,3,95.4,565.92,1,1,-0.098928
M000084,46.7,2,4,55.8,151.65,0,0,0.0
M000085,65.7,1,1,106.2,4075.79,0,0,0.0
M000086,52.7,1,6,54.9,9731.45,0,0,0.0
M000087,47.4,2,3,64.1,9810.53,0,1,0.0
M000088,61.9,3,2,135.0,799.05,1,1,-0.122766
M000089,49.4,0,1,39.5,2024.72,0,0,0.0
M000090,32.7,1,2,63.8,18857.68,0,1,0.0
M000091,55.5,0,4,53.3,3705.02,0,0,0.0
M000092,62.4,2,6,74.5,2913.89,0,0,0.0
M000093,40.4,1,1,50.7,1055.62,0,1,0.0
M000094,29.4,1,5,44.0,2807.45,0,1,0.0
M000095,36.9,2,2,76.7,2614.77,0,0,0.0
M000096,49.1,0,5,83.2,2464.77,0,0,0.0
M000097,23.6,1,1,2.9,3146.4,1,0,-0.08773
M000098,23.8,1,1,149.8,663.18,0,1,0.0
M000099,34.3,0,6,104.6,795.6,0,0,0.0
M000100,60.1,2,1,21.6,3590.05,0,1,0.0
M000101,43.2,1,3,82.0,462.61,0,0,0.0
M000102,27.9,2,5,101.2,9393.79,1,0,-0.095358
M000103,30.6,1,1,36.3,19200.12,0,0,0.0
M000104,76.1,2,2,30.9,7553.22,1,0,-0.086639
M000105,66.5,1,2,109.1,963.27,0,1,0.0
M000106,54.1,1,2,47.1,3000.9,0,0,0.0
M000107,80.7,3,3,38.4,2080.53,1,1,-0.094846
M000108,48.4,0,2,55.6,1708.87,0,0,0.0
M000109,38.2,1,2,25.6,1675.22,0,1,0.0
M000110,48.7,5,2,24.8,1878.6,1,0,-0.104787
M000111,33.3,3,1,53.1,3922.76,0,1,0.0
M000112,32.7,1,1,96.0,1828.48,0,0,0.0
M000113,53.6,2,3,141.4,5273.42,0,1,0.0
M000114,55.0,2,1,61.5,159.56,0,1,0.0
M000115,60.0,5,1,43.1,434.96,1,1,-0.084764
M000116,61.8,1,1,38.3,3732.44,0,1,0.0
M000117,39.4,0,1,102.1,73103.98,1,0,-0.072994
M000118,61.6,0,1,50.0,3608.76,0,1,0.0
M000119,61.6,1,4,29.8,2662.25,0,1,0.0
M000120,60.9,4,2,37.2,1147.11,1,1,-0.104846
M000121,57.6,0,1,41.2,6838.23,0,0,0.0
M000122,75.0,0,2,43.0,1503.55,0,0,0.0
M000123,26.8,2,6,133.1,4569.79,0,0,0.0
M000124,72.6,2,1,22.5,1629.38,0,0,0.0
M000125,28.9,4,1,11.4,943.96,0,0,0.0
M000126,4.9,5,3,58.0,1628.72,0,0,0.0
M000127,57.6,1,2,53.5,802.3,0,1,0.0
M000128,56.0,3,2,156.7,2167.68,1,1,-0.117086
M000129,36.5,0,5,98.0,3083.38,0,1,0.0
M000130,24.8,1,1,9.1,5767.52,1,1,-0.085145
M000131,42.5,0,1,38.6,1247.65,0,0,0.0
M000132,51.4,2,1,42.6,4417.36,1,0,-0.105103
M000133,54.4,2,1,106.7,2473.22,1,0,-0.07665
M000134,46.0,1,2,45.1,7755.97,0,0,0.0
M000135,73.5,3,1,67.9,5845.45,1,1,-0.110603
M000136,63.5,5,3,79.9,8108.5,1,0,-0.123008
M000137,19.3,0,1,36.1,2905.01,0,0,0.0
M000138,43.2,2,6,131.4,8016.21,0,0,0.0
M000139,57.6,1,1,78.6,10232.97,0,1,0.0
M000140,41.2,3,5,76.4,16988.6,1,1,-0.105499
M000141,4.2,3,2,41.8,1396.25,1,1,-0.112872
M000142,44.3,2,3,63.2,867.86,0,0,0.0
M000143,43.0,1,4,52.9,448.2,0,1,0.0
M000144,44.9,0,1,51.0,4647.99,1,1,-0.087829
M000145,32.4,1,4,72.2,2488.92,0,1,0.0
M000146,50.4,1,1,56.4,2961.93,0,1,0.0
M000147,45.4,2,3,4.6,676.95,1,1,-0.109235
M000148,40.0,3,2,86.2,12918.68,0,0,0.0
M000149,48.2,3,2,41.8,1322.89,0,0,0.0
M000150,33.4,2,2,25.4,807.31,0,0,0.0
M000151,0.0,0,4,113.8,3716.11,0,1,0.0
M000152,56.9,3,3,60.0,2867.22,0,1,0.0
M000153,41.7,0,4,148.0,263.64,0,1,0.0
M000154,34.2,4,1,113.0,6013.93,0,1,0.0
M000155,52.2,1,3,56.2,2744.84,0,0,0.0
M000156,39.2,2,2,64.7,663.62,0,0,0.0
M000157,75.0,3,1,66.5,24063.68,1,0,-0.107489
M000158,48.6,3,6,65.6,36005.47,0,1,0.0
M000159,80.5,1,4,10.5,5375.26,0,0,0.0
M000160,25.5,0,3,12.1,737.65,0,1,0.0
M000161,59.6,1,5,10.5,663.54,0,0,0.0
M000162,23.8,4,2,29.5,5312.08,0,1,0.0
M000163,49.4,2,2,67.2,2492.25,1,0,-0.086511
M000164,37.6,1,1,46.3,51198.6,0,0,0.0
M000165,46.6,0,2,57.5,636.3,1,0,-0.053225
M000166,68.1,1,1,37.7,1348.07,0,1,0.0
M000167,53.3,1,2,18.9,1474.83,0,0,0.0
M000168,50.7,3,4,47.7,2019.49,0,1,0.0
M000169,57.9,2,3,7.5,2343.23,0,1,0.0
M000170,55.0,1,2,34.4,789.4,0,1,0.0
M000171,12.7,3,2,34.8,4197.26,1,0,-0.087487
M000172,60.2,0,3,63.1,3376.55,0,1,0.0
M000173,88.3,3,2,8.3,566.74,1,1,-0.105251
M000174,30.6,2,3,13.8,1973.75,1,1,-0.110701
M000175,23.5,1,3,19.2,2069.43,0,1,0.0
M000176,51.9,2,1,13.5,943.83,0,1,0.0
M000177,63.1,2,3,36.7,5037.84,0,0,0.0
M000178,31.3,2,3,84.8,6786.35,0,0,0.0
M000179,53.3,3,1,11.3,4033.99,0,1,0.0
M000180,58.4,1,6,39.1,2536.71,0,0,0.0
M000181,18.4,2,5,9.6,4436.69,1,0,-0.094086
M000182,37.2,2,4,232.6,23449.37,0,1,0.0
M000183,59.0,1,2,31.5,1182.3,0,1,0.0
M000184,39.1,1,1,98.9,1824.54,0,1,0.0
M000185,28.6,1,4,98.8,1866.31,0,1,0.0
M000186,68.2,3,1,70.9,4836.68,1,0,-0.119268
M000187,50.4,0,1,58.4,4029.56,1,1,-0.05982
M000188,28.8,1,4,76.1,1614.57,0,1,0.0
M000189,68.9,3,1,49.2,10695.12,0,1,0.0
M000190,75.1,2,2,128.5,27432.78,1,0,-0.053525
M000191,12.6,0,3,32.9,3005.85,0,1,0.0
M000192,61.4,1,4,83.1,440.67,0,0,0.0
M000193,42.8,0,4,24.6,7599.51,1,0,-0.0871
M000194,23.2,0,2,51.8,3067.41,1,0,-0.069552
M000195,62.3,0,3,13.4,2578.61,0,0,0.0
M000196,25.3,0,2,48.5,4382.11,0,0,0.0
M000197,36.8,4,4,14.7,666.85,1,1,-0.081721
M000198,49.1,3,3,37.6,5224.79,0,1,0.0
M000199,45.3,0,3,36.1,8171.11,0,0,0.0
M000200,100.0,1,4,20.1,1486.86,0,1,0.0
M000201,9.0,3,1,67.2,4742.1,1,1,-0.109464
M000202,47.2,0,2,47.4,1047.95,0,0,0.0
M000203,100.0,2,1,78.7,13337.24,1,0,-0.086988
M000204,24.7,3,1,72.0,5082.62,1,1,-0.106447
M000205,29.4,2,1,27.3,3875.04,0,0,0.0
M000206,61.9,0,2,51.3,2225.46,0,0,0.0
M000207,62.5,4,2,32.7,1433.91,1,1,-0.06524
M000208,76.8,0,2,69.1,10381.47,0,0,0.0
M000209,0.0,2,6,8.3,427.4,0,1,0.0
M000210,67.1,1,2,203.9,836.04,1,0,-0.049106
M000211,30.0,0,5,5.8,2009.99,0,0,0.0
M000212,37.9,0,2,40.3,25805.81,0,0,0.0
M000213,50.4,1,2,61.2,2388.49,0,0,0.0
M000214,30.7,3,1,20.2,17555.24,1,1,-0.100176
M000215,27.7,3,4,128.0,1071.23,0,1,0.0
M000216,45.2,1,3,41.8,2484.1,0,0,0.0
M000217,72.2,4,3,172.4,2646.03,1,1,-0.118663
M000218,42.4,3,3,67.2,2297.03,1,0,-0.118932
M000219,33.2,1,1,57.9,18997.03,0,1,0.0
M000220,20.3,1,2,35.1,404.63,1,1,-0.074914
M000221,43.9,1,3,71.0,5590.89,0,0,0.0
M000222,72.1,0,3,50.0,1907.99,0,1,0.0
M000223,26.1,2,3,27.7,6106.68,1,0,-0.089305
M000224,26.7,1,2,62.3,2049.52,0,0,0.0
M000225,30.4,1,1,61.1,3798.24,0,0,0.0
M000226,61.5,4,3,37.8,1564.04,1,0,-0.10388
M000227,40.7,0,1,73.2,2532.79,0,0,0.0
M000228,66.1,3,1,71.2,4224.9,0,0,0.0
M000229,29.3,5,4,51.7,3672.26,1,0,-0.121517
M000230,45.9,1,1,19.4,1787.82,0,0,0.0
M000231,33.2,5,1,6.0,8843.79,1,1,-0.097922
M000232,51.7,3,1,54.1,11665.83,1,1,-0.096464
M000233,75.8,5,1,75.1,893.57,0,1,0.0
M000234,44.3,1,3,64.6,4807.66,0,0,0.0
M000235,1.1,0,2,7.3,1965.99,0,1,0.0
M000236,14.6,2,1,36.5,3966.12,1,0,-0.113826
M000237,23.7,0,5,112.1,2486.89,0,0,0.0
M000238,52.2,2,3,27.9,2269.74,0,0,0.0
M000239,42.9,0,4,92.9,2231.63,0,0,0.0
M000240,36.4,3,2,60.3,4017.88,0,1,0.0
M000241,29.8,2,3,14.6,24756.39,0,0,0.0
M000242,47.1,3,3,31.1,2538.31,1,0,-0.088685
M000243,16.3,1,3,34.2,827.69,0,0,0.0
M000244,56.2,2,4,54.9,1391.25,0,0,0.0
M000245,40.0,2,3,64.6,4931.1,1,0,-0.083205
M000246,50.6,2,4,41.7,1507.06,0,1,0.0
M000247,40.7,0,2,16.4,3552.18,0,1,0.0
M000248,16.9,1,3,32.0,5420.1,0,1,0.0
M000249,56.3,1,5,29.4,554.75,0,0,0.0
M000250,33.9,5,2,111.3,16783.9,0,0,0.0
M000251,29.6,0,1,169.1,1864.9,0,1,0.0
M000252,77.3,3,1,33.7,1728.4,0,1,0.0
M000253,54.2,1,3,47.5,10933.25,1,0,-0.084333
M000254,46.6,1,4,49.7,5554.1,1,1,-0.068784
M000255,63.6,2,1,58.2,266.45,0,1,0.0
M000256,67.7,2,1,34.6,9691.25,0,1,0.0
M000257,20.5,2,6,82.6,1861.76,0,1,0.0
M000258,45.5,1,3,19.5,637.63,0,1,0.0
M000259,19.1,1,3,65.1,16072.11,1,0,-0.077138
M000260,34.0,4,1,33.5,1657.01,0,1,0.0
M000261,56.4,1,2,37.0,3657.76,0,0,0.0
M000262,29.6,2,4,46.8,550.83,0,1,0.0
M000263,48.5,1,2,34.5,759.34,0,1,0.0
M000264,36.6,2,1,31.8,5551.78,0,0,0.0
M000265,15.9,1,4,89.3,16604.81,1,0,-0.122856
M000266,39.5,1,4,148.0,6039.49,0,0,0.0
M000267,44.8,2,1,49.5,2580.39,0,1,0.0
M000268,49.1,1,3,57.7,828.31,1,1,-0.109906
M000269,21.5,0,2,18.8,329.99,1,0,-0.116931
M000270,46.5,1,1,144.5,3264.98,0,0,0.0
M000271,34.4,2,3,21.0,7270.58,1,0,-0.08201
M000272,9.4,3,1,119.6,18934.97,1,1,-0.108643
M000273,41.0,3,3,25.9,11001.25,1,0,-0.106525
M000274,28.6,3,1,96.5,822.18,0,1,0.0
M000275,43.4,1,1,56.8,5242.87,0,0,0.0
M000276,44.3,3,2,71.0,4089.22,0,1,0.0
M000277,76.6,0,3,64.3,981.22,0,0,0.0
M000278,37.5,2,4,40.9,571.21,0,1,0.0
M000279,81.1,0,1,30.9,257.84,0,0,0.0
M000280,15.8,2,2,34.9,1218.5,1,1,-0.09551
M000281,70.0,1,5,20.4,3438.51,0,0,0.0
M000282,81.7,1,2,44.0,2914.92,1,0,-0.083861
M000283,28.8,1,1,37.5,1508.18,0,0,0.0
M000284,27.7,2,2,55.6,10222.14,1,0,-0.080334
M000285,56.0,3,1,17.7,2678.56,1,1,-0.082802
M000286,41.9,0,1,43.4,3399.41,0,0,0.0
M000287,42.0,1,2,104.1,3017.27,0,1,0.0
M000288,21.1,2,1,32.8,2456.42,0,1,0.0
M000289,75.5,3,3,81.8,2824.32,1,0,-0.110739
M000290,12.9,3,3,25.9,27204.62,1,1,-0.090603
M000291,39.8,2,2,48.7,584.15,0,1,0.0
M000292,36.4,2,3,121.1,1492.51,0,1,0.0
M000293,39.2,0,1,49.7,485.53,0,0,0.0
M000294,72.8,1,5,15.0,1519.88,1,1,-0.104393
M000295,31.6,0,1,27.3,4057.97,0,0,0.0
M000296,31.0,1,1,41.9,922.78,0,0,0.0
M000297,89.1,1,2,34.7,2071.65,0,1,0.0
M000298,63.7,0,2,30.9,2370.48,0,1,0.0
M000299,35.4,1,2,24.7,1775.32,0,0,0.0
M000300,0.0,3,1,59.8,4426.63,1,1,-0.099831
M000301,14.2,2,4,64.4,977.38,0,1,0.0
M000302,22.8,1,2,131.0,36301.61,1,0,-0.095026
M000303,49.3,2,1,20.1,3141.59,0,0,0.0
M000304,14.7,2,1,31.2,9368.84,1,1,-0.102652
M000305,79.6,2,1,33.3,15475.0,0,0,0.0
M000306,63.0,2,4,36.3,2653.35,1,0,-0.107901
M000307,31.4,1,2,74.4,1153.99,0,1,0.0
M000308,32.7,3,4,84.1,2745.45,1,1,-0.080461
M000309,39.3,3,4,73.6,2923.03,1,1,-0.100998
M000310,54.9,3,1,57.2,3567.96,1,0,-0.113146
M000311,1.7,2,4,74.2,728.26,0,0,0.0
M000312,34.3,1,1,44.1,4271.62,0,1,0.0
M000313,17.8,1,4,63.0,1040.37,0,1,0.0
M000314,36.6,2,3,13.6,2996.08,0,0,0.0
M000315,72.8,3,2,134.9,875.68,0,0,0.0
M000316,40.5,2,1,22.4,2115.65,0,1,0.0
M000317,30.7,3,3,23.0,2630.5,1,1,-0.096542
M000318,38.7,1,4,52.3,3381.69,1,0,-0.10231
M000319,14.2,5,1,57.4,7858.07,1,1,-0.0871
M000320,29.1,5,2,35.7,2665.79,1,0,-0.091405
M000321,70.9,0,1,52.8,3273.95,0,0,0.0
M000322,28.6,2,1,50.6,966.86,0,0,0.0
M000323,52.8,0,3,24.6,2989.14,0,1,0.0
M000324,48.8,2,2,37.9,624.39,0,0,0.0
M000325,48.7,1,5,35.2,18184.23,0,0,0.0
M000326,57.9,0,3,57.8,1766.23,0,0,0.0
M000327,35.0,3,4,79.2,3441.07,1,0,-0.117936
M000328,24.2,0,3,42.0,7455.94,1,0,-0.084952
M000329,59.3,3,4,29.7,890.19,1,0,-0.083821
M000330,43.1,5,5,88.3,5189.97,1,1,-0.115691
M000331,44.0,1,2,13.2,4814.96,0,0,0.0
M000332,44.8,1,3,170.7,6964.07,0,1,0.0
M000333,56.5,1,6,105.3,3814.43,1,0,-0.082838
M000334,32.2,1,3,32.7,11155.24,0,1,0.0
M000335,7.4,2,2,114.8,83816.34,1,0,-0.106904
M000336,37.5,3,2,32.1,1210.01,1,1,-0.118921
M000337,49.8,0,3,106.0,1336.18,0,1,0.0
M000338,41.7,1,2,119.2,4137.35,0,0,0.0
M000339,52.6,2,1,65.4,4213.39,1,0,-0.106519
M000340,77.0,4,2,15.3,16790.39,1,1,-0.103032
M000341,56.6,1,5,128.0,1487.99,0,0,0.0
M000342,26.0,0,2,58.0,6547.97,0,0,0.0
M000343,45.8,0,1,36.2,8241.79,0,0,0.0
M000344,44.7,0,1,42.0,5149.75,0,0,0.0
M000345,29.2,1,2,142.6,1439.37,0,0,0.0
M000346,13.8,0,5,79.2,691.76,1,0,-0.078981
M000347,78.3,1,5,40.7,2241.09,0,1,0.0
M000348,46.1,0,2,41.8,4042.83,0,0,0.0
M000349,45.9,0,4,60.5,5062.63,0,0,0.0
M000350,22.2,4,4,34.0,1499.1,1,0,-0.090304
M000351,58.4,2,1,52.0,1151.89,0,0,0.0
M000352,12.9,1,1,18.4,2794.73,1,0,-0.111773
M000353,28.6,2,5,24.3,947.78,0,1,0.0
M000354,53.0,1,1,50.1,3262.7,1,1,-0.114648
M000355,27.6,2,5,77.6,2330.6,0,0,0.0
M000356,51.2,3,1,85.7,1174.52,1,1,-0.094893
M000357,29.2,1,3,41.1,2775.93,1,0,-0.066666
M000358,25.9,2,3,161.8,8636.52,1,0,-0.076482
M000359,15.6,0,5,115.7,1099.77,1,1,-0.107497
M000360,36.4,1,5,143.3,1040.66,0,0,0.0
M000361,55.2,2,1,9.6,8227.73,0,0,0.0
M000362,47.7,1,2,110.1,6205.09,0,0,0.0
M000363,46.5,2,3,32.2,439.03,0,1,0.0
M000364,91.4,0,1,30.9,4315.14,1,0,-0.072756
M000365,32.7,3,1,125.1,833.67,0,1,0.0
M000366,9.7,1,1,12.5,10333.64,0,1,0.0
M000367,69.9,1,5,64.1,7943.05,0,1,0.0
M000368,62.6,2,4,63.5,2861.35,0,1,0.0
M000369,41.7,3,3,18.4,9366.44,1,0,-0.089139
M000370,26.5,3,3,48.9,2636.46,1,0,-0.112682
M000371,37.1,0,1,110.6,3316.88,0,0,0.0
M000372,74.4,1,2,63.6,11799.08,0,0,0.0
M000373,36.1,3,2,45.5,2627.97,1,0,-0.110779
M000374,69.2,2,3,35.2,1983.04,0,0,0.0
M000375,21.5,3,2,22.2,439.31,1,0,-0.124337
M000376,41.5,1,2,111.5,2605.21,0,1,0.0
M000377,27.2,3,3,37.6,1232.49,1,1,-0.080743
M000378,75.5,2,1,134.7,2231.68,0,1,0.0
M000379,33.8,2,3,13.7,1090.9,0,0,0.0
M000380,50.1,0,2,10.9,146.92,1,1,-0.099777
M000381,19.7,2,3,83.2,10942.7,0,1,0.0
M000382,27.0,1,1,122.8,4199.16,0,0,0.0
M000383,64.1,1,3,38.8,1247.71,0,1,0.0
M000384,29.2,4,1,30.3,7135.28,1,0,-0.098733
M000385,74.8,3,5,66.8,969.72,1,1,-0.101968
M000386,22.3,2,4,35.2,1950.56,1,1,-0.10706
M000387,19.2,1,1,36.1,7049.91,0,1,0.0
M000388,48.1,1,3,75.9,219.74,0,1,0.0
M000389,62.0,3,2,46.8,224.81,1,1,-0.101105
M000390,47.5,1,3,21.8,3686.73,0,0,0.0
M000391,31.5,2,2,33.1,13771.45,0,0,0.0
M000392,43.5,1,1,73.7,419.02,0,0,0.0
M000393,37.8,2,4,51.2,1763.87,0,0,0.0
M000394,89.4,1,1,60.0,4987.44,0,1,0.0
M000395,73.4,4,1,72.9,130.58,1,1,-0.1207
M000396,62.2,5,5,33.8,6515.43,0,1,0.0
M000397,67.2,2,3,50.5,5671.19,1,0,-0.105766
M000398,39.5,1,4,55.6,590.46,0,0,0.0
M000399,53.6,2,1,128.0,8486.79,0,0,0.0
M000400,75.2,2,3,32.4,943.15,0,0,0.0
M000401,58.0,1,3,43.9,37499.44,0,0,0.0
M000402,51.8,1,2,89.6,1668.69,0,0,0.0
M000403,56.7,0,3,7.4,3313.33,0,1,0.0
M000404,22.5,1,5,88.4,3418.08,1,0,-0.123984
M000405,48.6,4,3,147.6,9466.25,1,0,-0.119536
M000406,28.2,3,3,19.5,1228.11,1,1,-0.11708
M000407,65.8,3,5,81.8,2015.95,1,0,-0.076
M000408,63.5,0,3,17.4,2957.02,0,1,0.0
M000409,52.6,3,1,86.4,3842.7,1,1,-0.104604
M000410,5.6,4,2,42.8,11661.21,1,0,-0.087107
M000411,60.7,1,1,29.0,3019.53,0,1,0.0
M000412,27.2,4,2,49.1,1179.9,1,1,-0.098501
M000413,67.3,5,4,99.0,811.81,1,1,-0.105337
M000414,34.9,2,6,48.9,7115.78,0,0,0.0
M000415,47.9,3,3,126.3,11501.47,1,1,-0.114116
M000416,32.7,1,6,20.6,674.69,0,0,0.0
M000417,31.2,3,2,46.1,2180.49,0,1,0.0
M000418,88.4,3,1,24.4,2283.13,0,0,0.0
M000419,28.4,4,5,52.6,816.86,0,1,0.0
M000420,77.8,2,5,54.6,513.75,0,0,0.0
M000421,26.3,4,2,122.6,5857.42,0,0,0.0
M000422,39.0,1,2,15.8,1479.26,0,1,0.0
M000423,46.4,2,2,54.7,6995.87,0,1,0.0
M000424,90.4,4,1,6.3,7114.01,1,1,-0.095487
M000425,35.6,1,4,77.9,30534.93,0,0,0.0
M000426,71.2,1,2,13.0,3012.42,0,0,0.0
M000427,51.9,1,3,58.7,2178.72,0,0,0.0
M000428,31.3,2,1,72.5,1406.91,0,1,0.0
M000429,69.6,1,1,68.3,3632.29,0,1,0.0
M000430,28.8,1,3,47.5,4612.26,0,0,0.0
M000431,29.8,1,5,70.1,809.75,0,0,0.0
M000432,28.3,0,1,77.5,440.04,0,0,0.0
M000433,47.0,4,2,132.3,1329.03,0,0,0.0
M000434,71.4,5,3,23.7,1375.5,1,0,-0.111057
M000435,41.5,2,3,29.8,10249.41,1,1,-0.082861
M000436,39.3,3,2,77.1,7652.99,1,0,-0.117314
M000437,40.6,0,4,128.0,1987.74,0,0,0.0
M000438,41.8,4,1,72.5,6293.95,1,0,-0.124102
M000439,65.4,1,4,14.7,415.98,0,0,0.0
M000440,53.0,0,6,114.3,1345.48,0,0,0.0
M000441,34.3,3,1,42.3,7055.97,1,0,-0.107201
M000442,29.9,0,4,42.0,1140.14,0,0,0.0
M000443,46.8,1,2,52.7,517.29,0,0,0.0
M000444,38.4,3,3,98.8,3639.47,1,0,-0.117875
M000445,13.9,1,4,139.8,5591.38,1,0,-0.12243
M000446,61.1,1,1,162.4,1442.67,1,1,-0.070079
M000447,55.3,1,5,11.6,3290.87,0,1,0.0
M000448,38.8,2,3,108.9,1178.43,0,0,0.0
M000449,76.1,2,5,112.0,1282.29,0,0,0.0
M000450,51.3,0,3,93.6,2419.33,0,1,0.0
M000451,32.2,1,2,62.9,4480.75,0,1,0.0
M000452,23.1,1,3,26.8,5533.52,1,1,-0.107205
M000453,43.3,5,4,40.8,1716.67,1,0,-0.102141
M000454,41.1,3,6,52.4,3303.53,1,1,-0.089842
M000455,54.5,3,1,44.3,6993.91,1,0,-0.117858
M000456,81.9,2,1,88.2,4271.04,0,0,0.0
M000457,52.6,2,1,36.5,2884.87,0,1,0.0
M000458,14.4,1,1,175.0,11650.06,0,1,0.0
M000459,49.5,0,3,68.7,4126.64,0,1,0.0
M000460,42.6,1,1,24.7,13294.87,1,0,-0.095572
M000461,65.1,3,3,101.7,1452.98,0,1,0.0
M000462,81.0,0,2,61.4,107.48,1,0,-0.064448
M000463,24.2,1,4,22.6,4445.84,0,0,0.0
M000464,58.2,2,1,181.5,2242.48,1,0,-0.075074
M000465,55.5,1,2,165.3,1887.19,0,0,0.0
M000466,18.2,1,3,79.6,5884.51,1,0,-0.110633
M000467,70.5,1,3,76.3,4965.94,0,1,0.0
M000468,45.4,1,4,82.8,1364.95,0,0,0.0
M000469,41.0,5,2,48.0,2919.26,0,0,0.0
M000470,37.7,1,4,190.9,3162.43,0,0,0.0
M000471,50.8,1,2,11.6,7459.0,0,1,0.0
M000472,43.8,1,3,158.8,7823.33,0,0,0.0
M000473,38.2,2,3,8.5,1546.98,1,1,-0.101751
M000474,47.3,1,3,6.4,4727.69,0,1,0.0
M000475,67.8,1,5,129.0,30329.44,0,0,0.0
M000476,97.4,2,3,27.4,9570.51,0,0,0.0
M000477,87.3,1,3,130.4,3002.94,0,0,0.0
M000478,19.6,0,5,108.5,217.24,0,0,0.0
M000479,26.7,1,2,37.7,2069.88,0,0,0.0
M000480,43.6,3,6,83.3,1342.96,1,0,-0.093883
M000481,40.9,3,2,47.7,4273.35,0,1,0.0
M000482,54.7,1,2,28.5,3128.6,0,0,0.0
M000483,25.9,0,4,24.1,1884.79,0,1,0.0
M000484,60.7,2,2,65.1,1977.38,0,0,0.0
M000485,34.8,2,1,92.8,3402.62,0,0,0.0
M000486,68.8,0,6,19.2,36440.56,0,0,0.0
M000487,47.7,2,2,50.8,2792.27,0,0,0.0
M000488,37.4,1,4,103.1,6417.79,0,0,0.0
M000489,52.6,0,2,47.2,1630.75,0,0,0.0
M000490,46.2,1,2,41.0,2667.01,0,1,0.0
M000491,50.5,1,2,7.6,3092.28,0,1,0.0
M000492,79.3,2,3,81.1,2448.99,0,0,0.0
M000493,50.4,5,2,85.0,114953.64,0,0,0.0
M000494,28.8,1,3,99.8,4915.34,1,0,-0.071231
M000495,82.6,2,5,53.4,3443.73,0,0,0.0
M000496,41.9,3,1,19.5,11982.24,1,1,-0.118217
M000497,69.5,1,3,45.6,1900.32,0,0,0.0
M000498,69.8,1,3,50.9,18778.23,0,1,0.0
M000499,64.0,4,3,31.7,5920.67,0,1,0.0
M000500,9.9,0,3,8.7,2610.73,0,0,0.0
M000501,23.8,1,4,86.7,1515.32,1,1,-0.094016
M000502,62.3,1,1,101.9,788.67,0,0,0.0
M000503,31.8,1,4,107.3,222.78,0,1,0.0
M000504,84.5,1,3,73.5,10507.92,0,1,0.0
M000505,48.4,1,5,68.5,1158.79,0,0,0.0
M000506,21.7,1,4,14.5,2461.77,0,1,0.0
M000507,12.1,5,2,84.1,744.21,0,0,0.0
M000508,43.7,2,3,35.9,1248.48,0,0,0.0
M000509,57.0,0,1,55.3,2817.85,0,0,0.0
M000510,45.6,5,1,70.3,5408.93,1,0,-0.093355
M000511,42.7,0,1,25.5,6426.97,0,1,0.0
M000512,75.5,1,5,56.8,4721.87,0,0,0.0
M000513,41.0,0,3,65.2,20172.94,0,1,0.0
M000514,11.6,1,1,56.8,1107.43,1,1,-0.109864
M000515,1.6,1,2,83.4,453.05,1,0,-0.109357
M000516,0.6,0,3,38.5,1446.41,0,0,0.0
M000517,46.5,2,4,45.3,435.06,0,0,0.0
M000518,52.4,0,4,16.6,898.69,0,0,0.0
M000519,62.4,2,2,33.7,3154.92,0,0,0.0
M000520,31.5,2,1,89.1,5531.81,0,0,0.0
M000521,17.8,1,2,48.7,6948.26,1,1,-0.10035
M000522,77.7,0,1,50.6,41972.68,1,1,-0.078233
M000523,56.7,1,2,10.4,3798.95,0,0,0.0
M000524,19.2,3,3,50.6,3635.04,1,1,-0.086419
M000525,59.3,2,4,41.1,1278.7,0,1,0.0
M000526,74.1,1,4,27.3,272.65,1,0,-0.073666
M000527,73.3,1,1,34.8,4772.5,1,0,-0.083695
M000528,33.8,1,5,38.1,990.11,0,1,0.0
M000529,39.3,1,1,87.0,1260.73,0,0,0.0
M000530,30.4,2,3,32.4,21492.76,0,0,0.0
M000531,26.5,0,2,21.4,7273.58,0,0,0.0
M000532,29.4,2,2,71.4,1706.33,0,0,0.0
M000533,63.5,1,4,79.3,6673.5,0,0,0.0
M000534,52.0,2,4,72.5,50369.33,0,0,0.0
M000535,47.1,4,4,19.3,4495.46,0,1,0.0
M000536,28.5,0,1,43.6,2793.16,0,0,0.0
M000537,44.2,1,2,121.8,8137.04,0,0,0.0
M000538,23.8,2,4,143.2,6211.29,0,1,0.0
M000539,23.9,2,2,33.4,756.53,1,1,-0.118384
M000540,27.9,3,2,67.7,2516.49,1,1,-0.112855
M000541,23.3,0,2,77.0,6119.3,0,0,0.0
M000542,42.7,2,2,91.0,3274.94,0,0,0.0
M000543,8.3,0,1,105.4,896.71,1,0,-0.089524
M000544,68.9,3,1,46.0,5744.26,1,1,-0.097192
M000545,40.3,1,4,103.8,7120.48,0,1,0.0
M000546,32.4,0,2,12.5,642.15,0,1,0.0
M000547,32.7,1,2,80.6,427.18,0,0,0.0
M000548,46.0,3,1,117.1,2249.67,1,1,-0.10703
M000549,54.0,2,1,85.7,2878.15,0,0,0.0
M000550,29.3,4,2,172.0,1623.74,0,0,0.0
M000551,44.4,0,2,74.3,678.04,0,1,0.0
M000552,37.0,0,6,78.0,1127.39,0,0,0.0
M000553,33.3,1,5,51.4,893.25,0,1,0.0
M000554,5.2,2,2,48.7,2343.7,1,0,-0.116759
M000555,60.4,3,2,72.6,2574.39,1,0,-0.083646
M000556,72.1,1,1,235.2,2740.06,0,0,0.0
M000557,42.8,3,5,30.2,1144.54,0,1,0.0
M000558,57.0,3,5,27.4,912.11,0,1,0.0
M000559,19.8,1,3,35.2,1559.71,1,1,-0.095011
M000560,59.2,0,1,9.5,328.11,0,1,0.0
M000561,43.0,3,4,4.6,1609.19,1,1,-0.089759
M000562,43.0,2,1,21.3,9973.96,0,1,0.0
M000563,21.5,5,3,107.4,6639.83,1,0,-0.124349
M000564,57.6,2,3,65.1,810.68,0,0,0.0
M000565,85.6,0,3,27.5,3078.3,1,0,-0.074611
M000566,56.6,1,2,183.6,12752.11,0,0,0.0
M000567,16.2,0,4,151.5,1569.2,1,0,-0.068319
M000568,49.1,1,1,20.4,3620.42,1,0,-0.102248
M000569,63.5,2,3,11.6,1621.76,0,1,0.0
M000570,60.6,0,1,99.2,2935.41,0,0,0.0
M000571,47.1,3,4,38.2,22650.5,0,1,0.0
M000572,40.3,2,4,60.1,2061.98,0,0,0.0
M000573,21.9,1,1,11.3,17488.41,0,1,0.0
M000574,50.0,1,2,74.7,301.54,0,1,0.0
M000575,61.9,0,2,27.4,12415.79,0,0,0.0
M000576,47.8,2,1,132.1,4436.86,1,0,-0.08438
M000577,59.6,1,3,40.2,334.77,0,1,0.0
M000578,38.8,0,4,46.0,45279.68,0,0,0.0
M000579,38.6,0,2,33.8,3460.24,0,0,0.0
M000580,42.2,2,6,68.7,2934.54,1,0,-0.071401
M000581,41.3,1,3,12.2,4183.18,0,0,0.0
M000582,42.0,2,1,43.7,7756.03,0,0,0.0
M000583,70.3,2,5,75.3,9973.47,0,0,0.0
M000584,57.9,1,1,87.2,624.58,0,0,0.0
M000585,84.5,5,2,37.4,4020.91,0,0,0.0
M000586,32.8,3,2,4.7,307.64,0,0,0.0
M000587,62.8,4,3,33.6,3492.58,0,1,0.0
M000588,40.5,4,2,34.5,1877.74,0,1,0.0
M000589,50.4,0,5,16.1,5664.2,0,0,0.0
M000590,31.9,2,4,39.9,2195.87,1,0,-0.108372
M000591,58.3,2,2,44.2,1220.26,0,1,0.0
M000592,71.7,1,1,75.3,492.44,0,0,0.0
M000593,36.7,1,2,69.0,1546.04,0,0,0.0
M000594,37.1,0,1,38.3,1685.33,0,1,0.0
M000595,61.0,2,4,65.8,3054.8,1,0,-0.070331
M000596,75.6,1,4,48.2,5517.02,0,0,0.0
M000597,78.9,1,1,45.6,11680.68,0,0,0.0
M000598,40.8,3,2,18.1,1596.83,0,1,0.0
M000599,66.6,1,3,101.6,2711.33,1,0,-0.104324
M000600,44.3,2,3,15.4,97.16,0,0,0.0
M000601,69.2,1,3,79.4,2198.07,0,0,0.0
M000602,34.8,2,2,32.2,5986.21,0,0,0.0
M000603,61.4,1,5,29.0,12129.73,1,1,-0.105842
M000604,74.6,2,3,13.0,16258.64,0,0,0.0
M000605,19.6,1,1,40.5,4897.63,0,0,0.0
M000606,58.6,2,3,5.5,1116.15,0,1,0.0
M000607,13.4,3,2,98.3,10105.36,1,1,-0.114478
M000608,47.7,1,1,48.5,3671.64,0,1,0.0
M000609,45.5,2,3,51.3,15981.61,0,1,0.0
M000610,86.8,0,3,16.8,1712.98,0,1,0.0
M000611,5.0,0,5,107.0,1972.97,0,0,0.0
M000612,17.3,2,1,114.8,1821.07,1,1,-0.124341
M000613,30.4,3,2,188.3,7643.72,1,1,-0.122762
M000614,77.5,3,4,36.1,2114.86,0,0,0.0
M000615,61.9,1,1,121.4,2188.92,0,0,0.0
M000616,41.2,2,1,44.8,3021.82,1,0,-0.087847
M000617,39.5,2,4,11.2,1505.21,0,0,0.0
M000618,37.2,2,5,121.4,2962.4,0,0,0.0
M000619,49.2,3,3,183.2,1007.19,0,1,0.0
M000620,47.6,2,2,13.2,3023.51,0,0,0.0
M000621,51.5,0,1,117.1,5960.71,0,0,0.0
M000622,15.8,2,2,127.4,685.78,1,0,-0.107052
M000623,69.4,1,4,63.5,120.33,0,1,0.0
M000624,43.3,5,3,73.6,3086.82,1,1,-0.121144
M000625,18.9,3,2,61.1,321.03,1,1,-0.093526
M000626,40.1,0,4,157.5,485.31,0,0,0.0
M000627,65.7,2,2,35.2,9256.45,0,0,0.0
M000628,73.5,1,1,20.3,11776.51,0,1,0.0
M000629,34.9,2,2,68.3,1543.16,0,0,0.0
M000630,31.2,1,3,70.3,1153.75,0,0,0.0
M000631,12.9,1,4,40.3,3422.18,0,1,0.0
M000632,62.1,1,4,112.8,523.66,1,1,-0.061524
M000633,46.0,2,1,21.5,4073.98,0,1,0.0
M000634,62.2,2,1,26.2,1125.47,0,0,0.0
M000635,35.3,0,4,17.2,9620.05,0,0,0.0
M000636,34.3,1,2,33.5,17094.85,0,0,0.0
M000637,45.2,2,4,34.6,1301.87,0,0,0.0
M000638,41.4,1,2,107.0,3355.15,0,0,0.0
M000639,18.5,4,3,93.9,6047.98,0,1,0.0
M000640,37.8,1,1,28.6,6288.44,0,0,0.0
M000641,63.0,3,3,91.0,2294.08,0,1,0.0
M000642,37.8,0,2,72.0,355.54,0,1,0.0
M000643,40.4,3,4,105.3,1214.57,0,0,0.0
M000644,64.0,1,6,10.4,865.31,0,0,0.0
M000645,30.9,1,2,23.1,3370.19,0,0,0.0
M000646,37.1,1,1,158.7,5496.09,0,0,0.0
M000647,8.0,1,4,68.1,4031.54,1,1,-0.105813
M000648,30.7,2,5,42.7,15213.48,0,0,0.0
M000649,12.4,2,6,50.3,5485.58,1,1,-0.096477
M000650,43.1,0,2,82.6,1094.57,0,1,0.0
M000651,26.8,3,6,23.6,3502.48,1,1,-0.115212
M000652,52.2,1,5,40.1,6453.72,0,0,0.0
M000653,32.1,2,5,140.2,2089.69,1,0,-0.064129
M000654,9.7,3,1,125.6,12161.11,1,1,-0.116123
M000655,23.9,0,3,115.6,3052.46,0,1,0.0
M000656,48.9,2,5,14.8,4149.68,0,0,0.0
M000657,61.8,2,2,86.4,13577.55,0,0,0.0
M000658,23.3,2,1,74.8,4605.05,1,1,-0.093331
M000659,58.0,1,2,6.6,43137.32,0,1,0.0
M000660,0.0,3,2,99.5,2408.37,1,1,-0.097426
M000661,77.7,1,6,36.1,13380.57,0,1,0.0
M000662,63.7,0,4,179.0,2561.52,0,0,0.0
M000663,48.4,2,2,92.5,1686.42,0,0,0.0
M000664,23.6,2,2,55.0,1045.85,0,1,0.0
M000665,50.7,1,2,65.3,827.49,0,0,0.0
M000666,29.8,3,5,84.3,2046.09,1,0,-0.099467
M000667,55.4,2,1,7.7,3635.59,0,0,0.0
M000668,68.9,0,6,51.6,736.46,0,1,0.0
M000669,33.7,0,2,35.2,4132.67,0,0,0.0
M000670,21.0,0,5,65.9,4381.13,0,1,0.0
M000671,32.2,1,3,22.4,2394.51,0,1,0.0
M000672,14.1,2,4,76.7,3058.56,1,1,-0.117742
M000673,25.8,0,3,21.5,3608.39,0,0,0.0
M000674,35.9,4,3,44.0,5425.35,1,1,-0.099394
M000675,38.4,1,3,47.8,10238.02,0,1,0.0
M000676,30.0,0,6,52.6,1429.04,0,1,0.0
M000677,34.3,0,4,20.7,1234.85,0,0,0.0
M000678,41.2,1,1,26.8,80489.86,1,0,-0.112246
M000679,56.2,1,3,24.2,6614.65,0,0,0.0
M000680,38.1,1,2,16.0,3389.52,0,0,0.0
M000681,28.3,2,5,22.8,7860.96,1,1,-0.113308
M000682,65.0,2,1,17.1,3758.12,1,0,-0.061618
M000683,33.4,5,1,150.4,2652.31,0,1,0.0
M000684,49.8,1,2,16.5,1028.72,0,0,0.0
M000685,6.3,2,1,31.1,1422.62,1,1,-0.096317
M000686,45.2,1,1,26.4,4507.47,0,1,0.0
M000687,71.5,0,2,13.7,1997.22,0,0,0.0
M000688,32.0,1,6,45.6,8584.74,0,1,0.0
M000689,72.2,2,4,194.8,365.26,1,1,-0.068876
M000690,31.3,1,3,40.0,4126.8,0,0,0.0
M000691,25.0,0,3,29.1,617.11,0,0,0.0
M000692,83.5,3,2,38.0,2695.5,1,1,-0.090059
M000693,35.8,0,2,42.4,37661.31,0,0,0.0
M000694,84.1,1,3,67.9,5437.56,1,0,-0.092077
M000695,73.5,2,2,77.8,10461.13,0,0,0.0
M000696,32.1,2,5,26.0,1909.43,0,0,0.0
M000697,24.0,1,4,64.4,144.76,1,1,-0.114948
M000698,50.2,0,3,25.0,1277.72,0,1,0.0
M000699,77.9,2,3,32.8,1067.25,1,0,-0.062142
M000700,47.7,0,3,15.2,2360.87,1,0,-0.116228
M000701,32.0,2,3,77.2,8282.64,1,0,-0.086985
M000702,44.2,3,1,50.2,6536.08,1,1,-0.111367
M000703,95.9,1,3,38.1,1484.11,0,0,0.0
M000704,66.5,4,2,109.3,3529.83,1,1,-0.115981
M000705,58.0,0,3,21.2,6373.08,0,1,0.0
M000706,77.0,1,3,98.9,31809.73,0,0,0.0
M000707,71.2,2,1,11.5,960.6,0,0,0.0
M000708,37.4,0,2,53.0,2019.19,0,0,0.0
M000709,43.6,1,1,171.5,21192.7,0,1,0.0
M000710,39.7,2,3,71.3,2993.55,0,0,0.0
M000711,56.1,2,3,36.9,2919.01,1,0,-0.049701
M000712,66.6,2,2,154.4,7890.09,0,0,0.0
M000713,20.6,2,1,82.3,1645.15,1,1,-0.095612
M000714,55.1,0,1,42.7,284.97,0,0,0.0
M000715,74.2,0,1,126.7,937.69,0,0,0.0
M000716,29.4,1,1,71.1,2776.97,0,0,0.0
M000717,10.1,1,1,26.1,1042.07,1,1,-0.082439
M000718,59.3,0,5,47.1,1673.83,1,0,-0.088081
M000719,54.8,2,3,36.0,7558.45,0,1,0.0
M000720,77.3,2,2,109.3,1479.26,0,0,0.0
M000721,43.8,0,2,54.3,6224.26,1,0,-0.093311
M000722,72.2,1,1,26.5,1070.59,0,0,0.0
M000723,90.3,1,5,28.8,1744.26,0,0,0.0
M000724,50.1,5,1,50.0,8882.44,0,1,0.0
M000725,53.5,2,2,15.3,3160.36,0,0,0.0
M000726,58.5,3,1,37.3,10408.81,1,0,-0.091053
M000727,38.9,1,2,122.0,1059.22,1,1,-0.083073
M000728,55.9,2,3,6.7,1714.94,0,0,0.0
M000729,0.0,1,4,54.4,2319.17,1,1,-0.094037
M000730,16.0,1,2,37.3,10059.19,1,0,-0.096942
M000731,50.8,1,1,15.3,2030.77,0,0,0.0
M000732,38.4,2,1,82.1,1766.05,1,0,-0.064812
M000733,74.2,0,2,63.1,1407.06,0,0,0.0
M000734,27.2,1,2,70.9,5101.87,0,1,0.0
M000735,68.5,1,1,112.0,14826.26,0,0,0.0
M000736,61.2,0,1,164.2,9111.86,0,0,0.0
M000737,68.3,2,3,106.1,4752.91,0,0,0.0
M000738,81.4,3,4,69.9,6206.21,1,1,-0.117961
M000739,46.7,0,3,110.3,7767.21,0,1,0.0
M000740,40.2,1,2,127.1,888.49,1,0,-0.070895
M000741,27.1,3,2,62.1,1237.25,1,1,-0.11888
M000742,38.6,0,2,10.4,164.18,0,0,0.0
M000743,48.9,1,1,238.6,8123.44,0,0,0.0
M000744,35.0,4,2,48.6,699.61,1,1,-0.112014
M000745,38.2,0,1,29.1,9843.36,0,0,0.0
M000746,27.8,2,2,117.5,4447.13,0,1,0.0
M000747,34.0,3,2,37.2,9989.84,0,1,0.0
M000748,52.8,2,4,15.9,2588.17,0,0,0.0
M000749,75.4,2,2,68.7,5900.59,0,0,0.0
M000750,32.7,1,6,19.2,3277.4,0,1,0.0
M000751,44.8,1,3,24.0,3969.57,0,0,0.0
M000752,36.4,2,2,49.4,26185.14,0,0,0.0
M000753,39.7,3,2,47.4,18440.42,0,1,0.0
M000754,63.6,1,3,105.3,1314.15,0,0,0.0
M000755,47.0,2,3,62.6,291.57,0,0,0.0
M000756,85.0,1,2,49.6,1974.4,1,0,-0.070999
M000757,38.7,0,1,15.0,2312.04,0,0,0.0
M000758,73.4,1,1,81.2,6949.25,0,0,0.0
M000759,14.4,0,1,21.3,2672.9,0,0,0.0
M000760,47.8,4,1,59.5,9095.85,1,1,-0.085835
M000761,23.4,1,2,55.2,4658.93,1,0,-0.113384
M000762,83.6,0,3,95.4,2663.17,0,0,0.0
M000763,64.0,2,2,97.1,4975.59,0,1,0.0
M000764,16.3,0,1,22.1,1735.1,0,0,0.0
M000765,18.5,3,4,26.9,6660.19,0,0,0.0
M000766,51.0,1,6,113.2,4616.05,0,0,0.0
M000767,49.1,3,1,37.5,1808.53,1,1,-0.115586
M000768,47.1,0,5,28.6,11036.16,0,1,0.0
M000769,30.3,2,1,41.2,21847.67,0,0,0.0
M000770,36.7,1,5,48.5,7136.36,0,0,0.0
M000771,100.0,1,2,38.8,575.08,0,1,0.0
M000772,17.4,1,2,13.1,6714.09,1,1,-0.081042
M000773,23.0,3,6,156.4,53708.11,1,1,-0.118619
M000774,38.6,3,1,24.9,35922.71,0,0,0.0
M000775,51.8,2,3,82.9,1537.49,0,0,0.0
M000776,11.7,1,4,24.1,3846.13,1,1,-0.105306
M000777,63.0,1,1,25.5,3255.88,0,0,0.0
M000778,56.1,1,1,29.0,8664.99,0,1,0.0
M000779,33.1,3,3,23.5,2419.07,0,0,0.0
M000780,33.7,0,3,36.5,1780.41,0,0,0.0
M000781,50.4,3,2,127.2,3436.25,1,1,-0.122289
M000782,62.2,1,2,50.1,3053.45,1,0,-0.087438
M000783,64.2,5,1,47.8,2016.33,0,1,0.0
M000784,76.2,5,4,39.8,274.68,1,0,-0.096805
M000785,64.1,2,1,35.3,329.48,1,0,-0.06639
M000786,61.0,1,1,13.8,1631.95,0,0,0.0
M000787,33.9,2,1,78.4,5249.89,0,0,0.0
M000788,41.9,1,3,87.0,1952.8,0,1,0.0
M000789,79.6,1,4,79.1,3302.98,1,0,-0.104077
M000790,59.1,2,2,22.2,13037.4,0,0,0.0
M000791,33.3,2,1,12.9,1204.9,0,0,0.0
M000792,60.4,1,3,82.6,4487.43,0,0,0.0
M000793,48.3,3,2,17.2,848.9,0,0,0.0
M000794,41.6,2,5,5.3,3379.25,0,0,0.0
M000795,52.6,1,5,74.2,5168.77,0,1,0.0
M000796,57.1,1,3,79.9,4495.18,1,0,-0.072588
M000797,57.3,1,1,169.8,2720.58,0,0,0.0
M000798,36.2,1,2,36.2,434.33,0,1,0.0
M000799,56.9,2,5,11.1,5874.96,0,1,0.0
M000800,37.7,0,4,86.7,9061.03,0,0,0.0
M000801,0.0,1,2,70.4,586.31,1,0,-0.092313
M000802,49.4,2,1,162.7,1314.4,0,0,0.0
M000803,24.7,2,1,112.6,3905.09,1,1,-0.118078
M000804,82.9,1,3,42.0,1313.3,0,0,0.0
M000805,34.0,2,2,89.5,721.54,0,0,0.0
M000806,71.2,2,1,81.8,1694.67,0,1,0.0
M000807,19.2,3,3,104.7,41494.73,1,0,-0.106711
M000808,54.7,1,2,21.6,1157.2,1,0,-0.101696
M000809,86.9,2,3,44.4,1624.91,0,0,0.0
M000810,41.2,3,4,43.8,9062.41,1,1,-0.104335
M000811,58.7,1,3,24.9,528.76,0,0,0.0
M000812,17.6,2,1,43.8,611.6,0,1,0.0
M000813,52.3,2,1,84.0,6353.57,0,1,0.0
M000814,55.4,0,4,117.9,6224.72,0,0,0.0
M000815,71.0,0,3,184.8,1902.61,0,0,0.0
M000816,44.7,0,2,62.0,1989.57,0,0,0.0
M000817,59.0,2,1,155.0,1119.44,0,0,0.0
M000818,42.9,1,4,93.6,736.72,1,0,-0.052839
M000819,65.4,2,1,31.4,1042.36,0,0,0.0
M000820,47.8,0,3,31.5,2129.55,0,0,0.0
M000821,45.3,4,5,129.3,13939.82,1,1,-0.113494
M000822,40.9,3,1,78.6,594.38,0,1,0.0
M000823,21.4,1,1,111.4,7329.73,1,1,-0.116823
M000824,55.7,0,4,54.4,8010.58,0,0,0.0
M000825,28.7,0,2,74.8,2192.88,0,0,0.0
M000826,66.0,1,4,21.5,3710.92,0,0,0.0
M000827,49.5,1,4,103.5,94.93,0,0,0.0
M000828,19.8,2,1,139.7,1562.48,1,0,-0.094966
M000829,13.6,3,1,88.9,46412.24,1,1,-0.123632
M000830,17.7,4,1,13.9,6737.06,1,1,-0.063438
M000831,58.5,3,1,63.0,1679.84,1,0,-0.084312
M000832,52.1,1,2,119.0,8762.76,0,0,0.0
M000833,43.2,3,3,70.9,4708.49,1,1,-0.111133
M000834,53.7,4,6,70.2,436.32,0,1,0.0
M000835,69.3,2,4,12.7,11712.87,0,0,0.0
M000836,71.6,0,2,36.4,3383.45,0,0,0.0
M000837,65.9,0,1,37.1,322.37,0,0,0.0
M000838,6.3,1,3,4.7,1546.34,1,0,-0.117833
M000839,68.9,1,1,33.3,564.81,0,0,0.0
M000840,45.4,3,3,91.4,857.2,1,1,-0.09752
M000841,39.8,2,1,79.9,3053.47,1,0,-0.060648
M000842,42.5,5,3,71.9,1946.2,1,1,-0.115387
M000843,41.7,2,1,25.2,837.54,1,0,-0.084779
M000844,53.8,2,3,26.8,6778.24,0,0,0.0
M000845,65.4,2,2,131.3,6303.0,0,1,0.0
M000846,51.4,1,2,3.9,1316.77,0,1,0.0
M000847,29.5,1,1,15.6,8014.41,0,0,0.0
M000848,78.2,0,3,98.5,2552.21,0,0,0.0
M000849,35.8,2,1,37.2,2084.34,1,0,-0.087135
M000850,44.2,3,3,63.6,4136.55,1,1,-0.115062
M000851,36.8,1,3,26.1,11713.1,0,0,0.0
M000852,34.4,1,5,40.3,3472.61,0,1,0.0
M000853,71.8,3,1,106.0,2282.78,0,1,0.0
M000854,60.0,3,3,120.5,1405.24,1,1,-0.112633
M000855,50.1,3,5,129.5,4946.3,1,1,-0.122752
M000856,55.7,4,2,32.7,2768.71,1,1,-0.104306
M000857,47.6,2,2,57.3,5029.16,0,0,0.0
M000858,56.6,2,5,93.3,2836.16,1,0,-0.076908
M000859,94.1,0,2,39.1,725.04,0,0,0.0
M000860,35.6,2,2,83.9,2872.81,0,0,0.0
M000861,30.5,0,5,70.5,677.0,0,0,0.0
M000862,32.6,0,3,40.9,14805.25,1,0,-0.095436
M000863,82.6,2,4,75.2,1004.25,0,0,0.0
M000864,59.0,2,3,17.1,964.67,0,1,0.0
M000865,48.2,1,1,183.8,1905.79,0,0,0.0
M000866,61.2,2,1,117.5,2848.29,0,1,0.0
M000867,57.5,1,1,108.4,1127.12,1,1,-0.085676
M000868,76.5,1,3,38.0,2259.34,0,0,0.0
M000869,35.4,1,4,25.5,8731.67,0,0,0.0
M000870,53.4,3,4,69.2,4485.15,1,1,-0.111943
M000871,23.5,4,2,74.1,1461.59,1,1,-0.08986
M000872,19.5,3,1,68.5,1407.01,1,1,-0.087086
M000873,59.5,1,4,59.4,4602.09,0,0,0.0
M000874,43.9,3,3,2.4,2490.18,1,0,-0.105797
M000875,27.7,2,4,130.2,964.72,0,0,0.0
M000876,58.0,3,2,28.3,10541.43,1,0,-0.102908
M000877,54.8,0,2,34.2,7745.44,0,1,0.0
M000878,69.1,1,4,50.0,2757.89,0,0,0.0
M000879,53.7,2,1,109.7,1145.49,1,0,-0.106397
M000880,35.5,1,4,21.9,5176.67,0,0,0.0
M000881,39.4,1,1,48.9,593.84,0,0,0.0
M000882,43.0,1,3,17.7,5184.76,0,0,0.0
M000883,35.6,3,2,73.4,919.84,0,1,0.0
M000884,32.5,2,3,52.5,1175.12,0,1,0.0
M000885,46.1,1,3,24.3,780.14,0,0,0.0
M000886,25.4,1,5,55.4,17151.16,0,0,0.0
M000887,41.4,3,5,13.9,16534.44,0,1,0.0
M000888,57.1,2,1,67.8,3248.31,1,1,-0.085213
M000889,61.7,1,2,79.7,1067.73,0,1,0.0
M000890,31.2,0,3,106.6,715.58,0,0,0.0
M000891,58.9,2,2,25.8,1187.4,0,0,0.0
M000892,34.3,1,1,61.5,10335.87,1,0,-0.081952
M000893,62.1,3,3,102.8,1291.46,0,1,0.0
M000894,66.6,2,2,148.1,267.8,0,0,0.0
M000895,52.8,3,2,56.8,2119.29,0,0,0.0
M000896,53.0,2,4,43.8,3591.87,0,1,0.0
M000897,57.2,3,6,13.7,121624.31,1,0,-0.124126
M000898,54.7,2,5,10.8,4830.41,0,0,0.0
M000899,46.1,2,1,52.2,369.24,0,0,0.0
M000900,51.0,1,3,18.4,8824.82,0,0,0.0
M000901,35.5,1,3,37.5,2909.39,0,0,0.0
M000902,22.9,1,4,46.4,2552.69,0,1,0.0
M000903,57.5,0,1,40.8,2444.89,1,0,-0.107854
M000904,19.6,1,2,82.9,4770.93,1,1,-0.102458
M000905,95.7,1,4,32.0,9680.18,0,0,0.0
M000906,43.8,4,5,37.5,601.24,1,0,-0.095841
M000907,100.0,1,3,69.2,323.2,1,0,-0.082038
M000908,34.6,4,5,29.1,1828.26,1,0,-0.107347
M000909,60.7,1,2,19.3,12431.13,0,0,0.0
M000910,41.5,3,3,23.8,9052.11,1,1,-0.105504
M000911,2.9,0,5,42.3,2419.33,0,1,0.0
M000912,55.0,2,4,67.8,1154.85,0,1,0.0
M000913,63.3,1,3,32.5,1434.79,0,1,0.0
M000914,23.2,1,4,32.8,2011.68,1,1,-0.110748
M000915,47.5,1,3,19.6,2066.62,0,1,0.0
M000916,37.3,5,1,49.3,1799.6,1,1,-0.079611
M000917,44.2,2,2,48.2,2286.75,0,0,0.0
M000918,58.2,0,4,18.2,4785.22,0,0,0.0
M000919,8.0,3,2,43.7,1461.96,1,1,-0.100784
M000920,44.9,5,1,10.1,18584.92,0,1,0.0
M000921,56.5,1,3,33.1,5051.92,0,0,0.0
M000922,58.3,2,2,87.3,2894.85,0,0,0.0
M000923,41.1,2,5,15.5,12009.16,1,0,-0.086319
M000924,26.5,1,1,12.5,3626.25,0,0,0.0
M000925,0.0,3,4,91.4,24672.15,0,1,0.0
M000926,38.2,3,5,83.9,10932.11,1,0,-0.078265
M000927,32.7,0,2,1.8,4963.39,0,0,0.0
M000928,66.0,3,4,40.9,11456.92,1,1,-0.116778
M000929,33.2,3,2,170.6,4898.26,0,1,0.0
M000930,55.6,2,4,63.6,2157.82,0,1,0.0
M000931,49.0,3,2,30.6,975.28,1,1,-0.113946
M000932,15.9,2,1,74.7,9037.46,1,1,-0.114731
M000933,77.3,3,1,21.6,9615.51,1,1,-0.053478
M000934,47.6,1,5,136.2,1431.65,0,0,0.0
M000935,33.2,0,3,8.1,366.5,0,0,0.0
M000936,45.0,3,1,58.0,10393.82,0,1,0.0
M000937,53.0,2,1,110.8,1005.5,0,0,0.0
M000938,32.0,0,2,68.9,6363.34,0,0,0.0
M000939,49.5,1,1,79.8,4354.55,0,0,0.0
M000940,48.9,2,2,49.4,5123.14,1,0,-0.056046
M000941,54.2,2,1,42.4,5862.77,0,0,0.0
M000942,58.6,2,5,98.5,2335.27,0,0,0.0
M000943,17.3,3,2,15.2,31334.45,1,1,-0.087282
M000944,19.2,1,5,39.8,6468.62,0,0,0.0
M000945,56.1,1,6,54.0,5251.9,0,0,0.0
M000946,0.0,3,2,92.7,880.56,0,1,0.0
M000947,17.4,1,3,81.4,1262.07,1,0,-0.10283
M000948,64.7,2,1,55.6,1355.95,0,0,0.0
M000949,48.2,1,6,49.2,19109.51,0,0,0.0
M000950,28.5,4,1,42.1,4119.07,1,1,-0.07075
M000951,17.3,2,3,52.3,6156.96,0,1,0.0
M000952,36.6,1,4,17.9,1372.73,0,0,0.0
M000953,33.4,0,1,86.7,1421.23,0,1,0.0
M000954,46.9,2,1,56.9,942.28,0,1,0.0
M000955,62.9,2,2,111.7,19896.66,0,0,0.0
M000956,30.6,0,6,15.3,1494.07,1,0,-0.058261
M000957,47.9,4,2,92.9,1170.85,0,1,0.0
M000958,78.2,3,3,27.7,5354.27,0,1,0.0
M000959,51.4,3,3,37.8,1367.38,0,1,0.0
M000960,62.6,2,6,55.8,3566.14,0,0,0.0
M000961,19.9,1,5,50.0,21668.27,0,0,0.0
M000962,9.2,1,1,188.2,1525.24,1,0,-0.124353
M000963,62.5,0,2,95.6,2661.6,0,0,0.0
M000964,31.1,1,1,119.1,4513.41,0,1,0.0
M000965,60.2,1,3,28.4,1511.09,0,0,0.0
M000966,33.7,2,2,38.3,2619.26,1,0,-0.092702
M000967,32.0,2,1,153.9,671.31,0,1,0.0
M000968,74.4,1,5,130.1,2149.26,0,0,0.0
M000969,86.9,2,2,15.1,2515.66,0,1,0.0
M000970,38.8,2,3,85.0,232.98,0,0,0.0
M000971,14.0,1,2,36.9,5992.39,1,1,-0.099405
M000972,39.9,2,1,177.8,623.93,1,1,-0.066139
M000973,43.1,0,1,27.0,4378.36,0,1,0.0
M000974,24.6,1,2,51.4,92927.08,0,1,0.0
M000975,47.1,3,6,44.5,1274.3,0,1,0.0
M000976,46.4,0,3,133.0,6023.75,0,0,0.0
M000977,71.4,0,1,16.8,743.59,0,0,0.0
M000978,45.1,1,2,57.4,3333.32,0,0,0.0
M000979,52.7,3,2,44.4,818.83,0,1,0.0
M000980,58.5,1,1,93.6,3909.68,0,1,0.0
M000981,76.0,5,2,60.6,166.29,1,0,-0.113808
M000982,63.3,1,3,85.5,2842.84,1,0,-0.061998
M000983,83.5,0,1,7.0,8113.66,0,0,0.0
M000984,34.4,3,3,84.3,4435.25,1,0,-0.121847
M000985,51.8,2,5,56.5,3555.79,0,1,0.0
M000986,43.4,4,2,16.1,8775.15,1,1,-0.079548
M000987,49.5,2,1,37.5,1847.32,0,1,0.0
M000988,55.9,0,1,135.8,1715.48,0,0,0.0
M000989,26.0,4,2,55.8,2522.16,0,0,0.0
M000990,42.6,1,4,23.7,13703.56,0,0,0.0
M000991,40.1,0,5,51.7,3566.21,0,0,0.0
M000992,39.8,3,4,108.1,166.79,0,0,0.0
M000993,19.1,0,1,52.0,5475.34,0,1,0.0
M000994,41.5,1,5,73.7,12642.5,0,1,0.0
M000995,67.8,1,3,52.5,670.33,0,0,0.0
M000996,34.6,5,3,81.8,1228.58,1,1,-0.116154
M000997,61.2,0,3,25.2,4771.81,0,1,0.0
M000998,60.3,3,2,102.8,28595.3,0,0,0.0
M000999,56.6,4,3,24.3,8205.61,1,0,-0.076216
M001000,58.0,3,2,60.4,1377.68,0,1,0.0
M001001,53.5,0,4,37.7,8124.96,0,0,0.0
M001002,67.9,1,1,54.4,1572.42,0,0,0.0
M001003,57.7,4,1,31.8,33986.82,1,1,-0.118492
M001004,45.0,1,2,53.5,7012.34,0,1,0.0
M001005,43.3,0,4,55.2,728.05,0,0,0.0
M001006,51.1,1,2,39.4,1931.25,0,1,0.0
M001007,64.8,1,3,62.8,25759.9,0,0,0.0
M001008,18.1,1,3,151.5,953.42,1,0,-0.121671
M001009,55.9,2,1,17.6,381.04,0,0,0.0
M001010,40.7,0,5,105.6,4184.61,0,0,0.0
M001011,21.2,2,5,75.4,6285.19,1,0,-0.110457
M001012,69.3,3,2,50.7,1701.53,1,1,-0.107729
M001013,69.9,2,1,97.1,2082.79,0,0,0.0
M001014,43.9,2,1,60.4,1181.64,0,0,0.0
M001015,36.7,1,2,108.2,4563.58,0,0,0.0
M001016,20.6,0,1,51.6,1113.02,0,0,0.0
M001017,24.3,0,3,72.2,207.68,1,0,-0.108128
M001018,61.1,2,2,25.8,5885.43,0,1,0.0
M001019,7.6,2,2,33.7,3857.97,0,1,0.0
M001020,62.1,2,4,5.6,4191.93,0,0,0.0
M001021,63.1,2,2,32.3,13820.46,0,0,0.0
M001022,46.0,1,2,106.9,637.63,0,1,0.0
M001023,37.5,3,3,17.7,3798.61,0,1,0.0
M001024,46.3,2,1,72.3,642.96,0,0,0.0
M001025,2.8,2,1,5.6,1752.64,0,0,0.0
M001026,26.4,3,3,35.7,979.71,0,1,0.0
M001027,4.6,2,1,45.6,923.53,0,1,0.0
M001028,77.0,1,1,8.4,13558.59,0,1,0.0
M001029,57.5,2,1,12.0,5173.5,0,0,0.0
M001030,45.1,4,1,28.1,7400.07,1,0,-0.110672
M001031,65.8,2,3,59.2,6756.44,0,0,0.0
M001032,26.9,1,5,12.1,4327.0,0,0,0.0
M001033,31.4,1,2,170.2,6307.42,0,0,0.0
M001034,65.2,2,3,50.4,1374.55,0,0,0.0
M001035,81.8,4,1,34.0,3383.61,1,1,-0.118512
M001036,54.0,0,2,20.7,425.32,0,1,0.0
M001037,70.6,0,3,31.5,1024.69,0,1,0.0
M001038,46.1,0,2,103.4,14900.08,0,0,0.0
M001039,75.8,0,4,130.9,8934.25,1,1,-0.057103
M001040,19.5,3,2,31.2,2374.46,1,0,-0.107232
M001041,26.8,3,5,42.5,2879.63,1,0,-0.099786
M001042,36.3,2,4,52.5,1639.46,0,0,0.0
M001043,50.0,0,6,45.8,1628.98,1,0,-0.075251
M001044,24.3,2,4,14.6,2322.81,0,1,0.0
M001045,14.8,2,2,33.9,6388.22,0,1,0.0
M001046,61.3,1,6,71.4,2504.03,0,1,0.0
M001047,57.0,1,2,48.9,2895.2,0,0,0.0
M001048,29.9,3,5,41.7,6292.35,1,1,-0.103057
M001049,15.4,1,2,39.4,685.7,0,1,0.0
M001050,55.8,4,1,133.7,441.86,1,0,-0.122828
M001051,88.9,0,4,54.4,517.41,0,0,0.0
M001052,10.9,0,3,40.9,118.83,0,1,0.0
M001053,51.7,4,4,157.7,8895.92,1,0,-0.118737
M001054,51.9,1,1,97.2,1249.35,1,0,-0.108717
M001055,51.6,3,1,34.7,9818.93,0,0,0.0
M001056,56.2,1,1,33.5,1973.85,0,1,0.0
M001057,46.9,2,2,82.5,3933.37,0,0,0.0
M001058,61.1,3,3,49.7,6733.2,1,0,-0.111984
M001059,41.9,2,1,64.2,10432.8,0,0,0.0
M001060,63.9,2,1,77.0,258.17,1,0,-0.065278
M001061,41.1,1,2,132.9,3027.35,0,0,0.0
M001062,62.2,0,2,57.0,1218.3,0,0,0.0
M001063,57.5,0,3,52.4,18300.64,0,1,0.0
M001064,63.8,1,2,59.6,11721.57,0,0,0.0
M001065,83.0,0,2,121.3,767.63,0,1,0.0
M001066,53.4,0,5,132.9,2656.32,0,0,0.0
M001067,23.9,2,3,10.8,4868.0,0,0,0.0
M001068,52.7,3,1,41.1,11856.59,0,1,0.0
M001069,27.6,0,1,73.1,2449.94,0,0,0.0
M001070,54.6,2,2,43.2,300.67,0,0,0.0
M001071,47.3,1,4,71.9,4823.09,1,0,-0.072466
M001072,65.5,1,2,9.7,3225.61,1,0,-0.078574
M001073,6.5,0,2,103.7,20340.02,0,0,0.0
M001074,70.5,0,3,22.6,4561.92,1,0,-0.09755
M001075,27.8,2,5,39.9,24565.98,0,0,0.0
M001076,47.5,1,1,77.7,3672.59,0,0,0.0
M001077,43.7,1,2,77.4,163.73,0,1,0.0
M001078,17.6,2,1,60.2,2977.17,1,1,-0.074582
M001079,56.0,2,2,19.5,806.26,1,0,-0.075516
M001080,36.0,1,2,39.4,5377.46,0,0,0.0
M001081,71.6,0,2,76.4,21004.78,0,1,0.0
M001082,33.3,1,1,12.7,36971.63,0,0,0.0
M001083,57.1,1,4,46.6,9054.57,0,0,0.0
M001084,75.8,1,3,78.6,1738.34,0,1,0.0
M001085,50.7,2,3,45.0,2133.64,0,0,0.0
M001086,56.7,3,1,76.0,2260.55,1,1,-0.105463
M001087,58.1,0,4,76.2,855.91,0,1,0.0
M001088,49.6,1,1,74.7,949.33,0,0,0.0
M001089,18.4,2,2,80.5,5012.36,0,1,0.0
M001090,32.0,1,3,74.7,1917.18,0,0,0.0
M001091,69.2,4,1,57.9,7603.02,0,1,0.0
M001092,45.6,1,1,162.0,357.89,0,0,0.0
M001093,39.0,2,1,62.5,1292.48,0,0,0.0
M001094,24.8,1,4,52.9,1020.87,1,0,-0.10664
M001095,14.1,2,5,18.9,1481.74,1,1,-0.105565
M001096,23.0,2,2,142.2,8047.48,1,0,-0.093096
M001097,61.2,0,3,98.4,2953.17,0,1,0.0
M001098,39.9,1,2,15.4,2085.6,0,1,0.0
M001099,88.7,3,2,19.5,4398.49,1,1,-0.086821
M001100,44.4,1,1,44.7,253.49,0,1,0.0
M001101,25.0,0,4,19.8,10003.22,0,1,0.0
M001102,55.4,2,2,133.9,3972.66,0,1,0.0
M001103,80.7,1,3,94.4,8717.48,1,0,-0.084854
M001104,9.0,1,3,63.4,9937.32,0,1,0.0
M001105,32.0,1,2,140.8,1502.93,0,0,0.0
M001106,57.8,0,1,79.0,4265.77,0,0,0.0
M001107,25.9,4,3,94.9,6578.34,1,1,-0.121831
M001108,53.1,3,3,69.4,6237.81,0,1,0.0
M001109,25.4,1,2,69.2,5424.75,0,1,0.0
M001110,74.9,2,4,32.9,6731.45,0,0,0.0
M001111,43.5,3,2,63.1,3948.6,1,0,-0.109915
M001112,42.9,2,3,49.5,1535.01,1,0,-0.058859
M001113,39.7,0,1,38.2,3398.73,0,1,0.0
M001114,61.6,3,1,136.5,1325.07,1,1,-0.116314
M001115,77.5,1,5,90.9,26025.49,0,0,0.0
M001116,30.0,1,2,91.7,3919.1,0,1,0.0
M001117,12.4,3,1,38.0,3792.54,0,1,0.0
M001118,32.0,0,1,57.7,1571.35,1,0,-0.083371
M001119,35.6,1,1,16.0,4799.26,0,0,0.0
M001120,83.2,3,3,48.9,1773.47,0,0,0.0
M001121,45.2,2,5,20.9,4856.02,0,0,0.0
M001122,63.6,4,4,23.8,27043.04,1,0,-0.102145
M001123,47.2,4,3,33.5,1871.43,1,1,-0.094132
M001124,53.8,4,4,37.6,1896.0,1,1,-0.107538
M001125,78.1,2,2,78.3,1102.74,0,0,0.0
M001126,82.2,2,2,5.8,3162.76,0,0,0.0
M001127,54.1,0,5,46.3,1731.37,0,1,0.0
M001128,23.4,1,1,67.8,527.1,1,1,-0.098611
M001129,61.5,1,2,49.7,1443.25,0,0,0.0
M001130,74.6,3,5,25.7,6503.45,1,0,-0.07733
M001131,34.7,1,2,47.0,4798.74,1,0,-0.078968
M001132,41.9,1,1,69.8,2763.02,0,1,0.0
M001133,31.7,1,1,69.8,616.74,1,0,-0.077182
M001134,33.8,1,2,60.6,2309.06,0,0,0.0
M001135,27.9,1,1,61.0,2501.95,0,0,0.0
M001136,59.5,1,1,50.9,2988.6,0,1,0.0
M001137,48.8,1,1,138.1,2322.41,0,0,0.0
M001138,25.9,2,1,47.7,2598.53,0,1,0.0
M001139,57.2,3,1,130.1,11341.5,1,0,-0.103726
M001140,55.0,1,1,22.5,12246.19,0,0,0.0
M001141,54.4,3,1,15.0,937.37,1,1,-0.102328
M001142,0.3,1,2,58.9,2698.82,0,1,0.0
M001143,68.5,2,4,6.9,1212.87,0,1,0.0
M001144,49.2,1,2,11.5,4031.19,0,0,0.0
M001145,70.2,1,1,82.0,6895.27,0,1,0.0
M001146,0.0,0,3,85.9,2920.69,0,0,0.0
M001147,57.8,1,1,37.7,4053.58,1,1,-0.088987
M001148,60.9,3,4,154.0,1671.32,1,1,-0.115804
M001149,43.3,0,3,14.8,1387.52,0,0,0.0
M001150,45.6,2,5,83.9,2969.95,0,0,0.0
M001151,64.3,5,1,87.2,7187.2,1,1,-0.12224
M001152,45.1,0,3,99.2,568.27,0,1,0.0
M001153,48.7,2,4,34.7,6906.76,1,0,-0.071688
M001154,80.4,4,3,37.8,1990.16,0,1,0.0
M001155,27.9,2,1,20.0,11282.55,1,1,-0.116125
M001156,37.4,1,3,54.1,5337.84,0,0,0.0
M001157,35.4,2,1,70.3,3593.78,0,0,0.0
M001158,25.1,2,4,52.1,8376.03,1,0,-0.075567
M001159,29.3,1,1,71.5,6451.97,0,0,0.0
M001160,0.0,3,1,54.7,2062.69,1,0,-0.081157
M001161,1.0,1,3,112.7,5573.19,1,0,-0.124108
M001162,35.9,1,3,5.3,3776.22,0,0,0.0
M001163,60.9,2,5,32.0,1804.87,0,0,0.0
M001164,44.2,2,1,35.3,2078.69,0,0,0.0
M001165,58.4,1,2,42.5,19150.7,0,0,0.0
M001166,47.8,1,1,39.2,9404.65,0,0,0.0
M001167,66.1,3,1,32.3,1538.65,1,1,-0.111223
M001168,58.5,2,5,60.5,597.81,0,0,0.0
M001169,52.6,1,2,26.0,4300.11,0,0,0.0
M001170,9.2,3,1,29.3,6208.51,1,1,-0.088686
M001171,38.4,0,1,58.3,1653.58,1,1,-0.114027
M001172,62.3,3,3,16.9,350.69,0,0,0.0
M001173,58.9,0,2,93.1,6731.66,0,0,0.0
M001174,69.9,3,2,127.3,2762.3,0,1,0.0
M001175,47.2,2,2,19.7,3389.18,0,0,0.0
M001176,59.7,3,5,50.2,93.0,1,1,-0.082747
M001177,40.9,0,2,24.6,2543.96,0,0,0.0
M001178,46.6,2,2,94.3,3678.53,0,0,0.0
M001179,24.2,2,1,171.8,1967.1,1,1,-0.109186
M001180,50.8,5,2,74.0,6297.75,0,0,0.0
M001181,23.0,0,1,29.3,1276.14,0,0,0.0
M001182,57.4,0,3,61.6,4331.24,0,0,0.0
M001183,34.4,1,4,77.0,2061.45,1,1,-0.097884
M001184,43.4,2,1,33.1,836.71,0,0,0.0
M001185,46.0,0,4,42.3,1410.73,0,0,0.0
M001186,40.4,4,2,37.0,4687.93,1,1,-0.089361
M001187,44.4,1,5,50.4,2473.06,0,0,0.0
M001188,64.4,0,1,53.2,1219.76,0,1,0.0
M001189,27.3,2,2,45.7,11975.65,0,0,0.0
M001190,50.9,2,2,42.9,30197.26,0,0,0.0
M001191,43.0,1,2,32.7,3778.07,0,1,0.0
M001192,54.5,2,1,117.1,1122.74,0,0,0.0
M001193,74.1,1,3,61.1,7456.46,0,0,0.0
M001194,31.6,1,4,63.9,819.99,0,0,0.0
M001195,50.8,2,2,26.6,1476.24,0,1,0.0
M001196,73.5,2,2,54.6,7075.07,0,0,0.0
M001197,44.7,1,2,56.9,5293.01,0,0,0.0
M001198,22.9,1,1,126.2,1001.13,0,0,0.0
M001199,54.4,1,2,25.6,2199.54,1,0,-0.114692
M001200,41.8,2,5,77.6,2296.38,0,0,0.0
M001201,62.8,0,3,147.1,3563.43,0,0,0.0
M001202,54.6,4,4,95.9,7121.7,1,1,-0.108898
M001203,25.2,2,2,28.6,18443.89,0,0,0.0
M001204,32.6,0,3,42.8,2329.9,1,1,-0.062633
M001205,38.0,3,1,7.5,3576.18,1,1,-0.098969
M001206,66.8,1,2,15.5,4304.64,0,1,0.0
M001207,13.8,2,1,53.4,2244.05,1,1,-0.122366
M001208,47.7,2,6,85.8,15845.16,0,0,0.0
M001209,36.8,1,3,3.0,3046.68,0,0,0.0
M001210,9.7,0,3,64.3,1650.87,0,0,0.0
M001211,34.5,2,1,121.4,3172.05,0,1,0.0
M001212,74.3,1,4,143.6,5147.64,1,0,-0.043093
M001213,88.8,1,2,33.9,6138.44,0,0,0.0
M001214,62.9,1,5,78.7,3473.17,0,0,0.0
M001215,72.7,1,2,34.8,3260.67,0,0,0.0
M001216,11.1,2,4,14.9,2195.96,1,0,-0.118094
M001217,38.3,0,4,79.3,22097.68,0,0,0.0
M001218,29.1,2,4,26.8,12627.47,1,0,-0.092386
M001219,61.5,2,2,59.5,2967.0,0,0,0.0
M001220,15.1,1,6,60.2,4115.08,1,0,-0.11065
M001221,59.1,1,2,29.7,12314.16,0,0,0.0
M001222,58.7,5,3,20.5,5137.0,0,1,0.0
M001223,32.0,2,3,124.4,4171.71,0,1,0.0
M001224,40.1,2,1,83.5,34326.17,1,0,-0.099789
M001225,18.0,3,1,25.3,2817.13,1,1,-0.06708
M001226,86.2,0,2,155.5,11937.23,0,1,0.0
M001227,72.2,3,1,64.8,5659.1,1,1,-0.088914
M001228,66.7,0,5,34.4,2150.24,0,0,0.0
M001229,28.2,1,4,173.0,2336.29,0,0,0.0
M001230,17.4,1,1,66.4,3722.76,1,1,-0.101182
M001231,36.1,3,3,67.3,1390.11,0,1,0.0
M001232,77.6,1,4,54.2,1264.76,0,0,0.0
M001233,56.4,3,2,52.5,1384.11,0,1,0.0
M001234,34.3,1,1,21.7,3824.58,0,1,0.0
M001235,75.2,2,1,35.2,2739.75,0,0,0.0
M001236,57.2,3,2,39.3,21632.37,0,1,0.0
M001237,56.0,0,3,44.9,10749.68,0,1,0.0
M001238,43.0,2,4,93.1,21577.24,0,1,0.0
M001239,30.7,1,3,34.8,791.13,0,1,0.0
M001240,66.9,2,2,83.2,3524.3,0,1,0.0
M001241,45.8,1,1,135.3,2864.92,0,0,0.0
M001242,54.5,1,2,61.2,5080.37,1,0,-0.112324
M001243,71.3,2,6,102.6,3430.33,0,0,0.0
M001244,62.5,3,6,24.3,1620.82,1,1,-0.092292
M001245,52.2,0,1,29.8,3953.68,0,0,0.0
M001246,38.1,4,1,124.6,1192.93,1,1,-0.110844
M001247,63.8,2,2,20.4,8120.53,0,1,0.0
M001248,49.9,1,3,37.5,12004.43,0,0,0.0
M001249,48.9,3,1,52.2,3837.01,1,1,-0.100814
M001250,78.5,2,2,238.7,6583.8,0,1,0.0
M001251,51.5,3,1,20.8,20785.88,0,1,0.0
M001252,61.5,2,1,86.1,1344.92,0,0,0.0
M001253,58.6,0,2,66.1,579.14,0,1,0.0
M001254,48.0,5,5,33.5,7692.61,0,1,0.0
M001255,32.3,2,3,100.0,2087.92,0,0,0.0
M001256,34.9,0,1,80.0,3666.45,1,0,-0.098307
M001257,55.2,5,1,8.3,2568.86,1,0,-0.084332
M001258,51.6,1,3,16.2,3045.25,1,0,-0.061242
M001259,43.0,0,1,4.9,14283.03,0,1,0.0
M001260,56.7,1,2,46.5,5815.69,0,0,0.0
M001261,20.9,3,3,62.5,661.47,0,0,0.0
M001262,53.2,2,3,92.7,3337.99,1,0,-0.093806
M001263,68.7,2,3,202.9,4733.25,0,0,0.0
M001264,23.7,2,1,29.1,18080.17,0,1,0.0
M001265,42.5,0,2,83.5,7103.23,0,0,0.0
M001266,42.0,4,5,46.0,6041.38,0,1,0.0
M001267,59.0,1,2,65.2,3034.88,0,0,0.0
M001268,48.9,2,1,13.0,4103.7,0,0,0.0
M001269,77.5,1,1,87.8,2769.89,0,1,0.0
M001270,35.2,1,2,51.0,3271.96,0,0,0.0
M001271,67.1,1,1,58.2,413.99,0,0,0.0
M001272,74.8,1,1,66.6,7845.16,0,1,0.0
M001273,84.4,1,2,103.0,1994.61,1,0,-0.068255
M001274,22.7,1,4,34.8,1669.3,0,1,0.0
M001275,44.8,0,4,127.5,9908.03,0,0,0.0
M001276,40.1,0,1,77.0,40258.65,0,0,0.0
M001277,42.3,3,2,27.2,1713.68,1,1,-0.121745
M001278,69.3,3,1,108.1,9173.77,0,0,0.0
M001279,51.1,3,5,108.6,3079.35,0,1,0.0
M001280,52.3,4,2,20.2,3073.04,0,1,0.0
M001281,35.8,1,2,193.2,4366.18,0,0,0.0
M001282,36.1,2,1,92.2,7041.18,0,0,0.0
M001283,36.5,0,3,29.9,3189.66,1,0,-0.116763
M001284,70.0,1,3,186.0,5599.88,0,0,0.0
M001285,29.0,2,3,89.2,621.29,1,0,-0.080464
M001286,64.8,3,3,78.7,1009.43,1,1,-0.090699
M001287,74.3,3,4,65.6,3790.96,1,1,-0.067562
M001288,57.8,0,1,93.8,4838.78,0,0,0.0
M001289,60.8,1,1,64.2,2016.14,0,0,0.0
M001290,47.8,1,2,38.7,1309.72,0,1,0.0
M001291,52.8,2,2,87.1,1701.24,0,1,0.0
M001292,27.8,1,3,15.0,423.35,0,0,0.0
M001293,42.4,1,1,44.4,40690.23,0,0,0.0
M001294,49.6,2,2,132.2,626.56,0,0,0.0
M001295,41.7,2,1,31.2,1132.98,1,0,-0.062714
M001296,38.8,0,2,99.6,3571.56,0,1,0.0
M001297,24.2,1,3,53.4,158.04,1,1,-0.111592
M001298,31.7,2,4,35.9,7280.9,1,0,-0.119844
M001299,18.0,0,4,65.5,3959.36,1,1,-0.09036
M001300,19.0,1,1,38.9,3292.05,1,1,-0.085593
M001301,34.3,3,5,37.3,17101.29,1,1,-0.100176
M001302,17.9,2,2,147.3,2635.75,0,1,0.0
M001303,52.5,2,3,62.0,821.45,0,0,0.0
M001304,17.0,3,2,67.5,3822.48,1,0,-0.108171
M001305,58.7,1,4,23.0,33602.04,0,1,0.0
M001306,22.0,5,4,56.7,729.59,0,1,0.0
M001307,67.9,0,1,57.5,3264.93,0,0,0.0
M001308,41.4,4,2,23.4,11163.74,1,1,-0.102213
M001309,59.9,3,1,22.0,48302.71,1,0,-0.098938
M001310,24.0,0,3,16.1,2151.58,0,0,0.0
M001311,49.0,1,2,36.0,4113.69,0,0,0.0
M001312,48.1,0,1,14.8,3469.62,0,1,0.0
M001313,57.5,1,1,27.0,1180.64,0,1,0.0
M001314,44.4,3,1,37.8,9880.02,1,1,-0.123303
M001315,25.9,3,2,49.8,779.48,1,0,-0.096765
M001316,74.8,2,3,50.1,200.93,0,1,0.0
M001317,50.1,2,3,136.4,5792.64,0,0,0.0
M001318,46.6,3,3,73.3,9134.97,1,0,-0.117035
M001319,46.0,1,2,19.0,15406.36,0,0,0.0
M001320,62.0,1,3,45.2,1559.99,0,0,0.0
M001321,68.8,0,2,51.1,3538.36,0,0,0.0
M001322,65.3,2,2,69.9,5461.97,0,0,0.0
M001323,56.9,1,5,57.8,859.48,0,1,0.0
M001324,48.6,2,4,55.1,705.91,0,0,0.0
M001325,58.6,3,3,45.1,4327.83,1,1,-0.10606
M001326,37.7,1,6,69.4,8322.25,0,1,0.0
M001327,36.8,2,2,96.4,2433.71,0,0,0.0
M001328,28.2,4,4,21.4,2047.04,1,0,-0.108928
M001329,73.7,1,4,64.2,3809.79,0,0,0.0
M001330,48.7,2,3,65.2,2803.8,1,1,-0.100408
M001331,81.2,1,1,22.9,706.87,0,0,0.0
M001332,39.4,3,1,17.9,4003.24,1,0,-0.083528
M001333,53.8,1,3,18.4,1458.55,0,0,0.0
M001334,29.0,2,5,98.0,2621.68,0,0,0.0
M001335,56.7,3,2,49.0,8796.15,1,1,-0.082189
M001336,55.4,1,5,174.2,2369.8,1,0,-0.059508
M001337,56.8,2,1,60.9,1868.26,0,0,0.0
M001338,19.2,1,6,32.4,751.13,1,0,-0.103049
M001339,41.5,0,1,106.1,8333.45,0,0,0.0
M001340,61.2,1,2,27.1,3412.84,1,0,-0.065228
M001341,68.9,2,3,52.4,4725.71,0,1,0.0
M001342,53.9,0,5,113.7,1887.49,0,1,0.0
M001343,27.9,2,6,113.7,38860.46,0,0,0.0
M001344,43.4,2,2,98.1,3835.02,0,0,0.0
M001345,30.5,1,1,6.0,4728.24,0,0,0.0
M001346,51.4,4,1,45.9,20217.53,1,1,-0.087062
M001347,51.9,0,4,187.8,3844.29,0,0,0.0
M001348,22.7,1,2,89.8,1475.23,0,0,0.0
M001349,55.8,1,6,92.3,4927.0,0,0,0.0
M001350,20.9,2,3,92.0,806.95,0,0,0.0
M001351,39.0,1,3,46.8,5433.74,0,0,0.0
M001352,51.9,2,5,27.8,31490.85,0,0,0.0
M001353,34.0,1,2,10.9,1161.68,0,0,0.0
M001354,100.0,3,4,51.9,864.51,0,1,0.0
M001355,23.7,2,4,128.8,2169.77,1,1,-0.115964
M001356,6.0,2,1,120.8,2092.08,0,0,0.0
M001357,41.5,3,4,70.7,7161.99,1,1,-0.089432
M001358,22.2,1,2,94.0,5035.65,1,1,-0.102516
M001359,54.0,4,4,129.2,356.29,1,0,-0.119661
M001360,21.2,3,5,145.0,5401.15,0,1,0.0
M001361,64.2,4,1,64.1,1719.86,0,0,0.0
M001362,48.2,3,4,45.3,5441.96,0,1,0.0
M001363,36.0,1,3,45.0,17846.89,0,0,0.0
M001364,47.5,3,2,25.3,759.79,0,1,0.0
M001365,47.7,3,2,54.6,2898.46,1,1,-0.121408
M001366,34.7,1,4,34.2,3562.13,0,0,0.0
M001367,52.2,1,3,24.4,2057.46,1,1,-0.093528
M001368,57.1,2,1,92.0,7433.97,0,0,0.0
M001369,0.0,0,1,63.7,13229.99,0,0,0.0
M001370,23.6,0,2,133.8,471.53,0,1,0.0
M001371,94.7,2,3,21.0,8167.93,0,0,0.0
M001372,0.0,1,2,45.6,3727.16,1,0,-0.095259
M001373,38.5,1,2,58.6,1705.17,0,0,0.0
M001374,43.0,1,3,84.5,876.35,0,0,0.0
M001375,32.8,0,6,79.2,10356.11,0,0,0.0
M001376,37.5,0,1,36.8,1829.73,0,0,0.0
M001377,71.4,0,1,79.6,12696.86,0,0,0.0
M001378,39.0,2,1,39.6,1006.34,0,0,0.0
M001379,55.7,2,1,5.1,15628.86,0,1,0.0
M001380,3.2,1,2,47.1,5640.05,1,1,-0.102193
M001381,46.8,1,2,148.1,1251.37,0,0,0.0
M001382,41.3,4,2,73.9,4884.19,1,1,-0.111054
M001383,60.6,1,6,90.9,7205.7,0,1,0.0
M001384,65.7,5,5,105.5,499.16,0,1,0.0
M001385,54.2,1,3,116.6,4490.12,0,1,0.0
M001386,27.9,2,4,42.0,1507.59,0,0,0.0
M001387,49.9,3,1,90.5,304.07,0,1,0.0
M001388,46.6,2,3,83.1,2833.32,0,0,0.0
M001389,18.9,5,3,44.8,7858.67,0,0,0.0
M001390,42.3,1,2,88.8,45396.43,0,1,0.0
M001391,53.5,1,3,18.0,5871.69,1,0,-0.123625
M001392,48.4,1,5,110.2,7235.76,0,0,0.0
M001393,47.5,2,3,143.5,6037.11,1,0,-0.076643
M001394,31.2,4,3,81.5,1221.68,1,0,-0.117035
M001395,76.8,3,3,51.3,910.78,0,1,0.0
M001396,71.5,1,4,159.6,2260.91,0,0,0.0
M001397,16.0,1,4,93.6,5807.48,1,1,-0.119241
M001398,66.3,1,2,12.5,3253.2,1,0,-0.072326
M001399,54.7,1,4,41.8,5060.78,1,0,-0.092076
M001400,40.9,0,2,35.0,5263.59,1,1,-0.099424
M001401,62.5,3,4,44.4,709.51,0,0,0.0
M001402,73.3,2,4,60.5,856.53,0,0,0.0
M001403,58.8,3,1,62.6,618.32,1,1,-0.10339
M001404,39.6,2,3,108.6,3411.78,0,0,0.0
M001405,54.9,1,3,78.7,1238.36,0,0,0.0
M001406,65.8,4,1,165.6,2351.61,0,0,0.0
M001407,71.4,4,4,80.3,6913.93,1,1,-0.108383
M001408,29.6,2,4,53.5,9172.9,0,0,0.0
M001409,58.4,3,3,52.9,3272.72,0,1,0.0
M001410,47.2,2,1,56.4,1727.55,0,0,0.0
M001411,23.5,0,5,183.0,1487.66,0,1,0.0
M001412,56.2,0,2,18.1,1082.75,0,1,0.0
M001413,72.1,2,5,14.9,948.4,0,0,0.0
M001414,29.3,0,4,93.7,3112.65,0,1,0.0
M001415,100.0,1,4,88.8,11596.78,0,0,0.0
M001416,38.7,3,3,24.8,1357.46,1,1,-0.090885
M001417,40.2,1,2,20.8,18321.95,1,1,-0.115367
M001418,19.6,3,3,3.2,2250.62,0,1,0.0
M001419,29.2,2,4,31.9,16968.38,0,0,0.0
M001420,36.1,0,4,139.6,2127.47,0,0,0.0
M001421,25.6,0,2,135.1,5493.46,0,0,0.0
M001422,58.8,2,3,23.9,3079.82,0,0,0.0
M001423,37.0,0,4,80.7,1544.32,0,0,0.0
M001424,47.4,1,2,115.1,4576.18,1,0,-0.076421
M001425,29.2,4,3,55.1,12162.82,0,0,0.0
M001426,31.2,3,5,19.6,682.46,0,1,0.0
M001427,89.5,4,2,28.8,1816.42,0,1,0.0
M001428,8.8,4,4,53.2,846.24,0,1,0.0
M001429,29.2,0,1,15.3,6810.49,0,0,0.0
M001430,33.3,1,2,44.5,386.32,0,0,0.0
M001431,62.7,1,1,61.7,1135.57,0,0,0.0
M001432,5.6,0,2,25.4,4836.22,0,0,0.0
M001433,47.6,2,2,57.9,3499.13,1,0,-0.118864
M001434,36.2,1,3,52.8,15147.0,0,1,0.0
M001435,47.9,1,3,133.8,7256.02,0,0,0.0
M001436,30.2,1,5,97.1,2197.02,0,0,0.0
M001437,39.8,0,2,90.0,2028.94,1,0,-0.086233
M001438,46.2,0,2,91.6,2300.19,0,0,0.0
M001439,22.6,1,4,96.1,2985.54,1,0,-0.123314
M001440,45.5,0,3,94.6,11329.51,0,1,0.0
M001441,60.5,2,2,72.0,4646.56,0,1,0.0
M001442,38.3,2,2,34.6,741.15,0,0,0.0
M001443,26.1,1,4,20.5,975.83,1,0,-0.108417
M001444,10.2,2,5,41.5,11567.19,0,0,0.0
M001445,30.1,5,1,30.7,1554.29,1,0,-0.111998
M001446,50.8,3,2,21.0,15789.7,1,1,-0.099556
M001447,36.9,2,1,39.2,643.96,0,1,0.0
M001448,55.5,4,2,30.9,1918.37,1,1,-0.110106
M001449,58.4,1,1,31.8,2814.23,1,0,-0.112344
M001450,3.3,1,1,74.9,5799.79,0,1,0.0
M001451,63.7,3,1,28.1,578.98,1,0,-0.10017
M001452,67.4,1,4,68.3,824.68,1,0,-0.089692
M001453,35.9,3,1,72.8,2453.91,0,1,0.0
M001454,81.5,1,4,23.0,3902.25,0,0,0.0
M001455,19.3,1,1,28.5,7301.86,1,1,-0.060751
M001456,31.5,2,1,103.7,2667.8,0,0,0.0
M001457,60.6,3,3,69.5,1645.07,0,0,0.0
M001458,38.0,2,6,108.0,2603.35,0,0,0.0
M001459,39.6,1,3,26.8,1292.35,0,1,0.0
M001460,42.8,1,1,57.5,15318.38,0,0,0.0
M001461,24.5,0,2,96.9,3180.66,0,0,0.0
M001462,61.7,2,1,84.4,8662.02,0,0,0.0
M001463,78.2,1,1,47.6,10593.58,0,0,0.0
M001464,50.2,3,1,124.0,750.4,0,1,0.0
M001465,37.1,0,2,87.3,2655.27,1,1,-0.059425
M001466,50.9,0,1,201.5,579.73,0,0,0.0
M001467,57.7,2,1,90.9,4509.23,0,0,0.0
M001468,27.2,0,6,61.3,2575.74,0,0,0.0
M001469,0.0,3,3,27.4,6501.04,1,1,-0.10905
M001470,52.7,2,2,74.3,3307.05,0,0,0.0
M001471,51.2,0,6,73.3,1158.78,0,1,0.0
M001472,52.3,2,2,30.0,11851.06,1,0,-0.105045
M001473,73.3,3,1,70.8,1781.35,0,1,0.0
M001474,21.9,2,2,27.2,1664.0,1,1,-0.105387
M001475,64.8,1,1,35.7,1810.8,0,0,0.0
M001476,62.3,0,6,37.8,1401.81,0,0,0.0
M001477,35.1,2,3,67.6,22359.79,0,0,0.0
M001478,37.6,1,1,90.4,189.31,0,0,0.0
M001479,43.2,2,4,12.5,1839.82,0,0,0.0
M001480,39.0,0,3,95.2,3248.02,0,0,0.0
M001481,7.2,1,2,82.9,5985.34,1,0,-0.096217
M001482,44.6,2,4,54.1,2896.11,0,0,0.0
M001483,55.6,1,4,80.5,4674.55,0,0,0.0
M001484,68.8,2,5,41.4,17618.84,1,0,-0.0874
M001485,33.8,0,3,115.7,3677.71,0,0,0.0
M001486,56.6,2,2,43.8,9084.4,0,1,0.0
M001487,21.0,1,3,87.4,2596.22,1,1,-0.119292
M001488,29.6,2,2,95.4,2313.69,1,0,-0.089857
M001489,11.1,2,1,87.8,1316.48,1,0,-0.117919
M001490,49.4,1,5,87.3,3989.1,1,0,-0.084706
M001491,26.3,1,5,52.3,933.14,0,0,0.0
M001492,54.2,2,3,16.0,1846.14,0,1,0.0
M001493,23.1,3,3,33.4,9856.64,1,1,-0.096052
M001494,52.6,1,3,69.5,14041.49,1,0,-0.108262
M001495,20.3,0,2,77.4,2281.6,0,0,0.0
M001496,41.2,3,1,67.5,19702.6,1,0,-0.119315
M001497,48.0,0,5,67.2,293.67,0,0,0.0
M001498,50.6,2,3,25.7,2311.67,1,1,-0.119883
M001499,45.9,1,3,149.7,1719.49,0,0,0.0
M001500,45.9,1,1,43.2,4687.99,0,0,0.0
M001501,39.9,1,4,102.1,4459.29,0,0,0.0
M001502,19.9,0,2,42.5,13627.11,0,0,0.0
M001503,46.2,3,4,187.4,6456.48,1,0,-0.103464
M001504,69.0,3,2,55.7,2341.57,1,1,-0.078922
M001505,50.7,2,1,14.3,701.45,0,0,0.0
M001506,79.0,3,3,10.0,938.98,1,1,-0.120237
M001507,19.1,1,2,49.8,559.7,0,1,0.0
M001508,52.7,2,5,38.9,763.03,0,0,0.0
M001509,71.8,2,1,29.2,1430.24,0,0,0.0
M001510,20.9,1,4,44.2,7344.03,0,1,0.0
M001511,27.8,3,2,75.1,7847.23,1,0,-0.118109
M001512,45.8,2,2,71.3,570.29,0,1,0.0
M001513,30.7,0,3,44.4,2197.25,0,1,0.0
M001514,48.9,1,1,171.7,11639.87,0,0,0.0
M001515,27.5,3,3,105.6,9736.29,0,1,0.0
M001516,26.0,0,1,96.4,3789.04,0,1,0.0
M001517,39.5,1,2,80.8,2255.38,0,0,0.0
M001518,61.8,0,3,68.5,1977.36,0,0,0.0
M001519,47.6,2,1,195.1,17796.92,1,0,-0.078986
M001520,42.1,4,2,47.7,3002.88,0,0,0.0
M001521,33.2,2,5,46.3,4853.24,0,0,0.0
M001522,81.2,0,3,61.9,759.28,0,0,0.0
M001523,48.9,3,5,72.8,2478.03,1,1,-0.103615
M001524,56.9,4,3,65.1,2817.22,1,1,-0.111092
M001525,44.4,1,5,20.7,6340.65,0,1,0.0
M001526,63.1,1,1,7.5,1760.16,0,0,0.0
M001527,26.6,1,1,56.3,2515.33,0,0,0.0
M001528,37.0,2,1,31.9,16441.52,0,0,0.0
M001529,84.8,1,2,69.0,3560.24,1,1,-0.089192
M001530,15.9,1,3,58.7,2855.62,1,0,-0.11028
M001531,45.0,2,1,204.6,8248.95,0,1,0.0
M001532,40.8,3,1,79.5,15663.53,0,0,0.0
M001533,50.1,1,2,96.6,6762.86,0,0,0.0
M001534,47.4,2,3,30.4,668.71,0,1,0.0
M001535,56.1,2,2,39.0,5194.65,0,0,0.0
M001536,38.1,2,4,85.4,8487.41,0,0,0.0
M001537,46.4,1,3,63.1,1708.78,1,0,-0.101059
M001538,69.7,3,5,36.4,4494.05,1,1,-0.10423
M001539,51.9,1,4,44.8,3392.91,1,0,-0.09563
M001540,51.5,1,4,93.7,15523.7,0,0,0.0
M001541,88.7,3,3,162.1,5862.14,0,1,0.0
M001542,37.3,2,3,27.0,1057.17,1,0,-0.073263
M001543,65.8,2,2,80.7,1306.12,0,0,0.0
M001544,10.7,0,2,27.1,512.92,0,0,0.0
M001545,18.7,0,5,23.3,6843.18,1,0,-0.060982
M001546,49.0,0,3,49.8,73.2,0,1,0.0
M001547,57.6,3,2,19.8,6094.97,0,0,0.0
M001548,42.9,2,2,65.8,1247.8,0,0,0.0
M001549,45.4,1,6,139.4,3048.13,0,1,0.0
M001550,31.1,1,6,32.2,3790.06,0,0,0.0
M001551,7.5,1,1,75.3,957.85,1,1,-0.098291
M001552,54.1,3,3,9.0,6176.37,0,1,0.0
M001553,23.5,0,6,20.1,7432.58,1,0,-0.073858
M001554,6.1,2,3,123.2,1202.39,0,1,0.0
M001555,9.1,2,1,20.6,2159.03,0,1,0.0
M001556,58.7,2,2,87.6,2893.37,0,0,0.0
M001557,36.8,1,5,60.0,5909.62,0,0,0.0
M001558,38.2,2,4,10.8,1235.99,0,0,0.0
M001559,34.5,0,4,117.5,5605.41,1,0,-0.075789
M001560,29.2,1,2,30.0,2880.08,0,1,0.0
M001561,42.8,1,1,6.2,2657.92,1,0,-0.095953
M001562,44.4,1,2,47.3,1102.11,0,1,0.0
M001563,42.9,1,6,18.1,4231.03,1,0,-0.080713
M001564,37.0,5,1,4.1,7863.64,1,0,-0.100595
M001565,26.4,2,5,119.5,7286.86,1,0,-0.078736
M001566,42.3,0,1,11.7,3117.17,1,0,-0.113808
M001567,64.6,2,2,52.5,6571.75,1,1,-0.096368
M001568,57.2,1,3,36.7,1767.12,0,0,0.0
M001569,10.1,1,2,27.3,551.36,1,1,-0.10778
M001570,52.6,4,4,44.0,515.33,1,1,-0.099045
M001571,24.6,1,3,63.8,3573.33,1,0,-0.119847
M001572,30.0,0,1,135.9,3299.12,0,1,0.0
M001573,28.6,4,2,110.0,1184.73,0,1,0.0
M001574,47.2,4,2,89.1,8685.26,1,0,-0.122693
M001575,69.8,3,2,39.9,2860.93,1,1,-0.102709
M001576,56.7,2,6,60.8,503.42,1,0,-0.110429
M001577,62.5,2,2,77.8,902.28,0,0,0.0
M001578,47.8,3,1,14.9,1150.93,0,1,0.0
M001579,63.5,4,5,23.4,6994.37,1,0,-0.115217
M001580,39.2,1,4,32.2,1547.79,0,0,0.0
M001581,61.8,1,1,46.6,1702.92,0,1,0.0
M001582,57.1,2,1,84.3,458.17,0,0,0.0
M001583,71.4,1,1,72.3,975.63,0,0,0.0
M001584,50.3,2,1,21.4,3270.5,0,0,0.0
M001585,27.2,2,4,21.2,974.46,0,0,0.0
M001586,51.2,1,3,51.4,269.28,0,0,0.0
M001587,46.7,1,5,8.6,1066.49,0,0,0.0
M001588,82.2,3,5,15.0,5996.04,1,1,-0.101467
M001589,45.3,2,4,19.6,846.79,1,0,-0.101061
M001590,54.8,2,3,29.7,1440.34,0,0,0.0
M001591,38.4,1,1,60.8,1484.08,1,0,-0.080913
M001592,55.9,1,3,23.6,1255.53,0,0,0.0
M001593,35.3,3,1,43.4,19931.01,1,1,-0.065349
M001594,58.7,0,2,75.2,6000.1,1,0,-0.102997
M001595,69.4,0,1,47.4,14272.5,0,0,0.0
M001596,55.7,0,5,111.0,1856.89,0,0,0.0
M001597,58.3,3,2,135.8,1354.69,0,1,0.0
M001598,12.6,1,3,58.2,1516.46,0,1,0.0
M001599,32.8,2,1,78.5,522.17,0,1,0.0
M001600,54.3,0,3,45.6,8475.93,0,0,0.0
M001601,41.7,0,2,45.5,624.94,1,0,-0.105252
M001602,39.0,3,4,20.5,3632.82,1,0,-0.118922
M001603,65.9,1,2,19.7,15575.59,1,0,-0.080082
M001604,36.0,2,1,63.6,3848.76,1,1,-0.069841
M001605,29.6,1,1,46.7,1098.25,0,0,0.0
M001606,62.3,3,2,129.4,679.87,1,0,-0.123732
M001607,26.2,3,1,73.5,7076.9,0,1,0.0
M001608,17.1,2,2,64.5,900.5,0,1,0.0
M001609,86.5,0,3,51.6,3387.79,0,0,0.0
M001610,78.7,2,4,49.4,1364.64,1,0,-0.087695
M001611,42.4,3,1,73.3,23697.72,1,0,-0.101201
M001612,58.9,3,2,45.1,1585.7,0,1,0.0
M001613,67.7,1,1,22.7,2777.38,0,0,0.0
M001614,31.1,0,2,15.7,831.46,0,0,0.0
M001615,0.0,2,2,82.4,860.82,1,1,-0.1095
M001616,18.2,3,4,138.2,1885.56,1,0,-0.124038
M001617,1.2,2,1,23.9,685.14,1,1,-0.112676
M001618,41.8,3,1,45.8,1623.02,0,1,0.0
M001619,22.7,0,3,60.1,774.59,0,0,0.0
M001620,50.5,0,2,44.5,8758.25,0,0,0.0
M001621,64.5,2,1,46.4,2088.96,0,1,0.0
M001622,25.4,0,3,129.8,4745.73,0,0,0.0
M001623,23.5,0,2,126.1,2094.5,0,1,0.0
M001624,59.6,2,1,12.7,12251.21,0,0,0.0
M001625,31.3,2,5,25.5,1183.03,0,0,0.0
M001626,35.0,0,1,59.9,1396.59,0,0,0.0
M001627,47.6,1,2,28.8,24605.7,1,1,-0.090249
M001628,39.4,2,2,104.9,470.58,0,0,0.0
M001629,56.8,1,2,57.5,1339.24,0,1,0.0
M001630,49.9,3,4,16.4,5108.18,1,1,-0.084282
M001631,45.8,3,5,21.5,3875.05,0,0,0.0
M001632,6.5,2,4,58.6,2164.45,0,0,0.0
M001633,22.7,1,4,34.2,1718.62,0,0,0.0
M001634,36.4,1,1,31.3,678.62,0,1,0.0
M001635,55.1,2,1,80.3,997.16,0,0,0.0
M001636,26.6,1,1,67.5,2109.5,0,0,0.0
M001637,65.6,2,1,34.4,2571.47,1,0,-0.072487
M001638,51.7,1,1,89.7,1210.43,0,0,0.0
M001639,62.5,1,1,70.8,2021.34,0,1,0.0
M001640,8.0,3,3,24.4,1426.36,0,1,0.0
M001641,80.5,3,2,19.7,4355.65,1,1,-0.096825
M001642,89.3,2,3,43.1,11195.24,0,0,0.0
M001643,36.1,1,2,18.1,1185.91,0,1,0.0
M001644,46.5,3,3,22.9,3599.07,0,1,0.0
M001645,47.5,3,4,30.9,3069.41,0,0,0.0
M001646,47.9,2,3,32.4,7946.06,1,0,-0.111787
M001647,34.2,2,1,65.6,635.37,1,0,-0.078554
M001648,38.9,4,1,111.7,2785.49,1,1,-0.119622
M001649,34.5,0,2,87.8,1732.92,0,0,0.0
M001650,7.9,1,4,111.5,4149.02,1,0,-0.111738
M001651,32.4,3,1,87.7,11071.14,1,1,-0.117945
M001652,21.3,1,1,17.8,607.09,1,1,-0.078784
M001653,46.5,2,3,40.5,4667.27,0,0,0.0
M001654,32.8,0,1,45.2,4619.35,0,0,0.0
M001655,41.0,5,2,41.1,467.55,0,0,0.0
M001656,71.3,2,4,75.3,976.33,0,0,0.0
M001657,56.7,2,3,4.9,5617.53,0,0,0.0
M001658,51.6,1,5,19.1,3005.59,0,1,0.0
M001659,39.2,3,4,67.9,1148.63,0,0,0.0
M001660,64.9,2,2,59.5,5010.79,0,0,0.0
M001661,59.3,2,2,59.2,24482.4,0,1,0.0
M001662,51.1,1,1,100.8,10213.72,0,0,0.0
M001663,55.9,4,2,9.2,1233.35,0,1,0.0
M001664,32.2,3,1,44.8,895.84,0,0,0.0
M001665,63.0,1,2,52.2,8170.34,0,0,0.0
M001666,42.6,0,2,96.4,3622.41,0,0,0.0
M001667,57.3,4,2,33.9,2689.09,1,1,-0.102923
M001668,81.4,1,2,43.0,1660.67,0,0,0.0
M001669,46.2,2,2,7.6,1609.31,1,0,-0.110367
M001670,57.1,0,3,23.1,4246.99,1,0,-0.079274
M001671,56.8,2,5,104.5,26949.97,1,0,-0.11112
M001672,30.9,1,3,27.0,4617.27,0,0,0.0
M001673,24.1,3,1,66.9,3567.32,1,1,-0.104819
M001674,47.7,5,1,62.5,9010.54,1,1,-0.054768
M001675,24.9,0,2,10.9,6442.27,0,1,0.0
M001676,47.1,0,2,30.5,1953.33,0,1,0.0
M001677,39.5,2,1,39.8,7822.54,0,0,0.0
M001678,44.6,1,2,42.4,15922.43,0,0,0.0
M001679,71.5,3,3,57.0,796.85,0,1,0.0
M001680,54.6,1,1,25.0,1832.77,1,1,-0.074524
M001681,24.1,1,2,27.6,5203.9,1,0,-0.098318
M001682,52.5,0,2,175.2,9634.48,1,0,-0.072169
M001683,72.8,4,3,70.8,4347.21,0,0,0.0
M001684,49.3,2,1,51.2,2419.42,0,0,0.0
M001685,38.3,3,5,41.2,1441.02,1,1,-0.107622
M001686,69.0,0,5,95.2,9707.7,1,0,-0.073883
M001687,24.0,0,2,108.9,437.15,1,0,-0.071081
M001688,52.3,0,3,143.8,8830.96,0,0,0.0
M001689,60.7,2,3,10.4,573.61,0,0,0.0
M001690,56.7,2,1,39.8,2096.2,0,1,0.0
M001691,71.4,2,2,93.3,1961.24,1,1,-0.061107
M001692,79.6,1,4,54.5,6673.08,0,0,0.0
M001693,56.5,1,2,24.3,6127.26,0,0,0.0
M001694,31.7,1,2,97.2,1223.42,0,0,0.0
M001695,34.2,1,1,50.9,2268.27,1,1,-0.087611
M001696,60.9,2,4,46.4,3640.16,0,0,0.0
M001697,60.1,1,2,84.8,3874.37,0,0,0.0
M001698,35.5,0,2,46.9,8454.26,0,1,0.0
M001699,90.6,1,2,86.9,6670.16,0,0,0.0
M001700,93.0,2,2,41.3,8033.11,1,0,-0.099892
M001701,41.3,1,2,34.2,4573.79,0,0,0.0
M001702,37.2,1,6,69.4,8538.21,1,0,-0.088277
M001703,41.9,0,1,54.4,7996.97,0,1,0.0
M001704,26.9,1,4,86.7,1142.25,0,0,0.0
M001705,57.5,2,3,20.6,305.92,0,1,0.0
M001706,38.2,5,2,6.9,13651.33,0,1,0.0
M001707,36.0,2,1,80.2,3427.32,1,0,-0.074023
M001708,62.2,0,4,35.7,21357.56,1,1,-0.08521
M001709,59.8,2,6,65.0,927.69,0,0,0.0
M001710,40.4,1,3,43.9,1214.35,0,1,0.0
M001711,0.0,2,1,22.1,799.57,1,1,-0.097855
M001712,57.2,1,1,44.2,8099.29,1,0,-0.097217
M001713,22.4,0,3,61.4,2681.04,0,0,0.0
M001714,43.5,0,2,17.9,2390.67,0,1,0.0
M001715,22.1,0,1,108.3,5165.03,0,1,0.0
M001716,28.6,0,3,92.9,6594.21,0,0,0.0
M001717,75.8,3,1,11.1,1249.41,0,1,0.0
M001718,44.1,0,5,121.0,9464.18,1,0,-0.089832
M001719,55.9,0,1,21.1,2437.44,1,0,-0.097168
M001720,36.1,3,1,16.5,567.21,1,1,-0.093453
M001721,25.1,4,1,32.4,45631.39,1,0,-0.066213
M001722,68.8,1,1,15.9,154.29,0,0,0.0
M001723,54.6,0,1,53.5,2775.94,0,0,0.0
M001724,47.0,0,2,11.9,2691.89,0,1,0.0
M001725,31.3,0,1,16.3,2438.77,1,1,-0.109806
M001726,70.0,2,5,40.0,1380.17,0,0,0.0
M001727,73.3,1,2,11.6,1550.41,0,0,0.0
M001728,58.0,0,6,16.8,7461.43,1,1,-0.070707
M001729,28.3,3,3,61.4,23283.15,1,1,-0.110281
M001730,56.5,2,2,13.7,1037.03,1,0,-0.109858
M001731,45.9,1,2,52.2,3601.34,0,0,0.0
M001732,33.9,2,2,45.5,1459.83,0,0,0.0
M001733,18.7,2,4,20.3,644.72,0,1,0.0
M001734,72.6,4,1,19.0,6849.83,1,1,-0.114279
M001735,61.5,1,6,95.4,1037.42,0,0,0.0
M001736,34.9,1,1,68.6,22338.49,0,0,0.0
M001737,8.6,2,1,53.5,768.08,0,1,0.0
M001738,74.0,2,2,11.2,292.16,0,1,0.0
M001739,58.5,1,1,110.6,3825.92,0,0,0.0
M001740,68.1,1,5,39.0,3627.01,0,1,0.0
M001741,27.6,2,3,257.9,20610.18,0,1,0.0
M001742,40.9,0,2,43.7,6357.28,0,0,0.0
M001743,37.6,0,3,61.3,1725.66,0,1,0.0
M001744,40.8,1,1,39.5,7745.26,0,0,0.0
M001745,21.0,4,3,55.1,2197.76,0,1,0.0
M001746,24.5,2,5,66.4,1076.47,1,1,-0.122874
M001747,54.3,0,4,60.5,4110.86,0,0,0.0
M001748,67.6,0,2,48.4,9907.08,0,1,0.0
M001749,48.6,1,2,162.8,4299.46,1,1,-0.087459
M001750,47.4,1,2,98.6,4564.48,0,0,0.0
M001751,38.7,3,2,91.6,1401.7,1,1,-0.115881
M001752,29.6,3,4,80.1,669.93,0,0,0.0
M001753,82.9,1,3,102.1,492.32,1,0,-0.087523
M001754,70.5,2,1,31.3,1927.44,1,0,-0.097288
M001755,30.4,1,1,54.9,1960.65,0,0,0.0
M001756,51.6,3,3,94.7,2165.42,0,1,0.0
M001757,18.9,1,3,48.5,8432.38,1,1,-0.100513
M001758,70.3,5,3,91.3,2059.54,0,1,0.0
M001759,43.8,0,5,55.7,1248.82,0,0,0.0
M001760,26.1,1,5,23.9,5002.77,0,0,0.0
M001761,32.8,0,4,65.1,1343.8,0,1,0.0
M001762,100.0,1,3,54.8,1079.18,0,1,0.0
M001763,47.1,0,2,17.1,1736.75,1,0,-0.089311
M001764,54.0,3,3,8.7,1086.03,0,1,0.0
M001765,41.8,1,2,82.1,6402.25,0,0,0.0
M001766,29.7,1,4,67.6,7176.07,0,1,0.0
M001767,57.8,3,3,40.4,2064.73,0,1,0.0
M001768,18.4,0,5,74.6,11919.27,0,0,0.0
M001769,56.4,2,3,35.1,619.19,0,0,0.0
M001770,4.6,2,4,37.8,6461.45,1,1,-0.123921
M001771,30.9,1,2,57.3,4904.16,0,0,0.0
M001772,26.8,1,2,175.9,7326.87,0,1,0.0
M001773,33.6,1,3,50.8,3550.51,1,0,-0.076218
M001774,37.2,3,1,81.8,2332.39,1,1,-0.109572
M001775,37.1,0,4,20.9,2713.26,0,0,0.0
M001776,56.2,2,3,11.3,4713.93,1,1,-0.120178
M001777,58.0,3,2,92.2,2983.48,0,1,0.0
M001778,45.2,1,4,36.8,4359.64,0,0,0.0
M001779,23.2,3,1,98.9,7721.92,1,0,-0.111449
M001780,34.1,1,3,27.3,4653.89,0,0,0.0
M001781,47.9,1,1,11.4,502.53,0,1,0.0
M001782,68.0,3,1,98.2,38465.73,1,1,-0.090545
M001783,45.7,0,3,83.8,1474.96,0,1,0.0
M001784,38.4,1,5,44.2,902.15,0,0,0.0
M001785,25.0,3,4,67.5,1756.77,1,1,-0.078435
M001786,82.4,2,3,61.9,1570.98,0,1,0.0
M001787,52.7,2,1,34.7,4171.23,1,0,-0.057081
M001788,63.8,3,2,110.5,5385.21,1,1,-0.122167
M001789,77.3,2,2,158.9,2310.31,0,0,0.0
M001790,45.6,0,3,31.7,8844.29,0,0,0.0
M001791,41.1,0,4,62.4,13063.39,0,0,0.0
M001792,53.1,2,2,19.2,4247.29,0,1,0.0
M001793,39.6,3,1,59.7,4897.53,1,0,-0.077741
M001794,68.8,1,2,64.0,7365.15,0,0,0.0
M001795,57.5,1,1,11.9,3643.16,0,1,0.0
M001796,30.2,1,5,81.6,9376.42,0,0,0.0
M001797,40.9,0,1,39.2,2525.4,0,0,0.0
M001798,59.6,2,3,75.8,3217.4,0,0,0.0
M001799,30.5,3,4,35.0,5066.65,1,1,-0.076231
M001800,60.2,2,3,123.2,1452.67,0,0,0.0
M001801,11.4,0,4,14.4,517.0,0,1,0.0
M001802,46.2,2,3,85.2,1826.34,1,0,-0.069141
M001803,82.0,1,2,32.2,900.04,1,0,-0.070716
M001804,64.1,0,2,34.7,819.94,1,1,-0.114836
M001805,42.9,2,2,47.3,14678.95,0,0,0.0
M001806,55.7,2,2,115.3,1413.19,0,0,0.0
M001807,43.7,0,4,38.0,578.04,0,0,0.0
M001808,64.7,3,2,110.9,8922.14,1,1,-0.098411
M001809,59.2,2,1,60.1,6116.51,0,0,0.0
M001810,68.5,2,2,64.8,1113.22,1,0,-0.097293
M001811,39.2,5,5,70.0,8356.86,1,0,-0.12371
M001812,0.0,1,3,51.0,1010.33,0,1,0.0
M001813,52.4,3,2,107.7,1970.7,1,0,-0.103177
M001814,59.2,0,3,135.1,3797.28,0,0,0.0
M001815,71.0,1,2,118.7,5618.93,0,1,0.0
M001816,40.9,1,1,138.1,13630.83,0,0,0.0
M001817,70.0,2,1,5.2,1273.37,0,0,0.0
M001818,45.4,0,2,77.9,27563.02,1,0,-0.0807
M001819,4.4,1,3,74.2,1926.05,0,1,0.0
M001820,24.6,2,4,113.4,5394.73,1,1,-0.09604
M001821,69.5,3,4,24.7,9005.28,0,1,0.0
M001822,28.1,2,2,18.8,2249.98,0,0,0.0
M001823,39.8,0,1,33.1,9596.2,0,1,0.0
M001824,30.7,1,4,70.7,5399.27,0,1,0.0
M001825,17.8,1,3,60.5,8000.89,1,1,-0.11034
M001826,19.3,3,2,48.7,15594.37,1,0,-0.107806
M001827,31.8,1,1,99.7,4068.89,0,0,0.0
M001828,49.1,5,4,36.3,795.44,0,1,0.0
M001829,16.9,3,2,73.8,7177.76,1,0,-0.117688
M001830,34.3,2,1,76.7,586.23,0,1,0.0
M001831,0.9,0,2,62.0,1198.68,0,0,0.0
M001832,16.9,2,3,80.3,1948.16,1,0,-0.109245
M001833,36.2,3,3,82.3,239.87,1,1,-0.104812
M001834,53.5,0,3,85.2,19975.99,0,0,0.0
M001835,41.2,1,3,51.6,1112.03,0,0,0.0
M001836,61.2,3,3,59.7,5444.11,1,0,-0.121474
M001837,37.4,4,6,19.6,5218.7,1,1,-0.095581
M001838,49.4,1,2,178.5,1790.38,0,0,0.0
M001839,65.5,2,2,21.6,354.24,1,1,-0.081426
M001840,57.9,0,4,31.9,1802.31,0,0,0.0
M001841,43.2,2,1,83.6,10418.43,0,0,0.0
M001842,43.2,3,2,115.9,6597.89,1,1,-0.116031
M001843,54.2,2,4,77.8,4063.61,0,1,0.0
M001844,55.7,2,3,74.2,659.0,0,0,0.0
M001845,27.7,2,2,90.5,495.04,0,0,0.0
M001846,48.8,1,3,47.8,2860.2,0,0,0.0
M001847,74.5,0,4,108.3,2245.42,0,0,0.0
M001848,44.8,2,2,178.3,2237.19,0,0,0.0
M001849,34.9,1,1,29.6,3876.0,1,0,-0.108057
M001850,41.1,0,5,106.7,3580.05,0,1,0.0
M001851,38.4,1,3,49.9,2019.83,0,1,0.0
M001852,26.7,2,1,80.3,13238.85,0,1,0.0
M001853,41.6,3,4,75.2,6914.23,0,1,0.0
M001854,57.5,1,1,123.4,4511.26,0,0,0.0
M001855,53.1,1,1,71.7,8532.47,0,0,0.0
M001856,40.6,0,1,90.1,3102.34,0,0,0.0
M001857,66.6,1,2,56.0,1010.29,0,0,0.0
M001858,46.7,2,4,48.1,5703.36,0,0,0.0
M001859,73.3,1,1,34.9,468.77,1,0,-0.110642
M001860,12.1,4,4,51.1,4073.0,1,0,-0.08352
M001861,56.2,4,2,58.0,3234.06,1,0,-0.102986
M001862,38.8,2,3,25.1,7111.24,0,1,0.0
M001863,65.1,1,3,109.5,6612.83,0,0,0.0
M001864,56.5,0,5,34.5,10726.69,0,1,0.0
M001865,58.0,1,3,70.3,1737.07,0,0,0.0
M001866,67.7,3,6,55.9,7284.89,0,1,0.0
M001867,58.8,1,1,82.0,2260.24,0,0,0.0
M001868,43.5,0,3,85.3,2618.74,0,0,0.0
M001869,48.8,0,2,83.4,14567.3,1,0,-0.07968
M001870,31.7,0,4,78.6,8008.85,0,1,0.0
M001871,12.1,0,2,96.2,9590.91,1,0,-0.092454
M001872,92.0,3,1,59.3,2271.18,1,1,-0.081806
M001873,42.7,1,1,58.8,36447.52,0,1,0.0
M001874,50.1,0,2,105.9,195.56,0,0,0.0
M001875,43.5,2,3,216.6,8236.72,0,0,0.0
M001876,29.2,1,5,22.4,5547.8,0,0,0.0
M001877,44.4,0,1,4.0,3341.08,0,0,0.0
M001878,55.7,2,1,10.5,7555.13,0,1,0.0
M001879,7.5,1,1,95.9,11650.19,1,0,-0.123588
M001880,54.6,3,2,61.1,3433.44,0,1,0.0
M001881,62.2,4,2,49.0,8612.67,1,1,-0.119296
M001882,5.2,0,3,31.3,9740.23,0,0,0.0
M001883,80.3,1,2,66.4,12458.47,0,0,0.0
M001884,51.8,2,2,68.7,5165.12,0,0,0.0
M001885,52.4,2,1,93.9,15661.39,0,1,0.0
M001886,58.2,2,1,34.2,9676.78,0,1,0.0
M001887,39.7,1,1,38.9,1001.8,0,0,0.0
M001888,23.4,1,2,52.4,429.79,0,0,0.0
M001889,28.4,2,2,26.4,848.7,0,0,0.0
M001890,44.8,0,4,52.4,3180.99,0,1,0.0
M001891,39.2,0,1,100.2,1152.64,0,0,0.0
M001892,20.8,1,1,23.6,11525.34,1,1,-0.123972
M001893,30.3,3,3,32.9,1352.16,0,1,0.0
M001894,64.7,0,2,59.6,548.19,1,1,-0.092311
M001895,40.4,1,2,66.0,659.18,0,0,0.0
M001896,79.9,3,3,62.3,6989.13,1,0,-0.114427
M001897,27.2,0,6,51.9,14648.26,0,1,0.0
M001898,40.0,5,2,59.9,6751.1,1,1,-0.094556
M001899,50.3,1,3,73.1,6072.13,0,1,0.0
M001900,60.9,0,2,10.4,535.47,0,1,0.0
M001901,41.1,1,1,75.8,7108.11,0,1,0.0
M001902,30.6,0,2,23.2,10496.52,0,0,0.0
M001903,56.1,2,3,40.0,1464.67,0,1,0.0
M001904,43.1,1,2,93.3,4464.8,0,0,0.0
M001905,36.8,1,4,57.6,13438.1,0,0,0.0
M001906,59.5,0,2,89.3,16920.06,0,0,0.0
M001907,39.5,3,3,36.4,2500.35,1,1,-0.106604
M001908,27.6,1,1,42.9,6429.4,0,0,0.0
M001909,63.8,1,2,85.2,2367.46,1,0,-0.089233
M001910,56.4,0,1,116.2,2130.58,0,0,0.0
M001911,61.0,1,2,62.4,2122.76,0,0,0.0
M001912,97.8,0,3,99.0,4933.82,0,0,0.0
M001913,43.5,1,1,13.9,1633.64,0,0,0.0
M001914,6.6,3,1,48.6,4570.18,1,1,-0.091275
M001915,72.5,1,3,39.7,3119.8,0,1,0.0
M001916,39.5,0,1,62.3,1083.48,0,0,0.0
M001917,72.3,3,5,27.8,4709.95,1,1,-0.086298
M001918,28.1,1,5,143.1,3562.27,0,0,0.0
M001919,41.2,1,1,42.3,3912.55,0,0,0.0
M001920,36.5,2,2,146.6,1601.43,0,1,0.0
M001921,24.6,2,2,144.1,3705.73,0,1,0.0
M001922,65.8,3,1,50.9,17866.01,1,1,-0.095562
M001923,57.7,1,1,59.4,1198.66,0,0,0.0
M001924,32.3,2,5,152.1,6271.98,1,0,-0.073891
M001925,76.2,2,1,52.6,4157.81,0,1,0.0
M001926,64.8,2,1,13.1,1271.6,0,1,0.0
M001927,43.6,0,3,33.4,4704.11,0,0,0.0
M001928,33.2,1,1,64.0,11945.0,0,1,0.0
M001929,47.4,2,2,45.5,6063.91,1,0,-0.099465
M001930,55.8,1,2,137.8,1085.28,0,0,0.0
M001931,35.6,2,2,59.8,3918.62,0,1,0.0
M001932,61.9,1,3,27.3,2558.67,0,0,0.0
M001933,33.4,1,4,68.8,5350.32,1,0,-0.083526
M001934,33.1,0,4,88.5,147.28,0,1,0.0
M001935,37.3,2,2,47.2,7199.47,1,1,-0.069369
M001936,53.4,2,3,51.2,808.13,0,1,0.0
M001937,65.4,0,2,9.8,547.52,0,0,0.0
M001938,83.8,2,4,56.3,4918.73,0,0,0.0
M001939,54.0,1,3,1.6,2721.44,0,1,0.0
M001940,51.7,1,3,139.9,11294.49,0,0,0.0
M001941,28.2,3,1,53.7,3056.3,1,0,-0.096532
M001942,42.7,3,1,41.2,1657.25,1,0,-0.119351
M001943,32.6,1,4,72.3,755.71,0,0,0.0
M001944,57.6,1,2,15.7,2231.28,0,1,0.0
M001945,55.2,2,2,50.5,1704.37,0,1,0.0
M001946,86.1,1,3,113.0,1676.25,0,1,0.0
M001947,22.9,3,3,13.4,4819.96,1,1,-0.122131
M001948,53.5,3,1,52.1,2994.03,1,1,-0.118808
M001949,56.6,1,3,67.5,2046.29,0,0,0.0
M001950,79.9,2,3,36.5,8563.94,0,1,0.0
M001951,33.0,1,2,13.7,1000.29,0,0,0.0
M001952,17.3,0,1,25.1,3863.16,1,1,-0.087451
M001953,83.3,3,2,27.1,7930.85,0,1,0.0
M001954,31.3,2,3,48.7,18508.8,0,0,0.0
M001955,1.0,0,1,36.0,2166.79,0,0,0.0
M001956,36.3,1,2,37.0,859.47,0,0,0.0
M001957,82.1,2,2,104.3,5463.18,0,0,0.0
M001958,47.2,1,3,109.0,894.42,0,0,0.0
M001959,23.7,1,1,189.6,6302.82,1,0,-0.12172
M001960,17.7,2,3,50.1,2886.61,1,0,-0.100841
M001961,34.8,2,3,117.4,6868.78,1,0,-0.0996
M001962,55.1,1,3,51.1,868.9,0,0,0.0
M001963,61.6,1,4,59.2,542.85,1,0,-0.060533
M001964,30.5,4,1,68.8,2467.62,1,0,-0.118882
M001965,37.7,0,1,141.4,9581.78,0,0,0.0
M001966,62.7,2,5,57.7,1162.68,0,1,0.0
M001967,42.3,1,5,42.5,3741.51,0,0,0.0
M001968,2.0,1,6,19.1,1182.39,0,0,0.0
M001969,64.8,2,2,57.7,658.83,0,0,0.0
M001970,73.8,3,2,57.4,1236.48,1,1,-0.095886
M001971,29.1,2,2,92.9,4301.24,1,0,-0.064184
M001972,0.0,0,4,10.5,949.1,0,0,0.0
M001973,42.6,3,2,90.8,268.14,1,0,-0.106226
M001974,57.5,0,1,159.2,1787.23,0,0,0.0
M001975,79.6,1,1,237.7,5035.76,0,0,0.0
M001976,43.3,3,3,62.7,3727.76,0,0,0.0
M001977,27.1,0,3,97.4,8027.96,0,0,0.0
M001978,34.1,1,1,68.4,1083.95,1,0,-0.100515
M001979,47.2,2,2,33.3,4676.37,0,0,0.0
M001980,24.7,2,2,31.8,2291.74,0,1,0.0
M001981,33.5,1,1,136.4,3249.64,0,0,0.0
M001982,40.6,0,2,37.2,4099.96,0,0,0.0
M001983,36.5,2,1,53.1,744.71,0,1,0.0
M001984,46.2,1,2,70.4,1800.32,0,0,0.0
M001985,30.7,1,1,60.1,1593.75,0,0,0.0
M001986,54.7,1,1,89.2,1274.41,0,0,0.0
M001987,46.7,0,3,34.0,1084.59,0,0,0.0
M001988,65.5,2,2,24.8,4727.73,0,0,0.0
M001989,40.0,3,5,16.0,911.27,1,1,-0.112907
M001990,43.8,2,1,70.8,2913.12,1,0,-0.064325
M001991,26.1,1,2,40.3,725.61,0,0,0.0
M001992,28.8,1,2,75.4,2531.06,0,0,0.0
M001993,47.4,3,2,204.3,2525.74,0,1,0.0
M001994,8.5,1,1,9.9,489.61,1,0,-0.1069
M001995,69.0,2,2,36.6,800.19,1,0,-0.082695
M001996,61.6,3,1,71.0,393.13,1,1,-0.078197
M001997,47.2,3,2,85.0,2889.31,1,0,-0.091858
M001998,58.8,1,1,58.4,6282.56,1,0,-0.097541
M001999,25.7,2,2,73.1,2960.3,0,0,0.0
M002000,71.8,2,1,124.9,12048.07,0,0,0.0
M002001,31.6,1,4,54.3,1030.09,0,1,0.0
M002002,41.0,0,1,109.2,2182.33,0,1,0.0
M002003,0.0,2,2,54.6,452.53,1,1,-0.113124
M002004,57.8,1,2,11.8,5395.49,0,0,0.0
M002005,17.2,1,4,44.2,1978.58,1,1,-0.11289
M002006,74.7,1,3,71.3,2167.63,0,1,0.0
M002007,89.4,1,2,13.4,3156.05,0,0,0.0
M002008,23.1,3,4,34.0,3715.73,1,0,-0.119235
M002009,41.7,0,1,118.2,5108.13,0,0,0.0
M002010,57.3,2,2,69.2,2269.68,0,0,0.0
M002011,33.0,2,4,77.4,734.12,0,1,0.0
M002012,53.9,0,3,114.7,5399.54,1,0,-0.064565
M002013,43.0,1,5,55.0,1886.91,0,1,0.0
M002014,82.3,1,2,57.5,5928.34,0,0,0.0
M002015,40.3,3,2,68.1,2169.28,1,1,-0.118193
M002016,57.9,1,2,26.2,28160.45,1,0,-0.112979
M002017,33.2,2,2,50.9,1060.25,0,1,0.0
M002018,40.1,3,3,49.4,6344.26,0,1,0.0
M002019,35.9,3,2,60.5,1275.09,0,1,0.0
M002020,64.0,0,6,27.7,1914.59,0,1,0.0
M002021,55.2,1,2,72.7,28629.03,0,1,0.0
M002022,26.2,1,6,26.8,3553.32,0,0,0.0
M002023,52.9,2,5,8.7,13561.39,0,0,0.0
M002024,56.7,1,1,50.9,1996.38,0,0,0.0
M002025,64.5,4,1,146.8,3679.46,1,1,-0.092074
M002026,44.5,4,4,46.5,1594.42,1,1,-0.112132
M002027,36.8,2,3,86.5,7398.88,0,1,0.0
M002028,57.6,1,3,5.7,4835.33,0,0,0.0
M002029,80.2,2,2,113.9,3468.78,0,0,0.0
M002030,64.9,2,1,9.4,19045.72,0,0,0.0
M002031,56.5,0,1,40.4,812.64,1,0,-0.108097
M002032,46.2,0,4,37.9,1100.8,0,0,0.0
M002033,41.0,3,4,118.6,1754.09,0,1,0.0
M002034,57.7,5,2,7.8,1011.0,1,0,-0.09971
M002035,63.5,3,2,68.3,3029.51,1,0,-0.059141
M002036,72.7,4,3,44.1,2277.68,1,0,-0.082451
M002037,23.6,1,2,17.8,3067.97,1,1,-0.099457
M002038,4.5,3,1,148.8,5074.13,0,0,0.0
M002039,32.8,4,1,129.0,1168.45,1,1,-0.099739
M002040,82.8,4,5,45.1,9653.46,0,1,0.0
M002041,73.4,1,3,34.8,295.55,0,0,0.0
M002042,36.1,1,2,29.4,8248.27,0,0,0.0
M002043,44.9,2,3,59.2,2718.62,0,0,0.0
M002044,27.1,1,1,61.6,16207.48,0,0,0.0
M002045,54.5,1,5,33.7,3442.46,0,1,0.0
M002046,81.5,1,3,127.4,6574.14,0,0,0.0
M002047,40.2,0,3,28.2,3294.83,0,0,0.0
M002048,26.6,1,2,20.0,2820.94,1,0,-0.105802
M002049,70.0,3,2,24.2,1868.23,1,1,-0.100991
M002050,42.9,3,2,98.4,8540.71,0,1,0.0
M002051,73.5,1,3,54.5,6260.83,0,0,0.0
M002052,34.3,2,3,66.8,57516.31,1,0,-0.058194
M002053,64.6,0,6,176.4,1774.86,1,0,-0.061477
M002054,10.9,0,4,19.0,797.94,1,0,-0.096064
M002055,64.9,2,3,32.7,10941.7,0,0,0.0
M002056,0.0,2,1,52.2,5424.53,0,0,0.0
M002057,14.8,4,3,42.3,29738.37,0,1,0.0
M002058,38.2,1,1,95.6,1429.17,1,1,-0.071523
M002059,50.2,1,1,93.6,4590.09,0,1,0.0
M002060,44.0,3,1,56.1,913.51,1,0,-0.06342
M002061,41.4,4,3,43.6,528.62,1,1,-0.100279
M002062,43.6,3,2,92.8,4886.02,0,0,0.0
M002063,51.3,1,4,214.2,1583.25,0,0,0.0
M002064,34.2,0,4,82.7,1302.18,0,0,0.0
M002065,14.1,1,2,25.7,15493.2,1,1,-0.11826
M002066,7.9,0,3,69.7,2531.93,0,0,0.0
M002067,6.2,2,1,46.4,364.44,1,0,-0.095819
M002068,15.7,1,2,177.7,6176.02,1,0,-0.122243
M002069,30.7,2,2,215.0,1217.55,1,0,-0.04316
M002070,33.3,2,4,71.5,2506.94,0,0,0.0
M002071,33.4,3,1,103.6,4126.52,0,0,0.0
M002072,40.7,5,2,62.4,701.79,0,1,0.0
M002073,75.9,2,2,99.1,704.93,0,0,0.0
M002074,17.8,2,2,22.0,5463.98,0,1,0.0
M002075,15.7,1,2,50.7,1958.23,1,1,-0.103659
M002076,33.6,1,4,45.6,2350.24,0,0,0.0
M002077,35.8,2,5,90.2,713.88,1,0,-0.08468
M002078,55.5,3,2,26.2,1340.83,1,1,-0.106049
M002079,43.0,1,3,103.6,6459.9,0,0,0.0
M002080,42.7,3,1,32.8,1928.17,0,1,0.0
M002081,31.3,5,3,38.2,3720.46,1,1,-0.101532
M002082,40.2,2,4,66.0,5997.39,0,0,0.0
M002083,52.4,0,2,32.4,6252.49,0,0,0.0
M002084,49.8,0,5,53.7,3500.01,0,1,0.0
M002085,43.7,2,1,59.2,2398.83,0,0,0.0
M002086,0.0,3,2,4.8,2588.02,1,0,-0.116641
M002087,57.1,1,2,90.9,5370.42,0,0,0.0
M002088,43.3,0,1,64.3,473.34,0,1,0.0
M002089,55.7,0,4,82.4,16725.98,1,0,-0.088282
M002090,40.5,3,2,12.9,578.35,1,0,-0.115732
M002091,49.1,1,5,51.3,752.25,0,0,0.0
M002092,66.3,0,1,30.1,3538.64,0,0,0.0
M002093,62.4,2,4,202.1,11400.78,0,1,0.0
M002094,62.9,1,2,92.7,2445.1,0,0,0.0
M002095,69.3,2,3,14.2,2106.3,0,0,0.0
M002096,51.2,4,3,67.9,3044.63,1,1,-0.10539
M002097,36.6,2,3,15.8,1846.21,0,0,0.0
M002098,56.2,1,6,20.5,12223.1,1,0,-0.081418
M002099,37.1,2,3,30.8,7674.83,1,0,-0.081372
M002100,44.2,1,4,24.9,248.85,0,1,0.0
M002101,38.0,1,1,24.7,8131.96,1,0,-0.06295
M002102,33.7,1,2,85.5,3326.01,0,1,0.0
M002103,54.5,4,4,75.7,4616.62,1,0,-0.09919
M002104,27.0,2,3,27.8,759.24,0,1,0.0
M002105,56.3,0,4,20.6,2586.29,0,0,0.0
M002106,20.4,1,3,27.1,1685.97,0,1,0.0
M002107,56.3,2,3,55.5,11696.94,0,0,0.0
M002108,64.6,2,2,25.4,2069.62,0,1,0.0
M002109,52.5,2,2,47.0,2215.62,1,0,-0.09351
M002110,31.8,0,3,1.2,4929.66,0,0,0.0
M002111,26.6,1,1,76.6,9537.5,0,1,0.0
M002112,71.4,1,2,77.3,561.32,0,0,0.0
M002113,30.3,1,1,66.8,3776.72,0,1,0.0
M002114,56.4,1,2,41.3,1348.9,0,1,0.0
M002115,45.3,3,3,61.9,5048.76,1,0,-0.119239
M002116,0.0,2,3,118.3,1214.69,1,1,-0.113834
M002117,58.4,0,2,29.2,1561.94,0,1,0.0
M002118,49.6,0,2,29.5,10317.52,0,0,0.0
M002119,34.8,2,3,109.3,21727.79,0,1,0.0
M002120,64.5,3,1,85.8,3691.83,0,1,0.0
M002121,35.0,0,2,93.3,3901.43,0,1,0.0
M002122,56.4,2,5,52.5,6454.57,0,0,0.0
M002123,39.4,0,4,61.6,2075.74,1,0,-0.076668
M002124,51.2,1,1,158.7,1832.81,0,0,0.0
M002125,50.5,0,2,82.4,1745.94,0,0,0.0
M002126,71.5,0,1,117.3,1303.84,1,0,-0.073036
M002127,29.0,2,2,53.4,307.39,0,0,0.0
M002128,30.9,2,4,18.5,10269.34,0,1,0.0
M002129,63.2,0,1,39.3,1202.54,0,0,0.0
M002130,20.1,2,4,6.9,1067.11,1,1,-0.092919
M002131,42.5,4,2,104.7,451.85,1,1,-0.12429
M002132,49.3,1,3,43.6,2038.88,0,0,0.0
M002133,36.0,0,4,79.2,1820.76,0,0,0.0
M002134,19.2,2,1,98.5,883.63,1,0,-0.094422
M002135,11.8,0,4,44.1,5543.43,0,0,0.0
M002136,43.1,1,2,39.0,1000.11,0,0,0.0
M002137,12.6,1,2,66.7,911.61,0,1,0.0
M002138,50.7,0,1,123.6,2959.5,0,1,0.0
M002139,38.6,5,1,104.9,3835.73,0,0,0.0
M002140,23.8,0,3,37.6,3276.14,0,0,0.0
M002141,43.8,2,5,41.3,839.31,0,0,0.0
M002142,47.5,4,2,40.1,1125.41,1,0,-0.12251
M002143,44.0,2,1,61.5,253.77,0,0,0.0
M002144,44.8,1,4,61.1,6108.98,0,0,0.0
M002145,56.4,3,2,72.5,4919.95,0,1,0.0
M002146,58.2,0,4,16.8,1169.96,1,0,-0.075474
M002147,52.5,2,2,130.6,2990.31,1,1,-0.066434
M002148,61.3,1,4,37.0,16746.87,0,1,0.0
M002149,49.1,4,3,30.1,7358.55,0,1,0.0
M002150,8.4,1,1,132.4,5128.44,1,0,-0.110105
M002151,39.1,0,2,17.7,804.55,0,1,0.0
M002152,17.4,5,2,58.0,2610.4,0,1,0.0
M002153,56.6,3,3,25.4,1074.35,0,0,0.0
M002154,52.2,1,2,57.9,289.86,1,0,-0.086092
M002155,24.1,2,1,24.5,5247.46,0,1,0.0
M002156,11.0,2,4,74.6,4042.76,1,0,-0.109914
M002157,38.9,1,2,64.7,7013.03,0,1,0.0
M002158,62.3,2,2,13.8,4940.6,0,1,0.0
M002159,50.2,4,2,26.2,8115.73,0,1,0.0
M002160,30.7,2,4,90.4,730.81,1,0,-0.058558
M002161,56.7,4,1,15.8,14449.78,1,1,-0.10549
M002162,17.0,0,3,35.5,1123.43,0,0,0.0
M002163,30.6,2,3,19.0,629.34,0,0,0.0
M002164,41.5,0,2,34.4,1432.1,0,0,0.0
M002165,64.5,1,2,21.2,10492.41,0,0,0.0
M002166,51.5,3,3,77.1,1468.03,1,1,-0.105405
M002167,65.3,0,3,40.5,57188.92,0,0,0.0
M002168,62.1,1,1,94.6,15069.36,0,0,0.0
M002169,13.9,2,1,19.4,9906.12,1,1,-0.109615
M002170,51.7,3,1,13.6,4034.87,1,0,-0.088964
M002171,45.3,1,5,99.6,6830.19,0,1,0.0
M002172,58.5,2,4,45.6,4409.02,1,0,-0.098428
M002173,54.4,1,2,53.2,11366.4,0,0,0.0
M002174,67.7,4,5,132.0,2756.19,1,0,-0.124349
M002175,62.7,2,1,66.4,722.56,0,1,0.0
M002176,39.4,2,3,88.9,5395.1,0,1,0.0
M002177,26.4,0,3,35.2,22037.47,0,0,0.0
M002178,37.2,3,1,102.1,4163.35,0,1,0.0
M002179,64.0,0,3,55.7,19182.28,0,0,0.0
M002180,43.3,0,3,107.7,1121.88,0,1,0.0
M002181,61.4,2,2,32.9,1173.01,0,0,0.0
M002182,58.6,1,2,83.8,8343.68,0,0,0.0
M002183,33.3,4,2,83.3,6476.92,0,0,0.0
M002184,41.2,0,3,18.2,4052.35,0,0,0.0
M002185,39.8,0,2,34.3,1083.97,1,0,-0.069856
M002186,62.6,1,6,17.6,7237.3,0,0,0.0
M002187,44.9,1,1,85.0,1950.21,0,0,0.0
M002188,14.8,1,1,56.8,1699.36,1,1,-0.072792
M002189,33.7,2,4,61.3,22838.73,0,0,0.0
M002190,45.7,2,2,57.5,2729.36,0,0,0.0
M002191,51.3,1,5,74.9,886.19,0,0,0.0
M002192,47.7,2,1,84.7,390.07,0,0,0.0
M002193,75.0,1,2,42.9,2665.49,1,0,-0.099613
M002194,37.9,1,2,28.5,1636.56,0,0,0.0
M002195,11.1,3,4,14.1,6548.55,1,0,-0.12011
M002196,32.2,0,3,61.1,4263.18,0,0,0.0
M002197,48.4,0,3,74.6,2916.64,1,0,-0.090933
M002198,47.7,1,1,30.6,2535.45,0,1,0.0
M002199,42.2,4,1,90.8,3304.3,0,1,0.0
M002200,28.4,1,1,80.9,9937.67,0,0,0.0
M002201,0.0,2,5,72.2,1208.51,0,0,0.0
M002202,60.6,0,2,27.6,8317.87,1,0,-0.072909
M002203,40.4,1,3,196.7,1306.21,1,0,-0.063424
M002204,100.0,1,1,33.7,897.34,0,0,0.0
M002205,24.6,0,6,89.6,7053.97,0,0,0.0
M002206,50.7,1,1,37.1,2663.46,0,1,0.0
M002207,31.1,1,4,44.4,1523.55,0,0,0.0
M002208,43.0,1,5,92.3,1259.36,0,0,0.0
M002209,41.4,2,4,9.7,5906.95,0,1,0.0
M002210,57.6,0,1,103.6,3795.25,0,0,0.0
M002211,32.9,1,3,79.9,12611.22,0,0,0.0
M002212,41.4,1,1,25.5,2679.9,0,0,0.0
M002213,51.7,3,1,2.1,642.06,1,1,-0.077427
M002214,62.3,5,1,57.5,6319.9,0,1,0.0
M002215,20.6,1,2,69.7,124393.17,0,1,0.0
M002216,10.6,0,2,80.2,7504.08,0,0,0.0
M002217,36.3,2,2,281.2,1906.41,0,1,0.0
M002218,42.6,4,4,42.8,1658.77,0,1,0.0
M002219,51.3,2,2,99.3,2121.29,0,0,0.0
M002220,0.0,3,3,97.2,39585.49,0,1,0.0
M002221,21.6,2,2,23.6,1507.72,0,1,0.0
M002222,32.4,1,2,10.6,3533.7,0,0,0.0
M002223,30.6,0,6,56.7,12257.41,0,0,0.0
M002224,73.7,1,3,47.4,15308.25,0,1,0.0
M002225,60.4,2,1,83.7,1869.08,0,0,0.0
M002226,74.2,1,4,70.7,3290.23,0,0,0.0
M002227,62.7,1,3,77.5,14980.66,0,0,0.0
M002228,63.5,0,2,36.0,30240.64,0,0,0.0
M002229,68.7,2,1,25.7,3940.41,0,0,0.0
M002230,88.2,1,3,138.8,2643.37,0,1,0.0
M002231,67.4,0,1,35.4,6441.13,0,0,0.0
M002232,38.1,1,2,26.0,2766.5,0,0,0.0
M002233,52.8,1,1,124.1,344.16,0,0,0.0
M002234,51.0,2,2,201.1,1113.1,0,0,0.0
M002235,61.2,2,1,52.3,8190.83,0,1,0.0
M002236,30.1,1,2,78.8,4133.4,0,1,0.0
M002237,66.6,0,3,24.9,12966.56,0,0,0.0
M002238,82.3,2,3,18.9,1338.36,0,1,0.0
M002239,31.6,1,4,6.8,14728.44,0,0,0.0
M002240,51.5,5,1,65.6,1500.16,1,1,-0.124265
M002241,38.0,4,4,21.8,1874.13,1,0,-0.098277
M002242,49.5,0,3,19.5,3947.19,0,0,0.0
M002243,18.7,1,1,40.1,161.57,1,0,-0.113443
M002244,15.8,2,2,95.6,2594.95,1,0,-0.115758
M002245,41.6,2,3,49.3,4591.79,0,0,0.0
M002246,49.5,2,3,7.7,2632.2,1,1,-0.093014
M002247,11.9,1,1,72.8,14846.69,0,1,0.0
M002248,55.5,1,1,196.5,1748.32,0,1,0.0
M002249,61.4,0,1,33.1,8654.05,0,0,0.0
M002250,35.8,2,3,52.0,5512.81,0,1,0.0
M002251,65.1,1,3,74.8,1654.09,0,0,0.0
M002252,39.4,2,2,73.8,5053.83,0,1,0.0
M002253,34.1,2,5,119.3,1899.33,0,0,0.0
M002254,36.4,2,4,28.5,3114.16,0,1,0.0
M002255,54.1,3,2,150.4,4892.81,1,1,-0.124265
M002256,16.4,2,3,68.5,1185.35,1,0,-0.114057
M002257,44.3,0,2,29.8,4355.32,0,0,0.0
M002258,50.6,2,2,16.6,4965.63,1,0,-0.108834
M002259,44.2,1,2,51.1,10793.24,0,1,0.0
M002260,33.7,1,6,73.8,2855.79,1,0,-0.1029
M002261,6.3,1,4,17.8,25656.53,1,1,-0.109616
M002262,73.4,2,1,8.5,2370.63,0,0,0.0
M002263,39.7,2,5,31.8,3869.42,0,1,0.0
M002264,64.8,0,4,26.2,637.92,0,0,0.0
M002265,39.3,0,3,40.2,14835.82,0,0,0.0
M002266,40.7,3,3,65.3,260.16,0,1,0.0
M002267,31.7,0,6,59.9,7575.33,0,1,0.0
M002268,57.0,0,3,170.7,5350.68,0,0,0.0
M002269,54.8,0,2,68.1,1883.08,0,0,0.0
M002270,33.7,2,5,60.4,8857.03,0,1,0.0
M002271,69.4,1,5,7.8,2990.66,0,0,0.0
M002272,39.3,3,6,70.2,1266.96,0,1,0.0
M002273,45.6,3,4,83.1,840.69,0,1,0.0
M002274,58.6,2,2,59.1,16458.34,1,0,-0.075898
M002275,72.2,1,5,39.6,8887.72,0,1,0.0
M002276,63.5,2,3,39.0,4870.14,0,0,0.0
M002277,8.6,2,1,5.5,7096.57,0,1,0.0
M002278,36.0,1,2,8.0,959.28,1,0,-0.094041
M002279,60.1,0,1,70.7,2045.29,0,1,0.0
M002280,67.5,2,1,7.7,2292.44,0,0,0.0
M002281,50.3,3,1,33.8,12758.02,0,1,0.0
M002282,12.6,3,3,52.0,579.2,1,1,-0.114434
M002283,57.9,2,4,122.7,3423.32,1,0,-0.075479
M002284,69.9,1,1,66.2,37812.93,0,0,0.0
M002285,51.7,1,2,108.9,15446.94,0,0,0.0
M002286,28.2,1,1,17.9,1980.62,1,0,-0.084042
M002287,51.3,0,1,93.4,8715.97,0,0,0.0
M002288,34.0,4,2,84.6,1292.24,1,1,-0.116958
M002289,27.2,0,2,42.6,6776.75,0,0,0.0
M002290,65.6,0,2,256.7,1552.42,0,0,0.0
M002291,29.8,1,1,107.6,933.42,1,0,-0.079821
M002292,76.8,3,4,39.6,8238.8,0,1,0.0
M002293,55.2,0,4,63.7,4081.57,0,1,0.0
M002294,36.2,2,3,66.1,3483.14,0,0,0.0
M002295,53.4,0,3,130.5,312.8,0,1,0.0
M002296,11.4,3,1,106.4,260.03,1,1,-0.107176
M002297,33.3,3,1,95.4,420.84,1,1,-0.123639
M002298,76.3,1,3,24.7,1839.17,0,1,0.0
M002299,42.7,2,1,42.6,878.88,0,1,0.0
M002300,0.0,0,1,51.0,5880.59,1,0,-0.09158
M002301,25.1,2,4,9.5,2874.34,0,1,0.0
M002302,62.3,1,4,78.1,522.14,0,0,0.0
M002303,60.7,1,2,75.7,14779.2,1,0,-0.106354
M002304,65.5,3,4,164.4,7046.94,0,1,0.0
M002305,50.2,2,1,124.1,839.65,0,0,0.0
M002306,63.8,1,4,8.9,1661.09,0,0,0.0
M002307,24.2,2,1,16.0,10725.38,1,0,-0.075757
M002308,39.4,0,1,23.9,237.03,0,1,0.0
M002309,44.4,1,4,60.8,894.83,0,0,0.0
M002310,56.8,0,1,22.1,2243.68,0,0,0.0
M002311,35.9,0,2,11.2,3074.64,0,1,0.0
M002312,72.0,2,2,57.6,2014.68,0,0,0.0
M002313,45.9,4,2,70.8,12489.1,0,1,0.0
M002314,40.7,1,1,28.8,328.99,0,0,0.0
M002315,45.9,2,2,9.7,1951.08,1,0,-0.095002
M002316,22.0,2,2,79.2,645.68,0,1,0.0
M002317,35.2,1,2,28.5,1136.59,1,0,-0.09209
M002318,26.6,3,2,9.3,2131.62,0,1,0.0
M002319,45.0,2,5,23.3,6275.48,0,0,0.0
M002320,78.7,3,5,55.1,683.71,1,0,-0.118291
M002321,11.5,0,6,47.3,3924.99,0,0,0.0
M002322,58.1,0,5,87.4,21327.61,0,0,0.0
M002323,73.9,2,3,66.6,44493.71,1,0,-0.092571
M002324,37.3,2,2,130.7,1223.14,1,0,-0.041843
M002325,38.8,3,3,38.5,7150.87,1,1,-0.117507
M002326,53.4,1,4,90.1,4140.17,0,0,0.0
M002327,61.5,4,3,52.0,2152.15,0,1,0.0
M002328,63.3,2,2,12.6,2157.38,0,0,0.0
M002329,23.4,1,2,61.9,1742.0,1,1,-0.116865
M002330,46.4,1,6,42.5,9301.0,1,0,-0.085347
M002331,42.6,1,3,48.0,2237.25,0,0,0.0
M002332,40.7,1,4,23.7,574.58,0,0,0.0
M002333,33.4,1,2,160.7,1506.09,1,0,-0.043373
M002334,54.2,3,3,25.7,4438.56,1,1,-0.063733
M002335,67.5,3,2,10.6,3457.45,0,0,0.0
M002336,26.6,2,3,115.2,5495.67,0,0,0.0
M002337,45.3,1,5,141.4,6441.82,0,0,0.0
M002338,59.9,2,2,91.6,6015.85,0,0,0.0
M002339,28.6,2,3,14.6,1549.51,0,1,0.0
M002340,0.0,0,3,260.9,2598.26,0,0,0.0
M002341,49.1,4,1,107.6,663.91,0,1,0.0
M002342,74.0,1,1,24.5,2443.7,0,0,0.0
M002343,64.3,3,4,72.2,2974.06,1,1,-0.112207
M002344,52.2,1,5,51.4,5101.58,0,0,0.0
M002345,47.3,1,2,19.3,1918.69,0,0,0.0
M002346,46.0,0,5,93.5,1159.24,0,1,0.0
M002347,15.0,0,3,48.8,7672.0,0,0,0.0
M002348,67.6,2,1,40.9,9656.21,0,0,0.0
M002349,42.3,1,6,135.4,3553.37,0,0,0.0
M002350,74.0,3,6,33.5,3062.08,1,1,-0.080771
M002351,20.5,1,2,9.2,4474.84,0,0,0.0
M002352,91.8,0,2,44.7,1502.62,0,0,0.0
M002353,57.5,1,2,20.8,1831.37,0,0,0.0
M002354,30.1,2,1,150.0,1045.71,0,0,0.0
M002355,56.0,2,3,22.4,9502.76,1,1,-0.08148
M002356,91.6,0,3,21.0,1287.87,0,0,0.0
M002357,61.6,1,1,51.9,1702.81,0,1,0.0
M002358,55.5,2,2,61.4,7134.43,0,1,0.0
M002359,61.4,0,2,71.8,839.22,0,0,0.0
M002360,27.2,4,2,10.6,431.22,1,1,-0.083952
M002361,48.2,1,4,42.2,22495.0,0,0,0.0
M002362,62.2,5,3,84.1,172.37,1,1,-0.124351
M002363,48.6,0,5,23.8,2846.03,0,1,0.0
M002364,44.9,2,3,164.3,2448.3,0,0,0.0
M002365,33.5,2,2,157.7,4184.9,0,1,0.0
M002366,39.5,1,5,24.3,5885.79,0,0,0.0
M002367,71.1,5,5,68.6,15057.65,1,1,-0.119282
M002368,79.2,2,2,39.9,11257.6,0,0,0.0
M002369,79.3,1,1,22.9,15592.7,0,0,0.0
M002370,5.2,0,1,134.8,2383.03,0,1,0.0
M002371,63.6,2,3,40.8,4983.94,0,1,0.0
M002372,55.6,1,3,48.0,3048.68,0,0,0.0
M002373,38.1,5,1,17.4,2902.09,1,0,-0.108933
M002374,29.2,1,4,18.8,1071.83,0,0,0.0
M002375,85.3,1,1,160.2,3975.39,0,0,0.0
M002376,37.4,1,1,163.1,5307.53,0,0,0.0
M002377,73.7,1,4,64.9,2437.42,0,1,0.0
M002378,77.8,0,3,101.8,1745.13,0,0,0.0
M002379,54.3,1,1,25.5,2628.36,0,1,0.0
M002380,29.1,1,2,41.4,18268.1,0,0,0.0
M002381,29.2,0,1,47.9,748.05,0,0,0.0
M002382,49.4,1,2,110.6,3863.63,0,0,0.0
M002383,31.6,0,1,35.4,1637.77,0,0,0.0
M002384,36.3,0,2,21.3,2542.38,0,0,0.0
M002385,34.1,1,2,6.9,1487.41,1,0,-0.094955
M002386,35.5,2,1,38.8,15546.08,0,0,0.0
M002387,44.9,1,1,31.7,2627.4,0,0,0.0
M002388,61.4,2,2,9.8,1339.72,0,0,0.0
M002389,40.7,2,1,74.1,7427.96,0,0,0.0
M002390,48.4,1,1,75.1,14787.09,0,1,0.0
M002391,22.0,1,2,100.2,2032.72,0,1,0.0
M002392,47.2,2,2,47.7,53221.19,1,0,-0.094398
M002393,45.6,2,1,63.1,14181.49,0,1,0.0
M002394,23.8,2,1,90.6,13241.97,1,0,-0.100935
M002395,18.8,4,2,79.3,5218.6,1,0,-0.096209
M002396,52.2,3,4,9.2,6293.87,0,1,0.0
M002397,76.4,1,2,45.3,40793.05,0,1,0.0
M002398,45.1,1,1,15.4,1733.49,0,0,0.0
M002399,20.2,3,1,140.0,7425.05,1,0,-0.124352
M002400,52.3,2,1,51.9,7059.38,0,0,0.0
M002401,50.8,2,1,172.1,9901.55,1,0,-0.071046
M002402,14.2,2,5,24.3,1816.41,0,1,0.0
M002403,52.1,1,2,63.5,9441.72,0,0,0.0
M002404,41.2,1,2,23.2,935.36,0,0,0.0
M002405,16.4,4,6,46.1,766.01,1,1,-0.081798
M002406,71.6,3,3,70.6,3694.69,1,0,-0.11119
M002407,39.3,1,1,53.1,3924.34,0,0,0.0
M002408,56.2,1,1,97.5,1682.7,0,0,0.0
M002409,42.0,4,2,54.2,1614.71,1,1,-0.100039
M002410,58.6,0,1,44.7,2461.33,0,1,0.0
M002411,56.3,3,5,28.1,29899.83,1,1,-0.080107
M002412,24.2,0,2,121.4,2627.1,1,0,-0.046767
M002413,26.5,1,1,63.0,6208.35,1,0,-0.087329
M002414,56.4,1,2,22.8,3918.88,0,0,0.0
M002415,73.5,2,2,25.9,2536.77,0,1,0.0
M002416,44.2,0,4,74.1,3188.61,0,1,0.0
M002417,46.7,1,2,127.6,15189.26,0,0,0.0
M002418,69.0,1,1,63.7,25773.36,0,0,0.0
M002419,27.2,3,1,48.6,1725.45,1,1,-0.101389
M002420,54.5,3,2,14.6,5528.44,1,1,-0.098915
M002421,62.3,1,3,44.7,1655.73,0,0,0.0
M002422,74.5,0,1,60.6,16042.1,1,0,-0.062587
M002423,24.9,3,1,24.3,10459.25,1,1,-0.069446
M002424,50.7,3,1,65.4,33212.63,0,1,0.0
M002425,32.4,0,2,16.6,1746.96,0,1,0.0
M002426,46.7,1,3,77.8,14458.04,0,0,0.0
M002427,27.3,4,2,72.3,22206.72,0,1,0.0
M002428,21.8,0,4,35.8,6033.48,0,0,0.0
M002429,20.4,1,3,48.0,867.85,0,0,0.0
M002430,64.7,0,4,57.7,27666.88,1,0,-0.078559
M002431,60.6,1,2,79.2,3037.1,0,0,0.0
M002432,73.4,0,3,56.6,731.84,0,1,0.0
M002433,72.7,2,3,105.5,1160.98,0,0,0.0
M002434,2.7,0,3,67.2,1633.71,0,1,0.0
M002435,47.8,0,2,12.2,720.6,0,0,0.0
M002436,36.6,2,3,90.9,4686.6,0,1,0.0
M002437,47.2,2,1,82.8,8624.42,0,0,0.0
M002438,46.5,3,3,89.1,6067.41,0,1,0.0
M002439,5.7,0,3,63.6,1168.17,1,1,-0.067616
M002440,46.4,2,1,52.6,625.66,1,0,-0.101283
M002441,8.0,2,1,55.4,740.72,1,1,-0.106642
M002442,23.1,4,1,41.7,14165.0,0,1,0.0
M002443,38.2,3,1,164.2,2510.44,0,0,0.0
M002444,31.1,0,1,103.5,1689.91,0,0,0.0
M002445,39.2,0,4,57.4,4483.86,0,0,0.0
M002446,43.7,0,1,88.8,3713.08,0,0,0.0
M002447,62.8,1,1,45.0,1673.88,0,1,0.0
M002448,46.8,0,3,31.3,1472.99,0,1,0.0
M002449,39.3,2,5,42.0,239.79,0,0,0.0
M002450,67.2,3,3,42.9,7169.15,1,0,-0.120368
M002451,52.6,2,1,70.6,11467.88,1,0,-0.111521
M002452,40.2,1,4,40.2,4281.82,0,0,0.0
M002453,69.5,3,1,6.3,9987.76,1,1,-0.117099
M002454,98.6,1,3,63.1,9323.73,0,0,0.0
M002455,0.0,3,1,23.1,660.87,1,0,-0.111897
M002456,54.1,3,3,35.6,678.64,1,1,-0.108178
M002457,85.1,4,3,85.8,1718.05,1,1,-0.118205
M002458,37.7,4,2,57.6,9278.82,1,1,-0.091724
M002459,37.0,1,1,74.9,592.52,0,1,0.0
M002460,65.6,1,2,181.7,4031.36,1,0,-0.060101
M002461,66.0,1,5,14.4,1182.76,0,1,0.0
M002462,21.7,1,2,9.5,451.16,0,1,0.0
M002463,24.9,4,2,54.2,9144.74,1,1,-0.090527
M002464,73.8,2,3,12.3,6968.58,0,0,0.0
M002465,40.0,1,3,27.9,1289.44,0,1,0.0
M002466,25.6,3,2,49.6,1353.69,0,1,0.0
M002467,58.3,0,1,41.7,2404.17,0,0,0.0
M002468,79.2,2,1,46.1,3449.2,0,0,0.0
M002469,0.7,4,1,106.1,1064.66,1,0,-0.097922
M002470,30.8,1,3,76.2,1014.57,0,0,0.0
M002471,60.2,1,3,12.1,20721.76,0,0,0.0
M002472,56.5,2,6,64.6,4197.96,0,0,0.0
M002473,58.0,0,2,22.2,3605.17,0,0,0.0
M002474,77.7,2,1,45.8,420.38,0,1,0.0
M002475,19.8,5,6,29.1,7751.82,1,1,-0.105169
M002476,67.6,1,2,36.5,76103.6,0,0,0.0
M002477,60.1,1,4,24.1,2133.92,1,0,-0.084162
M002478,60.3,1,4,22.6,1413.83,0,0,0.0
M002479,55.6,4,1,42.4,5465.04,0,1,0.0
M002480,52.7,3,6,23.5,2188.24,0,1,0.0
M002481,47.1,0,3,97.7,1131.59,1,0,-0.061836
M002482,97.5,0,1,72.5,6253.76,0,0,0.0
M002483,64.6,5,2,9.1,3799.68,1,1,-0.114003
M002484,81.5,2,4,68.4,4540.55,0,0,0.0
M002485,49.8,1,1,57.2,18309.6,0,0,0.0
M002486,37.0,1,4,97.9,2169.74,1,0,-0.065317
M002487,58.9,2,4,98.8,1136.99,0,0,0.0
M002488,12.4,5,4,76.7,672.79,0,1,0.0
M002489,61.0,3,2,90.8,5715.55,0,0,0.0
M002490,63.5,4,1,35.8,455.52,0,1,0.0
M002491,66.1,1,2,103.6,222.52,0,0,0.0
M002492,42.6,2,1,19.9,1742.45,1,0,-0.071289
M002493,55.2,2,6,67.2,2520.63,0,0,0.0
M002494,69.9,5,1,300.0,1733.35,0,1,0.0
M002495,68.0,0,4,33.5,1100.44,0,0,0.0
M002496,63.9,2,6,47.8,2692.93,0,1,0.0
M002497,28.3,0,3,54.7,4260.34,0,0,0.0
M002498,30.9,0,1,19.2,9190.67,0,1,0.0
M002499,77.5,1,4,16.3,16136.89,0,0,0.0
M002500,51.6,2,2,42.3,576.93,0,0,0.0
M002501,64.0,2,3,41.9,12007.17,0,0,0.0
M002502,29.8,1,5,44.2,15972.59,1,0,-0.087364
M002503,80.1,2,2,67.5,4654.31,0,1,0.0
M002504,79.3,3,1,76.6,4773.61,1,1,-0.07493
M002505,62.6,3,4,190.9,808.64,0,0,0.0
M002506,50.7,1,4,48.5,2711.45,0,0,0.0
M002507,41.3,1,2,72.4,2145.54,0,0,0.0
M002508,59.3,0,1,34.8,10177.37,0,0,0.0
M002509,48.6,0,2,47.2,1778.45,0,0,0.0
M002510,61.4,2,1,28.4,11904.2,0,0,0.0
M002511,23.3,2,1,59.3,687.6,1,1,-0.095479
M002512,58.2,0,3,13.9,5183.15,0,0,0.0
M002513,24.1,2,3,12.5,5083.3,0,1,0.0
M002514,48.3,0,2,121.0,5090.92,0,1,0.0
M002515,18.6,2,3,55.4,1826.56,1,0,-0.122496
M002516,78.7,1,1,16.3,4044.95,1,0,-0.112218
M002517,5.6,1,1,13.7,2971.21,0,1,0.0
M002518,30.0,2,3,15.5,11254.52,0,0,0.0
M002519,57.7,2,2,149.4,7127.92,1,0,-0.064009
M002520,46.4,2,4,8.7,4549.49,0,0,0.0
M002521,64.9,0,5,76.2,1505.2,0,0,0.0
M002522,42.8,1,3,147.6,1584.67,0,1,0.0
M002523,25.9,5,1,90.0,6055.02,0,0,0.0
M002524,48.5,1,2,23.6,647.93,0,1,0.0
M002525,34.9,1,2,76.6,34551.16,0,0,0.0
M002526,7.2,2,2,57.5,1209.35,1,1,-0.098268
M002527,28.4,2,2,49.6,938.94,0,1,0.0
M002528,43.6,3,4,56.8,2843.85,0,1,0.0
M002529,23.3,5,2,24.6,278.33,1,1,-0.094443
M002530,50.3,0,1,31.3,889.47,0,0,0.0
M002531,38.1,1,1,84.4,3268.43,0,0,0.0
M002532,49.4,0,3,292.5,1254.44,0,0,0.0
M002533,36.5,0,1,101.7,3067.72,0,0,0.0
M002534,67.2,0,1,83.7,6905.44,0,0,0.0
M002535,37.9,0,4,21.3,1473.0,1,0,-0.072328
M002536,33.5,2,2,25.6,13821.99,0,0,0.0
M002537,58.4,1,3,57.7,3772.47,0,0,0.0
M002538,39.5,1,2,110.2,87846.78,0,0,0.0
M002539,67.4,2,2,44.3,6580.2,0,0,0.0
M002540,76.0,1,3,39.6,5328.02,0,1,0.0
M002541,31.6,4,2,62.1,2316.89,1,0,-0.104001
M002542,36.9,1,1,77.8,3293.89,0,0,0.0
M002543,16.8,0,3,31.3,10889.42,0,0,0.0
M002544,28.9,0,5,24.5,2743.26,0,0,0.0
M002545,48.0,1,3,46.2,2058.67,0,1,0.0
M002546,12.4,2,2,48.9,679.93,1,1,-0.080566
M002547,29.4,1,4,67.6,17341.66,0,1,0.0
M002548,70.1,5,2,43.4,2262.16,1,1,-0.121446
M002549,25.8,3,1,79.0,3816.23,1,1,-0.109924
M002550,38.8,3,4,76.5,3218.16,0,1,0.0
M002551,99.4,3,1,90.8,249.06,1,1,-0.106165
M002552,53.3,0,1,80.9,1732.18,0,0,0.0
M002553,26.2,2,1,14.1,3253.91,1,0,-0.091905
M002554,42.1,0,4,159.5,4539.51,0,0,0.0
M002555,42.3,0,1,92.5,9457.44,0,0,0.0
M002556,44.0,4,3,37.7,9756.21,0,1,0.0
M002557,18.5,2,2,49.8,597.18,1,0,-0.113075
M002558,1.4,2,4,14.2,4253.24,0,0,0.0
M002559,72.3,2,1,46.6,11095.77,1,1,-0.121757
M002560,47.4,5,3,80.0,597.6,0,0,0.0
M002561,90.9,0,2,42.6,3762.43,0,1,0.0
M002562,37.9,0,2,76.9,853.9,1,0,-0.060018
M002563,44.5,4,3,34.1,5842.87,1,1,-0.086195
M002564,41.0,0,2,104.9,14036.41,1,0,-0.053209
M002565,54.4,1,3,81.4,5346.23,0,0,0.0
M002566,24.7,2,5,88.3,29212.39,1,1,-0.106522
M002567,28.1,2,1,30.6,11308.37,0,1,0.0
M002568,50.5,2,5,61.6,1664.73,1,1,-0.077018
M002569,32.4,2,2,40.5,13136.49,0,0,0.0
M002570,32.6,2,2,77.7,478.26,0,1,0.0
M002571,46.8,5,3,84.2,614.11,1,1,-0.099622
M002572,39.9,3,3,268.8,294.12,1,1,-0.109657
M002573,72.3,2,3,90.4,3721.22,0,0,0.0
M002574,49.8,2,4,45.7,10755.87,0,0,0.0
M002575,80.1,0,1,34.9,3478.78,0,0,0.0
M002576,27.3,2,1,26.2,2814.78,0,0,0.0
M002577,27.6,1,1,26.4,637.67,0,0,0.0
M002578,0.0,1,5,122.9,14213.47,1,0,-0.106301
M002579,60.4,2,5,47.4,2824.27,0,1,0.0
M002580,54.9,3,2,58.7,593.89,1,1,-0.098595
M002581,55.5,2,5,78.3,12796.55,0,0,0.0
M002582,65.7,0,3,84.1,493.99,0,0,0.0
M002583,12.9,0,2,114.6,9983.03,0,0,0.0
M002584,21.2,0,1,83.4,1642.06,0,0,0.0
M002585,48.6,0,3,17.5,279.91,0,0,0.0
M002586,27.4,1,3,37.5,384.32,1,1,-0.08942
M002587,17.8,3,2,105.0,2954.22,1,1,-0.10416
M002588,69.2,2,2,173.6,4658.28,1,1,-0.055638
M002589,44.5,3,2,95.7,2055.24,1,0,-0.099514
M002590,55.8,1,1,105.0,4110.12,0,0,0.0
M002591,39.1,2,1,32.4,735.24,0,0,0.0
M002592,60.8,1,2,21.0,6659.65,0,1,0.0
M002593,22.5,1,4,61.7,1299.45,1,1,-0.108798
M002594,33.7,4,1,173.6,244.14,1,0,-0.121359
M002595,38.5,1,1,19.4,2659.32,0,0,0.0
M002596,55.3,2,4,48.0,3830.46,0,1,0.0
M002597,56.4,3,3,107.4,3320.51,0,1,0.0
M002598,32.6,0,4,42.9,11518.83,0,1,0.0
M002599,24.2,1,5,51.8,12252.85,0,0,0.0
M002600,31.8,1,2,49.6,1478.26,0,0,0.0
M002601,39.5,1,2,48.9,650.11,0,0,0.0
M002602,13.0,2,4,46.9,4173.33,1,0,-0.099434
M002603,0.3,1,1,52.6,1285.53,1,0,-0.116846
M002604,51.8,0,2,16.2,12812.84,0,0,0.0
M002605,61.2,2,1,30.9,2945.78,0,0,0.0
M002606,31.7,1,1,61.0,156.7,0,1,0.0
M002607,21.7,1,2,27.7,10777.83,0,1,0.0
M002608,56.6,2,2,100.9,2261.73,0,1,0.0
M002609,27.0,0,3,42.3,7068.7,0,0,0.0
M002610,45.6,0,3,18.4,6573.08,0,0,0.0
M002611,53.6,1,4,128.1,2026.43,1,0,-0.085876
M002612,35.9,1,5,76.6,2959.93,1,0,-0.080997
M002613,43.6,0,3,25.7,9308.12,0,1,0.0
M002614,28.1,1,4,33.2,2725.94,0,0,0.0
M002615,65.2,2,4,78.9,6849.26,0,0,0.0
M002616,38.2,0,3,35.6,28171.26,0,1,0.0
M002617,42.4,1,3,23.5,3072.18,0,0,0.0
M002618,30.0,2,2,98.7,8681.41,0,0,0.0
M002619,72.5,2,2,83.5,5838.52,0,0,0.0
M002620,48.1,2,4,92.0,9068.42,0,0,0.0
M002621,84.0,2,2,54.4,38565.6,1,0,-0.086627
M002622,24.2,1,1,171.7,5698.82,1,0,-0.121863
M002623,76.1,2,3,88.5,8739.03,1,0,-0.063814
M002624,57.4,3,1,86.7,3020.77,0,0,0.0
M002625,13.8,1,3,86.0,1815.44,1,1,-0.118828
M002626,35.7,2,1,60.6,61430.67,0,0,0.0
M002627,40.5,1,2,40.8,2894.59,0,1,0.0
M002628,43.2,2,2,83.8,1515.61,0,0,0.0
M002629,19.3,0,3,80.6,9067.18,0,1,0.0
M002630,29.1,1,1,8.5,1455.8,0,0,0.0
M002631,73.6,3,1,89.7,15828.77,1,1,-0.107435
M002632,35.8,0,1,49.6,235.49,1,0,-0.105345
M002633,41.8,1,2,118.0,1439.8,0,0,0.0
M002634,0.0,1,2,50.7,119.0,0,1,0.0
M002635,42.9,2,1,247.1,3391.48,0,0,0.0
M002636,53.2,3,3,128.6,12325.06,0,1,0.0
M002637,64.9,2,4,87.6,4361.99,0,0,0.0
M002638,31.1,3,2,33.1,6069.31,0,1,0.0
M002639,51.7,2,2,71.1,1590.07,0,0,0.0
M002640,31.6,3,2,74.7,2917.62,1,0,-0.090617
M002641,64.9,0,1,82.9,961.33,1,0,-0.098905
M002642,62.2,1,2,19.7,727.14,0,1,0.0
M002643,40.6,0,4,66.2,1534.18,0,0,0.0
M002644,0.0,1,2,146.2,16574.19,0,1,0.0
M002645,100.0,2,1,104.2,6033.23,1,0,-0.107103
M002646,42.2,1,2,20.2,686.39,0,0,0.0
M002647,29.2,0,1,52.4,5095.08,0,0,0.0
M002648,56.1,0,4,74.9,17109.62,1,0,-0.094545
M002649,68.3,4,3,88.7,3189.11,1,1,-0.117197
M002650,15.6,1,3,45.7,5357.16,1,0,-0.123007
M002651,53.8,1,2,8.4,6080.37,0,1,0.0
M002652,28.0,2,2,51.6,5475.85,0,0,0.0
M002653,37.4,0,3,129.4,9144.37,0,0,0.0
M002654,23.9,2,2,127.8,1516.58,1,1,-0.119352
M002655,43.4,0,3,67.4,1573.86,0,1,0.0
M002656,52.4,3,3,64.1,2169.52,0,1,0.0
M002657,0.2,1,1,60.1,2412.76,0,1,0.0
M002658,12.8,1,2,26.0,13472.19,1,0,-0.115287
M002659,19.3,2,1,4.1,3836.81,0,0,0.0
M002660,61.5,2,3,32.0,645.16,0,1,0.0
M002661,55.0,1,5,72.0,15501.3,0,0,0.0
M002662,56.6,2,1,22.1,4628.76,0,0,0.0
M002663,17.3,3,3,57.8,253.7,1,0,-0.112843
M002664,23.3,2,2,30.8,5966.04,1,1,-0.100947
M002665,32.9,1,1,54.0,5839.56,0,1,0.0
M002666,61.1,0,3,35.3,3639.66,0,0,0.0
M002667,42.3,3,3,59.5,590.72,1,1,-0.108992
M002668,42.6,1,3,29.1,1213.47,0,0,0.0
M002669,72.6,1,1,33.2,1439.14,0,1,0.0
M002670,42.5,1,4,33.4,2817.07,0,0,0.0
M002671,82.8,0,3,30.0,5176.48,0,1,0.0
M002672,32.5,1,3,20.6,7258.25,1,0,-0.100808
M002673,35.3,1,4,28.0,1074.79,0,0,0.0
M002674,71.9,2,3,33.7,5673.27,0,0,0.0
M002675,65.4,0,2,60.5,5525.84,1,0,-0.105194
M002676,37.1,2,3,93.5,4727.87,0,0,0.0
M002677,22.6,0,1,72.9,37404.71,0,0,0.0
M002678,72.8,1,4,10.2,2743.52,0,0,0.0
M002679,42.9,0,1,29.1,2968.26,0,1,0.0
M002680,11.1,0,1,24.6,1323.66,1,0,-0.059248
M002681,63.5,3,1,90.7,1598.8,0,1,0.0
M002682,4.6,1,2,190.3,5137.08,0,1,0.0
M002683,34.4,3,1,58.5,5560.6,1,1,-0.115673
M002684,20.1,1,4,108.9,11321.27,1,1,-0.117489
M002685,71.4,0,4,44.3,1985.24,0,0,0.0
M002686,53.0,3,1,122.7,1620.68,0,1,0.0
M002687,37.6,2,2,175.5,4270.54,0,0,0.0
M002688,51.6,0,1,84.6,6007.29,0,0,0.0
M002689,34.7,0,2,100.4,6636.38,0,0,0.0
M002690,67.0,1,1,101.0,1364.25,0,0,0.0
M002691,66.1,2,2,17.8,1468.9,0,0,0.0
M002692,43.6,1,5,53.6,757.18,0,1,0.0
M002693,7.7,1,3,58.4,4655.87,1,1,-0.116796
M002694,61.4,3,1,83.5,5835.42,1,1,-0.083526
M002695,62.8,4,1,115.1,15569.6,1,0,-0.121547
M002696,24.6,2,2,28.1,1339.9,1,0,-0.095479
M002697,20.6,0,1,74.5,2176.15,0,0,0.0
M002698,46.8,3,5,31.4,17097.35,1,0,-0.099871
M002699,38.5,0,2,60.4,1285.11,0,1,0.0
M002700,51.8,0,2,60.0,15600.36,0,0,0.0
M002701,15.0,2,6,64.4,6454.0,0,0,0.0
M002702,25.8,0,2,11.9,1082.62,0,0,0.0
M002703,48.5,2,2,28.4,1151.89,0,0,0.0
M002704,26.8,1,2,67.9,7749.79,1,0,-0.094405
M002705,65.4,3,6,102.6,22866.97,1,1,-0.124175
M002706,59.6,1,4,28.6,760.53,0,0,0.0
M002707,20.9,1,6,43.9,4962.48,1,1,-0.092787
M002708,73.8,2,1,72.7,1559.36,0,0,0.0
M002709,44.9,0,1,30.8,4309.15,0,1,0.0
M002710,65.1,1,4,138.4,10331.23,0,0,0.0
M002711,74.4,2,3,57.0,13422.3,0,0,0.0
M002712,35.5,2,1,8.6,3035.58,0,1,0.0
M002713,56.3,5,2,158.1,4711.0,1,1,-0.112409
M002714,27.9,1,2,17.3,989.6,0,0,0.0
M002715,52.0,2,2,31.9,5974.67,1,0,-0.093691
M002716,55.9,1,4,42.1,2125.32,0,0,0.0
M002717,26.1,1,2,166.3,2966.79,0,0,0.0
M002718,37.6,2,3,96.3,1736.96,0,0,0.0
M002719,48.2,1,3,47.0,1922.15,0,0,0.0
M002720,62.7,0,4,99.9,2257.9,0,0,0.0
M002721,50.5,2,1,52.3,2035.05,0,0,0.0
M002722,38.8,0,1,78.4,1301.12,0,0,0.0
M002723,24.8,0,1,31.8,695.49,0,1,0.0
M002724,7.8,4,1,12.4,1939.11,1,0,-0.097196
M002725,80.9,0,6,79.4,291.95,0,0,0.0
M002726,39.5,2,2,92.6,14887.05,0,0,0.0
M002727,0.0,2,1,18.8,15796.09,0,1,0.0
M002728,38.7,2,2,23.5,817.0,0,1,0.0
M002729,60.5,0,1,33.1,2170.15,0,0,0.0
M002730,52.1,0,3,69.4,798.63,0,0,0.0
M002731,44.2,0,4,89.3,7884.46,0,0,0.0
M002732,62.1,2,1,37.5,1599.83,0,0,0.0
M002733,28.6,1,3,49.7,12368.3,0,1,0.0
M002734,79.2,2,4,46.7,2696.76,0,0,0.0
M002735,92.1,1,4,20.0,13826.95,0,0,0.0
M002736,19.9,2,5,47.9,214.4,0,0,0.0
M002737,35.8,2,1,60.7,2002.06,0,0,0.0
M002738,71.3,2,2,130.4,2800.16,0,1,0.0
M002739,48.5,1,5,79.7,17410.81,0,1,0.0
M002740,35.7,1,1,35.6,3268.36,0,0,0.0
M002741,13.1,0,2,47.6,3193.81,0,0,0.0
M002742,64.6,2,2,105.1,10771.45,0,0,0.0
M002743,54.8,3,2,154.9,8692.13,0,1,0.0
M002744,60.7,3,3,17.1,947.47,1,1,-0.098374
M002745,31.9,2,5,25.8,19140.15,1,0,-0.085577
M002746,20.3,0,3,237.6,16898.0,0,1,0.0
M002747,13.2,3,5,29.6,995.18,0,0,0.0
M002748,34.1,3,6,27.1,4890.06,0,0,0.0
M002749,66.0,2,2,35.3,5240.55,0,0,0.0
M002750,59.7,0,5,17.9,1158.23,0,1,0.0
M002751,51.6,2,5,16.8,2877.04,0,1,0.0
M002752,30.0,0,1,71.4,7906.89,0,0,0.0
M002753,54.8,0,2,5.8,5105.2,1,1,-0.090137
M002754,45.9,2,1,40.5,1735.88,0,0,0.0
M002755,19.3,5,4,40.9,5464.9,1,1,-0.095131
M002756,7.4,2,4,49.7,726.8,0,1,0.0
M002757,37.1,3,3,31.9,8069.53,1,1,-0.111749
M002758,47.7,1,1,28.5,4015.15,0,0,0.0
M002759,47.2,2,2,137.9,189.16,1,0,-0.079752
M002760,71.4,3,2,56.6,10732.49,1,0,-0.103172
M002761,41.4,3,6,96.0,6094.81,1,1,-0.123751
M002762,63.9,3,3,35.2,470.1,0,0,0.0
M002763,65.4,1,1,122.9,3383.01,0,0,0.0
M002764,37.0,1,1,16.1,558.85,0,1,0.0
M002765,55.2,1,2,17.1,3199.28,0,1,0.0
M002766,52.8,0,2,16.0,2195.83,0,0,0.0
M002767,45.7,2,4,30.1,1727.47,0,0,0.0
M002768,53.9,2,2,23.1,26932.06,0,0,0.0
M002769,88.8,2,1,16.5,6196.71,0,0,0.0
M002770,10.6,2,3,20.8,1053.46,1,0,-0.100849
M002771,29.5,2,1,93.6,988.39,0,1,0.0
M002772,34.9,1,5,22.6,2394.57,0,0,0.0
M002773,65.6,2,2,70.5,2046.87,0,0,0.0
M002774,42.2,0,2,143.2,1634.35,0,0,0.0
M002775,60.2,0,2,96.0,1486.11,0,1,0.0
M002776,35.8,2,1,42.5,3435.25,0,0,0.0
M002777,58.6,2,4,14.6,2050.44,0,0,0.0
M002778,33.9,1,1,4.8,218.62,1,0,-0.071131
M002779,74.2,0,5,49.0,8155.55,0,1,0.0
M002780,19.5,1,2,72.1,2695.76,1,1,-0.093527
M002781,37.4,0,1,122.8,1172.13,0,0,0.0
M002782,18.1,3,2,108.3,1571.26,0,1,0.0
M002783,26.4,2,3,131.2,4488.13,0,1,0.0
M002784,0.0,3,4,40.5,1737.55,1,1,-0.083985
M002785,48.2,2,3,37.7,17235.97,0,0,0.0
M002786,36.0,0,2,34.6,2048.2,0,1,0.0
M002787,47.2,3,4,74.8,34.98,1,0,-0.071422
M002788,47.0,3,4,29.3,1867.89,0,0,0.0
M002789,56.3,2,2,8.4,1638.32,1,1,-0.114768
M002790,81.4,0,1,72.0,6156.79,1,0,-0.105773
M002791,38.5,2,1,115.1,1002.53,0,0,0.0
M002792,76.7,0,2,81.2,1210.97,0,0,0.0
M002793,81.3,1,1,192.8,3115.87,0,0,0.0
M002794,18.6,1,5,18.6,7612.85,1,1,-0.106028
M002795,10.5,2,1,59.3,5991.81,1,1,-0.091266
M002796,30.5,2,5,5.5,12895.1,0,1,0.0
M002797,36.0,4,3,50.0,5593.45,1,0,-0.099504
M002798,60.3,1,1,76.7,2233.93,0,0,0.0
M002799,100.0,2,2,174.1,11031.26,1,0,-0.049461
M002800,2.5,3,4,91.4,7774.53,1,1,-0.104344
M002801,28.3,3,2,27.2,4933.23,0,0,0.0
M002802,49.6,5,2,123.2,1740.58,0,1,0.0
M002803,44.9,0,4,12.3,5227.24,0,0,0.0
M002804,39.6,1,2,50.2,5853.4,1,1,-0.081632
M002805,21.2,2,3,48.6,1773.8,0,0,0.0
M002806,73.5,0,3,106.5,6264.69,0,0,0.0
M002807,47.4,2,5,13.5,3237.8,0,1,0.0
M002808,67.3,1,2,106.3,1401.78,1,0,-0.110596
M002809,37.0,2,4,100.1,5945.07,0,0,0.0
M002810,48.4,2,1,65.1,941.71,0,0,0.0
M002811,12.9,1,2,112.3,3921.39,0,1,0.0
M002812,18.0,3,2,54.5,1072.47,1,1,-0.114398
M002813,33.1,1,1,131.7,1117.49,0,0,0.0
M002814,60.0,2,1,84.6,6368.49,0,1,0.0
M002815,19.7,1,5,42.9,973.36,1,1,-0.122662
M002816,34.4,3,2,30.9,4798.09,0,1,0.0
M002817,43.6,1,2,200.6,1592.52,0,0,0.0
M002818,38.0,0,3,204.6,13240.33,0,0,0.0
M002819,47.0,2,3,24.9,3465.16,0,0,0.0
M002820,50.3,5,1,17.6,580.18,0,1,0.0
M002821,46.7,1,3,28.2,22448.65,0,0,0.0
M002822,46.8,3,2,44.0,2759.25,1,1,-0.099514
M002823,36.2,1,2,42.8,4032.49,0,0,0.0
M002824,77.4,2,2,33.2,13743.04,0,1,0.0
M002825,17.1,1,2,65.8,5302.23,0,1,0.0
M002826,19.2,1,3,75.5,1449.85,0,1,0.0
M002827,71.1,1,5,78.4,673.75,0,0,0.0
M002828,40.9,3,3,13.0,845.88,1,1,-0.084367
M002829,65.3,2,3,12.7,1419.53,0,1,0.0
M002830,6.9,1,4,100.8,2434.55,1,0,-0.111859
M002831,40.6,5,2,50.5,2418.87,0,1,0.0
M002832,22.5,1,1,80.1,1105.97,0,1,0.0
M002833,100.0,4,3,119.3,4356.41,1,0,-0.117222
M002834,50.2,4,2,41.8,8250.5,0,0,0.0
M002835,58.6,1,2,52.5,11398.3,0,0,0.0
M002836,12.0,1,2,25.4,1607.86,0,1,0.0
M002837,29.2,0,2,18.2,21650.66,0,0,0.0
M002838,49.0,2,3,33.0,1680.46,0,0,0.0
M002839,54.8,1,1,35.9,8868.34,0,0,0.0
M002840,45.1,3,2,32.7,4267.31,1,0,-0.118386
M002841,88.0,1,2,57.4,1849.29,0,1,0.0
M002842,68.0,2,2,14.6,7625.35,0,0,0.0
M002843,27.5,1,3,50.8,12977.52,0,0,0.0
M002844,50.2,2,4,29.5,2700.3,0,1,0.0
M002845,1.2,2,6,30.8,4107.95,1,1,-0.111531
M002846,61.5,1,1,35.0,5911.35,0,0,0.0
M002847,42.7,2,2,102.4,4671.88,0,0,0.0
M002848,36.3,1,3,43.6,2854.74,0,0,0.0
M002849,45.2,1,2,44.6,5515.07,0,0,0.0
M002850,70.7,0,2,55.1,1125.11,1,1,-0.099642
M002851,57.1,1,1,84.5,2599.6,0,0,0.0
M002852,44.1,1,3,51.4,11347.41,1,0,-0.088865
M002853,29.0,3,1,66.6,1051.8,1,1,-0.084259
M002854,20.0,2,5,35.4,5432.95,1,1,-0.102008
M002855,21.1,1,1,72.7,1988.01,1,0,-0.120454
M002856,72.0,4,1,21.8,1471.36,1,1,-0.093162
M002857,52.3,0,2,41.7,2740.0,1,0,-0.085243
M002858,79.8,3,4,47.2,6083.13,1,0,-0.107876
M002859,41.3,2,1,36.8,703.16,0,1,0.0
M002860,39.1,4,3,37.6,8575.68,0,1,0.0
M002861,60.2,2,3,82.1,2799.78,0,0,0.0
M002862,31.8,2,1,41.5,2012.79,0,0,0.0
M002863,46.8,0,3,58.2,1797.64,0,0,0.0
M002864,27.7,4,1,113.1,12032.89,1,1,-0.10999
M002865,37.4,4,1,57.5,1673.57,1,1,-0.108952
M002866,59.9,1,2,99.6,4768.67,0,0,0.0
M002867,7.0,2,5,106.1,363.54,0,1,0.0
M002868,43.0,3,3,125.2,3699.12,0,1,0.0
M002869,37.1,0,3,43.4,631.65,0,0,0.0
M002870,65.6,2,3,13.0,1839.68,0,0,0.0
M002871,27.9,2,3,60.1,8970.1,0,1,0.0
M002872,21.4,2,1,19.4,3175.55,0,1,0.0
M002873,44.6,0,6,64.7,4441.52,1,0,-0.07625
M002874,56.5,2,3,92.0,1355.23,1,0,-0.074382
M002875,74.5,2,3,23.5,9410.08,0,0,0.0
M002876,13.7,3,3,39.1,4215.42,1,1,-0.107221
M002877,82.7,2,1,76.2,2710.3,0,0,0.0
M002878,66.6,3,5,20.0,1873.93,1,1,-0.092316
M002879,50.3,4,1,122.1,1325.87,0,1,0.0
M002880,44.6,1,1,105.9,2927.57,1,0,-0.103958
M002881,51.5,1,4,96.2,1558.21,0,1,0.0
M002882,45.7,1,2,72.0,2227.14,0,0,0.0
M002883,33.3,0,2,110.0,5926.11,0,0,0.0
M002884,53.1,4,3,54.4,3537.72,1,1,-0.111023
M002885,67.4,2,1,68.7,2706.85,0,1,0.0
M002886,49.8,3,1,35.9,10301.33,1,1,-0.116798
M002887,57.5,2,1,40.4,3780.72,0,0,0.0
M002888,53.8,3,1,91.9,3091.29,0,1,0.0
M002889,30.4,2,2,9.7,7946.17,0,1,0.0
M002890,47.7,1,3,98.3,999.55,0,0,0.0
M002891,82.7,2,3,63.7,705.63,0,0,0.0
M002892,58.4,0,3,58.0,1197.3,0,0,0.0
M002893,31.9,2,2,65.8,2223.2,0,1,0.0
M002894,32.6,2,3,34.7,4840.02,0,1,0.0
M002895,31.6,0,1,178.4,3611.91,1,0,-0.08627
M002896,27.8,0,3,174.1,11891.58,0,1,0.0
M002897,50.7,2,5,31.7,11777.95,1,0,-0.071512
M002898,43.1,4,1,109.1,2007.29,0,0,0.0
M002899,56.7,3,3,33.1,1153.73,0,1,0.0
M002900,32.1,2,1,85.2,1529.27,0,1,0.0
M002901,25.3,0,1,24.0,1165.04,0,0,0.0
M002902,55.4,2,1,70.5,2289.32,0,0,0.0
M002903,82.9,2,1,64.5,4096.02,0,0,0.0
M002904,46.7,1,4,95.5,5737.58,0,1,0.0
M002905,77.3,1,3,60.9,2702.02,1,0,-0.067917
M002906,57.6,4,2,57.2,9799.4,0,1,0.0
M002907,64.3,2,5,49.8,1101.55,1,0,-0.078492
M002908,26.2,4,3,24.6,3630.38,0,1,0.0
M002909,20.4,2,3,58.6,16523.6,0,0,0.0
M002910,12.7,0,4,74.2,1336.91,0,0,0.0
M002911,54.3,2,1,50.7,4152.18,0,0,0.0
M002912,50.2,1,2,17.9,3443.36,0,1,0.0
M002913,28.6,1,2,66.0,2139.86,0,0,0.0
M002914,27.1,1,3,28.3,2478.88,0,0,0.0
M002915,48.5,2,4,29.1,3893.21,0,1,0.0
M002916,48.6,0,6,20.4,1695.21,0,0,0.0
M002917,21.6,0,1,56.6,4580.21,0,0,0.0
M002918,8.6,0,2,35.2,8020.25,0,0,0.0
M002919,36.9,0,1,13.2,4005.73,0,0,0.0
M002920,73.6,4,4,19.3,674.74,1,1,-0.096088
M002921,77.5,2,2,119.8,562.4,0,0,0.0
M002922,44.5,1,3,95.9,16932.26,0,0,0.0
M002923,31.5,1,3,21.9,636.97,1,0,-0.095814
M002924,20.5,2,1,51.9,1573.01,0,1,0.0
M002925,36.2,5,3,37.7,1099.14,1,1,-0.107411
M002926,39.0,1,1,90.5,3038.3,0,1,0.0
M002927,28.8,3,2,16.2,5037.24,0,0,0.0
M002928,28.6,0,4,76.5,3064.32,0,0,0.0
M002929,65.1,3,3,61.0,1826.19,1,1,-0.078977
M002930,36.7,4,1,51.7,2979.09,1,1,-0.107465
M002931,72.6,3,2,9.0,1669.08,1,1,-0.100458
M002932,52.5,0,1,9.1,1487.58,0,1,0.0
M002933,91.4,3,5,88.8,2238.48,1,1,-0.113091
M002934,38.7,1,5,51.5,3035.16,0,0,0.0
M002935,29.6,1,3,155.7,360.08,1,0,-0.084121
M002936,46.5,0,3,61.4,8914.61,0,0,0.0
M002937,41.7,2,4,32.0,2621.14,0,0,0.0
M002938,31.8,3,3,40.8,1661.62,0,0,0.0
M002939,50.6,1,2,11.4,1255.29,1,0,-0.108892
M002940,41.3,0,2,45.9,1091.48,0,1,0.0
M002941,89.5,0,4,6.1,2994.49,0,0,0.0
M002942,100.0,0,5,52.0,942.3,0,0,0.0
M002943,74.0,2,1,103.1,8930.12,0,0,0.0
M002944,33.3,1,2,59.4,3533.45,0,0,0.0
M002945,12.0,2,3,30.7,3224.36,1,1,-0.117752
M002946,46.8,1,3,101.6,4850.57,0,0,0.0
M002947,39.3,0,4,156.1,1945.94,0,0,0.0
M002948,30.0,5,1,95.5,1859.09,1,1,-0.118413
M002949,52.3,2,1,60.7,1445.96,0,1,0.0
M002950,45.0,3,1,47.9,3493.99,1,1,-0.103503
M002951,24.5,0,2,50.4,533.57,0,0,0.0
M002952,32.1,1,2,118.7,5369.59,0,0,0.0
M002953,18.5,2,3,71.4,6996.54,1,1,-0.092737
M002954,58.6,2,4,19.8,1835.37,0,0,0.0
M002955,0.0,1,3,80.0,968.34,0,1,0.0
M002956,53.5,1,2,21.3,3840.32,0,0,0.0
M002957,85.1,0,1,20.2,892.94,1,0,-0.113959
M002958,37.3,1,5,42.7,2826.03,1,0,-0.110278
M002959,56.1,2,1,18.6,11567.22,0,0,0.0
M002960,56.2,0,4,27.7,14653.26,0,1,0.0
M002961,28.1,1,3,69.2,2064.86,0,0,0.0
M002962,45.4,3,6,55.6,1225.02,1,0,-0.123577
M002963,65.2,0,1,38.8,3499.24,1,1,-0.0863
M002964,64.5,3,5,31.1,2519.31,1,1,-0.111618
M002965,54.9,0,2,125.3,13584.53,0,0,0.0
M002966,46.2,1,2,58.0,674.57,1,0,-0.083483
M002967,69.4,1,1,27.3,6627.35,0,1,0.0
M002968,52.6,0,1,35.8,14719.78,0,1,0.0
M002969,41.5,1,3,52.6,4057.59,0,0,0.0
M002970,21.4,3,1,28.5,1224.6,1,1,-0.090514
M002971,15.1,2,3,40.5,2709.24,1,1,-0.090459
M002972,26.3,2,2,19.2,1194.05,0,0,0.0
M002973,16.3,4,3,51.5,863.24,1,1,-0.107109
M002974,66.5,3,3,91.3,5531.35,1,0,-0.095497
M002975,41.0,2,3,135.0,3821.78,0,0,0.0
M002976,32.1,1,2,9.9,700.17,0,1,0.0
M002977,81.1,4,3,68.9,482.69,1,0,-0.115409
M002978,12.1,0,1,8.5,2795.48,0,1,0.0
M002979,0.0,2,3,294.9,14288.26,1,1,-0.124024
M002980,26.4,2,2,11.9,1538.84,0,0,0.0
M002981,60.9,4,2,8.3,880.05,0,0,0.0
M002982,67.6,3,1,84.7,30405.34,1,1,-0.101407
M002983,52.7,0,3,106.5,835.04,0,0,0.0
M002984,17.4,0,2,131.8,237.62,0,1,0.0
M002985,71.0,3,3,40.4,1516.38,1,1,-0.110662
M002986,56.2,2,5,66.6,1139.53,0,0,0.0
M002987,32.0,3,6,78.5,3198.6,1,0,-0.123804
M002988,69.3,4,1,60.8,1271.15,0,1,0.0
M002989,62.4,1,5,83.0,3564.71,0,0,0.0
M002990,49.3,0,6,20.4,512.08,0,0,0.0
M002991,20.5,4,3,81.5,3472.99,1,1,-0.112092
M002992,64.9,0,2,158.5,1559.61,1,0,-0.077465
M002993,75.6,3,1,51.1,37815.62,1,1,-0.088788
M002994,39.9,4,3,47.9,13038.62,0,0,0.0
M002995,28.2,1,3,60.8,1801.67,0,0,0.0
M002996,68.1,2,1,51.9,436.8,0,0,0.0
M002997,49.7,1,3,35.9,4920.75,1,1,-0.110934
M002998,49.7,1,4,54.3,643.22,0,0,0.0
M002999,39.5,2,3,18.6,1340.23,0,0,0.0
M003000,84.4,2,4,14.0,3499.57,0,0,0.0
M003001,35.7,2,3,69.6,665.35,0,0,0.0
M003002,11.5,2,4,74.4,632.25,1,1,-0.084719
M003003,26.1,1,1,22.5,14142.74,1,1,-0.113173
M003004,27.3,1,4,23.1,3516.14,0,1,0.0
M003005,3.9,3,2,72.1,1182.79,0,0,0.0
M003006,84.0,1,1,116.0,33016.65,0,0,0.0
M003007,55.0,1,1,22.3,1052.74,1,0,-0.072226
M003008,56.3,1,1,47.1,2982.93,0,1,0.0
M003009,5.8,1,2,102.0,5682.54,0,1,0.0
M003010,49.6,0,4,90.0,8304.73,1,1,-0.042596
M003011,57.3,1,3,164.5,2708.86,0,0,0.0
M003012,54.3,4,4,60.5,14148.79,1,0,-0.104157
M003013,22.4,1,1,84.5,1771.85,0,1,0.0
M003014,46.2,1,3,77.9,4305.79,0,0,0.0
M003015,72.5,4,5,38.9,4818.18,1,0,-0.097113
M003016,55.7,0,3,54.8,952.16,0,0,0.0
M003017,96.2,0,2,38.1,1437.85,0,1,0.0
M003018,80.3,3,1,48.5,20832.09,1,1,-0.10739
M003019,92.0,4,4,59.1,20398.25,1,1,-0.104631
M003020,26.6,3,2,86.8,2067.05,0,1,0.0
M003021,76.8,2,2,83.1,7663.74,0,0,0.0
M003022,35.0,2,1,18.1,3363.69,0,1,0.0
M003023,44.4,1,3,27.1,4037.77,0,0,0.0
M003024,58.9,0,2,48.4,1261.71,0,1,0.0
M003025,45.2,1,1,131.6,3897.07,0,0,0.0
M003026,37.0,2,3,17.5,789.58,0,0,0.0
M003027,69.2,1,1,45.0,3889.46,0,1,0.0
M003028,47.1,2,4,45.3,17154.05,0,1,0.0
M003029,36.3,1,1,12.2,6102.15,0,0,0.0
M003030,10.7,2,1,43.2,3905.47,1,1,-0.095582
M003031,30.4,3,2,51.5,2772.68,1,1,-0.1111
M003032,21.1,1,3,75.6,9409.64,0,0,0.0
M003033,64.4,1,1,78.2,5055.69,0,1,0.0
M003034,59.2,3,1,99.9,813.01,0,1,0.0
M003035,36.5,0,5,15.1,1615.23,0,1,0.0
M003036,51.3,1,4,87.0,21789.77,0,0,0.0
M003037,79.1,3,1,41.9,1977.9,1,1,-0.088181
M003038,31.6,2,1,76.3,5215.45,0,0,0.0
M003039,69.6,2,2,54.8,9417.84,0,0,0.0
M003040,49.0,3,3,89.0,4854.49,0,1,0.0
M003041,25.7,0,2,23.6,8651.31,0,1,0.0
M003042,43.6,4,2,185.5,23055.95,0,0,0.0
M003043,64.2,3,2,67.1,4049.54,1,1,-0.101887
M003044,45.5,1,2,47.8,2886.59,0,1,0.0
M003045,52.5,0,3,29.8,242.8,0,0,0.0
M003046,14.8,2,1,69.5,368.05,1,1,-0.072995
M003047,77.6,0,5,150.2,2285.25,0,1,0.0
M003048,27.2,3,3,57.7,1603.34,0,1,0.0
M003049,37.3,2,3,46.3,21297.39,0,0,0.0
M003050,69.5,0,4,77.9,6436.53,0,0,0.0
M003051,54.7,1,4,19.8,24056.92,0,1,0.0
M003052,29.2,1,5,36.6,16877.89,0,0,0.0
M003053,48.9,3,3,127.1,19303.61,1,1,-0.116286
M003054,33.4,2,2,92.2,752.4,0,1,0.0
M003055,25.6,3,3,43.0,4467.96,1,1,-0.099835
M003056,54.6,2,5,46.9,1125.67,0,1,0.0
M003057,65.9,2,4,18.0,1514.91,0,0,0.0
M003058,53.6,1,2,4.4,5483.66,0,0,0.0
M003059,37.2,1,4,53.7,3819.0,0,1,0.0
M003060,31.3,2,1,121.8,4338.54,0,0,0.0
M003061,45.4,4,3,210.3,15913.91,1,1,-0.115091
M003062,17.7,0,1,53.4,1701.5,0,1,0.0
M003063,20.3,1,6,78.9,10284.57,0,0,0.0
M003064,8.8,0,1,5.7,8956.87,0,0,0.0
M003065,43.4,0,2,79.6,1134.43,1,0,-0.083939
M003066,35.4,1,2,11.9,1308.43,0,1,0.0
M003067,40.5,2,2,33.2,9862.17,0,0,0.0
M003068,57.0,2,4,106.6,3884.64,0,0,0.0
M003069,59.9,1,3,173.0,2700.74,0,0,0.0
M003070,58.4,4,2,24.3,25081.54,1,1,-0.098896
M003071,57.9,1,3,85.6,864.63,0,0,0.0
M003072,30.4,2,3,18.3,20692.16,0,1,0.0
M003073,40.1,2,1,33.8,1913.73,0,1,0.0
M003074,80.1,2,3,43.6,14225.63,0,0,0.0
M003075,40.4,2,4,51.6,489.53,0,0,0.0
M003076,13.8,0,3,107.5,3822.85,0,0,0.0
M003077,49.7,1,3,40.4,1496.01,0,1,0.0
M003078,50.4,4,4,71.0,5095.24,1,0,-0.084169
M003079,24.8,2,6,9.7,4512.64,1,1,-0.097198
M003080,62.5,2,3,26.8,4463.31,0,0,0.0
M003081,21.9,1,1,50.7,17030.42,0,0,0.0
M003082,79.6,2,2,12.4,4792.53,0,0,0.0
M003083,41.0,2,1,249.8,4968.25,0,0,0.0
M003084,29.1,1,1,64.3,7134.99,1,0,-0.061884
M003085,80.6,3,2,105.4,6086.07,1,1,-0.082792
M003086,56.3,0,1,25.9,5727.21,0,0,0.0
M003087,66.9,1,3,22.8,501.09,1,0,-0.109061
M003088,31.8,0,4,77.5,1303.47,1,0,-0.066364
M003089,69.7,1,6,103.3,1929.76,0,0,0.0
M003090,30.2,0,4,71.0,928.44,0,1,0.0
M003091,38.8,3,4,108.9,6439.84,1,1,-0.118689
M003092,37.6,1,1,54.9,572.19,0,0,0.0
M003093,76.0,0,1,1.6,9299.27,0,0,0.0
M003094,65.7,2,4,77.3,14292.69,0,0,0.0
M003095,28.5,2,5,44.1,1647.23,0,0,0.0
M003096,58.3,1,2,126.9,2436.42,1,0,-0.085971
M003097,42.2,1,3,38.3,5740.87,1,0,-0.111125
M003098,40.2,1,5,98.4,684.3,0,0,0.0
M003099,45.4,2,3,116.6,2119.57,0,1,0.0
M003100,38.2,1,3,55.4,11069.62,0,0,0.0
M003101,27.3,1,2,39.4,3070.96,1,1,-0.08931
M003102,56.3,4,3,24.2,11074.79,1,1,-0.088954
M003103,88.1,2,1,85.4,9538.68,0,1,0.0
M003104,24.1,1,1,50.8,1120.29,1,1,-0.111878
M003105,86.2,5,2,103.2,4513.97,0,1,0.0
M003106,31.2,2,2,108.0,523.12,0,0,0.0
M003107,54.1,1,1,20.5,6537.6,0,1,0.0
M003108,58.0,1,3,25.3,1417.13,0,0,0.0
M003109,39.0,2,3,62.4,1913.8,0,0,0.0
M003110,30.1,2,3,89.8,943.28,0,0,0.0
M003111,20.4,0,1,154.0,5640.82,0,0,0.0
M003112,65.3,3,5,105.4,1325.06,1,1,-0.107676
M003113,22.0,1,1,12.5,16324.3,0,1,0.0
M003114,11.7,1,4,18.3,2708.83,1,1,-0.098658
M003115,50.5,2,2,24.9,11399.49,0,0,0.0
M003116,70.1,5,3,89.8,5960.76,0,1,0.0
M003117,41.2,2,2,35.5,1097.2,1,1,-0.108899
M003118,62.5,1,5,43.7,3256.87,0,0,0.0
M003119,38.0,0,3,38.6,1576.07,0,0,0.0
M003120,30.9,3,4,30.3,3286.56,1,1,-0.081453
M003121,71.9,1,5,98.0,4408.67,0,0,0.0
M003122,52.3,1,3,14.9,5347.34,0,0,0.0
M003123,51.6,2,2,52.1,6601.74,1,0,-0.096878
M003124,0.0,1,3,16.3,8444.49,0,1,0.0
M003125,38.8,3,1,10.6,1923.19,1,1,-0.089871
M003126,55.9,1,2,73.4,752.54,0,0,0.0
M003127,41.7,1,2,134.7,6729.92,0,0,0.0
M003128,33.7,2,4,35.3,440.68,1,0,-0.091281
M003129,55.2,2,1,63.1,305.95,0,0,0.0
M003130,54.3,0,4,35.1,5948.57,0,1,0.0
M003131,37.0,3,2,150.3,6164.16,0,1,0.0
M003132,67.4,1,2,162.9,568.74,1,1,-0.095053
M003133,36.4,1,2,152.4,7285.73,0,0,0.0
M003134,13.0,2,1,30.2,3058.6,0,1,0.0
M003135,52.6,5,2,88.9,37064.23,1,1,-0.105061
M003136,37.7,3,2,50.5,8791.85,0,1,0.0
M003137,41.3,0,1,92.9,6043.35,0,0,0.0
M003138,51.4,0,5,61.4,7305.68,0,0,0.0
M003139,37.8,2,4,48.0,1016.16,0,0,0.0
M003140,71.5,0,3,58.1,5672.43,0,1,0.0
M003141,63.0,3,1,35.9,1026.71,1,1,-0.069603
M003142,40.1,3,1,52.3,3610.78,0,1,0.0
M003143,49.4,3,2,7.5,9157.71,1,1,-0.081285
M003144,53.8,2,2,85.6,1494.65,0,1,0.0
M003145,58.4,0,3,70.8,781.42,0,0,0.0
M003146,74.0,1,4,27.0,480.14,0,0,0.0
M003147,65.5,3,1,34.8,19826.93,1,0,-0.063141
M003148,33.8,0,2,64.5,10363.18,0,0,0.0
M003149,15.4,1,2,8.7,3501.48,1,1,-0.116054
M003150,69.3,0,1,15.9,3252.96,0,0,0.0
M003151,42.1,2,3,27.1,2853.42,1,0,-0.094
M003152,38.8,0,5,32.7,2120.67,0,0,0.0
M003153,35.4,1,1,29.7,8851.82,0,1,0.0
M003154,30.4,1,4,19.8,7286.65,0,0,0.0
M003155,27.8,1,4,67.5,2897.46,0,0,0.0
M003156,0.0,0,1,232.3,1977.49,1,0,-0.045028
M003157,37.9,2,5,90.5,1140.52,0,0,0.0
M003158,3.7,2,6,44.2,1035.7,1,1,-0.095373
M003159,49.9,1,3,55.8,1913.52,0,0,0.0
M003160,40.0,3,3,94.7,32149.28,1,0,-0.121808
M003161,78.7,0,4,44.6,1097.8,1,0,-0.096141
M003162,71.5,3,1,144.3,448.34,1,1,-0.103469
M003163,28.6,1,4,107.1,3526.81,1,0,-0.082777
M003164,41.3,1,3,69.4,109.94,0,0,0.0
M003165,52.3,2,1,127.8,2270.28,0,0,0.0
M003166,28.8,1,2,29.3,3165.31,0,1,0.0
M003167,47.4,0,1,121.5,7990.98,0,0,0.0
M003168,46.4,1,3,115.2,6909.97,1,0,-0.090067
M003169,50.6,3,3,43.1,907.17,0,0,0.0
M003170,70.7,2,1,35.4,599.61,0,0,0.0
M003171,16.2,1,3,112.6,5704.35,0,0,0.0
M003172,41.2,0,6,29.2,2535.97,0,0,0.0
M003173,39.0,3,2,56.5,938.24,1,1,-0.115449
M003174,17.6,2,3,19.8,8497.68,0,1,0.0
M003175,51.1,3,1,32.5,12487.18,1,1,-0.118892
M003176,41.2,4,2,120.5,2557.33,0,1,0.0
M003177,30.4,1,3,62.6,6816.26,1,0,-0.088762
M003178,51.8,5,4,36.7,1302.08,1,1,-0.081296
M003179,78.2,0,5,72.4,3941.42,0,1,0.0
M003180,28.1,0,3,37.8,9431.32,0,0,0.0
M003181,55.5,1,2,73.8,4733.81,0,0,0.0
M003182,24.8,0,4,58.1,4920.83,0,1,0.0
M003183,14.6,0,1,8.7,3410.03,1,0,-0.118601
M003184,24.5,1,3,22.1,2057.35,1,1,-0.124269
M003185,52.6,2,1,82.1,11032.08,1,0,-0.106526
M003186,64.1,4,1,46.3,3020.16,0,1,0.0
M003187,24.0,0,4,34.3,5931.28,0,1,0.0
M003188,42.6,3,5,52.3,386.16,1,1,-0.12043
M003189,48.2,0,1,42.0,23107.88,0,1,0.0
M003190,29.6,1,6,13.9,1192.45,1,1,-0.1012
M003191,41.4,2,4,86.1,3031.25,1,0,-0.044918
M003192,35.6,0,1,131.1,1332.63,0,0,0.0
M003193,65.2,1,1,31.2,1751.74,0,0,0.0
M003194,67.2,1,2,107.7,21772.62,0,0,0.0
M003195,46.5,3,1,189.8,1158.08,0,1,0.0
M003196,35.4,1,1,25.6,1445.28,0,0,0.0
M003197,8.8,3,1,51.7,442.85,0,1,0.0
M003198,62.8,2,2,24.5,1220.34,0,0,0.0
M003199,15.8,3,1,46.4,1075.32,1,1,-0.112535
M003200,1.9,1,3,70.3,7215.46,1,0,-0.122401
M003201,70.5,1,1,22.9,908.98,0,0,0.0
M003202,31.8,3,2,49.7,2210.89,0,1,0.0
M003203,23.9,2,5,96.6,3636.08,0,0,0.0
M003204,25.1,0,4,81.9,14338.43,0,0,0.0
M003205,88.6,1,2,44.9,7568.47,1,0,-0.112377
M003206,53.1,3,2,47.5,2898.18,1,1,-0.084809
M003207,62.6,2,4,41.2,11438.14,0,0,0.0
M003208,42.4,0,1,29.1,4117.66,0,0,0.0
M003209,43.9,2,2,57.6,5164.01,0,0,0.0
M003210,44.2,1,3,26.2,3342.11,1,0,-0.107495
M003211,46.0,0,1,73.9,7138.98,1,0,-0.098386
M003212,42.7,2,1,43.9,3796.7,0,0,0.0
M003213,40.3,2,1,97.2,6922.22,1,1,-0.07709
M003214,56.8,2,1,53.6,7005.41,1,0,-0.077864
M003215,34.5,0,3,59.5,945.31,0,0,0.0
M003216,35.9,1,1,181.2,11104.53,0,0,0.0
M003217,38.8,4,1,112.0,1900.46,1,0,-0.118825
M003218,27.5,1,2,85.2,1027.45,0,1,0.0
M003219,26.5,3,3,35.6,1263.0,1,1,-0.120302
M003220,31.5,2,2,120.0,21006.91,1,1,-0.113922
M003221,35.1,0,3,70.8,4364.43,0,0,0.0
M003222,42.0,0,1,52.1,13542.93,0,1,0.0
M003223,37.9,2,1,21.1,10507.09,0,0,0.0
M003224,42.3,0,2,54.5,8061.73,0,1,0.0
M003225,62.7,1,1,30.6,1801.54,0,1,0.0
M003226,49.6,1,3,67.1,13136.63,0,1,0.0
M003227,31.7,0,2,38.5,15952.02,0,0,0.0
M003228,74.1,0,3,85.4,1689.86,0,0,0.0
M003229,99.2,2,5,136.8,641.57,0,0,0.0
M003230,94.3,0,1,97.8,2080.65,0,1,0.0
M003231,92.7,0,3,93.1,1325.16,0,0,0.0
M003232,11.7,2,5,50.7,15793.8,0,1,0.0
M003233,30.1,1,2,24.7,10162.3,1,0,-0.107621
M003234,48.5,0,3,19.2,13616.53,0,0,0.0
M003235,64.9,2,4,104.8,3555.71,1,1,-0.112359
M003236,82.9,3,3,97.2,2427.0,1,1,-0.097191
M003237,47.4,1,1,5.3,234.3,0,1,0.0
M003238,0.0,1,3,51.6,3702.24,0,1,0.0
M003239,49.0,2,1,58.7,3472.49,0,1,0.0
M003240,16.9,1,2,53.5,460.09,0,1,0.0
M003241,46.1,3,1,119.6,552.19,1,1,-0.121992
M003242,49.9,1,1,58.9,2973.37,0,1,0.0
M003243,2.6,0,1,35.9,3902.54,0,0,0.0
M003244,54.1,1,2,95.4,6660.98,0,0,0.0
M003245,8.2,0,4,84.7,560.74,0,0,0.0
M003246,23.2,2,6,88.3,408.94,0,0,0.0
M003247,27.0,0,5,22.2,5025.51,0,0,0.0
M003248,53.8,1,2,25.2,2857.1,0,1,0.0
M003249,38.2,0,4,28.6,3968.61,0,0,0.0
M003250,33.2,2,2,65.1,3502.88,0,0,0.0
M003251,45.8,2,2,31.4,2929.71,0,0,0.0
M003252,19.7,1,2,34.9,3895.3,0,0,0.0
M003253,11.1,0,6,36.8,717.39,0,1,0.0
M003254,28.8,2,4,105.8,1612.58,0,0,0.0
M003255,57.3,0,1,38.4,419.55,0,0,0.0
M003256,9.7,1,3,34.8,4101.1,1,1,-0.106612
M003257,28.5,0,1,35.3,18380.16,0,1,0.0
M003258,91.1,2,5,139.7,1748.87,0,1,0.0
M003259,37.0,1,4,19.9,1737.11,1,0,-0.078456
M003260,72.8,1,1,48.2,1328.66,0,1,0.0
M003261,61.5,4,1,103.0,838.42,1,0,-0.099447
M003262,22.1,2,1,68.1,25350.36,1,1,-0.099952
M003263,47.3,1,1,16.6,11625.07,0,0,0.0
M003264,9.3,5,3,52.6,12453.7,0,1,0.0
M003265,49.4,4,4,87.0,3871.92,0,0,0.0
M003266,35.5,2,4,44.7,292.85,0,0,0.0
M003267,84.7,0,2,142.1,5765.81,0,0,0.0
M003268,60.9,1,2,31.1,3399.83,1,0,-0.089082
M003269,66.4,0,3,23.7,1149.33,0,1,0.0
M003270,33.7,1,4,62.0,5180.82,0,0,0.0
M003271,36.1,1,6,7.7,23579.02,0,0,0.0
M003272,83.2,4,5,64.8,2906.11,0,0,0.0
M003273,38.8,1,5,16.7,1955.27,0,1,0.0
M003274,24.2,0,1,37.9,516.75,0,0,0.0
M003275,47.6,0,2,37.4,2232.22,0,0,0.0
M003276,7.9,0,2,300.0,3915.93,0,0,0.0
M003277,45.8,1,5,37.0,18234.75,0,0,0.0
M003278,70.3,2,3,48.0,877.24,1,0,-0.073125
M003279,44.8,1,3,27.5,2471.38,0,0,0.0
M003280,83.7,2,1,14.7,840.9,1,0,-0.089942
M003281,21.8,4,2,82.4,4892.69,1,0,-0.118848
M003282,45.9,4,5,81.1,855.88,1,1,-0.108735
M003283,75.6,1,4,42.2,9185.44,0,1,0.0
M003284,63.9,1,2,121.8,3431.45,0,0,0.0
M003285,62.8,1,3,7.5,1016.46,0,1,0.0
M003286,11.3,2,2,39.1,10959.03,0,1,0.0
M003287,44.9,3,2,38.4,401.83,1,1,-0.073256
M003288,55.1,1,4,124.8,3203.86,0,0,0.0
M003289,27.0,2,5,94.3,1840.14,0,0,0.0
M003290,52.4,2,3,19.3,9150.47,0,0,0.0
M003291,61.6,3,3,33.7,778.08,0,1,0.0
M003292,93.6,3,1,78.8,1402.15,0,1,0.0
M003293,36.7,4,2,31.8,429.64,1,0,-0.114378
M003294,57.6,2,3,118.4,4977.2,0,1,0.0
M003295,56.8,0,3,42.9,10469.5,0,1,0.0
M003296,33.8,1,5,104.6,2172.12,0,0,0.0
M003297,54.5,3,3,133.3,2482.81,1,0,-0.124335
M003298,0.0,2,4,66.4,31007.72,1,0,-0.078285
M003299,62.1,3,1,115.7,2051.13,0,0,0.0
M003300,46.7,2,3,49.7,8092.34,0,0,0.0
M003301,70.0,3,2,101.2,10432.95,1,1,-0.102795
M003302,23.8,1,6,64.1,12680.69,0,1,0.0
M003303,62.9,3,3,21.5,513.82,1,1,-0.069619
M003304,44.6,2,1,42.1,7553.67,0,0,0.0
M003305,42.1,4,2,66.3,1946.77,1,0,-0.102743
M003306,12.0,1,4,20.0,9376.52,0,1,0.0
M003307,52.7,2,3,85.5,851.02,0,0,0.0
M003308,81.2,0,2,61.3,1406.94,0,0,0.0
M003309,27.1,1,2,29.4,2937.43,0,0,0.0
M003310,52.2,2,5,33.7,1826.25,1,0,-0.090707
M003311,85.1,5,2,78.2,1117.95,1,1,-0.104835
M003312,33.4,5,3,29.6,2173.33,0,1,0.0
M003313,39.8,2,3,171.6,5130.2,0,0,0.0
M003314,24.4,0,2,2.9,6427.78,0,1,0.0
M003315,63.7,0,4,152.1,3934.33,0,0,0.0
M003316,20.8,2,4,64.9,3245.0,0,0,0.0
M003317,43.1,1,3,34.3,3054.48,1,0,-0.086016
M003318,34.0,0,2,115.9,2104.87,0,0,0.0
M003319,75.0,1,2,70.9,4127.66,0,0,0.0
M003320,35.6,0,1,19.0,9221.37,0,0,0.0
M003321,5.4,1,6,42.2,2261.64,1,0,-0.122432
M003322,43.5,1,2,94.1,5549.23,0,0,0.0
M003323,46.6,0,5,45.4,1303.21,1,0,-0.11505
M003324,26.0,0,3,19.4,2130.75,0,0,0.0
M003325,48.3,1,3,64.7,11590.24,0,0,0.0
M003326,0.8,1,1,53.2,2248.82,0,1,0.0
M003327,41.7,1,2,55.2,3568.38,0,0,0.0
M003328,52.6,4,2,46.1,1044.37,0,1,0.0
M003329,38.3,1,4,6.4,1116.06,0,0,0.0
M003330,22.9,0,4,102.8,9773.4,0,0,0.0
M003331,52.3,0,2,60.8,3055.64,0,0,0.0
M003332,56.0,1,1,38.8,7030.83,0,1,0.0
M003333,92.6,2,2,59.5,3698.3,0,0,0.0
M003334,39.4,2,2,51.2,237.88,1,1,-0.109072
M003335,23.1,3,1,28.4,1795.78,1,1,-0.059623
M003336,37.9,1,2,94.9,2083.89,0,0,0.0
M003337,54.7,0,4,14.2,1367.04,0,0,0.0
M003338,27.6,1,4,23.9,2694.58,0,1,0.0
M003339,81.2,1,1,60.6,19667.61,1,0,-0.071308
M003340,46.8,1,3,130.6,735.24,0,0,0.0
M003341,45.5,3,3,62.2,1369.19,1,0,-0.098973
M003342,24.2,4,1,102.5,23456.44,1,1,-0.123489
M003343,78.9,2,2,79.7,5381.97,0,0,0.0
M003344,52.5,1,1,35.8,1723.32,0,0,0.0
M003345,94.9,2,3,195.7,1082.61,0,0,0.0
M003346,18.6,2,3,69.0,23416.58,1,0,-0.109257
M003347,63.2,2,2,153.2,7625.02,0,0,0.0
M003348,52.8,0,3,67.2,4047.4,0,0,0.0
M003349,81.5,5,3,45.1,5103.73,1,0,-0.121159
M003350,40.1,1,2,26.3,11880.27,1,0,-0.107412
M003351,61.9,2,3,105.6,4560.26,0,0,0.0
M003352,53.4,0,2,60.0,2031.82,0,0,0.0
M003353,42.7,2,1,73.7,1238.2,0,0,0.0
M003354,58.7,4,3,62.5,7973.02,1,0,-0.098749
M003355,41.1,4,2,27.8,1654.23,1,1,-0.075303
M003356,27.9,1,2,136.1,3141.18,0,0,0.0
M003357,55.5,2,2,53.2,3256.92,0,0,0.0
M003358,9.7,0,3,69.3,2942.03,1,0,-0.111117
M003359,28.5,1,3,33.8,3207.55,1,0,-0.11214
M003360,48.6,1,2,58.3,10640.2,0,0,0.0
M003361,68.4,2,1,24.4,7116.93,0,0,0.0
M003362,72.9,1,3,76.1,3125.21,0,0,0.0
M003363,42.3,2,2,66.1,1622.16,1,0,-0.082996
M003364,77.8,1,4,51.2,1016.35,0,0,0.0
M003365,33.2,2,3,66.5,1789.06,0,0,0.0
M003366,52.3,1,4,104.3,546.8,0,1,0.0
M003367,50.2,0,4,177.9,1452.33,0,0,0.0
M003368,31.4,0,6,57.4,1131.85,0,0,0.0
M003369,31.2,1,3,30.7,17236.01,1,0,-0.084623
M003370,38.9,2,1,32.2,14943.48,0,0,0.0
M003371,17.0,3,3,48.7,1659.78,1,0,-0.117956
M003372,29.0,0,1,129.9,892.18,0,0,0.0
M003373,20.3,4,5,84.7,1502.61,0,1,0.0
M003374,47.1,0,3,63.5,16462.55,0,0,0.0
M003375,29.5,1,3,58.4,320.25,0,1,0.0
M003376,31.8,0,1,87.1,2558.82,1,0,-0.06498
M003377,28.8,3,1,24.5,2252.11,1,0,-0.100587
M003378,49.7,2,2,80.4,20077.52,0,0,0.0
M003379,31.0,2,4,28.1,3542.34,0,0,0.0
M003380,46.1,2,5,53.5,2557.69,1,0,-0.080398
M003381,70.1,2,2,55.6,1706.23,0,0,0.0
M003382,57.4,1,3,47.7,1167.19,0,0,0.0
M003383,27.1,2,2,174.0,6716.92,0,0,0.0
M003384,44.1,1,3,38.2,4876.97,0,1,0.0
M003385,41.9,1,2,19.1,8943.43,0,0,0.0
M003386,43.2,2,4,89.2,3330.83,0,0,0.0
M003387,25.2,2,1,32.0,22049.39,0,0,0.0
M003388,57.7,1,3,79.0,1458.5,0,0,0.0
M003389,69.5,0,1,85.4,2783.54,0,0,0.0
M003390,32.2,1,1,43.6,4519.22,1,0,-0.086347
M003391,45.2,1,1,34.3,688.02,0,0,0.0
M003392,13.0,2,3,51.2,11217.42,0,1,0.0
M003393,52.5,1,3,39.9,2588.87,0,0,0.0
M003394,8.6,4,1,119.6,13678.0,1,0,-0.121029
M003395,20.9,1,5,55.6,5787.02,1,1,-0.122361
M003396,38.1,3,2,33.1,1882.56,1,0,-0.114435
M003397,80.7,5,5,57.2,1336.92,0,1,0.0
M003398,20.1,2,3,30.2,4179.35,1,0,-0.101914
M003399,7.7,1,1,22.4,5092.5,1,0,-0.106232
M003400,42.2,0,4,28.0,3650.76,0,0,0.0
M003401,46.3,1,3,56.3,5711.86,0,0,0.0
M003402,40.0,3,5,60.3,2841.8,0,1,0.0
M003403,19.8,1,3,17.7,37522.1,0,0,0.0
M003404,11.7,0,3,86.9,1550.34,0,0,0.0
M003405,48.5,0,1,27.8,7240.79,0,0,0.0
M003406,21.8,2,2,34.0,3783.75,1,0,-0.09352
M003407,56.8,0,3,20.6,8401.56,0,1,0.0
M003408,27.0,4,3,6.6,1254.25,1,0,-0.106582
M003409,51.7,3,5,129.3,2350.14,0,0,0.0
M003410,26.4,0,3,36.5,1907.25,0,0,0.0
M003411,39.7,2,2,10.8,4024.55,0,0,0.0
M003412,57.0,3,1,52.5,3728.49,1,1,-0.095371
M003413,54.7,2,3,44.0,1477.97,0,0,0.0
M003414,34.0,1,2,44.0,1011.27,0,0,0.0
M003415,18.7,1,2,57.7,4111.79,0,1,0.0
M003416,47.1,1,5,65.3,8403.28,1,0,-0.076446
M003417,16.4,2,3,30.2,1943.28,1,0,-0.113615
M003418,50.1,2,5,15.3,1623.24,0,0,0.0
M003419,38.5,1,1,64.0,7608.59,0,1,0.0
M003420,32.3,5,1,29.0,1237.35,0,0,0.0
M003421,65.9,1,5,46.2,1126.75,1,0,-0.067402
M003422,49.2,0,3,100.5,3399.26,0,1,0.0
M003423,8.8,5,5,83.4,3333.39,1,1,-0.12032
M003424,34.5,0,3,74.4,3329.42,0,1,0.0
M003425,21.9,0,5,135.2,5637.46,0,0,0.0
M003426,73.6,1,4,95.2,2378.53,0,0,0.0
M003427,48.9,2,4,33.0,957.14,0,1,0.0
M003428,8.1,0,4,31.8,11338.4,0,0,0.0
M003429,62.8,1,3,101.7,2283.42,0,0,0.0
M003430,80.2,1,2,18.5,2301.93,0,1,0.0
M003431,58.4,2,2,23.7,3240.9,0,0,0.0
M003432,54.0,1,5,54.5,741.23,0,0,0.0
M003433,24.6,0,1,73.2,3104.84,0,1,0.0
M003434,12.9,3,2,36.1,3483.07,1,1,-0.10965
M003435,35.0,2,3,42.3,2731.89,0,1,0.0
M003436,42.2,1,2,106.7,9889.11,1,0,-0.069824
M003437,69.1,1,1,27.9,867.45,0,0,0.0
M003438,7.5,1,5,101.0,3296.68,0,1,0.0
M003439,41.1,4,2,14.2,15197.71,1,0,-0.091
M003440,64.3,4,1,24.1,2215.41,0,1,0.0
M003441,37.0,2,1,52.8,4960.19,0,0,0.0
M003442,54.6,1,1,72.7,2593.14,0,1,0.0
M003443,72.8,3,6,61.0,4841.87,0,0,0.0
M003444,15.5,0,3,116.1,17384.5,0,0,0.0
M003445,79.0,0,2,71.5,8239.91,1,0,-0.069626
M003446,47.9,1,1,21.8,2182.85,0,1,0.0
M003447,53.8,2,4,98.9,759.33,0,0,0.0
M003448,11.4,3,1,82.8,3184.34,1,1,-0.117421
M003449,81.9,3,2,89.7,1522.39,1,1,-0.121103
M003450,27.7,3,3,23.1,1942.36,0,1,0.0
M003451,19.8,1,1,61.8,696.83,1,1,-0.096992
M003452,48.6,0,2,64.2,11904.59,0,0,0.0
M003453,27.4,0,3,37.1,10869.54,1,1,-0.111649
M003454,54.7,1,1,108.9,1462.55,0,0,0.0
M003455,30.9,1,2,14.1,1429.49,0,0,0.0
M003456,33.9,1,3,74.3,8679.21,0,1,0.0
M003457,41.4,1,4,51.8,3780.35,0,0,0.0
M003458,53.3,1,3,44.3,1499.95,0,0,0.0
M003459,16.9,2,2,43.9,12252.82,0,1,0.0
M003460,53.2,1,2,24.4,3091.1,0,1,0.0
M003461,25.2,2,3,121.2,8301.72,0,0,0.0
M003462,57.4,3,2,126.6,3582.89,1,1,-0.110891
M003463,35.1,5,3,77.6,4210.32,0,1,0.0
M003464,89.9,2,1,61.4,22444.87,1,1,-0.107891
M003465,27.8,2,2,100.6,9942.1,0,0,0.0
M003466,58.4,3,2,28.2,1290.8,1,0,-0.116616
M003467,13.7,1,2,86.1,2436.32,1,0,-0.119551
M003468,71.0,3,1,74.9,920.92,0,1,0.0
M003469,20.6,2,1,113.8,7245.61,0,1,0.0
M003470,84.7,0,2,85.7,1794.79,0,0,0.0
M003471,61.5,2,4,23.8,2740.79,0,0,0.0
M003472,23.0,2,3,47.7,5607.84,1,1,-0.075477
M003473,44.9,2,2,40.3,291.71,0,1,0.0
M003474,72.2,1,3,31.1,4968.66,0,0,0.0
M003475,44.3,2,4,32.7,1487.91,0,1,0.0
M003476,39.5,1,1,44.5,1130.19,1,1,-0.095544
M003477,76.0,2,1,65.3,3236.24,1,1,-0.077291
M003478,31.1,1,1,27.7,4499.24,0,1,0.0
M003479,54.6,1,2,13.1,1541.81,0,1,0.0
M003480,36.5,0,2,3.9,1969.43,0,1,0.0
M003481,35.5,1,5,106.5,6120.96,0,0,0.0
M003482,71.6,5,5,124.4,1326.7,1,0,-0.113165
M003483,27.2,0,4,16.8,2613.05,0,1,0.0
M003484,55.0,2,2,60.5,2199.97,0,0,0.0
M003485,28.7,3,4,33.5,10271.05,0,1,0.0
M003486,19.1,2,4,80.9,15979.97,0,1,0.0
M003487,48.4,2,2,8.1,445.59,1,0,-0.078829
M003488,44.1,3,2,77.4,1956.33,1,1,-0.076142
M003489,24.4,3,4,75.7,6451.12,1,0,-0.11423
M003490,57.6,1,1,91.1,1730.67,0,0,0.0
M003491,69.4,1,4,44.8,3030.65,0,0,0.0
M003492,33.6,0,1,42.4,12096.29,0,0,0.0
M003493,53.6,3,2,121.3,10294.21,1,1,-0.089835
M003494,42.7,3,2,52.0,567.7,0,1,0.0
M003495,42.5,2,1,127.4,188.4,0,1,0.0
M003496,13.2,2,1,93.9,2289.79,1,1,-0.11509
M003497,35.2,1,2,49.3,454.73,0,0,0.0
M003498,29.8,4,3,84.4,1713.2,1,0,-0.111024
M003499,59.7,2,3,15.4,2744.43,0,0,0.0
M003500,67.0,2,1,25.2,7928.81,0,1,0.0
M003501,54.6,1,1,26.8,5722.73,0,1,0.0
M003502,52.1,0,3,41.5,14200.55,0,1,0.0
M003503,38.8,1,1,61.3,1815.58,0,0,0.0
M003504,42.4,3,1,63.0,12454.04,0,0,0.0
M003505,70.2,2,5,74.8,642.77,0,0,0.0
M003506,30.5,2,3,79.4,1910.87,0,0,0.0
M003507,25.1,3,1,47.9,612.82,0,1,0.0
M003508,41.0,0,3,46.9,3568.78,0,0,0.0
M003509,51.0,2,1,11.4,1339.61,0,0,0.0
M003510,61.3,3,4,30.0,19916.94,0,1,0.0
M003511,27.6,1,2,44.2,1598.15,1,0,-0.091821
M003512,54.5,1,1,125.0,4571.53,0,0,0.0
M003513,90.2,1,2,49.6,15950.49,0,1,0.0
M003514,53.3,5,4,114.7,4267.64,1,0,-0.11323
M003515,14.6,0,4,72.2,14362.97,0,1,0.0
M003516,45.0,2,1,75.4,4945.73,1,0,-0.093486
M003517,44.1,1,1,41.7,1554.87,0,0,0.0
M003518,21.3,3,1,89.4,4935.31,1,1,-0.0906
M003519,28.0,0,2,81.9,5036.3,0,1,0.0
M003520,54.2,0,6,1.8,1752.13,0,0,0.0
M003521,36.6,3,5,42.8,8545.49,1,1,-0.115425
M003522,17.4,0,2,89.0,3303.18,0,1,0.0
M003523,38.8,1,2,125.3,13033.97,1,0,-0.061017
M003524,62.0,2,1,78.6,1141.96,0,1,0.0
M003525,41.3,3,2,58.2,1069.17,1,0,-0.100391
M003526,43.8,2,4,34.7,509.14,1,0,-0.107114
M003527,63.1,2,4,12.9,5818.05,1,1,-0.092225
M003528,68.3,0,1,123.2,1972.71,0,0,0.0
M003529,37.4,3,2,74.9,3225.68,1,0,-0.124058
M003530,47.5,2,3,71.5,4088.66,0,0,0.0
M003531,55.4,2,1,21.0,1649.62,0,0,0.0
M003532,31.4,0,4,63.1,12134.05,0,0,0.0
M003533,27.0,1,2,38.1,2555.43,0,0,0.0
M003534,60.7,2,6,21.5,5800.06,0,0,0.0
M003535,0.0,2,4,32.1,4826.19,1,1,-0.101139
M003536,31.2,1,2,78.8,2653.29,0,0,0.0
M003537,30.1,4,3,13.1,9989.53,1,1,-0.122127
M003538,33.6,1,5,30.9,1601.39,0,0,0.0
M003539,36.9,4,3,75.6,3162.78,1,1,-0.084409
M003540,44.0,4,2,26.8,4322.83,1,1,-0.104056
M003541,47.2,5,1,52.1,46056.69,0,1,0.0
M003542,59.3,4,1,14.1,1349.07,1,1,-0.100714
M003543,61.4,1,3,52.2,3857.66,1,1,-0.110608
M003544,25.2,1,3,41.3,1294.21,0,0,0.0
M003545,100.0,0,1,109.0,2143.72,0,0,0.0
M003546,30.1,2,4,69.0,1130.54,0,0,0.0
M003547,55.9,0,2,107.6,2193.85,0,0,0.0
M003548,57.5,1,2,54.3,1342.27,0,0,0.0
M003549,64.7,1,1,84.2,6951.68,0,0,0.0
M003550,65.3,2,5,62.5,3568.07,0,0,0.0
M003551,45.9,0,1,42.1,15511.0,0,1,0.0
M003552,0.0,1,6,46.2,4733.3,1,1,-0.109876
M003553,12.5,1,1,77.4,1248.72,1,1,-0.102097
M003554,67.4,0,1,27.3,5216.3,0,1,0.0
M003555,34.3,2,1,77.6,10850.03,0,1,0.0
M003556,24.8,4,3,113.6,2167.06,1,0,-0.114599
M003557,54.5,2,1,74.2,1816.0,1,0,-0.073284
M003558,61.8,1,2,3.0,26038.43,0,0,0.0
M003559,44.2,0,2,42.9,1809.01,0,0,0.0
M003560,52.2,2,2,31.0,3715.84,0,1,0.0
M003561,10.5,0,2,88.7,555.66,0,0,0.0
M003562,53.9,0,2,77.2,3700.64,0,0,0.0
M003563,57.7,0,1,29.2,1931.79,0,0,0.0
M003564,33.1,2,4,15.6,1249.02,0,0,0.0
M003565,62.9,2,2,120.5,3738.11,0,0,0.0
M003566,16.4,1,2,10.3,1196.39,1,0,-0.103298
M003567,26.9,0,2,68.3,10243.99,0,0,0.0
M003568,46.5,0,2,85.4,5876.07,0,1,0.0
M003569,30.7,2,3,23.7,2404.77,0,0,0.0
M003570,26.1,1,1,78.6,319.34,0,0,0.0
M003571,50.3,3,3,10.2,1002.64,0,0,0.0
M003572,20.6,1,3,4.6,2254.75,0,1,0.0
M003573,66.4,1,1,67.7,3276.61,1,0,-0.091398
M003574,48.6,1,1,40.2,7338.18,0,1,0.0
M003575,17.0,1,5,21.3,423.88,0,1,0.0
M003576,40.5,1,1,7.2,3533.79,0,0,0.0
M003577,52.0,0,1,116.1,1098.71,0,0,0.0
M003578,30.7,1,4,14.6,1298.07,0,0,0.0
M003579,55.3,1,1,95.4,5337.35,0,1,0.0
M003580,31.5,2,3,63.5,3314.37,1,0,-0.085252
M003581,71.9,0,2,94.0,20094.74,0,1,0.0
M003582,20.2,1,4,146.9,3356.54,1,1,-0.122498
M003583,63.5,1,1,14.8,8818.29,0,1,0.0
M003584,47.7,4,2,61.2,3716.96,1,1,-0.107594
M003585,16.7,1,2,41.1,1011.32,0,1,0.0
M003586,63.1,1,3,11.7,4655.38,0,0,0.0
M003587,17.6,1,3,50.7,589.71,1,0,-0.121285
M003588,62.8,1,2,4.4,799.3,0,0,0.0
M003589,39.7,3,4,40.6,4270.44,0,1,0.0
M003590,71.4,4,6,46.8,11778.41,0,1,0.0
M003591,49.7,3,4,131.4,993.3,0,0,0.0
M003592,36.3,3,1,102.3,481.55,0,0,0.0
M003593,49.1,2,1,93.9,1284.81,0,1,0.0
M003594,46.4,5,2,67.2,2178.79,0,0,0.0
M003595,52.2,1,1,49.8,405.8,0,0,0.0
M003596,50.5,0,2,81.7,1701.01,0,0,0.0
M003597,82.1,1,1,42.2,1206.51,1,0,-0.086794
M003598,36.5,2,1,31.8,1931.77,0,0,0.0
M003599,29.2,0,1,124.2,11165.61,0,0,0.0
M003600,47.2,4,2,46.6,11942.59,1,1,-0.076935
M003601,40.2,2,4,75.3,24931.83,0,0,0.0
M003602,49.1,1,1,87.4,4064.19,0,0,0.0
M003603,25.7,2,2,29.0,2726.32,0,0,0.0
M003604,64.0,2,2,100.8,1836.42,0,0,0.0
M003605,77.6,1,3,98.0,8384.78,0,0,0.0
M003606,14.6,1,2,161.4,8333.04,0,1,0.0
M003607,31.8,4,2,61.3,1595.4,1,1,-0.082879
M003608,76.0,2,3,10.0,9446.23,0,0,0.0
M003609,58.1,3,2,75.9,8665.7,0,0,0.0
M003610,51.5,1,1,22.1,2132.1,0,0,0.0
M003611,54.2,2,5,93.3,130.52,0,0,0.0
M003612,15.1,4,3,124.3,3973.19,0,1,0.0
M003613,49.7,3,4,96.3,375.09,1,1,-0.110322
M003614,41.4,3,1,65.0,7384.37,1,1,-0.056659
M003615,57.3,1,4,29.1,1407.09,1,1,-0.086605
M003616,22.7,1,1,120.9,851.67,1,1,-0.114401
M003617,5.1,2,1,58.4,4825.21,1,1,-0.10642
M003618,52.8,1,1,33.7,3246.28,0,0,0.0
M003619,40.8,0,1,44.4,8103.15,1,0,-0.108378
M003620,30.9,2,1,4.9,11415.71,0,1,0.0
M003621,63.7,1,1,22.7,4860.53,0,0,0.0
M003622,51.5,0,1,109.8,41460.17,0,1,0.0
M003623,35.8,0,3,111.6,1620.37,0,1,0.0
M003624,78.8,2,1,76.9,432.38,0,0,0.0
M003625,31.2,1,4,86.2,9031.52,0,0,0.0
M003626,49.5,1,1,50.1,3519.75,0,0,0.0
M003627,40.6,4,1,30.9,8033.81,1,1,-0.106893
M003628,26.4,0,3,69.4,3159.81,0,0,0.0
M003629,47.9,3,3,49.2,8493.73,1,1,-0.120025
M003630,28.4,0,4,26.4,642.38,0,0,0.0
M003631,41.6,1,5,49.8,1644.18,0,0,0.0
M003632,35.1,1,3,67.9,845.63,1,0,-0.071609
M003633,0.0,1,1,22.8,14302.08,1,1,-0.095637
M003634,38.5,2,6,37.8,5916.2,0,1,0.0
M003635,14.8,1,2,115.4,738.94,0,1,0.0
M003636,7.8,2,2,76.3,19285.92,1,0,-0.117152
M003637,39.8,2,3,36.1,3586.19,0,0,0.0
M003638,12.5,3,2,128.6,14046.12,1,1,-0.120077
M003639,62.5,1,4,30.6,6181.68,0,1,0.0
M003640,63.1,2,2,40.6,3744.34,0,1,0.0
M003641,68.8,3,3,56.1,2887.65,0,0,0.0
M003642,83.1,4,3,67.6,2115.25,0,1,0.0
M003643,58.1,0,3,91.7,3212.27,0,0,0.0
M003644,55.5,0,2,6.6,1895.88,1,0,-0.067372
M003645,65.2,2,2,67.0,1356.81,0,1,0.0
M003646,35.9,1,1,50.2,3454.81,0,0,0.0
M003647,55.9,1,1,18.7,931.47,0,0,0.0
M003648,5.9,2,5,22.0,8610.56,1,0,-0.114439
M003649,48.5,3,2,32.9,2194.63,1,0,-0.099514
M003650,40.3,2,1,46.2,6155.67,0,0,0.0
M003651,57.6,3,1,133.5,2882.1,1,0,-0.115321
M003652,42.7,1,2,37.3,1597.84,0,0,0.0
M003653,66.8,2,3,43.1,18012.91,0,0,0.0
M003654,58.1,1,4,24.7,1185.46,0,0,0.0
M003655,58.8,2,5,78.1,438.55,0,0,0.0
M003656,69.6,4,3,68.8,995.63,1,0,-0.084277
M003657,46.3,1,1,117.4,3321.5,0,0,0.0
M003658,38.3,2,2,76.0,2990.18,0,0,0.0
M003659,55.0,2,1,51.9,2816.07,0,0,0.0
M003660,17.9,1,1,73.9,3714.61,0,1,0.0
M003661,66.5,1,1,31.0,2869.44,0,0,0.0
M003662,18.7,1,2,115.1,3312.43,1,0,-0.118153
M003663,41.9,1,4,38.2,7066.02,0,0,0.0
M003664,34.0,2,3,35.8,49729.79,0,0,0.0
M003665,66.4,3,2,107.6,1769.46,1,1,-0.119503
M003666,88.7,2,2,11.6,1328.92,0,1,0.0
M003667,49.8,0,1,83.8,15631.59,0,1,0.0
M003668,41.7,3,1,54.8,5022.71,0,1,0.0
M003669,35.5,3,1,57.5,4283.62,1,0,-0.075071
M003670,32.9,0,6,83.0,27457.57,0,1,0.0
M003671,41.8,2,4,38.6,2623.58,0,1,0.0
M003672,61.6,2,3,88.2,10310.69,0,0,0.0
M003673,41.3,1,4,44.2,5892.03,0,0,0.0
M003674,18.4,3,2,41.5,1343.12,1,0,-0.091836
M003675,59.0,0,1,45.4,1738.45,0,1,0.0
M003676,58.4,3,1,104.6,4330.02,0,1,0.0
M003677,34.9,2,1,62.5,694.55,0,0,0.0
M003678,51.9,3,2,100.6,5641.63,0,0,0.0
M003679,34.4,2,6,75.0,4569.12,0,0,0.0
M003680,44.9,3,1,13.3,8485.08,1,1,-0.086864
M003681,72.7,3,2,51.3,483.8,0,1,0.0
M003682,77.4,0,1,71.2,115.29,0,1,0.0
M003683,44.1,1,2,30.8,1869.87,1,1,-0.122064
M003684,56.3,1,1,40.4,4578.45,0,0,0.0
M003685,37.0,2,2,22.3,16947.13,0,0,0.0
M003686,20.2,3,2,9.4,32388.1,1,0,-0.095425
M003687,74.2,0,3,54.6,3566.99,0,0,0.0
M003688,58.6,2,3,10.1,1789.86,0,0,0.0
M003689,34.8,3,1,45.1,8460.82,1,0,-0.109405
M003690,38.1,2,2,60.1,4052.98,0,1,0.0
M003691,78.1,4,1,11.6,985.29,1,0,-0.114973
M003692,27.2,1,1,64.4,15756.35,0,1,0.0
M003693,62.7,5,3,240.7,11641.09,1,1,-0.122258
M003694,18.8,1,2,106.2,430.97,0,1,0.0
M003695,68.8,4,5,36.3,6760.73,1,0,-0.09515
M003696,62.4,0,5,64.9,2259.92,0,1,0.0
M003697,68.9,3,1,38.8,9043.73,1,1,-0.118498
M003698,91.4,0,2,50.3,3524.15,0,0,0.0
M003699,53.4,1,5,50.1,7966.6,0,0,0.0
M003700,22.7,0,1,51.8,3582.01,0,0,0.0
M003701,30.8,1,3,40.7,4510.23,0,0,0.0
M003702,57.2,1,2,13.9,11097.97,0,0,0.0
M003703,33.3,1,5,44.1,1307.17,0,1,0.0
M003704,41.3,5,1,108.6,8674.76,0,0,0.0
M003705,32.3,2,2,22.2,1602.85,0,0,0.0
M003706,43.8,0,2,66.7,1199.46,0,0,0.0
M003707,49.0,3,1,152.3,733.81,1,1,-0.113447
M003708,33.8,0,1,139.8,817.71,1,0,-0.061754
M003709,34.6,3,1,38.3,445.79,1,0,-0.079543
M003710,86.0,1,1,63.2,1062.85,1,0,-0.096115
M003711,13.9,2,5,78.0,2370.67,1,0,-0.082911
M003712,27.1,1,2,16.8,10755.48,0,0,0.0
M003713,35.2,0,3,49.6,12746.14,0,0,0.0
M003714,39.8,2,3,87.2,5141.12,0,0,0.0
M003715,34.2,3,2,34.7,6822.88,1,0,-0.122831
M003716,73.4,1,1,67.0,66651.82,0,0,0.0
M003717,50.2,3,1,110.8,2170.85,0,1,0.0
M003718,92.0,1,3,52.8,392.9,0,0,0.0
M003719,76.3,3,1,30.0,21755.53,0,0,0.0
M003720,66.4,1,2,91.0,4956.93,1,0,-0.056132
M003721,70.7,0,6,140.6,4929.89,1,0,-0.07799
M003722,32.6,1,3,13.0,7140.92,1,0,-0.099637
M003723,56.0,0,1,23.4,5261.95,0,0,0.0
M003724,28.1,1,1,115.2,4377.55,0,0,0.0
M003725,19.8,0,2,18.9,1070.85,0,0,0.0
M003726,65.4,1,1,43.6,20408.47,0,0,0.0
M003727,79.5,1,1,64.2,2506.22,0,0,0.0
M003728,59.4,1,1,59.7,3992.14,0,0,0.0
M003729,45.4,4,3,65.7,16910.46,0,0,0.0
M003730,33.9,4,6,23.5,2045.29,0,1,0.0
M003731,52.9,3,2,11.7,26481.71,1,0,-0.095345
M003732,47.9,2,2,49.3,1614.5,1,0,-0.104967
M003733,64.9,1,6,72.1,4960.35,1,0,-0.074185
M003734,49.8,1,5,19.1,5901.59,0,0,0.0
M003735,37.8,1,3,10.5,7210.38,1,1,-0.100255
M003736,44.5,2,2,22.6,2755.5,0,0,0.0
M003737,41.6,0,2,32.2,1913.31,0,0,0.0
M003738,44.4,1,3,74.2,258.62,0,0,0.0
M003739,19.2,4,4,86.5,3300.65,0,1,0.0
M003740,64.0,4,1,128.1,1521.79,1,0,-0.116903
M003741,24.8,0,4,45.6,4373.75,0,1,0.0
M003742,38.1,1,4,103.4,1175.8,0,1,0.0
M003743,47.2,0,3,40.6,13730.95,1,0,-0.096147
M003744,38.3,3,2,79.7,1803.37,0,1,0.0
M003745,39.0,2,2,48.6,877.18,0,1,0.0
M003746,54.5,0,2,28.2,1606.87,0,0,0.0
M003747,63.0,1,3,65.1,743.67,0,0,0.0
M003748,36.0,0,1,27.8,4968.04,1,0,-0.080025
M003749,33.1,1,1,125.6,1407.33,0,0,0.0
M003750,15.9,3,1,14.6,698.29,1,1,-0.096247
M003751,28.3,0,3,14.3,5404.59,1,1,-0.091125
M003752,57.7,2,5,74.3,4416.94,1,0,-0.078164
M003753,38.2,2,2,74.1,849.24,0,0,0.0
M003754,57.8,1,1,79.3,4201.7,0,1,0.0
M003755,44.4,0,1,81.8,3695.41,1,0,-0.086104
M003756,39.3,2,1,32.8,7418.19,1,0,-0.109643
M003757,30.5,1,3,85.2,2912.67,0,0,0.0
M003758,65.2,3,3,93.5,102.77,1,1,-0.100017
M003759,7.9,3,5,14.2,1412.89,1,0,-0.112638
M003760,57.2,1,1,19.5,10422.17,0,0,0.0
M003761,62.4,1,3,29.4,1917.01,0,0,0.0
M003762,57.8,2,4,59.0,2124.19,1,0,-0.060677
M003763,33.5,1,3,27.6,2217.68,0,0,0.0
M003764,33.4,3,2,21.5,4074.83,1,0,-0.123871
M003765,75.7,0,3,42.7,1713.35,0,0,0.0
M003766,42.8,3,3,71.7,2544.27,1,0,-0.12095
M003767,42.6,4,4,103.3,952.04,1,1,-0.107322
M003768,38.2,1,1,144.2,7375.49,0,1,0.0
M003769,59.3,4,4,68.6,2612.57,0,0,0.0
M003770,75.6,2,1,18.3,5664.59,0,0,0.0
M003771,14.4,3,5,146.9,11554.87,0,0,0.0
M003772,59.0,1,2,5.5,769.08,0,0,0.0
M003773,26.1,1,3,66.8,571.52,0,1,0.0
M003774,47.3,1,2,59.6,4262.09,0,1,0.0
M003775,0.0,2,2,41.4,4541.95,1,0,-0.093358
M003776,54.1,1,2,98.6,14190.3,0,0,0.0
M003777,61.5,2,1,29.4,7988.66,0,0,0.0
M003778,59.2,1,3,65.2,1571.7,0,1,0.0
M003779,64.1,2,4,34.8,2306.3,1,0,-0.093253
M003780,31.1,0,2,50.8,4497.15,0,1,0.0
M003781,52.5,0,1,43.4,3748.37,0,0,0.0
M003782,25.5,3,2,123.1,2833.36,1,0,-0.120082
M003783,49.5,2,2,23.2,7269.67,1,1,-0.059361
M003784,72.8,0,1,14.0,8173.11,1,0,-0.096586
M003785,36.9,1,2,63.1,4983.56,0,1,0.0
M003786,58.0,2,3,130.2,3497.33,0,0,0.0
M003787,24.0,1,1,23.1,2542.27,1,0,-0.103128
M003788,33.6,4,1,50.7,2497.2,0,1,0.0
M003789,60.0,3,1,129.2,5280.75,1,1,-0.12329
M003790,6.4,1,4,55.3,4317.28,1,0,-0.103587
M003791,23.9,2,3,71.8,5692.33,1,0,-0.119946
M003792,47.2,4,1,75.3,1047.91,1,1,-0.100038
M003793,31.8,0,3,101.5,998.79,0,1,0.0
M003794,47.5,3,4,15.1,246.66,0,1,0.0
M003795,48.3,1,1,29.5,2549.15,1,0,-0.092511
M003796,43.7,1,2,29.8,378.77,1,1,-0.094826
M003797,33.5,1,4,53.8,1607.62,0,0,0.0
M003798,32.9,3,3,41.7,5127.68,1,1,-0.084885
M003799,40.0,5,4,26.6,1459.9,0,1,0.0
M003800,40.3,0,1,50.6,8679.89,0,0,0.0
M003801,65.4,0,5,45.3,4277.83,0,0,0.0
M003802,31.9,1,1,39.1,1795.8,0,0,0.0
M003803,68.8,1,1,13.7,1732.96,0,0,0.0
M003804,63.2,2,1,42.0,17013.73,1,0,-0.085626
M003805,20.2,1,3,16.7,4237.24,0,1,0.0
M003806,59.7,3,3,87.4,541.92,0,1,0.0
M003807,0.0,2,1,40.9,1191.88,0,1,0.0
M003808,0.0,1,5,83.1,25968.22,0,0,0.0
M003809,51.4,1,2,11.7,896.98,1,1,-0.098547
M003810,60.6,0,3,71.2,200.09,0,0,0.0
M003811,60.8,0,6,80.6,2123.5,0,0,0.0
M003812,67.0,2,2,45.5,4901.54,0,0,0.0
M003813,78.9,1,2,26.4,818.45,0,1,0.0
M003814,60.2,1,2,22.6,10968.96,0,1,0.0
M003815,32.5,0,3,17.0,7931.75,0,1,0.0
M003816,41.1,1,1,35.9,6457.07,0,0,0.0
M003817,71.3,2,3,43.6,1341.04,0,0,0.0
M003818,34.2,1,1,126.8,3471.39,0,0,0.0
M003819,65.9,1,3,65.0,1442.57,0,0,0.0
M003820,36.1,1,3,38.9,6462.15,0,1,0.0
M003821,18.7,4,4,158.6,2954.17,0,1,0.0
M003822,47.0,1,1,5.9,645.97,1,0,-0.119499
M003823,28.1,2,2,13.5,3120.55,0,0,0.0
M003824,44.7,2,1,59.2,893.65,0,0,0.0
M003825,27.6,0,4,9.4,2394.63,0,0,0.0
M003826,23.0,3,3,19.8,1342.98,1,0,-0.12211
M003827,29.6,1,2,65.5,7676.57,0,1,0.0
M003828,42.1,1,1,39.4,8624.25,0,0,0.0
M003829,50.9,1,1,10.2,5126.34,0,0,0.0
M003830,42.5,1,3,48.1,2043.13,0,0,0.0
M003831,25.5,1,2,55.4,1650.92,0,1,0.0
M003832,55.0,2,3,80.2,910.68,0,0,0.0
M003833,46.2,3,1,96.3,35831.84,1,0,-0.096669
M003834,40.1,1,1,29.5,1084.66,0,0,0.0
M003835,51.5,2,3,75.2,3674.46,0,0,0.0
M003836,31.5,2,1,26.8,2318.05,0,0,0.0
M003837,35.9,1,3,39.4,1724.96,0,1,0.0
M003838,45.3,3,2,78.7,6900.85,0,1,0.0
M003839,46.8,0,6,62.4,10715.1,0,0,0.0
M003840,31.6,3,1,115.9,6114.5,0,1,0.0
M003841,22.5,3,4,107.3,24828.47,1,0,-0.105933
M003842,48.3,1,2,68.3,5594.55,0,1,0.0
M003843,77.7,3,3,53.2,2920.81,1,1,-0.086628
M003844,45.4,5,3,93.7,426.79,1,1,-0.089573
M003845,61.7,1,3,48.7,2065.68,1,0,-0.079046
M003846,46.1,2,4,11.0,4713.39,1,0,-0.0693
M003847,0.0,0,1,51.3,2728.65,0,0,0.0
M003848,34.5,1,4,62.9,1016.1,0,0,0.0
M003849,47.4,3,3,63.9,4551.81,1,1,-0.102452
M003850,30.5,1,2,61.4,5227.97,0,0,0.0
M003851,40.0,2,3,80.1,1863.17,0,0,0.0
M003852,52.6,1,2,41.2,3487.41,0,0,0.0
M003853,47.5,2,2,98.7,848.06,0,0,0.0
M003854,66.3,0,2,8.2,1470.0,0,0,0.0
M003855,28.3,0,1,44.9,11222.34,0,1,0.0
M003856,48.9,1,3,56.7,3098.22,0,0,0.0
M003857,38.9,2,3,138.2,6922.56,0,0,0.0
M003858,47.0,2,1,34.9,4770.97,0,0,0.0
M003859,72.4,3,2,36.6,3154.27,1,0,-0.120406
M003860,64.9,1,1,134.3,6014.83,0,0,0.0
M003861,36.6,1,1,7.9,3155.65,0,0,0.0
M003862,46.2,2,2,97.5,5071.07,1,0,-0.099073
M003863,41.6,2,2,21.6,887.49,0,1,0.0
M003864,44.3,0,4,113.1,314.8,1,0,-0.042818
M003865,60.6,0,4,47.8,3961.99,0,1,0.0
M003866,57.2,1,1,10.8,381.86,0,0,0.0
M003867,53.8,0,3,21.0,178.13,0,1,0.0
M003868,50.5,1,5,74.1,169.03,0,0,0.0
M003869,49.2,1,2,56.3,4207.41,0,0,0.0
M003870,51.4,1,4,49.5,6503.72,0,0,0.0
M003871,28.9,1,1,12.7,8495.68,1,1,-0.114321
M003872,45.2,1,4,49.0,7534.1,0,0,0.0
M003873,43.5,2,1,10.0,1628.35,0,0,0.0
M003874,72.9,3,5,19.0,1843.2,0,0,0.0
M003875,56.5,0,1,43.3,965.87,0,0,0.0
M003876,45.6,1,5,37.3,3488.32,0,0,0.0
M003877,40.6,0,2,252.8,182.56,0,0,0.0
M003878,33.5,1,4,138.2,14400.91,0,1,0.0
M003879,65.1,2,4,68.2,1059.89,0,0,0.0
M003880,40.6,3,1,17.7,8985.24,0,0,0.0
M003881,34.0,3,2,300.0,2754.78,1,0,-0.122862
M003882,59.6,3,2,124.8,517.91,0,1,0.0
M003883,89.9,2,4,153.4,1243.21,1,0,-0.080253
M003884,44.4,1,3,62.6,4315.54,0,0,0.0
M003885,45.5,2,1,152.3,4080.51,1,0,-0.055123
M003886,49.3,3,3,41.4,963.96,0,1,0.0
M003887,35.8,4,3,27.4,11807.42,1,1,-0.112207
M003888,51.5,0,3,37.7,11572.38,0,1,0.0
M003889,39.6,4,3,70.1,2376.58,0,1,0.0
M003890,57.0,3,2,46.5,70.11,1,1,-0.112303
M003891,23.2,3,4,39.5,4858.99,0,0,0.0
M003892,15.8,1,1,98.0,1661.06,0,1,0.0
M003893,42.2,1,2,73.9,3679.99,0,0,0.0
M003894,36.7,3,2,40.2,1620.51,1,1,-0.115753
M003895,54.6,0,1,80.4,1388.47,0,0,0.0
M003896,45.3,2,1,43.5,13900.3,0,0,0.0
M003897,56.6,1,1,21.3,1509.4,0,0,0.0
M003898,39.6,0,2,72.5,3414.67,0,0,0.0
M003899,58.8,1,1,72.3,1443.71,1,0,-0.110843
M003900,50.8,4,2,100.7,629.04,0,1,0.0
M003901,33.4,1,1,43.6,1898.31,0,0,0.0
M003902,21.9,4,1,79.9,2368.82,1,0,-0.121239
M003903,49.0,1,4,139.4,1116.04,1,0,-0.058206
M003904,90.2,0,1,65.7,3794.92,1,0,-0.104997
M003905,64.7,2,1,32.6,3686.17,1,0,-0.115437
M003906,17.7,2,3,38.0,3176.42,0,0,0.0
M003907,0.0,1,3,70.0,2979.89,1,0,-0.11703
M003908,47.0,2,3,62.3,3059.64,0,0,0.0
M003909,9.8,0,3,53.6,804.12,0,0,0.0
M003910,54.0,0,1,73.6,1521.71,0,0,0.0
M003911,44.3,2,1,33.1,3517.75,1,0,-0.093849
M003912,45.6,2,1,146.6,1792.56,0,1,0.0
M003913,60.2,0,1,84.0,3491.94,0,1,0.0
M003914,28.7,2,4,21.4,9009.79,0,1,0.0
M003915,28.1,2,2,47.1,592.96,0,1,0.0
M003916,51.5,1,4,25.4,259.74,1,0,-0.088984
M003917,56.6,0,1,39.8,23027.37,0,0,0.0
M003918,26.5,2,3,145.6,3041.48,0,0,0.0
M003919,38.6,4,2,188.2,2474.05,1,1,-0.124342
M003920,55.9,2,6,21.0,1042.39,0,0,0.0
M003921,12.8,4,1,104.8,2424.55,0,1,0.0
M003922,14.8,0,1,55.7,12432.36,1,1,-0.074371
M003923,28.6,3,1,40.6,13279.15,0,0,0.0
M003924,62.5,0,3,32.9,52917.52,0,0,0.0
M003925,75.3,3,3,84.6,1622.0,1,1,-0.112157
M003926,12.2,4,2,51.1,5388.61,1,1,-0.122053
M003927,21.1,3,1,116.3,6681.26,1,1,-0.104111
M003928,51.2,0,1,100.1,1124.98,0,1,0.0
M003929,46.4,2,2,60.9,1508.79,0,1,0.0
M003930,37.1,4,1,130.8,746.25,1,0,-0.123876
M003931,18.8,1,1,10.7,222.97,1,1,-0.100281
M003932,38.6,5,5,100.0,1628.61,0,0,0.0
M003933,51.6,3,5,91.8,16022.46,1,0,-0.119747
M003934,49.1,3,3,71.8,21741.46,0,1,0.0
M003935,53.4,0,4,141.6,9566.71,0,0,0.0
M003936,31.7,2,1,27.4,1019.87,0,0,0.0
M003937,29.3,2,1,56.1,1831.98,0,0,0.0
M003938,59.3,2,1,91.9,1466.77,0,1,0.0
M003939,37.0,1,4,48.3,907.63,0,0,0.0
M003940,5.7,1,2,64.0,11801.63,1,1,-0.101205
M003941,12.1,1,1,35.4,4239.15,1,0,-0.090281
M003942,33.2,0,3,110.2,8393.18,1,0,-0.074863
M003943,37.5,0,2,152.0,1938.7,0,0,0.0
M003944,43.7,1,3,30.2,1177.6,1,0,-0.097157
M003945,23.6,4,1,74.7,20224.95,1,1,-0.092222
M003946,38.5,5,4,52.5,6385.23,1,1,-0.105197
M003947,52.0,1,1,192.2,2937.91,0,0,0.0
M003948,15.4,2,1,34.7,7771.48,0,1,0.0
M003949,51.0,0,2,15.2,2500.99,0,1,0.0
M003950,45.7,1,4,37.5,1790.55,1,1,-0.100476
M003951,57.4,0,5,36.5,7399.18,0,1,0.0
M003952,54.9,2,5,65.8,417.13,0,0,0.0
M003953,55.4,4,3,21.3,7765.21,0,1,0.0
M003954,28.7,0,1,111.9,2550.78,1,0,-0.077643
M003955,17.4,0,3,69.3,650.91,0,0,0.0
M003956,56.2,2,2,33.2,4270.0,0,0,0.0
M003957,37.8,2,5,82.7,5548.99,0,0,0.0
M003958,29.8,1,1,36.7,8939.82,1,0,-0.110019
M003959,55.6,0,1,93.6,4572.92,0,0,0.0
M003960,55.6,0,1,63.6,1515.68,0,0,0.0
M003961,53.8,3,3,51.8,677.91,1,0,-0.115038
M003962,51.6,1,1,30.8,6940.34,0,0,0.0
M003963,41.1,2,3,50.6,1618.85,0,0,0.0
M003964,41.8,0,5,42.4,865.27,0,0,0.0
M003965,53.8,2,2,39.0,2043.87,0,1,0.0
M003966,63.8,1,1,49.8,1713.82,0,0,0.0
M003967,1.4,3,3,125.3,2878.66,1,1,-0.121419
M003968,44.8,0,2,61.4,772.16,0,1,0.0
M003969,67.2,3,1,71.5,11095.31,1,0,-0.104466
M003970,81.1,0,1,79.8,9464.41,0,0,0.0
M003971,40.6,0,3,37.5,5236.71,0,0,0.0
M003972,64.6,1,2,38.0,4649.45,0,0,0.0
M003973,60.5,2,3,53.8,3885.73,0,0,0.0
M003974,26.5,3,5,131.5,12817.14,1,1,-0.115113
M003975,3.9,0,1,62.6,3687.11,0,1,0.0
M003976,30.0,0,1,18.9,528.24,1,0,-0.111224
M003977,24.5,3,2,134.5,810.64,1,0,-0.113845
M003978,56.0,1,3,12.1,4645.62,0,0,0.0
M003979,50.9,0,4,92.2,2783.15,0,0,0.0
M003980,16.5,0,1,81.2,23080.63,0,0,0.0
M003981,28.3,1,1,82.2,1968.69,0,0,0.0
M003982,57.1,1,3,41.1,1655.04,0,0,0.0
M003983,42.5,1,2,52.1,25195.03,0,0,0.0
M003984,60.7,3,2,90.8,4307.37,1,0,-0.121088
M003985,37.4,2,4,99.7,1800.44,0,1,0.0
M003986,49.0,2,3,27.2,8227.19,0,1,0.0
M003987,59.8,0,2,39.1,3431.54,1,0,-0.104863
M003988,20.6,1,4,27.3,2038.51,0,1,0.0
M003989,55.9,1,1,26.9,605.75,0,0,0.0
M003990,38.9,2,1,6.9,19049.59,0,1,0.0
M003991,87.5,1,1,52.1,3238.59,1,1,-0.078265
M003992,57.8,2,3,41.7,13329.48,1,0,-0.059056
M003993,59.1,4,5,75.4,1706.27,1,1,-0.109575
M003994,52.5,2,4,57.3,1763.41,1,0,-0.07418
M003995,35.1,0,2,78.2,3258.73,0,1,0.0
M003996,57.0,2,5,9.9,1064.12,0,0,0.0
M003997,17.8,1,3,84.3,5116.7,0,1,0.0
M003998,48.1,2,1,64.7,6347.44,0,1,0.0
M003999,20.2,0,2,24.7,2815.8,0,1,0.0
M004000,28.2,2,2,24.6,5096.58,0,0,0.0
M004001,54.3,2,3,164.5,3093.25,0,0,0.0
M004002,53.4,3,4,80.5,12585.07,1,1,-0.098913
M004003,42.3,1,1,65.1,1830.25,0,0,0.0
M004004,53.8,3,3,84.4,439.5,0,1,0.0
M004005,50.1,4,1,72.9,4476.3,0,1,0.0
M004006,46.4,3,3,13.9,526.15,1,1,-0.109424
M004007,33.2,2,1,96.4,2528.13,1,0,-0.088843
M004008,68.4,2,2,71.8,3793.74,0,0,0.0
M004009,45.7,0,1,6.6,3080.86,0,0,0.0
M004010,1.0,0,1,52.0,12054.55,1,0,-0.083317
M004011,33.4,1,5,35.2,6722.24,0,0,0.0
M004012,29.1,3,1,31.3,3074.71,1,0,-0.099669
M004013,60.9,1,3,117.7,10717.28,0,0,0.0
M004014,35.8,1,1,31.1,1483.28,0,1,0.0
M004015,64.4,0,1,36.7,7383.19,0,0,0.0
M004016,46.2,0,2,161.9,1529.07,0,0,0.0
M004017,30.9,1,5,103.5,11642.0,0,1,0.0
M004018,45.9,2,2,97.5,5769.98,0,0,0.0
M004019,68.5,3,4,278.1,4912.66,1,0,-0.123607
M004020,45.0,1,3,72.7,1101.48,0,0,0.0
M004021,51.4,1,2,30.0,5410.0,0,1,0.0
M004022,60.2,1,2,98.0,3901.95,0,0,0.0
M004023,57.0,2,3,111.4,2263.45,1,0,-0.087486
M004024,82.4,1,1,29.8,468.11,0,1,0.0
M004025,43.6,3,1,42.0,3587.42,1,0,-0.096549
M004026,49.1,2,1,73.9,1139.99,0,0,0.0
M004027,29.2,4,1,15.4,23272.72,0,1,0.0
M004028,45.7,1,3,81.5,65881.59,1,0,-0.079802
M004029,14.8,0,4,58.9,425.95,0,0,0.0
M004030,66.0,1,2,40.6,1386.58,0,0,0.0
M004031,54.8,3,3,49.1,2281.68,0,1,0.0
M004032,43.4,0,3,86.0,4421.4,0,1,0.0
M004033,41.3,3,6,98.0,1122.84,1,1,-0.114377
M004034,22.8,1,5,96.2,4690.31,0,1,0.0
M004035,57.1,0,3,47.9,6177.68,1,0,-0.079444
M004036,24.2,1,1,53.0,4834.82,1,0,-0.110465
M004037,44.9,1,2,59.6,4451.43,1,0,-0.08886
M004038,9.0,1,1,46.7,4789.36,1,0,-0.119506
M004039,12.8,0,3,41.9,2162.47,1,1,-0.124351
M004040,79.3,3,1,57.6,3699.82,1,0,-0.103971
M004041,35.2,0,2,66.2,5255.31,0,0,0.0
M004042,73.0,2,4,86.6,10617.22,0,1,0.0
M004043,2.7,3,1,45.2,2343.73,0,0,0.0
M004044,57.3,0,1,56.8,12493.05,0,0,0.0
M004045,72.9,0,3,142.5,11974.84,0,0,0.0
M004046,70.5,2,2,176.7,871.11,0,1,0.0
M004047,57.2,3,4,64.9,1215.26,0,0,0.0
M004048,67.4,2,2,69.2,2022.47,0,0,0.0
M004049,41.7,2,1,49.0,2680.49,0,0,0.0
M004050,53.8,0,3,135.3,3952.48,0,1,0.0
M004051,76.1,3,2,55.2,1487.32,1,1,-0.101239
M004052,33.7,0,1,55.1,3827.97,0,1,0.0
M004053,42.7,2,4,63.9,2760.37,0,0,0.0
M004054,56.5,1,2,27.4,510.22,0,0,0.0
M004055,49.0,1,2,129.6,4787.23,0,0,0.0
M004056,68.5,1,3,31.0,2702.03,0,0,0.0
M004057,76.8,0,1,114.9,11689.77,0,0,0.0
M004058,61.4,1,2,27.4,8055.47,0,0,0.0
M004059,34.4,1,1,156.1,13394.72,1,0,-0.101111
M004060,33.4,1,4,23.4,5572.0,0,0,0.0
M004061,53.2,3,4,64.3,2328.57,1,0,-0.104894
M004062,78.6,2,3,11.8,4104.8,0,0,0.0
M004063,10.7,0,5,61.3,6886.12,0,0,0.0
M004064,52.3,2,6,25.4,751.37,0,0,0.0
M004065,41.9,0,4,59.4,12374.05,0,0,0.0
M004066,57.7,2,1,20.3,1418.62,1,0,-0.094959
M004067,66.3,0,2,38.9,1344.34,0,0,0.0
M004068,6.3,1,4,37.2,865.26,1,1,-0.101645
M004069,46.0,0,2,45.6,2023.28,0,1,0.0
M004070,60.0,1,3,20.9,1101.59,0,0,0.0
M004071,70.3,1,4,81.7,7399.19,0,0,0.0
M004072,52.9,1,1,13.1,3008.37,0,1,0.0
M004073,14.6,2,3,114.6,1114.21,1,1,-0.115763
M004074,0.0,0,2,120.8,869.37,0,0,0.0
M004075,30.7,0,3,50.5,1178.22,0,0,0.0
M004076,55.3,3,1,69.6,1465.59,1,0,-0.112503
M004077,47.6,2,4,148.2,3214.67,0,0,0.0
M004078,45.0,0,3,43.9,332.48,0,1,0.0
M004079,47.6,0,1,26.6,10125.6,0,0,0.0
M004080,64.0,1,1,95.6,2779.48,0,0,0.0
M004081,23.2,1,1,13.8,14249.44,0,1,0.0
M004082,62.8,1,3,102.8,8074.92,0,0,0.0
M004083,63.7,1,2,62.6,12674.99,0,1,0.0
M004084,47.4,1,2,76.5,2259.13,0,0,0.0
M004085,24.2,2,4,33.6,1266.78,1,1,-0.113028
M004086,52.2,3,1,42.4,5196.02,1,1,-0.088664
M004087,55.2,2,4,134.6,1120.41,0,0,0.0
M004088,5.0,1,1,30.0,780.52,0,0,0.0
M004089,54.2,0,3,61.4,3080.3,0,1,0.0
M004090,34.9,4,5,21.0,12416.82,1,0,-0.089613
M004091,35.4,2,3,70.1,5013.46,0,0,0.0
M004092,32.4,1,4,12.5,2198.02,1,0,-0.111038
M004093,46.0,3,1,8.0,7017.73,0,1,0.0
M004094,53.7,0,2,71.9,372.99,0,0,0.0
M004095,43.7,1,2,176.4,789.47,0,0,0.0
M004096,53.7,1,2,21.3,17069.16,0,0,0.0
M004097,28.4,1,2,101.6,10439.25,0,1,0.0
M004098,5.6,0,3,34.1,7016.96,0,1,0.0
M004099,38.5,1,4,83.7,808.32,0,1,0.0
M004100,34.2,2,3,85.1,1825.37,0,0,0.0
M004101,24.0,2,1,66.6,1966.8,1,0,-0.111981
M004102,33.1,1,3,36.0,2482.42,0,1,0.0
M004103,43.3,3,2,52.9,222.34,1,1,-0.088789
M004104,53.9,0,5,96.0,6436.47,0,0,0.0
M004105,0.0,5,4,99.6,486.63,0,1,0.0
M004106,35.8,0,3,31.7,881.75,0,0,0.0
M004107,48.4,2,4,11.5,2907.46,1,1,-0.103594
M004108,28.9,2,2,62.0,378.22,1,0,-0.082586
M004109,44.3,2,1,47.7,1552.84,0,0,0.0
M004110,86.0,1,2,11.2,17041.75,1,1,-0.098008
M004111,73.0,0,4,42.6,355.96,0,0,0.0
M004112,21.3,2,2,56.8,10995.63,1,0,-0.121269
M004113,85.7,0,4,103.8,624.63,0,0,0.0
M004114,4.5,4,3,1.0,7538.92,0,1,0.0
M004115,73.9,0,1,94.8,2348.72,0,0,0.0
M004116,50.9,5,2,51.8,924.82,0,0,0.0
M004117,32.2,1,4,26.0,4059.56,0,0,0.0
M004118,82.4,1,1,131.4,749.56,1,0,-0.096044
M004119,42.3,0,1,10.0,455.76,0,0,0.0
M004120,34.7,2,3,21.5,3654.3,0,0,0.0
M004121,53.8,3,2,26.8,507.79,0,1,0.0
M004122,55.5,0,5,22.9,527.55,0,0,0.0
M004123,85.0,1,4,19.6,4796.37,0,0,0.0
M004124,52.4,0,1,5.1,1639.46,0,0,0.0
M004125,24.5,2,2,103.9,5324.66,0,1,0.0
M004126,11.3,1,1,21.2,797.99,1,1,-0.099242
M004127,14.3,2,1,67.9,1984.51,0,1,0.0
M004128,35.4,3,5,11.5,38604.79,1,1,-0.107295
M004129,47.6,1,3,49.5,2450.69,0,0,0.0
M004130,50.4,1,3,55.6,3442.39,1,0,-0.084285
M004131,76.6,5,2,34.6,4121.26,1,0,-0.097399
M004132,64.3,5,1,78.3,11222.21,1,0,-0.109529
M004133,58.8,1,1,46.6,349.13,0,0,0.0
M004134,56.5,1,5,58.7,311.26,0,0,0.0
M004135,29.1,0,2,7.3,2910.97,0,0,0.0
M004136,41.7,0,2,21.0,1270.79,1,0,-0.092336
M004137,61.1,1,2,5.8,1627.63,0,1,0.0
M004138,26.2,1,3,128.6,6198.3,0,0,0.0
M004139,48.3,1,2,55.5,1379.21,0,0,0.0
M004140,78.2,3,4,128.4,3595.35,1,1,-0.112865
M004141,68.8,1,1,61.5,750.4,0,0,0.0
M004142,70.5,4,1,104.9,2331.79,1,1,-0.107227
M004143,61.4,1,3,63.1,6570.83,0,0,0.0
M004144,60.5,2,1,42.5,1119.97,0,1,0.0
M004145,35.8,2,1,155.9,682.29,0,0,0.0
M004146,51.3,2,2,79.7,7277.92,1,1,-0.054768
M004147,56.0,1,2,87.5,6951.79,0,0,0.0
M004148,23.1,3,1,87.7,2194.88,1,1,-0.104075
M004149,68.8,0,3,24.8,3670.58,0,0,0.0
M004150,27.8,3,2,57.8,3269.02,1,1,-0.11445
M004151,54.6,1,2,70.1,3689.1,0,1,0.0
M004152,54.2,2,1,142.2,6326.25,1,1,-0.075362
M004153,48.9,2,2,70.4,2891.61,0,0,0.0
M004154,30.5,2,2,10.1,1666.64,0,1,0.0
M004155,49.7,2,4,45.6,1795.48,1,0,-0.105391
M004156,53.0,5,5,92.2,490.96,1,1,-0.118254
M004157,0.0,0,1,53.2,8418.19,0,0,0.0
M004158,27.8,2,2,18.5,9027.3,0,0,0.0
M004159,27.6,4,3,29.7,6249.4,0,1,0.0
M004160,35.1,2,4,65.2,8229.18,1,0,-0.088113
M004161,46.3,1,4,18.3,3204.83,0,0,0.0
M004162,42.8,0,2,40.2,899.21,0,0,0.0
M004163,52.4,0,2,22.3,3564.36,0,0,0.0
M004164,82.0,1,3,21.9,54743.05,0,0,0.0
M004165,33.5,1,5,90.2,1549.9,0,1,0.0
M004166,84.1,2,2,30.4,7859.4,0,0,0.0
M004167,46.2,2,2,65.9,1523.04,0,0,0.0
M004168,0.0,0,3,40.8,3949.84,0,0,0.0
M004169,31.6,2,1,19.8,3825.68,0,1,0.0
M004170,37.6,0,3,31.8,851.82,0,1,0.0
M004171,59.4,1,2,50.6,3577.56,0,1,0.0
M004172,26.0,2,1,18.7,5062.48,0,0,0.0
M004173,37.6,0,6,22.4,4243.23,1,0,-0.101577
M004174,26.9,5,2,33.9,11385.59,1,0,-0.069538
M004175,29.8,1,3,59.4,3544.76,0,0,0.0
M004176,25.8,3,1,46.0,4267.61,1,0,-0.080802
M004177,39.7,0,1,58.2,2179.87,0,0,0.0
M004178,19.0,1,2,37.0,2514.74,0,1,0.0
M004179,40.6,3,4,63.0,317.38,1,1,-0.090958
M004180,44.6,3,2,43.2,5303.72,0,1,0.0
M004181,65.6,2,6,84.1,2829.6,0,0,0.0
M004182,18.0,0,1,38.7,264.98,0,0,0.0
M004183,23.2,1,6,55.6,1254.03,0,0,0.0
M004184,49.0,2,2,128.5,1219.65,0,0,0.0
M004185,62.0,1,1,34.6,659.11,1,0,-0.091353
M004186,28.7,2,4,35.0,3083.16,0,0,0.0
M004187,52.3,0,4,142.3,13255.09,0,0,0.0
M004188,40.7,1,1,49.3,2923.95,0,0,0.0
M004189,74.5,4,3,60.4,987.81,1,1,-0.097326
M004190,46.0,2,1,94.6,608.36,0,0,0.0
M004191,27.0,4,2,118.5,1461.35,1,0,-0.12111
M004192,46.8,1,1,76.6,2770.3,0,0,0.0
M004193,43.4,3,3,71.3,1878.79,0,1,0.0
M004194,37.7,1,2,8.3,3376.82,0,0,0.0
M004195,25.3,1,2,138.4,7859.43,0,0,0.0
M004196,56.6,0,1,1.0,4653.41,0,1,0.0
M004197,43.6,3,4,33.3,2211.52,0,1,0.0
M004198,41.7,4,5,16.9,8724.31,1,0,-0.123935
M004199,56.8,3,1,39.7,2594.13,1,0,-0.11789
M004200,90.3,2,2,20.6,1681.21,0,1,0.0
M004201,56.1,0,4,149.9,433.22,0,0,0.0
M004202,64.7,4,1,25.8,1939.55,1,1,-0.094856
M004203,60.3,3,2,63.7,3924.87,1,1,-0.115341
M004204,40.5,2,3,78.6,1298.88,0,0,0.0
M004205,39.1,2,2,100.9,410.34,0,0,0.0
M004206,41.3,2,1,55.0,1479.11,0,0,0.0
M004207,66.2,5,1,52.3,22965.41,0,1,0.0
M004208,19.8,2,4,65.6,1425.17,0,0,0.0
M004209,51.5,1,3,57.6,773.19,0,0,0.0
M004210,59.5,3,2,31.0,625.08,0,1,0.0
M004211,39.6,3,3,35.4,466.02,1,0,-0.098884
M004212,35.2,0,4,102.3,11912.53,0,0,0.0
M004213,58.7,0,1,33.8,7437.41,0,1,0.0
M004214,50.1,0,3,52.4,3018.91,0,0,0.0
M004215,16.0,0,1,42.6,11238.98,0,1,0.0
M004216,82.4,3,2,201.3,2758.97,1,0,-0.107016
M004217,56.9,1,1,66.3,2176.01,0,1,0.0
M004218,34.7,1,2,52.7,237.53,0,1,0.0
M004219,46.6,3,1,51.2,708.02,1,1,-0.082343
M004220,30.5,0,1,123.2,1831.81,0,0,0.0
M004221,53.9,4,1,55.0,1775.6,1,1,-0.094524
M004222,26.5,2,2,88.9,17277.26,0,0,0.0
M004223,63.4,4,1,17.3,3448.09,1,1,-0.108985
M004224,79.5,0,6,39.3,4294.38,1,0,-0.110037
M004225,20.8,2,4,102.1,1092.15,0,1,0.0
M004226,79.6,1,1,121.0,18936.31,0,0,0.0
M004227,59.9,2,1,110.1,8652.33,0,0,0.0
M004228,87.3,0,4,82.6,57448.7,0,0,0.0
M004229,32.1,0,2,2.8,3795.18,0,1,0.0
M004230,15.9,1,2,42.9,2663.43,0,1,0.0
M004231,49.9,1,2,57.4,4484.41,0,0,0.0
M004232,51.8,2,4,9.9,65.5,0,0,0.0
M004233,41.5,3,2,40.1,2212.06,1,0,-0.107279
M004234,35.6,3,3,78.2,2655.04,1,1,-0.101804
M004235,72.4,2,2,127.1,6541.33,0,0,0.0
M004236,30.7,0,3,47.7,6414.49,0,0,0.0
M004237,50.7,0,3,67.0,4533.71,0,1,0.0
M004238,53.4,2,1,20.3,1844.87,0,0,0.0
M004239,52.0,1,1,69.2,8612.08,0,0,0.0
M004240,13.7,0,4,57.5,3112.4,0,1,0.0
M004241,42.8,1,1,66.0,2701.71,0,1,0.0
M004242,39.1,3,1,30.8,2182.09,0,1,0.0
M004243,0.0,3,5,63.0,3079.29,0,0,0.0
M004244,47.4,4,3,47.7,25301.28,1,0,-0.117547
M004245,48.8,2,4,26.9,41189.36,0,0,0.0
M004246,41.3,1,2,26.6,12014.15,0,0,0.0
M004247,22.4,0,1,75.9,5816.91,0,1,0.0
M004248,43.7,4,3,47.1,1918.8,1,0,-0.105376
M004249,14.2,0,2,33.0,13383.83,1,0,-0.096959
M004250,47.7,1,4,13.8,6269.26,0,0,0.0
M004251,38.5,0,4,38.1,7607.2,0,0,0.0
M004252,36.6,1,2,64.5,11932.21,0,0,0.0
M004253,41.7,1,2,38.1,7193.6,0,1,0.0
M004254,59.3,4,5,22.1,2991.65,1,1,-0.100289
M004255,33.2,4,1,20.8,16847.75,1,1,-0.117512
M004256,31.8,1,1,116.3,1963.46,0,1,0.0
M004257,30.7,0,1,60.5,748.04,0,0,0.0
M004258,47.9,2,2,116.5,77183.06,0,0,0.0
M004259,75.1,5,2,70.2,434.22,1,1,-0.12434
M004260,38.0,2,4,32.7,2536.06,0,1,0.0
M004261,41.5,2,2,47.4,24796.99,0,0,0.0
M004262,38.1,2,2,46.4,641.6,0,0,0.0
M004263,37.8,2,2,31.7,2427.96,0,0,0.0
M004264,43.1,0,2,31.5,6994.35,0,0,0.0
M004265,41.9,0,2,56.8,2710.66,0,0,0.0
M004266,42.4,2,2,48.5,4054.57,0,0,0.0
M004267,74.4,0,6,85.4,1551.76,0,1,0.0
M004268,81.3,1,6,28.8,1631.08,0,0,0.0
M004269,41.9,2,3,84.1,3291.11,0,0,0.0
M004270,39.0,0,2,67.8,769.9,0,0,0.0
M004271,66.7,2,5,72.5,701.65,0,0,0.0
M004272,1.3,0,4,52.9,1681.29,0,0,0.0
M004273,35.4,0,4,226.9,802.67,0,0,0.0
M004274,38.4,1,4,35.3,705.85,0,1,0.0
M004275,34.5,0,2,33.0,283.32,0,0,0.0
M004276,56.7,0,1,73.9,5452.18,0,0,0.0
M004277,22.6,4,1,178.4,1167.93,1,0,-0.121954
M004278,78.4,0,2,88.8,1140.2,0,0,0.0
M004279,31.9,0,1,43.3,12452.44,0,0,0.0
M004280,45.8,0,3,30.4,2333.92,0,1,0.0
M004281,38.0,1,1,27.3,1518.39,0,0,0.0
M004282,71.8,3,3,64.7,5290.02,0,1,0.0
M004283,40.0,2,3,34.0,1924.78,0,0,0.0
M004284,81.4,0,3,60.1,4315.49,0,0,0.0
M004285,67.1,2,1,64.8,10760.89,0,1,0.0
M004286,37.4,1,1,104.1,1747.25,0,0,0.0
M004287,33.8,1,2,72.6,4531.75,0,0,0.0
M004288,48.6,0,1,109.3,2576.1,1,0,-0.061345
M004289,59.5,1,3,68.9,567.03,0,0,0.0
M004290,84.5,1,4,48.0,5849.81,0,0,0.0
M004291,62.5,0,1,24.6,3571.08,1,1,-0.107993
M004292,62.3,3,4,96.9,910.48,0,1,0.0
M004293,21.8,2,5,88.5,5010.48,1,1,-0.12435
M004294,42.7,2,1,44.0,7742.27,0,0,0.0
M004295,15.1,1,4,52.2,4935.64,0,0,0.0
M004296,76.5,2,1,110.6,452.36,1,0,-0.063523
M004297,53.5,1,1,53.3,611.47,0,0,0.0
M004298,64.2,1,5,112.5,8400.04,0,0,0.0
M004299,14.4,2,2,72.3,1768.13,0,0,0.0
M004300,49.3,1,3,74.3,8982.66,0,0,0.0
M004301,33.4,1,1,37.9,2353.26,0,0,0.0
M004302,38.5,2,2,107.4,4691.01,0,1,0.0
M004303,51.4,2,1,20.1,5069.3,0,1,0.0
M004304,47.5,1,1,50.2,5575.57,0,1,0.0
M004305,25.9,0,1,20.6,1578.76,1,0,-0.08506
M004306,6.9,3,2,35.1,3379.21,0,0,0.0
M004307,41.1,3,5,55.5,10418.69,0,1,0.0
M004308,18.1,1,2,106.6,4951.1,1,1,-0.106739
M004309,39.3,3,2,68.5,2447.28,0,1,0.0
M004310,49.7,0,1,21.0,4211.07,0,0,0.0
M004311,47.3,0,3,53.7,6134.41,0,0,0.0
M004312,27.9,1,2,60.8,10954.47,0,0,0.0
M004313,65.2,2,1,50.7,538.22,1,0,-0.087412
M004314,41.1,1,1,55.5,3183.07,0,1,0.0
M004315,61.6,4,4,86.0,4762.81,1,1,-0.107932
M004316,46.5,2,3,42.1,1609.33,0,0,0.0
M004317,41.3,1,2,32.0,19703.25,0,0,0.0
M004318,17.8,1,4,23.5,6683.18,1,0,-0.099001
M004319,52.2,4,2,5.8,5080.06,1,1,-0.085709
M004320,70.1,0,1,49.0,1229.82,0,1,0.0
M004321,65.3,2,3,44.6,5126.23,0,1,0.0
M004322,84.9,2,1,24.2,5612.55,0,0,0.0
M004323,36.8,2,3,21.0,3822.04,0,1,0.0
M004324,35.0,1,2,71.0,1394.9,1,0,-0.070325
M004325,32.3,2,3,75.4,1281.1,0,0,0.0
M004326,41.4,2,1,111.3,301.17,0,1,0.0
M004327,69.9,1,3,102.2,4481.5,0,0,0.0
M004328,24.0,0,2,46.0,6771.05,1,0,-0.075388
M004329,75.5,2,6,74.7,6381.24,0,0,0.0
M004330,15.9,2,2,96.6,5428.93,0,1,0.0
M004331,33.3,1,3,66.0,2056.4,0,1,0.0
M004332,57.3,2,5,40.5,3166.3,0,0,0.0
M004333,61.3,0,2,113.9,1771.14,0,0,0.0
M004334,52.4,1,4,41.7,6455.22,0,0,0.0
M004335,24.1,2,1,7.9,2391.2,1,0,-0.102589
M004336,22.9,3,5,97.4,2773.12,1,0,-0.118243
M004337,79.1,1,1,71.2,2693.49,0,0,0.0
M004338,49.9,2,2,126.8,4985.27,0,1,0.0
M004339,54.7,2,1,157.9,5489.23,0,0,0.0
M004340,20.4,0,2,68.6,7624.7,0,0,0.0
M004341,58.2,2,3,22.6,2553.77,1,0,-0.062104
M004342,76.6,1,3,50.4,626.27,0,0,0.0
M004343,60.2,1,3,125.7,1498.98,0,0,0.0
M004344,75.2,2,2,77.8,8267.32,0,0,0.0
M004345,38.8,3,1,13.1,869.47,1,1,-0.123992
M004346,48.1,0,3,60.8,1971.23,0,0,0.0
M004347,41.4,3,3,46.7,1644.91,1,1,-0.093283
M004348,47.7,3,1,100.6,1057.02,1,0,-0.103573
M004349,42.7,2,4,40.4,1552.43,0,1,0.0
M004350,77.4,0,2,44.6,7363.26,0,0,0.0
M004351,25.7,2,1,43.5,1835.21,0,1,0.0
M004352,37.0,2,3,81.9,2550.9,0,0,0.0
M004353,56.1,1,2,49.6,8022.48,0,1,0.0
M004354,53.9,3,2,38.1,5414.88,1,1,-0.10532
M004355,86.0,1,3,62.8,795.52,1,1,-0.117308
M004356,24.8,1,1,145.9,3058.58,1,1,-0.118958
M004357,9.1,0,2,169.5,10315.23,0,1,0.0
M004358,42.4,3,5,184.3,1092.18,1,0,-0.123172
M004359,14.1,2,1,14.5,3980.27,1,1,-0.078363
M004360,30.6,2,6,29.0,4786.79,0,0,0.0
M004361,10.6,2,1,25.7,1018.25,1,1,-0.097171
M004362,39.9,3,4,7.4,14968.95,0,1,0.0
M004363,69.2,2,2,113.8,4085.94,0,0,0.0
M004364,30.2,0,1,90.2,2338.21,0,0,0.0
M004365,26.3,0,1,90.5,3344.67,0,0,0.0
M004366,57.1,2,4,25.7,10007.39,0,0,0.0
M004367,32.4,2,1,6.0,643.96,1,0,-0.106629
M004368,61.0,2,4,71.8,840.72,0,0,0.0
M004369,30.3,2,5,27.9,368.76,0,0,0.0
M004370,6.3,2,3,60.7,8397.68,1,1,-0.105001
M004371,45.9,2,2,46.9,5375.31,0,0,0.0
M004372,45.1,0,4,23.0,2011.87,0,0,0.0
M004373,65.0,0,3,111.3,720.11,1,0,-0.101398
M004374,32.0,2,2,19.4,2716.21,1,1,-0.118392
M004375,28.5,0,2,62.4,1013.57,0,1,0.0
M004376,51.6,3,3,43.9,1051.06,0,1,0.0
M004377,29.0,3,1,87.7,2871.27,1,1,-0.103247
M004378,48.6,3,4,149.5,7616.51,0,0,0.0
M004379,68.9,3,4,17.5,934.11,1,0,-0.094821
M004380,48.5,0,1,25.1,1313.34,0,0,0.0
M004381,29.9,1,1,34.0,1381.93,0,0,0.0
M004382,12.1,2,1,59.0,10528.3,1,1,-0.086888
M004383,24.3,1,1,62.4,2206.06,0,0,0.0
M004384,46.8,1,1,29.4,681.52,1,1,-0.103132
M004385,87.6,1,5,52.6,632.77,1,0,-0.072775
M004386,43.7,0,3,35.4,1966.57,1,0,-0.095316
M004387,46.6,3,3,46.3,2848.83,0,1,0.0
M004388,100.0,2,5,165.8,902.94,0,0,0.0
M004389,15.6,2,2,16.1,952.56,1,1,-0.084635
M004390,44.0,3,3,33.1,1476.15,0,1,0.0
M004391,26.3,2,2,41.7,4999.49,0,0,0.0
M004392,56.7,3,2,15.1,442.13,0,1,0.0
M004393,52.0,3,1,70.6,685.51,1,1,-0.106702
M004394,45.2,2,2,98.1,4267.94,0,1,0.0
M004395,21.2,1,4,38.3,2042.37,1,1,-0.094002
M004396,31.9,1,5,131.6,8126.67,0,0,0.0
M004397,29.0,4,1,8.3,13471.83,1,1,-0.049282
M004398,67.8,1,4,2.2,1466.88,0,1,0.0
M004399,38.8,3,1,45.7,22592.33,1,1,-0.11892
M004400,55.0,0,4,82.8,4683.53,0,0,0.0
M004401,50.0,3,6,23.3,4725.54,0,0,0.0
M004402,32.5,1,1,19.4,10611.44,0,1,0.0
M004403,38.6,1,3,32.0,1522.95,0,0,0.0
M004404,56.6,1,1,144.8,2786.45,0,0,0.0
M004405,50.3,2,1,192.7,4950.63,0,1,0.0
M004406,55.1,2,2,33.2,11339.65,0,0,0.0
M004407,61.5,2,5,88.6,6094.42,0,0,0.0
M004408,54.0,2,1,21.9,2311.4,1,1,-0.09721
M004409,32.5,0,4,11.5,6301.6,0,1,0.0
M004410,20.4,0,5,74.1,4745.29,0,0,0.0
M004411,74.6,3,3,164.3,2040.2,0,1,0.0
M004412,37.1,0,4,65.7,4239.98,0,0,0.0
M004413,59.0,2,3,89.7,1941.92,1,0,-0.09537
M004414,42.3,3,2,31.8,5547.97,1,1,-0.121126
M004415,25.7,2,2,99.7,1528.24,1,0,-0.086528
M004416,64.0,0,2,40.0,1338.1,0,0,0.0
M004417,52.8,1,1,82.7,6140.76,0,0,0.0
M004418,55.9,0,3,61.7,1708.77,0,1,0.0
M004419,52.8,3,4,12.5,2608.31,0,0,0.0
M004420,42.8,2,5,102.7,517.98,0,0,0.0
M004421,0.0,1,1,14.4,3446.76,1,1,-0.103368
M004422,49.4,0,4,35.4,6364.37,0,1,0.0
M004423,22.4,2,1,141.0,1280.13,1,0,-0.124022
M004424,11.8,3,2,28.2,463.81,0,1,0.0
M004425,12.5,4,3,88.9,2693.08,1,1,-0.11356
M004426,65.4,2,1,86.4,333.7,0,0,0.0
M004427,59.8,2,5,2.9,2490.73,0,0,0.0
M004428,38.2,0,3,57.3,9101.16,0,0,0.0
M004429,57.7,2,2,38.0,19639.59,1,1,-0.067642
M004430,32.9,1,6,37.0,4314.44,0,0,0.0
M004431,55.5,2,1,36.7,5240.77,0,0,0.0
M004432,41.4,3,6,43.1,7703.17,0,0,0.0
M004433,47.3,2,3,103.3,2867.4,0,1,0.0
M004434,76.1,3,1,23.3,4460.46,0,0,0.0
M004435,43.3,1,5,65.8,2180.87,0,0,0.0
M004436,48.5,3,4,51.5,5426.47,0,1,0.0
M004437,52.9,0,3,65.6,4027.07,1,0,-0.086536
M004438,66.0,2,1,32.1,6789.98,0,0,0.0
M004439,47.7,2,2,103.5,33044.72,0,0,0.0
M004440,25.0,0,3,3.5,3328.65,0,0,0.0
M004441,48.4,2,2,33.5,1962.13,1,0,-0.107922
M004442,29.4,0,1,31.0,5336.71,0,0,0.0
M004443,26.6,3,6,91.0,1423.01,1,1,-0.116369
M004444,49.0,3,5,31.5,1021.95,1,1,-0.099695
M004445,45.9,3,1,48.7,1145.98,1,1,-0.120563
M004446,64.6,4,2,80.8,3470.59,0,0,0.0
M004447,14.6,0,4,54.6,23311.26,1,1,-0.078042
M004448,31.3,1,3,213.6,1279.56,1,0,-0.059222
M004449,41.8,1,3,195.1,1870.19,0,0,0.0
M004450,18.7,2,2,106.3,1181.94,0,0,0.0
M004451,64.4,1,4,22.5,3073.73,0,0,0.0
M004452,27.6,3,1,40.2,5415.81,1,1,-0.100826
M004453,64.2,1,6,47.5,3247.08,0,0,0.0
M004454,39.2,2,1,78.9,607.06,1,0,-0.069306
M004455,67.5,2,1,113.5,2980.95,0,1,0.0
M004456,29.9,1,1,78.9,4893.24,0,1,0.0
M004457,55.6,0,4,13.5,885.36,0,0,0.0
M004458,65.0,3,2,28.7,5901.12,1,1,-0.091593
M004459,86.1,2,5,39.1,1503.57,0,0,0.0
M004460,38.9,1,3,134.4,29749.32,0,1,0.0
M004461,39.1,4,4,26.1,593.44,1,0,-0.081398
M004462,54.7,1,3,133.2,786.42,0,0,0.0
M004463,12.1,0,5,33.5,2220.02,0,0,0.0
M004464,35.8,2,1,94.8,1430.02,0,0,0.0
M004465,81.4,3,4,107.5,1609.99,0,1,0.0
M004466,47.0,1,3,27.6,1158.66,0,0,0.0
M004467,47.4,3,3,45.5,4751.86,0,0,0.0
M004468,53.2,1,3,64.0,3140.78,0,0,0.0
M004469,49.5,2,2,47.1,13548.8,0,0,0.0
M004470,51.2,3,6,16.1,5676.18,1,1,-0.103488
M004471,35.8,3,3,3.1,1332.6,0,0,0.0
M004472,50.1,0,3,84.4,1525.03,0,0,0.0
M004473,42.2,1,2,47.5,1355.99,0,0,0.0
M004474,39.7,3,3,95.6,8743.15,1,1,-0.091816
M004475,68.3,2,2,59.4,1462.74,0,0,0.0
M004476,61.3,2,6,50.8,1563.55,0,0,0.0
M004477,45.3,4,4,147.0,804.72,0,0,0.0
M004478,38.1,2,5,17.8,10851.54,0,1,0.0
M004479,37.0,3,2,33.2,7547.8,0,1,0.0
M004480,34.1,2,2,35.0,3642.55,0,1,0.0
M004481,8.8,1,5,26.7,2095.51,0,1,0.0
M004482,49.0,0,1,35.6,7059.82,1,0,-0.103213
M004483,42.3,2,3,32.4,1027.74,0,0,0.0
M004484,34.9,3,2,37.3,9728.24,1,1,-0.092228
M004485,17.9,3,4,122.4,1498.93,0,0,0.0
M004486,44.5,1,3,39.4,2595.77,0,0,0.0
M004487,64.4,2,1,54.9,1168.77,0,0,0.0
M004488,56.8,3,2,39.9,664.69,1,0,-0.097442
M004489,47.3,3,1,21.3,1162.58,1,0,-0.092031
M004490,38.7,1,2,36.1,8096.63,0,0,0.0
M004491,48.4,1,3,52.2,1042.21,0,1,0.0
M004492,58.8,2,1,54.1,287.7,0,1,0.0
M004493,48.9,2,3,51.6,1006.14,0,0,0.0
M004494,14.4,3,2,59.6,6526.79,0,1,0.0
M004495,50.6,1,1,86.0,3908.8,0,0,0.0
M004496,49.1,1,4,86.1,976.46,0,0,0.0
M004497,59.1,2,5,107.4,398.6,1,0,-0.050435
M004498,51.1,2,4,42.0,1873.24,0,0,0.0
M004499,32.5,1,2,19.9,6360.01,0,1,0.0
M004500,44.3,2,3,11.4,639.41,0,1,0.0
M004501,65.0,0,2,45.6,1341.69,0,1,0.0
M004502,74.0,1,1,42.4,9312.16,0,1,0.0
M004503,46.3,1,3,54.4,1810.89,1,0,-0.094951
M004504,56.6,1,5,26.7,12461.82,1,0,-0.094394
M004505,50.2,3,1,36.6,3083.42,1,0,-0.101431
M004506,51.1,1,4,59.2,2798.74,0,1,0.0
M004507,50.7,3,3,77.3,832.35,1,1,-0.113671
M004508,34.8,2,4,76.6,1797.72,0,0,0.0
M004509,3.8,2,5,14.6,8277.21,1,0,-0.122954
M004510,15.7,2,2,21.5,3973.85,1,1,-0.102788
M004511,60.3,4,3,78.2,1636.74,1,0,-0.108925
M004512,44.3,0,3,8.3,3245.52,1,0,-0.07973
M004513,44.9,1,1,60.0,6080.14,0,1,0.0
M004514,39.7,3,3,35.7,1215.9,1,0,-0.121583
M004515,30.0,2,3,19.5,1694.28,0,1,0.0
M004516,38.0,0,1,127.9,1616.69,1,1,-0.095088
M004517,50.7,2,1,9.0,6673.55,0,1,0.0
M004518,23.3,0,4,7.3,1723.87,0,0,0.0
M004519,38.3,5,2,27.0,9543.81,0,1,0.0
M004520,65.6,0,4,91.8,15012.87,1,0,-0.058098
M004521,43.8,0,3,15.3,1423.41,0,0,0.0
M004522,70.2,2,2,47.8,891.85,1,0,-0.087441
M004523,46.1,1,1,70.0,3049.18,0,0,0.0
M004524,36.9,1,3,179.1,788.92,1,0,-0.089237
M004525,44.8,0,3,73.5,7980.79,0,0,0.0
M004526,52.5,3,5,41.2,2551.28,1,0,-0.111646
M004527,87.8,0,4,24.7,4128.82,0,0,0.0
M004528,43.7,2,2,159.1,714.51,0,0,0.0
M004529,64.4,2,6,50.1,1053.04,1,0,-0.082092
M004530,42.0,0,3,12.1,3522.75,1,0,-0.093403
M004531,78.1,1,3,24.6,1282.38,0,0,0.0
M004532,87.6,1,2,47.2,1446.14,0,1,0.0
M004533,22.2,2,5,87.9,8551.66,1,0,-0.121008
M004534,51.5,2,5,132.2,7117.6,1,1,-0.057773
M004535,38.1,4,2,41.7,1184.37,0,0,0.0
M004536,16.2,3,2,17.4,2935.81,1,1,-0.093206
M004537,43.0,2,1,77.3,1263.23,0,1,0.0
M004538,13.0,5,2,10.5,12916.54,1,1,-0.096082
M004539,51.8,1,4,8.3,848.13,0,1,0.0
M004540,54.1,2,5,86.1,1943.58,0,0,0.0
M004541,44.2,1,1,46.9,1098.19,0,1,0.0
M004542,49.7,0,1,112.5,15106.75,0,0,0.0
M004543,38.1,0,1,100.5,3766.66,0,1,0.0
M004544,21.1,2,1,1.8,1131.32,0,1,0.0
M004545,35.9,0,2,89.8,5056.61,0,0,0.0
M004546,40.0,0,1,33.6,1117.32,0,0,0.0
M004547,35.7,2,2,78.2,2748.08,0,0,0.0
M004548,23.4,4,1,24.0,4246.61,1,1,-0.077504
M004549,53.9,0,1,49.8,1748.22,0,0,0.0
M004550,40.2,2,1,69.3,612.9,0,0,0.0
M004551,56.5,1,1,7.6,4188.85,0,1,0.0
M004552,100.0,2,6,95.5,1555.53,0,1,0.0
M004553,43.2,0,5,61.7,7861.92,0,1,0.0
M004554,23.8,2,2,32.1,5217.74,1,1,-0.113468
M004555,52.6,0,5,22.2,4665.38,0,0,0.0
M004556,6.4,0,1,17.4,5183.02,0,1,0.0
M004557,0.0,2,2,36.4,2784.52,1,1,-0.111461
M004558,73.1,2,1,159.9,2391.54,0,0,0.0
M004559,36.2,1,3,78.3,1401.81,0,0,0.0
M004560,49.3,2,4,32.6,18949.75,0,0,0.0
M004561,49.4,2,5,106.8,13996.1,0,1,0.0
M004562,22.5,3,5,89.5,710.04,1,1,-0.082664
M004563,57.6,3,3,31.9,1168.47,1,0,-0.12032
M004564,60.0,2,3,59.8,1730.41,0,1,0.0
M004565,2.6,2,3,37.1,13272.53,0,0,0.0
M004566,47.2,1,2,25.8,3817.05,0,0,0.0
M004567,69.8,4,4,85.4,836.68,1,1,-0.098641
M004568,39.7,4,2,26.1,3876.45,1,1,-0.121798
M004569,45.5,0,3,30.8,1417.82,0,0,0.0
M004570,44.2,0,3,36.5,4061.86,0,1,0.0
M004571,69.5,4,2,176.8,2894.35,0,0,0.0
M004572,45.1,2,6,47.1,1716.6,1,0,-0.089557
M004573,34.1,0,4,44.2,756.7,0,0,0.0
M004574,72.0,0,2,35.2,1003.22,1,0,-0.087723
M004575,45.5,1,1,55.3,2606.75,0,0,0.0
M004576,78.0,0,1,124.3,1792.87,0,0,0.0
M004577,26.7,2,1,45.3,983.72,0,0,0.0
M004578,18.0,1,2,56.8,1049.49,1,1,-0.114496
M004579,12.1,3,4,43.4,17815.92,1,1,-0.115257
M004580,71.9,2,4,20.2,6434.15,1,0,-0.071102
M004581,47.6,2,3,40.8,1252.67,1,0,-0.084615
M004582,40.7,0,2,59.5,5911.77,0,0,0.0
M004583,47.9,1,5,104.4,1853.53,0,1,0.0
M004584,64.6,1,3,128.0,1607.7,0,0,0.0
M004585,27.9,4,2,51.2,1077.99,0,1,0.0
M004586,83.1,2,2,35.4,912.84,0,0,0.0
M004587,74.9,1,1,70.2,6360.63,0,0,0.0
M004588,16.8,3,1,26.5,3311.07,1,0,-0.115639
M004589,26.9,1,1,68.9,5012.7,0,0,0.0
M004590,0.0,2,2,34.7,1410.76,1,1,-0.074363
M004591,33.3,1,1,11.7,1010.83,0,0,0.0
M004592,46.5,0,3,15.2,4732.8,0,0,0.0
M004593,59.0,2,3,33.0,3241.3,0,1,0.0
M004594,49.6,1,1,23.5,41121.34,1,0,-0.092759
M004595,52.9,4,2,90.0,659.48,0,0,0.0
M004596,47.0,2,6,70.4,5931.85,0,0,0.0
M004597,54.4,1,5,102.9,3554.51,0,0,0.0
M004598,45.7,2,1,13.3,13190.78,0,0,0.0
M004599,43.0,1,2,23.1,389.57,0,1,0.0
M004600,0.0,4,1,33.0,1025.77,1,1,-0.09672
M004601,25.5,2,3,18.2,15443.37,0,0,0.0
M004602,44.5,2,2,9.5,808.29,0,0,0.0
M004603,56.9,0,3,72.9,4739.42,0,0,0.0
M004604,29.4,4,1,23.9,932.2,1,0,-0.085697
M004605,0.0,3,2,90.5,7682.9,1,1,-0.120472
M004606,33.5,1,3,39.9,10782.02,0,0,0.0
M004607,55.7,0,2,74.6,6157.05,1,0,-0.087479
M004608,38.1,3,2,19.4,550.52,1,1,-0.074024
M004609,40.9,2,1,76.2,1694.23,0,1,0.0
M004610,46.2,5,1,12.0,45275.79,0,1,0.0
M004611,0.0,4,2,68.6,10391.61,1,1,-0.099423
M004612,42.5,1,1,57.2,1004.64,0,0,0.0
M004613,34.3,1,4,58.1,765.09,0,0,0.0
M004614,55.1,3,4,85.8,1321.49,0,1,0.0
M004615,15.0,0,1,44.6,563.7,0,1,0.0
M004616,57.8,2,1,53.6,671.88,0,0,0.0
M004617,6.2,0,1,32.2,6195.86,1,0,-0.102636
M004618,86.0,3,3,17.5,16103.92,0,1,0.0
M004619,58.4,3,1,145.1,4566.81,1,0,-0.124065
M004620,59.9,2,2,59.0,5092.27,0,0,0.0
M004621,32.4,1,4,26.4,3867.33,0,0,0.0
M004622,56.0,0,1,62.9,4407.09,0,0,0.0
M004623,23.3,4,1,162.4,4323.32,1,1,-0.124148
M004624,21.9,1,4,45.1,855.25,1,1,-0.117309
M004625,49.2,1,1,19.3,2110.45,0,0,0.0
M004626,72.6,1,2,44.3,1330.26,0,0,0.0
M004627,24.5,2,2,61.0,4842.74,0,1,0.0
M004628,47.6,2,4,28.4,1393.52,0,1,0.0
M004629,46.1,2,3,29.6,3467.62,0,0,0.0
M004630,43.6,1,2,34.3,6063.81,1,0,-0.08571
M004631,70.7,1,4,206.0,10157.5,0,0,0.0
M004632,76.3,0,2,60.1,843.65,1,0,-0.093025
M004633,59.9,0,5,61.6,5645.48,0,0,0.0
M004634,57.4,2,5,13.6,661.51,0,0,0.0
M004635,4.4,0,3,36.7,5068.83,0,0,0.0
M004636,42.7,1,5,132.1,5517.04,0,0,0.0
M004637,54.0,0,2,62.3,5440.16,0,0,0.0
M004638,53.0,1,1,94.8,3364.68,0,1,0.0
M004639,27.0,3,2,76.3,964.68,1,0,-0.097132
M004640,41.7,1,2,44.6,3807.22,0,0,0.0
M004641,55.9,0,2,34.7,6865.74,0,1,0.0
M004642,38.1,0,3,33.1,2531.08,0,0,0.0
M004643,21.4,1,1,101.7,2546.47,0,1,0.0
M004644,39.1,2,2,36.8,3210.66,0,1,0.0
M004645,50.3,0,2,74.8,8254.13,0,0,0.0
M004646,37.4,3,2,93.0,2795.42,1,0,-0.11651
M004647,52.2,1,3,80.4,936.87,0,0,0.0
M004648,25.7,1,4,68.0,5884.1,0,0,0.0
M004649,39.4,1,4,15.3,1950.52,0,0,0.0
M004650,39.4,1,3,44.6,2382.83,0,1,0.0
M004651,28.6,4,2,54.4,3508.81,0,0,0.0
M004652,62.9,3,3,21.1,1073.65,1,1,-0.070182
M004653,48.3,0,2,55.5,670.88,0,1,0.0
M004654,28.9,0,4,6.1,6550.34,0,0,0.0
M004655,57.0,2,1,15.5,603.17,0,1,0.0
M004656,89.0,3,2,96.8,5583.64,1,1,-0.10445
M004657,33.9,4,4,94.6,568.6,1,1,-0.100494
M004658,32.1,0,3,13.1,2602.84,0,0,0.0
M004659,33.2,1,1,32.7,3184.36,1,0,-0.055661
M004660,55.9,3,2,63.2,5087.76,1,1,-0.094706
M004661,26.8,2,1,48.8,660.41,0,1,0.0
M004662,94.7,2,4,87.3,7046.33,0,1,0.0
M004663,64.6,3,4,35.8,1058.17,0,1,0.0
M004664,37.5,4,4,32.7,10899.2,1,1,-0.120458
M004665,4.8,3,3,80.9,7521.88,0,1,0.0
M004666,81.6,2,1,35.5,7256.67,0,1,0.0
M004667,0.0,0,6,48.0,1052.08,0,1,0.0
M004668,43.6,2,2,9.1,3390.38,0,0,0.0
M004669,41.8,0,4,60.6,1267.96,0,1,0.0
M004670,43.4,0,2,33.8,4817.42,0,1,0.0
M004671,40.9,3,3,43.3,36974.56,1,1,-0.107228
M004672,51.2,3,1,130.0,66199.59,0,1,0.0
M004673,29.4,2,1,10.1,374.5,0,0,0.0
M004674,53.5,2,1,58.7,5130.22,0,0,0.0
M004675,40.5,4,4,82.4,269.31,1,1,-0.089063
M004676,75.9,1,5,34.9,4444.01,0,0,0.0
M004677,63.6,0,2,63.9,1461.04,0,0,0.0
M004678,37.0,0,4,24.5,4762.83,0,0,0.0
M004679,47.0,2,1,73.0,3570.19,0,0,0.0
M004680,49.0,3,2,49.5,22739.96,1,1,-0.089521
M004681,69.1,3,3,45.5,7264.22,0,1,0.0
M004682,31.8,0,4,24.8,23325.16,0,0,0.0
M004683,23.0,0,4,140.3,6002.91,0,0,0.0
M004684,0.0,1,2,22.3,1550.43,1,0,-0.108404
M004685,63.8,3,4,35.7,4377.69,1,0,-0.122556
M004686,50.5,3,3,4.4,5246.61,1,1,-0.091519
M004687,79.4,1,1,53.8,1103.9,0,0,0.0
M004688,37.9,1,5,49.7,1493.23,0,0,0.0
M004689,34.3,3,5,135.3,3862.14,0,0,0.0
M004690,23.5,3,4,25.3,1262.14,1,1,-0.107299
M004691,27.4,3,3,34.7,3921.57,0,0,0.0
M004692,49.9,1,2,39.5,11439.38,0,0,0.0
M004693,76.5,2,3,63.8,5207.54,0,0,0.0
M004694,54.1,3,1,41.6,3115.5,1,1,-0.122731
M004695,68.1,0,3,22.3,7446.97,0,0,0.0
M004696,30.3,2,2,13.8,136.6,0,0,0.0
M004697,48.9,3,3,24.1,12251.79,1,0,-0.113669
M004698,58.2,1,3,50.4,3024.94,0,0,0.0
M004699,34.1,1,1,6.5,1949.86,0,1,0.0
M004700,68.7,3,3,75.3,356.23,0,1,0.0
M004701,34.9,0,2,18.3,606.48,1,0,-0.087454
M004702,61.3,4,5,137.3,1360.95,1,0,-0.120003
M004703,58.6,0,2,72.2,1936.31,0,0,0.0
M004704,25.9,2,2,35.5,904.16,0,0,0.0
M004705,49.2,2,1,51.2,1192.08,0,0,0.0
M004706,53.2,2,4,122.8,721.75,0,0,0.0
M004707,51.6,1,2,215.6,3045.56,0,1,0.0
M004708,55.0,1,2,40.9,1902.18,0,1,0.0
M004709,74.2,1,1,35.6,1350.26,0,0,0.0
M004710,4.2,1,2,62.6,4806.77,1,1,-0.082255
M004711,27.2,0,3,57.2,5285.42,0,1,0.0
M004712,33.1,1,2,86.1,3384.98,0,1,0.0
M004713,17.6,2,6,91.9,168.07,1,0,-0.121601
M004714,36.2,1,2,131.1,1320.78,0,1,0.0
M004715,41.0,1,4,8.1,6061.75,0,0,0.0
M004716,62.9,5,2,18.3,3820.74,1,0,-0.119316
M004717,28.5,1,3,121.4,7938.49,0,0,0.0
M004718,27.4,0,2,14.5,842.88,1,1,-0.12119
M004719,49.8,1,2,36.4,10564.81,0,1,0.0
M004720,74.7,2,1,23.5,2926.56,0,1,0.0
M004721,6.9,1,6,8.4,2437.99,0,0,0.0
M004722,34.8,0,4,142.7,494.31,1,0,-0.081972
M004723,36.6,2,4,68.1,2399.45,0,1,0.0
M004724,38.5,0,3,19.1,3507.13,0,0,0.0
M004725,26.9,3,3,94.6,1314.47,1,0,-0.116316
M004726,62.7,0,2,56.3,3778.21,1,0,-0.091467
M004727,78.7,1,3,8.2,12977.21,1,0,-0.063586
M004728,39.3,1,3,24.1,1148.08,0,0,0.0
M004729,30.1,1,6,78.5,7420.14,0,0,0.0
M004730,17.5,2,2,43.7,461.73,1,0,-0.118697
M004731,58.0,2,3,44.7,657.78,0,0,0.0
M004732,24.6,0,1,32.0,1169.4,0,0,0.0
M004733,62.8,5,2,12.9,4083.73,0,1,0.0
M004734,14.3,0,2,125.3,595.92,0,0,0.0
M004735,49.9,1,4,5.4,542.87,0,0,0.0
M004736,50.9,1,3,34.1,2672.64,0,1,0.0
M004737,0.0,0,4,28.6,2006.8,0,0,0.0
M004738,1.2,2,2,37.2,5132.44,1,1,-0.077658
M004739,58.4,0,4,64.0,4073.57,0,0,0.0
M004740,51.6,1,2,11.0,3602.76,0,1,0.0
M004741,45.2,2,4,104.6,887.47,0,0,0.0
M004742,73.9,3,4,115.1,1475.09,1,1,-0.097025
M004743,20.2,2,3,115.1,22879.37,0,1,0.0
M004744,51.2,2,1,57.7,2325.94,0,1,0.0
M004745,29.2,1,3,101.8,3927.35,0,0,0.0
M004746,86.3,0,1,54.5,1564.39,0,1,0.0
M004747,67.2,4,3,75.2,1782.56,0,0,0.0
M004748,36.5,2,3,45.7,4127.6,0,0,0.0
M004749,53.8,0,1,72.3,1732.4,0,0,0.0
M004750,55.1,1,1,130.5,3772.53,1,0,-0.083917
M004751,11.3,1,1,45.4,8507.9,0,0,0.0
M004752,56.9,3,2,34.7,954.64,0,1,0.0
M004753,54.9,2,5,95.0,13861.79,0,0,0.0
M004754,40.9,0,2,42.7,4743.13,0,0,0.0
M004755,88.4,2,2,29.2,3037.44,1,0,-0.076844
M004756,9.3,1,2,73.7,1860.48,0,0,0.0
M004757,43.2,0,2,49.4,29788.23,0,0,0.0
M004758,33.5,0,3,22.0,4138.6,0,1,0.0
M004759,50.2,2,3,166.9,340.73,0,0,0.0
M004760,38.4,2,4,29.0,1596.49,0,0,0.0
M004761,41.2,1,1,62.2,3252.44,0,1,0.0
M004762,70.6,1,5,52.7,7617.7,1,0,-0.066063
M004763,60.9,0,4,12.9,3904.79,0,0,0.0
M004764,66.7,2,3,63.1,2228.31,0,1,0.0
M004765,55.7,0,4,139.8,3447.79,0,0,0.0
M004766,33.3,2,6,65.8,1697.43,1,0,-0.064573
M004767,0.0,0,1,71.9,6838.29,0,0,0.0
M004768,75.4,2,4,18.6,15371.66,0,0,0.0
M004769,72.9,0,2,115.5,1024.85,0,0,0.0
M004770,13.9,3,2,113.6,12231.19,1,0,-0.100761
M004771,27.2,0,2,28.4,9214.18,0,0,0.0
M004772,37.6,2,1,128.9,1903.23,0,0,0.0
M004773,36.9,0,3,5.4,2138.29,1,0,-0.093225
M004774,39.3,1,2,38.2,1722.86,0,1,0.0
M004775,13.0,1,1,35.6,4604.5,1,1,-0.09722
M004776,23.1,2,3,8.7,1102.75,1,0,-0.103448
M004777,59.6,2,2,43.5,10867.65,0,0,0.0
M004778,56.3,2,3,158.9,8559.22,0,0,0.0
M004779,91.8,2,5,141.1,4898.94,0,0,0.0
M004780,67.0,3,1,25.6,4060.62,0,1,0.0
M004781,45.1,0,1,50.1,2953.26,0,0,0.0
M004782,44.3,1,1,59.2,1862.37,0,0,0.0
M004783,25.8,3,2,75.6,7338.57,1,0,-0.122485
M004784,9.0,2,4,22.6,7035.08,1,0,-0.101322
M004785,39.8,0,3,62.1,5660.38,1,0,-0.091927
M004786,45.8,1,1,84.0,1198.95,0,1,0.0
M004787,2.1,1,1,13.0,5537.69,1,1,-0.076859
M004788,63.9,0,1,7.9,2204.45,0,0,0.0
M004789,91.2,4,3,36.4,1439.27,0,0,0.0
M004790,79.4,0,4,44.1,4494.57,0,1,0.0
M004791,92.0,3,4,59.4,3755.25,1,1,-0.122589
M004792,77.6,2,3,27.7,1060.04,0,1,0.0
M004793,20.6,2,1,24.4,2318.68,0,0,0.0
M004794,39.7,0,5,59.2,3689.71,1,0,-0.096752
M004795,25.6,0,3,52.2,2406.37,0,0,0.0
M004796,32.0,0,3,24.6,26139.7,0,1,0.0
M004797,37.1,0,2,70.4,1474.61,0,1,0.0
M004798,30.2,4,2,36.3,2930.47,0,0,0.0
M004799,0.0,2,1,41.4,1585.61,1,1,-0.094103
M004800,47.5,0,1,137.3,3244.17,1,0,-0.082482
M004801,79.4,0,6,49.2,8255.82,0,0,0.0
M004802,66.7,1,3,72.2,1947.85,0,1,0.0
M004803,48.2,3,2,36.9,7418.91,0,1,0.0
M004804,22.1,2,1,33.7,4740.99,1,0,-0.098357
M004805,90.3,1,4,83.8,14783.9,0,0,0.0
M004806,47.2,0,1,14.2,5792.85,0,0,0.0
M004807,43.1,2,1,11.9,2587.41,0,0,0.0
M004808,39.3,0,4,65.3,5853.25,0,0,0.0
M004809,55.7,4,5,20.0,19168.65,0,1,0.0
M004810,32.6,4,1,29.9,719.08,0,1,0.0
M004811,52.3,0,3,136.1,7001.93,0,0,0.0
M004812,60.7,1,1,78.3,7317.28,0,0,0.0
M004813,42.5,2,2,24.8,3448.29,0,0,0.0
M004814,11.5,0,4,29.2,2576.75,0,1,0.0
M004815,46.4,2,5,73.6,407.19,0,0,0.0
M004816,20.9,1,4,13.1,1299.37,0,1,0.0
M004817,80.9,0,2,114.2,6041.12,0,1,0.0
M004818,53.0,2,6,35.7,14815.53,0,0,0.0
M004819,9.7,0,4,11.6,569.94,0,1,0.0
M004820,67.3,1,1,72.4,1807.81,1,0,-0.087013
M004821,54.0,2,2,78.1,2586.94,0,1,0.0
M004822,54.7,2,3,77.0,5202.81,0,0,0.0
M004823,70.8,0,2,37.4,8194.47,0,0,0.0
M004824,70.6,1,2,31.4,5681.18,1,0,-0.09941
M004825,32.5,3,3,55.5,2417.44,1,0,-0.096142
M004826,21.5,2,2,74.4,13265.31,0,1,0.0
M004827,3.5,0,3,77.2,24159.22,0,0,0.0
M004828,27.3,1,1,69.7,4445.68,0,1,0.0
M004829,19.0,1,2,133.5,1517.69,1,0,-0.110093
M004830,43.5,0,5,89.4,2472.55,1,0,-0.102037
M004831,46.1,0,3,37.5,2248.2,0,0,0.0
M004832,52.1,4,2,89.6,2331.0,1,1,-0.108424
M004833,23.5,0,1,88.0,1257.98,0,0,0.0
M004834,59.8,3,3,31.8,2682.37,1,0,-0.103657
M004835,21.9,4,3,30.8,2361.16,1,1,-0.116869
M004836,48.4,3,2,18.3,1064.14,1,1,-0.109273
M004837,58.5,0,1,64.2,1250.53,0,0,0.0
M004838,16.9,0,4,6.5,801.69,0,0,0.0
M004839,37.5,3,4,67.1,4491.55,1,0,-0.110205
M004840,43.6,0,2,28.9,337.39,1,1,-0.096603
M004841,16.4,4,3,110.6,6612.15,0,1,0.0
M004842,40.4,1,1,58.2,1066.73,0,0,0.0
M004843,42.5,2,3,48.3,159.76,1,0,-0.112462
M004844,46.0,3,2,75.9,2155.68,1,1,-0.112914
M004845,32.9,2,5,113.7,8444.4,0,0,0.0
M004846,25.6,0,3,85.9,287.47,0,1,0.0
M004847,26.9,2,3,60.8,19412.9,0,0,0.0
M004848,27.1,4,2,22.2,4509.13,1,1,-0.062363
M004849,44.8,1,4,56.9,1891.16,1,0,-0.05836
M004850,33.1,3,6,76.8,355.36,0,1,0.0
M004851,77.5,2,2,33.7,5683.66,0,0,0.0
M004852,26.1,1,2,57.3,6806.92,0,0,0.0
M004853,57.1,0,1,79.4,1397.58,0,0,0.0
M004854,35.1,1,1,5.9,4388.69,0,0,0.0
M004855,65.8,2,3,48.8,1056.18,0,0,0.0
M004856,38.0,2,1,35.9,5110.57,0,1,0.0
M004857,60.9,2,2,105.9,1977.76,0,0,0.0
M004858,59.3,2,2,57.6,3812.53,1,0,-0.107762
M004859,19.2,2,1,144.1,1870.13,0,1,0.0
M004860,10.6,0,1,37.5,3697.42,0,1,0.0
M004861,41.4,1,2,95.5,1712.13,1,0,-0.064127
M004862,12.9,0,4,115.4,7173.51,0,0,0.0
M004863,73.6,2,3,80.4,20719.94,0,0,0.0
M004864,33.0,4,1,63.5,7284.14,0,0,0.0
M004865,64.9,0,1,90.6,3607.53,0,0,0.0
M004866,48.0,1,4,45.8,5905.39,0,1,0.0
M004867,13.1,2,1,29.2,19198.31,1,1,-0.089589
M004868,7.7,4,2,18.8,9892.2,0,1,0.0
M004869,0.8,2,3,69.6,8674.1,0,1,0.0
M004870,39.8,2,4,69.8,4868.55,0,0,0.0
M004871,39.1,0,1,16.6,7038.47,0,0,0.0
M004872,58.3,1,5,100.7,4960.37,0,1,0.0
M004873,48.7,1,3,77.7,3476.7,0,0,0.0
M004874,52.3,0,2,94.9,2530.39,0,0,0.0
M004875,24.2,3,1,48.7,7923.54,0,1,0.0
M004876,61.2,2,1,43.7,656.78,0,0,0.0
M004877,51.2,1,1,14.9,5681.95,0,1,0.0
M004878,41.5,0,2,23.0,2438.42,0,0,0.0
M004879,67.7,2,3,43.2,2184.86,1,0,-0.081526
M004880,32.5,1,3,30.2,1317.17,0,0,0.0
M004881,43.2,2,2,140.8,19733.17,0,0,0.0
M004882,64.8,2,2,85.4,2096.0,1,0,-0.06903
M004883,60.5,3,2,31.1,1379.7,1,1,-0.095829
M004884,62.9,3,2,125.9,3598.66,1,0,-0.103294
M004885,46.5,1,2,44.3,1638.51,0,0,0.0
M004886,56.9,2,1,66.3,1977.94,0,0,0.0
M004887,62.1,0,1,38.4,1603.21,0,0,0.0
M004888,81.2,1,4,38.3,3607.71,0,0,0.0
M004889,62.6,5,2,31.6,1350.74,1,1,-0.092752
M004890,66.1,4,4,63.2,3022.57,0,1,0.0
M004891,57.0,4,1,11.5,1321.33,1,1,-0.106625
M004892,33.4,1,2,37.5,2084.33,1,1,-0.084343
M004893,29.4,0,4,9.2,4570.57,0,0,0.0
M004894,0.0,0,1,15.5,1649.74,0,1,0.0
M004895,17.7,0,2,52.2,2679.94,0,1,0.0
M004896,19.7,2,1,108.2,1573.35,0,1,0.0
M004897,46.0,1,1,93.4,1639.48,0,1,0.0
M004898,75.2,3,4,42.0,306.35,0,1,0.0
M004899,18.7,2,2,31.1,899.04,1,1,-0.09759
M004900,45.1,1,1,17.3,4884.03,0,0,0.0
M004901,61.5,0,2,19.0,5110.63,1,0,-0.083397
M004902,33.1,0,1,147.9,1732.16,1,0,-0.05724
M004903,22.5,2,4,93.2,8705.05,1,0,-0.120975
M004904,52.3,3,3,42.6,15882.22,0,1,0.0
M004905,72.6,1,2,78.6,5775.59,0,0,0.0
M004906,38.5,4,5,71.9,3925.48,1,1,-0.115614
M004907,68.6,1,3,15.5,681.97,0,0,0.0
M004908,59.7,2,4,33.2,2923.68,0,0,0.0
M004909,62.3,2,6,69.0,466.68,0,0,0.0
M004910,17.1,0,2,13.1,9177.22,1,0,-0.063081
M004911,70.1,2,4,22.1,5815.37,0,0,0.0
M004912,53.2,1,2,82.6,3497.94,0,0,0.0
M004913,24.3,2,3,46.5,3182.0,1,1,-0.10972
M004914,42.0,3,2,31.2,7676.11,1,1,-0.109003
M004915,6.6,0,1,31.3,3397.98,0,0,0.0
M004916,39.4,1,3,15.8,1574.25,0,0,0.0
M004917,53.7,2,6,68.4,1971.55,0,1,0.0
M004918,38.4,2,1,60.0,2702.58,0,0,0.0
M004919,57.6,3,2,92.3,1788.59,1,1,-0.10287
M004920,29.1,1,2,56.9,1224.29,0,0,0.0
M004921,59.8,1,3,56.1,3786.2,0,1,0.0
M004922,87.4,3,2,52.8,9981.98,1,0,-0.11304
M004923,39.7,2,2,25.7,18280.72,0,0,0.0
M004924,47.3,1,2,100.3,3019.02,0,1,0.0
M004925,12.9,1,1,10.8,6063.16,1,1,-0.091265
M004926,72.1,1,1,69.4,2218.06,0,0,0.0
M004927,46.4,2,4,28.5,1083.79,0,1,0.0
M004928,81.6,4,3,136.6,2608.96,1,1,-0.112287
M004929,27.0,1,1,28.6,658.01,0,1,0.0
M004930,34.2,1,2,27.1,1050.8,0,0,0.0
M004931,61.7,1,2,40.5,3888.82,0,1,0.0
M004932,56.1,2,2,25.1,7337.57,0,0,0.0
M004933,17.2,1,3,49.1,2210.05,1,1,-0.07069
M004934,79.6,3,1,45.7,503.67,0,1,0.0
M004935,33.9,0,4,18.9,1226.95,1,0,-0.091131
M004936,34.6,2,1,25.1,2156.18,0,0,0.0
M004937,83.5,3,2,9.5,1534.97,0,1,0.0
M004938,60.2,0,6,89.4,4865.18,1,0,-0.077405
M004939,67.3,1,1,24.4,854.33,0,0,0.0
M004940,59.3,1,1,15.3,3784.4,0,0,0.0
M004941,69.0,0,3,41.0,717.81,0,0,0.0
M004942,82.1,0,1,33.9,6964.37,0,1,0.0
M004943,7.9,1,2,64.7,1945.48,1,1,-0.087771
M004944,55.6,2,4,120.7,8581.18,0,1,0.0
M004945,73.8,1,4,26.8,2403.09,0,1,0.0
M004946,31.5,3,1,89.0,1000.36,1,1,-0.112785
M004947,59.2,2,2,62.7,3471.71,0,1,0.0
M004948,57.6,0,4,26.1,642.05,0,0,0.0
M004949,32.6,0,4,139.9,5135.31,0,0,0.0
M004950,34.6,3,4,165.4,1216.59,1,1,-0.119662
M004951,34.5,1,1,47.2,3488.02,0,0,0.0
M004952,47.0,1,3,63.0,9072.24,1,0,-0.064267
M004953,11.6,1,1,27.7,541.86,0,1,0.0
M004954,52.0,1,1,34.7,2236.59,1,0,-0.113606
M004955,56.3,4,5,107.8,2663.8,0,1,0.0
M004956,29.5,2,4,40.2,2948.79,0,0,0.0
M004957,47.4,2,3,27.2,6442.28,0,1,0.0
M004958,95.4,1,1,58.2,50772.6,1,0,-0.095191
M004959,79.8,3,3,81.0,670.75,1,1,-0.095907
M004960,78.3,2,2,168.8,3060.62,0,0,0.0
M004961,64.7,0,4,19.5,6118.57,0,0,0.0
M004962,55.9,1,5,87.0,2154.41,0,0,0.0
M004963,57.1,2,2,40.2,4142.33,0,1,0.0
M004964,39.4,3,3,29.8,1165.01,1,0,-0.111244
M004965,39.4,1,1,61.6,1800.33,0,0,0.0
M004966,36.4,2,5,18.2,2351.0,1,0,-0.081235
M004967,31.1,4,5,158.6,7595.0,0,1,0.0
M004968,33.4,3,2,31.5,3643.38,1,0,-0.11392
M004969,18.7,4,1,95.2,5343.53,1,1,-0.106647
M004970,42.0,0,1,45.9,9347.61,0,0,0.0
M004971,80.5,3,1,19.6,17743.43,1,0,-0.076999
M004972,35.7,3,4,54.4,2991.52,0,1,0.0
M004973,14.6,1,2,90.8,4463.95,1,0,-0.11822
M004974,43.5,2,1,21.2,12770.41,1,0,-0.072378
M004975,28.1,2,3,23.6,2767.84,1,0,-0.086745
M004976,82.5,1,1,50.3,8835.32,1,0,-0.107777
M004977,26.5,1,2,75.1,3430.73,0,0,0.0
M004978,88.8,0,2,72.9,2302.12,1,0,-0.088624
M004979,64.8,2,2,43.2,3750.65,0,0,0.0
M004980,64.3,2,1,41.4,8358.69,0,0,0.0
M004981,50.5,3,1,57.3,2078.55,0,1,0.0
M004982,61.0,1,4,124.6,194.26,0,0,0.0
M004983,47.0,3,2,167.1,9781.44,1,1,-0.104088
M004984,33.9,2,4,51.5,4711.17,0,0,0.0
M004985,76.1,2,2,103.7,1381.5,0,0,0.0
M004986,44.8,1,4,127.0,2166.31,0,1,0.0
M004987,27.1,2,3,34.7,22613.7,0,0,0.0
M004988,47.3,2,3,22.4,592.37,0,0,0.0
M004989,63.1,1,1,68.8,1753.58,0,0,0.0
M004990,56.4,2,4,40.5,2256.57,1,0,-0.09941
M004991,22.8,2,1,42.4,1399.42,1,1,-0.112293
M004992,72.6,0,3,50.9,565.71,0,0,0.0
M004993,27.2,0,5,86.2,21389.21,0,0,0.0
M004994,46.5,1,1,26.6,4121.0,0,0,0.0
M004995,66.4,4,2,23.6,1835.95,1,0,-0.120867
M004996,76.3,0,5,10.1,4511.39,0,0,0.0
M004997,40.0,0,1,131.3,4547.82,1,0,-0.082686
M004998,59.5,1,1,75.9,10488.09,0,0,0.0
M004999,40.1,1,5,67.0,2169.69,1,0,-0.075266
M005000,59.2,1,2,62.5,21434.63,0,0,0.0
M005001,18.8,3,1,68.6,377.69,0,1,0.0
M005002,85.0,0,4,21.7,13046.13,1,0,-0.086815
M005003,40.5,3,3,21.0,4825.6,0,0,0.0
M005004,45.4,2,3,107.5,3501.65,1,0,-0.102724
M005005,24.4,2,1,62.3,21065.26,1,1,-0.117266
M005006,29.8,0,4,42.3,9749.81,1,0,-0.055016
M005007,32.3,1,2,12.6,2013.42,0,0,0.0
M005008,39.5,3,4,68.7,24937.56,0,1,0.0
M005009,44.8,2,1,60.2,1259.06,0,0,0.0
M005010,45.7,2,3,24.7,2437.31,0,0,0.0
M005011,55.4,2,1,76.2,574.84,0,0,0.0
M005012,34.7,0,1,30.0,2325.66,0,1,0.0
M005013,85.2,0,5,41.1,2628.16,0,1,0.0
M005014,4.9,1,1,120.4,2898.42,1,0,-0.123278
M005015,66.0,1,1,36.2,830.39,0,0,0.0
M005016,41.3,0,1,44.0,7736.16,0,0,0.0
M005017,43.0,3,3,67.4,1566.99,1,1,-0.106644
M005018,16.2,4,1,42.0,2838.95,1,0,-0.08452
M005019,51.9,1,2,92.8,6725.59,1,0,-0.064298
M005020,23.0,2,3,44.5,481.78,0,0,0.0
M005021,61.9,0,5,43.8,819.26,0,0,0.0
M005022,27.7,1,3,12.7,865.94,0,0,0.0
M005023,19.6,2,5,18.8,6158.92,1,1,-0.10597
M005024,34.8,1,1,33.0,5266.48,1,0,-0.098325
M005025,77.0,0,4,31.4,5268.21,0,0,0.0
M005026,35.9,2,1,13.6,1336.06,0,0,0.0
M005027,28.0,2,2,76.7,3873.43,0,1,0.0
M005028,58.5,1,3,65.5,1433.02,0,0,0.0
M005029,41.1,1,2,12.7,19925.55,0,0,0.0
M005030,43.8,0,3,102.7,2526.06,0,0,0.0
M005031,71.0,0,2,2.5,2407.07,0,0,0.0
M005032,14.8,1,2,62.3,2102.87,0,1,0.0
M005033,49.8,1,1,84.3,2015.23,0,1,0.0
M005034,32.1,1,4,11.3,3333.94,0,0,0.0
M005035,53.2,0,2,23.8,104.27,0,0,0.0
M005036,32.9,2,1,44.1,1078.49,0,1,0.0
M005037,51.8,2,1,79.6,1136.43,0,0,0.0
M005038,53.5,1,1,110.9,1549.39,1,0,-0.069212
M005039,65.9,3,3,285.8,1443.23,1,0,-0.116841
M005040,42.9,0,1,37.4,4170.1,0,0,0.0
M005041,31.8,0,3,180.5,3315.32,0,0,0.0
M005042,54.4,1,3,47.6,996.83,1,0,-0.074122
M005043,45.0,4,4,14.0,1626.69,0,1,0.0
M005044,34.6,2,3,32.5,1727.79,0,1,0.0
M005045,73.2,0,1,44.2,4575.6,0,1,0.0
M005046,19.5,0,3,135.6,2489.97,0,1,0.0
M005047,63.0,5,1,36.8,9909.54,0,0,0.0
M005048,56.0,4,3,32.1,3692.14,1,1,-0.110796
M005049,61.2,1,5,31.3,3930.34,0,0,0.0
M005050,56.5,3,1,97.8,3511.1,0,1,0.0
M005051,24.5,1,3,67.6,1170.51,1,0,-0.083071
M005052,59.2,3,5,77.0,4063.1,1,1,-0.105635
M005053,42.8,2,1,69.4,2524.38,0,1,0.0
M005054,37.0,0,1,29.8,6188.65,1,1,-0.092037
M005055,80.6,4,4,88.0,17218.36,1,1,-0.12103
M005056,25.7,2,1,157.5,13642.23,0,1,0.0
M005057,55.0,1,3,34.4,10458.35,0,1,0.0
M005058,56.7,2,3,68.4,1744.79,0,0,0.0
M005059,48.4,1,2,40.9,659.43,1,1,-0.097848
M005060,37.4,1,3,55.4,4589.17,0,0,0.0
M005061,0.0,2,3,94.5,1533.22,1,1,-0.074711
M005062,80.1,3,1,37.6,4803.86,0,0,0.0
M005063,30.6,2,1,59.0,2087.79,0,1,0.0
M005064,67.1,2,4,51.8,1222.28,1,0,-0.10942
M005065,52.3,1,5,104.1,2142.46,1,0,-0.081664
M005066,0.6,4,2,56.4,3235.1,0,1,0.0
M005067,50.2,2,1,18.4,1303.46,1,0,-0.098364
M005068,38.2,0,4,63.4,11514.22,0,0,0.0
M005069,28.3,0,2,29.6,1579.54,0,0,0.0
M005070,18.7,2,1,46.0,8142.32,0,1,0.0
M005071,61.1,3,1,7.4,11082.23,1,1,-0.051206
M005072,26.2,0,4,17.6,2320.4,1,0,-0.108803
M005073,41.2,1,2,157.0,25513.14,0,0,0.0
M005074,38.9,2,3,95.5,3217.11,1,0,-0.070104
M005075,38.9,3,3,36.4,1125.85,1,0,-0.102783
M005076,48.1,1,1,74.9,86.25,0,1,0.0
M005077,48.6,2,3,119.5,4384.63,0,0,0.0
M005078,43.5,5,1,117.6,2702.23,1,1,-0.109368
M005079,57.1,2,2,95.7,1519.17,1,0,-0.092408
M005080,42.7,1,4,64.3,261.54,0,0,0.0
M005081,22.8,0,1,36.8,2884.25,0,0,0.0
M005082,22.8,1,1,59.9,3471.06,1,1,-0.103558
M005083,68.7,0,3,101.6,839.59,0,0,0.0
M005084,56.9,1,1,93.4,1446.99,1,0,-0.107672
M005085,45.1,3,5,10.9,513.02,0,1,0.0
M005086,21.6,1,2,101.2,2586.36,0,1,0.0
M005087,36.6,2,2,85.2,1132.66,0,0,0.0
M005088,42.1,3,2,97.0,500.87,1,1,-0.10076
M005089,27.4,2,5,37.1,11618.54,0,0,0.0
M005090,27.8,1,1,43.4,2120.02,0,1,0.0
M005091,60.0,1,2,30.8,9767.98,0,1,0.0
M005092,46.4,1,3,77.2,598.37,0,0,0.0
M005093,75.2,2,4,121.0,5423.78,0,1,0.0
M005094,19.8,2,1,37.8,2408.27,1,1,-0.11488
M005095,55.5,1,4,47.7,2601.92,0,0,0.0
M005096,65.6,1,2,44.5,3846.18,0,1,0.0
M005097,64.6,0,2,45.9,3771.44,1,0,-0.08708
M005098,60.5,2,4,80.1,3585.14,0,0,0.0
M005099,51.4,3,3,45.7,1625.77,0,1,0.0
M005100,46.0,1,3,60.2,607.55,0,1,0.0
M005101,0.0,1,3,33.2,675.77,0,1,0.0
M005102,37.4,2,1,49.7,3571.57,1,1,-0.080231
M005103,59.0,3,5,71.3,5239.18,1,0,-0.100909
M005104,69.5,0,2,81.5,8041.32,1,0,-0.082509
M005105,45.1,2,1,115.0,34863.85,1,0,-0.105936
M005106,41.8,1,1,52.5,2579.87,0,0,0.0
M005107,37.0,3,1,74.5,1820.08,1,1,-0.092933
M005108,48.8,5,5,26.5,2314.12,1,1,-0.081199
M005109,69.1,4,1,76.5,1365.84,0,0,0.0
M005110,66.4,0,4,40.2,385.95,0,0,0.0
M005111,39.1,1,1,178.1,531.08,0,1,0.0
M005112,14.1,3,1,30.5,8243.78,1,1,-0.101294
M005113,31.4,1,4,36.8,633.49,0,0,0.0
M005114,30.3,0,2,8.3,1747.73,0,0,0.0
M005115,33.7,0,2,26.8,4044.23,0,0,0.0
M005116,30.8,3,1,143.3,5903.97,1,1,-0.086805
M005117,51.1,4,2,43.5,656.86,1,1,-0.090254
M005118,46.7,5,5,60.1,1274.21,0,1,0.0
M005119,68.5,1,4,31.0,10983.78,0,0,0.0
M005120,55.2,1,1,109.2,4107.4,0,0,0.0
M005121,8.0,2,3,122.0,2102.66,0,0,0.0
M005122,38.2,3,4,79.0,405.61,1,0,-0.121641
M005123,30.3,2,2,64.4,1737.79,0,0,0.0
M005124,41.7,1,4,3.3,1385.8,0,0,0.0
M005125,63.7,1,3,60.0,4062.9,1,0,-0.081678
M005126,12.9,2,6,40.7,6317.36,0,1,0.0
M005127,43.5,0,5,27.8,1276.52,0,0,0.0
M005128,52.5,0,4,34.5,4629.19,0,0,0.0
M005129,57.0,1,5,23.9,933.45,0,1,0.0
M005130,26.1,2,3,38.2,1746.53,0,0,0.0
M005131,56.4,2,1,22.9,15260.74,1,0,-0.080236
M005132,40.3,1,1,115.5,1698.66,0,1,0.0
M005133,92.4,3,4,52.6,1481.15,1,0,-0.118057
M005134,72.8,0,3,10.7,6000.68,0,0,0.0
M005135,10.8,2,1,94.8,5966.13,1,0,-0.120815
M005136,54.5,3,1,134.5,13735.45,1,1,-0.08837
M005137,64.2,2,1,43.5,3612.9,0,0,0.0
M005138,41.1,1,2,55.0,5848.85,0,0,0.0
M005139,34.0,3,2,157.8,16587.6,0,1,0.0
M005140,22.3,2,1,31.2,823.38,0,1,0.0
M005141,52.5,2,3,30.6,2587.55,0,0,0.0
M005142,79.1,0,2,125.0,5060.11,0,1,0.0
M005143,33.5,2,1,79.0,432.4,0,0,0.0
M005144,27.8,0,3,107.8,4486.22,1,0,-0.083502
M005145,47.0,4,3,59.3,33095.87,1,1,-0.087851
M005146,45.8,2,1,38.1,707.03,0,0,0.0
M005147,26.6,2,3,77.0,1122.2,1,0,-0.099545
M005148,35.7,0,5,104.4,1861.84,0,1,0.0
M005149,48.2,1,2,15.6,9603.47,0,1,0.0
M005150,30.1,0,3,21.1,9075.06,0,0,0.0
M005151,33.0,2,5,80.9,16178.93,0,0,0.0
M005152,37.9,0,5,39.0,2083.94,0,0,0.0
M005153,72.9,1,5,39.2,916.03,0,0,0.0
M005154,59.7,3,2,71.5,321.36,1,1,-0.112518
M005155,65.2,0,1,102.1,1993.58,1,1,-0.109699
M005156,45.7,0,1,7.9,4959.01,1,0,-0.087602
M005157,42.7,3,3,37.6,2793.92,0,1,0.0
M005158,59.6,2,1,85.8,5716.19,1,0,-0.082605
M005159,56.3,0,6,13.4,31483.87,0,1,0.0
M005160,33.6,3,1,47.4,10466.31,1,1,-0.092995
M005161,17.5,3,4,24.7,1568.13,1,1,-0.105058
M005162,68.0,1,5,91.7,14381.7,0,1,0.0
M005163,13.6,1,3,38.1,5865.36,0,1,0.0
M005164,57.8,2,1,150.2,974.2,1,0,-0.085443
M005165,52.0,4,5,51.2,3261.58,1,0,-0.101499
M005166,39.3,0,4,7.6,7324.84,0,1,0.0
M005167,59.0,1,2,118.3,1163.9,0,0,0.0
M005168,30.6,1,4,93.7,10664.8,0,0,0.0
M005169,61.6,3,2,8.1,997.29,1,1,-0.06904
M005170,56.1,2,1,32.7,8870.75,0,0,0.0
M005171,47.5,2,1,21.9,1717.8,0,1,0.0
M005172,47.5,1,1,51.6,1986.84,0,0,0.0
M005173,57.1,2,3,48.2,3646.98,1,0,-0.093654
M005174,68.4,0,3,60.1,652.29,1,0,-0.077814
M005175,2.3,3,3,68.0,58758.58,1,1,-0.095914
M005176,49.9,1,3,24.8,4368.21,0,1,0.0
M005177,32.6,3,4,43.0,127.56,1,1,-0.112875
M005178,45.3,1,3,49.9,3130.72,0,0,0.0
M005179,9.0,5,2,113.3,1972.38,0,0,0.0
M005180,0.0,5,5,71.4,3592.19,1,1,-0.120496
M005181,67.6,2,3,18.7,2440.6,1,0,-0.085846
M005182,34.0,2,2,59.8,4302.05,0,0,0.0
M005183,43.2,1,2,73.3,4628.96,0,0,0.0
M005184,30.2,2,4,13.8,3290.29,0,1,0.0
M005185,32.8,1,3,45.2,6844.28,1,0,-0.069852
M005186,49.4,3,5,80.0,2089.55,1,0,-0.108168
M005187,51.8,4,2,30.2,1840.43,0,1,0.0
M005188,50.7,3,2,68.7,8141.92,0,1,0.0
M005189,81.7,2,1,89.8,5384.21,0,0,0.0
M005190,50.3,3,3,87.3,1075.97,0,0,0.0
M005191,13.6,2,2,101.9,1807.83,1,0,-0.113611
M005192,52.4,1,4,114.9,5006.4,0,0,0.0
M005193,57.8,1,4,36.1,1860.09,0,0,0.0
M005194,19.0,3,3,24.1,1030.64,0,0,0.0
M005195,27.4,3,6,31.2,20351.83,1,1,-0.099857
M005196,36.3,0,1,101.3,1108.94,0,0,0.0
M005197,11.9,1,5,18.6,2841.47,1,1,-0.104713
M005198,53.7,2,2,58.7,4486.95,0,0,0.0
M005199,69.4,3,1,81.4,783.18,1,1,-0.087471
M005200,41.5,1,2,97.6,1432.39,0,0,0.0
M005201,61.7,4,4,59.4,5320.81,1,1,-0.105797
M005202,32.9,0,2,36.1,5399.49,0,0,0.0
M005203,39.1,2,2,67.5,8478.79,0,0,0.0
M005204,25.8,2,3,77.1,5492.05,1,0,-0.067661
M005205,14.4,0,2,100.0,1565.53,0,0,0.0
M005206,38.6,2,5,21.6,1024.58,0,0,0.0
M005207,44.9,1,1,47.2,6869.28,0,0,0.0
M005208,9.7,3,3,12.1,2074.24,1,0,-0.110848
M005209,51.1,1,1,44.3,5097.99,0,0,0.0
M005210,24.7,0,1,31.1,5623.37,0,0,0.0
M005211,63.1,4,3,92.9,4204.17,1,1,-0.1234
M005212,46.5,3,3,28.8,1672.2,1,1,-0.105059
M005213,55.2,3,3,49.7,2274.82,0,0,0.0
M005214,43.7,1,3,41.6,5755.53,0,1,0.0
M005215,73.8,0,2,60.1,3490.59,0,0,0.0
M005216,43.8,0,2,66.3,6258.63,0,0,0.0
M005217,24.0,2,2,156.5,4200.79,1,1,-0.123735
M005218,57.9,4,2,70.6,1945.62,1,0,-0.110597
M005219,14.6,2,4,131.1,1509.45,0,1,0.0
M005220,22.7,3,2,74.0,2077.76,1,1,-0.120811
M005221,49.8,1,2,21.5,6108.87,1,0,-0.094449
M005222,17.8,1,3,159.1,869.03,1,1,-0.124225
M005223,0.0,2,4,57.2,3397.71,0,0,0.0
M005224,23.1,3,1,142.2,1655.2,1,0,-0.122074
M005225,23.5,1,1,76.2,10917.72,1,0,-0.111047
M005226,78.2,3,1,34.1,2915.23,0,0,0.0
M005227,67.2,0,4,41.6,758.65,0,0,0.0
M005228,43.8,3,3,58.7,16083.07,1,0,-0.122612
M005229,37.7,0,1,29.0,2997.5,0,0,0.0
M005230,18.5,1,3,20.3,11106.59,1,1,-0.096982
M005231,31.8,3,4,14.1,435.14,1,1,-0.100947
M005232,51.6,2,5,38.7,3433.94,0,0,0.0
M005233,21.5,1,1,70.8,6834.19,1,0,-0.11043
M005234,26.1,2,1,19.3,8057.7,0,0,0.0
M005235,0.0,1,1,52.0,34801.43,1,0,-0.112251
M005236,58.7,3,2,108.3,7619.97,1,0,-0.101893
M005237,50.8,0,2,68.7,3657.34,0,0,0.0
M005238,75.1,3,1,59.1,2124.6,0,1,0.0
M005239,62.0,2,1,61.1,2780.25,0,0,0.0
M005240,77.2,0,1,50.2,5220.52,0,1,0.0
M005241,36.5,4,4,57.0,697.63,1,1,-0.078398
M005242,5.2,0,6,36.0,37862.69,0,1,0.0
M005243,66.5,1,2,37.4,4359.61,0,0,0.0
M005244,80.8,0,5,42.6,20057.79,0,0,0.0
M005245,28.2,2,2,11.3,3162.89,0,0,0.0
M005246,50.9,1,3,68.2,583.07,0,0,0.0
M005247,27.1,2,2,74.9,4266.65,0,1,0.0
M005248,50.1,0,1,72.4,3704.92,0,0,0.0
M005249,41.0,3,2,45.2,120.38,0,1,0.0
M005250,11.9,2,1,60.7,2281.8,1,1,-0.107454
M005251,58.9,2,1,94.7,2186.07,0,0,0.0
M005252,55.8,2,1,9.9,1047.76,0,1,0.0
M005253,29.1,4,6,54.2,3510.07,1,1,-0.084755
M005254,75.4,1,3,84.6,17276.79,0,1,0.0
M005255,85.2,2,1,38.8,3892.4,0,0,0.0
M005256,35.9,0,2,25.1,5077.47,0,1,0.0
M005257,25.1,1,4,26.6,22193.67,0,0,0.0
M005258,43.3,1,3,22.9,4720.98,0,0,0.0
M005259,9.5,5,4,64.7,7756.98,0,0,0.0
M005260,54.2,3,2,179.9,3919.36,0,1,0.0
M005261,34.9,0,2,115.7,2707.81,0,0,0.0
M005262,30.8,1,5,88.9,579.6,0,1,0.0
M005263,74.9,3,1,78.6,2806.02,0,1,0.0
M005264,42.2,1,1,23.8,1619.99,0,1,0.0
M005265,54.5,2,1,68.1,5403.84,0,0,0.0
M005266,74.2,1,4,38.8,9062.56,0,0,0.0
M005267,24.2,0,3,54.6,2234.14,0,0,0.0
M005268,45.6,1,1,115.2,6838.43,0,1,0.0
M005269,56.6,1,2,12.7,10735.99,0,0,0.0
M005270,70.3,2,5,55.7,4304.14,0,0,0.0
M005271,55.7,1,2,4.7,1958.5,0,0,0.0
M005272,57.2,0,5,64.7,8666.87,0,0,0.0
M005273,54.7,2,4,115.9,4445.44,1,0,-0.078676
M005274,74.9,3,2,48.6,11988.16,0,0,0.0
M005275,65.7,1,4,28.9,750.64,0,0,0.0
M005276,25.9,0,4,20.7,2068.07,0,0,0.0
M005277,64.6,2,2,23.7,7052.21,0,1,0.0
M005278,57.8,1,2,69.2,5688.8,0,0,0.0
M005279,13.3,0,2,76.9,3048.43,0,1,0.0
M005280,47.5,2,2,57.6,1258.12,0,0,0.0
M005281,44.5,1,1,45.0,3812.05,0,1,0.0
M005282,54.9,1,2,54.4,23399.24,0,1,0.0
M005283,37.1,3,3,73.4,4415.04,1,0,-0.121105
M005284,66.9,2,1,83.4,1374.0,0,0,0.0
M005285,22.1,0,5,23.9,8179.7,1,1,-0.113474
M005286,84.1,2,5,38.2,2601.93,0,0,0.0
M005287,61.9,4,4,46.6,15902.08,1,0,-0.107342
M005288,61.2,1,2,63.6,2441.81,0,1,0.0
M005289,54.0,2,3,17.9,3547.4,0,0,0.0
M005290,71.8,3,5,43.3,8280.45,0,1,0.0
M005291,83.0,0,3,79.7,3097.08,1,0,-0.079723
M005292,33.1,3,3,96.2,1540.63,1,1,-0.114783
M005293,28.2,3,1,60.0,4978.13,1,1,-0.09173
M005294,59.4,1,1,28.2,488.2,0,0,0.0
M005295,39.5,2,4,87.0,8612.49,0,0,0.0
M005296,36.2,1,1,45.0,802.96,1,0,-0.089659
M005297,17.9,3,3,101.9,15942.75,1,1,-0.112203
M005298,12.4,2,4,13.2,958.44,1,1,-0.103767
M005299,31.8,0,4,54.1,3582.36,0,0,0.0
M005300,55.9,2,1,117.5,1859.89,0,0,0.0
M005301,33.8,0,4,73.8,185.03,0,0,0.0
M005302,65.5,3,4,184.5,196.74,0,1,0.0
M005303,47.5,0,1,61.0,1100.08,0,0,0.0
M005304,38.0,0,2,14.3,7304.19,0,0,0.0
M005305,81.9,1,4,14.6,678.1,0,1,0.0
M005306,66.3,0,2,35.7,993.47,1,0,-0.10756
M005307,51.7,2,2,59.8,333.72,0,0,0.0
M005308,37.8,0,3,113.1,1705.9,0,1,0.0
M005309,88.4,2,1,111.3,1068.21,1,0,-0.079502
M005310,31.1,3,1,64.8,13466.24,1,1,-0.120099
M005311,48.9,2,2,99.7,2011.83,0,0,0.0
M005312,59.1,2,5,44.5,4331.23,0,0,0.0
M005313,42.4,1,1,31.2,6414.11,0,0,0.0
M005314,36.5,1,2,79.5,2559.93,0,0,0.0
M005315,65.9,1,2,140.4,482.59,0,1,0.0
M005316,28.4,1,1,54.7,7239.38,0,0,0.0
M005317,72.3,3,1,68.4,3826.88,1,0,-0.101979
M005318,32.5,1,3,92.0,3956.24,0,0,0.0
M005319,33.1,1,4,148.4,17447.45,0,0,0.0
M005320,36.9,2,3,37.0,1160.62,0,0,0.0
M005321,24.0,1,1,144.5,1790.48,1,1,-0.122706
M005322,50.1,0,1,5.3,5652.42,0,0,0.0
M005323,71.1,0,6,23.2,6689.98,0,0,0.0
M005324,35.6,2,2,27.1,16037.35,0,1,0.0
M005325,27.1,1,1,48.6,3803.42,1,1,-0.122863
M005326,39.9,2,1,29.3,2244.22,0,1,0.0
M005327,57.7,2,1,147.2,5992.62,0,1,0.0
M005328,38.7,1,2,46.0,20198.78,0,1,0.0
M005329,44.0,2,3,115.9,870.61,0,0,0.0
M005330,21.6,0,3,79.3,7722.16,0,0,0.0
M005331,42.9,1,1,51.3,1444.84,0,0,0.0
M005332,9.8,2,2,112.1,535.82,1,0,-0.101243
M005333,56.3,2,4,70.9,3200.63,0,0,0.0
M005334,18.1,4,2,85.4,12955.67,0,0,0.0
M005335,21.4,1,2,82.5,1532.93,1,1,-0.116806
M005336,76.2,1,2,9.7,2516.86,0,0,0.0
M005337,0.0,0,4,37.3,1280.33,0,1,0.0
M005338,11.3,0,2,43.3,4466.0,0,0,0.0
M005339,28.7,0,1,26.3,5780.09,0,0,0.0
M005340,20.6,2,1,22.4,3240.85,0,0,0.0
M005341,43.9,0,3,70.6,2317.61,0,0,0.0
M005342,69.3,0,3,46.0,1933.92,1,0,-0.102226
M005343,43.6,2,2,14.3,8367.11,0,1,0.0
M005344,55.4,1,5,18.4,11281.76,0,1,0.0
M005345,36.0,2,3,102.1,13103.29,0,0,0.0
M005346,62.4,2,2,46.6,7600.09,0,1,0.0
M005347,64.8,3,6,16.0,2076.78,1,1,-0.116642
M005348,45.9,1,2,58.3,739.43,0,0,0.0
M005349,39.6,1,3,121.2,4404.59,0,0,0.0
M005350,3.4,2,3,77.1,14424.95,1,1,-0.106606
M005351,58.6,0,5,21.5,1528.23,0,0,0.0
M005352,22.2,1,4,67.9,7680.91,0,0,0.0
M005353,27.0,1,3,54.4,2848.07,0,0,0.0
M005354,29.4,5,1,79.4,4681.28,0,0,0.0
M005355,69.7,3,4,89.1,453.93,1,1,-0.112322
M005356,41.7,0,2,28.7,3354.68,0,0,0.0
M005357,33.9,1,1,29.9,32016.42,0,1,0.0
M005358,35.9,1,3,109.6,3391.4,0,0,0.0
M005359,47.0,1,4,100.0,12172.48,0,0,0.0
M005360,39.2,4,1,33.8,1011.72,1,1,-0.087757
M005361,39.9,1,2,152.5,15122.17,0,0,0.0
M005362,35.4,1,1,99.7,4032.88,0,0,0.0
M005363,31.6,4,3,24.2,5365.84,0,1,0.0
M005364,68.0,3,1,156.2,1423.14,1,0,-0.120037
M005365,43.5,2,1,29.5,1713.35,0,0,0.0
M005366,53.3,2,4,24.0,3194.99,0,0,0.0
M005367,16.4,2,3,25.2,815.44,0,1,0.0
M005368,78.1,3,1,67.6,12738.42,1,1,-0.103795
M005369,5.1,2,4,64.5,618.24,0,1,0.0
M005370,52.2,0,2,31.7,1680.87,0,1,0.0
M005371,15.2,1,3,45.5,1939.08,0,1,0.0
M005372,13.1,1,4,76.2,2824.06,0,1,0.0
M005373,43.7,2,1,55.0,1531.91,0,0,0.0
M005374,23.6,1,4,47.9,3989.32,1,1,-0.103215
M005375,63.7,1,2,246.4,25380.14,1,0,-0.043058
M005376,29.0,1,1,36.4,955.84,0,0,0.0
M005377,37.6,0,2,26.3,4729.19,0,0,0.0
M005378,58.9,1,4,62.7,1151.97,0,1,0.0
M005379,52.8,4,1,26.4,1511.57,0,1,0.0
M005380,58.1,1,3,35.1,1709.17,0,0,0.0
M005381,56.7,4,3,96.4,2568.59,1,0,-0.096931
M005382,52.3,0,5,58.3,4361.21,0,0,0.0
M005383,49.4,2,2,41.5,2218.85,0,0,0.0
M005384,20.8,2,1,49.0,12790.06,0,1,0.0
M005385,16.5,1,3,40.5,363.95,1,0,-0.113535
M005386,47.0,3,1,109.1,861.4,0,1,0.0
M005387,29.8,5,1,46.3,1791.48,1,1,-0.104084
M005388,41.9,1,3,76.4,4492.09,1,1,-0.106757
M005389,77.0,3,4,37.1,1649.93,1,1,-0.115134
M005390,54.6,1,3,106.7,453.33,0,0,0.0
M005391,55.6,3,1,22.4,1671.83,0,1,0.0
M005392,49.9,0,1,37.2,6878.76,0,0,0.0
M005393,52.4,1,2,85.1,28420.9,0,0,0.0
M005394,29.7,3,1,13.1,21622.74,1,1,-0.104727
M005395,9.5,1,3,141.5,2914.83,0,1,0.0
M005396,52.0,2,3,36.3,3155.66,0,0,0.0
M005397,66.7,3,3,108.0,2356.19,1,1,-0.094147
M005398,56.3,2,3,63.0,519.01,0,1,0.0
M005399,67.3,3,2,61.2,2141.43,0,1,0.0
M005400,74.5,1,4,11.5,885.55,0,0,0.0
M005401,42.0,1,2,123.1,1630.99,0,1,0.0
M005402,72.6,1,1,72.0,741.31,0,0,0.0
M005403,59.7,1,1,69.3,11734.77,0,0,0.0
M005404,45.3,1,1,21.1,14451.57,0,0,0.0
M005405,34.6,4,1,94.0,4226.25,0,1,0.0
M005406,38.2,2,1,71.4,4567.08,0,1,0.0
M005407,31.2,1,3,67.5,4863.59,0,0,0.0
M005408,41.1,2,1,121.1,6716.37,0,0,0.0
M005409,28.0,4,5,89.6,293.44,1,0,-0.120277
M005410,72.3,1,1,47.4,465.2,0,0,0.0
M005411,69.1,1,5,7.8,13524.34,1,0,-0.111842
M005412,48.1,0,5,30.4,1176.93,1,1,-0.091909
M005413,57.9,2,1,46.2,1740.73,0,0,0.0
M005414,61.5,1,3,113.2,5817.27,1,1,-0.108572
M005415,25.3,3,4,105.5,4816.51,0,1,0.0
M005416,0.0,3,4,76.6,13869.62,1,1,-0.092672
M005417,67.3,2,2,85.2,769.99,0,0,0.0
M005418,60.0,1,5,46.1,1549.51,0,0,0.0
M005419,52.5,1,1,43.0,15526.88,0,0,0.0
M005420,47.7,2,3,111.2,2127.66,0,0,0.0
M005421,36.3,3,1,63.5,6955.17,0,0,0.0
M005422,64.7,1,1,45.4,637.22,0,1,0.0
M005423,41.1,2,4,54.6,3843.59,0,0,0.0
M005424,49.4,2,1,77.5,651.99,0,0,0.0
M005425,64.4,1,2,76.4,2576.57,0,0,0.0
M005426,6.9,1,1,10.3,9972.31,1,0,-0.091288
M005427,65.7,3,3,177.0,2252.04,1,1,-0.122031
M005428,44.5,0,5,65.7,5173.77,0,0,0.0
M005429,70.8,2,1,31.3,2253.42,0,0,0.0
M005430,49.6,3,2,51.9,1624.36,1,1,-0.123171
M005431,20.7,1,4,34.7,2102.14,1,1,-0.102051
M005432,27.7,0,3,77.3,563.78,0,1,0.0
M005433,61.5,0,2,44.4,1077.97,0,1,0.0
M005434,18.2,1,5,13.0,397.22,0,1,0.0
M005435,12.7,2,2,41.9,3192.21,0,1,0.0
M005436,36.4,0,1,74.3,886.51,1,0,-0.090079
M005437,15.3,1,4,36.1,2839.26,1,1,-0.11941
M005438,26.9,1,4,43.0,12184.39,0,0,0.0
M005439,74.3,1,3,126.4,330.34,0,0,0.0
M005440,35.2,0,6,72.6,9283.47,0,0,0.0
M005441,69.3,2,2,55.2,400.31,0,0,0.0
M005442,2.7,0,2,90.8,1019.05,0,0,0.0
M005443,48.0,0,3,18.4,928.89,0,0,0.0
M005444,33.8,3,2,55.2,4651.32,0,1,0.0
M005445,77.0,1,1,30.3,4922.91,0,0,0.0
M005446,36.8,1,6,173.8,2307.98,0,0,0.0
M005447,31.5,3,3,105.9,1081.72,1,1,-0.124145
M005448,75.9,2,2,72.4,1947.66,0,1,0.0
M005449,76.3,1,1,120.9,904.7,0,0,0.0
M005450,44.6,0,2,18.2,12462.72,0,1,0.0
M005451,52.2,0,2,7.3,9831.88,0,0,0.0
M005452,37.3,1,1,89.1,273.13,1,0,-0.081841
M005453,33.4,1,1,92.9,5606.89,0,0,0.0
M005454,46.2,2,2,67.7,1788.52,0,1,0.0
M005455,5.1,4,3,44.5,17484.17,1,1,-0.115326
M005456,54.3,1,5,66.7,13155.32,1,0,-0.113003
M005457,55.3,2,4,95.8,697.39,1,1,-0.086158
M005458,43.9,1,1,55.4,2214.86,0,0,0.0
M005459,59.9,1,1,170.9,14553.23,0,0,0.0
M005460,38.3,2,6,33.1,2380.03,1,0,-0.110267
M005461,45.7,3,2,21.3,1467.28,0,1,0.0
M005462,24.9,0,3,27.9,443.14,0,0,0.0
M005463,57.0,5,3,116.7,10180.13,0,1,0.0
M005464,19.1,2,2,41.7,587.33,1,1,-0.110697
M005465,63.0,0,5,58.0,3060.45,0,0,0.0
M005466,38.1,1,3,38.5,2620.93,0,1,0.0
M005467,2.0,1,4,51.9,5480.4,1,1,-0.121881
M005468,46.3,2,2,31.3,702.87,0,0,0.0
M005469,10.9,2,4,35.5,9391.19,0,0,0.0
M005470,37.6,1,3,96.6,1634.08,0,0,0.0
M005471,54.4,1,6,53.9,1965.57,0,0,0.0
M005472,29.9,4,3,123.4,6810.3,0,1,0.0
M005473,2.1,1,2,142.8,4433.77,0,1,0.0
M005474,67.1,2,5,30.6,3891.0,0,0,0.0
M005475,37.1,0,4,41.6,7317.19,0,0,0.0
M005476,58.2,1,3,23.8,930.51,0,0,0.0
M005477,0.0,1,1,205.2,5919.64,0,0,0.0
M005478,83.2,3,2,86.3,1059.7,0,1,0.0
M005479,62.7,1,1,30.3,10197.39,1,0,-0.088023
M005480,36.9,3,1,39.8,1132.68,1,1,-0.10238
M005481,46.7,4,1,40.4,3216.17,0,1,0.0
M005482,42.4,2,3,163.7,317.5,0,1,0.0
M005483,76.4,3,2,109.0,20978.87,1,0,-0.113922
M005484,27.7,1,1,67.2,1747.04,0,0,0.0
M005485,68.8,4,2,101.6,1222.56,0,1,0.0
M005486,39.4,3,5,30.7,4524.56,1,0,-0.09088
M005487,58.3,1,5,80.2,568.5,0,0,0.0
M005488,19.8,2,1,12.8,3196.01,0,0,0.0
M005489,73.4,2,1,24.3,8561.95,0,1,0.0
M005490,48.3,0,1,102.3,854.57,0,0,0.0
M005491,3.9,2,1,144.7,2330.49,1,0,-0.121964
M005492,22.0,1,5,5.4,14529.9,1,1,-0.09959
M005493,29.9,1,5,38.5,12516.03,0,1,0.0
M005494,41.7,2,3,6.9,2386.16,0,0,0.0
M005495,0.0,1,3,39.7,1197.79,1,1,-0.109007
M005496,55.7,1,2,54.2,3522.11,0,0,0.0
M005497,60.1,0,1,57.0,8880.75,0,1,0.0
M005498,41.5,3,1,15.6,12941.8,1,1,-0.101618
M005499,38.6,0,3,25.8,9766.87,0,0,0.0
M005500,53.2,2,5,17.6,11904.87,0,0,0.0
M005501,42.3,4,1,110.5,2357.23,0,1,0.0
M005502,45.6,0,3,139.5,954.57,0,0,0.0
M005503,22.5,1,5,25.3,1066.0,0,1,0.0
M005504,27.0,1,3,46.8,5735.41,0,1,0.0
M005505,43.3,2,5,17.5,730.49,1,0,-0.073949
M005506,54.8,2,3,79.3,4959.96,1,1,-0.099523
M005507,38.8,1,2,30.5,3067.81,1,0,-0.080777
M005508,0.0,1,5,19.7,1232.96,1,1,-0.116466
M005509,75.8,4,1,22.8,477.39,1,0,-0.107519
M005510,51.3,1,3,28.7,1654.28,0,0,0.0
M005511,32.2,0,1,40.2,6117.94,0,0,0.0
M005512,69.5,1,2,34.1,448.02,0,1,0.0
M005513,28.7,0,1,56.6,2676.23,0,0,0.0
M005514,52.4,1,1,13.2,1108.51,0,0,0.0
M005515,12.6,2,2,40.7,1163.46,0,1,0.0
M005516,25.2,1,1,22.6,571.94,1,0,-0.087675
M005517,35.2,3,4,61.0,3517.31,0,0,0.0
M005518,67.5,1,1,39.5,8823.55,0,1,0.0
M005519,62.5,1,5,28.0,1668.77,0,1,0.0
M005520,54.8,5,2,72.8,3598.54,0,1,0.0
M005521,55.7,3,1,104.2,14643.71,0,0,0.0
M005522,12.5,2,1,80.0,6169.21,1,0,-0.112889
M005523,50.7,2,1,33.1,3143.01,0,0,0.0
M005524,57.5,0,3,50.3,842.79,0,1,0.0
M005525,27.4,0,1,23.0,8212.27,0,1,0.0
M005526,37.5,0,2,30.1,1978.62,0,0,0.0
M005527,13.3,0,3,166.7,2806.18,0,1,0.0
M005528,29.5,0,2,9.9,9426.4,0,1,0.0
M005529,53.4,0,4,10.9,6341.7,0,0,0.0
M005530,34.4,1,6,33.5,20867.05,0,0,0.0
M005531,63.3,1,3,181.8,13718.02,0,0,0.0
M005532,70.0,1,2,101.6,3986.47,0,0,0.0
M005533,64.9,2,3,15.5,2173.88,0,1,0.0
M005534,68.7,2,2,45.2,5102.95,0,0,0.0
M005535,29.3,1,6,35.5,15866.67,1,0,-0.074373
M005536,27.2,2,2,77.9,2904.27,0,1,0.0
M005537,3.5,3,1,47.1,410.73,0,1,0.0
M005538,38.6,0,3,18.0,1385.0,0,0,0.0
M005539,66.1,2,2,58.3,3993.51,0,0,0.0
M005540,55.1,0,4,10.5,9746.58,0,0,0.0
M005541,84.6,2,6,31.4,5807.58,0,1,0.0
M005542,52.7,2,5,59.1,532.45,1,0,-0.079406
M005543,14.2,0,5,64.8,5454.99,0,0,0.0
M005544,58.0,4,2,49.7,1866.48,0,0,0.0
M005545,35.6,0,3,22.9,2359.24,0,0,0.0
M005546,32.0,2,4,101.9,1516.65,0,0,0.0
M005547,25.7,1,6,68.1,11961.24,0,0,0.0
M005548,50.5,0,3,25.3,1145.74,0,0,0.0
M005549,34.4,1,4,69.3,6698.34,0,0,0.0
M005550,32.6,0,4,18.1,3861.8,0,1,0.0
M005551,8.1,1,6,37.2,5568.41,1,1,-0.091639
M005552,44.0,4,1,63.3,3435.69,0,0,0.0
M005553,27.2,0,2,14.1,17120.66,1,0,-0.101131
M005554,60.2,3,5,84.6,2619.14,1,1,-0.119889
M005555,82.1,1,2,25.2,8711.18,0,0,0.0
M005556,90.0,1,1,40.2,1741.73,0,0,0.0
M005557,14.0,0,5,94.7,4339.14,1,0,-0.073057
M005558,92.9,1,1,61.8,910.44,0,1,0.0
M005559,36.4,5,2,74.8,4178.63,1,0,-0.123389
M005560,50.4,5,2,37.9,3190.01,0,1,0.0
M005561,40.2,3,1,166.2,2692.61,0,0,0.0
M005562,24.2,1,3,26.8,579.32,0,0,0.0
M005563,14.0,3,3,14.9,1526.27,1,1,-0.082908
M005564,100.0,1,3,29.2,7723.22,0,1,0.0
M005565,63.6,1,1,18.3,6885.26,0,1,0.0
M005566,44.3,1,1,47.9,591.41,1,1,-0.104928
M005567,68.8,1,2,46.5,608.65,0,1,0.0
M005568,14.9,2,2,106.2,6007.07,1,1,-0.113249
M005569,49.9,1,4,18.6,3849.57,1,0,-0.120776
M005570,68.1,4,2,33.6,1909.53,1,1,-0.089353
M005571,40.2,1,6,45.3,689.61,0,1,0.0
M005572,16.4,2,3,84.5,2896.44,1,1,-0.122541
M005573,72.3,1,1,49.7,20992.53,0,0,0.0
M005574,37.8,4,4,44.9,1331.5,0,1,0.0
M005575,33.0,1,2,138.0,7874.63,0,0,0.0
M005576,51.8,1,3,54.4,1579.08,0,0,0.0
M005577,18.1,1,1,59.9,444.48,1,1,-0.087374
M005578,40.2,4,2,19.4,561.59,1,0,-0.111195
M005579,80.1,1,5,36.9,3463.67,0,0,0.0
M005580,66.9,1,3,46.3,13154.31,0,1,0.0
M005581,41.2,1,5,41.4,479.51,0,0,0.0
M005582,47.4,2,1,44.9,705.34,0,1,0.0
M005583,32.1,1,2,78.3,338.8,0,1,0.0
M005584,16.9,5,3,34.8,4255.0,0,1,0.0
M005585,57.5,2,1,59.1,302.83,0,1,0.0
M005586,30.2,0,2,51.4,1650.27,0,0,0.0
M005587,71.7,2,3,52.0,2705.42,0,0,0.0
M005588,63.9,2,4,39.9,752.68,0,0,0.0
M005589,90.6,1,3,34.3,18995.54,0,0,0.0
M005590,59.3,1,1,17.9,2869.0,0,0,0.0
M005591,24.8,2,1,30.0,1914.54,0,1,0.0
M005592,89.6,2,2,78.3,1775.5,0,1,0.0
M005593,24.6,2,3,34.3,3230.4,1,1,-0.117594
M005594,43.2,2,3,63.3,13252.5,0,1,0.0
M005595,38.1,2,3,46.5,1215.67,0,1,0.0
M005596,25.2,0,3,73.5,4898.86,0,1,0.0
M005597,46.7,0,5,33.2,966.68,0,0,0.0
M005598,34.5,2,1,47.8,5197.1,1,0,-0.071524
M005599,59.9,1,1,87.1,3336.13,0,0,0.0
M005600,60.8,2,2,22.5,3756.94,0,1,0.0
M005601,41.1,1,4,91.3,2200.47,0,1,0.0
M005602,21.1,3,1,123.5,495.94,1,0,-0.124064
M005603,45.9,2,4,57.5,8430.26,0,0,0.0
M005604,21.6,2,1,67.3,15714.29,0,1,0.0
M005605,79.8,2,1,120.1,1046.85,0,0,0.0
M005606,65.1,2,1,53.6,1311.74,0,0,0.0
M005607,46.2,2,4,77.4,30633.28,0,0,0.0
M005608,58.9,3,2,13.6,1718.47,1,1,-0.07865
M005609,41.3,1,3,9.4,7349.26,0,1,0.0
M005610,70.1,3,3,12.9,1078.32,0,1,0.0
M005611,75.1,1,4,114.9,8454.02,0,0,0.0
M005612,68.9,1,2,39.0,28774.25,0,0,0.0
M005613,68.2,0,2,103.1,3947.89,0,1,0.0
M005614,46.2,1,2,33.2,3843.37,0,1,0.0
M005615,40.8,1,3,79.7,41285.98,0,1,0.0
M005616,47.1,0,4,57.8,4295.87,1,0,-0.075197
M005617,34.8,4,2,72.4,930.09,0,1,0.0
M005618,14.4,3,2,27.9,10011.19,1,1,-0.061353
M005619,40.6,3,1,64.7,1436.5,0,1,0.0
M005620,72.3,1,2,34.9,2877.87,0,0,0.0
M005621,14.2,1,1,30.6,5296.49,1,0,-0.108755
M005622,28.6,1,4,57.3,5167.99,1,0,-0.119954
M005623,42.0,3,3,62.7,3518.76,0,1,0.0
M005624,21.2,1,3,21.1,1656.78,0,1,0.0
M005625,62.8,1,4,57.4,3226.94,0,1,0.0
M005626,63.2,1,4,55.1,10016.7,0,1,0.0
M005627,52.7,1,5,195.5,218.18,0,0,0.0
M005628,75.7,1,1,87.0,3983.6,0,0,0.0
M005629,40.3,2,4,38.1,13597.92,0,0,0.0
M005630,78.2,0,3,60.9,1290.55,0,1,0.0
M005631,90.9,3,1,41.3,2083.61,1,0,-0.112518
M005632,49.5,3,2,40.1,1146.52,0,1,0.0
M005633,50.2,0,1,80.9,11286.0,1,0,-0.101016
M005634,35.3,2,2,85.8,7296.47,0,1,0.0
M005635,3.8,1,1,36.5,633.35,1,1,-0.084216
M005636,14.7,1,3,102.8,6678.73,1,0,-0.114258
M005637,34.4,0,4,155.1,24946.0,0,0,0.0
M005638,27.7,1,2,47.2,10969.11,0,0,0.0
M005639,27.8,1,2,42.5,29127.03,0,0,0.0
M005640,62.8,0,1,26.3,2001.63,0,1,0.0
M005641,71.0,1,5,8.8,9947.38,0,0,0.0
M005642,23.7,2,3,69.4,430.84,1,1,-0.093246
M005643,67.4,1,2,39.3,2087.89,0,0,0.0
M005644,58.2,4,2,50.7,566.38,0,0,0.0
M005645,91.6,2,1,22.8,3386.85,0,0,0.0
M005646,5.0,0,1,82.0,4010.66,0,1,0.0
M005647,43.3,1,1,180.8,3960.51,1,0,-0.062402
M005648,83.2,0,2,37.8,1382.87,0,0,0.0
M005649,25.2,4,2,77.9,690.15,1,1,-0.084953
M005650,0.0,1,3,9.6,7012.21,0,1,0.0
M005651,39.3,2,6,89.5,8577.39,0,0,0.0
M005652,52.9,1,2,30.5,3282.97,1,0,-0.098266
M005653,55.4,1,3,45.4,9349.01,0,0,0.0
M005654,47.5,2,2,51.3,11382.96,0,0,0.0
M005655,16.3,1,1,17.9,152.22,1,1,-0.102659
M005656,55.0,2,2,46.1,1615.98,0,0,0.0
M005657,72.0,2,3,5.4,687.47,1,0,-0.074384
M005658,55.7,1,4,65.3,817.34,0,0,0.0
M005659,31.5,1,2,59.1,6695.43,0,1,0.0
M005660,63.2,0,2,46.5,1027.88,1,0,-0.089666
M005661,8.9,2,1,9.2,3845.72,1,1,-0.114302
M005662,47.2,3,2,77.0,5631.04,0,1,0.0
M005663,63.2,0,3,33.2,1591.26,0,0,0.0
M005664,67.8,3,2,118.1,6919.88,1,1,-0.078898
M005665,64.5,1,6,88.2,457.7,0,1,0.0
M005666,43.3,1,3,49.2,20119.29,0,0,0.0
M005667,63.9,2,4,56.1,2171.88,0,0,0.0
M005668,93.4,1,2,17.2,2421.88,0,0,0.0
M005669,48.1,1,6,84.7,1586.21,0,1,0.0
M005670,40.7,0,1,37.1,1199.38,0,1,0.0
M005671,51.3,1,1,88.3,3384.56,0,1,0.0
M005672,13.1,2,3,69.9,1919.39,1,0,-0.100571
M005673,71.9,3,1,44.7,106.94,1,0,-0.107113
M005674,47.7,0,2,85.9,4796.46,0,0,0.0
M005675,96.6,1,4,36.9,6176.59,0,0,0.0
M005676,63.5,5,1,46.4,3097.25,1,1,-0.097571
M005677,50.2,1,5,56.8,3306.15,0,0,0.0
M005678,45.4,2,3,81.4,14853.0,0,0,0.0
M005679,28.5,3,4,125.6,4802.12,1,0,-0.121204
M005680,19.4,0,2,27.7,15345.92,0,0,0.0
M005681,34.6,3,1,27.4,5651.0,1,1,-0.10793
M005682,47.8,2,1,30.5,1742.39,0,0,0.0
M005683,25.8,1,1,113.7,5892.0,0,0,0.0
M005684,41.2,2,2,38.7,2866.5,0,0,0.0
M005685,47.8,4,1,37.9,20683.54,1,1,-0.092971
M005686,36.4,2,3,112.8,3032.0,0,0,0.0
M005687,74.5,1,1,20.3,340.38,0,0,0.0
M005688,52.2,1,4,45.8,9383.14,0,0,0.0
M005689,58.6,1,4,42.3,3925.9,0,1,0.0
M005690,71.0,5,3,179.2,4612.63,1,0,-0.105402
M005691,20.1,1,4,34.3,6314.32,1,0,-0.119384
M005692,59.0,4,1,82.0,4141.01,1,0,-0.096438
M005693,20.1,3,1,38.3,7181.1,1,1,-0.096467
M005694,70.6,2,4,76.5,2441.63,0,1,0.0
M005695,20.6,2,5,115.8,1251.27,1,1,-0.096194
M005696,51.9,0,1,64.5,1009.86,1,0,-0.099748
M005697,43.0,3,2,138.5,1267.81,1,1,-0.111445
M005698,58.7,1,4,26.7,3451.39,0,0,0.0
M005699,10.6,1,2,61.4,4520.07,1,0,-0.094614
M005700,65.1,1,3,72.8,1785.49,0,1,0.0
M005701,69.1,2,4,38.0,6488.33,1,1,-0.078011
M005702,26.0,0,2,44.8,9010.07,0,1,0.0
M005703,92.5,0,4,34.9,17339.95,0,0,0.0
M005704,9.7,5,3,125.6,4123.63,0,0,0.0
M005705,39.5,2,4,79.4,2624.46,1,0,-0.06997
M005706,44.5,1,3,28.1,16548.55,1,0,-0.100865
M005707,34.5,2,1,22.9,1003.03,0,1,0.0
M005708,53.3,1,1,58.9,453.71,0,0,0.0
M005709,45.4,1,1,36.1,2403.41,1,0,-0.083944
M005710,59.8,3,2,39.4,6914.26,0,0,0.0
M005711,3.8,5,1,23.0,4987.87,0,0,0.0
M005712,47.9,0,3,41.7,700.43,1,0,-0.066115
M005713,14.5,3,1,93.6,7512.27,1,0,-0.117284
M005714,76.1,0,3,37.1,2074.95,0,0,0.0
M005715,39.9,3,4,45.4,10623.79,1,1,-0.10793
M005716,42.2,0,2,48.5,2273.45,0,1,0.0
M005717,26.0,2,2,129.3,191.1,0,0,0.0
M005718,55.9,2,2,57.3,4310.89,0,0,0.0
M005719,2.3,5,3,35.7,4552.94,1,1,-0.100644
M005720,57.1,2,3,45.7,1779.43,0,0,0.0
M005721,11.5,1,5,87.8,1773.4,1,0,-0.122445
M005722,35.3,0,1,4.1,10132.09,1,0,-0.093876
M005723,40.2,1,3,170.2,3604.45,0,0,0.0
M005724,68.4,0,4,48.5,6882.04,1,0,-0.094861
M005725,64.8,2,4,98.5,5233.35,0,1,0.0
M005726,46.2,4,3,52.9,1504.1,1,1,-0.120791
M005727,47.4,0,1,93.4,10614.56,0,0,0.0
M005728,15.5,1,2,34.8,10228.25,0,1,0.0
M005729,44.1,2,2,11.8,4168.31,1,1,-0.117325
M005730,68.4,3,1,47.7,8562.49,1,1,-0.07564
M005731,27.5,1,2,71.8,14349.36,0,0,0.0
M005732,33.2,2,1,8.2,10530.4,0,1,0.0
M005733,53.0,0,2,203.2,987.66,0,1,0.0
M005734,30.5,1,1,54.6,6943.59,1,0,-0.104089
M005735,47.8,3,2,9.2,3486.79,0,0,0.0
M005736,42.4,1,4,41.4,5987.51,0,0,0.0
M005737,56.2,2,4,86.1,23424.99,0,0,0.0
M005738,17.2,3,1,83.8,33733.22,1,0,-0.108636
M005739,56.9,5,5,65.0,32882.2,1,1,-0.093719
M005740,42.0,2,5,94.3,920.3,0,1,0.0
M005741,35.9,2,2,47.1,22165.64,0,0,0.0
M005742,46.9,1,5,39.5,9786.21,0,1,0.0
M005743,36.0,1,5,195.9,6213.29,1,0,-0.074731
M005744,74.6,1,2,80.0,11543.93,0,1,0.0
M005745,52.5,1,1,22.0,4863.68,0,0,0.0
M005746,33.2,0,5,166.3,4451.01,0,0,0.0
M005747,45.1,2,1,31.1,1442.47,1,0,-0.103092
M005748,62.1,1,2,114.2,1215.84,0,1,0.0
M005749,39.8,3,3,61.5,419.61,0,0,0.0
M005750,54.2,3,4,82.0,10074.6,1,1,-0.11943
M005751,73.5,1,2,32.8,21833.28,0,1,0.0
M005752,64.2,3,2,65.7,1948.72,1,1,-0.104851
M005753,72.1,0,3,68.6,95781.61,0,1,0.0
M005754,83.0,2,5,92.1,540.39,0,0,0.0
M005755,49.6,1,2,24.1,5928.61,0,0,0.0
M005756,51.3,0,1,27.0,1327.06,0,1,0.0
M005757,59.4,1,6,16.9,3898.81,0,0,0.0
M005758,53.5,4,2,36.9,16388.52,1,1,-0.089814
M005759,63.9,3,1,33.1,2564.49,0,1,0.0
M005760,56.3,1,3,115.8,2487.59,0,0,0.0
M005761,44.4,2,6,103.4,4539.58,1,0,-0.049966
M005762,69.6,2,3,67.3,2330.27,0,0,0.0
M005763,34.1,2,2,84.9,730.71,1,1,-0.085814
M005764,31.1,0,3,50.8,832.27,0,1,0.0
M005765,64.6,1,2,74.0,1469.65,0,0,0.0
M005766,100.0,1,1,84.4,8545.23,0,1,0.0
M005767,29.1,2,1,51.8,12902.86,0,1,0.0
M005768,45.2,3,4,37.9,1967.88,0,1,0.0
M005769,25.6,1,1,17.2,10112.77,0,1,0.0
M005770,69.8,0,3,26.8,19030.17,0,0,0.0
M005771,34.2,3,1,16.4,736.89,0,0,0.0
M005772,53.0,1,4,232.1,7974.89,1,0,-0.035001
M005773,55.4,4,4,60.3,4357.2,1,1,-0.108348
M005774,30.3,1,3,54.5,752.14,0,0,0.0
M005775,49.7,1,6,56.0,1567.74,0,1,0.0
M005776,49.3,2,3,40.9,848.05,0,0,0.0
M005777,55.7,3,4,37.3,3878.25,0,1,0.0
M005778,34.1,1,6,56.7,19831.43,0,0,0.0
M005779,60.8,0,3,43.3,9886.65,0,0,0.0
M005780,37.4,3,4,67.3,22435.29,1,1,-0.123141
M005781,67.6,1,2,134.9,943.91,1,0,-0.085024
M005782,54.0,2,4,47.1,1563.42,0,0,0.0
M005783,37.1,1,2,38.9,2260.3,0,0,0.0
M005784,22.9,0,3,17.0,4468.54,0,0,0.0
M005785,70.7,3,1,43.0,32232.94,1,0,-0.084952
M005786,37.8,0,1,89.3,2845.39,0,0,0.0
M005787,52.1,2,2,31.5,18596.19,0,1,0.0
M005788,62.4,0,1,170.9,10385.92,0,0,0.0
M005789,58.6,2,2,153.1,3720.71,1,1,-0.106591
M005790,31.3,1,2,93.5,854.23,0,0,0.0
M005791,48.3,3,3,33.5,1943.94,1,1,-0.102106
M005792,60.3,2,1,26.2,4460.39,0,0,0.0
M005793,91.5,2,1,12.6,1091.81,0,1,0.0
M005794,36.3,2,3,58.2,314.06,0,1,0.0
M005795,8.1,0,1,29.8,5877.25,0,1,0.0
M005796,44.1,2,1,38.9,3899.65,0,1,0.0
M005797,91.2,2,1,35.9,318.29,0,1,0.0
M005798,17.2,4,2,61.4,3067.8,1,1,-0.099479
M005799,17.0,0,1,123.6,1466.07,1,0,-0.097046
M005800,47.2,1,1,45.0,2698.09,0,0,0.0
M005801,64.7,1,3,38.9,35899.08,0,0,0.0
M005802,44.7,1,1,56.9,1656.33,0,0,0.0
M005803,35.8,0,2,73.8,1212.92,0,0,0.0
M005804,46.6,0,1,50.6,4939.3,0,1,0.0
M005805,55.2,4,4,102.4,14502.05,0,1,0.0
M005806,44.6,1,6,60.6,493.99,0,1,0.0
M005807,100.0,1,2,88.7,4724.32,0,0,0.0
M005808,15.4,2,2,24.2,551.83,0,1,0.0
M005809,11.8,3,2,7.6,2928.69,0,1,0.0
M005810,63.0,1,3,62.1,6455.48,1,0,-0.090035
M005811,17.1,2,2,100.6,1044.45,1,1,-0.092667
M005812,48.0,2,2,62.4,4914.87,0,1,0.0
M005813,46.5,3,1,62.6,3929.65,1,1,-0.117477
M005814,33.7,3,3,32.8,951.34,1,0,-0.066703
M005815,58.9,0,1,117.9,2359.0,0,0,0.0
M005816,33.1,0,2,60.8,4502.37,0,1,0.0
M005817,38.0,2,1,54.3,829.07,0,1,0.0
M005818,16.3,3,2,62.2,773.24,1,1,-0.123366
M005819,22.0,3,2,106.5,1011.72,0,1,0.0
M005820,58.4,5,2,47.0,6820.71,1,0,-0.105812
M005821,48.6,2,3,99.4,2380.43,0,1,0.0
M005822,43.8,1,4,54.1,460.54,0,1,0.0
M005823,61.5,1,1,154.1,1872.94,0,0,0.0
M005824,44.1,2,4,103.9,9072.22,0,0,0.0
M005825,51.8,3,2,89.7,1151.44,1,1,-0.088532
M005826,45.1,1,3,35.9,1138.58,0,0,0.0
M005827,34.2,1,1,73.8,2133.04,0,0,0.0
M005828,47.9,3,3,48.5,6811.56,1,1,-0.091046
M005829,52.4,0,4,50.6,9667.73,0,0,0.0
M005830,72.3,2,5,38.4,2194.66,0,0,0.0
M005831,42.0,0,2,78.9,4766.56,0,0,0.0
M005832,61.9,1,4,35.9,17482.59,0,1,0.0
M005833,25.9,0,1,20.7,6673.34,0,1,0.0
M005834,78.1,0,3,127.5,2461.41,0,1,0.0
M005835,45.2,0,1,80.4,4407.44,0,0,0.0
M005836,53.5,1,1,48.4,4980.81,0,0,0.0
M005837,28.9,2,2,54.4,7845.84,0,1,0.0
M005838,57.7,1,4,158.2,1535.06,0,0,0.0
M005839,47.3,2,2,22.9,5361.98,1,1,-0.115558
M005840,29.4,2,4,202.3,2328.35,0,0,0.0
M005841,54.3,2,2,88.3,5543.18,0,0,0.0
M005842,71.4,0,2,66.8,2137.48,0,0,0.0
M005843,57.3,3,2,21.5,18047.59,0,0,0.0
M005844,15.8,1,3,78.4,21060.46,1,0,-0.119806
M005845,70.5,0,6,99.3,5109.27,0,1,0.0
M005846,93.8,1,3,43.5,2008.65,0,0,0.0
M005847,33.5,1,3,105.0,2590.29,0,0,0.0
M005848,51.8,3,2,57.3,6574.4,1,0,-0.115309
M005849,56.1,4,4,21.0,1341.77,1,1,-0.117236
M005850,81.8,3,1,81.8,791.97,1,1,-0.111681
M005851,36.1,1,2,56.6,2312.61,0,1,0.0
M005852,89.0,1,5,105.9,5274.88,0,0,0.0
M005853,32.7,1,5,61.9,5411.63,0,0,0.0
M005854,60.8,2,2,52.9,2416.68,0,0,0.0
M005855,42.4,0,1,73.7,9170.16,0,0,0.0
M005856,63.9,2,2,58.9,6590.01,0,0,0.0
M005857,14.7,2,3,20.1,18050.48,1,1,-0.087154
M005858,70.7,1,2,55.9,2798.31,0,0,0.0
M005859,25.4,2,5,136.6,115.99,0,0,0.0
M005860,57.4,1,4,276.3,9270.33,0,1,0.0
M005861,41.1,2,2,18.1,1272.78,0,0,0.0
M005862,93.5,2,5,179.0,1679.34,0,1,0.0
M005863,18.7,3,2,101.5,727.56,0,0,0.0
M005864,61.2,2,3,31.7,8368.24,0,0,0.0
M005865,92.1,5,1,15.8,2912.99,1,1,-0.07551
M005866,30.9,2,5,129.8,992.37,0,0,0.0
M005867,30.6,1,1,20.6,220.38,0,0,0.0
M005868,44.3,0,3,241.5,2068.75,0,0,0.0
M005869,45.8,0,2,1.4,1809.3,0,1,0.0
M005870,58.4,3,2,63.3,780.71,1,1,-0.110318
M005871,35.9,1,1,121.1,36437.59,0,0,0.0
M005872,0.0,1,5,77.6,9512.63,1,1,-0.097713
M005873,72.0,2,1,46.3,7495.3,0,1,0.0
M005874,56.4,2,6,5.8,337.43,0,0,0.0
M005875,35.8,0,5,215.9,301.98,1,0,-0.059562
M005876,65.1,1,2,24.5,1057.73,0,1,0.0
M005877,20.7,2,3,85.9,3967.76,1,1,-0.12181
M005878,55.3,1,4,15.3,2279.77,1,0,-0.093151
M005879,48.6,2,1,112.7,1010.26,1,0,-0.090943
M005880,61.6,1,1,41.5,13959.71,0,1,0.0
M005881,14.0,3,1,211.6,3247.37,1,1,-0.105772
M005882,33.7,1,1,62.4,1997.97,0,0,0.0
M005883,53.9,3,3,34.0,426.9,1,0,-0.094125
M005884,19.2,1,3,36.1,780.17,0,1,0.0
M005885,64.0,3,4,64.0,1170.59,1,0,-0.109634
M005886,54.1,4,3,43.3,1813.07,0,1,0.0
M005887,67.4,2,4,105.5,922.37,0,0,0.0
M005888,30.5,2,4,11.2,30863.23,0,0,0.0
M005889,60.0,0,3,73.2,12751.1,0,0,0.0
M005890,78.8,1,1,44.3,3541.3,0,1,0.0
M005891,43.8,1,5,48.2,2942.68,0,0,0.0
M005892,73.4,2,1,31.3,3508.72,1,0,-0.079102
M005893,35.9,1,4,68.8,1643.74,0,1,0.0
M005894,24.0,1,2,205.6,1352.62,0,1,0.0
M005895,9.2,1,3,23.8,2818.51,1,0,-0.117666
M005896,31.4,3,1,10.6,322.05,0,1,0.0
M005897,28.8,0,2,84.7,4658.88,0,0,0.0
M005898,58.6,0,4,16.1,1435.93,0,0,0.0
M005899,7.0,2,4,67.4,1896.21,1,1,-0.079719
M005900,61.4,1,1,131.8,1780.27,0,1,0.0
M005901,35.3,2,1,33.7,4572.31,1,1,-0.080657
M005902,60.7,0,3,35.5,4418.92,0,0,0.0
M005903,52.6,0,3,46.4,9026.0,0,0,0.0
M005904,34.1,1,1,49.6,10956.52,0,0,0.0
M005905,32.3,2,6,27.6,880.71,0,0,0.0
M005906,38.9,1,1,36.1,7092.98,0,0,0.0
M005907,42.1,3,2,52.5,2127.03,1,0,-0.115643
M005908,65.8,3,2,95.0,2866.53,1,0,-0.120941
M005909,22.9,2,5,67.3,7158.37,1,1,-0.122058
M005910,30.7,3,6,76.9,16364.4,0,0,0.0
M005911,26.2,2,4,70.1,4343.41,0,0,0.0
M005912,71.1,3,1,122.4,8830.94,1,0,-0.122238
M005913,25.8,1,3,25.6,3608.14,0,0,0.0
M005914,44.8,2,4,9.4,907.08,0,1,0.0
M005915,35.4,2,2,36.0,2535.12,1,1,-0.094704
M005916,44.8,4,1,14.7,3284.86,1,1,-0.072543
M005917,55.9,1,1,43.6,2173.76,0,0,0.0
M005918,33.7,0,1,32.0,3792.02,0,1,0.0
M005919,21.9,2,1,100.3,1637.1,0,1,0.0
M005920,35.0,1,1,57.5,4552.99,0,0,0.0
M005921,24.1,0,3,55.8,1459.85,0,0,0.0
M005922,71.4,2,5,41.2,629.32,0,0,0.0
M005923,43.4,2,5,41.0,3191.05,0,0,0.0
M005924,53.3,0,3,42.7,9734.77,0,0,0.0
M005925,62.6,1,2,66.3,2421.94,0,1,0.0
M005926,64.7,1,2,119.7,15380.19,0,0,0.0
M005927,59.4,2,2,106.6,7141.83,0,0,0.0
M005928,80.6,1,6,6.6,2361.54,0,0,0.0
M005929,43.3,2,2,84.4,3512.44,0,0,0.0
M005930,80.0,0,2,11.7,10946.34,0,0,0.0
M005931,49.3,1,5,145.0,7209.08,0,0,0.0
M005932,51.5,3,2,34.2,2555.73,1,1,-0.097539
M005933,28.2,2,1,47.0,813.74,0,0,0.0
M005934,22.9,1,5,72.5,4694.7,1,1,-0.087995
M005935,39.1,0,2,139.9,1222.83,0,0,0.0
M005936,84.1,3,1,22.9,8439.0,1,1,-0.08655
M005937,46.5,1,1,11.8,1068.92,0,0,0.0
M005938,31.6,2,3,72.1,2421.28,0,1,0.0
M005939,54.0,1,4,41.9,746.09,0,0,0.0
M005940,82.5,3,1,56.2,6858.43,0,1,0.0
M005941,59.0,2,3,14.8,23156.2,0,0,0.0
M005942,10.5,1,2,47.2,964.37,1,1,-0.108919
M005943,47.2,2,4,127.1,5308.04,0,0,0.0
M005944,49.6,3,6,56.4,2862.68,1,1,-0.101095
M005945,13.8,2,1,66.4,4081.3,1,1,-0.103174
M005946,27.9,2,2,52.2,9385.32,0,1,0.0
M005947,30.3,0,1,20.7,1163.64,1,0,-0.086607
M005948,41.8,0,5,13.9,7234.25,0,1,0.0
M005949,20.7,2,4,15.8,7935.86,0,1,0.0
M005950,50.3,3,1,31.4,3712.27,0,1,0.0
M005951,24.3,2,2,75.5,2774.26,1,1,-0.109057
M005952,53.6,2,3,39.4,841.54,0,0,0.0
M005953,44.3,3,2,50.3,834.79,1,1,-0.098898
M005954,16.8,0,3,61.9,1844.4,0,1,0.0
M005955,23.3,3,1,45.6,4373.85,0,1,0.0
M005956,54.5,1,5,81.0,2230.25,0,0,0.0
M005957,50.8,1,1,22.4,8735.0,1,0,-0.083949
M005958,6.1,1,2,56.8,1351.67,1,1,-0.08329
M005959,22.9,1,1,42.6,387.69,0,1,0.0
M005960,60.2,3,5,34.5,2573.92,1,0,-0.120116
M005961,63.3,2,4,78.1,1864.48,0,1,0.0
M005962,19.2,1,1,17.3,1213.58,1,1,-0.123444
M005963,15.9,3,4,115.0,11171.48,0,0,0.0
M005964,73.4,0,2,22.6,1316.4,0,0,0.0
M005965,64.6,0,1,140.5,680.43,0,0,0.0
M005966,31.4,3,1,11.0,23900.73,0,1,0.0
M005967,70.5,0,1,36.9,6081.41,0,0,0.0
M005968,35.8,1,5,82.7,9452.31,0,0,0.0
M005969,23.4,0,6,54.2,3331.01,0,0,0.0
M005970,12.7,2,1,40.9,1835.58,1,1,-0.063595
M005971,35.5,2,3,98.7,20689.66,0,0,0.0
M005972,35.5,2,2,49.0,2722.12,0,1,0.0
M005973,29.2,2,4,50.5,3524.15,0,1,0.0
M005974,32.7,0,3,60.5,5353.73,0,0,0.0
M005975,68.4,1,1,155.0,1490.96,0,0,0.0
M005976,56.7,5,1,101.7,4151.73,0,0,0.0
M005977,94.9,3,1,24.9,1232.8,1,1,-0.073498
M005978,44.3,2,5,9.8,269.87,0,0,0.0
M005979,99.6,1,6,20.9,5737.32,0,0,0.0
M005980,46.3,1,5,56.4,706.4,0,0,0.0
M005981,50.3,1,2,106.2,1977.94,0,0,0.0
M005982,46.5,1,3,26.0,6389.43,0,1,0.0
M005983,26.2,0,2,123.2,1544.81,0,0,0.0
M005984,36.8,3,3,115.4,5279.57,1,1,-0.115594
M005985,36.3,2,3,63.2,1297.8,0,0,0.0
M005986,74.8,2,3,32.0,7515.51,0,1,0.0
M005987,85.7,2,1,78.8,10659.39,0,1,0.0
M005988,80.2,0,1,36.3,11498.46,0,0,0.0
M005989,47.0,2,5,53.6,1564.54,1,0,-0.067397
M005990,60.4,1,5,83.3,1758.78,0,0,0.0
M005991,36.3,2,1,78.4,6914.82,0,0,0.0
M005992,58.4,3,4,74.8,2083.26,1,1,-0.114499
M005993,42.5,1,1,63.4,1994.59,0,0,0.0
M005994,71.5,4,1,49.8,497.76,1,0,-0.105694
M005995,61.9,0,1,54.2,10456.15,0,0,0.0
M005996,42.0,0,3,23.4,13216.71,0,1,0.0
M005997,68.9,1,1,75.0,164.69,0,0,0.0
M005998,18.2,5,2,57.6,5100.39,1,1,-0.105449
M005999,1.1,1,1,65.3,2825.65,1,1,-0.105832
M006000,14.7,3,3,65.2,6356.39,1,1,-0.106025
M006001,36.6,3,1,30.1,2874.3,1,1,-0.084619
M006002,60.7,2,5,39.4,3214.84,0,1,0.0
M006003,45.5,1,1,65.5,1284.04,0,0,0.0
M006004,58.7,1,2,71.9,1149.88,0,0,0.0
M006005,69.6,1,2,63.6,10973.71,0,0,0.0
M006006,38.4,1,1,26.5,6201.53,0,0,0.0
M006007,52.3,0,1,78.6,1147.0,0,1,0.0
M006008,32.4,4,3,94.0,11034.79,1,0,-0.122532
M006009,70.3,2,4,119.5,1528.96,0,0,0.0
M006010,44.0,1,2,49.4,3179.2,0,0,0.0
M006011,19.3,4,2,158.8,2210.79,0,1,0.0
M006012,44.8,2,3,107.7,1323.41,0,0,0.0
M006013,34.0,4,3,135.0,540.74,1,0,-0.123705
M006014,66.1,3,2,53.9,3494.25,1,1,-0.101527
M006015,48.4,1,2,43.5,2421.58,0,0,0.0
M006016,46.0,2,2,65.6,5356.07,0,0,0.0
M006017,14.1,2,1,81.8,1911.55,0,1,0.0
M006018,55.8,1,3,57.1,4464.43,0,0,0.0
M006019,66.8,3,4,30.1,1605.94,0,1,0.0
M006020,69.5,0,2,106.8,7898.47,0,0,0.0
M006021,46.0,2,2,238.6,4367.91,1,0,-0.053356
M006022,56.5,1,5,115.3,6734.94,1,0,-0.079044
M006023,36.1,3,2,65.3,14870.21,1,0,-0.103293
M006024,52.4,4,2,37.4,1668.8,1,0,-0.102716
M006025,78.7,2,2,202.7,11599.08,0,0,0.0
M006026,47.3,2,4,31.9,1279.74,0,0,0.0
M006027,63.5,2,4,86.8,665.34,1,0,-0.07547
M006028,72.5,1,2,54.2,858.67,0,0,0.0
M006029,69.2,1,3,87.5,773.53,0,0,0.0
M006030,66.0,0,5,14.1,2075.86,0,1,0.0
M006031,17.2,1,3,77.0,6735.69,1,0,-0.109804
M006032,52.5,1,4,173.5,6040.98,1,0,-0.054219
M006033,56.9,3,4,17.7,3718.69,1,1,-0.099525
M006034,20.0,0,2,56.8,12472.09,0,0,0.0
M006035,32.2,2,2,25.4,12894.01,0,1,0.0
M006036,31.6,1,1,118.2,2161.96,0,0,0.0
M006037,43.9,0,3,75.8,5876.39,0,1,0.0
M006038,67.9,2,5,13.8,5407.34,0,0,0.0
M006039,22.4,2,2,30.2,12391.61,1,1,-0.107116
M006040,68.8,0,2,104.8,4185.99,0,0,0.0
M006041,65.4,2,3,11.1,3415.99,0,0,0.0
M006042,45.9,3,2,78.4,3617.03,1,0,-0.082019
M006043,42.5,2,5,13.4,1923.74,0,0,0.0
M006044,36.2,3,1,6.8,1139.1,0,0,0.0
M006045,65.6,4,1,124.3,748.4,0,0,0.0
M006046,10.2,0,2,95.3,5101.31,0,0,0.0
M006047,71.2,0,3,18.2,5054.13,0,1,0.0
M006048,67.2,0,5,20.8,7980.38,0,1,0.0
M006049,71.8,0,4,33.8,3694.58,1,0,-0.089994
M006050,50.8,1,2,26.9,10569.4,0,0,0.0
M006051,29.8,0,1,134.6,2660.77,1,0,-0.089633
M006052,75.8,1,1,81.7,595.36,0,1,0.0
M006053,24.6,2,2,108.2,4220.84,1,1,-0.100268
M006054,56.4,1,4,65.0,348.14,0,0,0.0
M006055,83.4,4,2,31.5,25867.54,1,1,-0.094455
M006056,27.8,1,5,81.2,3115.56,0,1,0.0
M006057,54.9,2,1,24.0,2946.68,0,1,0.0
M006058,48.1,3,1,12.8,5662.36,0,0,0.0
M006059,41.0,2,1,47.4,2782.46,0,0,0.0
M006060,14.4,3,2,82.3,8250.68,0,0,0.0
M006061,33.6,0,2,48.4,1360.06,0,0,0.0
M006062,76.1,1,3,177.3,3307.91,0,1,0.0
M006063,41.8,0,3,20.0,1301.48,0,0,0.0
M006064,56.6,5,3,92.0,17956.42,0,1,0.0
M006065,11.2,0,6,85.1,10282.57,1,0,-0.070529
M006066,79.7,4,2,14.7,3577.41,0,1,0.0
M006067,26.9,0,1,97.4,5242.84,0,1,0.0
M006068,51.2,3,2,25.9,923.36,0,1,0.0
M006069,25.5,3,1,107.4,6341.6,1,1,-0.090848
M006070,80.5,0,2,64.8,1117.0,0,0,0.0
M006071,54.4,1,5,17.6,198.75,0,0,0.0
M006072,49.0,3,5,78.8,5297.75,1,1,-0.095478
M006073,69.7,1,4,99.0,2412.77,1,0,-0.094383
M006074,35.1,2,4,27.2,31521.53,0,0,0.0
M006075,43.2,1,4,73.5,7004.79,0,0,0.0
M006076,32.9,4,2,16.5,9095.42,0,0,0.0
M006077,38.2,1,1,96.6,2885.22,0,0,0.0
M006078,81.5,0,3,17.9,4031.83,0,0,0.0
M006079,36.6,0,4,44.5,6490.34,0,0,0.0
M006080,34.5,0,5,42.3,11989.22,0,0,0.0
M006081,31.6,2,1,12.6,5603.84,0,1,0.0
M006082,65.9,0,6,19.5,822.0,0,0,0.0
M006083,31.2,1,5,212.9,811.56,0,0,0.0
M006084,8.7,1,1,103.2,2426.71,0,1,0.0
M006085,66.2,1,1,94.4,1216.24,0,0,0.0
M006086,88.1,2,3,17.7,2589.44,1,1,-0.101689
M006087,36.7,2,2,27.4,3529.96,0,1,0.0
M006088,33.7,0,2,55.9,775.64,0,0,0.0
M006089,19.8,2,1,19.9,9314.48,0,0,0.0
M006090,61.3,0,1,55.6,1048.03,0,0,0.0
M006091,47.7,1,2,2.3,2411.86,0,0,0.0
M006092,78.5,1,3,16.4,3081.01,0,0,0.0
M006093,47.2,2,2,59.5,4344.25,0,0,0.0
M006094,41.8,1,6,58.4,42324.49,0,0,0.0
M006095,60.8,3,1,28.9,1473.53,1,0,-0.084113
M006096,33.7,4,3,34.9,28845.82,0,0,0.0
M006097,50.1,1,4,41.2,1100.74,0,1,0.0
M006098,19.8,1,4,71.4,8514.08,1,0,-0.111457
M006099,27.0,1,2,82.4,6294.98,0,0,0.0
M006100,47.9,2,3,11.3,19181.26,0,0,0.0
M006101,6.7,3,4,104.7,406.4,1,0,-0.122746
M006102,49.8,1,1,42.6,15326.19,0,0,0.0
M006103,26.6,2,1,42.0,3368.13,0,0,0.0
M006104,46.9,5,5,50.4,17101.25,0,1,0.0
M006105,57.0,0,1,96.0,1452.21,0,0,0.0
M006106,44.8,2,3,1.2,9337.32,0,1,0.0
M006107,61.3,5,2,37.7,526.03,0,1,0.0
M006108,34.2,1,2,40.3,1266.72,0,0,0.0
M006109,78.6,3,3,44.6,785.59,0,1,0.0
M006110,19.1,2,3,22.6,6528.09,1,1,-0.093588
M006111,20.0,2,1,10.5,608.24,1,0,-0.097926
M006112,78.7,3,3,61.4,2915.04,1,1,-0.115914
M006113,72.9,4,2,73.7,1683.11,1,1,-0.10521
M006114,43.4,0,1,191.4,9545.15,1,0,-0.06161
M006115,71.0,4,4,93.4,2177.29,0,1,0.0
M006116,36.5,2,2,15.0,754.14,0,0,0.0
M006117,19.8,2,5,71.4,4436.57,0,0,0.0
M006118,34.3,1,2,187.8,8573.06,0,0,0.0
M006119,47.3,2,5,70.5,3527.84,0,0,0.0
M006120,13.2,3,1,54.3,579.77,1,1,-0.095215
M006121,48.0,4,3,42.5,4003.11,1,1,-0.091277
M006122,23.6,2,1,75.3,18297.04,0,1,0.0
M006123,21.8,2,1,50.6,7945.72,0,1,0.0
M006124,75.9,1,3,133.0,1505.95,1,1,-0.073406
M006125,39.5,0,5,28.6,125.78,0,0,0.0
M006126,31.1,3,2,15.6,149.55,1,1,-0.062575
M006127,47.1,1,2,17.7,3148.94,0,1,0.0
M006128,57.2,0,1,79.1,2637.58,0,0,0.0
M006129,23.0,0,4,74.2,552.7,0,0,0.0
M006130,7.7,0,1,86.9,1276.01,0,1,0.0
M006131,53.0,3,4,153.8,11211.73,0,1,0.0
M006132,20.8,2,3,64.0,2786.66,1,0,-0.124317
M006133,28.1,3,1,6.3,1775.23,1,0,-0.106058
M006134,23.0,1,1,50.3,3210.14,1,1,-0.083533
M006135,63.5,1,2,47.7,7109.9,0,1,0.0
M006136,64.3,2,4,165.5,5222.14,0,0,0.0
M006137,53.3,2,2,114.4,2611.42,0,0,0.0
M006138,40.1,2,4,174.2,3346.59,0,1,0.0
M006139,50.7,3,3,35.3,1643.69,0,0,0.0
M006140,89.2,2,3,4.5,26705.07,0,0,0.0
M006141,43.3,0,2,13.2,159939.47,0,0,0.0
M006142,54.4,1,4,88.8,5218.96,0,0,0.0
M006143,31.8,1,3,16.6,18710.51,1,0,-0.070369
M006144,78.9,1,1,27.8,669.58,1,1,-0.099917
M006145,0.0,3,3,77.8,859.04,1,1,-0.103069
M006146,84.0,1,4,23.3,1775.01,0,1,0.0
M006147,59.4,4,5,41.2,1811.77,1,0,-0.107568
M006148,21.1,2,1,84.4,1742.1,1,1,-0.11139
M006149,13.9,3,3,33.0,2094.54,1,0,-0.1131
M006150,47.4,2,4,85.7,1593.01,0,0,0.0
M006151,24.9,0,2,45.4,1655.59,0,0,0.0
M006152,37.6,1,2,29.2,1582.22,0,0,0.0
M006153,39.8,4,3,102.4,145.13,0,1,0.0
M006154,19.6,1,3,38.4,2975.21,1,1,-0.110051
M006155,26.6,2,3,47.0,1435.27,0,0,0.0
M006156,60.6,1,1,3.8,1218.97,1,0,-0.09023
M006157,54.4,4,1,72.4,1446.38,0,1,0.0
M006158,54.3,3,3,39.7,690.62,0,1,0.0
M006159,36.7,2,5,43.5,581.44,0,0,0.0
M006160,21.6,0,4,117.7,2371.78,1,0,-0.10022
M006161,26.3,1,1,37.0,4024.83,0,0,0.0
M006162,51.3,3,1,161.2,9728.92,1,1,-0.119252
M006163,23.6,1,1,41.7,651.49,0,1,0.0
M006164,32.9,0,4,20.3,2744.08,0,0,0.0
M006165,38.2,2,6,109.8,7235.69,1,0,-0.074201
M006166,17.3,2,3,155.1,597.98,1,1,-0.110188
M006167,59.2,1,2,81.5,1189.39,0,0,0.0
M006168,67.6,1,3,77.1,2573.26,0,1,0.0
M006169,43.3,0,4,82.0,2184.59,1,1,-0.111773
M006170,43.0,0,1,21.9,1224.56,1,0,-0.087317
M006171,49.6,1,4,91.4,2536.71,0,0,0.0
M006172,91.6,3,1,60.2,3141.81,1,1,-0.08574
M006173,25.0,1,5,12.6,5330.77,0,0,0.0
M006174,29.1,1,2,18.4,260.8,0,0,0.0
M006175,75.0,3,1,110.7,783.28,1,0,-0.108296
M006176,29.9,3,2,55.9,4355.79,1,1,-0.081896
M006177,27.0,2,4,10.2,137.38,0,0,0.0
M006178,47.7,1,1,17.4,4988.24,0,1,0.0
M006179,63.5,0,5,30.0,2067.01,0,0,0.0
M006180,72.2,1,1,140.2,2305.34,0,0,0.0
M006181,40.1,2,1,101.2,3457.58,0,0,0.0
M006182,56.0,0,1,19.8,512.8,1,0,-0.113855
M006183,47.7,1,2,36.7,1120.78,0,0,0.0
M006184,34.9,0,1,54.8,5886.75,0,0,0.0
M006185,49.0,1,1,62.7,11426.96,0,1,0.0
M006186,43.1,2,3,6.0,4629.89,1,0,-0.114496
M006187,58.6,2,4,23.9,3711.69,0,0,0.0
M006188,40.4,0,3,58.1,1908.54,1,0,-0.086408
M006189,55.2,2,3,53.9,2170.69,0,0,0.0
M006190,43.2,0,1,20.3,2000.59,0,0,0.0
M006191,41.6,1,5,68.9,7701.47,0,0,0.0
M006192,36.0,0,1,78.5,10232.05,0,1,0.0
M006193,17.6,2,4,153.8,4256.32,1,1,-0.117188
M006194,64.4,1,2,45.4,6074.67,0,0,0.0
M006195,23.4,5,2,156.1,515.06,0,0,0.0
M006196,49.4,1,5,67.1,3734.66,0,0,0.0
M006197,32.2,3,4,54.7,609.43,1,0,-0.110144
M006198,56.2,0,4,82.7,4903.01,1,0,-0.05898
M006199,35.9,0,3,21.3,2656.69,0,1,0.0
M006200,53.5,2,1,15.7,836.39,1,0,-0.116331
M006201,63.1,0,5,79.1,4277.66,0,0,0.0
M006202,34.4,3,2,75.6,1226.77,1,0,-0.106578
M006203,45.7,2,4,39.6,98.98,1,0,-0.105395
M006204,50.3,1,2,90.9,1564.64,0,0,0.0
M006205,77.1,1,3,18.7,2778.4,0,0,0.0
M006206,57.7,2,2,21.0,5797.42,0,0,0.0
M006207,10.0,3,2,58.0,3279.2,1,1,-0.122869
M006208,17.7,2,2,16.3,1452.44,1,1,-0.122545
M006209,36.6,0,1,110.0,690.66,0,0,0.0
M006210,52.6,1,2,8.4,4173.77,0,1,0.0
M006211,16.5,1,2,95.0,3060.07,0,1,0.0
M006212,66.1,0,2,48.7,2683.26,0,0,0.0
M006213,78.4,1,2,56.3,1653.99,0,1,0.0
M006214,47.5,2,4,60.4,5576.01,0,0,0.0
M006215,49.3,3,1,20.6,27823.76,1,1,-0.081952
M006216,34.7,4,1,33.8,576.22,1,1,-0.105528
M006217,28.8,2,1,13.5,1403.82,0,1,0.0
M006218,22.6,2,2,175.1,5567.1,1,1,-0.122001
M006219,48.5,2,3,16.1,6582.91,0,0,0.0
M006220,49.9,4,1,160.9,880.17,0,0,0.0
M006221,50.5,1,1,172.6,2756.13,0,1,0.0
M006222,74.2,1,3,62.2,2438.97,1,0,-0.079627
M006223,61.6,3,2,42.0,3020.06,0,1,0.0
M006224,44.4,4,4,3.6,1004.23,0,1,0.0
M006225,61.0,1,3,9.8,16354.72,0,0,0.0
M006226,73.2,2,1,52.5,742.71,0,0,0.0
M006227,45.7,5,3,64.0,3918.33,0,1,0.0
M006228,0.2,1,2,74.2,4783.31,1,1,-0.116936
M006229,46.3,1,1,60.1,2472.97,0,0,0.0
M006230,59.0,1,1,18.7,1070.45,0,0,0.0
M006231,51.2,1,2,123.7,2061.41,0,0,0.0
M006232,43.2,3,1,26.5,2309.94,0,1,0.0
M006233,36.2,2,2,24.2,1404.63,0,1,0.0
M006234,58.3,2,2,21.3,9203.5,1,0,-0.094784
M006235,48.7,1,4,101.8,3316.61,0,0,0.0
M006236,24.8,1,6,50.1,6492.76,1,0,-0.080676
M006237,54.9,4,1,149.2,434.28,0,0,0.0
M006238,86.2,1,4,66.2,672.96,0,0,0.0
M006239,45.0,2,1,13.4,3278.57,0,1,0.0
M006240,40.0,2,5,48.6,29762.5,0,0,0.0
M006241,52.9,5,2,18.7,4918.94,1,1,-0.089806
M006242,1.3,3,1,31.0,1491.73,1,1,-0.097607
M006243,38.0,2,1,24.0,2792.82,0,0,0.0
M006244,31.4,4,3,30.6,709.22,1,1,-0.115498
M006245,10.5,1,1,89.7,6633.91,0,0,0.0
M006246,73.4,3,2,50.6,1331.18,0,0,0.0
M006247,22.3,3,1,12.8,561.5,1,1,-0.073474
M006248,41.1,2,2,58.2,16240.59,1,0,-0.081872
M006249,18.2,3,4,39.5,1822.62,1,1,-0.111108
M006250,22.8,1,2,36.4,3504.16,0,1,0.0
M006251,78.6,2,2,24.6,804.64,0,0,0.0
M006252,55.3,0,3,57.2,1459.57,0,0,0.0
M006253,53.2,0,2,82.3,4413.92,0,1,0.0
M006254,50.9,2,3,10.0,22110.99,0,1,0.0
M006255,71.6,1,3,129.3,2603.8,0,0,0.0
M006256,60.7,3,1,74.3,2942.51,0,0,0.0
M006257,44.4,0,6,13.7,2225.15,0,0,0.0
M006258,35.7,3,2,54.7,7293.86,1,1,-0.107922
M006259,69.3,0,2,97.8,5137.59,0,0,0.0
M006260,61.5,3,1,32.9,4210.83,1,0,-0.11222
M006261,33.4,1,5,40.9,6678.9,1,1,-0.097822
M006262,16.9,1,2,49.2,1304.07,0,1,0.0
M006263,42.0,2,1,62.4,9527.12,0,0,0.0
M006264,38.6,1,3,30.8,1160.88,0,0,0.0
M006265,28.8,1,4,120.8,862.23,1,1,-0.05905
M006266,44.9,3,5,38.8,8909.49,1,0,-0.105218
M006267,25.4,3,2,42.8,3048.79,1,1,-0.07483
M006268,64.6,2,5,32.1,4044.89,0,0,0.0
M006269,50.9,4,2,1.2,2973.46,1,0,-0.098219
M006270,70.4,2,2,81.7,21542.4,1,0,-0.076279
M006271,45.9,3,5,23.3,26206.66,1,1,-0.09047
M006272,51.3,1,2,58.0,1243.23,0,1,0.0
M006273,43.5,0,1,101.5,12965.95,0,0,0.0
M006274,8.5,1,2,123.8,721.46,1,1,-0.107886
M006275,42.4,1,1,11.8,316.99,0,0,0.0
M006276,41.1,0,2,27.7,2629.84,0,0,0.0
M006277,29.9,1,2,120.6,1721.48,0,0,0.0
M006278,10.8,1,1,38.2,8665.89,1,1,-0.101071
M006279,59.2,4,1,41.6,3077.94,1,0,-0.095793
M006280,15.5,0,6,68.2,5341.16,0,0,0.0
M006281,48.8,2,3,47.9,777.93,0,0,0.0
M006282,40.6,4,1,77.0,670.55,1,1,-0.094891
M006283,38.3,2,3,74.6,38104.47,0,0,0.0
M006284,36.6,2,3,28.9,2357.3,0,0,0.0
M006285,29.8,2,3,97.6,694.35,0,0,0.0
M006286,47.4,1,2,4.4,1684.3,0,0,0.0
M006287,50.3,4,4,19.7,6884.83,0,0,0.0
M006288,41.9,4,5,52.7,9942.43,1,1,-0.116248
M006289,33.9,4,2,68.1,7755.92,0,1,0.0
M006290,79.6,2,4,58.7,4717.43,0,0,0.0
M006291,41.8,1,3,136.3,1379.83,0,1,0.0
M006292,31.4,2,1,24.8,1769.8,1,0,-0.087949
M006293,26.9,3,3,74.6,3449.22,1,1,-0.115062
M006294,36.5,2,3,182.0,5635.49,0,1,0.0
M006295,52.6,2,3,31.3,2079.8,0,1,0.0
M006296,7.2,3,2,85.1,819.51,1,1,-0.11274
M006297,62.9,0,4,76.7,333.08,0,0,0.0
M006298,50.7,2,3,40.5,792.92,0,1,0.0
M006299,37.7,5,6,79.2,1223.91,1,1,-0.112383
M006300,75.2,0,1,75.0,4325.08,0,0,0.0
M006301,37.3,3,3,13.2,1882.31,0,0,0.0
M006302,39.6,2,1,25.1,1615.63,0,1,0.0
M006303,38.6,1,3,79.6,39405.85,1,0,-0.086076
M006304,95.5,1,4,15.5,1358.99,1,0,-0.072871
M006305,41.8,0,1,60.9,18220.13,0,1,0.0
M006306,20.8,1,1,41.6,1787.79,1,1,-0.099158
M006307,43.7,1,2,38.3,9714.52,0,0,0.0
M006308,55.4,1,1,26.5,9802.5,0,0,0.0
M006309,18.7,2,5,68.2,8980.36,0,1,0.0
M006310,29.8,0,4,122.0,1511.22,0,0,0.0
M006311,47.2,1,3,34.0,18499.17,1,0,-0.095544
M006312,24.8,2,3,35.7,7386.11,1,1,-0.099843
M006313,23.0,2,2,34.3,1697.33,0,1,0.0
M006314,71.6,3,2,99.2,5890.44,1,1,-0.095699
M006315,62.3,1,5,169.3,610.39,0,0,0.0
M006316,60.8,0,2,29.4,5472.88,0,1,0.0
M006317,54.7,1,2,82.2,1468.57,1,1,-0.098741
M006318,16.9,1,4,95.8,4057.95,1,1,-0.124221
M006319,71.4,0,4,175.0,3984.66,0,0,0.0
M006320,81.6,0,5,49.2,1816.03,0,1,0.0
M006321,17.2,0,3,66.9,12000.78,1,0,-0.090355
M006322,5.3,1,2,106.1,876.72,0,1,0.0
M006323,38.4,0,4,72.0,1065.64,0,0,0.0
M006324,58.7,2,3,50.5,5367.15,0,1,0.0
M006325,78.7,2,5,31.5,2540.82,0,1,0.0
M006326,58.8,0,1,64.6,360.46,0,1,0.0
M006327,37.3,2,4,91.4,658.46,0,0,0.0
M006328,49.5,1,5,27.5,1114.4,0,0,0.0
M006329,41.6,1,2,18.9,14829.9,0,0,0.0
M006330,26.9,2,6,12.9,4681.14,1,0,-0.083328
M006331,45.5,0,4,97.1,2871.94,0,1,0.0
M006332,40.0,1,2,69.5,605.56,0,0,0.0
M006333,40.6,1,3,130.5,870.32,1,0,-0.092575
M006334,82.6,3,3,37.2,3540.58,0,0,0.0
M006335,54.0,2,2,50.7,10429.41,0,0,0.0
M006336,34.1,1,1,150.3,5345.74,0,0,0.0
M006337,59.5,1,4,84.4,516.62,1,0,-0.110114
M006338,42.5,1,1,34.8,1495.34,0,0,0.0
M006339,29.0,1,1,83.7,930.1,0,0,0.0
M006340,39.6,0,4,22.1,5018.08,0,1,0.0
M006341,44.4,1,1,32.8,415.44,0,1,0.0
M006342,70.9,0,4,20.2,5490.3,0,1,0.0
M006343,47.8,1,2,29.0,1762.0,0,0,0.0
M006344,8.2,1,5,66.7,1846.07,0,0,0.0
M006345,20.1,1,1,124.5,1031.66,1,0,-0.119936
M006346,49.6,2,4,72.2,2397.23,1,1,-0.072101
M006347,69.2,0,3,35.4,10217.41,0,1,0.0
M006348,54.0,1,1,102.5,3216.84,0,0,0.0
M006349,33.7,0,4,103.0,1346.17,0,0,0.0
M006350,40.2,3,1,56.9,11038.89,1,1,-0.123337
M006351,53.1,0,2,30.9,1506.24,0,0,0.0
M006352,17.3,0,4,67.9,5040.59,0,1,0.0
M006353,50.3,1,2,73.2,915.99,0,0,0.0
M006354,23.2,1,5,49.8,724.17,1,1,-0.100602
M006355,51.3,1,3,116.0,7696.93,1,1,-0.097898
M006356,12.6,2,4,80.0,2119.73,1,0,-0.118456
M006357,79.4,0,2,17.6,1587.87,0,1,0.0
M006358,40.6,4,5,71.0,648.58,0,1,0.0
M006359,34.5,1,1,26.2,4632.72,0,1,0.0
M006360,0.0,3,3,43.5,12299.4,1,1,-0.10999
M006361,41.0,1,5,37.1,20188.96,0,0,0.0
M006362,41.2,0,3,124.9,1836.96,1,0,-0.076886
M006363,50.6,0,4,73.8,6655.94,1,0,-0.088676
M006364,57.6,2,6,57.4,30684.78,1,0,-0.104114
M006365,69.4,3,1,36.7,1985.39,0,1,0.0
M006366,40.8,2,2,98.4,1491.39,0,0,0.0
M006367,40.7,1,2,26.5,4044.27,0,0,0.0
M006368,48.9,2,1,170.5,4796.11,0,0,0.0
M006369,64.2,2,2,94.7,6763.26,0,1,0.0
M006370,81.1,3,1,108.5,3409.94,1,0,-0.122727
M006371,33.7,0,2,18.9,4921.12,0,0,0.0
M006372,29.4,1,5,61.6,1610.45,1,1,-0.097487
M006373,36.0,4,5,34.8,13650.94,1,1,-0.119393
M006374,80.4,3,1,137.8,508.69,1,1,-0.115467
M006375,40.6,0,2,120.3,3900.46,0,0,0.0
M006376,26.9,0,4,101.1,3030.97,1,0,-0.066913
M006377,20.3,0,1,49.9,9603.79,0,1,0.0
M006378,55.8,3,4,104.7,1542.34,0,0,0.0
M006379,23.8,1,4,107.2,6174.63,0,1,0.0
M006380,57.3,3,2,29.5,3314.66,0,1,0.0
M006381,36.8,0,3,44.2,3112.15,0,0,0.0
M006382,42.8,2,1,104.4,12125.33,0,1,0.0
M006383,60.9,4,2,35.0,465.06,0,1,0.0
M006384,24.7,2,5,57.8,3806.05,1,1,-0.103058
M006385,42.1,3,4,87.4,1064.39,1,0,-0.114509
M006386,35.3,1,3,24.4,675.05,0,0,0.0
M006387,44.1,1,3,131.0,5598.35,0,0,0.0
M006388,61.0,0,1,135.8,4205.0,0,1,0.0
M006389,35.5,1,2,34.7,4155.55,0,1,0.0
M006390,52.5,1,2,93.7,888.25,0,0,0.0
M006391,65.5,1,3,37.0,2518.76,0,0,0.0
M006392,56.8,3,4,63.9,485.24,1,0,-0.111622
M006393,8.1,0,1,52.0,3312.6,1,0,-0.080344
M006394,73.2,3,1,57.2,2595.45,1,0,-0.120082
M006395,54.5,1,3,35.5,2629.9,0,1,0.0
M006396,12.2,3,3,11.0,1163.0,0,1,0.0
M006397,42.8,1,1,29.3,1565.65,0,0,0.0
M006398,7.3,1,2,64.5,1812.18,0,1,0.0
M006399,60.5,3,2,80.3,3325.22,0,1,0.0
M006400,54.3,1,1,88.0,978.99,0,1,0.0
M006401,62.0,0,3,41.0,6964.94,0,0,0.0
M006402,67.1,1,3,85.8,2420.0,0,0,0.0
M006403,47.8,4,6,142.3,1132.16,0,1,0.0
M006404,100.0,0,4,78.6,1082.12,0,0,0.0
M006405,29.0,2,2,34.8,2970.85,0,0,0.0
M006406,38.5,0,5,47.7,916.02,0,0,0.0
M006407,38.6,2,2,240.7,10955.47,0,0,0.0
M006408,41.0,2,1,51.6,3234.59,0,0,0.0
M006409,14.5,1,3,27.9,6329.34,1,1,-0.091959
M006410,46.1,2,3,82.2,1482.84,0,0,0.0
M006411,9.3,0,3,48.2,2410.42,0,1,0.0
M006412,56.8,1,3,93.5,5354.42,1,1,-0.074061
M006413,21.7,3,5,38.4,4748.34,0,1,0.0
M006414,62.0,3,1,45.2,1107.25,1,1,-0.076313
M006415,46.6,1,1,47.6,3409.67,0,0,0.0
M006416,19.7,3,1,22.4,83686.16,1,1,-0.088734
M006417,40.5,0,5,80.0,1006.15,0,0,0.0
M006418,29.5,2,5,47.3,585.18,0,0,0.0
M006419,1.9,2,3,34.0,1645.09,1,0,-0.120078
M006420,60.4,2,2,3.3,4360.0,0,0,0.0
M006421,29.9,1,2,46.7,6558.91,1,1,-0.089853
M006422,21.3,3,3,71.6,9734.57,0,1,0.0
M006423,42.9,3,2,99.2,3916.47,1,1,-0.09111
M006424,45.4,0,1,17.1,2109.08,0,0,0.0
M006425,65.6,2,1,82.4,11150.63,0,1,0.0
M006426,65.0,3,2,60.7,5586.27,0,1,0.0
M006427,19.7,0,2,35.5,3396.09,0,1,0.0
M006428,60.5,2,3,100.0,2178.36,0,0,0.0
M006429,40.4,1,3,53.5,4767.23,0,1,0.0
M006430,34.8,1,5,80.3,1063.92,0,1,0.0
M006431,60.3,0,6,44.4,7424.5,0,1,0.0
M006432,56.9,1,1,81.6,728.52,0,0,0.0
M006433,49.0,1,3,30.1,5055.41,0,0,0.0
M006434,34.9,3,4,40.7,695.66,0,1,0.0
M006435,67.4,2,1,63.4,1843.05,0,0,0.0
M006436,55.9,0,1,38.5,20907.35,0,0,0.0
M006437,48.9,2,2,56.9,1923.4,0,0,0.0
M006438,46.3,3,2,56.1,13285.46,0,1,0.0
M006439,35.4,2,3,71.0,4926.96,0,1,0.0
M006440,0.0,4,1,58.7,1577.95,0,0,0.0
M006441,23.8,0,1,69.0,2096.31,0,0,0.0
M006442,39.2,0,2,24.4,4122.04,0,0,0.0
M006443,20.9,3,2,59.8,696.32,1,1,-0.111137
M006444,57.1,1,3,15.8,1967.33,0,0,0.0
M006445,41.5,0,2,35.4,6098.67,0,0,0.0
M006446,0.0,1,1,20.8,4975.3,0,1,0.0
M006447,17.9,1,1,40.4,14492.3,1,1,-0.075376
M006448,12.0,2,3,75.6,21338.61,1,1,-0.090214
M006449,45.6,0,1,76.3,1265.02,0,0,0.0
M006450,29.5,3,2,38.2,2410.97,1,1,-0.105835
M006451,49.2,1,1,147.4,1558.99,0,1,0.0
M006452,23.7,2,1,29.5,1669.82,0,0,0.0
M006453,22.1,0,3,57.0,10620.85,0,1,0.0
M006454,49.1,0,1,92.1,10180.03,1,0,-0.103389
M006455,49.1,0,2,30.6,1211.89,1,0,-0.114981
M006456,49.9,1,2,84.7,14379.41,0,0,0.0
M006457,61.3,1,2,88.8,1153.63,0,1,0.0
M006458,64.9,2,4,232.6,2895.0,0,0,0.0
M006459,64.0,3,3,15.9,6791.94,1,1,-0.102824
M006460,37.3,1,4,41.3,4245.46,0,0,0.0
M006461,42.5,5,3,61.6,6339.09,0,1,0.0
M006462,58.3,0,4,109.4,13509.49,0,0,0.0
M006463,63.4,1,1,46.3,1941.73,0,1,0.0
M006464,25.2,3,3,84.8,2250.27,0,1,0.0
M006465,26.3,2,2,83.2,437.74,0,1,0.0
M006466,43.3,1,2,81.0,28046.02,0,0,0.0
M006467,5.8,2,1,25.0,2862.44,1,1,-0.090617
M006468,36.5,1,2,98.3,3250.01,0,0,0.0
M006469,71.0,2,2,104.5,3653.4,0,0,0.0
M006470,30.0,4,5,54.5,5133.97,0,1,0.0
M006471,12.0,3,2,100.9,2267.48,1,0,-0.091826
M006472,14.0,5,1,11.1,4002.43,0,0,0.0
M006473,30.8,0,6,71.4,27911.06,0,0,0.0
M006474,22.1,2,3,63.9,2314.23,0,0,0.0
M006475,39.6,3,1,42.4,1940.28,0,1,0.0
M006476,21.6,0,3,15.2,2944.0,0,1,0.0
M006477,26.1,1,3,23.3,5127.61,0,1,0.0
M006478,80.4,2,1,10.0,2827.38,0,1,0.0
M006479,30.2,2,1,69.3,10558.09,1,0,-0.065771
M006480,65.2,1,2,38.4,982.84,0,0,0.0
M006481,31.2,2,2,27.6,5484.11,0,0,0.0
M006482,40.5,1,6,134.4,2561.22,0,0,0.0
M006483,45.8,1,1,68.4,3468.64,0,0,0.0
M006484,46.0,0,3,9.1,606.87,0,1,0.0
M006485,74.0,2,2,63.3,15324.01,0,0,0.0
M006486,38.5,1,2,52.5,11101.34,0,1,0.0
M006487,52.1,2,2,41.4,8635.98,0,0,0.0
M006488,95.5,0,2,32.9,795.69,0,0,0.0
M006489,54.3,2,3,77.6,1001.6,0,0,0.0
M006490,43.4,2,4,67.3,640.3,0,0,0.0
M006491,50.8,2,3,78.7,828.8,0,0,0.0
M006492,65.3,0,1,11.2,1760.66,1,1,-0.113551
M006493,45.6,4,1,24.8,1066.28,1,0,-0.114112
M006494,52.1,0,1,46.2,1312.56,0,1,0.0
M006495,71.0,0,1,50.4,1697.09,0,0,0.0
M006496,46.1,2,3,22.8,2780.92,0,0,0.0
M006497,81.1,5,1,67.4,2498.99,1,0,-0.107172
M006498,14.6,3,1,21.3,474.54,1,1,-0.077531
M006499,32.4,1,2,28.1,9753.23,0,1,0.0
M006500,43.6,1,1,31.6,6763.3,0,0,0.0
M006501,34.6,0,3,88.2,3528.06,0,0,0.0
M006502,45.6,2,1,11.5,4334.17,0,0,0.0
M006503,18.2,1,1,18.4,882.35,1,1,-0.10782
M006504,40.5,1,3,14.1,4490.23,0,0,0.0
M006505,19.9,5,3,122.5,1719.04,1,0,-0.124337
M006506,0.0,4,1,20.3,735.35,0,1,0.0
M006507,16.3,3,1,32.5,3442.99,0,1,0.0
M006508,42.2,1,4,16.7,1768.04,0,1,0.0
M006509,42.0,1,1,68.0,929.79,0,1,0.0
M006510,38.8,0,4,70.8,30852.02,0,0,0.0
M006511,46.7,2,2,38.7,1030.69,1,0,-0.099724
M006512,49.1,0,2,121.8,1940.13,0,0,0.0
M006513,31.9,2,2,11.1,4649.35,0,1,0.0
M006514,43.4,0,4,23.8,1049.51,1,0,-0.097064
M006515,30.7,0,4,76.7,849.94,0,0,0.0
M006516,56.0,3,4,55.9,517.24,1,1,-0.083892
M006517,46.8,3,2,148.7,4589.74,0,0,0.0
M006518,28.2,2,5,22.7,1000.01,0,0,0.0
M006519,41.0,0,1,15.6,1060.86,0,0,0.0
M006520,83.4,1,6,55.3,4672.03,0,1,0.0
M006521,0.0,2,3,49.3,2296.23,1,0,-0.09489
M006522,14.7,1,1,82.2,1735.05,0,0,0.0
M006523,49.0,1,1,23.0,1620.94,1,1,-0.092515
M006524,43.1,3,1,19.2,3305.14,1,1,-0.107855
M006525,23.2,1,1,30.8,1258.64,0,0,0.0
M006526,79.9,0,3,28.7,5544.52,0,0,0.0
M006527,39.4,5,1,121.0,8935.92,1,0,-0.09301
M006528,28.3,1,6,13.5,14550.92,0,1,0.0
M006529,56.4,1,2,58.5,1121.74,0,1,0.0
M006530,34.5,1,1,23.5,699.27,0,0,0.0
M006531,37.6,1,3,17.3,9665.36,1,0,-0.103237
M006532,61.3,1,5,20.2,5487.85,0,0,0.0
M006533,13.0,0,2,119.5,2008.71,0,0,0.0
M006534,46.0,1,5,55.0,9800.96,0,1,0.0
M006535,24.9,3,2,11.4,823.11,0,1,0.0
M006536,48.3,0,6,28.6,20230.51,0,0,0.0
M006537,80.7,0,5,54.5,1672.75,0,0,0.0
M006538,7.2,0,2,23.4,531.74,0,0,0.0
M006539,14.9,2,2,51.7,11174.12,1,1,-0.122847
M006540,59.6,1,1,34.5,19290.68,1,0,-0.070296
M006541,13.2,1,4,34.3,7384.79,1,1,-0.099763
M006542,27.9,1,1,35.8,653.36,0,0,0.0
M006543,49.0,3,1,23.8,5407.96,1,1,-0.117716
M006544,88.9,0,3,63.7,2389.38,0,0,0.0
M006545,36.5,1,5,255.7,1012.41,0,0,0.0
M006546,16.0,0,3,43.9,1549.12,0,0,0.0
M006547,31.1,2,2,63.5,1733.47,1,0,-0.078409
M006548,22.9,2,2,14.1,4199.76,1,1,-0.084403
M006549,50.4,2,3,109.1,3667.77,1,0,-0.09417
M006550,35.5,3,1,32.0,897.3,1,1,-0.102006
M006551,10.4,5,3,129.8,4672.36,1,1,-0.106981
M006552,35.0,0,4,146.2,2809.32,0,0,0.0
M006553,13.0,0,2,14.9,491.33,1,0,-0.119051
M006554,62.2,0,3,66.6,2622.04,0,0,0.0
M006555,38.7,1,1,53.6,1862.04,0,0,0.0
M006556,58.3,2,2,106.4,17706.81,0,0,0.0
M006557,64.7,0,1,67.1,4496.13,0,1,0.0
M006558,34.4,2,2,31.6,206.76,0,0,0.0
M006559,22.8,4,4,75.3,14497.58,1,1,-0.113073
M006560,0.0,1,3,8.7,514.37,1,1,-0.077238
M006561,83.6,1,2,37.2,2614.0,0,1,0.0
M006562,51.7,0,4,25.5,4003.37,0,0,0.0
M006563,52.3,2,1,104.7,1810.72,0,0,0.0
M006564,44.7,1,1,72.4,1013.95,1,0,-0.089021
M006565,87.5,0,4,84.3,2545.37,0,1,0.0
M006566,54.1,1,1,65.5,414.59,0,0,0.0
M006567,64.8,1,3,43.3,11384.52,1,0,-0.096968
M006568,46.4,0,1,21.7,526.67,0,1,0.0
M006569,58.0,2,1,29.7,20054.25,1,0,-0.0701
M006570,47.4,1,2,33.9,5335.27,0,0,0.0
M006571,49.9,3,1,64.6,813.96,1,1,-0.104524
M006572,22.3,1,1,12.9,563.89,1,1,-0.062122
M006573,62.6,3,4,51.6,8439.98,1,1,-0.111202
M006574,43.4,1,3,3.9,3639.48,0,0,0.0
M006575,21.5,0,1,79.6,979.68,0,1,0.0
M006576,39.0,1,5,54.6,3114.52,0,0,0.0
M006577,25.4,2,4,46.7,1512.19,1,0,-0.101187
M006578,44.3,3,6,65.1,6609.37,0,1,0.0
M006579,37.2,2,5,25.1,1469.71,1,0,-0.080123
M006580,25.7,2,1,19.6,3970.37,0,0,0.0
M006581,85.9,2,3,46.1,1135.96,0,0,0.0
M006582,36.4,3,4,87.9,1837.33,1,1,-0.12328
M006583,21.7,0,3,51.2,502.62,1,0,-0.068281
M006584,75.2,1,1,67.4,993.16,0,0,0.0
M006585,49.5,0,4,76.8,168.95,0,1,0.0
M006586,28.1,2,3,51.6,10136.46,0,0,0.0
M006587,59.1,3,2,71.4,2336.62,0,1,0.0
M006588,48.2,2,3,29.0,1265.14,0,1,0.0
M006589,58.6,1,2,54.8,3170.93,0,1,0.0
M006590,50.2,4,5,47.8,2189.39,0,1,0.0
M006591,55.2,0,2,33.7,2521.53,0,0,0.0
M006592,61.0,1,1,40.1,852.9,0,1,0.0
M006593,58.1,4,4,12.0,1140.93,1,1,-0.07301
M006594,79.5,2,2,45.4,2710.72,1,0,-0.100691
M006595,17.4,2,2,35.0,6057.26,0,1,0.0
M006596,23.7,0,1,73.6,1150.1,0,0,0.0
M006597,34.9,5,4,54.7,5216.37,1,1,-0.081739
M006598,68.0,1,2,43.3,5103.46,0,0,0.0
M006599,32.7,4,2,44.3,3722.12,0,1,0.0
M006600,86.1,2,4,160.8,1512.39,0,1,0.0
M006601,50.6,4,2,128.6,2133.45,0,1,0.0
M006602,65.5,3,3,91.4,5872.48,0,0,0.0
M006603,19.4,0,1,60.5,30056.27,0,1,0.0
M006604,31.9,0,2,78.8,3629.36,0,1,0.0
M006605,49.4,2,5,31.4,2037.28,1,1,-0.07696
M006606,60.3,1,5,14.6,9404.61,0,0,0.0
M006607,43.7,2,3,84.3,1214.89,1,0,-0.074087
M006608,51.0,3,3,120.2,2392.18,1,0,-0.120255
M006609,31.2,3,4,115.5,1107.56,0,1,0.0
M006610,33.3,1,2,39.2,1797.29,0,0,0.0
M006611,31.9,0,2,23.2,2300.25,1,0,-0.090344
M006612,70.9,0,1,91.9,10455.86,0,1,0.0
M006613,15.0,1,1,22.8,1448.68,0,0,0.0
M006614,41.0,0,2,62.6,2537.22,0,0,0.0
M006615,65.8,2,2,91.3,803.85,0,0,0.0
M006616,81.6,1,1,84.0,1008.5,0,0,0.0
M006617,75.2,1,2,42.1,5532.03,1,0,-0.094647
M006618,75.2,3,1,105.7,19012.63,0,0,0.0
M006619,69.4,1,1,31.9,1728.99,0,1,0.0
M006620,52.3,0,2,25.4,492.62,0,0,0.0
M006621,41.2,1,4,67.2,895.17,0,0,0.0
M006622,17.4,1,1,14.5,2074.17,1,1,-0.061328
M006623,64.2,1,2,80.2,4407.53,0,0,0.0
M006624,53.8,1,1,66.6,11013.17,0,0,0.0
M006625,26.5,2,4,38.7,944.06,0,0,0.0
M006626,30.1,3,1,26.0,8588.88,0,0,0.0
M006627,92.3,3,1,69.8,454.42,1,0,-0.104693
M006628,33.9,1,4,133.9,7910.95,0,0,0.0
M006629,38.0,0,2,93.6,3005.6,0,0,0.0
M006630,50.3,0,5,8.8,2111.36,0,0,0.0
M006631,55.4,1,5,102.7,2695.09,0,0,0.0
M006632,39.9,1,1,115.5,1540.61,0,0,0.0
M006633,52.9,3,1,76.5,353.93,1,1,-0.109994
M006634,46.9,2,5,110.0,3309.33,0,0,0.0
M006635,65.5,3,4,19.8,10674.94,1,1,-0.090482
M006636,13.8,1,2,33.0,9112.81,0,1,0.0
M006637,46.2,4,1,30.6,3300.08,1,1,-0.094059
M006638,31.0,2,2,36.9,834.06,1,1,-0.11295
M006639,89.0,2,4,103.7,20447.29,0,0,0.0
M006640,68.6,4,2,132.7,3822.14,0,0,0.0
M006641,48.9,0,3,50.8,932.74,0,0,0.0
M006642,38.0,1,1,37.4,3395.29,0,0,0.0
M006643,37.6,1,1,40.9,1469.22,0,0,0.0
M006644,36.8,1,1,113.3,260.28,0,1,0.0
M006645,68.7,1,1,81.1,561.74,0,0,0.0
M006646,24.9,2,1,23.0,3622.49,1,1,-0.075423
M006647,49.2,2,5,144.0,29173.91,1,0,-0.055609
M006648,21.6,3,3,25.9,3497.34,1,1,-0.07809
M006649,63.3,2,1,13.3,732.92,1,1,-0.108541
M006650,47.2,3,1,17.3,13276.5,1,0,-0.114679
M006651,41.1,3,4,27.2,2810.49,1,1,-0.110702
M006652,62.0,2,5,71.1,3329.2,1,0,-0.100605
M006653,72.7,4,2,151.1,945.16,0,0,0.0
M006654,32.9,0,2,54.0,593.59,0,0,0.0
M006655,54.5,1,3,14.5,5066.15,0,0,0.0
M006656,39.1,4,1,117.9,10303.34,1,0,-0.1014
M006657,30.2,0,1,92.4,5914.84,0,1,0.0
M006658,52.3,1,1,28.3,5266.25,1,0,-0.119482
M006659,42.5,1,2,101.8,1826.03,1,0,-0.093745
M006660,34.6,0,3,65.6,1213.87,0,0,0.0
M006661,48.3,0,1,69.2,3003.13,1,0,-0.067049
M006662,38.6,2,3,101.8,1143.51,1,0,-0.093759
M006663,23.6,2,1,22.9,2773.32,1,1,-0.118915
M006664,44.6,0,5,2.8,8985.01,0,0,0.0
M006665,51.3,0,1,138.8,1628.66,0,0,0.0
M006666,67.3,2,3,27.0,10109.95,0,0,0.0
M006667,41.9,4,3,95.8,3889.25,0,0,0.0
M006668,67.7,0,1,131.0,4649.8,0,0,0.0
M006669,96.3,2,1,56.8,3861.03,0,0,0.0
M006670,26.6,0,1,66.2,325.58,1,0,-0.070744
M006671,10.7,5,2,93.7,2799.46,0,1,0.0
M006672,69.8,2,1,31.2,1104.99,0,0,0.0
M006673,51.9,1,2,13.0,1398.31,0,0,0.0
M006674,24.9,1,3,116.3,1777.85,0,1,0.0
M006675,13.1,3,1,167.6,3092.52,0,0,0.0
M006676,48.1,1,5,34.6,1927.78,0,0,0.0
M006677,35.8,0,3,49.4,2805.79,0,0,0.0
M006678,79.6,1,1,24.7,4960.76,0,1,0.0
M006679,22.5,2,4,25.7,2209.56,1,0,-0.117653
M006680,85.9,2,2,58.9,2680.83,0,1,0.0
M006681,59.3,0,2,27.6,1398.58,0,0,0.0
M006682,25.4,3,2,30.4,675.92,1,1,-0.096913
M006683,62.0,1,1,152.2,9236.35,0,1,0.0
M006684,9.4,3,1,52.6,6243.11,0,1,0.0
M006685,18.8,0,4,43.0,11864.25,0,1,0.0
M006686,35.0,1,4,11.9,2755.18,0,0,0.0
M006687,43.9,1,5,82.7,4706.8,0,1,0.0
M006688,32.2,1,3,13.9,2523.15,0,1,0.0
M006689,35.7,3,3,144.1,299.12,0,1,0.0
M006690,86.7,2,1,83.7,1978.15,0,0,0.0
M006691,56.1,0,2,8.8,5051.55,1,0,-0.112968
M006692,33.6,1,3,53.1,10349.3,0,0,0.0
M006693,48.0,0,1,75.4,7576.72,0,1,0.0
M006694,63.3,2,2,71.5,2889.28,0,1,0.0
M006695,37.6,0,4,97.4,8908.25,1,0,-0.075896
M006696,49.9,3,1,169.0,3494.81,1,1,-0.120591
M006697,30.9,0,2,135.9,786.85,1,0,-0.065339
M006698,2.3,2,1,36.8,2384.55,1,1,-0.116564
M006699,28.6,0,1,38.7,4140.8,1,1,-0.117215
M006700,62.1,1,1,32.7,11786.76,0,1,0.0
M006701,24.3,2,2,40.0,816.3,0,1,0.0
M006702,52.7,1,2,130.0,7996.63,0,0,0.0
M006703,7.8,3,1,38.0,2936.29,1,1,-0.092511
M006704,32.0,2,1,62.0,16136.69,0,1,0.0
M006705,89.6,0,4,19.6,1254.36,0,0,0.0
M006706,32.0,1,4,50.9,2068.6,0,0,0.0
M006707,44.3,3,3,28.2,9940.19,1,1,-0.10732
M006708,33.5,1,6,56.3,1231.95,0,0,0.0
M006709,0.0,1,3,9.1,1943.49,0,1,0.0
M006710,9.0,2,2,65.7,1897.19,1,1,-0.104667
M006711,71.0,1,1,65.2,5892.08,1,0,-0.078436
M006712,41.5,0,4,33.2,1030.41,0,0,0.0
M006713,72.1,2,3,112.6,35522.66,1,0,-0.083492
M006714,86.1,1,5,55.6,976.95,0,0,0.0
M006715,46.8,2,2,107.3,12623.96,0,0,0.0
M006716,54.4,2,2,55.1,1270.36,0,0,0.0
M006717,43.6,0,2,101.8,9123.73,0,0,0.0
M006718,2.4,0,2,93.0,2495.79,0,0,0.0
M006719,8.9,2,4,123.5,34451.18,1,1,-0.124353
M006720,53.2,1,4,112.8,3642.63,0,0,0.0
M006721,24.0,2,4,112.4,34302.77,1,0,-0.123899
M006722,43.2,3,5,28.9,1365.07,1,1,-0.116829
M006723,61.4,3,1,12.3,2703.05,1,1,-0.094068
M006724,75.9,3,3,9.4,555.49,0,0,0.0
M006725,4.3,1,1,24.0,2407.35,0,0,0.0
M006726,29.6,0,2,26.3,1454.1,0,0,0.0
M006727,36.1,3,2,43.9,5025.32,1,1,-0.080025
M006728,54.0,0,3,136.7,1598.45,0,0,0.0
M006729,44.0,1,3,132.6,24427.93,0,0,0.0
M006730,31.3,3,3,37.6,1931.75,1,1,-0.109745
M006731,42.7,1,2,25.0,995.19,1,1,-0.104001
M006732,37.7,3,1,42.3,3256.74,1,1,-0.11278
M006733,63.8,1,1,26.1,846.2,0,0,0.0
M006734,43.1,3,1,61.3,10387.65,0,0,0.0
M006735,26.2,2,1,59.4,6846.06,0,0,0.0
M006736,61.7,1,2,56.9,1065.73,0,0,0.0
M006737,43.8,0,3,184.1,281.49,0,0,0.0
M006738,65.2,2,1,54.1,1809.61,0,0,0.0
M006739,9.6,1,2,65.6,4903.72,1,1,-0.097742
M006740,55.2,1,2,27.7,3551.71,0,0,0.0
M006741,20.0,2,1,30.6,785.45,1,1,-0.121704
M006742,22.6,2,1,37.4,12514.94,1,0,-0.115982
M006743,37.8,3,1,46.5,3350.23,1,1,-0.105711
M006744,6.3,3,1,54.5,1772.93,1,1,-0.084989
M006745,39.9,2,4,95.7,254.32,0,1,0.0
M006746,59.8,2,6,45.0,4490.03,0,0,0.0
M006747,30.8,3,4,44.4,75573.91,1,1,-0.101682
M006748,33.2,2,1,27.3,5872.55,0,1,0.0
M006749,37.0,0,2,27.8,2222.42,0,0,0.0
M006750,59.4,4,1,85.7,15839.0,1,1,-0.108027
M006751,57.9,3,5,29.8,1090.57,1,1,-0.086284
M006752,74.2,2,1,89.0,6475.85,0,1,0.0
M006753,33.5,3,2,63.0,13600.7,0,0,0.0
M006754,54.6,2,1,50.5,683.07,0,1,0.0
M006755,10.2,3,1,53.7,3034.87,1,1,-0.055258
M006756,10.0,4,4,31.7,1737.34,1,1,-0.101185
M006757,73.2,0,3,64.9,10215.35,1,0,-0.07423
M006758,64.1,3,2,22.5,622.94,0,0,0.0
M006759,22.4,3,2,78.8,656.6,1,0,-0.085528
M006760,43.0,2,2,8.5,1357.8,0,0,0.0
M006761,63.7,1,5,35.1,2637.68,1,1,-0.101685
M006762,57.4,0,2,168.0,10636.68,0,1,0.0
M006763,39.6,2,1,69.9,13281.94,1,0,-0.084312
M006764,70.2,3,4,25.9,809.37,1,1,-0.109546
M006765,50.3,2,5,22.8,1024.81,0,0,0.0
M006766,48.4,2,2,79.1,3929.14,0,0,0.0
M006767,31.8,2,1,137.2,5494.92,0,0,0.0
M006768,70.0,0,1,18.9,1167.99,1,0,-0.10136
M006769,44.1,1,6,129.2,623.39,0,0,0.0
M006770,57.7,3,2,31.7,1003.19,1,1,-0.097838
M006771,74.9,3,1,7.4,3081.45,1,1,-0.079123
M006772,24.1,3,2,119.3,34250.45,1,1,-0.123751
M006773,50.7,1,5,35.0,1214.78,0,0,0.0
M006774,32.8,1,4,122.0,1764.54,0,0,0.0
M006775,60.5,1,5,149.9,7583.73,0,0,0.0
M006776,25.0,2,4,33.2,12064.35,0,1,0.0
M006777,73.2,3,3,48.1,19849.7,1,1,-0.118673
M006778,61.6,3,1,15.0,4550.09,0,0,0.0
M006779,69.5,1,1,84.8,684.31,0,0,0.0
M006780,19.1,3,5,27.0,1362.38,1,1,-0.076245
M006781,34.9,2,4,118.5,583.39,0,1,0.0
M006782,41.0,2,2,38.7,3423.92,0,1,0.0
M006783,49.1,3,5,49.4,1613.82,0,1,0.0
M006784,0.0,4,4,151.2,3999.53,1,1,-0.116637
M006785,32.8,3,4,31.7,7533.79,1,0,-0.086911
M006786,39.7,2,1,49.0,697.63,0,0,0.0
M006787,39.2,1,5,30.9,2389.1,0,0,0.0
M006788,39.6,1,4,52.1,528.83,0,1,0.0
M006789,42.6,0,3,17.3,690.65,0,1,0.0
M006790,42.1,1,3,81.9,3018.23,0,0,0.0
M006791,29.3,1,2,51.5,2495.74,0,1,0.0
M006792,49.3,2,2,24.9,858.59,1,0,-0.080943
M006793,26.5,4,2,6.7,4274.96,1,0,-0.108896
M006794,79.4,3,1,244.6,2482.41,0,1,0.0
M006795,53.7,2,4,64.2,1501.76,0,0,0.0
M006796,62.6,3,6,92.2,702.64,1,1,-0.109643
M006797,56.2,0,2,44.5,6922.49,0,0,0.0
M006798,78.1,2,3,84.4,5795.29,0,0,0.0
M006799,77.0,2,2,264.6,3381.03,0,0,0.0
M006800,38.1,1,2,90.9,1580.8,1,1,-0.090439
M006801,64.6,2,3,42.9,3151.19,0,1,0.0
M006802,35.0,1,1,23.3,2158.83,0,0,0.0
M006803,100.0,1,2,55.3,1124.83,0,1,0.0
M006804,23.6,4,5,11.7,504.03,1,0,-0.116869
M006805,70.9,3,3,97.1,2708.63,1,1,-0.098214
M006806,50.1,2,2,17.1,1409.73,0,0,0.0
M006807,41.7,1,5,22.4,3021.8,0,0,0.0
M006808,18.7,1,2,61.9,1743.07,1,0,-0.119203
M006809,19.9,0,3,18.5,22406.47,0,0,0.0
M006810,73.1,2,1,61.6,2146.47,0,0,0.0
M006811,29.6,2,2,30.2,23534.3,0,1,0.0
M006812,76.9,3,4,36.7,340.55,0,0,0.0
M006813,63.5,1,1,188.2,1656.51,0,0,0.0
M006814,36.9,2,3,25.6,6133.39,0,0,0.0
M006815,88.4,3,4,29.6,2181.33,1,0,-0.105086
M006816,51.6,0,3,91.1,5654.74,0,1,0.0
M006817,43.1,2,1,28.2,5844.13,1,0,-0.071758
M006818,1.6,2,4,24.9,873.91,0,1,0.0
M006819,47.6,2,1,62.9,2145.89,0,1,0.0
M006820,18.2,0,2,205.6,28064.45,0,0,0.0
M006821,58.7,1,3,26.1,1804.37,0,1,0.0
M006822,57.3,1,3,170.5,3829.02,0,0,0.0
M006823,45.9,1,3,43.3,6112.22,0,0,0.0
M006824,19.4,1,4,25.3,4104.05,0,1,0.0
M006825,68.7,2,2,145.5,1444.87,0,0,0.0
M006826,37.5,2,6,32.0,6248.0,0,0,0.0
M006827,72.9,4,1,139.7,962.41,0,1,0.0
M006828,64.6,1,3,128.5,1502.62,0,1,0.0
M006829,70.9,0,4,62.2,1228.01,0,0,0.0
M006830,24.2,2,1,34.4,2338.03,1,0,-0.100448
M006831,45.1,3,2,38.6,2855.22,1,1,-0.094398
M006832,73.2,2,1,138.3,2585.08,0,0,0.0
M006833,58.5,1,4,11.1,2149.71,0,0,0.0
M006834,39.5,1,3,37.4,1403.09,0,0,0.0
M006835,42.5,3,2,61.8,600.5,0,0,0.0
M006836,41.0,0,2,23.5,6465.57,0,0,0.0
M006837,9.5,2,5,4.1,3527.15,1,1,-0.09344
M006838,68.8,2,2,74.7,688.48,0,1,0.0
M006839,53.4,0,2,32.2,4174.83,0,1,0.0
M006840,41.3,1,1,84.2,3334.25,1,0,-0.111039
M006841,53.7,1,1,7.5,363.09,0,1,0.0
M006842,74.3,2,2,15.4,1773.47,0,0,0.0
M006843,35.1,2,2,34.4,946.24,0,0,0.0
M006844,68.8,1,5,42.7,569.77,1,0,-0.05249
M006845,98.8,1,3,3.3,1584.88,0,0,0.0
M006846,49.5,0,3,48.7,2803.75,0,0,0.0
M006847,51.6,1,1,46.5,1924.03,1,1,-0.097221
M006848,26.8,1,3,52.0,7728.99,0,0,0.0
M006849,23.2,2,1,30.0,3145.07,1,0,-0.105423
M006850,43.5,0,4,32.0,4526.55,0,0,0.0
M006851,29.6,0,1,43.9,10191.81,0,0,0.0
M006852,80.1,1,1,47.9,545.11,0,0,0.0
M006853,50.1,1,1,32.9,7714.35,0,1,0.0
M006854,36.0,1,1,22.8,10072.62,0,0,0.0
M006855,42.4,0,4,90.8,3717.5,0,1,0.0
M006856,0.0,0,1,165.4,1761.96,0,0,0.0
M006857,10.4,2,1,61.6,16019.36,1,0,-0.099998
M006858,36.9,0,2,31.1,4597.75,1,0,-0.105039
M006859,52.0,3,1,58.5,8000.63,1,1,-0.108312
M006860,27.2,1,3,47.5,2303.58,0,1,0.0
M006861,59.4,2,1,36.5,1331.66,0,1,0.0
M006862,34.8,2,2,47.9,12410.54,0,1,0.0
M006863,69.5,1,2,99.8,2613.64,0,0,0.0
M006864,13.4,1,1,21.7,3026.35,0,0,0.0
M006865,0.0,2,3,9.2,4324.08,1,0,-0.097439
M006866,72.8,1,5,65.1,1414.13,0,1,0.0
M006867,44.5,0,1,99.9,1236.62,0,0,0.0
M006868,66.3,1,2,57.3,2801.1,0,0,0.0
M006869,15.1,1,3,157.9,1103.8,1,0,-0.115559
M006870,62.3,2,2,106.0,2580.78,0,0,0.0
M006871,7.9,0,4,4.9,2627.88,0,0,0.0
M006872,52.1,2,5,52.2,3982.84,0,0,0.0
M006873,35.6,4,4,10.9,982.13,1,1,-0.09361
M006874,49.4,0,3,49.8,1129.18,0,0,0.0
M006875,24.7,1,1,34.6,646.08,1,1,-0.097947
M006876,79.7,2,2,63.1,1039.44,0,0,0.0
M006877,59.7,4,1,32.2,8203.0,1,1,-0.093759
M006878,61.1,4,1,68.7,2762.86,0,1,0.0
M006879,81.9,1,1,23.2,2007.24,0,1,0.0
M006880,59.7,0,3,55.2,814.46,1,0,-0.096966
M006881,41.6,1,4,100.1,6071.17,0,0,0.0
M006882,53.5,2,2,114.9,3892.95,0,0,0.0
M006883,40.8,1,2,44.8,999.72,0,0,0.0
M006884,39.2,4,3,40.0,4672.38,1,1,-0.091357
M006885,63.5,0,1,220.3,3003.88,0,0,0.0
M006886,44.8,1,1,49.6,7645.55,0,0,0.0
M006887,55.1,1,2,15.0,5256.37,1,0,-0.108228
M006888,26.7,1,1,59.0,6778.0,0,0,0.0
M006889,18.9,1,5,45.5,74989.85,1,0,-0.106168
M006890,71.9,0,3,49.3,12123.96,0,0,0.0
M006891,40.1,1,3,116.1,5519.15,0,1,0.0
M006892,50.6,1,2,61.0,22318.95,0,0,0.0
M006893,35.1,2,1,48.3,6815.42,1,0,-0.081643
M006894,25.5,0,3,37.3,3372.3,0,0,0.0
M006895,20.0,3,2,75.1,406.84,0,1,0.0
M006896,57.3,3,4,142.1,15549.25,1,1,-0.106093
M006897,52.0,1,5,27.7,6914.12,0,0,0.0
M006898,44.4,3,3,59.8,394.05,1,1,-0.074953
M006899,70.8,3,3,62.1,8483.26,0,1,0.0
M006900,54.7,0,1,73.8,21692.42,0,0,0.0
M006901,80.6,1,2,69.0,5620.33,1,0,-0.087962
M006902,48.7,1,1,41.5,5928.99,0,0,0.0
M006903,1.5,2,1,51.7,1019.16,0,1,0.0
M006904,16.4,2,2,2.2,2366.37,1,0,-0.115237
M006905,40.4,2,2,85.4,3286.73,0,1,0.0
M006906,57.8,4,1,95.1,17734.33,1,0,-0.10302
M006907,47.0,3,4,31.8,7364.61,0,1,0.0
M006908,38.2,3,3,28.0,1994.3,0,1,0.0
M006909,49.5,1,2,54.6,1345.07,1,0,-0.107
M006910,34.7,2,1,4.2,590.21,0,1,0.0
M006911,70.5,0,4,82.0,6226.67,0,1,0.0
M006912,54.6,2,3,34.0,2071.69,0,0,0.0
M006913,25.9,2,1,56.6,7366.6,0,0,0.0
M006914,34.0,1,3,41.7,579.04,0,0,0.0
M006915,34.5,4,3,52.5,6640.63,1,1,-0.113637
M006916,33.9,2,2,36.2,4046.72,1,0,-0.101716
M006917,24.1,0,2,56.3,2975.76,0,0,0.0
M006918,79.7,5,2,55.1,2455.59,0,1,0.0
M006919,36.6,0,1,58.7,5676.77,0,0,0.0
M006920,15.2,2,2,71.1,2400.82,1,0,-0.117068
M006921,52.0,1,2,105.9,2718.3,0,0,0.0
M006922,37.3,0,1,17.2,27828.59,0,1,0.0
M006923,20.8,0,4,7.7,1572.35,1,1,-0.092004
M006924,66.1,2,1,149.5,10583.33,1,0,-0.081025
M006925,41.8,2,1,77.0,772.35,1,0,-0.059872
M006926,81.2,1,2,87.6,2093.85,0,0,0.0
M006927,45.7,2,5,6.7,1246.53,0,0,0.0
M006928,73.6,0,2,33.5,1136.01,0,1,0.0
M006929,32.5,3,2,27.9,3069.64,0,1,0.0
M006930,41.7,1,1,34.6,9300.51,1,1,-0.097036
M006931,59.5,4,4,69.8,7714.45,1,0,-0.110434
M006932,28.0,1,2,46.4,11982.13,1,0,-0.102718
M006933,38.9,1,1,71.8,1803.95,0,1,0.0
M006934,58.7,2,1,36.5,1074.38,0,0,0.0
M006935,56.4,1,4,173.2,9522.52,0,0,0.0
M006936,30.6,2,1,38.5,25099.22,0,0,0.0
M006937,47.6,1,3,95.4,4068.36,0,0,0.0
M006938,23.6,0,5,51.5,1794.88,0,0,0.0
M006939,80.7,2,2,59.0,2024.86,0,1,0.0
M006940,41.4,3,2,57.1,1869.32,1,1,-0.109878
M006941,59.1,5,2,81.6,3155.74,1,1,-0.10829
M006942,26.2,5,1,60.8,2393.79,0,1,0.0
M006943,26.6,1,1,37.5,5104.07,0,0,0.0
M006944,52.9,2,2,48.9,7336.98,1,0,-0.106598
M006945,84.2,1,5,47.6,6210.33,0,0,0.0
M006946,64.5,1,2,104.9,1290.42,0,0,0.0
M006947,60.3,3,6,55.6,9283.72,0,1,0.0
M006948,43.2,0,1,23.8,1149.88,0,0,0.0
M006949,49.0,1,2,45.9,10942.63,0,1,0.0
M006950,39.8,1,1,146.3,11777.8,0,0,0.0
M006951,7.6,1,3,31.5,1190.04,1,1,-0.118373
M006952,66.4,1,3,23.3,27626.78,0,1,0.0
M006953,36.8,0,1,66.4,7551.7,0,0,0.0
M006954,49.4,1,1,173.9,2661.74,0,0,0.0
M006955,22.2,0,2,4.1,21223.43,0,0,0.0
M006956,44.6,1,5,27.4,2645.46,0,0,0.0
M006957,67.3,0,1,92.6,1018.28,0,0,0.0
M006958,63.9,2,1,39.1,2066.04,0,1,0.0
M006959,59.5,2,3,51.9,5756.83,0,1,0.0
M006960,50.2,1,2,70.2,2586.34,1,0,-0.093593
M006961,51.9,1,1,20.5,12354.7,0,1,0.0
M006962,35.5,0,1,49.6,18601.13,0,1,0.0
M006963,55.9,3,3,32.9,2797.91,1,1,-0.082708
M006964,45.8,5,4,102.2,1264.35,0,1,0.0
M006965,28.2,2,3,15.2,7301.59,0,0,0.0
M006966,91.7,1,3,126.7,374.65,0,0,0.0
M006967,38.5,0,5,76.5,3009.26,0,0,0.0
M006968,69.1,2,3,121.4,3221.9,0,0,0.0
M006969,72.1,0,2,91.8,2867.17,0,0,0.0
M006970,34.0,0,1,50.5,6279.02,0,0,0.0
M006971,34.4,3,1,169.0,5325.19,1,0,-0.120413
M006972,52.3,3,4,47.6,3476.57,0,1,0.0
M006973,41.4,3,3,45.6,1024.13,1,0,-0.082918
M006974,37.6,5,2,59.3,827.78,0,1,0.0
M006975,39.7,0,5,79.2,2310.55,0,1,0.0
M006976,28.8,2,3,34.6,3548.72,0,1,0.0
M006977,37.0,3,2,80.1,5355.63,1,1,-0.114139
M006978,19.8,3,2,14.0,2066.14,0,1,0.0
M006979,38.8,1,1,41.1,5771.84,1,1,-0.110765
M006980,13.2,0,1,57.4,10724.15,1,1,-0.107177
M006981,31.1,0,2,59.7,44899.22,0,1,0.0
M006982,62.1,0,3,34.2,961.85,1,1,-0.121377
M006983,48.0,2,3,96.6,225.18,1,1,-0.090006
M006984,60.6,0,2,52.2,9955.59,0,0,0.0
M006985,38.1,0,4,74.2,2594.58,1,0,-0.107058
M006986,71.0,1,1,45.1,2150.18,0,0,0.0
M006987,41.4,4,3,49.2,3838.93,1,1,-0.121625
M006988,20.7,1,2,36.5,6225.22,1,1,-0.10647
M006989,58.5,1,4,21.9,6505.86,0,1,0.0
M006990,44.2,4,2,26.6,7629.92,0,1,0.0
M006991,8.0,4,1,15.5,409.83,1,0,-0.106599
M006992,87.4,2,1,8.6,3542.17,0,0,0.0
M006993,32.5,1,2,18.3,2098.86,0,1,0.0
M006994,66.3,1,5,24.6,554.14,0,0,0.0
M006995,33.9,3,2,61.0,4361.43,1,1,-0.090549
M006996,77.4,3,6,31.5,9775.73,0,1,0.0
M006997,34.2,2,1,65.9,8071.1,0,0,0.0
M006998,13.7,1,5,54.5,3486.37,1,1,-0.112143
M006999,85.4,2,1,35.6,1597.76,1,0,-0.123271
M007000,58.1,0,1,5.4,4483.48,0,0,0.0
M007001,62.8,3,3,63.2,2352.33,1,1,-0.066856
M007002,12.9,0,1,144.1,1156.76,1,0,-0.047654
M007003,79.3,2,1,96.3,1047.33,0,0,0.0
M007004,59.0,0,1,75.1,11395.04,1,0,-0.078864
M007005,72.9,1,3,55.2,2878.98,0,1,0.0
M007006,31.3,2,3,125.4,7780.03,0,0,0.0
M007007,52.1,1,3,9.6,4116.67,0,0,0.0
M007008,56.6,0,3,22.2,2594.62,0,0,0.0
M007009,38.4,2,1,77.2,15866.83,1,0,-0.05057
M007010,30.1,1,4,77.4,6449.18,1,0,-0.082301
M007011,29.9,1,4,33.1,3042.11,0,0,0.0
M007012,46.6,0,4,44.9,4039.5,0,0,0.0
M007013,34.5,0,1,190.9,2664.3,0,1,0.0
M007014,69.7,2,3,84.7,1421.86,0,0,0.0
M007015,62.2,1,1,56.5,24760.68,0,1,0.0
M007016,19.8,1,2,101.3,5977.93,1,1,-0.09923
M007017,39.5,2,1,19.5,1732.56,0,0,0.0
M007018,76.5,3,3,47.4,3298.8,1,1,-0.108441
M007019,59.8,1,2,114.1,2430.24,0,0,0.0
M007020,46.8,2,3,58.5,620.77,0,0,0.0
M007021,6.1,2,5,73.9,2349.01,1,1,-0.116081
M007022,86.8,0,2,58.2,9183.48,0,0,0.0
M007023,67.1,0,5,39.3,4002.12,1,0,-0.069176
M007024,63.3,0,2,160.1,1671.4,1,0,-0.080179
M007025,54.7,4,2,47.1,1620.83,1,0,-0.096959
M007026,46.1,0,4,88.4,1247.75,0,0,0.0
M007027,28.7,1,3,148.1,15983.74,1,0,-0.077938
M007028,37.5,2,1,175.0,2130.67,1,0,-0.065221
M007029,5.5,1,1,88.8,1680.08,0,1,0.0
M007030,6.4,1,1,52.7,273.43,0,1,0.0
M007031,36.9,1,1,33.6,11726.51,1,0,-0.109131
M007032,41.3,0,2,47.2,54663.58,1,0,-0.064856
M007033,35.7,1,5,30.7,1799.53,0,0,0.0
M007034,57.4,2,1,46.3,2872.17,1,0,-0.108223
M007035,40.5,2,5,124.0,387.98,1,0,-0.081773
M007036,24.2,3,2,56.8,2351.03,1,0,-0.100092
M007037,73.7,5,4,110.6,2349.78,1,0,-0.12433
M007038,69.2,2,3,21.6,3693.04,0,1,0.0
M007039,54.8,2,2,48.6,679.12,0,0,0.0
M007040,84.0,2,1,29.0,7905.92,0,0,0.0
M007041,52.6,0,2,20.2,7259.27,0,0,0.0
M007042,43.3,1,3,41.4,1419.22,0,1,0.0
M007043,81.0,1,4,11.6,982.74,0,0,0.0
M007044,53.0,1,1,64.5,5842.59,0,1,0.0
M007045,28.6,1,2,42.3,1840.49,0,1,0.0
M007046,10.5,5,2,30.6,1121.16,1,1,-0.113963
M007047,74.4,0,3,28.3,5999.94,0,1,0.0
M007048,88.5,1,1,33.2,2397.41,1,0,-0.110484
M007049,11.0,2,5,66.6,1601.86,1,1,-0.117226
M007050,37.6,0,1,125.4,1012.08,1,0,-0.097999
M007051,56.5,0,5,65.9,1399.43,0,0,0.0
M007052,18.4,1,5,50.6,258.94,1,0,-0.084414
M007053,34.0,0,1,40.1,333.91,1,0,-0.092792
M007054,49.1,0,1,119.0,3874.27,0,0,0.0
M007055,57.8,2,4,122.0,5044.7,0,1,0.0
M007056,38.6,5,6,63.0,4477.21,1,0,-0.112886
M007057,39.0,1,1,76.4,8714.7,0,1,0.0
M007058,35.5,2,3,91.0,12192.48,1,0,-0.072408
M007059,60.4,2,2,57.7,2696.25,0,0,0.0
M007060,58.8,1,2,64.1,2504.38,0,0,0.0
M007061,58.5,3,1,129.7,12731.17,0,1,0.0
M007062,24.9,1,1,2.1,1213.56,1,1,-0.085032
M007063,57.4,0,1,31.5,1597.96,0,1,0.0
M007064,38.0,1,4,129.3,10966.58,0,1,0.0
M007065,15.8,1,1,20.5,5492.06,1,0,-0.104165
M007066,79.3,2,6,36.9,534.6,0,1,0.0
M007067,50.3,0,4,125.5,712.19,0,1,0.0
M007068,61.8,1,1,38.6,2967.58,1,1,-0.091076
M007069,69.7,0,5,42.5,4146.87,0,1,0.0
M007070,41.0,1,2,89.0,4271.36,0,0,0.0
M007071,6.9,1,2,92.0,4613.82,1,1,-0.07756
M007072,42.5,0,1,81.9,1809.53,0,0,0.0
M007073,83.1,2,1,91.8,1259.13,0,0,0.0
M007074,47.3,0,2,108.9,1111.97,0,0,0.0
M007075,54.5,4,3,65.4,1758.73,0,0,0.0
M007076,42.8,1,1,26.6,2542.64,0,1,0.0
M007077,77.4,1,4,128.5,1669.58,0,0,0.0
M007078,42.1,3,6,55.6,2043.95,1,0,-0.111444
M007079,45.8,3,2,55.9,4359.01,1,1,-0.114867
M007080,11.1,0,5,51.0,391.03,0,0,0.0
M007081,48.2,1,3,48.5,2393.71,0,0,0.0
M007082,50.4,2,2,64.8,2635.5,0,0,0.0
M007083,43.6,4,2,31.5,6482.01,0,1,0.0
M007084,8.6,0,3,24.6,1003.06,1,0,-0.093172
M007085,65.7,1,4,126.9,3713.56,0,0,0.0
M007086,60.1,5,3,40.5,869.01,1,1,-0.103497
M007087,52.1,2,1,78.1,1293.97,0,0,0.0
M007088,19.2,2,1,105.1,11648.99,0,0,0.0
M007089,52.7,2,3,22.5,2714.85,0,0,0.0
M007090,29.4,3,1,14.5,1430.55,1,1,-0.091266
M007091,51.7,1,4,27.6,1032.91,0,0,0.0
M007092,51.4,2,2,59.7,8473.07,1,0,-0.093902
M007093,11.4,2,2,29.9,1470.01,1,0,-0.077424
M007094,50.1,1,4,15.0,5444.33,0,0,0.0
M007095,52.1,2,3,70.3,507.82,0,0,0.0
M007096,48.8,2,2,134.3,1374.12,0,0,0.0
M007097,28.5,2,4,16.2,24837.83,0,1,0.0
M007098,29.4,3,3,103.5,4786.14,1,1,-0.123148
M007099,47.2,1,4,9.8,3743.93,1,1,-0.108265
M007100,10.0,2,1,165.4,16570.51,1,1,-0.122069
M007101,75.4,2,4,30.3,3628.52,0,0,0.0
M007102,72.2,4,2,61.1,1021.56,0,1,0.0
M007103,23.9,0,4,51.8,2228.8,0,0,0.0
M007104,36.0,2,1,66.6,9300.69,1,0,-0.08412
M007105,70.8,0,2,31.9,3866.15,0,1,0.0
M007106,22.6,2,5,68.2,3253.77,0,1,0.0
M007107,13.1,0,2,73.7,1774.4,0,0,0.0
M007108,67.9,0,3,96.7,4935.76,0,0,0.0
M007109,43.9,3,1,140.5,7709.79,1,0,-0.120604
M007110,79.6,4,1,94.0,12799.31,0,1,0.0
M007111,59.1,0,2,105.5,6155.07,0,1,0.0
M007112,33.8,2,1,10.2,1798.48,0,1,0.0
M007113,62.1,1,2,119.3,1662.59,0,1,0.0
M007114,40.7,2,3,161.7,15955.99,1,0,-0.06237
M007115,81.7,1,4,81.1,12221.34,0,0,0.0
M007116,31.0,1,4,41.6,1357.11,0,0,0.0
M007117,25.5,3,1,40.9,4633.52,1,0,-0.105536
M007118,54.4,1,3,109.0,7484.99,0,1,0.0
M007119,80.0,1,1,32.0,5937.17,0,1,0.0
M007120,58.1,0,6,228.1,1244.61,0,1,0.0
M007121,56.1,3,1,47.7,3670.74,0,1,0.0
M007122,19.6,0,4,62.3,1462.02,0,0,0.0
M007123,48.8,2,4,65.2,7472.76,0,1,0.0
M007124,61.3,1,3,30.4,3381.19,0,0,0.0
M007125,64.1,1,3,151.0,2490.21,1,0,-0.082392
M007126,56.3,1,4,97.3,1179.71,0,0,0.0
M007127,37.7,1,5,63.9,7137.11,0,0,0.0
M007128,0.0,2,1,91.0,10415.26,1,1,-0.116633
M007129,40.6,2,3,99.8,2302.0,1,0,-0.046059
M007130,27.6,2,2,56.1,506.65,0,0,0.0
M007131,33.7,1,3,85.1,437.91,0,0,0.0
M007132,48.8,0,2,41.2,1384.18,0,0,0.0
M007133,40.4,4,2,50.0,2499.47,1,1,-0.093423
M007134,51.7,1,1,74.0,11596.29,0,0,0.0
M007135,0.0,0,5,21.6,2396.61,0,1,0.0
M007136,97.1,0,1,30.2,3988.73,0,0,0.0
M007137,19.6,0,1,80.7,1273.71,0,1,0.0
M007138,0.0,0,3,119.4,501.48,0,0,0.0
M007139,25.0,1,1,61.8,9586.16,0,1,0.0
M007140,43.8,3,1,87.9,10895.78,0,0,0.0
M007141,33.3,3,2,19.2,1465.41,1,0,-0.05984
M007142,52.1,2,3,64.7,1445.1,0,1,0.0
M007143,52.1,1,3,89.2,4833.03,0,0,0.0
M007144,38.6,1,1,19.6,1104.02,0,0,0.0
M007145,41.9,2,1,5.8,4695.23,0,0,0.0
M007146,42.3,0,2,12.1,2629.69,0,0,0.0
M007147,73.9,0,1,36.4,5166.59,0,0,0.0
M007148,69.7,2,4,53.7,469.35,0,0,0.0
M007149,44.3,3,2,10.5,18842.49,1,1,-0.070874
M007150,15.4,1,3,53.9,8796.25,0,1,0.0
M007151,86.0,1,2,24.1,1715.6,0,1,0.0
M007152,46.8,0,4,38.5,5484.73,0,0,0.0
M007153,62.3,2,5,60.9,2580.96,0,0,0.0
M007154,50.2,0,4,46.5,9971.63,0,0,0.0
M007155,58.4,2,1,8.6,6184.23,0,0,0.0
M007156,36.1,0,1,94.7,5806.55,0,1,0.0
M007157,54.3,1,5,23.0,508.37,0,0,0.0
M007158,50.9,0,6,65.5,9030.51,0,0,0.0
M007159,53.9,1,2,63.1,9527.49,0,1,0.0
M007160,36.3,2,1,136.4,55186.49,0,0,0.0
M007161,58.8,1,3,71.8,796.89,1,1,-0.095866
M007162,11.6,5,1,22.0,5919.83,1,1,-0.117853
M007163,33.6,2,2,21.4,15713.11,0,1,0.0
M007164,47.5,1,3,43.3,13953.54,0,0,0.0
M007165,37.8,0,6,73.3,4054.64,0,1,0.0
M007166,43.1,1,1,59.8,3284.21,0,1,0.0
M007167,55.8,1,2,33.9,815.91,0,0,0.0
M007168,56.8,2,2,27.5,932.76,0,0,0.0
M007169,19.4,1,3,28.3,4479.54,1,1,-0.116746
M007170,39.0,1,1,59.9,2115.31,0,0,0.0
M007171,49.8,2,2,6.8,4003.24,0,0,0.0
M007172,53.2,1,6,53.7,5246.26,0,0,0.0
M007173,21.4,0,2,12.3,8101.22,1,0,-0.119243
M007174,57.4,3,5,116.6,2220.96,0,0,0.0
M007175,34.0,4,3,110.6,5136.82,1,1,-0.11951
M007176,45.3,3,1,30.3,7238.5,0,1,0.0
M007177,69.4,2,2,94.0,17253.93,1,0,-0.064682
M007178,70.2,2,1,48.2,1748.89,1,1,-0.099608
M007179,65.2,2,2,113.2,1237.91,1,0,-0.099938
M007180,38.4,0,2,71.4,4364.6,0,0,0.0
M007181,31.1,2,1,87.9,8560.39,0,0,0.0
M007182,35.4,2,5,130.5,8419.35,0,0,0.0
M007183,30.8,2,2,89.4,2919.13,0,1,0.0
M007184,90.7,2,1,110.4,2681.25,0,0,0.0
M007185,42.1,1,1,107.4,5252.61,0,0,0.0
M007186,32.9,5,2,73.0,4428.17,0,1,0.0
M007187,28.6,1,6,74.2,820.3,0,0,0.0
M007188,43.8,0,4,110.7,15568.43,0,0,0.0
M007189,22.5,0,2,35.3,4050.61,0,0,0.0
M007190,49.0,1,1,52.9,11220.95,1,0,-0.103982
M007191,53.3,3,2,21.6,2736.63,1,0,-0.076766
M007192,51.8,0,2,48.4,1124.77,0,0,0.0
M007193,49.8,2,1,73.7,2133.07,0,0,0.0
M007194,37.6,0,1,207.1,1439.5,0,0,0.0
M007195,43.9,1,2,26.5,19607.99,0,0,0.0
M007196,43.5,2,2,34.0,1207.22,1,0,-0.084616
M007197,65.6,2,1,91.4,2086.49,0,0,0.0
M007198,66.3,4,2,129.9,4598.52,0,1,0.0
M007199,29.3,2,4,74.5,805.03,0,0,0.0
M007200,80.7,1,3,101.0,4790.45,0,0,0.0
M007201,78.2,2,3,37.0,2387.35,1,1,-0.085946
M007202,64.1,3,2,90.6,4942.73,1,0,-0.119001
M007203,24.1,1,5,127.2,727.61,0,1,0.0
M007204,47.6,0,4,144.8,3982.7,0,0,0.0
M007205,46.7,3,1,93.4,2315.27,1,0,-0.105981
M007206,56.6,0,2,31.5,2067.74,0,1,0.0
M007207,27.8,1,5,54.8,2128.66,0,0,0.0
M007208,24.6,1,1,25.4,43793.33,0,1,0.0
M007209,43.7,1,1,90.0,3480.98,0,0,0.0
M007210,65.1,3,1,59.5,2547.48,1,1,-0.101269
M007211,78.0,1,1,45.6,5598.37,1,1,-0.107635
M007212,15.6,3,4,3.8,1730.36,1,1,-0.115164
M007213,76.6,2,5,68.0,1440.97,0,0,0.0
M007214,40.4,3,1,14.3,6414.69,1,1,-0.071755
M007215,37.4,1,2,94.2,3316.04,0,0,0.0
M007216,47.1,1,4,52.9,3968.51,0,0,0.0
M007217,20.7,4,3,124.8,1494.51,1,0,-0.118436
M007218,28.5,1,1,65.9,585.67,0,0,0.0
M007219,26.9,4,3,25.6,5463.79,1,0,-0.115902
M007220,63.5,2,2,144.8,596.48,0,0,0.0
M007221,48.8,1,5,115.8,7736.86,0,1,0.0
M007222,51.4,1,5,13.7,10464.14,0,1,0.0
M007223,36.6,1,1,46.3,2047.76,0,1,0.0
M007224,28.3,1,2,5.3,38910.03,0,1,0.0
M007225,47.8,0,5,78.1,1646.03,0,1,0.0
M007226,41.2,2,1,36.2,2598.13,1,1,-0.120827
M007227,20.2,2,1,40.0,22678.94,1,1,-0.087872
M007228,67.0,4,1,47.4,3793.89,1,1,-0.071752
M007229,12.6,1,1,20.3,4130.52,1,0,-0.102613
M007230,50.5,0,2,175.5,2285.24,1,0,-0.078473
M007231,47.7,0,4,49.2,2387.45,1,0,-0.090003
M007232,65.5,2,3,23.1,1709.25,0,0,0.0
M007233,51.3,1,2,8.2,5059.28,0,1,0.0
M007234,21.9,3,6,151.8,10975.1,1,0,-0.122273
M007235,26.7,2,2,85.9,2134.83,0,0,0.0
M007236,33.0,0,5,22.2,2014.85,0,0,0.0
M007237,27.7,3,5,117.2,746.75,1,0,-0.123862
M007238,44.3,0,4,94.6,2668.16,1,1,-0.093193
M007239,15.6,2,2,58.3,1440.4,1,0,-0.106144
M007240,13.5,2,1,29.2,332.65,0,1,0.0
M007241,33.5,3,5,118.6,3693.44,1,1,-0.118648
M007242,55.8,5,3,58.8,3053.63,0,1,0.0
M007243,69.6,1,1,113.4,8778.74,0,1,0.0
M007244,47.7,1,4,38.8,11368.57,0,0,0.0
M007245,77.5,5,1,77.3,841.72,1,1,-0.122989
M007246,45.1,2,3,33.4,373.36,0,0,0.0
M007247,37.1,3,5,11.9,552.28,0,1,0.0
M007248,66.2,1,5,26.3,2244.93,0,0,0.0
M007249,64.9,0,2,125.2,1141.83,0,0,0.0
M007250,64.5,1,2,120.0,9449.68,0,1,0.0
M007251,20.5,3,3,123.3,1539.63,0,0,0.0
M007252,72.3,1,1,15.0,900.03,0,1,0.0
M007253,83.2,0,1,42.0,1658.62,0,1,0.0
M007254,32.3,2,2,95.9,9784.95,0,1,0.0
M007255,51.8,1,1,120.6,1902.31,0,0,0.0
M007256,47.8,1,2,45.1,7223.15,1,0,-0.087856
M007257,63.7,1,2,45.3,1626.76,0,0,0.0
M007258,34.2,1,4,22.6,2831.12,0,0,0.0
M007259,35.7,0,2,39.7,853.98,0,0,0.0
M007260,52.7,1,5,15.0,12918.47,0,0,0.0
M007261,49.0,2,1,130.5,890.47,0,0,0.0
M007262,46.4,3,1,86.5,13585.86,1,0,-0.11077
M007263,44.7,2,2,42.3,5697.28,0,0,0.0
M007264,63.2,3,2,40.9,15893.67,1,0,-0.098447
M007265,64.0,2,3,52.9,9803.44,0,0,0.0
M007266,56.8,2,2,55.4,7031.99,0,1,0.0
M007267,50.3,2,3,66.0,1509.04,0,0,0.0
M007268,81.7,3,3,14.4,3888.35,1,1,-0.119497
M007269,23.0,1,6,169.5,641.85,0,1,0.0
M007270,40.3,1,6,119.2,10799.38,0,1,0.0
M007271,55.1,0,2,26.7,2162.59,0,1,0.0
M007272,47.5,5,1,93.0,3132.58,0,0,0.0
M007273,40.7,1,3,139.2,1454.7,0,0,0.0
M007274,61.2,2,2,65.5,5733.28,1,0,-0.087549
M007275,31.5,1,1,111.4,9684.47,1,0,-0.086867
M007276,61.7,0,3,86.5,1792.99,1,0,-0.073182
M007277,35.0,1,1,143.4,504.12,0,0,0.0
M007278,20.1,2,4,61.9,3113.73,0,1,0.0
M007279,16.2,0,4,134.4,4899.13,0,0,0.0
M007280,52.1,1,5,80.8,1512.06,0,0,0.0
M007281,81.3,2,1,33.1,1120.59,0,1,0.0
M007282,50.0,1,1,24.8,7481.33,0,0,0.0
M007283,57.8,0,2,10.1,21135.29,0,1,0.0
M007284,55.9,1,4,115.2,7627.66,0,0,0.0
M007285,13.5,1,4,162.4,4967.94,1,1,-0.120056
M007286,74.8,3,3,41.0,3693.33,0,1,0.0
M007287,39.4,2,3,60.3,5273.58,0,0,0.0
M007288,51.8,1,6,112.9,3664.79,0,1,0.0
M007289,2.0,2,1,156.1,264.82,0,1,0.0
M007290,34.9,1,1,7.9,3460.27,0,1,0.0
M007291,30.5,3,2,60.5,1671.73,0,0,0.0
M007292,75.6,0,3,155.8,2973.04,0,0,0.0
M007293,67.6,0,1,38.0,1883.04,1,0,-0.086036
M007294,54.0,5,2,15.3,2134.8,0,1,0.0
M007295,19.5,0,4,52.5,7557.5,0,0,0.0
M007296,34.6,0,2,26.2,534.03,0,1,0.0
M007297,33.2,2,3,156.2,1983.32,0,0,0.0
M007298,31.1,0,2,8.2,3978.53,0,0,0.0
M007299,67.6,2,6,29.8,3235.03,0,0,0.0
M007300,7.2,3,2,113.8,10875.93,0,1,0.0
M007301,40.8,2,4,155.0,809.92,1,0,-0.079942
M007302,56.2,2,2,73.3,18324.95,0,1,0.0
M007303,33.7,5,4,58.3,683.09,0,1,0.0
M007304,64.2,0,2,117.6,1850.68,0,1,0.0
M007305,11.6,0,2,47.1,1680.14,0,0,0.0
M007306,72.9,0,2,85.1,37178.4,0,1,0.0
M007307,48.2,1,1,19.1,2170.73,0,0,0.0
M007308,35.1,1,1,49.3,3524.44,0,0,0.0
M007309,63.6,2,1,40.6,557.31,0,0,0.0
M007310,41.9,3,3,47.3,297.57,1,0,-0.098061
M007311,38.6,3,3,53.7,413.44,0,0,0.0
M007312,67.3,0,3,13.5,3493.21,0,0,0.0
M007313,76.8,0,2,92.1,2863.7,0,0,0.0
M007314,34.7,2,2,29.9,1889.59,0,0,0.0
M007315,42.2,2,2,67.9,566.02,1,1,-0.098785
M007316,48.7,0,3,33.8,1082.4,0,0,0.0
M007317,44.0,0,1,39.3,483.81,0,0,0.0
M007318,48.6,1,3,31.4,5306.92,1,0,-0.113751
M007319,69.8,0,2,20.6,7578.5,0,1,0.0
M007320,49.0,0,3,32.0,1120.94,1,0,-0.120014
M007321,30.9,5,4,35.9,7082.46,1,1,-0.090058
M007322,32.1,0,1,174.8,8884.21,0,0,0.0
M007323,25.8,1,4,4.0,4861.83,0,0,0.0
M007324,46.7,2,1,48.5,9806.86,0,0,0.0
M007325,14.2,2,2,44.2,1732.23,0,1,0.0
M007326,20.7,2,1,98.1,2153.93,1,1,-0.089381
M007327,29.2,1,2,37.9,807.0,0,1,0.0
M007328,14.3,2,5,56.1,615.48,1,1,-0.099806
M007329,61.9,1,3,7.7,1972.82,0,1,0.0
M007330,53.9,1,5,20.8,3766.58,0,0,0.0
M007331,34.4,3,4,48.6,15927.3,1,1,-0.122067
M007332,0.0,1,2,3.6,537.47,1,0,-0.103864
M007333,17.8,2,3,142.8,3292.71,1,1,-0.121875
M007334,56.8,4,1,49.9,613.52,1,0,-0.10703
M007335,46.1,2,3,147.5,612.48,0,0,0.0
M007336,54.6,1,2,18.0,17305.62,0,0,0.0
M007337,27.3,1,2,19.6,3037.19,0,0,0.0
M007338,59.1,2,1,121.0,4746.6,0,0,0.0
M007339,65.3,2,4,20.2,1926.7,0,1,0.0
M007340,38.9,3,5,33.5,7118.04,1,1,-0.118366
M007341,38.8,1,3,13.9,3763.24,0,0,0.0
M007342,56.2,2,2,116.3,6120.08,0,1,0.0
M007343,48.2,1,2,31.7,9167.17,0,1,0.0
M007344,83.7,3,2,58.2,5910.65,1,1,-0.108224
M007345,28.1,2,3,50.1,3970.04,0,1,0.0
M007346,47.3,1,3,4.1,11221.95,1,0,-0.072162
M007347,34.1,3,3,25.1,13813.78,1,1,-0.101691
M007348,42.1,1,1,237.4,5292.26,0,0,0.0
M007349,50.2,0,5,27.9,5055.13,0,1,0.0
M007350,75.7,2,5,92.9,5103.34,0,0,0.0
M007351,32.7,3,4,36.2,288.21,0,1,0.0
M007352,64.1,1,1,18.1,4998.96,0,1,0.0
M007353,32.2,4,1,9.6,5482.07,0,1,0.0
M007354,12.9,0,3,57.6,4749.42,0,1,0.0
M007355,50.3,4,2,80.6,12513.35,1,1,-0.107558
M007356,76.5,1,4,8.4,693.81,1,0,-0.097354
M007357,68.3,0,3,61.2,2067.76,0,0,0.0
M007358,48.2,1,6,17.0,464.31,0,0,0.0
M007359,83.0,1,1,13.4,1343.24,0,1,0.0
M007360,26.9,2,5,31.8,2752.19,0,0,0.0
M007361,42.3,1,2,16.2,853.96,1,0,-0.091818
M007362,76.0,3,4,32.0,1304.82,1,1,-0.08391
M007363,33.2,1,1,125.4,975.82,0,0,0.0
M007364,45.9,3,2,260.2,2466.19,1,0,-0.124252
M007365,42.7,0,4,28.7,426.75,0,0,0.0
M007366,57.9,3,2,121.8,1298.08,0,1,0.0
M007367,41.1,2,2,142.0,2918.79,0,1,0.0
M007368,70.5,2,2,72.9,7902.17,1,0,-0.071236
M007369,44.6,5,6,110.0,3060.95,0,1,0.0
M007370,36.0,1,1,71.3,5499.9,0,0,0.0
M007371,46.6,3,4,75.5,3478.86,0,0,0.0
M007372,17.7,1,2,74.7,15598.8,1,1,-0.098771
M007373,51.2,1,4,17.5,2921.54,0,0,0.0
M007374,31.7,0,2,64.1,2354.23,0,0,0.0
M007375,25.8,1,1,46.7,9460.21,0,1,0.0
M007376,44.6,0,2,48.3,1596.91,0,1,0.0
M007377,26.7,3,5,76.2,7481.5,1,0,-0.115187
M007378,35.8,0,1,22.0,2615.74,0,1,0.0
M007379,51.5,2,3,125.0,571.21,0,0,0.0
M007380,32.4,0,2,81.0,4400.46,0,0,0.0
M007381,64.0,1,5,27.1,11999.55,0,1,0.0
M007382,33.3,0,3,40.3,1850.81,0,0,0.0
M007383,50.7,0,1,15.5,31252.9,0,1,0.0
M007384,42.1,2,1,143.4,11037.71,0,1,0.0
M007385,71.6,2,4,79.4,1512.34,0,1,0.0
M007386,51.6,0,5,34.3,5733.66,0,0,0.0
M007387,8.8,2,5,121.9,18051.79,0,1,0.0
M007388,40.0,1,1,84.5,7755.3,0,1,0.0
M007389,79.5,2,3,112.0,21722.33,0,0,0.0
M007390,36.3,1,1,19.8,2972.09,1,1,-0.113412
M007391,53.0,2,1,147.5,1274.52,0,1,0.0
M007392,81.0,1,5,82.1,5106.21,0,0,0.0
M007393,74.3,3,2,66.3,4593.98,1,0,-0.096434
M007394,41.5,2,1,58.6,2144.52,0,0,0.0
M007395,38.1,2,1,14.6,1041.96,0,0,0.0
M007396,48.7,3,4,212.5,4405.23,1,1,-0.1223
M007397,47.0,5,4,27.4,1545.7,0,1,0.0
M007398,40.8,1,1,33.5,1804.87,0,0,0.0
M007399,17.2,3,2,35.2,678.78,1,1,-0.06456
M007400,54.6,1,2,79.2,5105.95,1,0,-0.093528
M007401,41.0,3,3,139.2,5366.17,1,0,-0.114893
M007402,24.2,0,3,92.5,4928.12,0,0,0.0
M007403,55.9,3,6,84.4,1936.43,0,0,0.0
M007404,28.1,0,1,22.3,5127.37,0,0,0.0
M007405,76.1,2,5,84.5,4908.06,0,1,0.0
M007406,45.0,1,1,72.8,1203.12,0,0,0.0
M007407,29.8,1,2,79.3,928.52,0,0,0.0
M007408,44.0,0,2,58.2,1196.54,0,0,0.0
M007409,36.5,1,5,16.2,942.88,1,1,-0.092452
M007410,52.4,3,1,53.6,4229.25,0,1,0.0
M007411,27.6,2,2,33.5,12243.89,0,0,0.0
M007412,41.8,4,2,33.0,800.39,0,1,0.0
M007413,31.8,0,6,38.3,5316.57,1,0,-0.095823
M007414,29.7,0,4,170.8,2219.39,0,0,0.0
M007415,79.7,1,3,22.6,1499.21,0,1,0.0
M007416,20.5,2,2,73.5,8374.33,1,1,-0.108002
M007417,48.9,3,1,51.5,9683.7,0,1,0.0
M007418,45.0,1,3,65.7,5885.15,0,0,0.0
M007419,45.6,1,4,57.6,8453.08,0,0,0.0
M007420,60.6,1,3,47.5,5458.69,0,0,0.0
M007421,46.2,1,2,27.4,1057.5,0,0,0.0
M007422,48.0,4,1,48.3,427.67,0,1,0.0
M007423,41.6,1,4,76.5,1533.79,1,0,-0.088452
M007424,56.1,0,2,23.3,2153.49,0,1,0.0
M007425,46.3,2,1,81.7,4967.37,0,1,0.0
M007426,35.0,1,5,77.5,2051.03,1,1,-0.064344
M007427,78.8,2,2,16.5,1140.32,1,0,-0.102001
M007428,58.8,2,3,120.8,2454.97,0,0,0.0
M007429,39.2,0,2,38.2,2371.04,0,0,0.0
M007430,2.6,1,2,37.3,2525.36,0,1,0.0
M007431,64.1,2,1,127.0,400.5,0,0,0.0
M007432,67.8,0,1,14.4,4993.99,0,0,0.0
M007433,21.8,1,2,124.3,18967.07,0,1,0.0
M007434,25.0,1,2,32.9,6375.02,0,0,0.0
M007435,20.0,1,3,91.4,1716.49,1,0,-0.11237
M007436,13.4,2,2,20.9,1832.4,0,1,0.0
M007437,65.4,2,1,65.0,3981.71,0,0,0.0
M007438,49.4,0,1,24.5,9137.31,0,0,0.0
M007439,43.6,1,1,23.0,4982.57,0,1,0.0
M007440,25.5,2,2,94.3,2077.03,0,1,0.0
M007441,27.6,4,5,66.4,1518.22,1,0,-0.103117
M007442,31.4,1,1,35.5,1120.83,0,0,0.0
M007443,61.3,1,1,86.0,486.32,0,0,0.0
M007444,47.4,0,3,75.3,1595.97,0,0,0.0
M007445,82.2,4,2,205.7,6455.31,0,0,0.0
M007446,58.4,1,4,22.9,2057.4,1,0,-0.100231
M007447,22.2,1,3,79.9,6418.79,1,0,-0.111177
M007448,25.4,4,1,55.4,1309.83,1,1,-0.114648
M007449,51.5,2,2,37.4,3089.25,0,0,0.0
M007450,51.0,0,1,46.4,1283.13,0,0,0.0
M007451,100.0,0,2,63.1,2896.95,0,0,0.0
M007452,40.5,1,4,21.0,4959.76,0,0,0.0
M007453,71.6,2,3,22.6,1285.13,0,1,0.0
M007454,34.6,3,4,136.8,6393.93,1,1,-0.117715
M007455,66.7,2,3,11.8,6857.42,0,1,0.0
M007456,50.7,0,4,35.2,975.95,0,0,0.0
M007457,44.6,2,1,32.4,327.14,0,0,0.0
M007458,57.4,4,5,55.5,497.83,1,1,-0.096173
M007459,20.3,2,2,33.8,492.88,1,1,-0.09566
M007460,46.4,0,5,14.6,4202.89,1,0,-0.10576
M007461,39.9,4,4,32.0,3552.84,0,1,0.0
M007462,48.2,1,1,59.0,3834.89,0,0,0.0
M007463,32.6,2,5,113.0,4512.61,0,0,0.0
M007464,78.5,1,1,154.0,340.0,1,0,-0.069608
M007465,31.7,1,4,20.8,7602.48,0,1,0.0
M007466,20.6,3,2,21.6,2938.81,1,0,-0.115024
M007467,34.0,1,4,11.7,3284.5,0,0,0.0
M007468,21.6,1,3,21.7,3876.98,0,1,0.0
M007469,81.3,2,2,45.5,23003.56,0,0,0.0
M007470,79.1,2,3,29.3,12871.98,0,0,0.0
M007471,53.0,1,3,14.2,12585.79,0,0,0.0
M007472,46.6,2,1,59.0,1165.62,0,0,0.0
M007473,56.8,2,1,36.6,567.52,1,0,-0.095783
M007474,30.9,4,4,69.8,588.66,1,1,-0.11997
M007475,63.3,0,1,32.6,2442.95,1,1,-0.105535
M007476,56.5,2,2,45.7,4407.58,0,0,0.0
M007477,47.1,1,5,22.0,1326.83,0,0,0.0
M007478,29.5,1,1,20.0,6688.56,1,0,-0.086781
M007479,59.2,0,1,27.7,14893.34,0,0,0.0
M007480,54.6,1,5,116.6,2355.66,0,1,0.0
M007481,26.1,3,1,17.7,1923.97,1,1,-0.100114
M007482,39.6,1,3,14.5,2957.79,0,0,0.0
M007483,50.9,1,2,84.5,4188.04,0,1,0.0
M007484,80.6,3,2,147.5,3010.07,1,1,-0.12124
M007485,29.7,2,1,51.0,10223.79,1,1,-0.08106
M007486,63.2,0,3,140.4,3601.71,1,0,-0.045391
M007487,37.7,0,3,58.6,778.45,0,0,0.0
M007488,40.5,0,4,56.6,922.66,0,0,0.0
M007489,75.1,1,1,18.1,7452.56,0,0,0.0
M007490,83.8,1,4,34.2,29627.02,1,0,-0.097208
M007491,25.2,2,1,104.3,848.01,1,0,-0.114916
M007492,32.3,1,6,129.0,4435.7,0,0,0.0
M007493,28.8,1,1,63.5,2611.59,0,0,0.0
M007494,59.8,4,5,105.6,6854.92,0,1,0.0
M007495,55.3,2,5,43.9,6554.79,0,0,0.0
M007496,0.0,1,3,17.7,8107.03,0,1,0.0
M007497,86.4,2,4,58.4,2559.41,0,0,0.0
M007498,32.6,3,2,74.6,4267.29,0,1,0.0
M007499,22.3,0,2,172.3,716.34,0,0,0.0
M007500,46.4,1,2,26.2,1567.79,0,0,0.0
M007501,29.6,1,2,20.1,19386.13,0,0,0.0
M007502,63.8,0,1,47.2,33406.59,0,0,0.0
M007503,44.3,3,2,40.9,3661.2,1,1,-0.080803
M007504,38.6,0,3,80.4,7367.86,0,0,0.0
M007505,61.3,4,4,13.9,15227.74,1,0,-0.106514
M007506,37.9,2,1,175.0,1387.07,0,0,0.0
M007507,65.5,0,1,13.3,1851.08,0,1,0.0
M007508,100.0,0,3,72.4,2046.41,0,0,0.0
M007509,36.0,1,1,103.9,2607.3,1,0,-0.064638
M007510,42.5,2,1,33.4,6431.3,0,1,0.0
M007511,49.3,3,3,74.8,375.92,0,1,0.0
M007512,30.0,1,4,9.4,11903.52,0,0,0.0
M007513,89.0,2,2,48.5,7392.65,0,0,0.0
M007514,42.5,1,3,34.6,2057.33,0,0,0.0
M007515,67.8,2,1,76.6,7988.49,0,0,0.0
M007516,47.8,1,1,62.2,3738.58,0,0,0.0
M007517,51.1,3,5,76.7,1345.36,1,1,-0.11894
M007518,58.1,0,2,82.9,643.85,1,0,-0.097044
M007519,0.0,1,2,33.0,3519.95,0,1,0.0
M007520,28.3,1,5,29.1,569.92,1,1,-0.075464
M007521,32.1,0,1,84.0,7686.59,0,0,0.0
M007522,51.4,0,4,51.0,1933.53,0,0,0.0
M007523,42.6,1,3,33.7,2027.32,0,0,0.0
M007524,49.6,1,1,39.3,1436.36,0,1,0.0
M007525,24.2,1,1,114.0,3736.56,1,1,-0.110072
M007526,18.8,1,2,83.5,580.78,0,1,0.0
M007527,27.8,1,2,59.5,652.31,0,0,0.0
M007528,32.1,1,1,55.4,4909.78,0,0,0.0
M007529,91.4,1,1,50.1,2394.86,0,0,0.0
M007530,45.4,0,5,20.2,1636.81,0,1,0.0
M007531,76.8,1,1,75.6,460.91,0,0,0.0
M007532,42.1,1,6,84.1,3456.97,1,0,-0.070487
M007533,9.7,2,2,57.5,12433.29,0,1,0.0
M007534,57.6,2,2,18.2,35583.8,0,0,0.0
M007535,57.2,0,4,62.0,5851.29,1,0,-0.094019
M007536,28.2,0,4,102.1,3570.98,0,0,0.0
M007537,51.5,4,2,103.5,1420.62,1,1,-0.09582
M007538,20.1,2,4,13.9,6088.8,1,1,-0.107373
M007539,23.2,2,2,13.2,1476.23,0,1,0.0
M007540,32.0,1,1,56.3,12604.67,0,0,0.0
M007541,32.8,1,1,53.8,4283.78,0,1,0.0
M007542,56.4,2,1,88.2,390.24,0,0,0.0
M007543,32.9,1,6,71.4,3631.3,0,0,0.0
M007544,58.3,2,3,128.5,5395.93,0,1,0.0
M007545,60.2,2,2,64.9,3491.54,1,0,-0.116381
M007546,33.6,4,4,75.8,9036.64,1,1,-0.119054
M007547,22.0,2,4,78.3,8951.09,0,0,0.0
M007548,68.0,0,2,19.7,2327.08,0,0,0.0
M007549,78.1,1,3,56.1,2722.87,1,0,-0.10037
M007550,36.4,1,1,46.6,2417.55,1,0,-0.091783
M007551,62.2,0,1,32.9,1761.53,0,0,0.0
M007552,42.5,1,2,2.8,55142.61,0,0,0.0
M007553,38.9,0,1,43.8,903.2,0,1,0.0
M007554,30.8,1,2,75.2,1201.92,0,1,0.0
M007555,65.4,1,1,52.7,5009.77,1,1,-0.081585
M007556,14.9,1,2,31.1,5914.08,1,1,-0.088393
M007557,46.4,2,1,33.3,1062.42,1,0,-0.11607
M007558,22.3,2,4,86.1,7737.36,0,0,0.0
M007559,69.0,2,5,84.8,33817.11,0,0,0.0
M007560,30.0,0,2,55.4,3611.94,0,0,0.0
M007561,54.7,1,4,22.0,3002.12,0,1,0.0
M007562,43.4,2,1,70.7,24897.1,0,0,0.0
M007563,58.1,2,3,114.9,15931.16,0,1,0.0
M007564,19.2,1,3,30.7,3207.79,0,1,0.0
M007565,31.6,2,5,138.8,9521.43,0,0,0.0
M007566,48.0,3,2,77.9,3520.02,1,1,-0.077819
M007567,56.1,1,2,141.5,233.31,0,0,0.0
M007568,38.9,0,3,108.5,2169.71,0,0,0.0
M007569,75.9,1,3,31.9,6722.86,0,0,0.0
M007570,41.5,3,4,54.0,14760.72,1,1,-0.10941
M007571,24.6,3,3,86.6,4476.89,0,0,0.0
M007572,0.0,0,3,51.3,7742.15,0,1,0.0
M007573,48.7,2,3,71.3,241.25,0,1,0.0
M007574,23.2,2,2,86.5,4309.52,1,0,-0.116619
M007575,54.3,1,6,30.9,3766.77,0,0,0.0
M007576,44.7,0,4,56.0,4798.58,0,0,0.0
M007577,62.8,3,5,39.0,2873.65,1,1,-0.091573
M007578,64.7,0,2,9.9,1523.57,0,1,0.0
M007579,58.8,1,1,52.4,3933.02,1,0,-0.104034
M007580,29.4,4,1,6.4,8446.75,1,1,-0.103292
M007581,67.9,1,2,44.4,2914.37,0,1,0.0
M007582,30.1,0,3,80.6,5550.93,0,0,0.0
M007583,40.9,2,4,23.8,4029.89,0,1,0.0
M007584,49.7,1,6,66.1,1778.31,0,1,0.0
M007585,43.2,2,1,106.6,1713.26,0,0,0.0
M007586,99.2,0,1,55.7,42972.11,0,0,0.0
M007587,29.3,1,1,92.8,2959.37,1,1,-0.081583
M007588,74.9,1,4,40.4,629.63,0,0,0.0
M007589,19.8,0,5,85.7,2170.76,0,0,0.0
M007590,58.7,2,1,67.0,2310.78,0,0,0.0
M007591,40.0,3,1,50.5,3187.28,1,1,-0.095374
M007592,22.6,0,4,82.8,536.04,0,0,0.0
M007593,35.8,2,1,86.6,5187.94,1,0,-0.098043
M007594,27.0,2,1,37.0,2462.33,1,0,-0.092439
M007595,85.9,0,3,51.9,6220.72,0,0,0.0
M007596,48.1,0,3,22.3,1707.32,0,1,0.0
M007597,30.4,0,3,109.8,481.32,0,0,0.0
M007598,16.1,1,2,47.1,5473.66,0,1,0.0
M007599,79.0,3,2,71.0,5076.3,0,1,0.0
M007600,62.7,1,1,34.3,4100.88,0,0,0.0
M007601,57.5,1,3,62.5,2946.83,0,0,0.0
M007602,36.5,1,2,71.0,672.97,0,0,0.0
M007603,64.6,0,5,41.0,905.36,0,0,0.0
M007604,73.0,2,1,7.6,831.91,0,1,0.0
M007605,98.7,5,4,146.2,1797.31,0,1,0.0
M007606,54.1,0,5,65.0,6739.81,0,0,0.0
M007607,10.9,0,1,93.2,4956.45,0,0,0.0
M007608,54.4,1,2,37.5,1139.44,0,0,0.0
M007609,27.0,0,6,45.1,4458.38,0,0,0.0
M007610,26.1,1,6,33.3,3244.73,0,1,0.0
M007611,40.9,0,2,52.7,1848.56,0,1,0.0
M007612,69.5,0,3,36.5,1372.62,0,0,0.0
M007613,39.3,0,4,34.7,3571.57,0,0,0.0
M007614,25.3,2,1,71.9,1208.18,1,0,-0.079664
M007615,47.7,1,5,32.5,1942.81,0,1,0.0
M007616,22.9,5,4,52.2,3021.98,1,1,-0.091308
M007617,74.5,2,1,185.3,1187.32,0,0,0.0
M007618,33.0,2,3,26.3,3512.93,0,0,0.0
M007619,50.8,2,2,54.5,4476.17,0,0,0.0
M007620,68.9,0,1,8.8,6809.26,0,0,0.0
M007621,58.3,2,2,15.3,8353.01,1,0,-0.102742
M007622,65.2,5,3,33.7,195.84,0,0,0.0
M007623,44.8,4,2,82.7,7274.95,0,0,0.0
M007624,34.6,3,1,45.4,560.99,1,0,-0.095216
M007625,28.4,1,1,60.7,1844.4,0,0,0.0
M007626,22.0,3,2,3.2,2864.63,1,0,-0.083117
M007627,64.1,1,4,59.9,7491.88,0,0,0.0
M007628,15.0,1,1,11.3,12557.1,0,1,0.0
M007629,49.6,1,2,61.4,2780.1,1,0,-0.094279
M007630,43.9,1,5,126.8,3318.91,1,1,-0.055411
M007631,32.8,1,2,38.4,3071.99,0,0,0.0
M007632,40.8,1,1,55.5,289.42,0,0,0.0
M007633,28.7,0,5,61.2,1427.22,0,0,0.0
M007634,19.7,3,2,68.5,906.71,1,1,-0.111097
M007635,35.5,1,3,21.8,13195.02,0,0,0.0
M007636,37.9,0,5,105.7,1413.99,1,1,-0.08392
M007637,60.9,2,1,51.7,2529.43,0,1,0.0
M007638,59.3,3,2,94.8,21869.1,0,0,0.0
M007639,29.4,4,1,64.9,12548.62,1,1,-0.118029
M007640,54.5,1,2,65.8,2509.21,0,0,0.0
M007641,33.8,0,1,14.7,3516.02,0,0,0.0
M007642,36.5,2,3,43.3,2104.5,1,0,-0.100722
M007643,39.3,3,2,21.0,3786.65,0,1,0.0
M007644,42.8,3,4,79.5,2524.22,0,1,0.0
M007645,55.4,3,1,43.5,2756.05,1,1,-0.114156
M007646,53.0,2,2,92.6,1663.53,0,0,0.0
M007647,37.6,1,1,37.3,14800.17,0,1,0.0
M007648,25.1,1,5,23.5,11937.55,0,0,0.0
M007649,16.3,0,4,23.0,5814.14,0,1,0.0
M007650,2.2,2,2,33.8,1234.92,1,0,-0.088687
M007651,46.2,3,2,34.7,1483.78,1,1,-0.10435
M007652,49.7,2,2,73.9,9734.45,1,0,-0.112011
M007653,39.6,5,2,37.7,1679.7,1,0,-0.097904
M007654,56.8,2,2,38.6,846.04,0,1,0.0
M007655,37.5,1,1,80.1,38006.59,1,0,-0.085339
M007656,77.2,1,3,74.3,416.77,0,0,0.0
M007657,43.9,1,3,26.8,3269.08,0,0,0.0
M007658,55.1,3,1,12.8,10118.61,1,1,-0.100342
M007659,61.7,0,1,133.0,3172.84,1,0,-0.075414
M007660,14.0,0,3,36.1,2809.68,0,0,0.0
M007661,49.0,1,2,56.9,1264.83,0,1,0.0
M007662,74.3,1,3,115.8,11347.25,0,0,0.0
M007663,56.8,0,1,35.7,9048.51,0,1,0.0
M007664,55.0,0,2,165.5,4795.38,0,0,0.0
M007665,45.0,2,3,112.3,6705.07,0,0,0.0
M007666,71.4,1,3,22.7,409.12,0,1,0.0
M007667,40.8,3,3,20.1,814.31,1,1,-0.111106
M007668,64.8,3,4,48.4,238.06,0,1,0.0
M007669,40.9,1,1,41.1,1003.3,0,0,0.0
M007670,12.7,0,1,62.1,1133.06,0,1,0.0
M007671,55.9,1,3,108.7,9934.92,0,0,0.0
M007672,41.0,2,1,42.4,570.42,0,1,0.0
M007673,36.7,4,3,52.0,3814.48,1,1,-0.115702
M007674,71.5,4,4,150.5,6550.6,1,1,-0.115661
M007675,2.9,2,2,82.7,4718.64,1,1,-0.123939
M007676,23.5,4,3,101.7,6921.23,1,1,-0.098111
M007677,69.8,0,1,262.1,1057.75,0,0,0.0
M007678,23.0,1,3,46.7,2039.05,0,1,0.0
M007679,65.8,3,1,28.7,4349.61,1,1,-0.067937
M007680,62.7,1,2,28.8,159.85,1,0,-0.086913
M007681,29.9,1,4,33.2,8417.8,0,0,0.0
M007682,51.6,4,4,85.2,3587.79,1,1,-0.104803
M007683,82.0,2,2,103.0,8984.39,0,0,0.0
M007684,48.4,1,1,118.4,11423.05,1,1,-0.097647
M007685,16.3,2,1,16.7,6787.9,1,1,-0.080599
M007686,58.2,1,5,32.8,510.19,0,1,0.0
M007687,66.9,2,1,26.1,3949.83,0,1,0.0
M007688,54.4,1,2,79.4,1817.53,0,1,0.0
M007689,35.3,3,2,97.3,1027.14,0,1,0.0
M007690,0.0,1,3,9.1,5188.28,0,1,0.0
M007691,57.8,0,4,47.2,237.19,0,1,0.0
M007692,62.5,1,1,12.1,837.22,0,0,0.0
M007693,39.5,2,1,42.1,975.93,0,0,0.0
M007694,62.9,1,3,165.0,256.7,0,0,0.0
M007695,50.0,3,1,112.3,2472.67,1,1,-0.098838
M007696,57.8,3,2,40.8,471.06,0,1,0.0
M007697,31.3,2,3,9.5,8896.92,0,0,0.0
M007698,71.4,1,2,38.7,6992.12,0,1,0.0
M007699,40.5,4,5,7.2,2738.14,0,1,0.0
M007700,51.0,2,1,109.5,5474.44,1,0,-0.056828
M007701,42.1,1,4,221.5,814.21,0,0,0.0
M007702,31.3,1,5,95.5,3242.07,0,0,0.0
M007703,8.2,1,1,48.7,7506.92,1,1,-0.091855
M007704,90.4,2,1,12.6,1248.63,0,0,0.0
M007705,8.0,3,5,50.3,3528.75,0,1,0.0
M007706,37.9,0,1,21.9,8091.16,1,0,-0.104859
M007707,49.2,2,1,102.9,3481.09,0,0,0.0
M007708,47.8,2,1,49.7,8606.26,1,0,-0.10464
M007709,12.4,0,2,46.2,2010.02,0,0,0.0
M007710,70.2,2,3,66.6,5535.84,0,1,0.0
M007711,71.6,1,3,99.2,2178.39,1,0,-0.084962
M007712,55.1,0,2,40.5,9311.86,1,0,-0.086289
M007713,44.8,4,3,36.4,115194.75,1,1,-0.082913
M007714,12.3,2,2,50.9,2079.35,0,0,0.0
M007715,42.2,2,1,51.2,9081.65,0,0,0.0
M007716,23.8,0,3,43.9,6030.46,0,0,0.0
M007717,33.8,0,2,58.5,881.36,1,0,-0.10009
M007718,17.1,2,2,25.0,8819.45,0,1,0.0
M007719,38.3,3,3,72.5,1988.17,0,1,0.0
M007720,54.8,1,2,78.1,3362.42,0,0,0.0
M007721,15.4,2,3,117.3,2251.38,0,1,0.0
M007722,28.9,3,3,26.2,9179.83,0,1,0.0
M007723,21.3,1,1,80.3,9556.11,0,1,0.0
M007724,21.9,1,6,81.8,3929.44,1,0,-0.121651
M007725,15.4,2,4,20.9,19699.23,1,0,-0.112241
M007726,75.3,1,2,19.4,1830.9,0,0,0.0
M007727,0.0,2,3,59.0,3767.17,1,1,-0.104736
M007728,71.1,1,3,226.8,2043.51,0,0,0.0
M007729,78.9,2,2,19.1,319.2,0,0,0.0
M007730,29.7,1,2,30.3,389.03,0,0,0.0
M007731,72.6,1,3,38.8,3334.08,0,0,0.0
M007732,45.2,2,2,50.7,1072.99,0,1,0.0
M007733,64.0,1,6,120.2,1478.21,0,0,0.0
M007734,45.9,2,1,144.8,9352.63,1,0,-0.08349
M007735,48.1,0,2,109.2,1639.14,0,0,0.0
M007736,48.5,1,2,94.5,9817.69,0,0,0.0
M007737,12.9,0,1,33.2,14303.68,0,0,0.0
M007738,55.9,1,1,67.2,3533.41,0,0,0.0
M007739,40.4,1,3,15.4,625.13,0,0,0.0
M007740,59.1,3,1,5.2,8885.27,1,1,-0.069847
M007741,68.2,3,5,89.2,1832.28,1,1,-0.107914
M007742,58.1,2,2,45.9,10763.25,1,1,-0.115774
M007743,52.5,0,3,59.9,5102.67,0,0,0.0
M007744,30.8,4,2,91.4,34397.81,0,1,0.0
M007745,43.9,1,2,60.8,1907.66,0,0,0.0
M007746,64.3,3,1,110.7,1714.3,1,1,-0.110047
M007747,62.2,0,2,59.6,1249.94,0,0,0.0
M007748,14.0,1,3,52.6,1711.36,1,1,-0.097652
M007749,45.7,1,1,9.8,1295.15,0,1,0.0
M007750,51.8,4,2,33.8,1296.07,1,0,-0.077257
M007751,24.9,3,1,54.2,4522.2,1,1,-0.118719
M007752,23.0,1,1,5.1,2006.62,1,0,-0.09682
M007753,30.1,2,1,123.9,3490.7,0,0,0.0
M007754,49.3,2,5,206.5,10161.59,0,0,0.0
M007755,15.6,2,1,31.8,809.95,1,1,-0.080911
M007756,27.9,4,1,79.1,2523.18,1,1,-0.1234
M007757,3.6,1,4,32.0,14548.32,0,0,0.0
M007758,51.8,3,4,138.0,604.79,1,1,-0.097901
M007759,27.2,1,1,23.5,866.56,0,1,0.0
M007760,54.6,5,3,22.1,8444.52,0,0,0.0
M007761,33.4,1,4,141.8,5094.35,0,0,0.0
M007762,44.2,1,1,25.4,990.16,0,0,0.0
M007763,35.8,2,3,134.0,2146.07,1,1,-0.086727
M007764,34.3,2,2,46.2,5999.47,0,0,0.0
M007765,21.6,2,3,93.8,12367.07,1,0,-0.12134
M007766,50.2,2,4,79.5,645.08,0,1,0.0
M007767,43.5,2,3,32.2,1824.56,0,1,0.0
M007768,62.2,4,1,15.7,1122.98,1,0,-0.102409
M007769,43.4,0,3,68.2,2736.88,0,0,0.0
M007770,36.6,1,1,31.0,1091.46,0,1,0.0
M007771,47.8,1,2,35.0,1837.58,0,0,0.0
M007772,65.6,2,1,54.3,3803.94,1,0,-0.086984
M007773,15.0,1,1,116.6,63071.24,1,1,-0.115717
M007774,0.2,2,1,26.0,1442.4,1,1,-0.097012
M007775,29.8,3,4,41.4,1330.94,1,0,-0.122502
M007776,65.7,2,1,59.8,1327.66,0,0,0.0
M007777,38.3,2,1,34.1,191.78,0,1,0.0
M007778,30.9,4,2,108.6,17849.88,1,0,-0.104996
M007779,73.6,2,1,101.0,149.38,0,0,0.0
M007780,38.5,1,5,49.2,1524.59,0,0,0.0
M007781,26.9,1,1,37.7,26002.66,0,1,0.0
M007782,34.9,3,2,96.8,3624.58,0,1,0.0
M007783,61.7,1,3,102.9,1378.74,0,0,0.0
M007784,20.2,4,5,69.6,292.26,1,1,-0.122747
M007785,53.9,1,1,72.7,1627.82,0,0,0.0
M007786,51.1,2,5,70.6,4197.59,0,1,0.0
M007787,37.7,2,1,64.6,6452.11,1,0,-0.07084
M007788,49.5,1,2,68.7,4655.37,0,1,0.0
M007789,30.1,3,2,14.5,2293.3,1,0,-0.102895
M007790,41.3,1,5,60.5,1028.74,0,0,0.0
M007791,27.8,3,1,95.6,3048.17,1,1,-0.113489
M007792,19.4,2,2,104.8,6117.48,0,1,0.0
M007793,63.1,1,1,75.4,1876.82,0,0,0.0
M007794,67.3,4,2,58.3,6506.54,1,1,-0.11132
M007795,50.5,0,5,198.6,4485.76,0,0,0.0
M007796,11.1,0,3,6.3,1893.75,0,0,0.0
M007797,32.0,1,4,40.5,566.35,0,0,0.0
M007798,30.6,3,3,85.7,1415.43,1,0,-0.111427
M007799,44.7,1,1,78.2,2317.79,0,0,0.0
M007800,21.1,1,2,79.4,743.77,0,1,0.0
M007801,72.4,5,4,35.9,1453.53,0,0,0.0
M007802,75.8,1,2,24.1,5136.45,0,0,0.0
M007803,35.1,2,2,96.7,5653.94,0,0,0.0
M007804,11.9,1,4,17.8,1277.14,0,1,0.0
M007805,46.6,0,3,59.0,1403.71,0,0,0.0
M007806,43.0,2,6,16.8,10948.07,0,0,0.0
M007807,55.7,2,1,41.8,4378.17,0,1,0.0
M007808,45.7,0,4,41.1,4543.76,0,0,0.0
M007809,29.7,0,1,54.0,5818.55,0,1,0.0
M007810,28.8,5,2,58.2,820.55,0,1,0.0
M007811,61.6,0,1,139.5,4275.79,1,0,-0.112496
M007812,0.0,0,4,64.3,1995.23,0,0,0.0
M007813,18.4,2,2,58.5,2909.32,0,1,0.0
M007814,41.7,1,3,75.7,2434.04,0,1,0.0
M007815,31.3,2,1,7.4,7139.13,1,0,-0.078862
M007816,24.6,1,5,134.9,2499.66,0,1,0.0
M007817,37.5,2,4,55.8,8741.21,0,0,0.0
M007818,21.7,3,2,176.6,18091.18,0,0,0.0
M007819,76.6,4,1,22.3,1971.35,0,1,0.0
M007820,44.9,2,1,34.3,5384.28,0,1,0.0
M007821,51.2,1,2,70.3,16114.27,0,1,0.0
M007822,55.6,2,1,159.1,4286.05,0,0,0.0
M007823,59.1,1,1,108.3,3928.33,1,0,-0.089532
M007824,56.0,1,1,23.9,10772.66,0,0,0.0
M007825,63.2,3,3,53.8,2252.96,0,1,0.0
M007826,12.1,5,2,33.4,2196.14,1,0,-0.108777
M007827,72.0,5,1,65.9,4960.04,1,0,-0.093056
M007828,91.1,0,3,70.0,1127.61,0,0,0.0
M007829,58.1,2,2,62.2,1831.22,0,1,0.0
M007830,37.5,2,6,140.0,997.01,0,0,0.0
M007831,57.1,2,3,56.0,4909.95,0,0,0.0
M007832,32.5,0,4,43.4,7280.86,0,1,0.0
M007833,34.7,2,3,114.2,3029.69,0,0,0.0
M007834,50.9,3,4,85.3,2022.22,1,0,-0.09554
M007835,65.5,3,1,92.6,3765.67,1,1,-0.111124
M007836,54.5,0,1,28.4,2398.64,0,1,0.0
M007837,50.9,0,3,134.2,1297.46,1,0,-0.103841
M007838,36.8,1,1,76.7,14651.19,0,1,0.0
M007839,54.7,2,2,115.5,7201.87,0,0,0.0
M007840,25.4,2,2,38.6,707.29,0,0,0.0
M007841,77.5,1,4,25.5,1549.07,0,0,0.0
M007842,37.4,3,2,190.7,1705.13,1,1,-0.124341
M007843,50.3,0,5,5.5,2690.87,0,0,0.0
M007844,73.6,4,3,51.4,2204.39,0,1,0.0
M007845,19.8,4,3,97.5,1702.57,1,1,-0.078789
M007846,66.8,1,1,99.2,6263.05,0,0,0.0
M007847,30.1,1,3,63.5,1996.98,0,0,0.0
M007848,59.0,4,3,97.4,785.93,0,1,0.0
M007849,38.6,1,6,85.6,2697.43,0,1,0.0
M007850,45.6,1,2,171.9,6909.11,0,0,0.0
M007851,49.6,1,3,46.3,631.27,0,0,0.0
M007852,56.7,0,1,84.6,2202.33,0,1,0.0
M007853,30.1,0,2,77.0,2576.8,1,0,-0.101374
M007854,82.0,1,2,7.3,19336.77,0,0,0.0
M007855,47.5,0,2,44.5,2284.49,0,0,0.0
M007856,28.7,3,6,13.0,5051.98,0,0,0.0
M007857,15.1,0,2,45.8,828.42,0,0,0.0
M007858,44.4,1,2,98.5,20296.0,0,0,0.0
M007859,65.3,0,1,52.0,3754.17,0,0,0.0
M007860,8.9,0,4,110.1,13589.81,0,1,0.0
M007861,35.7,0,3,47.0,2043.68,0,1,0.0
M007862,78.2,0,4,62.5,1425.85,1,0,-0.059995
M007863,25.7,2,6,35.2,2421.73,0,0,0.0
M007864,30.9,5,2,27.9,781.32,1,1,-0.11535
M007865,43.4,0,1,28.5,2811.75,1,0,-0.096936
M007866,49.3,0,2,53.4,808.94,0,0,0.0
M007867,15.2,1,2,27.4,1289.72,0,1,0.0
M007868,14.6,1,4,160.9,1810.94,0,1,0.0
M007869,77.2,0,3,47.1,1550.25,0,0,0.0
M007870,71.5,2,4,105.6,2427.62,1,0,-0.103376
M007871,54.2,0,1,29.0,6935.34,0,0,0.0
M007872,52.5,1,2,61.1,1976.95,0,0,0.0
M007873,67.0,5,1,104.9,959.42,1,1,-0.115999
M007874,45.0,2,4,84.5,1565.86,0,1,0.0
M007875,16.0,1,1,17.4,1443.6,1,0,-0.077636
M007876,44.1,3,3,59.1,20054.76,1,1,-0.097955
M007877,64.7,1,2,66.8,1373.42,0,1,0.0
M007878,9.9,3,1,44.1,4646.15,1,1,-0.12305
M007879,33.5,0,5,73.4,4108.68,0,0,0.0
M007880,28.3,0,2,12.8,1214.8,1,1,-0.122395
M007881,37.1,3,6,94.2,4380.83,0,0,0.0
M007882,24.8,1,2,35.2,8803.16,1,0,-0.109501
M007883,62.5,3,2,69.4,5089.26,0,1,0.0
M007884,55.7,1,1,40.6,240.8,0,1,0.0
M007885,68.6,1,1,28.2,2695.43,0,0,0.0
M007886,51.4,1,2,19.5,2973.68,0,0,0.0
M007887,18.4,2,4,22.9,18205.15,0,1,0.0
M007888,59.0,4,3,58.2,2798.45,1,0,-0.103546
M007889,71.4,2,1,43.8,1544.66,0,0,0.0
M007890,19.5,0,3,88.2,5143.94,0,0,0.0
M007891,62.2,0,1,71.3,14297.32,0,0,0.0
M007892,37.9,1,3,72.5,912.55,0,0,0.0
M007893,35.1,1,2,76.9,6627.26,0,0,0.0
M007894,29.7,2,6,61.5,2697.61,0,0,0.0
M007895,31.1,1,1,40.3,4144.5,0,0,0.0
M007896,53.7,2,3,45.7,11275.31,0,1,0.0
M007897,66.8,3,3,79.8,1475.2,1,0,-0.098375
M007898,42.8,1,3,45.2,1073.23,0,0,0.0
M007899,40.7,1,1,84.8,1462.82,0,0,0.0
M007900,56.5,2,1,120.4,6451.74,1,0,-0.087071
M007901,23.6,1,2,45.3,3726.63,0,0,0.0
M007902,29.7,4,6,44.4,9827.73,1,0,-0.12389
M007903,46.6,4,4,90.9,1093.64,0,1,0.0
M007904,49.8,0,1,11.0,1253.29,0,0,0.0
M007905,41.8,1,2,38.7,17115.35,1,1,-0.088776
M007906,52.4,1,3,164.1,515.66,0,0,0.0
M007907,65.1,1,4,81.1,532.74,0,0,0.0
M007908,58.5,2,5,99.6,67602.55,0,0,0.0
M007909,76.5,3,2,20.0,8996.34,1,1,-0.099968
M007910,59.8,3,1,59.3,511.35,1,1,-0.093901
M007911,23.0,1,2,82.7,1590.23,1,1,-0.083546
M007912,46.0,2,3,50.6,5040.7,0,0,0.0
M007913,37.8,1,1,25.1,3977.82,0,0,0.0
M007914,9.0,2,2,38.4,5811.12,1,1,-0.11357
M007915,52.1,4,1,14.7,3041.61,0,1,0.0
M007916,53.1,3,4,57.3,8295.63,1,1,-0.113084
M007917,49.1,1,2,31.3,3545.06,1,0,-0.078735
M007918,40.5,1,1,160.2,6283.48,0,0,0.0
M007919,40.9,0,1,5.8,7204.37,0,0,0.0
M007920,78.6,2,2,55.6,2387.54,0,0,0.0
M007921,5.6,1,2,93.2,2614.26,1,0,-0.083637
M007922,27.8,4,4,17.1,4373.01,0,1,0.0
M007923,34.9,2,3,103.7,17358.26,0,1,0.0
M007924,35.1,2,2,36.1,1412.51,0,0,0.0
M007925,33.4,4,6,91.2,647.01,1,1,-0.122073
M007926,0.0,0,1,35.1,3365.31,0,1,0.0
M007927,65.2,1,3,59.2,5731.07,0,0,0.0
M007928,54.5,2,1,118.2,22123.6,0,0,0.0
M007929,28.4,2,3,92.3,12578.9,0,0,0.0
M007930,90.8,2,4,140.4,33467.1,0,0,0.0
M007931,24.6,3,4,18.3,246.37,0,1,0.0
M007932,21.0,1,1,81.3,7776.49,1,0,-0.106243
M007933,57.1,2,2,75.0,2015.18,0,0,0.0
M007934,36.2,2,6,48.0,45532.54,0,1,0.0
M007935,19.8,2,1,48.1,2640.71,1,1,-0.087992
M007936,39.1,5,4,82.2,3437.91,0,1,0.0
M007937,56.0,2,3,124.7,1857.72,0,1,0.0
M007938,26.2,2,1,74.5,2187.95,0,1,0.0
M007939,30.2,5,1,113.6,815.52,1,0,-0.112104
M007940,52.4,2,4,54.9,16822.85,0,0,0.0
M007941,39.0,0,4,194.3,15499.22,0,0,0.0
M007942,14.2,2,2,99.0,4081.34,1,0,-0.120696
M007943,38.5,0,2,40.6,2699.39,0,0,0.0
M007944,29.2,2,5,37.8,522.91,1,0,-0.053955
M007945,39.7,1,1,36.1,5764.52,0,0,0.0
M007946,30.8,2,2,37.5,3835.18,0,0,0.0
M007947,35.3,1,2,41.7,4480.07,0,0,0.0
M007948,12.6,1,2,51.5,6230.29,1,1,-0.124038
M007949,39.4,2,3,53.2,1030.73,1,0,-0.076402
M007950,70.5,1,2,122.3,14880.15,0,1,0.0
M007951,24.9,0,5,50.9,3009.13,1,0,-0.089467
M007952,47.8,1,4,20.2,1788.44,1,0,-0.105601
M007953,100.0,4,2,68.5,1295.93,1,1,-0.10629
M007954,37.5,0,1,35.7,28212.19,0,1,0.0
M007955,50.6,0,2,57.4,2390.84,1,0,-0.101067
M007956,31.6,1,1,36.2,4151.84,0,0,0.0
M007957,70.5,0,2,131.4,1526.38,0,0,0.0
M007958,32.7,1,4,61.0,1747.41,0,0,0.0
M007959,35.1,0,1,29.5,2627.44,0,0,0.0
M007960,55.6,3,5,63.6,5914.27,0,0,0.0
M007961,48.3,0,4,73.8,1292.73,0,0,0.0
M007962,39.0,3,1,61.9,7989.93,1,0,-0.11042
M007963,50.2,1,5,31.0,1877.66,0,0,0.0
M007964,77.9,1,1,37.3,2360.28,1,0,-0.107937
M007965,46.9,1,2,96.9,5858.04,0,0,0.0
M007966,38.4,3,3,45.7,2460.76,1,1,-0.090384
M007967,15.5,1,4,96.8,6458.68,1,0,-0.113505
M007968,66.9,0,4,49.4,13041.59,0,0,0.0
M007969,47.6,1,3,128.5,3541.91,1,0,-0.064639
M007970,42.2,1,1,101.2,10186.36,0,1,0.0
M007971,30.4,2,1,93.3,825.06,0,0,0.0
M007972,41.0,0,6,44.3,537.11,0,1,0.0
M007973,46.9,1,2,7.7,4132.04,0,1,0.0
M007974,33.9,0,3,9.2,2919.33,1,0,-0.09629
M007975,30.7,1,1,65.6,1083.45,0,1,0.0
M007976,64.3,1,2,234.5,1796.16,0,0,0.0
M007977,70.3,4,2,85.7,547.77,1,0,-0.093107
M007978,21.9,2,1,150.8,338.15,1,1,-0.117032
M007979,29.9,1,2,71.0,3031.68,0,0,0.0
M007980,60.4,1,5,82.3,7268.33,0,0,0.0
M007981,23.5,1,3,30.4,1629.67,0,0,0.0
M007982,46.4,1,3,54.2,1382.94,0,0,0.0
M007983,40.3,1,3,23.9,3146.17,0,0,0.0
M007984,83.8,1,3,36.5,44334.49,0,0,0.0
M007985,36.6,1,1,162.6,4878.5,0,0,0.0
M007986,60.3,2,4,118.4,2700.49,0,0,0.0
M007987,40.8,1,1,80.1,8510.11,0,0,0.0
M007988,20.3,0,1,7.4,1887.07,0,0,0.0
M007989,13.8,2,2,68.6,17460.82,0,0,0.0
M007990,95.9,1,2,215.4,9560.16,0,0,0.0
M007991,35.6,5,1,158.1,47494.84,1,0,-0.124345
M007992,37.5,2,2,87.8,16214.19,1,0,-0.068452
M007993,45.0,5,1,114.9,4153.35,1,1,-0.123207
M007994,50.9,0,2,61.3,336.68,1,0,-0.122081
M007995,53.9,1,1,28.7,1047.79,1,0,-0.084903
M007996,59.1,0,1,89.6,17009.67,1,0,-0.081884
M007997,6.6,2,1,77.3,2410.88,0,1,0.0
M007998,74.8,1,1,74.5,26971.07,0,1,0.0
M007999,61.1,1,1,107.0,4725.59,0,0,0.0
M008000,73.2,0,1,68.0,1616.04,0,0,0.0
M008001,42.9,3,2,51.7,1553.07,1,1,-0.10296
M008002,77.7,0,1,198.3,3951.21,1,0,-0.053569
M008003,72.1,1,5,60.1,2919.32,0,0,0.0
M008004,91.0,1,3,13.0,2088.34,1,0,-0.094367
M008005,35.4,3,3,153.0,1077.44,0,1,0.0
M008006,63.9,1,1,13.8,2375.83,0,0,0.0
M008007,49.8,0,4,65.6,3700.5,0,0,0.0
M008008,66.5,4,2,113.5,7354.54,1,1,-0.11621
M008009,41.4,4,2,87.0,1676.29,0,1,0.0
M008010,30.3,1,3,37.7,5850.6,1,0,-0.049214
M008011,44.0,3,1,84.1,4107.88,0,0,0.0
M008012,35.6,3,1,52.8,3663.53,1,1,-0.076968
M008013,27.6,1,2,36.7,6367.16,0,0,0.0
M008014,34.4,0,3,47.5,2698.15,0,0,0.0
M008015,49.8,4,2,57.3,1875.5,1,1,-0.081547
M008016,24.1,2,2,72.2,2470.76,1,0,-0.105401
M008017,43.5,1,1,12.5,2451.61,1,0,-0.090556
M008018,65.1,3,1,103.6,3002.68,0,1,0.0
M008019,23.8,1,1,82.8,3625.47,0,1,0.0
M008020,66.0,3,2,70.3,374.71,1,1,-0.097479
M008021,46.9,0,3,29.5,5601.44,1,0,-0.075596
M008022,57.3,1,6,78.2,6401.54,0,0,0.0
M008023,68.9,1,4,51.5,425.81,0,1,0.0
M008024,35.5,1,4,28.9,1162.33,0,0,0.0
M008025,54.0,3,2,115.3,5295.85,1,1,-0.106777
M008026,0.0,5,4,57.0,1529.72,0,0,0.0
M008027,0.0,2,3,14.9,343.31,0,1,0.0
M008028,72.4,2,2,43.6,25862.86,0,1,0.0
M008029,40.2,2,3,47.7,36409.54,1,0,-0.065224
M008030,12.4,2,3,1.4,1125.27,1,1,-0.0971
M008031,3.7,0,2,58.3,32422.94,0,0,0.0
M008032,34.8,0,3,53.7,29644.46,0,1,0.0
M008033,32.9,2,4,20.9,11936.9,0,0,0.0
M008034,39.6,1,4,21.3,5767.11,0,0,0.0
M008035,0.0,3,4,65.7,1451.57,1,0,-0.118148
M008036,29.9,2,3,73.9,3002.2,1,0,-0.077282
M008037,56.9,3,3,27.4,1233.01,0,1,0.0
M008038,45.3,2,2,14.3,845.7,0,0,0.0
M008039,48.7,1,5,50.9,2390.19,0,0,0.0
M008040,51.5,2,2,55.3,4445.28,0,1,0.0
M008041,48.4,1,2,31.8,2316.13,0,0,0.0
M008042,61.7,2,3,93.6,10894.36,1,0,-0.091786
M008043,17.9,1,2,60.1,2558.59,1,1,-0.099105
M008044,97.6,4,3,69.8,37558.55,0,1,0.0
M008045,58.9,1,1,58.7,1556.9,0,1,0.0
M008046,57.0,1,1,51.9,9501.72,0,0,0.0
M008047,69.8,1,4,114.8,1199.54,0,0,0.0
M008048,43.2,1,2,34.2,598.98,0,0,0.0
M008049,61.8,3,2,43.6,2058.56,0,0,0.0
M008050,28.4,2,2,43.6,2244.19,0,0,0.0
M008051,74.7,3,4,39.6,1817.84,1,1,-0.074675
M008052,69.6,0,2,40.2,507.59,1,0,-0.085641
M008053,64.7,3,2,44.9,3199.92,1,0,-0.095471
M008054,30.2,0,4,78.2,4169.62,0,0,0.0
M008055,47.4,2,1,15.8,2839.58,1,0,-0.08589
M008056,16.1,0,2,10.2,1683.4,0,1,0.0
M008057,34.2,1,1,74.4,10425.82,0,1,0.0
M008058,76.4,3,1,108.7,2482.87,1,1,-0.110635
M008059,50.1,1,3,41.2,2096.43,0,1,0.0
M008060,20.7,0,5,88.8,1295.09,0,1,0.0
M008061,38.4,0,5,48.3,1077.98,0,0,0.0
M008062,65.7,1,5,31.9,3713.71,0,0,0.0
M008063,51.7,3,3,90.0,9360.6,0,0,0.0
M008064,40.3,2,5,5.9,5451.72,0,1,0.0
M008065,67.2,1,2,46.7,3877.41,0,0,0.0
M008066,22.4,0,2,62.2,5950.2,0,0,0.0
M008067,52.1,1,2,9.8,16029.49,0,0,0.0
M008068,80.3,3,3,71.0,10701.88,1,1,-0.063961
M008069,10.3,4,1,41.6,1313.05,1,0,-0.082209
M008070,49.9,2,3,85.9,1683.74,0,0,0.0
M008071,30.8,3,1,4.9,2975.92,1,1,-0.106078
M008072,63.3,3,4,165.7,1056.37,1,1,-0.112528
M008073,47.6,1,1,23.0,2441.11,1,1,-0.069728
M008074,58.3,2,2,9.5,2121.19,0,0,0.0
M008075,50.7,0,4,106.5,315.27,0,0,0.0
M008076,65.9,0,2,64.2,9517.1,0,1,0.0
M008077,81.2,3,2,26.8,1884.63,1,1,-0.084822
M008078,56.5,1,3,72.9,3029.7,0,0,0.0
M008079,50.1,1,2,24.2,1369.65,0,1,0.0
M008080,88.6,5,1,15.2,1015.05,1,0,-0.117015
M008081,52.7,2,1,87.0,10418.67,0,0,0.0
M008082,63.2,3,1,28.2,2466.73,1,1,-0.095499
M008083,31.6,3,1,30.5,2155.55,1,1,-0.117242
M008084,58.8,2,5,30.2,2096.98,0,1,0.0
M008085,41.9,0,2,16.4,7362.04,0,0,0.0
M008086,37.7,1,1,51.7,3943.39,0,0,0.0
M008087,74.7,0,1,71.1,15583.2,0,0,0.0
M008088,50.8,3,1,85.5,18041.08,1,0,-0.07996
M008089,4.1,1,2,90.2,1717.2,1,1,-0.124312
M008090,41.1,1,3,59.7,949.68,1,0,-0.077741
M008091,43.0,1,2,59.4,6788.02,0,0,0.0
M008092,72.8,1,1,53.0,966.09,1,1,-0.093482
M008093,30.5,2,2,52.6,3200.74,0,0,0.0
M008094,57.2,0,3,54.1,4844.53,0,1,0.0
M008095,46.0,1,5,20.8,2609.85,0,0,0.0
M008096,58.5,2,1,34.5,3379.57,0,0,0.0
M008097,49.0,2,1,37.1,2285.48,0,0,0.0
M008098,45.5,0,2,41.0,1837.26,1,0,-0.08554
M008099,41.6,1,2,77.9,11298.44,0,0,0.0
M008100,31.2,3,1,55.3,10373.78,1,0,-0.107236
M008101,45.0,1,4,40.0,6453.39,0,0,0.0
M008102,66.6,1,1,112.3,34627.09,0,0,0.0
M008103,57.3,4,5,106.0,15544.42,1,0,-0.115389
M008104,71.8,2,4,120.8,2058.4,0,1,0.0
M008105,29.8,2,4,103.8,19659.21,0,0,0.0
M008106,29.4,1,3,24.9,8085.37,0,0,0.0
M008107,47.3,1,5,122.8,7025.77,0,1,0.0
M008108,52.1,0,2,46.2,2147.21,1,0,-0.082697
M008109,58.7,4,1,67.1,20012.61,1,1,-0.11785
M008110,59.7,2,3,74.2,7038.34,0,1,0.0
M008111,66.4,2,3,46.7,2929.64,0,1,0.0
M008112,11.9,0,1,76.3,3185.69,0,1,0.0
M008113,50.6,3,3,3.9,2505.6,0,1,0.0
M008114,45.7,0,3,87.8,6980.67,0,0,0.0
M008115,53.8,2,2,83.8,1459.59,1,0,-0.09789
M008116,86.3,1,2,7.2,1040.13,0,0,0.0
M008117,17.3,1,2,39.1,6060.77,1,1,-0.101486
M008118,36.5,2,4,72.3,5526.4,0,1,0.0
M008119,4.4,1,1,80.4,3128.58,1,1,-0.104104
M008120,42.2,0,1,26.5,2224.94,0,0,0.0
M008121,40.2,0,2,107.2,2311.74,0,0,0.0
M008122,69.1,3,6,56.6,827.2,0,1,0.0
M008123,65.2,3,2,71.1,2696.61,1,1,-0.115021
M008124,39.3,2,1,16.6,6574.81,0,0,0.0
M008125,38.2,1,2,85.7,9595.97,0,0,0.0
M008126,66.1,0,3,93.8,268.12,0,0,0.0
M008127,28.0,2,5,20.3,5112.01,0,0,0.0
M008128,35.4,0,5,45.2,2704.09,0,0,0.0
M008129,52.6,3,1,24.3,27057.38,1,1,-0.103553
M008130,20.5,3,2,29.4,2599.12,1,1,-0.100707
M008131,46.4,2,3,22.9,11572.56,0,0,0.0
M008132,70.4,3,2,65.8,4375.82,0,1,0.0
M008133,39.4,2,5,23.3,3743.1,0,0,0.0
M008134,70.0,1,4,44.8,8188.27,0,0,0.0
M008135,44.3,0,1,58.2,2339.63,0,0,0.0
M008136,39.4,1,5,40.5,4343.06,0,1,0.0
M008137,49.9,2,2,111.3,31967.56,0,0,0.0
M008138,58.6,0,2,94.9,15151.68,0,0,0.0
M008139,35.1,1,3,87.1,4541.58,1,0,-0.042686
M008140,54.4,1,1,112.4,3005.8,0,0,0.0
M008141,46.0,1,5,48.3,6634.59,1,1,-0.095054
M008142,60.7,0,3,87.9,6926.62,0,0,0.0
M008143,43.8,0,3,17.6,920.75,0,0,0.0
M008144,33.8,2,2,69.5,27133.0,0,0,0.0
M008145,23.9,3,2,39.0,1847.58,1,0,-0.108978
M008146,33.7,2,3,59.0,7578.14,0,0,0.0
M008147,36.8,2,2,38.5,3047.94,1,0,-0.097793
M008148,20.5,0,6,32.3,4421.65,1,0,-0.079613
M008149,43.0,3,4,71.4,3178.6,1,0,-0.115009
M008150,26.9,1,3,24.9,5980.72,0,1,0.0
M008151,70.6,1,2,74.6,2220.98,0,0,0.0
M008152,43.6,1,6,41.7,1762.22,0,0,0.0
M008153,66.9,2,4,59.1,706.46,0,0,0.0
M008154,60.0,0,5,49.0,2464.32,0,1,0.0
M008155,48.7,2,2,35.6,1386.46,0,0,0.0
M008156,50.3,4,2,61.9,11589.94,0,1,0.0
M008157,29.6,0,2,38.2,9425.69,0,1,0.0
M008158,14.0,2,1,103.2,1680.18,1,1,-0.082259
M008159,65.3,1,3,66.0,3724.25,0,0,0.0
M008160,87.7,0,2,86.8,5792.54,0,0,0.0
M008161,79.1,2,3,40.7,4749.74,0,0,0.0
M008162,60.2,1,2,33.9,3982.08,0,1,0.0
M008163,45.5,2,2,14.0,13347.88,0,1,0.0
M008164,29.3,0,4,74.8,2178.21,0,1,0.0
M008165,66.8,2,3,75.2,348.15,0,0,0.0
M008166,64.4,1,2,59.7,10035.53,0,0,0.0
M008167,94.3,1,4,37.7,1835.69,1,0,-0.100279
M008168,56.5,1,4,40.4,6918.68,0,0,0.0
M008169,32.1,4,1,32.0,3090.35,1,1,-0.10602
M008170,14.6,2,1,4.2,2183.1,1,1,-0.075194
M008171,29.7,1,3,75.2,7480.34,0,1,0.0
M008172,72.7,1,1,75.0,19164.26,0,0,0.0
M008173,35.4,2,3,50.8,396.78,0,0,0.0
M008174,58.6,2,3,128.7,15753.23,0,1,0.0
M008175,16.5,5,4,144.0,16509.54,1,0,-0.121947
M008176,24.0,1,4,28.4,1185.82,1,0,-0.095605
M008177,62.1,2,3,41.9,5182.71,0,1,0.0
M008178,44.2,4,4,22.7,5947.1,0,1,0.0
M008179,71.3,1,5,31.1,5376.02,1,0,-0.113253
M008180,70.1,2,1,140.4,680.42,1,0,-0.091502
M008181,38.4,2,2,61.7,7060.52,1,0,-0.071938
M008182,53.7,1,1,59.0,6960.44,0,0,0.0
M008183,50.1,0,1,43.1,1175.74,0,0,0.0
M008184,15.9,2,2,96.3,24089.52,0,1,0.0
M008185,73.5,4,4,38.1,1271.34,1,1,-0.071359
M008186,46.2,4,1,33.5,20724.36,0,1,0.0
M008187,33.6,1,4,97.7,5095.9,1,1,-0.073313
M008188,80.9,4,2,39.9,1026.98,1,1,-0.07444
M008189,21.5,2,3,27.3,5084.48,1,1,-0.097414
M008190,46.2,1,2,43.1,6741.7,0,0,0.0
M008191,34.4,0,1,87.5,2477.97,0,0,0.0
M008192,60.2,5,2,67.1,2528.48,1,1,-0.111492
M008193,35.6,0,3,9.2,11021.65,0,1,0.0
M008194,62.0,1,4,69.8,38424.66,0,0,0.0
M008195,56.1,0,3,53.7,1274.74,1,1,-0.088107
M008196,20.4,2,4,40.1,35535.53,0,1,0.0
M008197,22.3,0,2,59.6,2067.43,0,0,0.0
M008198,76.0,4,1,65.2,14659.95,0,1,0.0
M008199,40.7,1,6,103.1,1203.58,0,0,0.0
M008200,36.3,5,4,21.2,1651.79,1,1,-0.088603
M008201,41.1,1,1,31.2,1122.37,1,0,-0.097156
M008202,51.6,4,3,36.9,2681.54,1,1,-0.089421
M008203,54.2,1,2,46.8,13075.31,0,0,0.0
M008204,66.5,2,4,94.0,53752.91,0,1,0.0
M008205,12.9,2,2,4.6,2682.0,1,1,-0.078471
M008206,76.3,2,2,133.7,3607.56,0,0,0.0
M008207,45.0,2,2,44.1,821.79,1,1,-0.111372
M008208,47.6,1,2,4.3,5370.21,0,1,0.0
M008209,6.1,1,1,62.4,308.08,1,1,-0.102486
M008210,34.2,3,1,2.3,190.38,1,0,-0.095971
M008211,27.6,3,1,44.8,986.81,1,1,-0.107256
M008212,56.9,0,3,107.8,1111.01,0,0,0.0
M008213,37.6,2,4,41.4,3165.26,0,1,0.0
M008214,53.6,5,5,56.5,3444.41,0,0,0.0
M008215,28.5,2,3,40.0,15643.68,0,0,0.0
M008216,30.4,2,2,75.4,8618.26,0,1,0.0
M008217,25.9,1,3,44.0,3624.67,0,0,0.0
M008218,86.3,2,3,34.9,12645.09,0,0,0.0
M008219,27.6,4,3,69.2,890.36,0,1,0.0
M008220,30.5,0,2,70.7,5316.32,1,0,-0.072658
M008221,53.1,1,2,70.1,13468.99,0,1,0.0
M008222,15.9,2,3,27.1,1190.46,0,1,0.0
M008223,75.5,0,1,36.5,13466.65,1,1,-0.07818
M008224,67.5,1,3,72.5,1541.42,1,0,-0.075339
M008225,61.7,0,3,40.6,5054.7,0,0,0.0
M008226,45.8,1,5,33.0,1370.12,0,0,0.0
M008227,55.2,2,1,21.4,9403.65,1,0,-0.097281
M008228,51.9,4,1,43.7,1543.68,1,1,-0.106048
M008229,36.9,2,2,38.7,2599.06,1,0,-0.09859
M008230,42.0,0,5,33.9,1247.02,0,0,0.0
M008231,35.9,0,4,166.7,3952.42,0,0,0.0
M008232,41.8,0,3,6.7,4878.43,0,1,0.0
M008233,47.4,0,1,157.9,668.47,0,0,0.0
M008234,56.8,2,5,69.1,691.78,0,0,0.0
M008235,46.7,1,3,71.0,9398.57,0,0,0.0
M008236,55.7,3,3,41.4,1407.47,0,1,0.0
M008237,71.3,1,3,137.1,476.67,1,0,-0.076268
M008238,38.2,1,1,129.1,8296.31,0,0,0.0
M008239,57.0,2,2,31.3,2096.95,0,0,0.0
M008240,53.4,2,4,99.1,6874.04,0,0,0.0
M008241,49.6,0,1,29.8,15273.01,0,0,0.0
M008242,28.2,3,4,52.5,16385.81,1,1,-0.116921
M008243,40.6,1,3,74.5,6260.58,0,0,0.0
M008244,41.7,1,2,36.8,1727.23,0,0,0.0
M008245,17.0,0,4,47.8,2632.6,0,0,0.0
M008246,59.5,4,4,16.5,123.0,1,1,-0.092833
M008247,43.7,3,4,12.3,1959.78,1,0,-0.092211
M008248,37.5,2,3,55.3,15683.42,0,0,0.0
M008249,50.8,3,3,27.7,719.16,1,1,-0.080775
M008250,31.1,1,3,67.2,3146.09,0,1,0.0
M008251,41.9,1,5,69.7,851.19,1,0,-0.048066
M008252,31.8,3,3,63.3,16781.68,0,1,0.0
M008253,27.4,4,2,106.9,3318.93,0,1,0.0
M008254,17.3,0,2,73.1,12622.92,0,0,0.0
M008255,37.5,3,2,50.7,12272.19,0,0,0.0
M008256,14.4,2,4,48.7,1365.34,1,1,-0.116178
M008257,59.5,1,2,49.5,3306.4,0,0,0.0
M008258,3.7,0,3,35.5,19600.11,0,1,0.0
M008259,50.7,1,3,103.1,2869.78,0,0,0.0
M008260,38.1,2,2,34.0,1951.33,0,1,0.0
M008261,45.9,2,3,40.2,6701.47,0,0,0.0
M008262,55.5,4,2,44.7,12710.55,1,0,-0.109322
M008263,58.1,2,2,19.9,1499.77,0,0,0.0
M008264,57.1,3,1,25.7,3942.29,0,1,0.0
M008265,70.0,0,1,26.1,20527.64,0,0,0.0
M008266,52.1,2,3,19.9,1924.72,0,0,0.0
M008267,51.5,1,2,20.6,454.0,0,0,0.0
M008268,30.9,0,4,120.2,12181.99,0,0,0.0
M008269,56.6,0,3,72.3,1230.2,0,0,0.0
M008270,36.6,1,2,42.0,11331.62,0,0,0.0
M008271,37.1,3,2,101.7,2027.69,1,1,-0.11897
M008272,26.0,2,1,55.6,1505.71,0,1,0.0
M008273,32.3,1,3,27.3,6973.68,0,0,0.0
M008274,80.3,0,3,87.2,6224.03,0,0,0.0
M008275,79.5,1,3,120.9,5213.92,0,0,0.0
M008276,10.2,2,5,93.6,2926.15,1,1,-0.114187
M008277,74.7,0,2,56.9,5481.45,0,0,0.0
M008278,31.4,0,2,18.3,3192.32,0,1,0.0
M008279,57.2,3,2,46.5,5107.97,0,1,0.0
M008280,74.9,2,3,68.7,3270.16,0,0,0.0
M008281,66.8,2,2,162.0,12510.75,0,0,0.0
M008282,53.9,2,3,36.6,1543.9,0,1,0.0
M008283,39.3,0,2,87.3,231.35,1,0,-0.106348
M008284,18.9,2,2,109.1,1081.75,1,1,-0.105521
M008285,85.9,0,1,129.6,3133.8,0,0,0.0
M008286,68.3,1,2,34.5,6897.67,0,0,0.0
M008287,46.4,0,1,87.3,4602.6,0,0,0.0
M008288,14.4,0,3,25.5,559.52,0,0,0.0
M008289,33.2,1,2,43.9,7061.03,0,1,0.0
M008290,52.3,3,1,37.3,2703.85,0,1,0.0
M008291,31.0,2,2,48.7,2107.18,0,0,0.0
M008292,8.2,1,6,46.4,2061.3,1,0,-0.096314
M008293,30.7,1,6,93.5,202.4,0,0,0.0
M008294,33.4,1,2,81.1,6826.6,0,0,0.0
M008295,30.1,2,3,67.8,5954.41,0,1,0.0
M008296,51.1,1,5,132.6,3083.34,0,1,0.0
M008297,34.4,2,4,118.5,23887.98,0,0,0.0
M008298,45.8,2,1,38.8,2938.78,0,0,0.0
M008299,8.3,1,2,26.5,861.67,1,1,-0.102608
M008300,30.3,1,1,36.3,1282.73,1,0,-0.090146
M008301,27.8,0,1,19.3,2150.4,0,0,0.0
M008302,35.2,1,2,40.5,8991.02,0,1,0.0
M008303,43.8,1,2,29.7,3002.26,0,0,0.0
M008304,34.5,2,3,70.2,3406.56,0,1,0.0
M008305,48.2,1,2,67.2,2798.61,0,0,0.0
M008306,21.1,1,1,84.6,5569.9,1,1,-0.113069
M008307,38.7,1,3,15.5,532.49,0,0,0.0
M008308,28.6,0,3,42.9,2905.91,0,0,0.0
M008309,21.2,2,2,45.1,987.97,1,1,-0.117862
M008310,21.7,1,2,57.6,1921.78,0,1,0.0
M008311,28.7,2,2,35.8,9464.98,0,0,0.0
M008312,54.1,2,2,114.6,1375.83,0,0,0.0
M008313,45.6,2,5,59.6,1171.51,0,1,0.0
M008314,35.9,0,3,27.8,1424.92,0,0,0.0
M008315,65.5,2,3,89.0,421.66,1,0,-0.085813
M008316,0.0,0,5,50.4,286.99,0,1,0.0
M008317,48.6,2,2,44.0,262.31,0,0,0.0
M008318,13.3,4,3,46.8,2612.23,0,1,0.0
M008319,30.3,0,4,32.2,1321.17,0,0,0.0
M008320,58.0,0,3,88.1,1586.42,0,0,0.0
M008321,53.8,4,1,68.8,4184.09,1,0,-0.108658
M008322,61.8,0,4,34.3,8515.8,0,1,0.0
M008323,64.3,1,1,99.1,1288.47,0,0,0.0
M008324,37.4,2,4,52.2,1417.84,0,1,0.0
M008325,41.0,2,3,55.4,15718.66,0,1,0.0
M008326,45.6,1,1,10.1,15209.4,0,0,0.0
M008327,39.1,2,6,40.3,2103.5,0,0,0.0
M008328,44.1,0,1,58.7,10691.96,0,0,0.0
M008329,47.4,1,2,24.9,916.19,1,0,-0.076645
M008330,85.4,0,4,24.1,2658.0,0,1,0.0
M008331,26.5,2,1,59.0,10373.36,0,0,0.0
M008332,66.9,1,3,62.6,17328.76,0,0,0.0
M008333,72.3,2,3,19.5,1456.83,0,0,0.0
M008334,9.4,3,3,154.2,1816.89,0,1,0.0
M008335,11.9,1,3,104.1,5010.21,1,1,-0.124169
M008336,24.9,1,4,92.1,3680.24,1,0,-0.121429
M008337,71.0,2,1,11.2,4567.5,0,0,0.0
M008338,57.3,1,1,69.2,1139.09,0,0,0.0
M008339,63.9,1,4,42.5,5085.27,0,0,0.0
M008340,52.1,0,4,24.9,1168.49,0,1,0.0
M008341,28.0,1,5,55.6,34650.24,1,0,-0.105979
M008342,50.7,4,6,26.7,1719.42,1,1,-0.106816
M008343,54.1,3,6,49.8,1170.88,1,1,-0.110347
M008344,40.8,4,1,61.5,2025.38,1,1,-0.116693
M008345,40.8,1,1,28.4,1979.63,0,0,0.0
M008346,52.8,3,1,29.1,1514.18,1,0,-0.096533
M008347,59.8,5,3,59.1,3680.38,0,1,0.0
M008348,33.9,3,1,91.3,540.42,1,1,-0.123649
M008349,35.6,0,2,20.2,1110.17,0,1,0.0
M008350,62.5,1,3,9.4,15453.28,0,0,0.0
M008351,49.1,3,4,131.2,5163.54,1,1,-0.09695
M008352,62.0,1,1,114.4,5391.54,0,0,0.0
M008353,50.0,1,1,108.1,2800.28,0,0,0.0
M008354,65.8,0,3,63.7,4682.89,0,1,0.0
M008355,59.1,2,5,20.3,9873.11,1,0,-0.070988
M008356,62.0,4,4,121.8,6711.11,0,1,0.0
M008357,62.0,5,2,63.0,2206.33,0,1,0.0
M008358,54.5,1,1,130.1,7752.17,0,0,0.0
M008359,39.6,1,1,17.0,713.53,0,0,0.0
M008360,80.9,2,1,9.4,581.28,0,1,0.0
M008361,71.9,3,4,24.1,714.68,0,1,0.0
M008362,35.2,0,4,89.0,2053.97,0,0,0.0
M008363,100.0,0,1,74.6,2496.8,0,1,0.0
M008364,46.0,0,6,33.1,11493.77,1,0,-0.072446
M008365,54.4,2,4,192.2,4088.49,0,0,0.0
M008366,55.1,3,2,76.9,3508.63,0,1,0.0
M008367,81.7,0,4,21.8,4973.75,0,0,0.0
M008368,55.8,2,2,300.0,19206.81,0,0,0.0
M008369,32.6,1,2,80.2,1964.32,1,1,-0.103801
M008370,68.9,1,4,36.5,2067.02,0,0,0.0
M008371,82.0,1,1,38.8,2273.65,0,0,0.0
M008372,88.2,1,2,69.5,2203.74,0,0,0.0
M008373,20.1,3,5,53.8,671.73,1,1,-0.103573
M008374,46.5,1,2,111.0,1047.39,0,0,0.0
M008375,68.1,3,1,76.3,3241.34,0,1,0.0
M008376,34.3,2,4,51.2,713.86,0,0,0.0
M008377,8.8,1,3,17.8,3203.56,0,1,0.0
M008378,41.8,1,1,120.1,3167.14,0,0,0.0
M008379,52.5,0,2,76.1,7100.1,0,1,0.0
M008380,51.4,0,2,37.9,5143.07,0,1,0.0
M008381,48.3,1,3,53.2,4832.41,0,1,0.0
M008382,40.7,0,3,45.5,4675.65,0,1,0.0
M008383,21.9,4,3,153.5,3103.32,1,1,-0.096442
M008384,73.2,3,1,75.5,4163.92,1,0,-0.110209
M008385,54.2,1,2,40.7,674.41,0,1,0.0
M008386,57.9,2,2,90.5,769.63,0,0,0.0
M008387,18.4,2,3,24.4,1757.11,0,1,0.0
M008388,95.7,5,2,61.4,3497.3,0,1,0.0
M008389,4.0,1,3,102.8,12125.24,0,1,0.0
M008390,35.4,0,2,22.8,2955.67,0,0,0.0
M008391,36.9,0,2,23.5,2923.84,0,0,0.0
M008392,78.1,0,5,83.7,558.79,0,0,0.0
M008393,60.8,2,1,34.9,11533.86,0,1,0.0
M008394,13.5,1,1,75.4,10525.7,0,1,0.0
M008395,61.2,0,2,34.8,2998.82,0,0,0.0
M008396,28.6,1,4,45.8,725.0,0,0,0.0
M008397,70.9,1,1,51.2,1314.15,0,0,0.0
M008398,41.7,2,2,61.5,986.58,0,0,0.0
M008399,91.3,2,4,61.0,11518.78,0,0,0.0
M008400,91.9,0,1,15.9,1416.84,0,0,0.0
M008401,47.1,3,3,78.3,796.66,1,1,-0.110295
M008402,60.6,1,3,65.2,704.66,0,0,0.0
M008403,36.3,1,4,40.6,2636.38,0,0,0.0
M008404,50.4,1,5,63.1,4388.26,0,1,0.0
M008405,42.9,1,1,7.6,2471.2,0,0,0.0
M008406,43.4,1,1,35.7,1122.72,0,1,0.0
M008407,28.9,5,2,31.7,2031.23,1,0,-0.089273
M008408,35.6,1,1,39.0,7919.8,0,0,0.0
M008409,37.4,0,2,66.5,38990.77,0,0,0.0
M008410,51.2,3,3,114.5,962.36,0,1,0.0
M008411,34.1,2,1,44.5,816.39,0,0,0.0
M008412,55.1,1,6,149.0,2589.01,0,0,0.0
M008413,27.1,1,5,33.5,1987.6,0,0,0.0
M008414,30.8,1,1,29.6,4807.66,0,1,0.0
M008415,66.1,3,1,77.1,1333.2,0,1,0.0
M008416,36.2,3,2,46.1,1994.62,1,1,-0.102752
M008417,22.3,2,2,12.1,8900.48,1,1,-0.095843
M008418,31.3,1,1,43.5,404.01,1,0,-0.074414
M008419,32.8,2,1,120.7,6369.06,0,1,0.0
M008420,40.1,3,5,57.4,1882.27,0,1,0.0
M008421,33.0,1,4,31.1,4601.94,0,1,0.0
M008422,35.7,5,3,98.6,3698.1,0,0,0.0
M008423,4.5,4,1,25.0,4590.89,1,1,-0.087735
M008424,17.0,2,3,122.3,2469.68,0,0,0.0
M008425,32.8,3,5,17.3,1837.26,1,0,-0.124087
M008426,31.2,0,1,40.2,29906.63,0,1,0.0
M008427,42.3,3,1,8.3,3083.47,0,0,0.0
M008428,14.6,0,2,126.5,1379.66,0,1,0.0
M008429,75.4,2,2,21.5,5536.98,0,0,0.0
M008430,22.1,2,2,32.0,7600.21,0,0,0.0
M008431,49.9,1,2,90.1,2261.02,0,0,0.0
M008432,78.1,1,5,46.8,8637.48,0,1,0.0
M008433,16.8,1,3,33.3,8106.97,1,1,-0.106394
M008434,37.0,0,4,51.9,923.81,0,0,0.0
M008435,0.0,2,2,77.5,543.91,0,1,0.0
M008436,81.1,1,2,93.3,2199.55,0,0,0.0
M008437,54.7,2,1,26.6,2142.23,0,0,0.0
M008438,48.6,2,1,17.1,6604.9,0,0,0.0
M008439,64.0,0,1,82.7,7510.3,0,1,0.0
M008440,2.5,1,1,58.9,585.01,0,0,0.0
M008441,92.8,1,4,21.4,3412.36,0,0,0.0
M008442,50.0,3,1,35.8,9328.02,1,1,-0.113864
M008443,34.8,2,2,34.1,3610.82,0,1,0.0
M008444,37.2,1,4,10.2,10039.96,0,0,0.0
M008445,36.6,2,6,58.2,4302.84,0,0,0.0
M008446,24.2,1,3,120.7,8822.89,1,1,-0.086799
M008447,51.8,1,1,70.5,17122.02,0,0,0.0
M008448,28.0,2,3,92.4,3605.62,0,1,0.0
M008449,5.2,1,1,37.1,2006.32,0,1,0.0
M008450,50.0,0,2,20.0,2598.65,0,1,0.0
M008451,56.2,1,2,34.9,7745.79,1,0,-0.092419
M008452,71.0,1,2,91.2,819.08,0,1,0.0
M008453,37.0,1,3,136.7,21240.47,0,0,0.0
M008454,13.5,2,6,87.7,2514.67,0,1,0.0
M008455,42.6,3,1,123.4,40959.96,1,0,-0.106674
M008456,14.2,1,4,130.9,2110.08,0,1,0.0
M008457,55.5,0,1,57.5,15750.55,0,1,0.0
M008458,32.4,1,3,89.8,1617.08,0,0,0.0
M008459,54.7,1,1,9.3,11640.71,0,1,0.0
M008460,26.2,3,1,97.5,3930.1,1,1,-0.103487
M008461,13.8,0,1,114.7,2987.4,0,0,0.0
M008462,52.7,0,4,51.2,1892.41,1,0,-0.092439
M008463,28.2,1,3,53.5,1952.28,0,1,0.0
M008464,29.6,1,2,61.0,3351.67,1,0,-0.080534
M008465,59.9,2,1,90.6,4008.14,1,0,-0.102982
M008466,65.4,1,1,73.2,1492.02,1,1,-0.111151
M008467,47.6,0,3,136.9,9576.1,0,0,0.0
M008468,28.5,2,2,33.4,1037.17,0,1,0.0
M008469,52.8,4,3,102.1,1855.39,0,1,0.0
M008470,63.5,1,6,19.7,2541.92,0,1,0.0
M008471,43.3,2,2,77.2,1623.15,0,1,0.0
M008472,48.4,0,2,11.9,11616.34,0,0,0.0
M008473,31.0,1,1,34.0,588.46,0,0,0.0
M008474,45.5,2,3,63.9,2605.82,0,0,0.0
M008475,3.8,3,2,50.1,1430.88,0,1,0.0
M008476,61.3,2,3,31.0,5044.39,1,1,-0.10614
M008477,35.2,1,1,156.3,1497.28,0,1,0.0
M008478,46.3,1,2,143.6,951.2,0,0,0.0
M008479,27.9,1,2,105.5,2364.06,0,1,0.0
M008480,51.1,1,1,106.2,4265.54,0,0,0.0
M008481,58.2,0,5,19.1,1688.96,0,1,0.0
M008482,72.7,2,1,82.7,2700.84,0,1,0.0
M008483,73.2,4,2,144.9,3300.02,1,1,-0.117112
M008484,38.0,0,1,111.6,2230.22,1,0,-0.103836
M008485,6.5,1,1,19.0,3916.58,0,1,0.0
M008486,17.6,1,4,11.1,2361.0,1,0,-0.100236
M008487,41.9,1,2,41.1,1723.33,0,0,0.0
M008488,62.2,1,4,90.3,1953.87,0,0,0.0
M008489,69.7,3,3,61.7,2124.83,0,0,0.0
M008490,7.8,0,5,43.3,2556.89,0,0,0.0
M008491,60.5,0,2,94.2,2142.97,0,0,0.0
M008492,44.7,0,2,90.7,4542.68,0,1,0.0
M008493,39.5,2,2,34.9,3192.52,0,0,0.0
M008494,75.8,1,2,119.6,1390.75,0,1,0.0
M008495,50.1,1,3,59.5,3505.53,0,0,0.0
M008496,50.8,2,3,28.1,3372.87,0,0,0.0
M008497,37.3,2,3,90.3,1741.16,1,0,-0.067074
M008498,45.5,1,4,63.7,9002.05,0,0,0.0
M008499,42.3,2,4,50.2,2291.57,0,0,0.0
M008500,34.0,3,3,41.2,5398.15,1,1,-0.088832
M008501,46.6,2,2,27.3,875.19,0,1,0.0
M008502,39.0,1,5,104.0,3410.0,0,1,0.0
M008503,18.5,3,3,42.5,3491.3,0,0,0.0
M008504,55.8,1,1,150.5,3654.84,0,0,0.0
M008505,60.4,1,3,46.3,790.32,1,0,-0.073809
M008506,0.0,4,1,67.4,718.63,1,0,-0.110919
M008507,45.3,3,4,134.4,4582.78,0,1,0.0
M008508,58.1,3,1,109.6,2632.78,1,1,-0.123252
M008509,46.3,1,5,15.1,950.84,0,0,0.0
M008510,40.8,3,2,20.4,904.97,1,1,-0.092584
M008511,43.7,2,5,134.4,755.29,0,1,0.0
M008512,76.2,3,1,39.5,2008.26,1,0,-0.116207
M008513,49.3,2,2,31.2,6366.52,0,1,0.0
M008514,100.0,1,1,25.9,6177.89,0,0,0.0
M008515,60.6,0,5,46.5,1549.79,0,1,0.0
M008516,44.9,0,4,43.7,44873.53,0,0,0.0
M008517,70.5,1,4,162.5,413.38,0,0,0.0
M008518,59.9,1,3,69.6,1811.07,0,0,0.0
M008519,45.2,2,2,38.1,9714.77,0,1,0.0
M008520,8.9,0,1,31.5,5256.38,0,0,0.0
M008521,26.9,1,2,190.7,12168.95,0,1,0.0
M008522,70.7,2,3,28.0,1464.99,1,0,-0.10278
M008523,41.2,1,4,89.8,2649.2,0,0,0.0
M008524,49.9,1,3,37.1,1585.38,0,1,0.0
M008525,60.5,1,2,143.9,3876.9,0,1,0.0
M008526,70.0,1,3,53.7,4410.83,0,0,0.0
M008527,16.2,3,1,46.8,2154.26,1,1,-0.110434
M008528,54.1,2,4,177.8,4875.72,0,0,0.0
M008529,10.6,1,3,100.4,2677.87,1,0,-0.104371
M008530,29.3,2,4,45.6,11435.53,0,0,0.0
M008531,48.6,2,2,37.3,6225.87,1,0,-0.080311
M008532,59.0,0,2,21.1,2618.21,0,0,0.0
M008533,39.1,0,1,30.9,772.83,0,0,0.0
M008534,79.3,1,1,107.8,4278.21,0,0,0.0
M008535,74.7,4,5,45.3,605.19,0,1,0.0
M008536,30.2,0,2,63.2,14430.12,0,1,0.0
M008537,47.1,2,1,110.0,785.72,0,0,0.0
M008538,98.4,1,1,58.4,973.69,0,0,0.0
M008539,44.3,2,2,86.4,3075.59,0,1,0.0
M008540,37.5,1,3,82.2,2916.63,0,0,0.0
M008541,42.0,1,5,40.1,271.4,0,0,0.0
M008542,29.3,1,4,17.0,7912.6,0,0,0.0
M008543,37.0,1,3,73.3,9000.72,0,0,0.0
M008544,33.3,1,4,136.8,1462.28,0,0,0.0
M008545,82.1,1,1,117.4,3495.84,1,0,-0.068967
M008546,43.2,2,1,19.9,7914.82,0,0,0.0
M008547,13.6,0,3,18.8,3250.86,0,0,0.0
M008548,39.9,5,2,187.7,5506.26,1,0,-0.114306
M008549,41.6,1,2,26.9,1729.13,0,0,0.0
M008550,46.5,0,4,47.7,5263.29,0,0,0.0
M008551,32.4,2,4,20.9,3268.92,0,1,0.0
M008552,39.4,5,3,134.7,9674.66,0,1,0.0
M008553,27.2,3,5,53.2,9516.49,0,1,0.0
M008554,44.8,2,3,47.0,4891.07,0,0,0.0
M008555,24.7,0,2,119.0,1655.08,0,0,0.0
M008556,56.7,1,5,6.9,3110.53,0,0,0.0
M008557,25.8,0,1,23.6,27097.5,0,1,0.0
M008558,55.7,0,3,39.3,609.4,0,0,0.0
M008559,53.2,1,2,40.6,922.03,1,0,-0.085321
M008560,22.0,3,1,12.2,4129.67,1,0,-0.116255
M008561,82.2,1,1,27.3,780.31,0,0,0.0
M008562,69.5,1,1,41.5,1161.0,0,0,0.0
M008563,49.4,1,4,18.9,2954.73,0,0,0.0
M008564,31.6,1,3,16.6,2898.12,0,0,0.0
M008565,50.4,0,3,36.9,3405.06,0,1,0.0
M008566,56.3,2,2,51.0,7824.06,0,0,0.0
M008567,62.5,1,2,25.1,1692.22,0,0,0.0
M008568,20.8,1,2,60.3,10385.19,0,1,0.0
M008569,43.7,2,2,22.6,4493.79,0,0,0.0
M008570,46.0,5,3,39.8,8323.71,1,1,-0.109598
M008571,43.6,1,2,104.0,786.02,0,0,0.0
M008572,72.7,1,1,80.0,6862.51,0,0,0.0
M008573,31.9,1,1,54.3,4053.71,1,0,-0.084798
M008574,38.5,3,2,12.9,938.66,0,1,0.0
M008575,45.3,0,5,62.3,1034.23,0,1,0.0
M008576,83.6,2,6,37.2,227.05,0,0,0.0
M008577,33.6,2,4,187.4,5221.48,0,0,0.0
M008578,30.5,2,3,56.4,3705.97,0,0,0.0
M008579,43.2,4,5,84.7,498.56,1,1,-0.124081
M008580,48.9,0,2,33.7,3263.45,0,0,0.0
M008581,14.2,0,1,99.8,2557.84,0,0,0.0
M008582,33.0,4,1,19.9,37532.35,1,1,-0.079135
M008583,0.0,3,3,64.1,10117.69,1,1,-0.108127
M008584,27.7,3,1,49.4,67555.74,0,0,0.0
M008585,63.1,1,6,56.4,9129.24,0,0,0.0
M008586,65.9,3,3,121.3,1879.21,0,1,0.0
M008587,48.9,2,5,121.8,4869.49,0,0,0.0
M008588,30.6,3,2,70.0,8335.91,0,0,0.0
M008589,14.2,4,3,19.4,724.21,1,1,-0.094384
M008590,82.1,0,5,73.4,3263.89,0,0,0.0
M008591,8.3,1,1,53.1,5512.32,0,1,0.0
M008592,40.6,3,4,110.6,2009.01,1,0,-0.124305
M008593,54.7,1,1,30.8,4164.87,0,0,0.0
M008594,43.2,1,1,46.4,5322.84,1,1,-0.091025
M008595,26.5,2,2,56.8,25747.95,0,1,0.0
M008596,11.8,0,3,15.8,5299.5,0,1,0.0
M008597,44.5,3,2,19.6,2757.79,1,1,-0.097885
M008598,34.7,2,3,90.9,969.85,0,0,0.0
M008599,34.1,2,2,94.6,6696.91,0,0,0.0
M008600,19.9,3,2,40.1,1837.85,0,1,0.0
M008601,32.0,3,5,104.6,2394.24,1,1,-0.091143
M008602,51.1,0,2,30.1,4508.85,0,1,0.0
M008603,57.4,3,1,15.8,1352.75,1,0,-0.100029
M008604,44.0,2,1,36.9,5169.04,0,0,0.0
M008605,59.8,2,1,54.5,16822.01,0,0,0.0
M008606,48.5,2,4,84.1,4254.72,0,0,0.0
M008607,44.6,1,1,211.6,14843.85,0,0,0.0
M008608,66.6,2,5,60.6,938.17,0,0,0.0
M008609,74.1,0,3,57.5,1559.07,0,1,0.0
M008610,83.0,2,1,98.8,32411.07,0,0,0.0
M008611,45.3,2,4,107.7,9616.32,1,0,-0.069878
M008612,41.8,2,3,10.6,5667.67,0,1,0.0
M008613,26.2,3,2,139.7,5919.02,0,1,0.0
M008614,29.0,2,4,5.2,3979.28,0,1,0.0
M008615,64.4,1,2,57.1,421.49,0,0,0.0
M008616,63.2,2,1,56.7,1425.59,1,0,-0.08746
M008617,62.3,2,4,25.4,7870.47,0,0,0.0
M008618,27.2,0,2,45.4,11541.73,1,0,-0.105583
M008619,41.5,0,3,50.9,1583.31,0,1,0.0
M008620,59.8,1,6,168.5,2183.23,0,0,0.0
M008621,37.6,3,5,2.2,2819.36,1,1,-0.087392
M008622,33.7,2,4,14.4,3858.62,0,0,0.0
M008623,51.9,2,4,19.5,2304.17,0,0,0.0
M008624,44.9,1,1,61.6,20732.34,0,0,0.0
M008625,13.9,1,1,62.5,31095.13,0,0,0.0
M008626,28.0,4,1,49.6,1365.25,0,1,0.0
M008627,46.9,1,1,166.9,5042.83,0,0,0.0
M008628,60.4,0,3,78.7,572.71,0,0,0.0
M008629,35.1,1,5,122.3,2065.98,0,1,0.0
M008630,23.9,1,1,72.7,1157.97,1,1,-0.085501
M008631,8.7,0,1,28.6,2225.57,0,1,0.0
M008632,20.9,1,1,47.2,681.69,1,0,-0.080276
M008633,32.6,1,2,292.7,3198.6,0,0,0.0
M008634,36.6,1,4,72.7,3365.69,0,0,0.0
M008635,17.3,2,1,25.5,185.38,1,1,-0.069116
M008636,6.6,2,4,104.0,2470.86,0,0,0.0
M008637,55.2,1,1,59.0,2364.84,0,0,0.0
M008638,25.6,1,5,57.4,6326.15,0,0,0.0
M008639,46.2,2,4,17.1,5171.41,0,0,0.0
M008640,14.1,1,4,20.0,20396.43,1,0,-0.072533
M008641,69.7,2,2,70.0,3165.88,0,1,0.0
M008642,33.1,1,4,61.8,2105.3,0,0,0.0
M008643,21.2,2,1,71.5,1335.01,1,0,-0.106314
M008644,43.2,1,4,89.2,1447.92,0,0,0.0
M008645,51.3,1,2,137.7,2780.03,0,0,0.0
M008646,38.7,1,3,18.6,2532.74,0,0,0.0
M008647,55.2,1,2,59.6,937.84,0,0,0.0
M008648,26.9,2,5,32.1,2750.06,1,0,-0.103416
M008649,47.0,2,1,35.7,21453.1,0,0,0.0
M008650,13.3,4,2,44.9,3186.09,0,1,0.0
M008651,38.4,3,4,16.8,412.05,1,0,-0.102057
M008652,31.1,2,3,54.1,8028.57,0,0,0.0
M008653,27.9,1,4,26.7,1054.63,0,0,0.0
M008654,63.7,3,1,25.2,4733.17,0,1,0.0
M008655,55.3,0,3,61.6,7046.72,0,1,0.0
M008656,81.4,3,3,43.4,1979.76,1,1,-0.101408
M008657,77.9,2,2,66.2,1753.87,0,0,0.0
M008658,37.9,0,1,74.8,14980.41,0,0,0.0
M008659,76.7,3,1,62.2,1132.59,1,1,-0.10225
M008660,43.4,3,1,31.2,400.79,1,1,-0.102266
M008661,64.7,3,3,165.3,2234.08,0,1,0.0
M008662,45.0,0,2,34.2,15719.21,0,1,0.0
M008663,58.7,2,2,63.0,2389.56,0,1,0.0
M008664,23.6,3,2,39.3,4871.25,0,1,0.0
M008665,36.8,3,5,70.8,7196.3,0,1,0.0
M008666,67.8,1,4,90.6,3099.22,0,0,0.0
M008667,29.3,1,2,71.7,1143.89,0,0,0.0
M008668,54.0,0,3,79.0,1215.24,0,0,0.0
M008669,57.4,3,1,9.9,3681.37,1,1,-0.073032
M008670,50.0,0,4,111.0,1141.76,0,0,0.0
M008671,49.7,2,2,254.1,4842.1,0,0,0.0
M008672,45.6,2,1,32.3,8689.97,0,1,0.0
M008673,16.4,3,2,46.5,787.56,0,1,0.0
M008674,60.7,2,1,49.2,16826.58,0,1,0.0
M008675,54.0,5,2,19.3,2725.95,0,1,0.0
M008676,10.2,0,6,134.4,2783.66,0,0,0.0
M008677,86.6,1,1,41.1,720.69,0,0,0.0
M008678,55.0,2,1,25.1,2147.03,1,0,-0.121709
M008679,46.7,1,1,41.2,1066.74,0,0,0.0
M008680,24.7,2,3,49.2,3207.03,0,1,0.0
M008681,39.4,1,3,115.7,14848.77,0,1,0.0
M008682,43.9,1,3,59.6,1373.46,0,0,0.0
M008683,43.6,2,4,26.0,3100.78,0,0,0.0
M008684,40.0,1,3,47.9,998.21,0,0,0.0
M008685,15.8,3,2,36.4,2866.64,1,1,-0.087827
M008686,17.5,1,4,79.3,655.42,0,1,0.0
M008687,30.6,2,1,21.8,7369.93,0,0,0.0
M008688,46.0,5,4,175.4,5152.35,1,0,-0.122061
M008689,29.8,0,6,26.0,5735.38,1,0,-0.069586
M008690,78.9,0,4,75.1,631.46,0,1,0.0
M008691,49.4,0,1,45.1,1417.28,1,0,-0.082356
M008692,54.2,1,1,93.8,3806.85,0,0,0.0
M008693,0.0,2,4,9.5,7075.82,1,1,-0.07264
M008694,27.3,1,2,106.6,4458.79,0,0,0.0
M008695,59.3,1,3,25.1,1694.87,0,0,0.0
M008696,37.3,4,2,62.1,2363.44,1,0,-0.097981
M008697,70.2,0,3,71.6,3525.63,0,1,0.0
M008698,0.8,1,1,70.6,6468.67,1,1,-0.090701
M008699,52.7,1,1,5.6,4429.1,0,1,0.0
M008700,3.7,4,1,32.7,1632.63,1,0,-0.098512
M008701,74.0,2,1,31.4,6906.37,1,0,-0.097506
M008702,37.6,5,4,30.4,13124.47,1,0,-0.110011
M008703,30.1,2,2,60.2,4781.51,0,0,0.0
M008704,33.1,2,2,31.4,19029.35,1,0,-0.119835
M008705,56.1,0,3,21.8,795.59,0,1,0.0
M008706,51.3,2,2,119.0,1175.88,0,0,0.0
M008707,62.4,1,3,19.9,1669.78,0,0,0.0
M008708,53.2,0,2,87.7,5038.14,0,0,0.0
M008709,33.7,1,5,91.9,2069.81,0,1,0.0
M008710,28.9,2,3,57.9,654.49,1,0,-0.092421
M008711,45.7,0,1,33.1,1789.79,1,0,-0.115517
M008712,52.6,4,1,19.9,8191.89,1,0,-0.108828
M008713,39.4,2,3,92.8,5681.73,0,1,0.0
M008714,29.1,2,1,14.6,683.53,0,1,0.0
M008715,64.1,2,1,69.6,2969.09,0,0,0.0
M008716,37.1,0,2,53.9,2052.66,0,0,0.0
M008717,51.8,3,2,91.8,5749.99,1,1,-0.106474
M008718,65.6,0,3,74.7,5188.07,0,0,0.0
M008719,64.5,5,5,8.9,1335.26,0,1,0.0
M008720,36.6,1,1,58.2,4120.41,0,0,0.0
M008721,49.5,1,1,89.1,684.49,1,1,-0.117678
M008722,45.0,2,3,52.2,2278.03,0,0,0.0
M008723,46.4,0,1,74.3,2640.93,0,0,0.0
M008724,26.3,5,1,72.0,1263.34,1,1,-0.122465
M008725,30.6,1,1,33.6,3030.01,0,0,0.0
M008726,70.7,3,1,158.6,10670.76,0,1,0.0
M008727,10.1,2,2,102.4,1290.72,1,1,-0.12128
M008728,62.0,1,4,57.4,1116.42,0,1,0.0
M008729,14.1,2,3,106.6,401.28,0,1,0.0
M008730,36.2,1,1,9.5,2391.46,0,0,0.0
M008731,21.7,1,3,38.7,3509.86,0,1,0.0
M008732,34.7,3,6,35.5,6065.25,0,1,0.0
M008733,38.0,0,4,34.9,8418.4,0,0,0.0
M008734,0.3,3,1,109.5,2430.4,0,0,0.0
M008735,30.9,0,4,63.5,2159.19,0,0,0.0
M008736,37.1,1,3,7.4,16701.94,0,0,0.0
M008737,44.5,3,3,94.3,22450.76,0,0,0.0
M008738,20.7,5,4,62.0,4244.0,0,0,0.0
M008739,20.6,1,3,76.1,773.15,0,0,0.0
M008740,17.0,1,4,36.8,6394.87,0,1,0.0
M008741,60.0,1,2,111.5,2997.58,0,0,0.0
M008742,38.2,5,2,51.6,3060.25,0,1,0.0
M008743,29.9,0,5,36.6,885.13,0,0,0.0
M008744,0.0,3,2,19.1,11215.05,1,0,-0.116372
M008745,84.9,4,1,3.9,1262.26,1,1,-0.108152
M008746,21.4,2,1,37.6,1075.92,1,0,-0.099644
M008747,47.3,0,3,20.2,356.31,0,0,0.0
M008748,18.3,1,1,88.4,3996.25,1,0,-0.121505
M008749,33.7,5,2,74.5,10421.49,0,1,0.0
M008750,43.6,1,4,36.2,2673.61,0,0,0.0
M008751,64.2,3,1,72.1,341.19,1,1,-0.106909
M008752,41.4,0,5,75.3,1194.81,0,1,0.0
M008753,32.4,0,2,8.0,18507.51,0,0,0.0
M008754,27.1,2,1,5.9,11013.97,0,0,0.0
M008755,28.7,2,2,47.2,6695.66,0,1,0.0
M008756,45.9,3,6,34.3,4462.13,0,1,0.0
M008757,72.6,3,3,62.0,4225.11,1,1,-0.089979
M008758,25.7,3,3,83.7,3442.45,1,1,-0.109904
M008759,26.6,2,2,187.6,4093.13,1,0,-0.069518
M008760,35.9,5,2,5.7,17791.29,1,1,-0.083528
M008761,63.1,3,2,173.4,4596.52,1,1,-0.124143
M008762,39.1,1,2,54.2,1369.21,1,1,-0.071007
M008763,19.1,1,2,37.6,10923.53,0,1,0.0
M008764,68.7,1,1,30.7,8065.72,0,0,0.0
M008765,11.3,1,4,33.1,22448.86,1,1,-0.095076
M008766,17.4,1,4,22.9,2305.19,0,0,0.0
M008767,19.4,0,6,131.3,8955.8,0,0,0.0
M008768,23.9,3,3,43.6,4454.39,1,0,-0.083952
M008769,19.7,2,1,16.2,20004.25,0,1,0.0
M008770,17.8,1,1,9.1,2637.78,1,1,-0.079387
M008771,66.0,5,4,58.1,3282.22,0,1,0.0
M008772,36.4,2,1,50.9,1667.19,0,0,0.0
M008773,28.0,1,2,39.5,3238.33,0,0,0.0
M008774,52.1,1,2,35.8,666.58,0,0,0.0
M008775,10.4,3,1,36.3,2055.64,0,1,0.0
M008776,67.0,3,2,42.3,1761.63,1,0,-0.121819
M008777,31.9,3,1,75.8,818.53,1,0,-0.118856
M008778,17.7,1,5,38.9,3803.35,1,1,-0.100255
M008779,50.8,3,4,49.6,1363.36,1,0,-0.095939
M008780,48.7,3,2,47.7,1490.14,0,1,0.0
M008781,96.8,1,3,36.5,73308.16,0,1,0.0
M008782,57.6,1,1,71.3,881.45,0,1,0.0
M008783,37.0,1,3,87.5,5768.82,0,1,0.0
M008784,68.4,3,3,34.7,1967.56,0,1,0.0
M008785,48.5,1,2,72.8,26913.94,0,0,0.0
M008786,30.5,2,4,22.6,13550.77,0,0,0.0
M008787,18.3,1,5,63.6,2074.87,1,1,-0.089138
M008788,57.9,5,1,95.3,1852.01,1,0,-0.092976
M008789,28.9,1,2,67.8,1214.55,1,0,-0.084456
M008790,54.2,1,2,64.4,2971.59,0,0,0.0
M008791,45.7,3,1,33.7,329.47,0,0,0.0
M008792,65.5,0,2,9.1,3628.66,0,0,0.0
M008793,9.0,1,4,40.1,1805.53,1,1,-0.101289
M008794,78.5,1,3,29.6,1725.64,0,1,0.0
M008795,39.1,1,2,88.1,1937.54,0,0,0.0
M008796,51.6,2,2,71.0,10816.28,0,1,0.0
M008797,22.5,4,2,35.0,4230.8,1,1,-0.066554
M008798,23.9,2,5,39.5,3379.96,0,0,0.0
M008799,35.8,3,4,48.9,2976.23,0,1,0.0
M008800,62.2,5,2,59.4,1647.49,0,1,0.0
M008801,45.8,1,2,66.2,10759.0,1,0,-0.097581
M008802,42.7,2,3,70.9,6336.27,0,0,0.0
M008803,30.0,2,3,58.1,1103.02,0,0,0.0
M008804,52.7,2,4,58.7,1849.62,0,0,0.0
M008805,19.7,2,5,25.6,1039.65,1,1,-0.105061
M008806,58.3,0,1,60.2,788.08,0,0,0.0
M008807,28.5,2,3,116.6,11417.19,1,0,-0.08296
M008808,64.0,2,3,23.8,1344.28,0,0,0.0
M008809,54.0,2,3,55.0,481.97,0,1,0.0
M008810,36.5,0,1,88.6,1483.42,1,0,-0.07922
M008811,57.2,0,1,21.5,345.26,0,1,0.0
M008812,64.1,2,2,3.7,8757.62,1,0,-0.097703
M008813,32.2,1,2,103.8,20034.5,1,1,-0.074459
M008814,22.9,1,2,42.8,1771.99,1,0,-0.120987
M008815,55.5,0,5,134.1,2210.05,0,1,0.0
M008816,8.8,2,3,122.5,621.42,0,1,0.0
M008817,38.6,1,2,78.6,2769.3,0,0,0.0
M008818,55.8,3,3,25.1,6645.76,1,1,-0.122737
M008819,20.1,1,3,55.7,26435.55,0,1,0.0
M008820,42.0,2,4,41.4,1772.78,0,1,0.0
M008821,55.7,0,3,53.4,7527.54,1,0,-0.081821
M008822,42.7,1,2,64.6,12648.43,0,0,0.0
M008823,45.8,1,1,93.0,1518.07,0,0,0.0
M008824,81.3,4,2,17.4,100289.82,1,0,-0.096775
M008825,47.0,1,1,41.3,745.65,0,0,0.0
M008826,49.0,2,1,83.5,1430.32,0,1,0.0
M008827,42.9,2,4,149.2,2341.18,1,1,-0.078871
M008828,51.3,3,3,133.3,29205.59,1,0,-0.124162
M008829,45.1,2,4,109.0,1083.24,0,0,0.0
M008830,72.2,1,6,34.8,266.35,0,1,0.0
M008831,74.9,0,1,43.9,9464.96,0,0,0.0
M008832,57.7,4,4,24.2,757.48,0,1,0.0
M008833,52.4,5,2,33.6,3104.99,0,0,0.0
M008834,44.6,2,1,157.2,445.81,0,0,0.0
M008835,85.9,1,2,80.7,23038.26,1,1,-0.114948
M008836,36.4,2,1,35.2,20172.12,0,0,0.0
M008837,63.6,2,1,100.9,21001.73,0,0,0.0
M008838,78.1,2,2,59.7,2140.06,0,0,0.0
M008839,70.1,1,2,43.5,5070.57,0,0,0.0
M008840,65.0,2,2,40.2,6411.94,0,0,0.0
M008841,24.6,0,3,10.5,22032.12,0,0,0.0
M008842,61.6,4,1,9.9,3810.51,1,1,-0.095863
M008843,49.2,2,3,80.9,7527.46,0,1,0.0
M008844,43.1,4,3,44.0,226.81,0,0,0.0
M008845,51.7,2,2,26.0,3149.56,0,0,0.0
M008846,63.1,0,2,42.6,885.5,0,0,0.0
M008847,45.3,0,2,86.8,2273.7,0,0,0.0
M008848,47.1,0,2,91.5,1879.42,0,0,0.0
M008849,44.1,0,2,46.0,4551.27,1,1,-0.100817
M008850,37.5,2,4,38.6,2899.99,0,0,0.0
M008851,41.9,1,4,68.7,6652.82,0,1,0.0
M008852,73.0,0,3,13.7,3617.08,0,0,0.0
M008853,52.2,2,1,128.0,7020.96,0,1,0.0
M008854,37.4,1,4,135.2,1600.78,0,0,0.0
M008855,41.2,0,2,15.4,3031.07,0,0,0.0
M008856,60.5,0,2,33.0,2969.39,0,1,0.0
M008857,38.3,3,1,157.1,1823.53,0,1,0.0
M008858,50.3,1,2,25.4,2381.86,0,1,0.0
M008859,62.2,1,4,86.3,7266.42,0,0,0.0
M008860,47.9,1,2,11.4,4492.27,0,0,0.0
M008861,49.5,2,5,51.8,2174.9,0,0,0.0
M008862,79.8,1,4,97.4,4076.85,0,1,0.0
M008863,30.4,0,3,31.3,3970.4,0,1,0.0
M008864,40.4,2,2,27.4,13837.44,0,1,0.0
M008865,41.6,2,1,80.6,28393.25,0,0,0.0
M008866,77.4,0,1,56.6,3561.08,0,1,0.0
M008867,51.2,0,3,108.8,1790.84,0,0,0.0
M008868,38.9,1,2,19.0,1055.92,0,1,0.0
M008869,54.2,1,4,66.9,1836.45,0,1,0.0
M008870,58.5,1,1,27.9,2290.91,0,0,0.0
M008871,13.7,3,2,74.0,5266.78,0,1,0.0
M008872,2.5,0,2,66.9,6311.87,1,1,-0.103456
M008873,71.4,0,4,25.0,12076.46,0,1,0.0
M008874,44.2,0,3,115.6,10324.12,1,0,-0.097302
M008875,60.6,0,2,31.2,8216.16,0,1,0.0
M008876,57.7,1,2,38.8,571.83,0,0,0.0
M008877,77.8,2,1,56.5,5774.71,1,0,-0.107337
M008878,53.1,2,5,50.7,539.15,0,0,0.0
M008879,40.5,1,2,59.2,6317.67,0,1,0.0
M008880,0.0,3,3,5.6,1116.92,0,1,0.0
M008881,53.4,5,5,49.8,657.24,1,1,-0.100162
M008882,58.6,1,2,70.6,2725.33,0,0,0.0
M008883,43.2,0,1,93.3,12393.94,0,1,0.0
M008884,31.5,0,3,60.3,2609.73,1,0,-0.086585
M008885,21.2,1,3,28.7,1202.98,1,0,-0.118233
M008886,51.7,2,1,117.5,785.06,0,0,0.0
M008887,45.4,1,1,57.4,2747.61,0,0,0.0
M008888,65.8,1,1,171.7,2444.37,1,0,-0.07468
M008889,3.0,2,2,10.8,21399.96,0,0,0.0
M008890,74.9,2,2,33.4,3710.84,1,1,-0.100653
M008891,32.9,2,4,75.7,9225.39,0,0,0.0
M008892,61.3,1,1,82.5,55788.78,1,0,-0.10335
M008893,48.4,2,3,103.9,13827.95,0,0,0.0
M008894,38.8,3,1,57.5,392.19,1,1,-0.124062
M008895,23.7,1,1,94.0,1431.14,1,1,-0.122361
M008896,70.3,2,1,90.0,537.01,0,0,0.0
M008897,66.6,4,1,51.2,2428.19,0,1,0.0
M008898,38.0,2,5,97.0,222.56,0,0,0.0
M008899,38.9,0,1,39.1,10543.06,0,1,0.0
M008900,22.7,3,2,11.8,6275.99,0,1,0.0
M008901,54.9,3,3,33.6,4788.76,0,0,0.0
M008902,27.2,1,1,114.5,2418.96,0,0,0.0
M008903,14.9,3,5,6.9,14826.38,0,0,0.0
M008904,82.1,2,5,57.7,2475.45,0,0,0.0
M008905,57.2,3,4,25.8,1400.98,1,0,-0.124043
M008906,15.7,2,3,61.4,1474.8,1,1,-0.117201
M008907,69.5,1,3,13.1,54458.52,0,0,0.0
M008908,49.6,2,1,13.7,11516.52,0,1,0.0
M008909,41.4,3,4,39.2,9173.76,0,0,0.0
M008910,41.6,0,3,48.7,1933.47,0,0,0.0
M008911,45.1,1,3,72.3,5123.79,0,0,0.0
M008912,13.1,1,5,34.8,948.18,0,1,0.0
M008913,59.7,0,3,109.7,1905.82,0,0,0.0
M008914,41.6,1,2,81.2,7164.51,0,0,0.0
M008915,23.2,2,6,62.0,932.41,0,1,0.0
M008916,38.2,1,3,183.0,8675.57,0,0,0.0
M008917,47.4,0,5,95.8,2880.66,0,0,0.0
M008918,20.8,1,1,75.9,760.46,0,0,0.0
M008919,33.5,2,4,41.8,5167.57,0,1,0.0
M008920,56.0,0,2,41.0,16783.78,0,0,0.0
M008921,45.2,1,2,16.6,1503.16,0,0,0.0
M008922,92.3,1,1,101.8,2889.83,0,0,0.0
M008923,17.9,1,5,26.1,15389.95,1,1,-0.097877
M008924,65.6,4,5,62.9,3610.48,0,1,0.0
M008925,0.5,2,3,97.9,6160.96,0,1,0.0
M008926,35.2,3,3,59.9,12608.61,1,1,-0.097863
M008927,40.7,4,2,65.5,4177.27,1,0,-0.114651
M008928,0.0,0,3,46.1,920.09,0,0,0.0
M008929,41.2,5,1,75.5,493.38,1,0,-0.100311
M008930,41.0,1,1,50.2,3708.01,1,0,-0.080514
M008931,85.5,1,4,37.5,2300.09,1,0,-0.085882
M008932,30.7,2,3,75.9,688.0,0,0,0.0
M008933,62.9,3,4,47.1,1151.35,0,0,0.0
M008934,28.9,2,2,4.1,1074.01,0,0,0.0
M008935,39.0,3,3,46.5,2518.13,1,1,-0.091904
M008936,18.6,3,1,43.1,4317.11,1,1,-0.105898
M008937,29.0,1,2,185.3,651.46,1,0,-0.067073
M008938,43.0,0,3,13.0,3164.48,1,0,-0.078475
M008939,6.9,1,2,32.7,1218.27,1,1,-0.079623
M008940,48.4,0,1,87.9,6934.24,0,0,0.0
M008941,90.0,0,2,25.3,1764.32,0,0,0.0
M008942,32.8,1,5,143.9,2207.16,0,0,0.0
M008943,37.4,1,1,75.7,3916.64,0,0,0.0
M008944,54.1,0,4,6.4,2691.96,0,0,0.0
M008945,0.0,1,3,27.9,2049.78,1,1,-0.082972
M008946,60.8,3,2,31.1,5199.75,1,1,-0.090226
M008947,67.8,1,5,31.6,2439.94,0,0,0.0
M008948,51.6,4,3,135.1,2354.72,0,1,0.0
M008949,36.7,0,1,67.4,3968.87,0,0,0.0
M008950,57.0,2,1,77.0,8480.54,0,0,0.0
M008951,64.4,0,3,96.3,3955.43,0,0,0.0
M008952,58.9,4,3,55.5,5839.91,0,1,0.0
M008953,21.3,0,2,63.3,1829.26,0,1,0.0
M008954,57.5,3,5,92.6,2247.91,0,1,0.0
M008955,34.5,3,3,17.1,4043.2,1,1,-0.107818
M008956,35.4,0,4,8.9,2645.79,0,0,0.0
M008957,60.5,1,1,31.4,2185.46,0,0,0.0
M008958,29.5,2,4,42.3,5721.69,0,0,0.0
M008959,53.3,3,2,66.9,17412.24,1,1,-0.101614
M008960,63.5,1,2,16.1,127.31,0,1,0.0
M008961,34.2,2,1,140.6,3139.97,1,0,-0.057315
M008962,55.4,1,5,59.2,6310.19,0,1,0.0
M008963,45.8,2,3,69.1,336.92,0,0,0.0
M008964,63.9,0,5,51.7,2014.36,0,0,0.0
M008965,41.6,0,5,47.8,39113.56,0,1,0.0
M008966,36.8,0,1,3.0,6764.09,0,1,0.0
M008967,50.4,3,3,22.6,26276.36,1,1,-0.124173
M008968,41.1,0,3,34.6,1091.53,0,0,0.0
M008969,54.2,4,2,64.4,4652.16,0,1,0.0
M008970,53.6,1,2,172.5,406.16,0,1,0.0
M008971,36.7,0,1,27.1,1429.87,0,1,0.0
M008972,88.2,5,1,36.7,1135.46,1,0,-0.091928
M008973,24.7,1,1,32.2,3598.59,0,0,0.0
M008974,28.9,0,3,72.8,5987.11,0,1,0.0
M008975,53.9,0,3,125.1,2682.65,0,1,0.0
M008976,51.4,1,3,93.9,217.16,0,0,0.0
M008977,34.6,2,3,23.1,4073.94,1,1,-0.122261
M008978,74.0,2,1,21.9,615.38,0,1,0.0
M008979,49.6,3,4,47.9,1275.4,1,0,-0.110817
M008980,57.9,0,2,33.6,6853.67,0,0,0.0
M008981,14.9,4,2,72.2,1013.8,1,0,-0.107689
M008982,67.8,1,1,67.0,4256.7,0,0,0.0
M008983,27.5,1,1,32.3,2765.02,0,0,0.0
M008984,8.1,1,1,106.6,3698.76,0,1,0.0
M008985,64.5,2,4,43.0,18795.48,0,0,0.0
M008986,51.0,2,2,54.1,671.07,0,0,0.0
M008987,36.8,0,1,48.0,4067.38,0,1,0.0
M008988,76.7,1,2,35.1,11066.13,1,0,-0.106974
M008989,38.7,1,1,35.4,4897.46,0,0,0.0
M008990,62.7,2,4,28.9,1102.98,1,0,-0.072607
M008991,17.5,3,3,99.3,4398.29,1,0,-0.103454
M008992,64.6,1,1,112.0,22732.98,0,0,0.0
M008993,31.5,2,3,111.3,2569.95,0,0,0.0
M008994,49.2,0,2,29.2,3538.93,0,0,0.0
M008995,46.9,2,2,67.4,27311.63,0,0,0.0
M008996,59.7,0,5,40.9,1441.15,0,1,0.0
M008997,26.3,2,2,89.1,1550.49,0,1,0.0
M008998,47.1,0,3,22.6,1641.52,0,0,0.0
M008999,77.6,0,5,43.8,1444.2,0,0,0.0
M009000,57.1,0,3,27.3,4150.61,0,0,0.0
M009001,19.3,0,5,25.8,949.87,0,0,0.0
M009002,22.7,2,5,74.7,2587.7,1,1,-0.112453
M009003,46.3,2,3,112.7,3737.87,0,1,0.0
M009004,46.4,1,2,43.9,5108.68,0,0,0.0
M009005,39.1,3,4,43.4,2034.26,1,1,-0.105177
M009006,80.3,1,3,71.3,2423.9,0,1,0.0
M009007,27.8,5,1,70.8,1035.4,1,1,-0.097457
M009008,49.1,3,4,53.1,15063.63,1,1,-0.082416
M009009,47.8,4,3,132.1,1525.11,0,1,0.0
M009010,41.9,2,2,40.1,6107.53,0,0,0.0
M009011,40.9,1,5,103.9,4857.14,0,1,0.0
M009012,21.6,3,6,57.4,841.27,1,1,-0.118544
M009013,86.8,2,1,123.3,22610.31,0,1,0.0
M009014,16.3,3,3,11.0,6213.52,0,1,0.0
M009015,61.1,2,2,140.6,1421.48,0,0,0.0
M009016,52.8,3,3,35.3,1145.66,1,1,-0.117694
M009017,30.2,0,1,21.2,1825.9,0,1,0.0
M009018,79.1,2,1,63.7,6726.29,0,0,0.0
M009019,16.1,0,3,115.7,3172.13,0,0,0.0
M009020,19.3,2,1,72.3,2969.83,1,0,-0.109685
M009021,75.9,0,1,71.0,1369.69,0,0,0.0
M009022,52.2,1,4,28.4,7870.52,0,0,0.0
M009023,73.2,2,1,41.5,1211.73,0,1,0.0
M009024,73.7,1,4,56.3,1541.23,0,1,0.0
M009025,13.2,1,2,125.3,10586.23,1,1,-0.124122
M009026,82.3,1,4,11.5,6769.17,0,0,0.0
M009027,66.1,2,1,53.0,515.11,0,0,0.0
M009028,48.8,0,1,25.2,8660.66,0,0,0.0
M009029,58.6,1,2,38.6,2744.81,1,0,-0.090085
M009030,50.5,2,3,57.8,6870.47,0,0,0.0
M009031,0.0,0,2,17.4,310.79,1,0,-0.107899
M009032,30.6,2,4,126.0,664.95,0,0,0.0
M009033,35.3,1,3,117.3,537.55,0,0,0.0
M009034,45.1,1,4,8.1,548.93,1,1,-0.104678
M009035,63.6,2,5,138.7,9936.29,0,0,0.0
M009036,38.6,0,3,56.7,614.04,0,0,0.0
M009037,8.5,0,3,20.0,294.35,0,0,0.0
M009038,50.5,1,2,31.0,3864.29,0,1,0.0
M009039,57.1,1,5,28.6,10139.48,1,0,-0.094105
M009040,19.6,3,1,65.6,54476.79,1,1,-0.097415
M009041,44.7,3,1,46.2,3571.97,0,0,0.0
M009042,26.7,2,5,96.5,24020.89,0,0,0.0
M009043,46.9,0,4,47.8,6394.18,1,0,-0.069418
M009044,19.4,2,2,87.5,15367.19,1,1,-0.1223
M009045,57.2,2,3,29.4,1058.47,1,0,-0.101705
M009046,40.4,1,3,93.0,722.98,0,0,0.0
M009047,31.2,1,3,70.3,11311.68,0,1,0.0
M009048,60.7,0,2,62.8,1670.39,1,0,-0.095444
M009049,22.1,0,2,122.1,9064.3,0,1,0.0
M009050,56.9,3,2,131.6,2668.74,1,1,-0.101558
M009051,25.1,1,1,82.5,587.26,0,1,0.0
M009052,14.6,1,5,37.6,3021.84,0,0,0.0
M009053,26.1,4,2,68.6,3623.78,1,1,-0.078594
M009054,28.2,4,2,19.6,1032.5,1,0,-0.12055
M009055,59.7,2,5,169.5,674.52,0,0,0.0
M009056,44.5,2,2,75.1,2768.17,0,0,0.0
M009057,4.6,1,1,150.1,2575.5,1,0,-0.123777
M009058,74.4,1,1,45.2,10220.55,0,0,0.0
M009059,48.5,3,3,65.2,3441.83,0,1,0.0
M009060,62.4,3,4,29.8,335.27,1,1,-0.082177
M009061,0.0,3,5,102.8,1552.91,0,1,0.0
M009062,55.7,3,2,51.7,1545.41,0,1,0.0
M009063,56.9,0,2,16.2,509.04,0,0,0.0
M009064,52.2,1,3,101.3,5945.68,0,1,0.0
M009065,35.0,4,2,39.6,16277.55,1,1,-0.102583
M009066,31.9,4,1,81.9,3292.12,1,1,-0.085559
M009067,32.7,1,1,85.0,2503.71,0,0,0.0
M009068,36.5,2,2,19.6,119.2,0,1,0.0
M009069,68.8,0,5,59.2,1995.88,1,0,-0.079428
M009070,62.3,3,2,121.1,2665.94,0,0,0.0
M009071,44.5,4,2,49.8,920.24,0,1,0.0
M009072,53.7,0,5,105.2,1490.92,0,1,0.0
M009073,47.2,3,4,38.7,7996.31,1,1,-0.06284
M009074,44.8,1,6,46.5,4605.94,0,0,0.0
M009075,35.7,0,5,42.3,1826.53,0,0,0.0
M009076,59.3,2,4,40.3,19481.58,1,0,-0.079582
M009077,66.7,0,5,20.8,2251.16,0,1,0.0
M009078,16.3,1,3,38.5,588.39,1,1,-0.109706
M009079,58.4,1,4,59.2,8198.86,1,0,-0.100903
M009080,68.4,1,3,52.8,5501.23,0,0,0.0
M009081,76.6,0,2,77.0,2282.22,0,1,0.0
M009082,33.0,2,1,76.9,128.72,0,1,0.0
M009083,45.0,0,4,22.8,8084.93,0,1,0.0
M009084,39.7,0,2,45.6,2435.43,0,1,0.0
M009085,42.2,2,3,27.1,8501.45,1,0,-0.09202
M009086,42.7,1,2,202.8,2098.25,1,0,-0.046284
M009087,59.6,0,2,39.1,2136.39,0,0,0.0
M009088,68.0,2,1,186.9,8664.53,0,0,0.0
M009089,53.8,1,5,49.0,3376.91,0,0,0.0
M009090,31.5,1,2,40.1,8295.09,0,0,0.0
M009091,57.3,1,1,84.2,882.4,0,1,0.0
M009092,47.5,2,3,103.5,684.34,0,0,0.0
M009093,35.6,2,3,82.9,3433.62,0,0,0.0
M009094,56.2,0,3,61.9,1616.49,1,0,-0.09618
M009095,25.1,1,3,13.3,447.17,0,1,0.0
M009096,62.6,1,4,114.6,638.02,0,0,0.0
M009097,50.6,0,2,17.3,1498.4,1,0,-0.112385
M009098,23.8,2,2,74.5,783.94,0,0,0.0
M009099,49.8,1,2,17.9,4301.53,0,1,0.0
M009100,25.4,0,3,74.6,883.16,0,0,0.0
M009101,57.6,0,1,43.0,1692.74,0,0,0.0
M009102,45.5,3,1,39.3,6678.48,1,0,-0.09179
M009103,0.0,1,2,92.3,3132.06,0,1,0.0
M009104,38.9,1,1,43.5,6679.02,0,0,0.0
M009105,45.0,0,3,109.8,2690.18,0,0,0.0
M009106,48.7,0,2,26.8,1595.75,0,0,0.0
M009107,73.1,2,2,62.0,6062.89,0,1,0.0
M009108,74.3,1,1,158.6,14885.93,0,0,0.0
M009109,2.6,2,3,28.5,12701.95,1,1,-0.109091
M009110,39.9,1,5,129.6,4896.41,0,0,0.0
M009111,49.9,1,1,64.8,12811.91,1,0,-0.102267
M009112,64.6,0,1,70.8,27549.36,1,0,-0.108685
M009113,46.7,5,5,32.7,1829.6,0,1,0.0
M009114,23.0,4,1,135.4,647.27,0,1,0.0
M009115,56.3,2,1,54.3,2208.17,0,0,0.0
M009116,0.0,3,5,93.1,816.03,1,0,-0.094974
M009117,48.9,1,1,52.8,1420.79,0,0,0.0
M009118,28.5,3,1,80.3,1830.56,0,1,0.0
M009119,78.1,1,1,74.0,6602.18,0,1,0.0
M009120,60.0,4,3,142.7,4347.94,1,1,-0.088332
M009121,12.9,0,5,92.5,897.53,0,1,0.0
M009122,37.6,1,4,74.8,736.97,0,1,0.0
M009123,44.6,0,2,81.7,363.47,0,0,0.0
M009124,67.6,0,4,74.6,14793.24,0,1,0.0
M009125,34.7,2,2,91.1,10530.85,0,0,0.0
M009126,57.0,2,1,26.0,5539.76,1,0,-0.092124
M009127,52.6,0,4,25.7,4044.98,0,0,0.0
M009128,48.7,0,3,36.5,18592.13,0,1,0.0
M009129,37.8,2,2,97.2,2885.77,1,0,-0.058611
M009130,72.9,2,1,135.4,3563.24,0,0,0.0
M009131,45.9,2,4,38.2,1957.47,0,0,0.0
M009132,66.8,2,4,30.8,3961.38,0,0,0.0
M009133,41.4,0,5,55.2,6573.77,0,1,0.0
M009134,78.0,0,1,63.9,1687.64,1,0,-0.108033
M009135,74.0,1,2,72.4,1041.74,0,0,0.0
M009136,3.6,2,3,41.9,3436.65,0,1,0.0
M009137,44.3,1,4,40.2,1382.39,1,1,-0.080308
M009138,29.2,3,5,76.6,5801.87,0,1,0.0
M009139,45.3,3,6,20.8,3866.78,0,1,0.0
M009140,41.4,2,1,76.3,3764.44,0,1,0.0
M009141,76.2,1,4,41.2,3318.1,0,1,0.0
M009142,35.7,0,1,193.5,5162.93,1,1,-0.093469
M009143,3.4,1,1,36.1,42973.97,1,1,-0.067192
M009144,37.6,2,2,52.5,6376.75,0,0,0.0
M009145,17.5,2,3,61.7,11250.91,0,1,0.0
M009146,63.2,0,1,3.8,12288.74,0,1,0.0
M009147,72.5,2,4,12.7,5327.66,1,0,-0.090882
M009148,42.4,1,2,61.0,1495.15,1,0,-0.105304
M009149,35.3,2,2,144.9,547.19,0,1,0.0
M009150,47.0,2,2,98.7,3564.1,0,0,0.0
M009151,63.9,1,3,64.1,2861.9,0,1,0.0
M009152,25.6,3,1,61.9,4442.96,1,0,-0.124245
M009153,65.5,1,1,65.8,658.57,0,0,0.0
M009154,55.1,3,5,127.7,5129.37,1,1,-0.123756
M009155,9.3,0,1,61.8,6526.7,0,1,0.0
M009156,51.7,1,2,60.4,1849.44,0,0,0.0
M009157,75.4,0,2,34.7,1670.46,0,0,0.0
M009158,47.7,2,1,76.9,486.97,0,1,0.0
M009159,47.3,0,6,49.8,2279.55,0,0,0.0
M009160,54.8,2,2,206.8,1588.74,0,0,0.0
M009161,20.9,2,5,92.1,2738.27,1,0,-0.111264
M009162,88.0,3,1,55.3,4529.83,0,0,0.0
M009163,38.6,2,2,103.7,924.05,0,1,0.0
M009164,41.3,1,3,32.8,15423.44,0,0,0.0
M009165,41.2,1,2,138.3,1160.6,0,0,0.0
M009166,36.1,2,5,90.4,2542.12,0,0,0.0
M009167,15.6,0,4,34.2,10489.77,0,0,0.0
M009168,31.2,2,3,26.2,2580.7,0,0,0.0
M009169,36.5,1,1,198.8,3064.32,0,0,0.0
M009170,30.7,2,3,74.9,879.56,0,0,0.0
M009171,43.6,2,4,38.7,1391.2,0,1,0.0
M009172,33.2,0,3,80.7,9332.15,0,1,0.0
M009173,40.3,0,4,12.6,6343.82,0,1,0.0
M009174,45.1,1,1,70.2,3697.76,0,1,0.0
M009175,83.4,0,1,16.8,20819.71,0,1,0.0
M009176,66.5,1,3,72.8,24902.58,1,0,-0.083714
M009177,41.9,5,1,72.8,431.97,0,0,0.0
M009178,20.3,2,1,10.7,3913.15,0,0,0.0
M009179,57.2,4,1,3.2,1403.53,1,1,-0.093155
M009180,54.9,3,3,78.3,4558.93,1,1,-0.104382
M009181,66.7,2,1,12.5,2712.97,1,1,-0.086976
M009182,12.6,1,1,20.9,6253.55,0,1,0.0
M009183,11.2,0,2,69.3,3343.68,1,1,-0.08106
M009184,41.8,1,1,60.1,1288.68,0,0,0.0
M009185,0.0,2,2,21.9,14111.84,1,1,-0.074299
M009186,93.5,5,1,161.9,734.07,1,0,-0.124338
M009187,74.2,1,3,98.3,3388.97,1,0,-0.074684
M009188,62.7,1,5,110.4,4371.77,1,0,-0.086787
M009189,48.3,2,6,53.6,2535.24,0,0,0.0
M009190,40.3,5,3,22.3,2911.29,0,1,0.0
M009191,53.3,4,3,151.6,387.9,0,1,0.0
M009192,57.8,3,3,52.5,3826.23,1,1,-0.119326
M009193,57.1,1,4,80.3,14533.58,1,0,-0.074176
M009194,35.4,2,3,71.0,2865.15,0,0,0.0
M009195,70.8,1,1,40.4,3411.13,0,0,0.0
M009196,3.7,2,5,44.9,2149.82,1,0,-0.104782
M009197,29.9,2,4,46.5,3534.38,0,0,0.0
M009198,43.4,2,4,117.2,2588.27,0,1,0.0
M009199,52.2,3,2,14.7,1089.92,1,1,-0.093912
M009200,18.8,1,1,28.7,23702.13,0,0,0.0
M009201,54.4,0,2,46.3,1461.77,1,0,-0.097063
M009202,10.5,4,1,167.2,2578.33,1,0,-0.124153
M009203,45.4,2,4,48.9,398.46,0,1,0.0
M009204,8.5,0,1,55.3,1193.36,0,0,0.0
M009205,37.9,0,2,38.3,10280.81,0,1,0.0
M009206,43.2,1,3,34.3,6293.99,0,0,0.0
M009207,43.4,3,6,94.3,1132.46,0,1,0.0
M009208,49.0,1,3,21.4,1098.07,0,1,0.0
M009209,71.4,5,5,64.9,2312.34,1,0,-0.096784
M009210,38.0,1,2,89.9,665.17,0,0,0.0
M009211,47.8,2,2,104.4,4762.6,0,0,0.0
M009212,25.8,1,3,89.6,437.49,0,1,0.0
M009213,59.8,1,1,128.2,2217.79,1,0,-0.073838
M009214,55.9,3,3,71.6,18820.65,1,1,-0.106546
M009215,48.2,1,1,73.5,16526.96,1,0,-0.097882
M009216,38.0,0,3,27.3,3484.77,0,0,0.0
M009217,41.1,1,1,19.3,4753.5,0,0,0.0
M009218,39.5,1,2,26.9,2395.64,0,0,0.0
M009219,30.4,0,1,47.3,8158.21,0,0,0.0
M009220,57.4,1,3,68.8,1532.84,0,1,0.0
M009221,23.4,1,3,17.2,15796.79,1,0,-0.110279
M009222,64.7,0,3,80.5,1000.49,0,0,0.0
M009223,37.3,1,1,180.4,5769.48,0,0,0.0
M009224,8.6,1,2,7.3,1812.52,1,1,-0.116486
M009225,77.3,2,1,77.6,13047.37,0,0,0.0
M009226,54.3,1,2,92.7,1756.98,0,0,0.0
M009227,57.8,1,1,13.7,5423.82,0,1,0.0
M009228,15.0,2,4,88.5,1881.85,0,1,0.0
M009229,34.6,2,2,95.6,647.38,0,0,0.0
M009230,5.8,2,2,76.3,999.76,0,1,0.0
M009231,53.8,1,2,43.8,1437.55,1,1,-0.104796
M009232,25.8,1,2,7.2,7700.67,1,0,-0.09395
M009233,57.1,0,2,57.7,4650.65,0,0,0.0
M009234,38.0,1,1,122.4,1495.34,0,0,0.0
M009235,41.8,2,4,39.8,28565.13,0,0,0.0
M009236,55.6,1,4,36.4,3286.93,0,0,0.0
M009237,15.8,1,1,39.7,1332.13,1,0,-0.113791
M009238,47.8,1,2,102.3,3053.54,1,1,-0.086857
M009239,46.1,3,2,23.0,6717.46,1,1,-0.108758
M009240,64.5,0,1,23.9,4633.84,0,0,0.0
M009241,35.5,5,1,56.6,6157.99,1,1,-0.108471
M009242,54.5,4,4,70.6,1007.63,1,0,-0.111915
M009243,55.7,0,4,139.4,6282.33,0,0,0.0
M009244,27.8,2,1,38.7,407.5,0,1,0.0
M009245,43.9,1,2,41.6,643.79,0,0,0.0
M009246,63.5,2,2,92.4,1759.06,0,1,0.0
M009247,41.2,0,3,29.9,1460.42,0,0,0.0
M009248,64.2,1,3,13.2,4909.77,0,0,0.0
M009249,24.1,1,2,10.1,1049.18,1,1,-0.093533
M009250,62.5,3,4,57.0,711.7,1,1,-0.12306
M009251,100.0,1,2,134.2,767.69,0,0,0.0
M009252,57.1,2,6,154.9,4352.19,0,0,0.0
M009253,26.2,1,4,35.0,406.95,0,0,0.0
M009254,44.2,1,1,124.2,2236.36,0,0,0.0
M009255,23.6,3,2,44.8,2798.23,1,1,-0.094745
M009256,31.1,2,2,39.2,2395.08,0,1,0.0
M009257,40.6,1,1,44.3,6033.64,0,0,0.0
M009258,87.9,0,3,49.0,1031.24,0,0,0.0
M009259,91.0,0,4,29.0,5553.67,0,0,0.0
M009260,0.0,2,3,108.7,1698.45,0,1,0.0
M009261,23.9,2,1,64.9,2315.36,1,1,-0.092693
M009262,8.4,1,1,9.7,1135.59,1,1,-0.079131
M009263,23.5,1,2,35.1,7080.69,0,1,0.0
M009264,56.4,1,2,52.5,1519.04,1,0,-0.096732
M009265,45.7,3,4,48.8,3691.18,1,0,-0.123254
M009266,65.3,4,4,18.2,4181.85,1,1,-0.103305
M009267,76.5,1,1,40.1,3330.9,0,1,0.0
M009268,56.9,0,1,93.7,3680.1,0,0,0.0
M009269,43.5,1,2,142.7,4008.85,1,0,-0.039957
M009270,23.9,1,2,81.8,4082.26,1,0,-0.083166
M009271,32.4,2,5,61.3,3516.98,0,0,0.0
M009272,18.7,0,2,47.9,3289.51,0,0,0.0
M009273,86.7,2,3,33.2,2575.04,0,1,0.0
M009274,33.9,0,2,67.0,3338.91,0,0,0.0
M009275,55.5,3,2,36.2,1258.53,1,1,-0.114105
M009276,10.8,2,2,27.8,1832.71,1,0,-0.120048
M009277,68.4,1,1,61.7,1451.5,0,0,0.0
M009278,27.7,2,2,33.6,6828.47,0,1,0.0
M009279,78.7,3,1,67.0,7168.53,1,1,-0.10356
M009280,24.0,2,2,138.6,1602.5,1,1,-0.105032
M009281,61.5,1,1,99.6,2504.92,0,1,0.0
M009282,27.0,0,3,26.4,1298.97,0,0,0.0
M009283,53.1,0,2,98.7,7627.41,1,0,-0.100331
M009284,48.8,2,1,98.9,939.54,0,1,0.0
M009285,73.0,0,1,35.0,329.59,0,0,0.0
M009286,57.3,0,3,171.4,258.59,0,0,0.0
M009287,86.2,3,1,27.6,2754.78,0,1,0.0
M009288,21.1,1,4,52.3,19463.86,1,1,-0.089267
M009289,58.6,0,3,27.9,4337.8,0,0,0.0
M009290,70.4,3,5,111.5,12505.32,0,1,0.0
M009291,10.8,1,4,137.2,6582.48,1,1,-0.108896
M009292,61.9,1,3,113.2,2468.43,0,1,0.0
M009293,32.3,2,1,41.9,32299.57,1,0,-0.06672
M009294,23.0,2,3,40.4,15755.41,1,0,-0.099268
M009295,35.8,1,4,215.2,760.99,0,1,0.0
M009296,56.3,0,4,24.9,2148.18,0,0,0.0
M009297,12.6,1,4,114.2,3904.34,0,1,0.0
M009298,25.7,1,6,54.4,1319.79,0,1,0.0
M009299,6.8,4,4,35.1,1858.27,1,1,-0.110731
M009300,56.0,1,2,40.0,3890.08,0,1,0.0
M009301,43.4,2,3,38.8,2236.75,1,0,-0.069819
M009302,59.5,3,4,39.9,472.63,0,1,0.0
M009303,53.7,1,1,26.7,5756.81,1,1,-0.124075
M009304,39.0,4,1,109.6,1393.87,1,0,-0.11355
M009305,51.8,2,4,29.7,1038.33,1,0,-0.104977
M009306,40.5,3,2,28.5,3946.21,0,1,0.0
M009307,51.8,0,3,39.4,479.18,0,0,0.0
M009308,45.1,1,2,50.8,2732.42,1,0,-0.083742
M009309,40.3,1,4,12.5,767.76,0,0,0.0
M009310,47.9,0,2,40.2,27921.28,0,0,0.0
M009311,62.8,1,1,148.5,2332.65,0,0,0.0
M009312,59.0,5,1,39.3,7598.8,1,1,-0.10223
M009313,64.0,1,2,56.9,15400.28,0,1,0.0
M009314,11.7,2,4,67.1,8847.02,1,1,-0.106586
M009315,76.6,3,2,32.3,523.45,0,1,0.0
M009316,52.3,1,5,44.2,5605.63,0,0,0.0
M009317,17.6,3,6,14.7,16411.7,1,0,-0.092807
M009318,39.3,2,4,40.9,1732.39,0,0,0.0
M009319,60.6,1,2,54.2,1786.12,0,1,0.0
M009320,11.1,3,2,25.2,11693.3,0,1,0.0
M009321,69.4,3,2,84.5,1264.76,0,1,0.0
M009322,61.5,2,1,97.0,1957.38,0,1,0.0
M009323,52.0,3,3,20.6,2560.66,1,0,-0.082157
M009324,88.2,2,2,24.8,2504.69,0,0,0.0
M009325,66.3,1,3,60.6,4104.02,0,1,0.0
M009326,27.3,2,2,13.4,67436.14,0,1,0.0
M009327,31.8,2,5,38.7,10872.91,0,0,0.0
M009328,45.0,1,1,51.0,7637.6,0,1,0.0
M009329,45.4,2,2,18.5,4505.21,0,0,0.0
M009330,54.1,1,2,5.4,3724.37,0,0,0.0
M009331,42.0,0,3,87.1,2418.7,1,1,-0.097897
M009332,15.9,2,2,38.8,13429.03,0,0,0.0
M009333,34.7,0,1,34.6,421.06,0,0,0.0
M009334,41.0,0,1,116.4,764.29,0,1,0.0
M009335,35.2,4,2,100.0,965.4,1,1,-0.118054
M009336,72.3,0,1,87.6,4746.92,0,0,0.0
M009337,0.0,2,1,66.2,1930.55,1,1,-0.075901
M009338,47.9,1,4,176.8,3586.13,0,0,0.0
M009339,33.5,1,5,115.9,4946.24,0,0,0.0
M009340,94.3,4,2,35.1,3258.8,1,0,-0.10517
M009341,49.3,3,1,17.9,685.59,0,0,0.0
M009342,87.8,4,3,95.3,7508.14,1,0,-0.123702
M009343,17.2,1,1,71.4,3891.76,1,0,-0.111987
M009344,66.9,4,2,66.7,1694.07,1,0,-0.124319
M009345,33.4,1,2,32.9,1241.83,0,0,0.0
M009346,35.9,0,2,60.5,14794.46,0,0,0.0
M009347,60.5,2,4,48.1,8897.68,0,0,0.0
M009348,39.6,3,2,51.6,228.85,0,1,0.0
M009349,50.4,0,1,14.8,3606.37,0,1,0.0
M009350,34.2,1,3,12.1,9905.51,0,0,0.0
M009351,59.5,3,4,31.2,3146.28,1,1,-0.10055
M009352,50.7,1,2,30.5,5876.58,0,0,0.0
M009353,49.5,1,3,41.3,3127.16,0,0,0.0
M009354,69.3,3,1,15.3,17818.24,1,1,-0.10096
M009355,0.0,1,2,22.0,4018.88,0,1,0.0
M009356,27.5,2,5,103.9,1979.15,1,0,-0.070292
M009357,63.5,1,2,65.7,1843.71,0,0,0.0
M009358,6.9,1,1,71.7,2665.71,0,0,0.0
M009359,13.4,1,1,130.6,6822.27,1,1,-0.100221
M009360,54.6,0,2,38.7,331.17,0,0,0.0
M009361,10.9,0,5,124.2,1849.71,0,1,0.0
M009362,46.2,2,2,37.2,25875.01,0,1,0.0
M009363,33.5,0,1,56.1,1870.09,0,1,0.0
M009364,51.2,1,2,73.0,2781.21,1,0,-0.070308
M009365,45.2,3,6,39.1,5177.96,1,1,-0.120305
M009366,44.7,3,2,80.4,2607.54,1,0,-0.103694
M009367,55.4,2,5,84.6,9081.51,0,0,0.0
M009368,66.4,1,6,16.0,1290.86,1,0,-0.109289
M009369,74.8,0,3,27.6,1886.89,0,0,0.0
M009370,70.3,2,4,55.7,3309.17,1,1,-0.096136
M009371,57.4,0,4,93.9,14505.79,1,0,-0.06402
M009372,66.9,1,4,33.7,1109.87,0,0,0.0
M009373,67.8,2,3,54.7,3818.49,0,1,0.0
M009374,46.9,1,3,71.8,1867.98,0,0,0.0
M009375,30.5,2,2,94.3,3810.51,1,0,-0.078243
M009376,74.3,3,1,50.7,1681.63,1,1,-0.078252
M009377,79.1,4,4,2.8,10087.35,0,1,0.0
M009378,54.9,1,4,45.4,2900.74,1,0,-0.080554
M009379,69.1,1,3,29.2,649.96,0,1,0.0
M009380,71.7,2,2,47.5,1745.07,0,0,0.0
M009381,59.7,1,2,68.1,1942.9,0,0,0.0
M009382,44.4,1,2,59.6,790.04,0,0,0.0
M009383,62.4,2,5,22.0,1398.33,0,1,0.0
M009384,50.8,1,3,24.0,6932.89,0,0,0.0
M009385,64.9,1,3,19.5,9710.17,1,0,-0.092726
M009386,75.0,2,2,19.3,33084.37,0,1,0.0
M009387,65.8,1,4,75.6,1114.58,0,0,0.0
M009388,53.1,0,2,128.2,2818.43,0,1,0.0
M009389,65.9,1,1,105.6,1355.07,0,1,0.0
M009390,81.5,3,1,136.7,785.53,1,1,-0.108699
M009391,34.6,1,4,25.2,1165.84,0,0,0.0
M009392,34.4,1,2,71.6,1718.91,0,0,0.0
M009393,35.5,2,5,3.6,4869.23,1,1,-0.072123
M009394,61.0,2,1,113.9,8048.25,0,0,0.0
M009395,54.0,4,2,12.2,1848.47,0,1,0.0
M009396,37.3,0,3,80.6,4939.21,0,0,0.0
M009397,39.8,3,1,10.0,4889.08,1,0,-0.105496
M009398,39.4,2,2,40.6,64376.6,0,0,0.0
M009399,48.2,1,2,49.9,12022.4,0,1,0.0
M009400,11.7,3,3,91.8,2816.5,1,0,-0.097663
M009401,49.5,1,1,21.5,2840.07,0,0,0.0
M009402,75.4,3,3,82.2,12703.24,1,1,-0.090807
M009403,17.6,1,5,58.0,3528.39,0,0,0.0
M009404,46.9,0,2,24.0,3966.5,0,1,0.0
M009405,68.8,3,2,100.6,8693.24,1,1,-0.107338
M009406,40.9,4,2,21.9,1444.9,0,0,0.0
M009407,92.4,0,1,90.2,6006.72,0,1,0.0
M009408,59.2,0,3,11.4,10484.68,0,0,0.0
M009409,39.0,2,4,44.3,450.09,0,0,0.0
M009410,70.9,1,4,69.5,3506.09,0,1,0.0
M009411,15.4,0,1,8.3,2483.27,0,0,0.0
M009412,58.7,2,5,54.3,1410.78,0,1,0.0
M009413,45.2,0,2,78.0,4844.5,0,1,0.0
M009414,39.8,0,1,29.8,7675.42,0,0,0.0
M009415,36.2,3,1,60.2,5715.6,0,0,0.0
M009416,56.7,1,2,90.9,9565.61,0,0,0.0
M009417,22.9,0,4,53.3,17390.89,0,0,0.0
M009418,62.1,0,5,71.0,1392.38,0,0,0.0
M009419,56.8,1,3,22.9,6127.28,0,0,0.0
M009420,30.4,1,5,11.4,3641.95,0,0,0.0
M009421,66.8,2,4,68.0,377.47,0,1,0.0
M009422,44.7,3,3,84.7,811.57,1,1,-0.104925
M009423,67.8,2,2,22.7,822.65,0,0,0.0
M009424,35.6,0,1,58.1,871.98,0,0,0.0
M009425,40.0,0,2,47.2,10677.06,0,0,0.0
M009426,43.8,3,3,30.6,669.77,1,1,-0.112505
M009427,38.7,2,2,104.4,2049.34,1,0,-0.083607
M009428,80.6,4,1,48.0,6083.01,1,0,-0.100756
M009429,68.0,3,6,94.2,3848.41,0,1,0.0
M009430,58.8,3,5,80.6,747.4,0,1,0.0
M009431,49.0,1,3,20.9,2924.52,0,1,0.0
M009432,79.4,2,1,44.2,24011.26,0,1,0.0
M009433,43.4,1,5,194.5,13336.66,0,0,0.0
M009434,45.4,0,4,87.9,5641.1,0,0,0.0
M009435,78.9,5,2,18.9,10905.32,1,1,-0.101894
M009436,57.3,4,2,173.9,1196.29,0,1,0.0
M009437,18.8,0,2,74.8,2867.21,0,0,0.0
M009438,36.8,1,5,20.6,9925.93,0,0,0.0
M009439,57.3,3,1,2.4,3373.6,1,0,-0.089113
M009440,79.5,2,4,28.5,14677.53,0,0,0.0
M009441,5.4,4,1,53.9,2657.56,0,1,0.0
M009442,78.3,2,3,116.1,9727.32,0,0,0.0
M009443,25.6,1,6,36.2,1612.43,0,0,0.0
M009444,56.5,1,2,49.9,11969.63,0,1,0.0
M009445,52.8,2,1,92.0,1683.72,0,1,0.0
M009446,34.1,1,2,36.5,1384.57,0,0,0.0
M009447,71.8,2,1,34.7,848.83,0,1,0.0
M009448,64.0,1,2,109.6,1849.26,0,0,0.0
M009449,61.8,0,2,59.1,591.05,0,0,0.0
M009450,23.7,1,1,12.4,18495.51,1,0,-0.110044
M009451,48.7,1,4,34.0,2092.41,0,1,0.0
M009452,34.1,3,2,61.2,1801.11,0,1,0.0
M009453,50.0,1,2,18.1,781.2,0,0,0.0
M009454,46.6,1,3,34.8,1739.72,0,0,0.0
M009455,32.3,1,2,79.7,768.95,1,1,-0.10956
M009456,67.2,2,3,55.7,5360.12,0,1,0.0
M009457,51.0,2,3,80.1,5760.33,0,0,0.0
M009458,45.1,2,4,87.1,2478.9,0,1,0.0
M009459,12.2,0,2,91.8,1627.85,0,0,0.0
M009460,15.2,0,4,39.1,865.99,0,0,0.0
M009461,30.4,2,2,43.1,1123.47,0,0,0.0
M009462,41.1,0,2,37.4,715.49,0,0,0.0
M009463,67.9,0,3,38.2,9212.17,0,0,0.0
M009464,49.1,3,4,144.6,14428.95,0,0,0.0
M009465,51.9,0,3,31.3,1233.7,0,0,0.0
M009466,55.9,0,2,35.0,3005.79,0,1,0.0
M009467,51.2,0,2,27.7,5760.96,0,0,0.0
M009468,5.0,1,1,12.2,4745.38,1,1,-0.10795
M009469,42.7,3,4,15.1,8212.99,0,1,0.0
M009470,47.4,1,2,113.5,1296.13,0,0,0.0
M009471,38.6,0,3,40.6,5620.21,0,0,0.0
M009472,64.4,1,2,77.4,2094.65,0,0,0.0
M009473,77.6,0,3,52.8,3731.49,0,0,0.0
M009474,46.1,2,2,14.8,3523.51,0,0,0.0
M009475,3.0,2,4,39.1,630.43,0,0,0.0
M009476,26.7,1,1,86.1,1412.42,0,0,0.0
M009477,45.5,0,2,87.7,1242.57,0,0,0.0
M009478,61.0,5,2,94.3,2095.31,1,1,-0.095765
M009479,33.6,0,1,30.5,5731.25,0,0,0.0
M009480,58.3,2,2,80.1,13391.73,1,0,-0.084242
M009481,50.8,2,1,50.7,414.95,1,0,-0.108419
M009482,58.3,0,2,14.1,487.03,0,0,0.0
M009483,41.6,0,1,69.7,4543.15,0,0,0.0
M009484,41.2,0,3,21.3,4735.27,0,0,0.0
M009485,91.7,1,1,12.2,11048.12,0,0,0.0
M009486,34.0,1,4,100.0,2415.29,0,1,0.0
M009487,36.2,3,3,108.9,1782.26,1,1,-0.105762
M009488,75.5,1,1,122.7,7097.57,0,0,0.0
M009489,52.7,1,2,38.8,888.42,0,0,0.0
M009490,51.3,1,1,96.7,891.27,0,0,0.0
M009491,80.5,2,1,29.5,6330.43,0,0,0.0
M009492,50.6,0,4,99.7,2128.79,0,0,0.0
M009493,45.9,3,4,141.6,912.11,1,0,-0.12392
M009494,63.2,1,5,65.1,6145.36,0,0,0.0
M009495,31.7,1,2,61.3,3999.21,0,0,0.0
M009496,21.2,1,4,33.4,8752.59,0,1,0.0
M009497,50.3,2,3,62.8,2643.92,1,1,-0.100539
M009498,71.5,1,6,37.2,2405.28,0,0,0.0
M009499,72.8,3,2,36.0,570.24,1,0,-0.095861
M009500,49.1,1,2,11.3,408.94,0,0,0.0
M009501,55.3,2,3,20.9,12313.91,0,0,0.0
M009502,68.6,1,1,57.3,4860.63,1,0,-0.084495
M009503,44.3,2,3,12.0,6536.02,1,0,-0.104739
M009504,35.9,2,3,49.0,1584.59,0,1,0.0
M009505,44.4,2,5,43.0,5275.07,0,0,0.0
M009506,51.1,1,4,90.2,2982.0,1,0,-0.062465
M009507,5.3,5,6,55.5,3231.05,0,1,0.0
M009508,50.9,2,1,43.9,12384.53,0,1,0.0
M009509,34.0,1,1,63.1,1332.15,1,1,-0.075168
M009510,56.6,4,4,23.3,1260.4,0,0,0.0
M009511,67.9,1,1,9.5,854.15,0,0,0.0
M009512,51.5,4,2,45.7,1733.86,0,1,0.0
M009513,24.5,3,2,40.5,45096.87,0,1,0.0
M009514,47.5,1,5,27.3,4590.64,0,0,0.0
M009515,20.7,0,4,7.8,914.15,0,1,0.0
M009516,17.4,1,3,149.9,6351.4,0,1,0.0
M009517,59.8,0,1,55.2,4300.2,1,0,-0.085555
M009518,56.7,2,2,239.8,201.63,0,0,0.0
M009519,57.8,1,5,18.9,1357.72,0,0,0.0
M009520,38.7,0,2,21.2,2125.63,0,1,0.0
M009521,26.6,0,3,62.9,3796.06,0,0,0.0
M009522,33.8,2,1,35.5,4517.26,0,1,0.0
M009523,45.5,1,3,30.4,2239.65,0,1,0.0
M009524,69.4,0,2,49.7,927.86,0,1,0.0
M009525,70.3,2,1,75.3,4702.21,0,0,0.0
M009526,35.9,1,6,19.7,3364.46,1,0,-0.111837
M009527,46.5,1,2,93.3,2589.14,0,0,0.0
M009528,76.6,2,2,74.1,3475.96,0,1,0.0
M009529,38.6,3,6,142.5,3829.33,0,1,0.0
M009530,58.0,2,2,22.1,2909.21,0,1,0.0
M009531,27.3,0,3,111.9,10890.57,1,0,-0.060715
M009532,34.7,2,1,65.0,4621.12,0,0,0.0
M009533,34.4,0,4,80.9,1742.67,0,1,0.0
M009534,70.2,5,2,71.7,4660.75,0,1,0.0
M009535,59.6,2,1,63.8,7691.1,0,1,0.0
M009536,73.9,3,1,106.3,4549.64,0,0,0.0
M009537,44.1,0,1,154.4,5010.87,0,0,0.0
M009538,42.0,2,2,35.2,6495.89,0,0,0.0
M009539,34.9,1,5,94.4,4024.83,0,0,0.0
M009540,33.9,2,2,83.5,28702.96,0,0,0.0
M009541,48.8,2,4,87.3,3749.32,0,0,0.0
M009542,37.7,0,2,104.6,1852.78,0,0,0.0
M009543,28.7,1,4,40.9,3230.07,0,0,0.0
M009544,53.5,0,1,42.6,6382.28,0,0,0.0
M009545,65.1,0,1,58.8,3304.78,0,0,0.0
M009546,38.3,1,2,58.1,2723.99,0,0,0.0
M009547,45.2,0,1,37.0,8185.84,0,0,0.0
M009548,64.3,0,3,48.6,410.03,1,0,-0.101334
M009549,70.8,1,1,76.9,2554.74,0,0,0.0
M009550,67.1,2,5,59.6,8586.37,0,0,0.0
M009551,55.7,5,1,81.9,2860.24,1,1,-0.101436
M009552,46.7,0,3,14.9,1634.49,0,1,0.0
M009553,61.1,5,1,34.1,3160.7,0,1,0.0
M009554,59.9,2,2,102.3,1331.7,0,0,0.0
M009555,59.1,2,3,22.0,1850.45,0,1,0.0
M009556,69.4,3,5,185.7,2283.19,1,0,-0.122267
M009557,34.1,2,4,104.4,11738.99,1,0,-0.07424
M009558,61.2,2,6,80.8,4480.97,0,0,0.0
M009559,56.2,3,2,114.5,3322.41,0,1,0.0
M009560,22.8,0,5,39.7,8087.21,0,1,0.0
M009561,41.9,2,2,74.1,4815.5,0,0,0.0
M009562,53.6,1,3,55.1,13937.25,0,0,0.0
M009563,46.9,2,5,126.1,2805.96,0,0,0.0
M009564,38.4,1,4,67.6,2339.5,0,0,0.0
M009565,45.3,0,2,111.9,4843.7,0,1,0.0
M009566,65.5,1,5,64.5,2999.53,0,1,0.0
M009567,54.8,1,3,53.2,2097.96,0,0,0.0
M009568,38.6,1,1,22.9,3163.66,0,0,0.0
M009569,91.7,1,1,50.9,3225.39,0,0,0.0
M009570,0.0,2,1,93.1,1043.2,0,0,0.0
M009571,30.4,4,4,99.9,3032.08,0,0,0.0
M009572,66.4,3,2,35.8,404.67,1,0,-0.096835
M009573,23.0,2,3,68.1,10903.14,0,1,0.0
M009574,64.1,1,1,87.1,9707.57,0,1,0.0
M009575,52.4,2,1,42.1,3131.08,0,0,0.0
M009576,27.6,0,1,65.4,986.01,0,0,0.0
M009577,54.9,2,1,64.6,3400.7,0,0,0.0
M009578,23.0,0,2,27.9,4530.66,0,1,0.0
M009579,91.9,1,2,96.1,918.35,0,1,0.0
M009580,57.9,1,1,35.2,574.84,0,0,0.0
M009581,53.1,1,1,26.9,18152.83,0,0,0.0
M009582,74.3,4,2,72.9,6668.0,1,1,-0.105111
M009583,64.7,3,1,67.0,5732.55,1,0,-0.117148
M009584,30.2,1,2,86.3,3057.9,0,0,0.0
M009585,36.3,1,4,47.4,916.03,0,0,0.0
M009586,65.3,1,2,26.2,590.58,0,1,0.0
M009587,29.6,1,1,68.9,595.68,1,1,-0.098915
M009588,69.2,0,2,71.9,11676.63,1,0,-0.090742
M009589,24.1,0,3,60.5,986.44,0,0,0.0
M009590,64.1,0,1,16.6,4619.42,0,0,0.0
M009591,7.0,3,3,41.3,1362.83,1,1,-0.117922
M009592,2.4,1,2,97.8,1539.56,0,1,0.0
M009593,21.8,0,2,94.7,1884.75,0,0,0.0
M009594,22.1,1,3,23.7,4083.73,1,0,-0.120153
M009595,53.5,1,2,52.7,2864.26,0,0,0.0
M009596,79.7,2,4,15.0,1293.54,0,0,0.0
M009597,48.5,1,1,10.3,5137.39,0,0,0.0
M009598,20.6,4,4,51.0,1002.26,1,1,-0.113354
M009599,60.1,5,3,48.9,2165.9,1,1,-0.063354
M009600,62.7,0,3,81.1,8951.38,0,0,0.0
M009601,44.0,4,5,8.3,623.19,0,1,0.0
M009602,64.1,0,2,82.3,1149.67,0,0,0.0
M009603,81.9,0,2,76.3,2082.92,0,0,0.0
M009604,49.9,2,3,44.9,1899.49,0,0,0.0
M009605,63.1,1,3,30.1,1721.02,0,0,0.0
M009606,52.9,1,3,70.4,1406.74,1,0,-0.102275
M009607,33.1,2,1,66.9,660.73,0,1,0.0
M009608,83.6,0,1,83.4,1851.4,0,0,0.0
M009609,35.3,1,2,34.6,1295.09,0,0,0.0
M009610,35.0,2,3,41.2,2241.23,0,1,0.0
M009611,29.4,2,3,35.9,2661.3,0,1,0.0
M009612,56.4,3,4,139.2,10787.16,0,1,0.0
M009613,64.2,2,2,54.3,5108.46,0,1,0.0
M009614,40.0,1,2,33.0,2097.53,1,0,-0.105854
M009615,23.9,0,1,10.4,915.31,0,0,0.0
M009616,37.2,1,4,8.1,17056.94,0,1,0.0
M009617,33.0,5,3,81.2,8800.87,0,1,0.0
M009618,81.4,1,3,34.1,6204.1,0,0,0.0
M009619,23.6,2,1,37.1,2556.69,1,0,-0.098826
M009620,31.2,1,1,119.4,14079.3,0,0,0.0
M009621,10.6,0,1,30.9,5159.79,0,0,0.0
M009622,42.4,3,2,49.2,1028.57,1,0,-0.115161
M009623,59.5,1,2,24.9,798.49,0,0,0.0
M009624,23.4,1,2,45.3,8145.79,1,1,-0.120607
M009625,12.7,2,3,63.8,1414.05,1,0,-0.116764
M009626,38.2,2,3,43.5,2840.86,0,1,0.0
M009627,12.9,4,2,15.6,2300.5,0,1,0.0
M009628,78.6,1,3,85.2,3318.49,1,0,-0.064609
M009629,55.7,0,2,145.8,766.05,0,0,0.0
M009630,35.2,3,4,76.8,1486.06,0,1,0.0
M009631,31.9,3,2,31.9,193.54,0,1,0.0
M009632,34.4,0,2,22.6,24429.77,0,0,0.0
M009633,68.1,0,5,93.6,4886.05,1,0,-0.059785
M009634,32.0,4,1,95.0,15273.91,1,0,-0.123746
M009635,31.0,1,5,66.9,6593.44,0,1,0.0
M009636,20.8,1,2,57.4,11668.54,1,0,-0.118852
M009637,28.3,0,5,42.8,3132.57,0,1,0.0
M009638,46.1,0,4,123.4,14059.72,0,0,0.0
M009639,60.3,0,2,97.1,1834.05,0,0,0.0
M009640,38.4,1,1,27.5,3294.85,0,0,0.0
M009641,38.4,1,3,71.7,23214.14,0,1,0.0
M009642,57.0,2,1,23.3,4673.99,0,0,0.0
M009643,19.9,0,4,25.4,5871.61,0,0,0.0
M009644,68.4,2,4,71.3,2341.09,0,0,0.0
M009645,24.3,2,2,33.9,10474.81,0,1,0.0
M009646,38.6,1,1,59.0,5231.82,0,1,0.0
M009647,16.4,1,1,129.7,14038.16,0,1,0.0
M009648,55.0,0,2,22.2,75014.85,0,1,0.0
M009649,64.9,4,3,43.5,771.48,0,1,0.0
M009650,33.5,3,4,79.1,3704.7,0,1,0.0
M009651,58.1,1,2,59.6,2356.22,1,0,-0.093788
M009652,26.3,2,2,24.4,3108.6,0,0,0.0
M009653,12.2,5,1,44.5,13370.04,1,1,-0.101159
M009654,20.7,2,1,50.0,7238.49,1,1,-0.120995
M009655,19.2,1,1,60.5,1264.28,1,1,-0.12057
M009656,49.3,2,2,6.4,5736.87,0,0,0.0
M009657,47.2,0,1,140.7,1123.14,1,0,-0.068049
M009658,19.2,1,5,42.6,2887.38,1,1,-0.103872
M009659,31.9,3,2,22.8,847.04,1,0,-0.096614
M009660,38.2,2,3,12.1,16853.55,0,1,0.0
M009661,48.3,2,2,74.6,3943.5,0,0,0.0
M009662,74.7,0,2,30.4,3748.84,0,0,0.0
M009663,33.1,1,4,46.1,2207.31,1,1,-0.109522
M009664,42.8,1,1,140.2,7348.86,0,0,0.0
M009665,75.5,1,3,83.7,2900.0,0,0,0.0
M009666,41.8,4,3,50.8,2174.51,1,1,-0.08796
M009667,6.5,2,1,15.3,3105.2,0,0,0.0
M009668,50.2,2,2,41.3,1356.39,0,0,0.0
M009669,21.8,2,4,65.3,786.71,1,1,-0.081536
M009670,68.9,3,2,60.3,5813.13,1,0,-0.115614
M009671,38.0,0,2,71.1,1808.04,0,0,0.0
M009672,52.4,2,1,34.7,930.73,0,0,0.0
M009673,23.2,1,2,79.1,1298.94,0,0,0.0
M009674,68.7,0,1,12.5,515.4,0,0,0.0
M009675,23.9,2,1,79.1,2711.69,1,1,-0.12295
M009676,31.0,2,3,3.0,9317.91,0,1,0.0
M009677,22.7,1,1,144.2,2401.18,1,1,-0.117198
M009678,25.0,2,4,123.6,9214.19,1,0,-0.124269
M009679,49.6,3,4,27.7,6703.7,1,1,-0.123629
M009680,61.0,2,3,34.9,2177.72,0,0,0.0
M009681,6.2,2,1,43.0,3724.56,1,0,-0.0954
M009682,26.3,2,2,96.9,876.52,0,0,0.0
M009683,24.2,2,2,148.5,2319.8,0,1,0.0
M009684,100.0,2,1,82.0,1975.2,0,1,0.0
M009685,69.3,1,2,13.5,4034.95,1,0,-0.121263
M009686,28.3,5,2,116.3,1079.69,0,1,0.0
M009687,86.1,4,1,103.1,3116.15,1,0,-0.12422
M009688,55.1,3,1,65.0,2647.38,1,1,-0.116741
M009689,30.6,3,1,26.9,2518.19,1,1,-0.108505
M009690,53.8,2,3,45.9,2700.23,0,1,0.0
M009691,58.2,1,1,111.7,1919.8,0,0,0.0
M009692,41.3,3,2,41.1,2719.73,1,0,-0.113899
M009693,54.3,3,3,44.0,697.39,0,1,0.0
M009694,55.1,1,4,64.0,2052.19,0,1,0.0
M009695,16.8,4,3,92.7,8673.3,0,0,0.0
M009696,26.1,0,1,72.9,2091.06,0,1,0.0
M009697,32.3,5,4,47.9,222.53,1,1,-0.095685
M009698,37.4,0,3,150.3,4393.96,0,0,0.0
M009699,14.5,2,6,23.7,1358.94,0,0,0.0
M009700,41.0,1,3,22.8,5874.74,0,0,0.0
M009701,42.5,1,2,86.0,1564.96,0,0,0.0
M009702,53.2,2,4,53.0,13190.47,0,0,0.0
M009703,59.9,4,2,80.7,3457.9,1,1,-0.087291
M009704,32.0,1,6,84.1,1268.96,0,0,0.0
M009705,25.4,2,1,45.3,690.78,0,1,0.0
M009706,34.2,2,3,56.9,7389.52,0,0,0.0
M009707,63.1,1,2,53.4,909.19,0,0,0.0
M009708,48.2,1,3,130.7,4762.75,1,0,-0.081414
M009709,61.3,0,1,67.3,666.97,0,1,0.0
M009710,46.8,2,4,6.5,4606.42,0,1,0.0
M009711,44.8,1,1,30.1,2867.88,0,0,0.0
M009712,42.0,2,1,50.7,510.67,0,0,0.0
M009713,74.0,2,2,256.0,3125.8,0,0,0.0
M009714,48.6,1,1,87.0,9348.2,0,1,0.0
M009715,9.2,2,5,46.7,4967.89,0,0,0.0
M009716,56.3,4,5,60.3,34531.91,1,1,-0.112448
M009717,52.4,3,3,106.8,6924.39,0,0,0.0
M009718,30.5,2,3,48.5,8429.05,0,0,0.0
M009719,100.0,2,3,17.8,46041.14,0,1,0.0
M009720,33.1,4,3,60.0,1423.48,1,0,-0.095646
M009721,41.4,3,2,111.6,9078.39,1,0,-0.107888
M009722,39.6,1,3,87.1,534.01,0,0,0.0
M009723,82.4,1,2,78.1,2456.33,1,0,-0.073302
M009724,46.5,2,4,25.4,1321.43,0,0,0.0
M009725,58.7,3,4,54.3,3516.04,0,0,0.0
M009726,49.9,2,5,45.2,2109.64,1,0,-0.067662
M009727,66.9,2,2,17.7,653.02,0,1,0.0
M009728,40.1,4,4,83.6,3072.5,0,0,0.0
M009729,41.8,2,4,70.5,1372.89,1,0,-0.082109
M009730,35.5,1,1,29.0,1624.28,0,0,0.0
M009731,33.4,2,1,23.0,4227.29,0,0,0.0
M009732,50.9,2,1,38.8,6393.36,0,1,0.0
M009733,46.9,2,4,104.4,12857.74,0,0,0.0
M009734,44.1,3,4,17.7,2929.2,0,0,0.0
M009735,35.0,0,1,103.0,1839.27,0,0,0.0
M009736,53.6,2,2,92.0,2274.7,0,0,0.0
M009737,15.2,2,5,67.9,952.98,0,0,0.0
M009738,37.4,5,4,19.1,11018.74,1,1,-0.104307
M009739,42.7,1,3,38.2,529.77,0,1,0.0
M009740,26.2,0,1,19.0,27170.01,1,1,-0.121036
M009741,29.2,1,1,94.8,2463.04,0,1,0.0
M009742,55.7,1,2,23.7,2710.95,0,1,0.0
M009743,50.9,1,4,130.5,11912.89,0,0,0.0
M009744,34.7,2,2,116.3,6006.43,0,0,0.0
M009745,12.9,2,3,24.7,7182.06,1,1,-0.110691
M009746,39.0,2,1,41.3,2410.88,0,0,0.0
M009747,64.1,0,2,6.3,1850.3,0,0,0.0
M009748,47.8,1,1,63.4,1602.54,0,1,0.0
M009749,0.0,1,5,38.1,13240.84,0,0,0.0
M009750,67.2,1,2,81.4,582.87,0,0,0.0
M009751,48.1,2,2,41.1,1978.82,0,0,0.0
M009752,27.9,3,2,137.7,5674.43,1,1,-0.124329
M009753,31.8,0,3,101.5,2368.95,1,1,-0.101324
M009754,20.2,1,6,31.1,1453.61,1,1,-0.108438
M009755,63.7,0,6,108.8,1040.62,0,0,0.0
M009756,48.4,3,1,12.2,1598.17,1,1,-0.096068
M009757,34.3,3,5,21.8,1185.79,0,1,0.0
M009758,28.3,2,4,103.5,4706.91,1,0,-0.084066
M009759,63.7,3,3,36.1,3381.69,1,1,-0.098061
M009760,22.8,0,4,87.2,16905.92,0,0,0.0
M009761,66.0,2,3,45.2,2646.57,1,0,-0.078913
M009762,25.6,1,1,32.6,7128.42,0,1,0.0
M009763,45.2,2,1,37.9,288.88,0,0,0.0
M009764,48.3,0,3,89.6,461.65,0,1,0.0
M009765,45.9,2,6,54.6,1127.44,0,0,0.0
M009766,44.8,1,1,67.7,638.11,0,1,0.0
M009767,39.7,1,2,137.0,3249.18,1,0,-0.065769
M009768,90.3,0,2,35.9,3806.25,0,1,0.0
M009769,38.3,1,1,49.1,5171.29,1,0,-0.067214
M009770,10.2,3,3,53.3,1240.58,0,1,0.0
M009771,69.7,1,2,103.0,5622.75,0,1,0.0
M009772,62.9,4,5,30.8,7125.13,1,0,-0.084075
M009773,63.4,2,1,13.3,2290.15,0,0,0.0
M009774,35.9,3,4,30.6,3875.02,1,0,-0.103281
M009775,38.7,0,2,40.1,9316.73,1,0,-0.093343
M009776,48.4,5,1,70.2,13236.4,1,1,-0.105686
M009777,40.6,1,2,103.0,1112.52,0,0,0.0
M009778,46.9,2,3,27.3,892.47,1,1,-0.082007
M009779,59.7,4,5,34.9,868.2,0,1,0.0
M009780,66.2,0,2,36.0,5849.28,0,0,0.0
M009781,81.2,1,1,113.4,1905.6,0,0,0.0
M009782,40.6,3,1,42.9,6957.78,1,0,-0.099981
M009783,41.5,0,3,38.5,11088.15,0,0,0.0
M009784,92.6,1,1,140.6,2323.76,1,0,-0.061959
M009785,89.7,1,2,30.0,625.7,1,0,-0.098167
M009786,79.7,1,1,19.9,12800.7,0,0,0.0
M009787,46.3,2,2,36.5,8147.8,0,1,0.0
M009788,36.5,3,3,68.8,5288.96,1,0,-0.100615
M009789,48.9,0,2,59.1,1242.52,0,0,0.0
M009790,27.6,2,1,29.6,1164.08,0,0,0.0
M009791,89.7,2,1,81.2,1407.61,0,1,0.0
M009792,67.8,1,2,21.3,2738.22,0,1,0.0
M009793,11.4,1,2,117.6,2189.18,1,1,-0.112815
M009794,58.7,1,3,101.0,2264.92,1,0,-0.088153
M009795,74.5,3,2,123.3,809.98,1,0,-0.110648
M009796,86.7,3,2,32.9,940.55,0,1,0.0
M009797,27.2,2,3,106.8,5354.93,1,1,-0.098248
M009798,34.9,1,4,19.4,3756.73,0,1,0.0
M009799,35.4,1,1,67.0,956.1,0,0,0.0
M009800,49.8,0,6,62.2,24742.32,0,0,0.0
M009801,61.0,2,2,71.4,631.73,0,1,0.0
M009802,18.1,2,4,53.0,3406.41,0,1,0.0
M009803,57.6,0,5,68.8,1195.66,0,0,0.0
M009804,41.2,3,1,51.1,862.09,0,1,0.0
M009805,30.3,2,4,39.9,3461.27,0,0,0.0
M009806,75.0,0,2,47.5,426.59,0,1,0.0
M009807,65.2,0,1,65.5,630.0,0,1,0.0
M009808,78.5,0,1,36.3,2914.81,1,0,-0.096561
M009809,44.2,4,3,22.1,2584.42,0,1,0.0
M009810,21.2,2,1,59.4,11743.56,1,1,-0.096649
M009811,43.8,3,1,30.4,6863.79,0,1,0.0
M009812,10.9,1,3,29.7,4205.0,0,0,0.0
M009813,47.4,0,1,24.7,7636.21,0,0,0.0
M009814,42.3,2,2,18.1,6688.04,0,1,0.0
M009815,62.1,0,1,51.7,227.7,0,1,0.0
M009816,60.0,2,1,45.8,12746.03,0,0,0.0
M009817,5.5,0,4,2.7,370.07,0,0,0.0
M009818,61.4,2,4,155.6,4349.57,0,0,0.0
M009819,46.3,1,3,47.5,717.04,0,0,0.0
M009820,44.7,3,5,95.4,4715.41,1,1,-0.108908
M009821,56.9,4,2,63.7,17736.24,1,1,-0.101094
M009822,47.3,3,2,53.9,6950.09,1,0,-0.121023
M009823,55.4,3,2,21.4,3663.37,0,1,0.0
M009824,12.0,3,3,94.2,5221.63,1,0,-0.124145
M009825,67.9,2,6,146.5,1826.61,0,0,0.0
M009826,78.8,1,6,99.9,4796.31,0,0,0.0
M009827,57.4,1,5,18.5,14105.24,0,1,0.0
M009828,36.6,3,1,42.6,3051.64,1,0,-0.121443
M009829,44.6,1,1,81.4,3578.98,0,1,0.0
M009830,63.5,4,1,33.8,24238.03,1,0,-0.11576
M009831,13.4,0,2,41.8,2963.41,0,1,0.0
M009832,57.0,1,4,101.2,21329.91,0,1,0.0
M009833,75.5,0,3,63.5,1325.45,0,1,0.0
M009834,62.0,1,4,56.3,1134.43,0,0,0.0
M009835,44.1,3,4,106.1,2333.21,0,0,0.0
M009836,30.9,2,1,57.3,6930.98,0,0,0.0
M009837,45.7,4,5,46.0,786.46,1,1,-0.107049
M009838,20.7,2,2,68.3,7078.2,0,1,0.0
M009839,57.7,1,1,16.4,2976.97,0,0,0.0
M009840,69.5,2,1,47.0,1003.89,0,1,0.0
M009841,34.9,3,1,18.0,1294.48,1,1,-0.107703
M009842,40.8,3,3,83.4,89962.27,1,0,-0.09188
M009843,42.7,1,1,116.5,6395.1,0,0,0.0
M009844,27.1,2,1,42.7,2671.69,0,0,0.0
M009845,71.3,0,2,71.8,4640.67,0,0,0.0
M009846,31.5,3,2,92.2,5018.08,1,1,-0.115933
M009847,71.1,1,3,60.7,12884.96,0,1,0.0
M009848,64.2,1,1,58.9,1301.63,0,0,0.0
M009849,57.7,1,2,91.0,10974.87,0,0,0.0
M009850,70.1,1,5,29.7,4217.09,0,0,0.0
M009851,0.0,3,2,118.9,14056.0,0,0,0.0
M009852,60.4,1,2,30.5,11044.66,0,1,0.0
M009853,51.6,5,2,36.1,2625.36,1,0,-0.108961
M009854,36.6,2,1,59.3,3728.13,0,0,0.0
M009855,50.1,0,1,57.6,1641.9,0,0,0.0
M009856,38.1,2,6,100.8,1700.85,0,0,0.0
M009857,66.7,1,5,30.9,3184.94,0,0,0.0
M009858,10.2,1,1,60.4,6650.69,0,1,0.0
M009859,79.1,1,1,113.8,802.53,0,0,0.0
M009860,3.8,2,1,3.9,11020.4,1,0,-0.117567
M009861,54.1,1,3,39.6,5766.74,0,0,0.0
M009862,86.3,1,1,41.1,630.96,0,0,0.0
M009863,5.8,2,2,58.3,1743.59,1,0,-0.096709
M009864,14.1,2,1,15.8,5378.74,1,0,-0.085776
M009865,16.9,3,1,34.2,10886.92,1,1,-0.104146
M009866,48.7,1,1,42.8,278.78,0,1,0.0
M009867,37.3,3,2,9.3,2191.75,1,1,-0.076121
M009868,20.5,2,2,21.3,774.38,1,0,-0.122516
M009869,55.5,1,1,111.5,4053.32,0,1,0.0
M009870,46.3,2,5,51.5,7957.03,0,0,0.0
M009871,50.3,0,3,135.5,8759.4,0,0,0.0
M009872,47.6,0,1,4.8,4761.97,0,0,0.0
M009873,38.7,1,4,71.5,740.87,0,1,0.0
M009874,43.1,1,2,73.9,1557.01,0,0,0.0
M009875,39.9,2,4,6.4,2265.79,0,0,0.0
M009876,11.9,2,5,22.8,7459.31,0,1,0.0
M009877,53.9,0,2,17.6,824.25,0,0,0.0
M009878,29.6,3,1,21.0,999.61,1,1,-0.102318
M009879,46.1,2,1,82.7,2094.54,0,1,0.0
M009880,68.0,3,3,28.0,2061.92,0,1,0.0
M009881,0.0,1,1,23.7,1180.93,1,0,-0.103995
M009882,83.6,1,4,99.8,2164.79,0,1,0.0
M009883,59.5,1,2,11.7,3523.38,0,0,0.0
M009884,27.7,0,2,85.0,7527.28,1,0,-0.083074
M009885,70.0,2,1,47.1,20477.65,1,0,-0.09597
M009886,27.6,1,2,107.4,3433.73,0,1,0.0
M009887,48.9,1,2,99.4,726.94,0,0,0.0
M009888,54.2,0,3,35.9,2131.82,0,1,0.0
M009889,48.4,2,2,35.2,2196.95,0,1,0.0
M009890,55.7,4,1,102.0,1764.42,1,1,-0.118478
M009891,69.7,4,2,23.1,1255.87,0,0,0.0
M009892,70.4,3,4,5.6,14099.71,1,1,-0.101711
M009893,29.0,1,1,54.3,3513.93,0,1,0.0
M009894,46.2,4,3,2.0,3656.39,0,1,0.0
M009895,49.1,1,1,4.8,2969.34,0,0,0.0
M009896,58.9,3,3,78.2,1265.36,1,1,-0.107573
M009897,21.8,3,5,85.5,9586.12,0,1,0.0
M009898,53.4,2,2,68.6,7427.52,1,1,-0.103785
M009899,47.8,0,2,52.9,4436.87,0,0,0.0
M009900,18.3,1,4,140.7,2214.31,1,0,-0.123319
M009901,38.2,0,3,65.3,43233.38,0,1,0.0
M009902,58.4,2,3,130.8,1222.18,0,1,0.0
M009903,61.4,4,1,6.0,4434.51,0,1,0.0
M009904,46.9,1,1,78.9,1461.04,1,0,-0.089261
M009905,77.6,3,2,69.4,7621.02,0,1,0.0
M009906,67.5,2,2,19.4,1266.81,0,1,0.0
M009907,33.8,2,1,51.8,1014.06,0,0,0.0
M009908,60.4,2,3,4.8,15560.31,1,0,-0.078038
M009909,46.2,1,2,68.6,2837.0,0,0,0.0
M009910,55.5,2,1,65.8,782.95,0,1,0.0
M009911,38.0,1,1,16.2,30440.54,0,0,0.0
M009912,71.3,2,3,189.4,6145.6,0,0,0.0
M009913,58.8,4,4,42.4,13527.2,0,0,0.0
M009914,61.0,2,2,5.2,1464.87,0,0,0.0
M009915,48.1,1,1,127.7,2317.31,0,0,0.0
M009916,16.6,2,5,52.8,2222.76,1,1,-0.094441
M009917,60.9,0,2,60.6,2283.94,0,1,0.0
M009918,20.1,2,5,107.2,4913.26,0,1,0.0
M009919,7.9,4,3,75.3,2217.16,0,0,0.0
M009920,67.2,4,2,129.1,1204.56,1,1,-0.124265
M009921,27.6,2,2,62.2,5584.22,0,1,0.0
M009922,23.9,0,1,28.6,7779.63,0,0,0.0
M009923,26.0,0,4,93.3,1029.27,0,1,0.0
M009924,75.2,3,4,27.8,5361.22,1,1,-0.107615
M009925,27.4,2,2,38.7,8591.04,0,0,0.0
M009926,42.3,3,2,16.9,28005.42,0,0,0.0
M009927,55.6,3,2,146.6,9732.37,1,0,-0.111309
M009928,33.8,1,4,102.6,396.78,0,0,0.0
M009929,40.3,0,1,46.2,1522.75,0,1,0.0
M009930,48.5,0,6,71.8,8958.28,0,1,0.0
M009931,56.6,2,1,45.0,641.75,0,0,0.0
M009932,65.3,2,1,82.9,5284.92,0,1,0.0
M009933,34.5,1,1,50.9,1986.31,0,0,0.0
M009934,68.9,1,4,27.5,1671.97,0,0,0.0
M009935,51.2,2,2,66.8,764.9,0,0,0.0
M009936,55.8,2,2,114.1,1168.79,0,1,0.0
M009937,73.9,3,5,42.5,3732.13,1,0,-0.122834
M009938,25.7,3,3,42.1,1284.15,0,0,0.0
M009939,27.9,2,5,18.0,4226.41,0,1,0.0
M009940,54.5,2,3,94.4,2226.27,0,1,0.0
M009941,61.2,2,2,30.4,1989.14,1,1,-0.097552
M009942,61.7,1,3,161.8,2511.15,0,0,0.0
M009943,59.5,0,2,50.7,3283.9,1,0,-0.069573
M009944,26.2,1,5,15.9,1037.75,0,0,0.0
M009945,14.5,3,2,48.2,995.97,1,0,-0.10619
M009946,10.3,0,3,36.9,2324.47,0,1,0.0
M009947,89.8,0,4,86.2,16151.69,0,0,0.0
M009948,45.4,1,2,75.7,16171.15,0,1,0.0
M009949,23.9,1,3,95.5,2258.01,0,1,0.0
M009950,14.9,1,6,39.5,9677.36,1,0,-0.088367
M009951,38.0,2,3,30.9,4736.73,0,0,0.0
M009952,57.5,0,4,32.4,5318.71,1,1,-0.098035
M009953,51.4,2,1,145.2,3143.86,0,0,0.0
M009954,44.5,0,3,135.3,2974.59,1,0,-0.063114
M009955,51.0,2,1,106.2,3329.67,0,0,0.0
M009956,44.1,1,1,31.6,4676.1,0,0,0.0
M009957,29.9,5,2,60.3,4115.19,1,1,-0.104572
M009958,75.8,3,2,91.7,397.65,1,0,-0.124312
M009959,48.3,3,3,69.6,5412.18,1,0,-0.099663
M009960,36.7,1,1,48.5,1410.73,1,0,-0.109283
M009961,22.2,2,4,22.6,1297.55,1,1,-0.112818
M009962,84.2,0,6,84.5,1717.28,0,0,0.0
M009963,81.6,3,4,38.6,2139.43,1,0,-0.122693
M009964,22.6,1,1,83.1,2395.17,1,1,-0.102252
M009965,29.4,0,2,94.9,674.76,0,1,0.0
M009966,7.2,0,1,54.9,1994.43,0,0,0.0
M009967,65.1,0,2,58.7,3898.29,0,1,0.0
M009968,78.4,0,2,17.1,404.29,1,0,-0.097396
M009969,62.0,0,1,22.6,9139.17,0,1,0.0
M009970,57.7,5,6,17.6,2145.43,0,1,0.0
M009971,49.3,1,2,120.9,2592.19,0,0,0.0
M009972,51.7,1,1,72.7,3037.68,0,1,0.0
M009973,23.5,5,2,104.8,1786.62,1,1,-0.091163
M009974,66.9,2,5,40.2,13823.52,1,0,-0.073984
M009975,46.6,1,3,35.4,16234.17,0,1,0.0
M009976,47.3,4,6,34.3,6517.43,1,0,-0.097629
M009977,46.8,1,6,147.7,2825.42,0,0,0.0
M009978,83.1,1,2,144.4,6954.45,1,0,-0.053987
M009979,8.3,2,3,63.8,427.5,0,1,0.0
M009980,60.5,1,4,40.8,31261.43,0,0,0.0
M009981,34.1,1,2,118.6,2424.73,0,0,0.0
M009982,62.8,1,3,128.3,8881.81,0,0,0.0
M009983,54.7,3,4,138.2,2975.41,1,0,-0.119031
M009984,18.1,1,4,168.7,5591.59,1,1,-0.110593
M009985,87.7,0,2,23.8,725.4,0,0,0.0
M009986,73.7,2,3,29.7,470.79,0,1,0.0
M009987,45.4,1,1,149.4,578.22,0,1,0.0
M009988,59.8,0,3,29.9,756.25,0,1,0.0
M009989,54.3,2,4,20.9,1441.4,0,0,0.0
M009990,34.8,1,1,52.0,13670.3,0,0,0.0
M009991,62.2,4,5,10.8,12626.46,0,1,0.0
M009992,41.1,1,2,15.2,3615.74,0,0,0.0
M009993,11.5,1,3,73.0,2699.25,0,0,0.0
M009994,34.1,2,2,54.2,2382.44,0,1,0.0
M009995,34.0,2,3,17.1,3133.02,0,1,0.0
M009996,40.2,1,4,26.8,6867.37,0,0,0.0
M009997,55.8,4,6,24.7,454.33,1,1,-0.10097
M009998,60.8,3,1,58.0,1196.55,0,0,0.0
M009999,52.5,5,3,140.1,3947.29,0,0,0.0
M010000,55.5,2,2,10.4,2540.85,0,0,0.0
M010001,30.6,1,2,45.4,3025.89,0,1,0.0
M010002,49.9,4,2,76.4,6014.04,0,1,0.0
M010003,60.2,1,2,119.3,17878.05,0,1,0.0
M010004,18.7,1,4,42.7,7047.35,0,1,0.0
M010005,39.2,1,3,12.5,2570.49,0,0,0.0
M010006,44.3,0,2,12.5,10392.14,1,1,-0.12108
M010007,38.2,2,5,70.4,3774.89,0,1,0.0
M010008,43.6,1,1,189.2,1210.41,0,0,0.0
M010009,18.9,3,5,26.5,6013.69,1,0,-0.107783
M010010,84.8,0,4,39.3,2672.92,0,0,0.0
M010011,31.4,1,1,43.6,5591.49,0,0,0.0
M010012,21.1,0,3,44.6,5308.35,0,0,0.0
M010013,46.9,3,3,57.2,540.4,1,0,-0.100283
M010014,84.0,1,1,20.8,1451.29,1,0,-0.086991
M010015,84.6,5,6,74.3,2394.58,1,0,-0.104771
M010016,55.4,0,1,48.6,2969.72,0,0,0.0
M010017,73.5,1,6,49.1,1614.74,0,1,0.0
M010018,55.7,1,2,40.4,5520.65,0,1,0.0
M010019,32.0,2,3,43.7,1207.55,0,0,0.0
M010020,35.9,2,1,26.6,2156.66,0,0,0.0
M010021,15.2,5,1,41.6,3251.97,0,0,0.0
M010022,66.7,3,5,61.8,1485.36,0,1,0.0
M010023,32.1,2,1,26.2,19177.6,0,0,0.0
M010024,18.5,0,1,50.7,9735.5,0,0,0.0
M010025,36.8,1,3,45.8,1637.82,0,0,0.0
M010026,34.8,5,1,266.4,2067.39,1,1,-0.114827
M010027,23.9,3,3,32.3,9233.43,0,1,0.0
M010028,25.1,2,4,18.0,279.36,0,1,0.0
M010029,75.0,3,2,15.0,3774.37,1,1,-0.106121
M010030,89.6,2,1,44.8,1992.58,0,1,0.0
M010031,68.8,2,2,128.2,2507.98,0,0,0.0
M010032,55.5,2,4,76.2,9761.34,0,0,0.0
M010033,42.3,1,5,43.1,15344.54,0,1,0.0
M010034,47.6,1,5,40.7,12920.92,0,0,0.0
M010035,54.3,1,3,73.9,7297.98,0,0,0.0
M010036,11.0,1,2,105.8,693.46,0,1,0.0
M010037,56.0,3,4,2.3,2173.5,0,1,0.0
M010038,46.8,0,2,119.2,7193.87,0,0,0.0
M010039,27.7,1,6,54.9,5059.23,0,0,0.0
M010040,33.5,1,2,23.3,7332.56,0,0,0.0
M010041,53.4,4,2,20.5,9893.15,1,1,-0.097015
M010042,55.2,0,3,54.6,2173.94,0,0,0.0
M010043,71.9,3,2,44.7,3096.2,0,0,0.0
M010044,66.8,1,1,23.1,3702.81,0,0,0.0
M010045,40.1,1,4,35.9,2183.17,0,0,0.0
M010046,37.9,1,2,28.5,12665.39,0,0,0.0
M010047,40.9,1,2,300.0,3225.13,0,0,0.0
M010048,23.3,0,1,37.6,19729.82,0,0,0.0
M010049,36.9,1,1,30.5,2875.02,0,0,0.0
M010050,18.1,2,3,31.5,1624.33,1,1,-0.093395
M010051,33.1,2,1,63.5,380.16,0,0,0.0
M010052,32.4,1,3,40.1,9349.14,0,0,0.0
M010053,56.9,1,1,17.8,425.43,0,0,0.0
M010054,28.9,1,2,39.5,2897.74,0,0,0.0
M010055,36.7,2,3,85.7,1351.84,0,1,0.0
M010056,14.4,3,4,61.7,397.99,1,1,-0.113863
M010057,54.7,2,3,48.0,7629.68,0,0,0.0
M010058,63.4,1,1,16.5,13625.83,0,1,0.0
M010059,48.3,1,3,35.1,2658.56,1,1,-0.094209
M010060,59.1,5,2,80.8,1477.41,1,0,-0.123582
M010061,7.0,2,6,99.5,2984.9,1,1,-0.101013
M010062,31.1,1,4,69.8,1926.72,0,0,0.0
M010063,29.7,1,3,79.3,3005.61,0,0,0.0
M010064,39.3,1,3,40.7,405.42,0,0,0.0
M010065,70.3,1,3,88.2,3038.56,0,0,0.0
M010066,32.5,3,2,35.7,2395.65,0,1,0.0
M010067,28.1,2,6,35.4,6566.39,0,0,0.0
M010068,2.0,1,1,34.1,38222.89,1,1,-0.11357
M010069,53.0,0,2,25.6,4710.78,0,0,0.0
M010070,86.6,0,4,76.1,1068.37,0,0,0.0
M010071,30.8,1,2,107.2,23131.45,0,0,0.0
M010072,64.8,1,4,87.3,689.74,0,0,0.0
M010073,43.4,2,3,8.4,5946.98,1,0,-0.075073
M010074,37.7,2,3,34.4,10760.45,0,1,0.0
M010075,32.0,1,2,72.7,1781.23,1,1,-0.112155
M010076,76.1,3,1,75.1,11124.4,1,1,-0.0629
M010077,67.6,4,4,89.6,3178.99,0,0,0.0
M010078,44.5,0,1,74.0,592.55,0,0,0.0
M010079,32.3,1,2,25.5,8130.94,0,1,0.0
M010080,38.3,3,1,48.8,3847.11,0,1,0.0
M010081,44.0,1,2,23.0,2003.92,0,1,0.0
M010082,57.5,3,2,25.6,4499.49,1,0,-0.120954
M010083,14.8,0,2,3.6,413.54,0,1,0.0
M010084,66.2,1,1,57.3,3869.39,0,1,0.0
M010085,60.2,4,4,108.5,2046.45,1,1,-0.123745
M010086,47.7,3,2,81.2,1331.03,0,1,0.0
M010087,61.3,4,5,25.9,3894.4,1,1,-0.093834
M010088,17.7,3,2,36.6,17194.46,1,1,-0.101797
M010089,41.1,0,4,111.4,2948.17,0,0,0.0
M010090,46.1,2,3,96.0,6092.46,0,0,0.0
M010091,34.0,0,4,163.7,6400.64,0,0,0.0
M010092,45.7,1,6,62.6,18849.72,0,0,0.0
M010093,47.6,2,2,21.9,3937.91,0,0,0.0
M010094,33.6,3,3,44.0,1330.37,1,1,-0.109618
M010095,45.0,0,1,7.5,592.25,0,0,0.0
M010096,55.8,1,1,117.7,4083.81,0,0,0.0
M010097,53.1,4,2,46.0,6987.64,1,0,-0.118189
M010098,43.4,2,1,31.5,6837.97,0,0,0.0
M010099,50.9,0,4,104.1,5376.25,0,0,0.0
M010100,34.6,1,3,53.1,7713.03,0,0,0.0
M010101,63.2,1,3,19.0,4456.63,0,1,0.0
M010102,36.0,3,3,92.0,1005.91,0,1,0.0
M010103,37.4,1,2,27.9,1120.88,1,1,-0.112107
M010104,64.6,0,1,57.6,1089.77,1,0,-0.102432
M010105,72.1,3,3,73.9,3068.27,1,1,-0.123664
M010106,89.9,1,4,45.2,452.72,0,1,0.0
M010107,30.2,1,1,99.9,11777.15,0,0,0.0
M010108,29.7,0,3,20.3,4616.47,0,1,0.0
M010109,65.7,2,3,71.3,3885.26,0,0,0.0
M010110,78.8,1,4,95.0,3116.76,0,0,0.0
M010111,67.0,2,1,128.4,3553.96,0,1,0.0
M010112,29.4,2,4,20.9,11439.21,0,0,0.0
M010113,62.9,1,3,42.4,1874.99,0,0,0.0
M010114,54.0,0,5,36.2,2733.81,0,0,0.0
M010115,49.2,1,2,126.9,16698.34,0,0,0.0
M010116,0.0,2,2,79.0,2001.48,1,1,-0.10351
M010117,35.9,1,1,130.2,1221.46,0,0,0.0
M010118,38.0,1,1,67.6,4916.7,1,0,-0.096406
M010119,65.5,1,1,59.2,6558.13,0,0,0.0
M010120,47.0,1,2,86.8,6697.41,0,0,0.0
M010121,44.4,3,4,76.8,902.78,1,1,-0.117415
M010122,31.4,2,1,97.9,8541.71,0,0,0.0
M010123,52.5,0,3,115.5,1257.13,0,0,0.0
M010124,49.7,1,5,63.3,9010.45,1,0,-0.076869
M010125,43.0,1,4,38.8,2776.24,0,0,0.0
M010126,51.1,3,4,86.5,7589.0,1,1,-0.103526
M010127,65.7,1,1,44.6,1611.39,0,0,0.0
M010128,67.9,5,4,17.2,4779.75,1,1,-0.106518
M010129,59.2,2,1,83.6,4197.14,0,0,0.0
M010130,70.4,2,3,67.1,1400.28,0,0,0.0
M010131,32.0,0,3,68.4,1152.0,0,0,0.0
M010132,69.8,2,1,42.3,85757.26,0,0,0.0
M010133,36.8,2,4,74.7,437.57,0,0,0.0
M010134,46.0,3,2,125.4,1506.04,0,0,0.0
M010135,37.3,1,2,74.8,1672.17,0,0,0.0
M010136,72.8,1,3,57.0,34963.17,0,0,0.0
M010137,12.4,3,4,41.6,1601.09,0,1,0.0
M010138,25.1,1,3,19.7,4390.01,0,0,0.0
M010139,78.5,0,2,25.9,10900.66,0,1,0.0
M010140,46.0,5,3,45.8,3037.05,1,1,-0.087185
M010141,0.0,3,2,65.0,7190.52,1,1,-0.095222
M010142,64.1,2,1,27.2,2857.38,0,0,0.0
M010143,14.5,1,4,69.9,1283.66,1,0,-0.120512
M010144,57.2,1,1,20.6,927.8,0,1,0.0
M010145,74.5,4,5,28.1,1193.64,1,1,-0.092222
M010146,51.4,1,6,53.1,3454.1,0,0,0.0
M010147,38.5,1,6,82.2,9038.04,0,0,0.0
M010148,52.2,2,3,136.0,9880.19,0,1,0.0
M010149,23.1,2,2,49.6,2530.43,1,1,-0.095759
M010150,21.2,1,3,22.9,3368.25,1,0,-0.081716
M010151,50.7,0,1,29.2,1896.43,0,1,0.0
M010152,44.2,3,3,34.7,1809.82,0,1,0.0
M010153,33.9,0,3,32.1,252.99,0,0,0.0
M010154,48.5,2,1,136.0,2918.47,0,1,0.0
M010155,51.2,3,2,73.0,1575.31,1,0,-0.112785
M010156,43.9,0,5,34.4,645.03,1,1,-0.111022
M010157,19.1,2,5,66.6,1251.17,0,0,0.0
M010158,31.2,1,1,42.8,2676.07,0,0,0.0
M010159,58.0,2,3,134.2,4423.79,0,0,0.0
M010160,40.6,1,5,107.1,8634.07,0,0,0.0
M010161,69.0,1,2,7.5,333.86,0,0,0.0
M010162,35.2,1,4,49.5,16133.18,0,0,0.0
M010163,49.1,1,2,83.5,1680.83,1,0,-0.073757
M010164,64.3,4,1,66.8,11540.21,1,1,-0.087921
M010165,70.6,1,2,72.9,3282.41,0,0,0.0
M010166,57.5,2,4,11.7,5899.98,0,0,0.0
M010167,18.0,1,6,70.7,2598.8,0,1,0.0
M010168,35.0,3,1,74.8,1215.92,0,1,0.0
M010169,33.8,5,2,93.2,7105.93,1,1,-0.101764
M010170,49.5,5,2,28.5,4847.46,1,1,-0.099147
M010171,50.6,3,4,5.3,3037.15,0,1,0.0
M010172,64.5,2,3,26.6,628.93,0,0,0.0
M010173,17.0,3,5,112.8,1300.64,0,0,0.0
M010174,36.0,0,4,20.2,2097.76,0,0,0.0
M010175,54.8,1,4,87.4,6386.14,0,0,0.0
M010176,64.4,1,1,86.3,1092.53,0,1,0.0
M010177,44.9,0,3,47.9,3787.29,0,0,0.0
M010178,56.4,3,1,43.5,5048.69,1,1,-0.077052
M010179,57.1,1,1,62.5,1553.11,1,0,-0.100119
M010180,21.0,2,6,101.4,3498.4,0,1,0.0
M010181,75.5,0,3,56.5,1947.55,0,0,0.0
M010182,71.7,3,1,80.8,19872.05,1,1,-0.113722
M010183,86.8,2,6,21.1,1744.14,0,0,0.0
M010184,40.9,0,1,17.9,1435.53,0,1,0.0
M010185,55.3,0,6,70.3,3740.31,0,0,0.0
M010186,30.5,3,1,160.2,2828.68,0,1,0.0
M010187,79.4,2,2,94.6,2796.27,0,0,0.0
M010188,22.6,1,3,34.7,2561.34,0,0,0.0
M010189,33.3,1,1,65.9,2813.45,1,0,-0.11654
M010190,65.5,0,3,47.3,4882.82,1,0,-0.082838
M010191,14.3,3,2,43.4,1367.25,1,1,-0.115245
M010192,57.5,0,2,92.7,4869.4,0,1,0.0
M010193,49.5,2,2,67.1,1798.88,0,0,0.0
M010194,58.0,0,4,92.6,1674.72,0,0,0.0
M010195,32.9,1,4,51.3,4570.94,0,0,0.0
M010196,35.3,2,3,170.6,14819.1,0,0,0.0
M010197,72.6,2,1,110.6,2854.73,0,0,0.0
M010198,32.9,2,1,13.3,1135.42,0,0,0.0
M010199,58.9,0,5,44.9,710.54,0,0,0.0
M010200,35.0,3,1,45.8,664.18,1,1,-0.074306
M010201,38.3,0,1,13.8,6263.06,0,0,0.0
M010202,30.5,2,2,59.1,945.96,0,0,0.0
M010203,22.4,1,2,51.3,5473.18,0,1,0.0
M010204,24.0,2,3,18.8,27282.51,1,1,-0.111545
M010205,14.4,5,2,63.0,1056.24,0,1,0.0
M010206,48.7,1,1,124.7,10365.91,0,0,0.0
M010207,56.7,1,5,8.6,70428.78,0,0,0.0
M010208,49.1,0,5,42.3,2621.01,0,0,0.0
M010209,60.9,4,1,46.1,1234.67,0,1,0.0
M010210,62.1,2,6,45.6,5957.67,0,0,0.0
M010211,64.0,1,4,45.6,805.46,0,0,0.0
M010212,70.1,3,4,16.9,6018.9,0,1,0.0
M010213,31.7,0,3,20.1,916.4,0,1,0.0
M010214,27.8,2,3,94.6,1392.52,0,1,0.0
M010215,59.2,1,3,24.7,3537.41,1,0,-0.106435
M010216,38.6,4,1,31.2,9604.72,1,1,-0.080882
M010217,26.1,5,2,43.9,4553.21,0,1,0.0
M010218,27.0,4,1,125.8,2914.14,1,0,-0.108419
M010219,30.0,2,1,92.2,309.41,0,0,0.0
M010220,59.3,1,4,91.1,19419.23,1,0,-0.097809
M010221,61.0,2,3,103.3,1703.23,0,0,0.0
M010222,14.6,0,5,79.5,2261.72,0,0,0.0
M010223,64.9,2,2,29.1,4164.28,0,1,0.0
M010224,4.7,2,2,156.2,4463.62,1,0,-0.12394
M010225,16.8,1,3,251.3,7784.73,0,0,0.0
M010226,12.5,2,3,59.5,3759.45,1,1,-0.106949
M010227,62.6,4,1,40.2,375.84,1,1,-0.079618
M010228,6.0,3,4,128.4,1158.16,0,1,0.0
M010229,41.8,0,2,74.2,9113.67,0,0,0.0
M010230,25.2,1,3,27.9,852.6,0,0,0.0
M010231,62.5,3,3,115.4,509.62,0,0,0.0
M010232,61.6,0,4,72.0,11167.43,0,1,0.0
M010233,47.1,4,3,69.2,292.75,1,1,-0.122192
M010234,84.6,2,1,45.7,791.61,0,0,0.0
M010235,42.6,0,3,8.5,2355.8,0,0,0.0
M010236,34.1,2,6,60.8,8262.42,0,0,0.0
M010237,35.8,0,2,221.3,3537.25,0,0,0.0
M010238,42.2,2,2,80.3,21882.07,0,1,0.0
M010239,41.8,3,2,39.5,1505.81,0,1,0.0
M010240,58.4,1,5,5.5,433.28,0,0,0.0
M010241,94.9,0,2,95.0,2655.08,0,1,0.0
M010242,34.3,0,2,29.4,2260.45,0,0,0.0
M010243,33.0,3,3,12.9,1879.36,1,1,-0.105835
M010244,4.9,2,5,79.5,3702.59,1,1,-0.11437
M010245,52.6,1,4,21.4,7294.92,0,0,0.0
M010246,51.9,3,2,53.1,3597.0,1,0,-0.070316
M010247,27.7,0,1,56.3,6459.85,0,1,0.0
M010248,6.3,2,2,43.5,1109.17,0,1,0.0
M010249,55.0,3,1,21.6,1214.39,0,1,0.0
M010250,59.3,3,4,236.6,4100.85,1,1,-0.124267
M010251,46.3,1,4,162.9,1463.44,1,0,-0.061987
M010252,70.9,1,3,49.4,1995.89,0,0,0.0
M010253,44.0,2,3,25.4,1862.65,0,0,0.0
M010254,43.6,3,1,86.9,4114.61,1,1,-0.108506
M010255,40.2,2,2,89.1,702.34,0,0,0.0
M010256,31.1,1,1,37.2,537.45,0,0,0.0
M010257,53.6,3,6,62.4,2578.59,1,1,-0.094638
M010258,27.2,0,3,23.9,5566.59,1,0,-0.103578
M010259,79.2,2,1,18.9,1111.15,0,1,0.0
M010260,47.9,2,2,54.8,7237.21,0,1,0.0
M010261,63.6,0,6,41.9,1317.36,0,0,0.0
M010262,61.1,2,1,12.9,12020.23,0,0,0.0
M010263,61.9,1,3,5.7,784.62,0,0,0.0
M010264,42.1,0,3,39.9,1096.31,0,0,0.0
M010265,16.0,1,1,38.2,3614.86,1,1,-0.094487
M010266,43.5,3,1,80.2,1439.59,0,1,0.0
M010267,50.7,2,6,13.8,4945.04,0,0,0.0
M010268,24.2,3,3,54.2,731.03,1,1,-0.09433
M010269,52.7,3,2,23.2,1660.82,0,1,0.0
M010270,70.8,2,4,64.6,1306.07,1,0,-0.073154
M010271,25.5,2,2,29.4,8705.79,1,0,-0.064253
M010272,51.3,0,2,166.8,4703.19,1,0,-0.062159
M010273,45.3,1,3,59.1,2398.9,0,1,0.0
M010274,0.0,0,1,14.5,8255.94,0,0,0.0
M010275,28.4,0,2,99.2,2757.37,0,0,0.0
M010276,30.3,2,4,22.6,1452.81,0,1,0.0
M010277,54.8,2,1,67.8,1601.12,0,0,0.0
M010278,82.1,2,1,44.7,4410.57,0,1,0.0
M010279,41.2,5,3,98.5,3803.91,1,0,-0.106811
M010280,59.7,0,4,72.7,1186.82,0,0,0.0
M010281,54.3,3,1,7.1,236.52,0,0,0.0
M010282,13.4,4,2,32.4,2396.28,0,0,0.0
M010283,46.6,1,5,34.8,5254.98,0,0,0.0
M010284,78.9,0,2,79.3,6563.95,0,0,0.0
M010285,28.8,2,2,42.0,857.09,0,1,0.0
M010286,59.0,0,1,31.1,5860.44,0,0,0.0
M010287,86.2,2,1,25.4,6222.04,0,1,0.0
M010288,65.7,4,2,29.4,11082.88,0,0,0.0
M010289,32.0,2,1,177.0,3472.99,0,0,0.0
M010290,10.5,3,2,8.7,1295.84,1,1,-0.100502
M010291,67.1,1,1,72.1,4353.04,0,1,0.0
M010292,58.7,1,3,67.0,5522.02,0,0,0.0
M010293,34.1,5,4,75.1,2119.67,1,0,-0.121054
M010294,36.3,2,6,9.3,1378.26,0,0,0.0
M010295,84.8,1,4,37.0,3374.22,1,0,-0.090843
M010296,0.8,2,1,20.4,4657.23,0,0,0.0
M010297,56.9,0,2,23.5,5445.14,0,1,0.0
M010298,52.8,1,5,27.6,4809.82,0,1,0.0
M010299,72.6,2,1,75.7,170.31,0,0,0.0
M010300,54.0,1,1,1.7,1476.67,0,0,0.0
M010301,41.7,1,3,33.4,834.47,0,1,0.0
M010302,16.5,1,1,103.2,231.53,1,0,-0.116753
M010303,0.0,0,3,70.5,13762.2,0,0,0.0
M010304,44.1,4,2,54.3,16048.64,0,0,0.0
M010305,25.0,1,4,19.3,4197.62,1,1,-0.078056
M010306,17.7,1,1,87.9,25437.37,1,1,-0.100423
M010307,72.0,1,3,174.4,5220.6,0,0,0.0
M010308,58.2,2,5,89.0,7337.81,0,0,0.0
M010309,41.4,2,2,55.9,6097.24,0,0,0.0
M010310,58.7,1,2,85.7,3628.86,0,0,0.0
M010311,25.8,3,3,45.2,1491.64,0,1,0.0
M010312,40.0,3,4,36.7,788.71,0,1,0.0
M010313,40.2,1,3,45.1,1887.65,0,1,0.0
M010314,24.9,1,2,8.8,1903.84,0,1,0.0
M010315,47.6,1,1,117.0,4481.46,0,0,0.0
M010316,68.8,3,4,41.1,5514.66,1,0,-0.11874
M010317,48.7,1,1,55.2,1053.5,0,0,0.0
M010318,56.2,2,4,32.3,1609.83,0,0,0.0
M010319,46.3,3,5,37.9,4646.48,0,0,0.0
M010320,32.3,1,4,26.6,724.08,0,1,0.0
M010321,53.1,2,2,83.8,3639.08,0,0,0.0
M010322,52.4,1,1,31.2,35805.06,1,1,-0.114066
M010323,26.6,0,2,34.1,21014.45,0,0,0.0
M010324,65.7,1,1,59.5,452.12,0,0,0.0
M010325,60.9,1,1,104.6,8145.4,0,0,0.0
M010326,22.7,0,4,172.9,2587.21,0,0,0.0
M010327,22.7,0,3,153.5,3171.58,0,0,0.0
M010328,42.0,1,1,21.0,87182.63,0,1,0.0
M010329,43.3,5,5,51.4,940.93,1,1,-0.090652
M010330,30.0,0,1,109.0,1395.46,0,0,0.0
M010331,0.0,0,2,47.6,2295.89,0,0,0.0
M010332,69.4,2,2,41.1,6982.8,0,1,0.0
M010333,60.9,1,5,14.8,382.65,0,0,0.0
M010334,36.8,3,2,67.1,2764.56,0,1,0.0
M010335,43.9,0,1,75.7,788.37,0,0,0.0
M010336,23.8,4,3,96.9,3723.56,0,0,0.0
M010337,50.4,4,5,61.3,3737.57,1,0,-0.114362
M010338,71.9,2,2,115.3,5044.14,0,0,0.0
M010339,31.5,0,2,225.7,5738.35,0,0,0.0
M010340,40.2,2,2,16.1,14644.83,0,0,0.0
M010341,44.5,0,1,52.4,1235.54,0,0,0.0
M010342,57.1,1,2,148.3,2871.05,0,0,0.0
M010343,51.1,1,1,28.5,457.57,0,1,0.0
M010344,59.4,2,1,92.8,5102.67,0,0,0.0
M010345,19.5,2,3,71.1,5341.66,1,0,-0.111156
M010346,43.8,1,4,28.5,3693.87,0,0,0.0
M010347,41.9,1,5,32.0,5472.17,0,0,0.0
M010348,45.2,1,5,58.4,610.82,0,0,0.0
M010349,2.4,0,1,23.6,2672.38,0,0,0.0
M010350,44.8,0,3,36.6,915.52,0,1,0.0
M010351,49.9,1,2,106.0,1813.91,0,1,0.0
M010352,37.9,4,3,87.6,1337.4,1,0,-0.094947
M010353,40.8,3,3,72.0,7965.02,1,1,-0.090839
M010354,86.1,0,1,9.2,822.73,0,0,0.0
M010355,41.6,1,4,103.3,7214.36,0,0,0.0
M010356,16.9,1,4,7.7,13496.1,0,1,0.0
M010357,71.6,4,1,52.4,14029.72,1,1,-0.114733
M010358,18.6,4,1,23.0,1401.07,0,0,0.0
M010359,46.5,1,6,114.9,1331.98,1,0,-0.085168
M010360,27.7,3,3,45.7,1310.8,1,1,-0.110902
M010361,35.0,2,1,8.9,6553.3,0,0,0.0
M010362,0.0,4,4,38.5,6381.09,0,0,0.0
M010363,85.0,0,2,34.7,2187.23,0,0,0.0
M010364,77.4,1,1,48.5,2632.7,0,0,0.0
M010365,21.8,2,3,24.6,12286.99,0,0,0.0
M010366,22.8,1,2,23.7,2797.49,0,0,0.0
M010367,56.5,1,2,154.9,20612.03,0,1,0.0
M010368,37.3,0,5,13.1,14342.7,0,0,0.0
M010369,66.0,2,2,86.3,2741.48,0,0,0.0
M010370,12.8,1,5,32.5,7972.41,0,0,0.0
M010371,38.0,3,1,10.0,1430.08,1,0,-0.088395
M010372,33.2,4,4,31.4,3420.04,0,0,0.0
M010373,25.2,1,1,105.4,4617.22,0,0,0.0
M010374,43.3,1,1,71.5,4616.64,0,0,0.0
M010375,72.6,2,2,51.1,2210.94,1,0,-0.107498
M010376,72.0,0,1,44.0,6252.74,0,1,0.0
M010377,76.6,2,5,19.4,214.38,0,0,0.0
M010378,56.2,3,2,52.4,1833.42,1,1,-0.11284
M010379,20.6,2,4,89.5,275.55,1,0,-0.124237
M010380,30.1,1,4,21.5,5582.96,0,0,0.0
M010381,93.4,1,1,41.2,20073.16,0,1,0.0
M010382,74.1,2,4,47.1,384.36,0,0,0.0
M010383,41.4,1,3,25.9,3186.61,0,0,0.0
M010384,70.5,2,1,118.3,2089.66,0,0,0.0
M010385,45.5,0,3,12.2,4582.33,0,0,0.0
M010386,64.6,0,2,66.2,3489.28,1,1,-0.087736
M010387,42.0,2,4,73.8,1047.18,0,0,0.0
M010388,35.7,1,5,82.9,4477.77,0,0,0.0
M010389,44.3,1,1,55.3,8967.76,0,0,0.0
M010390,17.4,1,2,29.8,720.47,1,0,-0.102609
M010391,29.3,0,3,129.5,6642.35,0,0,0.0
M010392,31.7,2,2,90.6,18268.34,1,0,-0.065673
M010393,42.3,2,1,179.2,6915.94,1,0,-0.065889
M010394,40.4,5,1,79.1,3523.3,1,0,-0.107085
M010395,63.2,1,3,37.3,4635.12,1,0,-0.072078
M010396,9.6,2,2,82.0,48675.56,1,1,-0.113645
M010397,51.2,2,3,86.9,3041.04,0,0,0.0
M010398,58.3,1,3,42.7,3382.99,0,0,0.0
M010399,66.9,0,3,90.2,1573.99,0,0,0.0
M010400,72.3,2,3,126.6,1654.14,0,0,0.0
M010401,24.7,0,4,38.0,991.28,1,0,-0.07971
M010402,69.2,0,1,22.0,219.81,1,1,-0.097286
M010403,69.4,3,2,33.2,1572.24,1,1,-0.102624
M010404,48.0,2,2,106.7,17378.53,0,0,0.0
M010405,62.6,2,1,19.4,1611.46,0,0,0.0
M010406,47.9,1,3,297.6,1472.16,0,0,0.0
M010407,27.1,0,2,73.4,1327.53,0,0,0.0
M010408,33.1,1,1,52.2,29132.16,1,0,-0.072938
M010409,58.2,2,3,87.5,4117.95,0,0,0.0
M010410,20.1,1,4,95.3,26968.24,0,0,0.0
M010411,51.7,1,3,13.0,1926.67,1,0,-0.082553
M010412,38.9,1,5,84.6,7139.0,0,1,0.0
M010413,3.7,1,2,87.7,202.28,1,0,-0.109695
M010414,47.4,5,1,91.1,1009.28,1,1,-0.092445
M010415,52.7,5,3,77.7,4534.31,1,1,-0.086583
M010416,71.3,1,2,44.3,294.36,0,0,0.0
M010417,0.0,2,2,152.8,715.55,1,1,-0.122403
M010418,54.8,1,4,56.7,5643.86,0,0,0.0
M010419,19.2,1,2,8.5,13417.57,1,1,-0.07824
M010420,44.7,1,4,52.2,4351.63,0,0,0.0
M010421,35.8,0,3,15.0,2353.95,0,1,0.0
M010422,43.7,3,2,31.1,2629.49,0,1,0.0
M010423,44.6,1,4,117.7,2136.29,0,0,0.0
M010424,21.7,1,3,56.6,3641.29,0,0,0.0
M010425,56.5,2,2,45.6,989.55,0,0,0.0
M010426,62.9,1,1,43.0,1698.4,0,1,0.0
M010427,77.7,2,1,15.3,514.82,0,1,0.0
M010428,42.7,2,4,32.2,3785.4,0,0,0.0
M010429,52.9,0,3,21.5,1599.07,0,0,0.0
M010430,24.4,2,2,80.8,10093.07,0,1,0.0
M010431,57.7,4,5,47.6,18262.84,0,1,0.0
M010432,53.0,2,4,31.6,5169.1,0,0,0.0
M010433,33.4,4,1,14.9,910.57,1,1,-0.07639
M010434,23.9,2,4,31.4,7795.39,1,1,-0.099885
M010435,14.0,1,1,162.1,4750.97,0,0,0.0
M010436,28.6,2,3,107.9,6848.69,1,1,-0.078346
M010437,68.7,2,2,56.3,1164.29,0,0,0.0
M010438,63.0,0,1,86.0,1487.59,0,0,0.0
M010439,62.1,3,5,39.9,19609.34,1,0,-0.112584
M010440,15.4,1,1,57.1,4747.69,0,1,0.0
M010441,58.5,1,1,12.6,3777.55,1,0,-0.093089
M010442,44.6,1,2,35.6,3179.05,0,1,0.0
M010443,38.5,2,5,46.1,744.81,0,0,0.0
M010444,50.4,2,1,81.7,8567.88,0,0,0.0
M010445,69.8,2,3,73.7,9370.57,0,0,0.0
M010446,90.1,1,2,53.7,4644.97,0,1,0.0
M010447,11.9,0,5,24.3,9265.52,0,0,0.0
M010448,39.1,3,2,38.8,4179.47,1,0,-0.098926
M010449,41.2,4,3,52.6,2622.0,0,1,0.0
M010450,26.0,2,1,169.1,5366.36,0,0,0.0
M010451,68.2,2,1,25.8,6893.6,1,1,-0.122475
M010452,85.7,3,2,117.3,1299.63,0,0,0.0
M010453,44.6,4,1,14.3,2717.04,0,1,0.0
M010454,8.1,0,2,28.4,585.48,1,0,-0.107037
M010455,60.1,0,3,5.9,3181.88,0,0,0.0
M010456,34.5,1,2,71.3,2333.41,0,0,0.0
M010457,29.1,1,1,34.0,860.96,0,0,0.0
M010458,58.3,4,1,59.5,715.67,0,0,0.0
M010459,66.7,1,2,93.4,2780.47,0,0,0.0
M010460,11.8,2,2,93.4,5933.86,1,1,-0.103302
M010461,61.6,0,1,69.1,422.71,0,1,0.0
M010462,39.1,0,5,66.7,20584.71,0,0,0.0
M010463,70.2,1,2,43.0,399.51,0,1,0.0
M010464,51.2,5,1,137.1,30265.19,1,1,-0.115481
M010465,43.9,3,1,111.3,2085.52,0,1,0.0
M010466,24.9,3,1,75.0,3345.19,0,1,0.0
M010467,36.3,1,1,7.5,3541.44,1,0,-0.112748
M010468,64.8,2,1,68.3,2245.65,0,0,0.0
M010469,36.1,2,2,110.9,8666.76,1,0,-0.092086
M010470,53.8,2,1,33.0,3315.48,1,0,-0.082039
M010471,42.4,0,1,43.6,27954.41,0,0,0.0
M010472,32.9,1,3,83.5,15263.49,0,0,0.0
M010473,41.1,1,1,50.6,5203.33,0,1,0.0
M010474,15.9,2,3,70.4,1442.68,1,1,-0.122969
M010475,23.4,1,3,32.4,222.98,1,0,-0.101949
M010476,51.9,1,5,55.6,7658.51,0,0,0.0
M010477,33.3,1,2,90.4,1429.1,0,0,0.0
M010478,39.4,5,5,6.4,1784.81,1,0,-0.111428
M010479,35.5,3,1,50.4,10139.58,1,1,-0.111465
M010480,17.9,4,2,73.9,4337.86,1,0,-0.11923
M010481,34.6,1,2,84.3,6115.43,0,0,0.0
M010482,42.8,2,3,52.7,3884.56,0,0,0.0
M010483,61.2,1,1,43.6,3289.74,0,0,0.0
M010484,58.7,0,1,76.1,929.16,0,0,0.0
M010485,26.5,1,3,36.7,10656.7,0,0,0.0
M010486,22.0,1,4,171.7,14418.76,1,0,-0.121525
M010487,52.7,3,2,75.7,5207.79,1,1,-0.105821
M010488,18.9,1,1,162.7,740.35,0,0,0.0
M010489,37.8,1,1,26.3,3708.92,0,0,0.0
M010490,32.8,0,4,87.0,1439.14,0,0,0.0
M010491,25.9,1,1,36.9,8596.79,0,1,0.0
M010492,8.2,3,4,49.4,11724.08,1,1,-0.089846
M010493,83.9,1,5,61.2,1585.04,0,0,0.0
M010494,44.3,1,2,70.1,561.67,0,0,0.0
M010495,36.0,0,4,120.1,3385.74,0,0,0.0
M010496,65.5,3,5,33.0,2792.27,0,0,0.0
M010497,29.9,5,2,111.5,2595.62,1,0,-0.098901
M010498,45.5,0,1,10.4,1208.44,0,0,0.0
M010499,27.4,3,2,47.7,1375.65,1,1,-0.100052
M010500,58.7,1,1,11.4,1820.01,0,0,0.0
M010501,50.8,1,3,29.8,158.88,0,0,0.0
M010502,34.4,1,3,194.8,1408.21,1,0,-0.053118
M010503,57.8,1,4,58.6,3464.34,0,0,0.0
M010504,35.3,1,2,18.9,7948.06,0,0,0.0
M010505,21.3,2,2,45.1,330.77,1,0,-0.112429
M010506,58.7,0,3,7.7,5935.96,0,0,0.0
M010507,20.7,4,1,40.7,1253.56,1,0,-0.084363
M010508,50.0,4,1,64.2,2710.22,1,1,-0.089443
M010509,26.6,1,2,132.2,4738.23,0,0,0.0
M010510,74.7,3,1,49.6,3694.68,1,0,-0.10469
M010511,68.7,3,1,124.8,4243.28,0,1,0.0
M010512,78.3,0,6,35.6,5323.19,0,0,0.0
M010513,44.9,5,1,16.8,2969.77,0,1,0.0
M010514,58.6,1,1,36.3,447.05,0,0,0.0
M010515,41.4,2,2,108.6,2052.94,0,1,0.0
M010516,33.4,1,3,23.8,15633.46,0,1,0.0
M010517,40.9,0,4,44.4,2201.9,1,0,-0.092161
M010518,0.0,1,2,90.6,4768.33,0,1,0.0
M010519,31.5,4,1,34.2,3337.41,1,1,-0.091903
M010520,56.1,1,1,26.3,699.48,0,1,0.0
M010521,29.8,2,1,65.1,1763.58,0,0,0.0
M010522,62.8,1,2,130.8,13426.57,0,0,0.0
M010523,54.5,0,4,86.0,2049.37,0,0,0.0
M010524,35.8,1,1,113.7,1422.36,0,0,0.0
M010525,24.4,0,1,120.2,5204.9,0,0,0.0
M010526,68.8,0,1,72.7,2731.19,0,1,0.0
M010527,38.2,0,6,4.2,5864.14,1,1,-0.117549
M010528,0.0,0,1,14.9,1549.59,0,0,0.0
M010529,24.1,2,1,101.6,23565.4,1,1,-0.081005
M010530,71.2,1,5,147.7,1445.9,0,0,0.0
M010531,55.0,2,4,16.1,1323.34,0,0,0.0
M010532,32.7,3,1,72.2,3449.57,0,1,0.0
M010533,33.8,3,4,108.4,5027.69,1,0,-0.120696
M010534,51.5,1,1,48.5,2042.51,0,0,0.0
M010535,73.7,0,3,93.3,1437.74,0,0,0.0
M010536,52.3,0,1,26.5,9917.21,0,1,0.0
M010537,60.3,0,6,21.1,3781.14,0,0,0.0
M010538,31.8,1,3,35.6,1342.32,0,0,0.0
M010539,36.4,0,3,97.2,773.44,1,0,-0.073669
M010540,24.2,2,5,39.4,6538.93,0,1,0.0
M010541,11.8,4,2,42.2,53944.29,0,1,0.0
M010542,51.2,1,3,111.0,7490.14,0,0,0.0
M010543,33.8,1,3,144.2,929.39,0,0,0.0
M010544,53.8,0,1,68.0,2759.98,0,0,0.0
M010545,41.5,2,4,44.4,613.59,0,0,0.0
M010546,39.9,1,5,18.0,2059.23,0,1,0.0
M010547,43.9,1,4,39.5,8262.37,0,1,0.0
M010548,24.4,4,2,115.6,3784.16,0,0,0.0
M010549,80.6,1,1,99.6,10812.13,0,0,0.0
M010550,58.8,2,1,3.2,5066.9,0,0,0.0
M010551,66.2,2,3,25.8,848.08,0,0,0.0
M010552,53.0,3,3,9.7,5314.9,0,1,0.0
M010553,30.3,3,3,41.5,5356.98,0,1,0.0
M010554,68.2,0,3,5.9,1028.98,0,0,0.0
M010555,13.1,0,5,115.5,1013.82,0,0,0.0
M010556,71.2,1,2,85.7,5830.52,0,0,0.0
M010557,69.9,3,2,41.8,17675.98,1,0,-0.112218
M010558,39.5,1,1,28.3,6140.66,0,0,0.0
M010559,19.6,3,2,15.1,712.91,1,0,-0.123765
M010560,66.0,1,2,138.4,926.45,0,1,0.0
M010561,24.7,5,2,126.5,8923.32,1,1,-0.110449
M010562,44.6,2,2,27.0,944.74,1,0,-0.082982
M010563,18.9,1,2,30.7,14210.18,1,1,-0.104413
M010564,49.1,1,4,21.3,8182.84,1,1,-0.100643
M010565,65.1,2,3,40.0,489.63,0,1,0.0
M010566,42.6,1,2,72.3,13007.25,0,0,0.0
M010567,71.2,2,2,61.5,22841.72,1,0,-0.081168
M010568,63.3,3,2,22.1,4933.13,1,0,-0.09513
M010569,21.9,4,3,121.2,9126.06,1,0,-0.124341
M010570,40.8,0,3,51.8,1399.29,0,0,0.0
M010571,36.7,0,2,120.1,6776.24,0,0,0.0
M010572,49.7,3,1,47.1,8901.01,0,1,0.0
M010573,42.4,2,4,65.9,1735.78,0,0,0.0
M010574,52.2,3,4,77.8,1307.96,1,1,-0.081371
M010575,42.7,0,3,14.5,2610.95,0,0,0.0
M010576,12.4,1,2,22.6,5165.55,1,0,-0.079583
M010577,10.6,1,1,19.2,2264.99,1,1,-0.082987
M010578,47.1,0,1,4.4,2385.11,0,0,0.0
M010579,55.9,1,4,81.2,181.37,0,1,0.0
M010580,35.3,2,5,79.7,14253.57,0,0,0.0
M010581,26.9,4,1,100.4,592.74,0,1,0.0
M010582,26.8,2,4,42.4,6129.51,1,0,-0.074755
M010583,16.4,0,2,25.2,8400.83,0,0,0.0
M010584,21.7,0,3,89.9,7678.39,1,0,-0.084617
M010585,46.4,0,2,13.0,1527.46,1,0,-0.108689
M010586,31.9,2,1,16.2,2448.39,0,0,0.0
M010587,30.6,4,3,62.7,565.22,1,1,-0.109913
M010588,76.9,4,2,58.5,948.55,0,1,0.0
M010589,55.1,2,4,73.5,2031.53,0,0,0.0
M010590,47.6,3,2,77.7,876.09,0,1,0.0
M010591,60.6,2,3,49.9,319.43,0,0,0.0
M010592,50.0,1,5,24.3,1593.28,0,1,0.0
M010593,52.1,0,4,56.6,2726.84,0,0,0.0
M010594,36.3,2,1,72.1,6348.73,1,0,-0.061749
M010595,24.8,0,6,96.3,1538.2,0,0,0.0
M010596,44.2,4,4,155.6,1061.78,1,0,-0.120792
M010597,46.1,5,3,33.2,399.49,0,1,0.0
M010598,47.5,2,3,39.5,2455.29,0,0,0.0
M010599,44.8,0,3,12.7,3523.5,0,0,0.0
M010600,49.4,1,1,49.6,5710.55,0,0,0.0
M010601,62.6,2,3,18.0,9969.39,0,0,0.0
M010602,0.0,2,4,19.6,5822.08,1,1,-0.086077
M010603,50.9,4,3,139.6,5312.22,1,0,-0.110641
M010604,42.3,2,5,54.2,11548.06,1,0,-0.07538
M010605,48.1,1,2,90.9,1651.23,0,0,0.0
M010606,65.8,1,1,60.8,1042.47,0,0,0.0
M010607,15.7,0,1,51.5,1128.67,1,0,-0.072676
M010608,78.3,3,1,54.6,2541.59,1,1,-0.079232
M010609,42.2,3,3,26.8,2117.88,1,1,-0.092555
M010610,31.8,0,1,46.7,4855.9,0,0,0.0
M010611,66.7,1,2,130.6,1469.21,0,1,0.0
M010612,54.6,1,1,59.2,1247.13,0,0,0.0
M010613,21.8,3,1,53.0,8961.26,0,1,0.0
M010614,53.2,1,3,30.0,506.84,0,1,0.0
M010615,63.9,1,1,42.9,792.73,0,0,0.0
M010616,71.7,1,2,112.4,10574.33,0,0,0.0
M010617,46.6,1,1,65.1,1654.95,0,0,0.0
M010618,49.2,0,2,27.4,18615.94,1,0,-0.088958
M010619,47.8,1,1,48.1,20873.3,0,0,0.0
M010620,39.0,3,1,170.2,1309.64,1,1,-0.124188
M010621,19.3,1,2,130.9,35792.57,1,1,-0.115832
M010622,32.6,0,1,49.3,4336.51,1,0,-0.081767
M010623,26.4,2,3,112.2,10472.61,1,0,-0.084117
M010624,5.9,1,1,51.9,9107.21,1,0,-0.102239
M010625,34.5,3,1,126.5,2459.41,0,0,0.0
M010626,52.0,1,4,80.3,6636.88,0,0,0.0
M010627,67.6,2,2,24.9,3662.36,0,0,0.0
M010628,93.3,1,1,125.3,1338.53,0,0,0.0
M010629,44.6,3,3,53.9,1160.24,0,1,0.0
M010630,33.6,3,2,43.0,5053.85,0,1,0.0
M010631,66.4,3,4,49.2,5871.04,1,0,-0.094273
M010632,23.4,0,2,140.3,5630.99,0,0,0.0
M010633,77.5,2,5,59.6,1306.22,0,1,0.0
M010634,13.2,3,1,31.1,2704.16,1,1,-0.098931
M010635,6.1,0,2,50.4,10945.08,0,0,0.0
M010636,41.5,2,5,25.4,3663.85,0,0,0.0
M010637,37.8,3,4,35.4,37126.41,1,0,-0.109945
M010638,13.5,0,4,51.8,2762.0,0,0,0.0
M010639,49.1,2,4,103.8,7420.23,0,0,0.0
M010640,63.5,1,4,58.8,4333.76,0,0,0.0
M010641,46.9,1,2,44.6,1671.81,0,0,0.0
M010642,59.5,3,4,37.1,4767.01,0,1,0.0
M010643,13.4,4,2,80.7,1399.21,0,1,0.0
M010644,51.3,3,1,243.3,12308.71,1,0,-0.123935
M010645,44.9,3,5,24.2,429.26,0,1,0.0
M010646,60.8,0,1,63.7,3516.5,0,1,0.0
M010647,55.8,0,4,56.1,8675.07,0,1,0.0
M010648,22.6,4,5,214.6,1797.42,0,1,0.0
M010649,70.3,0,4,92.5,2537.91,0,0,0.0
M010650,30.6,0,2,67.0,5903.08,0,0,0.0
M010651,30.9,1,2,65.7,3288.14,0,0,0.0
M010652,58.3,4,3,68.4,1143.03,1,1,-0.108754
M010653,0.7,0,2,96.2,9832.34,0,1,0.0
M010654,62.1,0,1,70.9,12901.33,0,0,0.0
M010655,59.3,1,2,52.6,3624.77,0,0,0.0
M010656,56.4,2,4,59.8,3913.01,0,0,0.0
M010657,91.3,3,1,115.2,842.0,0,1,0.0
M010658,78.9,2,1,18.3,6693.47,0,0,0.0
M010659,78.5,1,5,56.6,18781.59,1,0,-0.082439
M010660,43.9,1,2,25.0,3048.69,0,0,0.0
M010661,67.2,0,3,9.4,37390.31,0,1,0.0
M010662,43.6,3,6,31.9,860.66,1,1,-0.122851
M010663,41.5,2,4,52.5,18734.81,0,1,0.0
M010664,37.9,3,1,78.8,3339.75,1,1,-0.10721
M010665,42.1,0,2,61.1,21457.42,0,0,0.0
M010666,55.7,3,5,40.5,3370.42,1,1,-0.094922
M010667,57.8,2,1,58.6,2559.87,0,1,0.0
M010668,58.3,3,2,35.4,10504.46,1,1,-0.092055
M010669,49.1,2,1,23.7,3470.0,0,0,0.0
M010670,54.2,1,1,117.4,1596.08,0,0,0.0
M010671,10.7,1,6,86.6,2842.41,1,0,-0.117901
M010672,59.0,2,1,53.7,38619.05,0,0,0.0
M010673,45.9,1,1,98.1,6922.87,1,0,-0.072485
M010674,71.4,3,1,35.4,2697.64,1,1,-0.078621
M010675,48.2,2,1,94.9,1265.57,0,1,0.0
M010676,48.0,0,1,13.1,791.4,0,0,0.0
M010677,37.4,1,1,17.2,11851.09,0,1,0.0
M010678,97.4,3,5,63.0,792.46,1,0,-0.114171
M010679,34.3,3,3,31.3,3317.26,0,0,0.0
M010680,6.2,2,3,20.9,2145.14,0,1,0.0
M010681,90.0,2,1,41.8,4685.92,0,0,0.0
M010682,53.1,0,4,108.9,4804.89,0,0,0.0
M010683,65.2,2,4,55.0,101.88,0,0,0.0
M010684,0.0,4,3,100.3,2671.0,1,1,-0.124156
M010685,65.2,2,2,113.1,2129.65,0,0,0.0
M010686,59.7,3,1,8.9,822.67,1,1,-0.105595
M010687,40.1,3,2,35.9,3765.22,1,0,-0.123889
M010688,43.4,4,1,71.6,1475.31,0,1,0.0
M010689,45.1,0,2,7.6,4005.01,0,1,0.0
M010690,48.9,2,5,70.1,482.0,0,0,0.0
M010691,33.7,0,4,24.1,375.77,1,0,-0.076104
M010692,70.0,2,1,28.5,4330.41,0,0,0.0
M010693,41.9,1,5,43.1,12240.11,0,1,0.0
M010694,27.4,3,1,62.5,11294.63,1,1,-0.089289
M010695,33.4,1,1,114.7,656.07,0,0,0.0
M010696,44.0,2,3,37.3,4329.55,0,0,0.0
M010697,94.4,2,2,134.5,373.15,0,1,0.0
M010698,75.6,1,1,46.6,33438.07,0,0,0.0
M010699,58.0,0,2,21.1,8496.12,0,0,0.0
M010700,42.0,1,4,14.7,3186.34,0,0,0.0
M010701,23.2,2,1,45.5,3628.68,1,0,-0.090198
M010702,41.9,2,5,52.9,25634.65,0,0,0.0
M010703,43.5,1,4,50.6,3396.92,1,1,-0.10199
M010704,61.5,3,3,50.8,630.61,0,0,0.0
M010705,44.1,2,1,70.7,982.47,0,0,0.0
M010706,68.3,5,3,13.3,2240.85,1,0,-0.102232
M010707,67.7,2,1,67.4,12910.31,0,0,0.0
M010708,55.4,0,1,30.9,11454.15,0,1,0.0
M010709,25.1,2,2,51.8,7003.25,0,0,0.0
M010710,37.8,3,2,142.8,647.79,1,1,-0.114108
M010711,67.2,1,2,37.0,584.6,1,0,-0.102599
M010712,89.5,0,4,144.5,2601.25,0,0,0.0
M010713,73.7,1,2,132.6,4047.92,0,0,0.0
M010714,44.6,0,1,144.3,2493.59,0,1,0.0
M010715,39.8,0,1,77.1,1116.75,0,1,0.0
M010716,17.0,1,3,155.4,3363.31,0,0,0.0
M010717,57.5,2,2,49.9,1083.2,0,1,0.0
M010718,46.0,3,1,43.6,969.16,1,0,-0.115842
M010719,65.4,1,5,65.2,350.08,0,0,0.0
M010720,22.0,3,3,23.8,869.45,1,1,-0.10231
M010721,21.5,4,1,66.1,2128.98,1,1,-0.08846
M010722,11.5,3,2,61.1,3948.93,0,0,0.0
M010723,69.9,1,3,74.3,3260.26,0,1,0.0
M010724,52.3,2,1,93.2,3940.02,0,0,0.0
M010725,68.0,1,1,129.3,14462.83,0,0,0.0
M010726,53.8,1,2,47.1,5018.49,0,0,0.0
M010727,57.2,3,1,72.0,5099.38,1,1,-0.100868
M010728,51.6,2,2,19.3,1152.97,0,0,0.0
M010729,80.0,2,4,73.8,397.91,1,0,-0.069213
M010730,54.2,2,5,144.8,1724.66,0,1,0.0
M010731,51.9,3,2,65.0,16035.56,1,1,-0.120394
M010732,41.3,0,2,49.6,1324.28,0,1,0.0
M010733,43.6,1,2,61.1,1014.08,1,1,-0.105195
M010734,0.0,1,1,45.6,4552.69,1,1,-0.115495
M010735,31.9,3,1,61.1,2294.58,0,1,0.0
M010736,44.4,0,4,57.1,2052.61,0,0,0.0
M010737,30.6,1,4,118.1,30742.15,1,0,-0.05699
M010738,36.4,4,4,36.8,4395.13,1,1,-0.118581
M010739,20.8,0,1,76.7,1585.01,0,1,0.0
M010740,59.8,1,2,79.1,2754.62,0,0,0.0
M010741,34.8,4,1,70.3,12643.5,1,1,-0.099609
M010742,65.1,2,1,27.6,15154.31,0,0,0.0
M010743,53.2,1,5,54.6,7760.6,0,0,0.0
M010744,15.5,1,2,53.7,5543.23,1,1,-0.105189
M010745,0.5,0,1,101.9,1396.47,0,0,0.0
M010746,32.9,3,2,42.5,1983.58,1,1,-0.088863
M010747,43.7,0,1,31.6,1926.0,0,1,0.0
M010748,49.4,1,1,75.9,594.49,0,1,0.0
M010749,35.9,1,1,55.7,5425.92,0,0,0.0
M010750,25.2,1,2,77.6,469.05,0,1,0.0
M010751,70.1,1,3,20.9,1182.4,0,1,0.0
M010752,73.9,0,3,38.5,867.61,0,1,0.0
M010753,46.8,3,5,58.4,2003.68,0,1,0.0
M010754,65.7,3,2,46.7,24089.45,0,1,0.0
M010755,25.2,1,1,34.1,2275.6,0,1,0.0
M010756,32.8,2,2,105.1,7226.05,0,1,0.0
M010757,35.9,0,3,103.2,1586.76,0,1,0.0
M010758,33.1,0,4,54.0,1741.56,0,0,0.0
M010759,94.7,1,3,15.6,947.8,0,0,0.0
M010760,43.9,1,2,128.7,20028.29,0,1,0.0
M010761,92.2,2,4,25.5,1301.21,1,0,-0.078022
M010762,46.6,2,5,48.9,2448.61,0,0,0.0
M010763,59.1,3,1,59.5,1515.78,0,0,0.0
M010764,71.8,1,1,6.3,1292.0,0,1,0.0
M010765,43.0,2,1,58.4,2609.66,0,0,0.0
M010766,53.2,4,1,85.9,2994.75,1,1,-0.096982
M010767,37.3,3,2,67.7,957.69,0,1,0.0
M010768,45.1,1,3,56.3,687.42,1,0,-0.100786
M010769,40.4,2,2,80.8,1170.29,1,0,-0.092033
M010770,51.2,1,5,27.4,23885.9,0,1,0.0
M010771,38.4,0,2,74.3,8318.38,1,0,-0.106253
M010772,39.4,2,2,9.9,12586.37,0,0,0.0
M010773,50.4,2,1,116.1,8457.68,0,0,0.0
M010774,30.0,3,2,33.6,5670.58,1,1,-0.109171
M010775,17.6,2,3,5.8,4432.77,0,1,0.0
M010776,30.4,0,2,71.9,3146.69,0,1,0.0
M010777,59.2,5,2,65.5,2417.97,1,1,-0.121765
M010778,50.0,3,4,15.3,7089.73,1,1,-0.089164
M010779,31.7,3,2,19.5,8415.4,1,1,-0.112449
M010780,30.4,3,2,49.6,1299.41,1,0,-0.090641
M010781,22.7,2,5,36.8,3328.56,0,1,0.0
M010782,53.4,1,2,19.2,2348.78,0,1,0.0
M010783,29.7,3,5,48.8,7626.2,0,1,0.0
M010784,32.8,2,2,29.4,2898.51,0,0,0.0
M010785,41.6,3,2,49.0,14583.62,1,0,-0.089054
M010786,66.1,1,2,28.2,2461.84,0,0,0.0
M010787,67.3,0,3,20.0,9002.57,0,0,0.0
M010788,61.4,1,2,189.6,306.85,0,1,0.0
M010789,78.2,1,2,86.7,1414.95,0,0,0.0
M010790,61.4,3,4,56.5,1369.85,1,1,-0.118802
M010791,64.5,3,4,77.2,4031.49,1,1,-0.093321
M010792,72.6,2,2,42.3,327.66,0,0,0.0
M010793,47.4,1,2,106.6,4306.74,1,1,-0.082749
M010794,34.7,1,2,112.8,2151.32,0,0,0.0
M010795,78.2,2,1,15.8,18887.72,0,0,0.0
M010796,47.6,0,1,62.6,2831.64,0,0,0.0
M010797,58.7,4,1,10.4,627.82,1,1,-0.111973
M010798,10.3,5,1,65.9,6574.93,1,1,-0.116767
M010799,37.4,3,2,93.0,8468.37,1,1,-0.094979
M010800,53.5,3,2,89.3,20529.36,1,1,-0.120372
M010801,15.0,4,2,41.8,8438.53,1,1,-0.084696
M010802,30.2,2,3,43.1,669.25,0,0,0.0
M010803,1.1,2,2,45.6,2932.36,0,1,0.0
M010804,83.1,1,1,4.3,1708.43,1,0,-0.115083
M010805,67.3,3,1,25.0,20115.1,0,1,0.0
M010806,55.8,1,1,29.8,2755.61,0,1,0.0
M010807,17.4,1,4,33.7,1472.17,1,1,-0.090106
M010808,30.1,0,3,42.3,4673.56,0,1,0.0
M010809,20.5,4,1,20.5,7764.85,1,1,-0.093596
M010810,20.0,1,2,110.6,2644.98,0,1,0.0
M010811,80.6,1,2,19.1,1529.89,0,0,0.0
M010812,64.4,2,3,52.1,2745.57,0,0,0.0
M010813,63.3,2,2,33.7,223.23,1,0,-0.102054
M010814,83.3,2,4,104.3,379.33,0,0,0.0
M010815,48.4,2,3,51.5,2053.57,0,1,0.0
M010816,50.5,1,6,16.9,1512.33,0,1,0.0
M010817,72.8,3,1,90.2,2128.53,1,1,-0.098089
M010818,53.9,3,1,43.4,10779.03,1,1,-0.092221
M010819,52.8,1,1,17.9,1400.51,1,0,-0.102859
M010820,42.6,2,3,100.9,2562.97,1,0,-0.085568
M010821,88.7,3,3,26.7,3101.18,1,1,-0.076934
M010822,51.7,2,2,58.1,4922.57,0,0,0.0
M010823,42.0,0,1,31.5,6675.5,1,1,-0.109226
M010824,18.5,1,4,48.0,3005.54,1,0,-0.103914
M010825,51.9,1,1,81.4,2428.06,0,0,0.0
M010826,52.7,1,3,24.5,3956.18,0,1,0.0
M010827,54.2,1,2,55.9,1819.67,0,0,0.0
M010828,42.9,1,5,8.7,1294.32,0,0,0.0
M010829,30.9,2,4,5.6,2549.16,0,0,0.0
M010830,67.5,0,2,28.9,12234.44,0,0,0.0
M010831,67.4,2,1,2.8,1643.52,0,0,0.0
M010832,49.1,0,3,79.5,3745.58,0,0,0.0
M010833,36.8,4,1,58.1,474.92,1,1,-0.114694
M010834,62.6,4,1,77.7,4282.03,1,1,-0.07539
M010835,53.0,5,2,34.7,1159.5,1,1,-0.11517
M010836,3.5,0,3,54.1,14105.86,0,0,0.0
M010837,44.8,2,5,154.8,5810.01,0,0,0.0
M010838,51.8,3,1,135.6,3689.01,1,0,-0.096851
M010839,35.2,0,1,75.1,5799.14,1,0,-0.096687
M010840,57.7,2,1,101.8,1845.75,0,1,0.0
M010841,5.9,2,1,83.4,183.62,0,1,0.0
M010842,65.6,3,3,65.3,8346.55,0,1,0.0
M010843,32.8,1,1,108.6,3839.96,0,0,0.0
M010844,46.7,2,1,20.7,2464.57,0,0,0.0
M010845,33.6,1,3,20.2,7122.12,0,0,0.0
M010846,19.2,1,2,103.1,673.34,1,0,-0.114207
M010847,7.8,2,2,23.5,952.02,1,0,-0.112265
M010848,21.6,0,4,121.8,14563.23,1,0,-0.054319
M010849,27.2,3,5,89.7,687.75,1,1,-0.103592
M010850,44.3,1,4,105.1,3797.99,0,1,0.0
M010851,34.8,2,3,60.1,2192.61,0,1,0.0
M010852,76.4,0,1,24.2,2226.42,1,0,-0.118964
M010853,59.8,1,2,28.9,2450.27,0,0,0.0
M010854,61.0,4,1,14.4,3417.31,1,0,-0.088965
M010855,41.7,3,4,34.4,2598.19,1,0,-0.109104
M010856,15.3,3,4,39.9,6480.48,1,1,-0.103641
M010857,90.2,2,5,71.7,2122.83,0,0,0.0
M010858,75.3,1,2,13.7,572.97,1,1,-0.078437
M010859,54.3,3,3,48.8,5128.38,1,0,-0.105368
M010860,40.3,1,1,132.8,5455.3,0,0,0.0
M010861,70.0,2,3,62.4,773.04,0,0,0.0
M010862,65.0,2,3,54.0,1098.54,0,1,0.0
M010863,33.5,2,6,122.2,4213.11,0,0,0.0
M010864,50.4,3,5,113.7,2214.01,0,1,0.0
M010865,42.3,2,5,30.3,299.63,1,1,-0.099927
M010866,47.1,3,2,57.7,6084.54,1,0,-0.105215
M010867,81.6,0,1,53.1,112276.39,0,0,0.0
M010868,57.5,0,3,132.7,4280.43,0,0,0.0
M010869,37.7,0,1,11.1,3890.26,0,0,0.0
M010870,76.5,2,1,24.8,3063.99,0,0,0.0
M010871,25.9,2,3,55.4,7576.1,0,1,0.0
M010872,27.0,1,3,107.6,13262.47,0,0,0.0
M010873,48.0,1,4,131.5,1057.25,0,0,0.0
M010874,53.0,0,2,57.8,28921.71,0,0,0.0
M010875,62.7,2,3,50.6,4393.48,0,0,0.0
M010876,55.8,2,2,48.0,18964.16,0,1,0.0
M010877,34.4,3,2,85.4,1529.2,0,1,0.0
M010878,66.9,1,2,68.6,44466.43,0,1,0.0
M010879,64.5,2,3,98.4,5258.76,1,0,-0.05644
M010880,100.0,1,2,30.5,5638.9,0,0,0.0
M010881,28.9,2,3,63.9,633.89,0,0,0.0
M010882,4.9,0,2,24.4,1859.68,0,1,0.0
M010883,11.7,2,2,125.0,3797.89,0,1,0.0
M010884,22.9,0,3,108.3,544.79,0,0,0.0
M010885,23.9,1,4,144.9,6407.72,0,0,0.0
M010886,64.0,1,3,42.8,2919.37,0,1,0.0
M010887,43.1,3,2,80.0,1954.97,1,1,-0.097724
M010888,27.8,2,4,20.3,21042.12,0,0,0.0
M010889,73.3,2,3,9.8,23193.74,0,0,0.0
M010890,34.6,5,1,25.0,6444.76,1,0,-0.087095
M010891,14.5,2,4,59.7,3321.73,0,1,0.0
M010892,28.9,3,1,31.4,2146.28,1,0,-0.093411
M010893,53.5,1,4,68.4,6285.43,1,1,-0.121581
M010894,13.5,1,1,75.3,2749.52,0,0,0.0
M010895,70.7,2,1,49.4,1912.65,0,0,0.0
M010896,73.4,4,4,38.6,5093.17,1,1,-0.11884
M010897,39.9,1,1,84.7,20448.88,0,1,0.0
M010898,36.1,1,3,119.0,5243.22,0,0,0.0
M010899,55.7,1,2,21.9,10742.57,0,0,0.0
M010900,60.7,1,1,29.2,3702.38,0,0,0.0
M010901,43.4,0,1,56.9,2979.78,0,0,0.0
M010902,55.3,1,4,51.5,5307.47,0,0,0.0
M010903,46.1,3,1,21.5,4487.6,1,0,-0.120976
M010904,47.2,1,1,87.2,2241.54,0,0,0.0
M010905,57.7,2,5,41.2,2078.95,1,0,-0.106392
M010906,94.4,5,2,128.6,9450.06,1,0,-0.119925
M010907,0.0,1,3,39.9,13342.55,1,1,-0.108248
M010908,49.0,3,2,114.0,6326.05,1,0,-0.11729
M010909,47.4,1,1,91.8,4258.91,1,0,-0.062589
M010910,55.7,2,3,12.5,7324.92,0,0,0.0
M010911,64.0,4,3,8.0,1357.87,1,1,-0.086661
M010912,60.0,1,1,7.3,41320.92,0,0,0.0
M010913,43.7,3,2,36.6,4612.22,0,1,0.0
M010914,81.2,2,3,52.4,5266.36,0,0,0.0
M010915,30.0,1,2,46.8,15526.35,0,0,0.0
M010916,52.1,0,1,175.6,3575.67,0,0,0.0
M010917,21.9,2,2,92.8,945.24,1,1,-0.106382
M010918,41.0,3,3,130.0,5494.69,1,1,-0.102944
M010919,33.5,1,4,45.9,1755.22,0,1,0.0
M010920,38.8,2,1,63.9,4042.38,0,1,0.0
M010921,18.4,2,3,4.4,6673.38,0,0,0.0
M010922,49.3,1,4,181.4,2836.39,0,0,0.0
M010923,51.3,2,5,39.0,3245.32,0,1,0.0
M010924,63.4,0,4,65.9,3454.86,1,0,-0.097893
M010925,64.1,3,2,14.3,14547.39,0,1,0.0
M010926,38.3,1,1,75.6,8696.56,0,1,0.0
M010927,77.3,2,5,4.9,1400.17,1,0,-0.076448
M010928,24.5,2,3,80.9,3915.1,0,0,0.0
M010929,72.8,2,1,79.7,1949.55,0,0,0.0
M010930,35.1,1,2,101.9,2679.73,0,0,0.0
M010931,30.1,0,2,25.8,5504.4,0,0,0.0
M010932,57.3,2,3,2.9,2339.42,1,0,-0.100367
M010933,17.4,0,3,110.6,1642.74,0,0,0.0
M010934,44.7,1,1,106.9,3347.3,0,0,0.0
M010935,45.5,2,1,25.9,820.28,0,1,0.0
M010936,76.0,3,3,70.7,2380.45,1,1,-0.101224
M010937,55.2,2,2,23.4,2228.89,1,0,-0.111995
M010938,28.2,1,2,59.8,422.78,0,0,0.0
M010939,40.3,2,1,6.7,9586.93,1,0,-0.107341
M010940,12.9,1,2,74.5,1225.09,1,0,-0.105713
M010941,56.0,0,4,18.2,5328.72,0,0,0.0
M010942,36.1,1,2,135.9,2611.84,0,0,0.0
M010943,57.7,2,4,181.7,2246.75,0,1,0.0
M010944,37.6,3,1,46.9,909.86,1,1,-0.089205
M010945,35.8,3,4,24.5,874.02,0,1,0.0
M010946,24.6,5,2,155.5,3645.28,0,1,0.0
M010947,66.0,1,4,96.5,21910.02,1,0,-0.06263
M010948,82.3,2,1,34.5,6159.64,0,0,0.0
M010949,49.7,2,3,25.8,6885.45,0,0,0.0
M010950,60.8,2,1,48.9,1584.8,0,0,0.0
M010951,35.8,4,1,81.9,2720.24,0,1,0.0
M010952,45.4,3,2,48.5,1058.69,1,1,-0.074685
M010953,39.2,0,3,140.7,52419.98,0,0,0.0
M010954,22.4,1,2,47.6,472.73,1,1,-0.103456
M010955,47.7,3,6,52.7,6674.63,0,0,0.0
M010956,81.6,2,3,52.0,595.1,0,1,0.0
M010957,33.0,0,3,53.0,3007.44,0,0,0.0
M010958,0.0,5,2,75.9,6299.59,0,1,0.0
M010959,42.8,3,3,14.0,3749.18,1,0,-0.078476
M010960,83.4,1,2,81.1,6810.0,0,0,0.0
M010961,70.6,1,4,33.6,1358.09,0,0,0.0
M010962,51.1,2,3,87.2,4562.04,0,0,0.0
M010963,77.8,3,1,48.1,696.57,0,0,0.0
M010964,40.7,1,2,30.6,2872.12,0,1,0.0
M010965,46.9,3,2,60.0,6446.01,1,0,-0.084672
M010966,55.5,3,4,169.9,3205.14,1,0,-0.123577
M010967,36.0,1,3,39.0,13120.82,0,0,0.0
M010968,62.6,3,2,38.6,1258.5,0,1,0.0
M010969,67.6,5,2,41.2,3028.43,0,1,0.0
M010970,20.5,0,4,48.5,13438.66,0,0,0.0
M010971,29.5,3,2,27.7,525.0,1,1,-0.124333
M010972,32.5,1,6,82.5,4360.52,0,0,0.0
M010973,54.6,2,1,130.1,3892.86,0,1,0.0
M010974,31.2,3,3,42.5,50759.7,0,1,0.0
M010975,59.0,1,1,129.3,4501.17,0,1,0.0
M010976,75.3,2,3,60.6,6529.28,0,0,0.0
M010977,29.9,1,1,95.2,1942.14,0,0,0.0
M010978,72.4,1,3,21.6,15504.65,0,0,0.0
M010979,48.2,2,6,37.7,39570.1,1,0,-0.065006
M010980,40.2,0,4,46.7,2618.23,0,0,0.0
M010981,65.9,2,2,21.1,1196.61,0,1,0.0
M010982,36.0,5,4,9.7,1422.23,0,1,0.0
M010983,28.1,1,4,100.2,4157.57,0,1,0.0
M010984,31.0,1,4,111.9,3616.66,0,0,0.0
M010985,32.8,0,2,7.8,1458.67,0,0,0.0
M010986,38.0,3,2,121.5,2018.29,0,0,0.0
M010987,34.4,0,1,94.3,4443.72,0,0,0.0
M010988,46.9,0,1,170.3,6782.04,0,0,0.0
M010989,21.7,1,4,37.2,3328.28,0,0,0.0
M010990,71.6,2,2,56.3,2635.84,0,1,0.0
M010991,41.3,2,2,21.9,24514.48,0,0,0.0
M010992,22.4,2,4,17.5,2744.0,0,0,0.0
M010993,63.6,1,1,44.4,6369.29,0,0,0.0
M010994,27.8,3,3,22.4,1077.97,1,0,-0.111842
M010995,23.4,1,5,30.1,2216.06,0,0,0.0
M010996,67.0,2,2,34.3,2111.69,0,1,0.0
M010997,28.5,3,1,17.1,3904.74,1,0,-0.075714
M010998,100.0,2,3,22.4,3337.09,1,1,-0.082501
M010999,20.6,0,5,60.5,12618.01,0,1,0.0
M011000,39.6,3,2,24.9,2872.47,0,1,0.0
M011001,61.7,0,5,10.1,9842.47,0,0,0.0
M011002,45.5,1,1,231.4,20026.04,0,0,0.0
M011003,26.8,1,2,112.7,31731.61,0,1,0.0
M011004,44.1,3,2,79.4,910.28,0,1,0.0
M011005,65.8,4,4,124.8,3475.21,1,1,-0.123786
M011006,2.5,2,2,47.9,560.51,0,1,0.0
M011007,73.5,1,1,51.7,1328.96,0,0,0.0
M011008,66.4,3,4,62.8,5144.09,0,1,0.0
M011009,63.2,2,2,21.1,8978.29,0,0,0.0
M011010,19.3,2,1,32.6,23333.3,0,1,0.0
M011011,32.3,0,5,22.0,12890.48,0,0,0.0
M011012,15.0,1,3,71.7,1525.44,1,0,-0.116639
M011013,55.1,1,2,97.1,1813.54,1,0,-0.055154
M011014,33.2,1,2,34.1,1417.8,0,0,0.0
M011015,7.7,1,3,43.3,7786.22,0,0,0.0
M011016,32.3,2,4,83.8,3122.06,0,0,0.0
M011017,36.5,0,3,58.3,7394.54,0,0,0.0
M011018,12.3,2,1,100.3,2796.57,1,0,-0.111906
M011019,50.3,5,2,53.1,11086.77,1,1,-0.088183
M011020,0.7,4,2,71.4,10596.1,1,1,-0.086628
M011021,44.4,0,1,72.4,1992.56,0,0,0.0
M011022,38.5,1,3,26.4,4637.57,0,0,0.0
M011023,66.0,0,1,24.1,11379.24,0,0,0.0
M011024,20.3,0,1,46.5,2272.81,0,1,0.0
M011025,49.2,2,3,168.0,2449.61,1,0,-0.063683
M011026,59.2,3,1,27.2,6268.37,1,1,-0.075846
M011027,47.0,1,6,23.7,473.3,1,1,-0.084367
M011028,48.4,1,6,10.7,760.7,0,0,0.0
M011029,43.8,0,1,55.2,1630.9,0,0,0.0
M011030,44.6,0,5,73.4,8258.7,0,0,0.0
M011031,46.8,0,1,71.3,4137.1,0,0,0.0
M011032,42.8,2,1,95.1,3664.75,0,0,0.0
M011033,0.0,2,5,34.3,7584.01,0,1,0.0
M011034,48.2,3,4,42.9,3027.91,0,1,0.0
M011035,48.9,1,4,136.9,1183.08,0,1,0.0
M011036,72.5,1,2,21.7,6518.97,0,1,0.0
M011037,58.1,1,4,35.3,349.88,0,0,0.0
M011038,48.3,2,5,73.7,927.82,1,0,-0.068653
M011039,44.1,4,2,35.2,42184.59,1,1,-0.08477
M011040,69.3,3,3,144.8,4150.04,0,1,0.0
M011041,51.1,1,1,33.9,3872.16,0,1,0.0
M011042,53.8,1,1,50.9,532.18,0,1,0.0
M011043,38.6,1,4,44.0,3950.9,0,0,0.0
M011044,45.1,1,1,105.6,634.75,1,0,-0.079108
M011045,36.0,1,4,46.7,7552.22,0,0,0.0
M011046,43.6,0,4,67.9,13272.48,0,0,0.0
M011047,49.0,1,3,23.1,6616.86,0,0,0.0
M011048,56.2,2,1,82.6,2271.93,0,1,0.0
M011049,56.1,1,1,53.1,646.35,0,0,0.0
M011050,57.2,4,1,86.5,2771.57,1,1,-0.111641
M011051,58.1,1,1,74.3,3342.41,0,0,0.0
M011052,18.2,1,1,203.7,3005.84,1,1,-0.105791
M011053,16.8,1,5,70.2,2059.81,1,0,-0.096999
M011054,38.1,2,3,28.6,965.29,0,0,0.0
M011055,22.7,1,2,37.9,2478.57,0,1,0.0
M011056,28.8,3,1,146.2,684.39,0,0,0.0
M011057,99.8,1,3,150.5,9148.28,1,0,-0.060652
M011058,67.9,3,5,45.1,24672.98,1,0,-0.119154
M011059,43.3,1,2,65.1,8366.91,0,0,0.0
M011060,23.7,5,2,40.9,28.84,1,1,-0.098112
M011061,55.3,5,5,54.2,1792.59,0,0,0.0
M011062,43.6,1,3,37.2,944.96,0,1,0.0
M011063,32.4,1,1,56.1,10743.81,0,1,0.0
M011064,58.6,4,1,63.1,2062.36,0,0,0.0
M011065,36.0,0,1,57.4,7049.24,1,0,-0.080467
M011066,66.8,0,1,27.0,1551.24,0,1,0.0
M011067,33.8,3,2,58.2,8684.85,1,0,-0.072004
M011068,58.8,2,2,33.7,2924.44,0,0,0.0
M011069,54.1,0,1,79.5,181.96,0,0,0.0
M011070,55.4,0,1,44.9,691.42,0,0,0.0
M011071,50.2,1,1,28.2,975.93,0,0,0.0
M011072,19.0,0,1,32.7,3105.8,0,0,0.0
M011073,71.9,3,3,11.4,7790.04,0,1,0.0
M011074,14.9,3,3,110.7,1845.55,0,1,0.0
M011075,22.8,5,1,40.5,3729.97,1,0,-0.078555
M011076,68.6,3,5,24.6,1125.05,0,1,0.0
M011077,61.4,4,2,145.5,2088.75,0,0,0.0
M011078,0.0,2,3,36.0,25577.54,1,1,-0.087314
M011079,49.3,2,4,12.9,1683.18,0,0,0.0
M011080,47.1,1,3,21.2,69603.12,0,0,0.0
M011081,24.7,0,4,188.0,1566.09,0,0,0.0
M011082,58.0,0,4,73.3,996.24,0,0,0.0
M011083,26.6,3,1,77.3,540.57,0,1,0.0
M011084,60.7,1,1,115.0,6490.69,0,1,0.0
M011085,50.2,2,3,70.1,20728.44,0,1,0.0
M011086,21.4,3,2,78.9,3933.92,0,0,0.0
M011087,20.9,3,4,99.1,5074.23,1,0,-0.12133
M011088,82.2,1,3,45.1,1153.4,0,0,0.0
M011089,61.1,1,1,119.9,1727.16,1,1,-0.112425
M011090,66.7,2,1,20.1,38841.32,0,0,0.0
M011091,29.9,2,1,54.4,2736.54,0,0,0.0
M011092,49.8,0,4,85.6,16468.77,1,0,-0.053567
M011093,83.4,3,4,27.4,724.47,1,0,-0.112557
M011094,57.6,1,3,76.7,10144.49,1,0,-0.076206
M011095,10.0,3,2,34.5,7711.08,0,1,0.0
M011096,43.0,1,3,102.5,10077.84,0,0,0.0
M011097,13.9,2,5,36.3,6187.39,0,1,0.0
M011098,57.4,0,2,47.9,4213.42,0,0,0.0
M011099,33.2,2,1,82.1,7113.16,0,1,0.0
M011100,35.9,4,1,29.8,7768.26,1,0,-0.111131
M011101,16.0,3,1,54.8,6554.3,0,1,0.0
M011102,54.9,1,1,59.8,5453.65,0,0,0.0
M011103,47.6,1,1,96.9,3545.45,0,0,0.0
M011104,21.4,1,3,25.5,2714.67,0,1,0.0
M011105,80.9,1,1,71.9,19331.81,1,0,-0.106228
M011106,74.0,3,4,123.3,518.8,1,0,-0.124352
M011107,38.0,1,1,25.3,914.56,0,0,0.0
M011108,7.0,0,2,121.8,7885.78,0,0,0.0
M011109,48.2,1,2,52.9,3069.5,0,1,0.0
M011110,8.6,1,1,59.4,6853.37,0,1,0.0
M011111,52.2,3,1,55.7,3618.5,1,1,-0.122909
M011112,65.0,2,1,44.8,1460.1,0,0,0.0
M011113,45.8,1,1,37.7,5850.43,0,1,0.0
M011114,41.9,1,3,13.7,1402.49,0,0,0.0
M011115,19.2,1,4,32.6,877.94,1,1,-0.118973
M011116,45.9,3,1,9.5,2424.5,1,1,-0.102975
M011117,32.7,1,1,54.9,10653.82,0,0,0.0
M011118,29.6,0,1,89.0,4953.44,0,1,0.0
M011119,66.7,3,4,62.2,3180.2,1,1,-0.099946
M011120,41.8,3,2,67.0,7940.15,0,1,0.0
M011121,52.0,3,2,89.0,3729.31,0,1,0.0
M011122,48.2,0,4,52.0,9166.81,0,0,0.0
M011123,69.5,3,2,39.6,2720.31,1,1,-0.111151
M011124,69.6,2,1,6.8,265.58,0,0,0.0
M011125,31.6,3,3,22.5,1817.99,1,1,-0.092585
M011126,55.2,2,3,43.7,239.22,0,1,0.0
M011127,39.4,5,2,117.3,1662.55,1,1,-0.115575
M011128,60.3,1,1,162.3,6463.29,0,0,0.0
M011129,73.4,2,4,110.1,6013.62,0,0,0.0
M011130,29.8,1,1,45.9,1060.67,0,0,0.0
M011131,57.9,4,3,74.6,24600.22,1,1,-0.088836
M011132,4.6,3,1,95.3,1035.76,0,1,0.0
M011133,46.0,3,3,41.7,8181.75,1,1,-0.091203
M011134,60.8,3,2,23.4,556.77,1,1,-0.089553
M011135,68.6,2,2,55.3,2019.07,0,0,0.0
M011136,48.7,1,6,48.3,9716.47,1,0,-0.068092
M011137,39.5,0,2,32.7,1674.72,0,1,0.0
M011138,29.2,3,2,63.1,4141.23,0,1,0.0
M011139,20.3,1,2,59.3,373.53,1,1,-0.10236
M011140,39.9,1,4,178.7,16671.1,0,0,0.0
M011141,49.2,2,2,102.2,351.69,0,0,0.0
M011142,37.3,2,1,24.3,7119.71,0,0,0.0
M011143,31.2,3,3,77.6,2079.45,0,0,0.0
M011144,40.0,1,1,35.4,907.23,0,1,0.0
M011145,34.6,1,4,98.1,633.82,0,0,0.0
M011146,22.7,1,1,76.6,615.7,1,1,-0.084613
M011147,25.0,1,2,81.3,466.55,1,1,-0.11559
M011148,60.0,0,1,11.5,3193.58,0,0,0.0
M011149,27.8,0,1,100.7,2735.21,0,0,0.0
M011150,82.8,3,3,21.5,369.51,1,0,-0.102586
M011151,42.6,1,2,65.3,6805.43,0,0,0.0
M011152,65.6,2,1,26.4,26898.64,0,0,0.0
M011153,41.6,2,3,64.0,709.34,0,0,0.0
M011154,37.9,2,1,43.6,3664.69,0,0,0.0
M011155,17.8,0,2,99.4,5773.94,0,0,0.0
M011156,43.6,2,4,87.0,7640.87,0,0,0.0
M011157,47.4,3,1,90.9,2442.49,1,1,-0.120061
M011158,14.4,0,1,24.6,4800.86,0,1,0.0
M011159,17.1,1,2,126.6,323.22,1,1,-0.108513
M011160,23.0,3,3,19.1,3625.63,1,0,-0.109518
M011161,59.2,2,4,7.9,3844.03,0,0,0.0
M011162,43.4,0,3,41.0,3398.46,0,0,0.0
M011163,47.0,1,3,119.7,7391.25,0,0,0.0
M011164,62.9,1,1,123.9,2836.2,0,0,0.0
M011165,83.4,2,4,164.6,10136.28,0,0,0.0
M011166,35.9,1,2,51.6,766.59,0,0,0.0
M011167,16.2,2,1,99.9,14975.16,0,0,0.0
M011168,66.7,1,5,15.5,44898.09,0,0,0.0
M011169,32.0,2,2,37.8,11696.42,0,1,0.0
M011170,91.5,1,1,22.5,5841.35,0,1,0.0
M011171,44.5,1,1,40.4,3994.68,0,1,0.0
M011172,48.3,1,6,105.4,470.54,0,0,0.0
M011173,29.6,4,2,34.7,4378.9,1,0,-0.103288
M011174,46.5,1,1,43.9,2396.54,1,0,-0.087216
M011175,56.7,1,1,44.7,1552.37,1,0,-0.07772
M011176,61.1,1,4,39.2,4366.82,0,1,0.0
M011177,24.4,2,4,106.0,7261.93,1,0,-0.121628
M011178,47.8,0,2,112.8,832.79,0,0,0.0
M011179,47.2,0,3,125.0,6671.94,0,1,0.0
M011180,13.5,3,6,30.6,9392.25,0,0,0.0
M011181,52.3,5,3,23.0,4305.2,1,1,-0.090506
M011182,48.1,1,2,53.8,37180.55,0,1,0.0
M011183,27.6,1,1,58.8,662.14,1,0,-0.07856
M011184,50.6,1,1,18.4,16335.31,0,0,0.0
M011185,10.3,1,3,58.9,5777.54,1,1,-0.084331
M011186,87.8,3,2,133.0,11325.86,1,1,-0.117135
M011187,38.7,0,3,83.8,270.85,0,1,0.0
M011188,34.0,2,1,76.0,566.39,0,0,0.0
M011189,44.9,2,1,41.2,2541.62,0,0,0.0
M011190,20.4,3,2,95.7,5998.92,1,0,-0.121673
M011191,23.7,1,3,54.0,711.24,0,1,0.0
M011192,58.7,2,3,11.6,515.77,0,0,0.0
M011193,49.9,4,2,28.8,3421.1,1,1,-0.116569
M011194,36.6,3,1,25.5,6542.19,0,0,0.0
M011195,17.6,1,3,27.4,3999.03,1,0,-0.107523
M011196,57.6,0,6,22.7,10892.2,0,0,0.0
M011197,72.8,1,3,27.0,6373.28,0,0,0.0
M011198,47.6,3,2,90.2,1539.24,1,0,-0.122149
M011199,48.5,2,1,53.4,2207.8,0,1,0.0
M011200,60.9,4,1,130.7,2752.98,0,1,0.0
M011201,61.2,0,1,33.7,7855.02,0,0,0.0
M011202,59.0,5,1,6.7,3227.99,1,0,-0.091673
M011203,34.5,1,4,57.7,6821.04,0,1,0.0
M011204,67.3,3,1,53.7,1556.44,1,1,-0.111597
M011205,3.1,1,2,76.4,3384.09,1,0,-0.119546
M011206,57.7,3,2,9.1,169.06,0,1,0.0
M011207,59.9,1,1,24.0,411.95,0,0,0.0
M011208,14.0,1,2,42.6,805.32,0,1,0.0
M011209,24.0,4,3,44.5,1074.11,1,1,-0.084387
M011210,1.7,2,5,98.4,7392.34,0,0,0.0
M011211,21.0,0,2,58.0,2378.7,1,1,-0.085423
M011212,50.5,1,3,9.8,115.19,0,0,0.0
M011213,49.3,0,3,52.5,14059.35,1,0,-0.099697
M011214,62.5,1,2,32.4,8983.3,1,0,-0.084336
M011215,49.0,1,1,106.5,14264.55,0,0,0.0
M011216,55.4,0,3,82.6,45855.39,1,1,-0.118927
M011217,70.9,1,2,93.3,5010.68,0,0,0.0
M011218,47.4,5,2,249.2,4789.85,1,1,-0.1195
M011219,51.3,1,1,86.8,1899.69,0,1,0.0
M011220,20.8,1,1,57.4,988.02,1,1,-0.081009
M011221,94.9,2,2,124.3,2084.87,0,0,0.0
M011222,51.5,2,3,47.4,12973.68,0,1,0.0
M011223,27.8,1,4,93.2,6590.09,0,0,0.0
M011224,55.2,0,2,115.4,9711.39,0,1,0.0
M011225,4.1,1,4,49.3,2039.66,1,1,-0.10608
M011226,13.7,1,3,70.8,596.5,0,1,0.0
M011227,29.6,1,3,49.2,2058.21,0,0,0.0
M011228,41.1,3,3,62.7,541.28,1,1,-0.123235
M011229,50.6,0,2,47.6,1699.75,0,0,0.0
M011230,53.1,1,1,62.3,969.22,1,1,-0.078027
M011231,45.3,3,3,62.5,12579.96,0,1,0.0
M011232,51.6,2,1,137.4,453.53,0,0,0.0
M011233,33.7,4,3,80.2,13568.72,1,1,-0.114896
M011234,12.1,1,1,68.8,4411.58,0,1,0.0
M011235,18.0,1,2,132.4,2684.95,1,0,-0.103922
M011236,49.0,1,4,87.9,24893.73,0,0,0.0
M011237,21.7,1,5,60.0,4909.14,0,0,0.0
M011238,2.7,3,1,53.5,9845.61,0,1,0.0
M011239,40.6,2,5,43.0,552.27,0,1,0.0
M011240,46.6,2,4,48.3,1502.0,0,1,0.0
M011241,43.9,3,1,55.8,31314.32,1,1,-0.097625
M011242,53.0,0,1,68.1,18880.59,0,0,0.0
M011243,74.4,2,3,68.2,304.91,1,1,-0.09103
M011244,38.4,0,2,39.5,1290.76,1,0,-0.113012
M011245,16.9,0,1,17.9,925.68,0,1,0.0
M011246,12.0,0,3,42.7,37509.0,0,0,0.0
M011247,62.9,2,1,49.4,1107.76,0,1,0.0
M011248,20.2,2,2,26.9,10984.86,1,0,-0.110879
M011249,88.5,1,1,156.7,10374.43,0,0,0.0
M011250,62.8,5,3,115.5,812.27,0,1,0.0
M011251,47.8,0,1,17.9,6864.79,0,0,0.0
M011252,79.5,0,4,43.7,7328.14,0,1,0.0
M011253,22.9,2,1,41.3,994.09,0,1,0.0
M011254,52.5,1,1,88.0,60342.59,0,0,0.0
M011255,24.0,1,2,54.3,685.86,1,1,-0.124018
M011256,34.5,1,1,97.9,1014.45,0,0,0.0
M011257,66.8,0,5,83.7,5175.07,0,1,0.0
M011258,51.5,0,2,73.7,602.35,0,0,0.0
M011259,22.2,2,1,71.2,6478.68,1,1,-0.11743
M011260,65.0,2,5,68.8,1281.06,0,0,0.0
M011261,57.0,0,4,93.0,1341.19,0,0,0.0
M011262,22.6,5,4,86.9,3813.0,1,1,-0.109048
M011263,37.1,0,4,33.3,1472.75,0,0,0.0
M011264,19.6,2,2,27.1,1578.66,1,0,-0.083678
M011265,57.0,1,3,25.5,5469.51,0,0,0.0
M011266,58.4,1,1,103.2,1944.68,1,0,-0.072501
M011267,62.5,4,4,10.3,322.35,1,1,-0.09936
M011268,44.3,5,2,90.8,7527.12,1,0,-0.111604
M011269,26.3,2,1,16.7,6296.35,0,0,0.0
M011270,63.5,4,3,88.0,2003.3,1,1,-0.119553
M011271,46.1,1,5,36.2,1585.5,0,1,0.0
M011272,28.9,3,1,60.7,1148.37,1,0,-0.087689
M011273,29.5,2,6,34.0,3218.0,0,0,0.0
M011274,48.3,1,2,30.9,1241.63,0,0,0.0
M011275,48.9,3,3,18.9,1203.3,0,0,0.0
M011276,47.7,1,3,104.1,22246.39,1,0,-0.065937
M011277,59.8,2,2,96.3,1147.81,1,0,-0.063159
M011278,0.0,2,1,34.9,708.21,0,0,0.0
M011279,46.3,1,3,85.0,1887.51,0,1,0.0
M011280,79.9,0,3,29.3,1026.47,0,1,0.0
M011281,48.3,2,1,97.8,7864.48,0,1,0.0
M011282,26.7,2,4,8.5,758.5,0,0,0.0
M011283,58.0,3,1,28.8,10215.01,0,1,0.0
M011284,40.3,1,2,112.4,1089.07,0,0,0.0
M011285,46.0,3,1,46.3,2782.21,0,1,0.0
M011286,49.7,3,1,115.5,3680.35,1,0,-0.117913
M011287,50.5,1,1,73.0,2696.54,0,0,0.0
M011288,48.3,2,6,51.9,2810.14,0,0,0.0
M011289,26.9,1,1,64.5,3598.33,0,0,0.0
M011290,44.5,2,1,75.9,14485.49,1,0,-0.096449
M011291,28.3,1,3,55.9,1255.03,0,0,0.0
M011292,0.0,2,4,11.9,1925.76,1,1,-0.102531
M011293,10.0,0,2,73.0,15610.9,1,0,-0.057392
M011294,37.6,0,5,10.7,5390.44,0,0,0.0
M011295,49.6,2,1,80.6,4533.93,0,0,0.0
M011296,57.6,2,1,42.6,6431.08,0,1,0.0
M011297,85.9,1,1,35.2,1357.21,0,1,0.0
M011298,60.3,2,1,51.2,1279.06,0,0,0.0
M011299,18.1,0,1,9.8,4341.04,1,0,-0.079352
M011300,45.6,2,6,103.0,21545.96,0,0,0.0
M011301,66.2,1,5,37.7,3537.43,0,0,0.0
M011302,35.3,3,1,123.1,265.9,1,1,-0.089976
M011303,33.3,0,2,69.9,1262.05,0,1,0.0
M011304,63.5,0,2,19.4,17390.79,0,0,0.0
M011305,47.0,3,2,133.6,3393.99,1,1,-0.110585
M011306,6.8,1,2,21.7,443.03,1,1,-0.120024
M011307,55.0,1,1,31.2,1871.95,0,1,0.0
M011308,19.6,1,2,2.6,1807.5,1,1,-0.07136
M011309,37.3,2,4,93.0,19870.49,0,0,0.0
M011310,64.2,1,2,15.8,9686.15,0,0,0.0
M011311,50.6,0,1,39.4,4337.51,0,0,0.0
M011312,56.7,3,3,71.9,339.61,1,0,-0.110001
M011313,27.8,0,1,77.8,1477.68,1,0,-0.083426
M011314,62.3,2,3,103.5,1058.18,0,0,0.0
M011315,44.3,0,1,28.9,8705.9,0,0,0.0
M011316,71.8,1,3,55.5,2704.3,0,0,0.0
M011317,39.1,1,4,73.0,499.61,0,0,0.0
M011318,40.5,0,6,65.8,16404.88,1,0,-0.093242
M011319,60.3,1,4,106.7,2343.89,0,0,0.0
M011320,57.2,0,3,36.1,10310.24,0,0,0.0
M011321,65.8,3,4,103.6,2165.16,1,1,-0.120133
M011322,45.6,2,3,65.7,2156.31,0,0,0.0
M011323,51.3,1,5,16.9,26202.37,0,1,0.0
M011324,46.7,0,1,88.6,3032.34,0,1,0.0
M011325,48.3,2,1,80.9,18409.11,0,0,0.0
M011326,39.1,0,5,21.3,192.75,0,1,0.0
M011327,34.9,0,4,63.7,426.38,0,1,0.0
M011328,32.8,2,6,34.3,3296.63,0,0,0.0
M011329,63.5,2,2,22.1,12139.06,0,0,0.0
M011330,53.3,0,1,27.5,3905.66,0,0,0.0
M011331,19.4,2,5,136.1,1455.52,0,1,0.0
M011332,16.8,0,3,16.8,2789.22,0,1,0.0
M011333,46.4,1,1,54.2,3454.45,0,1,0.0
M011334,65.5,5,3,28.7,2412.53,1,1,-0.098686
M011335,55.7,4,4,68.7,2348.9,0,1,0.0
M011336,45.0,1,5,32.5,9524.45,0,0,0.0
M011337,39.1,1,4,17.1,2735.6,1,0,-0.071401
M011338,61.1,1,5,15.9,3096.01,0,1,0.0
M011339,40.6,2,5,40.3,3393.28,0,1,0.0
M011340,65.3,2,4,72.4,7944.32,0,0,0.0
M011341,22.5,0,2,64.7,2742.22,1,0,-0.080157
M011342,47.1,1,1,27.8,2119.57,0,1,0.0
M011343,72.2,1,4,32.0,5884.33,0,1,0.0
M011344,27.0,3,3,45.7,2573.59,1,1,-0.099624
M011345,71.5,3,1,40.8,1907.99,1,0,-0.08175
M011346,36.3,2,2,109.9,3756.77,1,0,-0.085824
M011347,47.2,5,3,67.1,3610.23,1,1,-0.106547
M011348,54.8,1,4,50.0,5440.8,0,0,0.0
M011349,100.0,1,2,47.7,8011.41,0,0,0.0
M011350,100.0,2,1,45.0,8119.01,0,1,0.0
M011351,23.8,1,1,26.3,2315.92,1,0,-0.087215
M011352,64.4,2,5,113.9,2696.28,0,0,0.0
M011353,63.1,3,3,32.4,11387.22,1,0,-0.109254
M011354,15.8,1,2,89.0,754.39,1,1,-0.098416
M011355,41.4,3,4,20.4,6476.94,1,1,-0.074013
M011356,54.9,1,3,42.4,790.29,0,1,0.0
M011357,10.9,1,4,186.3,14550.26,1,1,-0.123983
M011358,62.2,2,2,103.1,12340.04,1,0,-0.089845
M011359,36.4,4,2,53.1,3210.88,1,0,-0.114211
M011360,32.4,3,2,8.1,3961.84,1,1,-0.107015
M011361,35.8,2,2,99.5,1155.37,0,1,0.0
M011362,13.7,4,2,77.0,2199.06,1,1,-0.080675
M011363,26.5,0,2,177.2,5826.93,0,1,0.0
M011364,26.5,0,3,55.5,35232.83,0,1,0.0
M011365,88.0,2,2,113.2,5976.88,0,0,0.0
M011366,21.2,0,2,41.9,2792.63,0,0,0.0
M011367,37.5,0,1,35.5,3378.74,0,1,0.0
M011368,31.1,1,2,57.5,3674.9,0,0,0.0
M011369,40.5,4,4,26.2,214.6,0,1,0.0
M011370,17.3,3,2,89.2,19784.19,0,0,0.0
M011371,47.9,1,1,76.5,12275.88,0,0,0.0
M011372,30.9,2,2,148.5,9446.75,0,0,0.0
M011373,24.1,1,1,79.7,12105.06,1,0,-0.096408
M011374,6.4,0,2,44.8,2703.62,0,0,0.0
M011375,38.1,1,1,48.7,43544.57,0,0,0.0
M011376,24.5,3,5,69.3,6435.51,0,1,0.0
M011377,57.4,3,1,73.8,3875.5,1,1,-0.10905
M011378,82.4,2,4,120.6,4804.2,0,0,0.0
M011379,35.3,2,3,156.0,2015.97,1,0,-0.064536
M011380,45.1,3,1,10.2,3337.85,1,0,-0.102857
M011381,25.7,1,1,12.7,558.61,0,1,0.0
M011382,34.3,1,1,46.3,430.38,0,0,0.0
M011383,17.2,4,2,5.9,9330.09,0,0,0.0
M011384,41.7,0,4,68.7,6319.13,0,0,0.0
M011385,54.5,2,3,73.3,1180.03,0,0,0.0
M011386,85.9,1,2,160.0,5540.8,0,0,0.0
M011387,40.7,1,1,55.6,5251.14,1,0,-0.09911
M011388,26.9,2,5,45.9,5690.88,0,0,0.0
M011389,0.0,1,2,60.8,20889.44,0,1,0.0
M011390,77.0,2,5,129.2,1561.73,1,0,-0.084662
M011391,33.4,1,4,16.9,6366.47,0,0,0.0
M011392,74.7,3,3,88.8,1939.02,1,1,-0.113521
M011393,35.4,1,1,48.3,1003.97,0,0,0.0
M011394,49.9,1,1,47.5,2357.13,1,0,-0.076135
M011395,29.3,3,3,21.4,821.54,0,1,0.0
M011396,87.1,1,1,56.9,18514.37,0,0,0.0
M011397,52.3,2,2,70.4,1880.96,0,0,0.0
M011398,53.6,2,3,8.3,2834.34,0,0,0.0
M011399,18.3,2,2,43.2,11032.01,1,1,-0.087757
M011400,46.7,0,5,16.0,2787.14,0,1,0.0
M011401,60.0,1,4,38.7,25162.48,0,1,0.0
M011402,40.2,0,5,126.4,6778.22,0,0,0.0
M011403,38.8,2,2,27.2,8797.1,0,0,0.0
M011404,51.3,0,1,136.4,4176.22,0,1,0.0
M011405,33.1,1,4,111.6,1588.15,0,0,0.0
M011406,27.5,2,1,34.7,2105.68,0,1,0.0
M011407,51.5,1,1,58.9,1137.29,0,1,0.0
M011408,52.9,3,5,44.8,908.0,1,0,-0.102908
M011409,57.9,1,3,91.9,531.29,0,0,0.0
M011410,67.4,0,1,33.2,12001.63,0,0,0.0
M011411,0.0,1,3,72.0,863.92,1,0,-0.109456
M011412,44.2,2,2,29.2,14054.66,0,1,0.0
M011413,51.1,5,1,119.2,520.43,0,1,0.0
M011414,26.3,2,4,90.3,9678.61,0,1,0.0
M011415,59.4,3,5,37.1,5148.94,0,1,0.0
M011416,44.6,0,2,27.3,4549.26,0,0,0.0
M011417,37.4,2,3,89.1,1322.51,0,0,0.0
M011418,42.6,2,1,98.4,2153.24,0,0,0.0
M011419,59.8,2,3,68.5,6326.23,0,0,0.0
M011420,64.5,3,5,61.3,1118.85,0,1,0.0
M011421,46.2,1,1,45.3,1834.19,0,0,0.0
M011422,53.0,2,2,96.1,1609.42,0,0,0.0
M011423,51.8,1,1,22.1,8069.13,0,0,0.0
M011424,50.2,2,1,38.6,2089.46,0,1,0.0
M011425,48.8,0,2,21.8,416.06,0,0,0.0
M011426,64.9,2,2,21.3,947.43,0,1,0.0
M011427,52.5,0,1,92.9,4832.35,0,1,0.0
M011428,46.8,2,2,18.7,1091.04,1,0,-0.104991
M011429,14.0,1,2,22.4,1458.92,1,1,-0.11692
M011430,47.0,1,6,97.7,5943.61,1,0,-0.050001
M011431,57.7,2,4,118.6,869.31,1,0,-0.041965
M011432,30.9,3,2,22.9,40152.6,1,0,-0.09373
M011433,50.4,0,2,67.4,8682.36,0,0,0.0
M011434,25.8,1,1,46.3,20041.87,0,1,0.0
M011435,25.1,2,2,29.4,464.92,0,0,0.0
M011436,37.8,0,2,21.3,2363.69,0,0,0.0
M011437,15.0,0,3,32.1,502.88,0,1,0.0
M011438,34.1,1,1,10.4,5163.74,0,1,0.0
M011439,75.4,4,2,90.9,4819.2,0,1,0.0
M011440,23.0,2,4,49.8,8709.9,1,1,-0.10649
M011441,50.9,2,3,81.8,7185.46,0,0,0.0
M011442,49.3,2,1,34.5,1948.35,0,0,0.0
M011443,76.8,3,3,15.4,6686.43,1,1,-0.083019
M011444,59.1,1,2,33.3,8868.48,0,0,0.0
M011445,54.4,0,3,19.8,31969.32,0,0,0.0
M011446,27.3,2,3,20.1,9694.18,0,1,0.0
M011447,36.6,2,2,114.8,12689.83,0,0,0.0
M011448,37.4,5,4,132.0,5538.68,0,1,0.0
M011449,43.8,3,1,38.1,9175.6,0,1,0.0
M011450,24.9,1,5,52.5,1525.91,0,1,0.0
M011451,9.9,2,1,52.0,1378.9,1,0,-0.087676
M011452,78.1,4,2,49.2,16927.68,0,1,0.0
M011453,66.4,2,1,8.1,559.39,0,1,0.0
M011454,42.3,2,3,102.5,2334.01,0,0,0.0
M011455,31.5,0,1,30.9,838.19,0,0,0.0
M011456,25.5,2,4,69.4,709.44,0,0,0.0
M011457,34.5,3,2,32.8,1386.56,0,1,0.0
M011458,81.5,4,1,103.0,3326.46,0,0,0.0
M011459,47.1,4,3,22.3,3021.66,1,1,-0.089452
M011460,76.7,1,4,20.8,1314.19,0,1,0.0
M011461,44.3,1,1,116.8,5772.13,0,0,0.0
M011462,70.4,0,3,18.3,705.46,0,0,0.0
M011463,68.5,0,3,94.8,14082.77,0,0,0.0
M011464,61.3,5,1,15.8,1842.74,1,1,-0.111204
M011465,60.0,1,4,92.1,9424.75,0,0,0.0
M011466,51.5,2,4,27.0,3247.58,0,1,0.0
M011467,51.7,2,4,69.1,1031.15,0,0,0.0
M011468,76.0,1,2,88.4,14253.8,0,0,0.0
M011469,65.4,5,1,82.0,3434.19,0,1,0.0
M011470,61.8,0,2,75.8,3473.02,0,0,0.0
M011471,81.4,2,5,47.2,1960.42,0,0,0.0
M011472,29.2,1,3,53.3,3183.72,0,0,0.0
M011473,23.1,2,2,110.3,4281.11,0,0,0.0
M011474,67.8,1,1,104.5,2606.08,0,0,0.0
M011475,24.1,2,1,54.3,639.53,1,1,-0.118046
M011476,37.1,1,4,28.9,439.22,0,0,0.0
M011477,6.7,2,2,124.9,3635.24,0,0,0.0
M011478,72.5,1,1,123.0,6504.75,0,0,0.0
M011479,39.9,3,3,73.0,6715.34,0,1,0.0
M011480,73.8,1,2,80.6,4393.6,0,0,0.0
M011481,10.2,0,3,3.7,26849.01,0,0,0.0
M011482,7.3,2,3,59.2,2773.7,1,1,-0.104583
M011483,60.9,0,1,43.7,12217.73,0,0,0.0
M011484,90.5,1,5,62.5,2762.19,0,1,0.0
M011485,51.8,3,3,90.5,1324.67,0,1,0.0
M011486,27.2,3,5,55.8,1079.59,1,0,-0.115499
M011487,63.6,1,4,198.4,873.71,0,0,0.0
M011488,18.5,1,4,84.1,2018.71,0,1,0.0
M011489,21.3,1,3,15.9,605.06,0,1,0.0
M011490,50.8,1,3,154.2,2989.28,1,0,-0.059496
M011491,34.9,0,2,50.3,6577.73,0,1,0.0
M011492,73.1,0,1,82.5,7310.6,0,0,0.0
M011493,45.0,3,3,32.7,2990.57,1,1,-0.086885
M011494,40.9,0,3,37.9,6994.03,0,0,0.0
M011495,31.9,3,1,133.4,8597.02,1,1,-0.122268
M011496,52.6,2,2,76.4,5452.61,1,0,-0.066361
M011497,2.7,2,1,52.5,2923.81,0,1,0.0
M011498,19.1,3,2,20.4,3119.62,0,1,0.0
M011499,34.3,3,5,174.6,5302.31,0,1,0.0
M011500,36.2,1,2,34.2,8888.5,0,0,0.0
M011501,67.0,0,2,28.6,3461.79,1,0,-0.075418
M011502,47.4,1,4,75.4,2602.49,0,0,0.0
M011503,47.6,2,3,28.9,3076.47,0,0,0.0
M011504,39.6,1,3,60.1,5954.27,0,1,0.0
M011505,18.8,0,6,63.3,3725.13,0,1,0.0
M011506,72.6,2,5,101.0,5575.92,0,0,0.0
M011507,45.1,3,2,123.9,830.14,0,1,0.0
M011508,60.2,4,1,89.7,3759.34,1,0,-0.113836
M011509,38.9,1,2,9.6,12072.4,0,0,0.0
M011510,31.8,3,1,63.1,2804.17,1,1,-0.122001
M011511,6.6,5,6,20.7,2978.47,1,1,-0.123237
M011512,48.0,3,2,61.9,4250.08,1,1,-0.105661
M011513,51.9,4,2,57.1,2224.48,0,0,0.0
M011514,38.0,0,2,61.7,17446.34,0,1,0.0
M011515,37.8,1,3,48.1,1195.13,0,0,0.0
M011516,48.2,0,1,83.3,2059.68,1,0,-0.101614
M011517,30.8,1,3,113.2,8355.76,1,0,-0.080587
M011518,25.8,2,2,8.0,1588.49,1,0,-0.098338
M011519,32.3,0,4,16.5,7747.1,1,0,-0.101342
M011520,40.6,1,2,17.9,2327.32,0,1,0.0
M011521,8.8,4,2,138.0,600.88,1,1,-0.121779
M011522,84.8,1,4,70.9,1282.43,1,0,-0.075816
M011523,38.1,2,2,76.3,5598.35,0,0,0.0
M011524,50.7,1,4,69.6,4665.28,0,1,0.0
M011525,61.8,2,6,80.5,3711.1,0,0,0.0
M011526,3.9,0,2,55.6,6432.41,0,0,0.0
M011527,50.0,2,4,102.6,850.8,0,1,0.0
M011528,19.2,2,3,11.9,1819.0,0,1,0.0
M011529,38.1,1,2,55.8,2415.62,0,1,0.0
M011530,40.7,4,1,65.2,8819.1,1,1,-0.11731
M011531,92.6,2,3,33.8,6692.82,1,0,-0.103458
M011532,55.6,0,3,73.4,3695.67,0,1,0.0
M011533,48.6,0,3,80.9,2289.38,0,1,0.0
M011534,54.1,1,2,58.8,4595.5,0,1,0.0
M011535,48.4,1,3,56.9,3369.2,1,0,-0.083425
M011536,52.1,0,2,58.1,5262.4,0,1,0.0
M011537,29.0,0,2,142.7,13785.46,0,0,0.0
M011538,42.8,2,1,116.0,2517.73,0,0,0.0
M011539,47.0,4,5,54.2,5802.96,0,1,0.0
M011540,32.9,1,3,81.3,2242.88,0,0,0.0
M011541,77.6,2,1,17.1,3889.75,0,0,0.0
M011542,0.0,1,2,44.1,1366.76,1,0,-0.077638
M011543,54.4,3,4,43.5,1307.55,0,1,0.0
M011544,0.0,3,1,3.4,631.74,0,1,0.0
M011545,57.0,2,3,31.8,301.97,0,1,0.0
M011546,77.4,0,3,20.2,4895.74,0,0,0.0
M011547,63.1,2,4,173.3,1212.41,0,0,0.0
M011548,44.5,0,3,152.0,2126.05,0,1,0.0
M011549,40.7,3,3,79.5,1886.88,1,0,-0.113009
M011550,55.0,0,2,136.7,1454.06,0,0,0.0
M011551,45.5,0,2,31.5,752.85,0,0,0.0
M011552,28.4,0,1,5.8,7124.89,0,0,0.0
M011553,47.4,0,1,55.8,1082.99,0,0,0.0
M011554,81.9,3,4,71.7,279.95,1,1,-0.097114
M011555,42.1,0,4,11.2,3071.35,1,0,-0.098507
M011556,57.5,2,3,18.4,420.94,0,0,0.0
M011557,19.9,0,2,65.9,1602.22,0,0,0.0
M011558,38.1,1,1,117.5,1219.02,0,0,0.0
M011559,48.1,1,3,137.8,896.64,0,1,0.0
M011560,48.8,1,3,24.9,3027.7,0,0,0.0
M011561,70.8,3,1,71.7,2938.89,1,1,-0.119096
M011562,45.0,1,2,33.9,1417.56,0,0,0.0
M011563,69.8,3,1,27.0,5669.17,0,1,0.0
M011564,43.8,2,2,46.1,17220.3,0,0,0.0
M011565,38.2,0,2,76.2,1084.45,1,0,-0.123554
M011566,19.1,1,2,76.1,1363.09,1,1,-0.106597
M011567,53.2,2,2,42.6,3875.14,0,0,0.0
M011568,92.6,1,2,36.4,4590.78,0,0,0.0
M011569,47.3,0,2,63.1,1811.1,0,0,0.0
M011570,39.0,1,4,115.5,559.57,1,0,-0.087381
M011571,68.9,1,4,54.6,6792.42,0,0,0.0
M011572,41.1,3,3,77.5,1543.58,0,1,0.0
M011573,41.4,0,4,72.4,30588.81,0,1,0.0
M011574,19.2,1,1,50.0,1078.43,1,0,-0.094005
M011575,62.0,1,2,36.5,5597.35,0,0,0.0
M011576,63.7,1,3,101.5,14810.1,0,0,0.0
M011577,58.0,3,6,20.4,454.85,0,1,0.0
M011578,26.3,1,3,42.5,11344.86,0,1,0.0
M011579,1.7,1,2,91.6,37353.73,1,1,-0.116465
M011580,58.5,1,1,52.8,24712.63,0,0,0.0
M011581,80.4,4,6,25.4,3201.96,0,1,0.0
M011582,16.4,5,3,96.4,3736.39,1,1,-0.114821
M011583,45.6,2,4,81.9,1668.25,0,1,0.0
M011584,63.6,1,1,25.6,2385.24,0,0,0.0
M011585,64.2,2,2,32.1,136.25,0,0,0.0
M011586,21.2,1,5,59.9,58547.31,1,0,-0.092262
M011587,56.1,1,3,74.8,7529.32,0,0,0.0
M011588,71.1,4,2,23.6,1771.54,1,0,-0.078709
M011589,17.5,0,2,241.8,675.62,1,0,-0.065878
M011590,40.7,1,3,111.5,2016.86,0,1,0.0
M011591,16.1,1,6,45.9,4743.88,1,1,-0.106123
M011592,24.1,1,4,50.9,6264.3,1,1,-0.120287
M011593,50.1,2,3,64.2,11065.02,0,0,0.0
M011594,40.4,0,2,25.8,13196.0,0,0,0.0
M011595,38.7,0,3,16.0,279.97,0,0,0.0
M011596,24.7,2,1,31.3,10481.77,1,0,-0.090262
M011597,43.7,1,2,23.4,976.64,0,1,0.0
M011598,55.5,3,1,15.6,5604.63,1,1,-0.09528
M011599,8.1,5,2,51.3,15983.26,0,1,0.0
M011600,64.1,1,2,89.5,18778.39,0,0,0.0
M011601,33.0,0,1,27.2,9687.98,0,0,0.0
M011602,49.5,1,1,166.5,490.26,1,1,-0.103578
M011603,46.1,2,3,81.9,1487.54,0,1,0.0
M011604,10.7,2,4,45.9,6882.53,1,1,-0.102839
M011605,29.6,0,5,121.6,4741.11,0,0,0.0
M011606,27.4,1,1,78.7,913.7,0,0,0.0
M011607,66.0,2,3,78.9,7323.03,0,0,0.0
M011608,63.3,5,2,84.3,1980.02,0,1,0.0
M011609,32.4,1,2,31.8,2590.28,0,0,0.0
M011610,43.2,1,3,191.6,775.12,0,0,0.0
M011611,25.8,5,4,41.5,13817.23,0,0,0.0
M011612,44.2,3,4,24.2,9691.35,1,1,-0.115096
M011613,47.5,1,3,39.5,7302.11,0,0,0.0
M011614,21.9,2,2,115.4,14040.55,1,0,-0.121273
M011615,80.6,1,5,82.2,7760.58,0,1,0.0
M011616,58.4,2,2,61.7,2213.36,0,0,0.0
M011617,47.4,2,2,63.3,12500.76,0,0,0.0
M011618,45.4,1,5,52.5,992.8,0,0,0.0
M011619,16.8,3,1,75.3,2350.69,0,0,0.0
M011620,37.9,0,3,14.1,7625.33,0,0,0.0
M011621,55.1,5,1,35.8,2381.94,0,1,0.0
M011622,18.0,1,2,107.5,3866.26,1,1,-0.11584
M011623,32.9,2,4,66.4,27289.08,0,0,0.0
M011624,57.8,1,4,29.0,1461.69,0,0,0.0
M011625,19.0,1,4,85.2,463.91,0,0,0.0
M011626,49.4,1,2,106.4,41620.43,0,1,0.0
M011627,40.2,0,3,62.9,460.98,0,0,0.0
M011628,58.0,2,3,21.8,1507.16,0,0,0.0
M011629,57.6,2,3,23.0,23631.57,1,0,-0.09041
M011630,48.1,0,3,29.5,1931.65,0,0,0.0
M011631,40.5,1,1,16.8,1679.03,0,0,0.0
M011632,48.5,0,2,175.0,284.89,0,0,0.0
M011633,51.5,4,2,81.9,5353.24,1,0,-0.116033
M011634,84.1,3,2,16.8,23869.76,1,1,-0.113713
M011635,59.2,1,1,116.4,1226.36,0,1,0.0
M011636,34.2,2,1,10.7,1792.48,0,0,0.0
M011637,32.9,0,1,105.8,5454.29,0,0,0.0
M011638,23.6,0,4,42.3,11542.41,0,1,0.0
M011639,45.2,4,1,72.3,538.47,1,1,-0.078509
M011640,30.7,2,1,103.9,3066.38,0,0,0.0
M011641,22.2,2,4,111.3,813.0,1,1,-0.103708
M011642,14.4,2,1,90.2,1949.06,0,1,0.0
M011643,32.7,0,1,49.2,3004.27,0,1,0.0
M011644,16.5,1,4,77.7,3996.84,1,1,-0.100287
M011645,43.8,1,2,25.1,428.25,0,0,0.0
M011646,48.0,1,4,18.2,2124.22,0,0,0.0
M011647,43.1,2,2,104.4,1112.93,0,0,0.0
M011648,21.5,1,1,38.4,19647.26,1,0,-0.100408
M011649,40.6,1,2,91.3,1951.85,0,1,0.0
M011650,7.0,2,2,21.0,17631.61,1,0,-0.105295
M011651,69.1,2,3,62.0,7814.42,0,0,0.0
M011652,0.0,1,5,39.7,4635.79,1,1,-0.081103
M011653,38.8,0,3,39.2,4574.72,0,1,0.0
M011654,56.7,3,1,75.8,30956.88,1,1,-0.118045
M011655,52.6,1,1,32.0,9336.38,0,0,0.0
M011656,0.0,3,1,141.1,4077.43,0,0,0.0
M011657,19.5,1,2,98.9,1699.12,0,1,0.0
M011658,44.1,1,1,76.0,2763.68,0,0,0.0
M011659,44.9,1,3,27.7,1241.5,0,0,0.0
M011660,10.2,1,3,79.8,1863.36,1,1,-0.110651
M011661,45.9,2,2,131.8,505.32,0,1,0.0
M011662,47.6,1,2,64.0,858.83,1,0,-0.093869
M011663,54.7,0,1,83.5,2884.65,0,0,0.0
M011664,25.5,0,3,97.1,5541.45,1,0,-0.078592
M011665,35.6,0,3,18.7,3495.75,0,0,0.0
M011666,85.3,1,1,54.0,658.07,0,0,0.0
M011667,73.5,1,4,20.5,2985.34,0,0,0.0
M011668,23.5,2,5,230.7,4093.98,1,0,-0.123515
M011669,46.8,1,3,68.3,899.46,0,0,0.0
M011670,43.9,1,1,76.8,5622.3,0,0,0.0
M011671,34.3,2,1,91.3,1369.19,0,0,0.0
M011672,0.0,2,5,20.1,602.51,1,0,-0.08023
M011673,45.2,2,2,103.1,3470.26,0,0,0.0
M011674,68.0,1,2,55.1,778.79,0,0,0.0
M011675,34.9,2,2,47.8,4811.64,0,0,0.0
M011676,43.5,1,3,35.5,3134.98,0,0,0.0
M011677,45.9,4,3,120.5,1260.22,1,1,-0.122184
M011678,25.6,2,5,68.2,2131.58,0,0,0.0
M011679,65.1,0,2,42.1,797.13,0,0,0.0
M011680,52.7,1,3,9.5,8491.4,1,0,-0.120047
M011681,58.7,2,2,52.9,4645.69,1,1,-0.103581
M011682,40.2,0,2,171.5,36508.2,1,0,-0.061471
M011683,41.9,3,2,81.1,13774.99,1,1,-0.120073
M011684,22.2,1,1,39.7,184.06,1,0,-0.11451
M011685,48.7,2,2,172.3,12545.32,0,1,0.0
M011686,58.0,1,2,20.4,2191.78,0,0,0.0
M011687,34.8,3,3,59.4,672.64,1,0,-0.083986
M011688,32.6,3,6,79.7,3867.75,1,1,-0.111391
M011689,66.0,2,1,147.6,35557.67,0,0,0.0
M011690,30.8,0,6,34.1,1747.86,0,0,0.0
M011691,24.1,2,5,128.8,1015.59,1,0,-0.12138
M011692,33.3,2,3,17.6,387.67,0,1,0.0
M011693,70.1,0,1,32.4,8787.34,0,1,0.0
M011694,53.4,1,5,79.4,2318.84,0,0,0.0
M011695,56.9,1,3,15.1,204.13,0,0,0.0
M011696,3.2,3,2,126.3,842.08,1,1,-0.113451
M011697,37.3,3,4,46.9,6919.44,1,1,-0.086281
M011698,55.9,1,4,112.0,844.53,0,1,0.0
M011699,18.1,4,1,97.3,3298.88,1,0,-0.101415
M011700,58.7,2,2,52.9,9130.15,0,0,0.0
M011701,34.3,1,2,109.6,985.28,0,0,0.0
M011702,51.2,1,5,29.7,1247.72,0,0,0.0
M011703,68.3,2,4,59.6,781.6,0,0,0.0
M011704,53.0,2,3,103.0,2225.43,0,1,0.0
M011705,53.9,1,5,52.1,465.75,0,0,0.0
M011706,53.1,0,2,24.5,728.9,0,0,0.0
M011707,32.8,0,1,17.5,352.02,0,0,0.0
M011708,23.2,0,3,119.7,6642.0,1,0,-0.097945
M011709,22.7,3,4,76.2,222.96,1,0,-0.118948
M011710,55.0,2,4,33.9,6428.65,0,0,0.0
M011711,62.5,1,1,51.3,3861.62,0,0,0.0
M011712,37.6,1,1,15.1,2173.95,0,0,0.0
M011713,47.5,2,1,17.1,9663.29,0,0,0.0
M011714,70.0,1,2,93.9,8652.51,0,0,0.0
M011715,88.1,1,1,144.2,1683.06,0,0,0.0
M011716,43.7,0,2,132.6,2337.16,1,0,-0.098939
M011717,20.6,4,2,21.0,2293.2,0,1,0.0
M011718,15.5,1,2,53.0,2152.04,0,1,0.0
M011719,49.3,0,6,67.9,22838.1,1,0,-0.063308
M011720,28.6,0,2,86.9,632.79,0,1,0.0
M011721,56.1,0,4,86.8,34454.88,0,1,0.0
M011722,50.1,1,2,17.9,3390.62,1,0,-0.089718
M011723,37.1,2,3,142.3,1883.77,0,0,0.0
M011724,82.8,5,2,64.0,4051.76,0,0,0.0
M011725,53.1,1,3,19.8,1852.56,0,0,0.0
M011726,52.8,3,3,107.6,2970.32,1,1,-0.116925
M011727,49.0,1,5,25.4,15188.33,0,0,0.0
M011728,80.9,2,2,40.4,6687.65,0,0,0.0
M011729,29.6,5,6,80.5,3739.24,0,1,0.0
M011730,52.4,0,1,48.9,5756.77,0,0,0.0
M011731,49.1,1,2,82.7,1497.85,1,0,-0.085137
M011732,42.0,2,5,92.4,1479.94,0,1,0.0
M011733,28.2,2,4,112.4,17040.85,1,0,-0.081653
M011734,44.1,4,1,9.3,4040.34,0,1,0.0
M011735,67.4,1,2,76.8,27642.81,0,0,0.0
M011736,33.9,2,1,80.3,2566.19,0,0,0.0
M011737,32.6,0,2,137.1,1300.29,0,0,0.0
M011738,75.2,2,5,31.3,568.2,0,1,0.0
M011739,43.8,1,2,68.0,9409.9,0,1,0.0
M011740,83.6,3,1,50.2,6176.58,0,0,0.0
M011741,45.5,1,4,99.2,10076.77,0,0,0.0
M011742,50.4,0,1,14.3,11658.17,0,1,0.0
M011743,39.3,2,1,34.1,9349.79,0,1,0.0
M011744,48.1,1,2,75.3,6897.3,0,0,0.0
M011745,72.0,1,1,58.6,2358.41,0,1,0.0
M011746,30.4,0,1,18.1,716.67,0,0,0.0
M011747,28.4,5,2,182.4,3964.0,1,1,-0.124112
M011748,0.0,1,1,38.7,3152.9,1,0,-0.101095
M011749,48.3,5,1,45.4,12105.49,0,0,0.0
M011750,53.4,3,1,121.8,1386.65,1,1,-0.110912
M011751,4.3,5,2,51.3,2421.74,1,1,-0.115674
M011752,49.0,0,2,79.2,1027.3,1,0,-0.081719
M011753,71.7,0,2,23.8,10921.06,0,0,0.0
M011754,62.5,3,2,40.0,754.59,1,0,-0.11765
M011755,71.4,1,2,94.7,1454.79,0,0,0.0
M011756,15.0,2,1,82.5,13460.9,1,0,-0.106439
M011757,16.2,2,1,46.5,5220.01,1,1,-0.093423
M011758,55.0,1,1,58.4,665.49,0,0,0.0
M011759,48.1,5,2,36.9,5698.34,0,0,0.0
M011760,41.9,3,2,68.6,1826.86,0,1,0.0
M011761,18.6,1,1,160.2,4957.1,0,1,0.0
M011762,33.0,2,2,74.7,808.64,0,1,0.0
M011763,70.5,3,1,51.0,1162.73,0,0,0.0
M011764,67.1,2,6,127.6,1266.42,0,0,0.0
M011765,31.5,2,2,13.1,22594.27,1,0,-0.087637
M011766,54.0,2,3,75.5,3444.99,0,0,0.0
M011767,52.7,2,2,50.8,2101.25,0,0,0.0
M011768,60.4,2,4,174.9,2725.36,0,0,0.0
M011769,28.8,1,3,58.2,452.29,0,1,0.0
M011770,4.5,3,2,49.2,10862.8,1,1,-0.102797
M011771,71.1,1,2,88.7,8524.77,0,0,0.0
M011772,83.5,2,1,95.9,1788.13,0,0,0.0
M011773,66.1,3,3,81.0,14172.24,1,0,-0.103724
M011774,61.0,1,3,11.4,3173.82,0,0,0.0
M011775,84.9,1,2,95.7,500.94,0,1,0.0
M011776,66.0,3,2,17.8,6265.93,1,1,-0.098526
M011777,37.4,0,3,130.2,693.77,0,0,0.0
M011778,0.5,2,3,26.0,2996.09,1,1,-0.096049
M011779,47.2,0,3,89.3,3269.84,0,0,0.0
M011780,50.2,1,6,50.3,6396.81,0,0,0.0
M011781,64.2,1,3,25.0,3499.46,0,0,0.0
M011782,50.9,1,2,58.2,1623.53,0,0,0.0
M011783,9.6,1,2,59.7,1707.76,1,1,-0.117015
M011784,32.1,3,3,55.9,4058.63,0,1,0.0
M011785,22.6,2,1,67.4,2088.08,1,0,-0.114638
M011786,32.2,2,2,29.0,2533.64,0,1,0.0
M011787,41.4,1,1,45.3,5842.03,0,0,0.0
M011788,72.3,2,3,57.0,548.36,0,1,0.0
M011789,59.5,1,1,47.3,8775.73,0,0,0.0
M011790,70.6,3,1,56.7,705.68,0,1,0.0
M011791,48.7,2,3,43.0,4984.56,0,0,0.0
M011792,54.6,4,1,101.4,3737.35,1,1,-0.101554
M011793,44.6,3,2,73.6,4542.9,1,0,-0.111489
M011794,33.2,2,2,76.8,5480.41,0,0,0.0
M011795,63.1,1,3,102.8,6599.01,0,0,0.0
M011796,43.7,0,4,34.9,3308.17,1,0,-0.090361
M011797,68.2,5,2,45.7,4432.38,1,1,-0.117436
M011798,69.7,1,1,95.1,3882.03,0,0,0.0
M011799,39.6,1,1,25.4,8981.48,0,0,0.0
M011800,43.5,1,1,53.6,522.22,0,1,0.0
M011801,73.7,1,3,37.1,858.61,0,0,0.0
M011802,65.1,3,3,23.4,613.92,0,1,0.0
M011803,27.1,2,5,109.6,591.31,1,0,-0.094991
M011804,29.4,1,2,93.1,552.64,0,0,0.0
M011805,53.1,3,2,106.8,3139.18,0,0,0.0
M011806,24.8,1,2,30.8,2159.05,1,0,-0.092567
M011807,73.8,2,1,222.4,2189.43,1,0,-0.076728
M011808,37.0,1,3,68.8,1599.64,0,0,0.0
M011809,60.3,0,2,65.9,6724.22,0,0,0.0
M011810,61.5,2,1,28.7,10369.35,0,0,0.0
M011811,36.4,0,2,51.0,639.09,0,0,0.0
M011812,65.2,1,1,23.6,463.68,0,1,0.0
M011813,16.9,2,2,74.2,2952.17,0,1,0.0
M011814,56.5,2,1,35.4,10192.66,0,1,0.0
M011815,43.2,1,1,98.0,395.24,0,0,0.0
M011816,36.1,3,2,59.1,3585.8,0,1,0.0
M011817,60.5,1,4,47.8,6437.85,0,1,0.0
M011818,46.2,0,4,77.9,152.99,0,0,0.0
M011819,60.7,2,2,13.1,6038.17,0,1,0.0
M011820,35.2,2,3,95.2,7342.3,0,0,0.0
M011821,31.6,2,2,167.8,2072.7,0,1,0.0
M011822,4.3,4,1,33.0,6159.78,0,1,0.0
M011823,50.7,2,1,25.7,4381.29,0,0,0.0
M011824,10.8,1,1,40.8,3503.4,0,1,0.0
M011825,0.0,1,6,109.6,1133.12,1,1,-0.105207
M011826,66.8,2,2,78.7,315.42,0,0,0.0
M011827,24.8,0,1,5.9,2990.17,1,1,-0.120602
M011828,18.6,2,5,159.1,7452.24,0,1,0.0
M011829,42.5,2,4,58.9,1512.73,0,0,0.0
M011830,38.0,2,1,52.2,899.47,0,0,0.0
M011831,57.1,1,5,48.6,5937.38,0,0,0.0
M011832,49.9,2,2,16.3,3451.48,0,0,0.0
M011833,59.6,3,2,88.9,1259.13,1,1,-0.090625
M011834,17.0,1,5,139.7,12995.16,1,0,-0.122298
M011835,38.5,1,2,51.9,6628.57,0,1,0.0
M011836,14.8,0,4,28.2,12755.73,0,0,0.0
M011837,44.5,2,3,33.0,2231.97,0,1,0.0
M011838,48.0,1,3,120.2,4333.58,0,1,0.0
M011839,33.9,1,2,23.4,9934.41,0,1,0.0
M011840,28.0,1,1,54.8,141.38,0,0,0.0
M011841,71.6,2,4,101.8,1936.77,0,1,0.0
M011842,67.9,1,3,6.3,1642.53,0,0,0.0
M011843,60.1,2,2,82.1,2187.82,0,0,0.0
M011844,30.3,1,1,81.7,963.53,0,0,0.0
M011845,35.4,2,2,42.0,3789.06,0,0,0.0
M011846,68.6,2,3,54.4,3899.08,0,0,0.0
M011847,26.9,1,1,66.9,2224.89,0,0,0.0
M011848,54.1,1,4,16.3,3218.3,0,0,0.0
M011849,47.3,0,2,46.7,3254.19,0,0,0.0
M011850,53.0,0,1,23.1,308.4,0,0,0.0
M011851,21.5,1,4,40.4,2563.78,1,0,-0.123872
M011852,44.6,2,1,49.7,4291.47,0,1,0.0
M011853,12.4,1,4,55.3,563.23,1,1,-0.078641
M011854,63.4,3,2,42.3,25822.02,1,1,-0.100245
M011855,38.9,1,3,36.6,2510.64,0,0,0.0
M011856,38.5,0,3,35.8,3836.94,0,0,0.0
M011857,18.7,2,5,37.6,4091.25,1,1,-0.113765
M011858,27.3,1,5,13.1,6609.41,1,0,-0.082321
M011859,32.3,3,2,13.0,4649.89,1,1,-0.084455
M011860,14.6,1,2,39.4,5235.75,1,1,-0.072783
M011861,48.6,2,4,91.3,4206.32,0,0,0.0
M011862,75.8,1,3,20.1,1379.66,0,0,0.0
M011863,6.1,3,2,27.1,1284.51,1,1,-0.085808
M011864,42.6,3,3,23.5,5828.48,0,0,0.0
M011865,73.6,0,3,51.9,458.56,0,0,0.0
M011866,42.4,3,3,43.5,9167.45,1,1,-0.09893
M011867,69.2,1,2,20.2,5989.22,0,1,0.0
M011868,35.7,1,3,122.3,5339.54,0,0,0.0
M011869,56.6,0,2,18.3,1605.81,0,1,0.0
M011870,66.4,2,4,49.0,655.37,0,0,0.0
M011871,78.6,2,5,54.4,6775.97,0,0,0.0
M011872,35.7,1,1,34.3,3181.63,0,0,0.0
M011873,15.5,2,4,31.8,2160.49,1,0,-0.080468
M011874,93.6,3,4,104.9,534.93,1,1,-0.089213
M011875,84.2,3,2,24.1,7262.74,0,0,0.0
M011876,39.6,0,1,4.0,1895.97,0,0,0.0
M011877,9.2,0,3,70.1,2660.64,0,0,0.0
M011878,44.7,3,4,74.2,2911.81,1,0,-0.11129
M011879,64.9,1,3,21.8,5846.73,0,1,0.0
M011880,52.4,1,4,42.3,1425.48,0,1,0.0
M011881,71.6,1,3,96.0,1573.95,0,0,0.0
M011882,17.4,1,2,6.3,7944.3,1,1,-0.09742
M011883,62.0,3,4,30.3,2331.79,0,1,0.0
M011884,25.7,3,1,88.3,5629.65,1,1,-0.101027
M011885,3.7,4,1,92.0,594.03,0,1,0.0
M011886,20.3,1,3,82.9,2117.48,1,1,-0.109333
M011887,30.4,0,1,12.7,293.95,0,1,0.0
M011888,39.8,1,1,6.7,3641.19,0,1,0.0
M011889,30.8,0,1,42.4,3041.65,0,1,0.0
M011890,50.7,0,1,42.6,16838.0,0,0,0.0
M011891,73.4,3,1,12.2,6153.07,0,1,0.0
M011892,45.4,0,6,36.4,26953.8,0,1,0.0
M011893,50.5,0,2,144.8,666.41,0,1,0.0
M011894,50.1,2,5,65.5,3152.88,0,1,0.0
M011895,25.7,5,2,117.4,3099.45,0,1,0.0
M011896,44.0,1,3,30.4,4091.82,0,0,0.0
M011897,37.8,1,2,117.6,2162.16,0,0,0.0
M011898,32.5,2,1,17.6,1153.11,0,1,0.0
M011899,35.2,2,3,96.0,3615.2,0,0,0.0
M011900,9.7,1,2,44.5,4522.61,0,1,0.0
M011901,73.4,2,3,131.3,3484.16,1,0,-0.095003
M011902,29.2,2,2,20.8,309.35,1,1,-0.098902
M011903,28.4,1,5,120.4,6124.83,0,1,0.0
M011904,55.8,4,2,76.0,3921.06,1,1,-0.082471
M011905,64.1,2,6,80.2,34119.51,0,0,0.0
M011906,46.2,0,3,99.7,6113.57,0,0,0.0
M011907,33.2,1,1,27.2,4410.72,1,0,-0.091173
M011908,30.9,2,2,45.4,15748.3,0,0,0.0
M011909,56.0,4,4,19.4,2794.45,0,0,0.0
M011910,33.0,1,1,44.4,5442.04,0,0,0.0
M011911,45.0,1,1,173.4,28119.33,0,0,0.0
M011912,55.0,1,4,57.5,4629.43,0,0,0.0
M011913,63.0,0,1,52.6,2756.53,0,1,0.0
M011914,40.4,1,2,47.7,10408.13,0,1,0.0
M011915,20.4,0,2,42.0,827.37,1,0,-0.093866
M011916,28.8,1,2,140.1,6342.32,0,0,0.0
M011917,86.8,3,3,38.5,15650.45,1,1,-0.113277
M011918,34.9,0,4,114.0,524.38,0,0,0.0
M011919,64.0,1,5,27.8,515.24,0,1,0.0
M011920,38.2,2,2,34.9,5967.19,0,0,0.0
M011921,45.0,1,4,57.0,1062.5,0,0,0.0
M011922,40.2,3,3,44.3,1920.41,1,0,-0.088674
M011923,55.8,4,2,56.7,3770.79,1,1,-0.109267
M011924,44.2,3,1,45.0,1248.09,1,1,-0.110893
M011925,71.4,4,1,110.6,6183.53,1,0,-0.098237
M011926,24.7,2,2,36.0,9901.58,0,0,0.0
M011927,76.1,1,1,45.7,1437.52,1,0,-0.098339
M011928,31.3,2,2,78.7,2393.87,0,0,0.0
M011929,38.2,1,3,105.4,1868.47,0,0,0.0
M011930,83.1,3,3,39.7,709.63,0,1,0.0
M011931,76.3,1,3,28.9,1221.93,0,0,0.0
M011932,48.5,1,1,71.7,2135.7,1,0,-0.069658
M011933,27.1,1,2,54.8,2964.82,0,0,0.0
M011934,8.6,5,3,71.9,1290.45,1,1,-0.122072
M011935,54.6,2,4,128.3,3036.11,0,1,0.0
M011936,62.1,3,6,247.8,7240.31,1,0,-0.123628
M011937,41.1,0,3,19.9,1864.39,0,0,0.0
M011938,38.3,2,2,22.8,3258.25,0,0,0.0
M011939,35.9,3,4,99.6,675.3,1,1,-0.112193
M011940,31.0,3,1,136.5,10311.54,0,1,0.0
M011941,73.0,5,4,42.7,1836.3,1,0,-0.101936
M011942,61.7,2,5,114.7,4419.16,0,0,0.0
M011943,59.7,0,4,54.1,3363.77,1,1,-0.091066
M011944,18.2,2,2,37.7,3790.36,1,1,-0.091856
M011945,63.1,1,2,58.1,4799.95,0,0,0.0
M011946,43.6,3,2,93.3,3251.24,1,0,-0.111335
M011947,49.2,0,1,27.4,5318.1,0,0,0.0
M011948,44.4,3,2,75.3,634.88,1,0,-0.120162
M011949,61.1,2,3,43.2,304.36,0,0,0.0
M011950,64.5,3,2,100.9,2654.91,0,1,0.0
M011951,53.0,1,3,85.1,2375.57,0,0,0.0
M011952,43.7,1,6,49.9,11672.31,0,0,0.0
M011953,41.2,2,4,58.5,8185.4,0,0,0.0
M011954,41.8,1,3,34.0,1449.27,0,1,0.0
M011955,22.5,2,3,21.3,7393.43,1,1,-0.084378
M011956,50.0,2,3,69.9,2000.51,0,1,0.0
M011957,17.2,1,4,76.6,3855.25,1,1,-0.078167
M011958,61.9,1,6,83.8,7367.5,0,1,0.0
M011959,32.4,2,1,53.8,1903.23,0,0,0.0
M011960,48.6,3,1,107.0,2214.14,1,0,-0.089743
M011961,58.8,2,2,29.1,1118.17,1,1,-0.109686
M011962,12.9,4,2,71.7,8462.89,1,0,-0.122188
M011963,54.9,0,1,27.9,4105.18,0,1,0.0
M011964,46.2,1,1,62.4,8969.09,1,0,-0.112645
M011965,64.5,4,3,83.8,3112.87,1,1,-0.104145
M011966,35.7,3,3,24.3,3526.84,1,1,-0.069247
M011967,19.8,0,4,31.6,9339.12,0,0,0.0
M011968,35.6,3,4,31.4,2694.72,0,1,0.0
M011969,90.6,2,1,118.0,2044.71,1,0,-0.107159
M011970,62.6,2,5,23.5,1965.37,0,0,0.0
M011971,33.2,1,1,13.8,593.22,1,1,-0.118266
M011972,40.2,4,1,23.5,568.43,1,0,-0.100475
M011973,43.3,1,1,160.6,8411.92,0,0,0.0
M011974,48.0,2,1,36.0,4315.35,0,0,0.0
M011975,53.3,0,4,40.5,549.71,0,1,0.0
M011976,35.2,5,4,45.2,411.32,0,0,0.0
M011977,57.4,2,1,177.4,1775.81,0,0,0.0
M011978,39.7,3,4,46.9,5513.37,0,1,0.0
M011979,40.1,1,4,49.4,7221.84,1,1,-0.068176
M011980,50.6,0,3,15.2,8935.35,0,0,0.0
M011981,44.2,1,3,73.8,438.05,1,0,-0.09403
M011982,73.9,0,1,56.4,1664.76,0,0,0.0
M011983,38.5,0,4,94.9,4124.9,0,0,0.0
M011984,61.7,3,3,13.0,4213.35,0,1,0.0
M011985,64.6,0,2,85.2,1019.18,0,0,0.0
M011986,38.6,1,1,15.6,2506.29,0,0,0.0
M011987,64.0,0,4,44.8,20580.53,0,0,0.0
M011988,56.3,1,2,17.4,2554.2,0,0,0.0
M011989,46.0,2,2,44.8,453.21,0,0,0.0
M011990,57.9,0,2,15.0,2167.73,0,0,0.0
M011991,46.3,0,1,75.2,2834.59,0,1,0.0
M011992,52.6,3,2,72.4,9055.06,0,1,0.0
M011993,25.4,2,1,89.7,1934.65,0,1,0.0
M011994,6.3,1,1,19.3,11150.23,0,1,0.0
M011995,87.6,0,2,22.8,2666.46,1,0,-0.120882
M011996,52.8,2,3,14.2,1964.95,1,0,-0.123766
M011997,22.0,1,4,68.7,2608.48,0,1,0.0
M011998,55.5,2,6,205.4,8000.1,0,0,0.0
M011999,37.2,2,5,114.0,6109.3,1,0,-0.052016
