account_id,withdrawal_pct,treated_rm_contact,tenure_months,product_count,balance,churn_within_60d
W000000,28.21,0,32.8,3,583.86,0
W000001,5.79,0,32.3,1,1312.6,0
W000002,54.41,1,72.0,5,7187.19,0
W000003,1.04,0,50.2,4,5237.69,0
W000004,25.96,0,41.7,3,2569.34,0
W000005,48.15,1,33.6,2,490.08,0
W000006,33.14,1,83.0,5,314.56,0
W000007,15.53,0,4.4,4,723.78,0
W000008,52.41,1,92.4,5,923.45,1
W000009,27.13,0,12.4,1,239.12,1
W000010,30.93,1,78.3,4,547.06,0
W000011,49.19,1,13.1,4,10533.23,0
W000012,31.03,1,70.7,1,1272.35,0
W000013,43.65,1,20.8,4,3854.62,1
W000014,21.59,0,46.2,5,7258.1,0
W000015,54.95,1,40.8,1,3991.1,0
W000016,70.6,1,52.9,3,407.9,0
W000017,18.83,0,137.1,2,1911.18,0
W000018,71.29,1,33.2,1,3230.96,1
W000019,24.02,0,30.5,2,1410.4,1
W000020,16.91,0,65.7,3,8659.73,0
W000021,30.34,1,43.1,1,49591.69,0
W000022,19.14,0,12.4,3,16922.78,0
W000023,60.49,1,31.9,1,890.6,0
W000024,35.03,1,10.4,3,9640.75,0
W000025,29.14,0,72.0,1,1821.03,0
W000026,32.77,1,46.7,3,235.36,1
W000027,21.93,0,15.2,2,3473.34,0
W000028,29.49,0,14.9,2,6212.36,0
W000029,40.92,1,4.9,2,13263.28,0
W000030,2.84,0,40.2,3,25541.5,0
W000031,22.54,0,53.2,1,5264.31,1
W000032,15.57,0,26.1,3,3256.62,1
W000033,0.0,0,28.4,3,13610.81,0
W000034,53.97,1,151.5,1,4983.64,0
W000035,19.51,0,39.0,1,2969.06,0
W000036,11.19,0,90.7,1,1073.9,0
W000037,69.28,1,13.6,3,4058.2,1
W000038,12.91,0,14.5,2,13303.0,0
W000039,25.77,0,52.0,2,2837.03,0
W000040,41.44,1,173.5,3,86.76,0
W000041,40.42,1,87.3,1,1848.78,0
W000042,63.83,1,18.4,3,3019.54,0
W000043,32.8,1,40.1,4,6866.43,0
W000044,39.14,1,49.8,2,8095.09,0
W000045,26.0,0,30.0,1,363.22,0
W000046,25.84,0,7.3,1,7195.5,0
W000047,58.55,1,20.1,1,1277.68,0
W000048,80.86,1,46.9,3,719.29,0
W000049,28.19,0,87.0,6,2780.51,1
W000050,34.54,1,29.3,2,3247.47,0
W000051,14.07,0,5.2,4,1184.66,0
W000052,17.31,0,138.4,1,1707.23,0
W000053,37.12,1,28.5,3,679.09,0
W000054,6.31,0,21.0,1,1174.6,0
W000055,32.91,1,28.8,5,411.96,0
W000056,17.22,0,36.2,2,21386.34,0
W000057,24.62,0,38.5,1,8664.37,1
W000058,40.64,1,57.5,2,12981.21,0
W000059,18.72,0,48.3,3,10950.95,0
W000060,5.11,0,79.1,1,10875.85,0
W000061,52.84,1,53.9,4,1608.38,0
W000062,12.61,0,74.9,4,15994.36,0
W000063,40.02,1,67.1,6,2273.99,0
W000064,9.43,0,33.3,3,1240.63,0
W000065,51.52,1,169.4,5,3034.66,0
W000066,28.33,0,29.9,4,12648.91,0
W000067,50.59,1,96.2,1,1870.17,1
W000068,0.0,0,86.7,2,1507.93,0
W000069,25.08,0,56.9,3,3315.43,0
W000070,45.63,1,130.1,2,17515.71,0
W000071,20.6,0,31.1,3,1202.92,0
W000072,32.8,1,135.3,1,8468.59,0
W000073,22.35,0,77.3,5,3139.58,0
W000074,28.87,0,24.1,1,798.82,1
W000075,18.26,0,87.9,2,9555.5,0
W000076,31.83,1,114.3,5,1194.3,0
W000077,78.57,1,25.9,1,9291.83,0
W000078,36.86,1,93.8,3,4620.22,0
W000079,8.21,0,34.6,4,92211.76,0
W000080,14.24,0,66.0,1,3839.67,0
W000081,28.17,0,31.6,1,386.67,1
W000082,33.38,1,69.6,1,19615.42,0
W000083,28.12,0,15.2,2,4780.76,1
W000084,46.65,1,68.8,1,35470.47,0
W000085,31.77,1,158.8,2,4238.32,0
W000086,58.33,1,75.3,2,11528.52,1
W000087,1.4,0,46.5,3,10411.37,0
W000088,19.96,0,56.4,5,1039.29,0
W000089,39.1,1,23.3,2,2248.1,0
W000090,66.58,1,39.4,3,1215.63,0
W000091,37.8,1,34.6,1,7043.21,1
W000092,27.55,0,41.3,4,6399.71,0
W000093,44.84,1,53.9,3,3447.18,0
W000094,36.76,1,56.3,6,2932.76,0
W000095,25.84,0,12.2,1,5162.22,0
W000096,45.09,1,22.1,1,5016.89,0
W000097,30.0,1,92.1,1,2142.35,0
W000098,61.86,1,87.3,1,1256.0,0
W000099,9.59,0,42.5,4,21319.37,0
W000100,26.36,0,52.9,1,4663.2,0
W000101,18.94,0,33.7,1,3490.69,0
W000102,69.77,1,150.6,3,1219.25,0
W000103,18.06,0,11.0,4,2385.22,0
W000104,0.0,0,55.1,2,10230.9,0
W000105,0.0,0,70.6,2,11984.9,0
W000106,19.93,0,89.5,3,6778.77,0
W000107,30.18,1,38.0,1,1305.98,0
W000108,48.89,1,29.6,3,34857.02,1
W000109,37.63,1,114.9,4,304.02,0
W000110,24.87,0,92.4,3,1986.53,0
W000111,0.0,0,107.7,1,1952.3,1
W000112,37.97,1,8.5,3,2144.42,0
W000113,28.89,0,89.9,5,901.96,0
W000114,31.92,1,16.6,3,3050.74,0
W000115,22.65,0,24.8,1,6637.3,1
W000116,0.0,0,41.4,1,2334.01,0
W000117,21.91,0,123.8,2,299.71,0
W000118,51.41,1,76.5,1,605.2,0
W000119,15.0,0,69.7,2,2304.02,0
W000120,50.8,1,48.3,1,400.21,0
W000121,31.43,1,21.4,1,5016.39,0
W000122,47.76,1,38.5,1,21040.78,0
W000123,39.31,1,70.1,2,2319.29,0
W000124,0.0,0,16.5,2,725.24,0
W000125,66.72,1,55.0,3,733.41,0
W000126,15.07,0,46.5,5,2088.69,0
W000127,33.89,1,122.7,1,1800.64,0
W000128,15.59,0,23.9,2,5589.1,0
W000129,10.25,0,63.6,3,811.94,0
W000130,46.86,1,38.1,5,1170.97,0
W000131,23.54,0,23.7,3,5204.05,0
W000132,40.75,1,45.0,1,12414.65,0
W000133,21.05,0,58.9,2,9007.13,0
W000134,27.55,0,20.9,2,4056.0,1
W000135,26.07,0,131.0,2,3005.73,0
W000136,58.16,1,49.8,3,7013.69,0
W000137,56.24,1,40.0,1,1751.17,0
W000138,20.18,0,67.2,2,3875.89,0
W000139,30.31,1,36.3,4,180.65,0
W000140,33.89,1,20.5,2,5145.65,0
W000141,27.04,0,72.5,1,4395.14,0
W000142,18.46,0,10.7,1,24841.0,0
W000143,56.19,1,39.5,2,16083.95,0
W000144,0.0,0,49.8,3,9763.31,0
W000145,54.6,1,55.0,3,3706.68,1
W000146,34.55,1,134.3,1,871.94,0
W000147,34.61,1,81.4,1,8853.96,0
W000148,45.02,1,31.8,3,5071.55,1
W000149,48.34,1,43.1,2,1065.8,0
W000150,11.38,0,35.0,2,3717.07,0
W000151,5.12,0,190.2,3,7098.45,0
W000152,29.33,0,237.4,4,28342.48,0
W000153,38.37,1,69.7,3,6969.99,0
W000154,23.35,0,76.7,3,985.45,0
W000155,40.32,1,46.5,5,32658.71,0
W000156,39.76,1,77.1,1,999.05,0
W000157,17.05,0,36.2,1,6711.17,1
W000158,38.25,1,130.8,2,679.48,0
W000159,0.0,0,72.5,1,3016.43,0
W000160,26.59,0,92.7,6,4813.44,0
W000161,24.08,0,86.2,1,762.54,0
W000162,19.68,0,182.1,2,1107.2,0
W000163,18.56,0,65.2,5,5765.82,0
W000164,57.89,1,43.6,2,12132.2,0
W000165,0.0,0,16.9,2,1438.9,1
W000166,18.57,0,37.5,1,2740.02,0
W000167,16.07,0,127.3,2,16301.12,0
W000168,44.17,1,127.7,2,19196.03,1
W000169,31.24,1,140.5,2,13647.98,0
W000170,17.3,0,67.5,1,1992.82,1
W000171,0.0,0,103.3,5,1599.61,0
W000172,14.63,0,43.1,1,6446.32,0
W000173,33.7,1,96.6,2,4954.75,0
W000174,40.69,1,44.9,5,6175.67,0
W000175,56.82,1,20.6,6,3894.73,0
W000176,18.6,0,32.5,3,15396.39,0
W000177,11.13,0,12.3,3,3606.95,0
W000178,20.1,0,102.1,4,4751.73,0
W000179,66.38,1,58.2,1,10463.47,0
W000180,5.64,0,98.9,5,2980.29,0
W000181,31.07,1,16.7,1,813.58,0
W000182,47.01,1,76.7,4,4648.42,0
W000183,40.42,1,59.2,4,4424.04,0
W000184,34.42,1,160.3,2,8918.09,0
W000185,19.45,0,93.1,4,22917.21,0
W000186,41.63,1,44.8,2,12345.06,0
W000187,25.9,0,72.4,1,12987.65,0
W000188,36.83,1,25.4,2,4828.15,0
W000189,21.24,0,66.5,1,4179.59,0
W000190,37.83,1,63.4,1,49037.71,1
W000191,42.37,1,29.4,1,2998.21,0
W000192,49.12,1,14.3,2,1819.89,0
W000193,6.58,0,140.6,5,1360.77,0
W000194,62.58,1,28.8,3,11287.41,0
W000195,26.35,0,39.1,5,1671.04,0
W000196,28.89,0,122.0,6,434.45,0
W000197,31.52,1,9.3,3,5606.6,0
W000198,38.85,1,37.3,2,3553.48,0
W000199,43.09,1,53.9,2,4307.32,0
W000200,54.51,1,65.1,1,3566.47,0
W000201,46.78,1,115.6,3,141.28,0
W000202,55.11,1,14.3,2,203.46,1
W000203,4.64,0,32.0,2,6417.1,0
W000204,20.18,0,67.3,1,2372.52,0
W000205,28.23,0,46.4,4,408.74,0
W000206,73.23,1,184.3,2,536.31,0
W000207,25.63,0,62.5,2,7906.98,0
W000208,32.56,1,89.6,2,3348.62,0
W000209,38.62,1,10.9,5,1715.98,1
W000210,23.98,0,64.5,6,1487.31,0
W000211,0.0,0,62.5,3,537.29,0
W000212,40.93,1,24.9,1,2277.7,0
W000213,49.53,1,64.9,1,3792.71,0
W000214,22.26,0,78.2,1,18054.72,0
W000215,2.05,0,79.3,5,4016.78,0
W000216,11.16,0,85.6,3,2839.46,0
W000217,36.22,1,118.4,4,3804.65,0
W000218,39.5,1,54.1,2,8592.78,0
W000219,3.52,0,140.4,1,13867.9,0
W000220,47.76,1,124.5,2,6750.65,0
W000221,11.97,0,37.3,3,24756.0,0
W000222,46.23,1,137.4,2,3207.05,0
W000223,21.83,0,40.4,5,1135.56,1
W000224,0.0,0,68.1,2,2138.77,0
W000225,41.87,1,79.0,1,1352.81,0
W000226,28.36,0,24.1,3,10004.26,1
W000227,16.32,0,127.2,3,16920.45,0
W000228,60.08,1,87.5,3,2842.68,0
W000229,32.7,1,58.5,2,8160.67,0
W000230,27.17,0,241.6,4,14792.51,1
W000231,34.86,1,38.4,3,1607.09,0
W000232,55.13,1,32.3,1,4978.26,0
W000233,3.88,0,13.5,5,3251.58,0
W000234,0.0,0,139.3,2,12348.61,0
W000235,31.56,1,37.3,5,16014.16,0
W000236,21.17,0,77.2,1,2353.79,1
W000237,45.02,1,36.9,1,2000.87,0
W000238,7.02,0,45.8,2,3745.08,0
W000239,19.89,0,60.7,1,4130.78,0
W000240,63.62,1,6.1,4,6381.4,0
W000241,59.61,1,79.5,1,2053.85,0
W000242,48.41,1,43.5,6,3193.34,0
W000243,55.02,1,41.1,2,642.48,0
W000244,1.72,0,52.6,1,3686.97,0
W000245,20.34,0,18.9,2,533.57,0
W000246,11.23,0,68.9,4,1030.21,0
W000247,18.88,0,56.1,4,4164.58,0
W000248,31.86,1,21.9,2,2351.34,0
W000249,44.53,1,45.5,5,298.95,0
W000250,35.23,1,95.5,1,480.7,0
W000251,33.0,1,121.9,6,9152.23,0
W000252,24.91,0,69.9,2,1817.01,0
W000253,0.0,0,64.9,4,4909.36,0
W000254,79.95,1,28.6,5,1273.41,0
W000255,26.21,0,38.6,4,7308.12,0
W000256,31.61,1,116.6,1,2549.25,0
W000257,32.9,1,15.5,3,9627.27,0
W000258,27.19,0,12.7,3,1522.26,1
W000259,49.0,1,19.1,2,10534.55,0
W000260,1.6,0,11.2,1,1115.92,0
W000261,26.9,0,95.5,1,6444.06,0
W000262,56.63,1,118.8,1,7355.39,0
W000263,18.65,0,43.8,1,6200.81,0
W000264,50.87,1,24.3,3,1321.86,0
W000265,28.23,0,61.0,5,575.99,0
W000266,38.79,1,46.6,1,3765.56,0
W000267,17.97,0,28.7,2,259.95,0
W000268,3.75,0,91.4,4,416.48,0
W000269,25.41,0,31.4,5,7381.73,0
W000270,22.23,0,33.2,2,4715.27,0
W000271,9.49,0,23.9,1,4174.6,0
W000272,12.96,0,19.6,3,696.73,0
W000273,48.55,1,37.1,2,2521.13,0
W000274,42.61,1,129.5,3,3342.47,0
W000275,52.08,1,40.7,2,6459.34,1
W000276,18.52,0,30.8,4,1902.37,0
W000277,15.23,0,45.4,3,5865.13,0
W000278,7.98,0,116.4,3,1327.84,0
W000279,59.0,1,44.2,3,2089.81,1
W000280,32.19,1,29.3,5,3404.03,0
W000281,29.46,0,78.3,3,2014.79,0
W000282,41.97,1,196.0,2,1080.44,0
W000283,35.97,1,114.6,3,3806.17,0
W000284,21.85,0,29.1,2,2392.12,0
W000285,46.15,1,58.1,3,4439.54,0
W000286,36.42,1,41.3,2,4650.97,0
W000287,27.82,0,12.8,6,2063.76,0
W000288,39.69,1,51.3,5,4056.26,0
W000289,9.19,0,67.6,5,3011.42,0
W000290,5.52,0,18.8,3,2354.78,0
W000291,0.5,0,41.5,3,9650.89,0
W000292,18.4,0,92.0,5,1111.88,0
W000293,4.28,0,29.7,2,1223.76,0
W000294,37.18,1,42.3,2,8894.66,0
W000295,35.12,1,103.9,2,8107.12,0
W000296,0.0,0,11.6,1,4046.73,0
W000297,25.2,0,20.5,1,2451.9,0
W000298,23.36,0,39.3,2,777.91,0
W000299,38.01,1,69.6,1,5231.96,1
W000300,23.36,0,141.8,3,18083.15,0
W000301,43.97,1,55.8,2,1739.91,1
W000302,26.69,0,54.5,2,3195.97,0
W000303,18.14,0,65.1,4,5124.91,0
W000304,20.97,0,49.9,1,1158.32,0
W000305,13.71,0,11.5,2,2599.86,0
W000306,12.97,0,35.5,1,1135.22,0
W000307,10.85,0,95.0,2,3522.62,0
W000308,29.42,0,96.6,3,10578.04,0
W000309,16.82,0,66.0,1,3940.85,0
W000310,24.9,0,153.5,6,2511.3,0
W000311,37.17,1,61.0,2,4649.55,0
W000312,42.05,1,81.2,4,872.75,0
W000313,35.19,1,79.4,3,13775.5,0
W000314,48.52,1,14.8,3,10365.68,0
W000315,49.08,1,11.3,4,3502.17,0
W000316,41.67,1,28.5,2,5195.73,0
W000317,43.29,1,65.6,1,5029.77,0
W000318,42.22,1,95.7,1,3045.33,1
W000319,29.21,0,5.3,4,4303.32,0
W000320,28.22,0,49.5,2,1000.77,0
W000321,6.87,0,95.8,2,2579.78,0
W000322,38.73,1,23.1,2,2845.12,0
W000323,42.94,1,8.8,1,4331.88,0
W000324,24.27,0,91.3,5,2366.62,0
W000325,37.59,1,76.3,2,2381.16,0
W000326,21.85,0,42.3,3,1068.45,0
W000327,24.16,0,50.1,2,11415.21,0
W000328,39.12,1,11.0,2,8777.06,0
W000329,72.84,1,91.3,6,3079.91,0
W000330,21.65,0,5.5,1,7423.26,0
W000331,51.62,1,149.7,1,5129.8,0
W000332,35.7,1,72.9,2,4825.17,0
W000333,20.44,0,24.2,3,20936.54,0
W000334,49.55,1,103.8,1,257.45,0
W000335,20.56,0,17.1,2,6175.34,1
W000336,47.79,1,24.8,4,1099.31,1
W000337,38.65,1,52.5,3,1657.94,0
W000338,62.72,1,42.5,2,3586.12,0
W000339,51.14,1,165.7,4,1211.78,0
W000340,20.78,0,123.4,1,2044.66,0
W000341,23.52,0,32.6,2,163.32,0
W000342,20.88,0,87.3,1,8255.5,0
W000343,5.43,0,62.4,3,7867.05,0
W000344,23.41,0,112.8,3,1193.81,0
W000345,45.51,1,95.9,3,2558.97,0
W000346,37.65,1,82.9,6,10464.96,0
W000347,41.1,1,69.8,4,4248.35,0
W000348,11.38,0,44.1,4,19351.41,0
W000349,29.63,0,64.4,1,14881.79,1
W000350,25.17,0,80.1,2,435.13,0
W000351,12.67,0,76.6,2,4040.94,0
W000352,4.09,0,124.1,1,1252.2,0
W000353,31.2,1,26.9,1,8312.59,0
W000354,28.7,0,127.3,4,4035.77,0
W000355,37.67,1,80.9,1,914.93,0
W000356,51.85,1,15.4,2,3433.26,0
W000357,34.39,1,62.9,1,325.13,0
W000358,19.0,0,91.1,1,2292.38,0
W000359,58.52,1,46.6,5,1373.19,0
W000360,35.53,1,44.9,3,2444.02,0
W000361,38.3,1,64.9,4,3674.03,0
W000362,11.75,0,19.6,3,2119.53,1
W000363,7.44,0,26.1,2,1037.17,0
W000364,30.41,1,50.8,2,698.75,0
W000365,31.08,1,154.8,1,2684.3,0
W000366,13.04,0,16.3,4,9153.64,0
W000367,53.88,1,95.9,3,1491.71,0
W000368,42.17,1,126.7,5,1048.87,1
W000369,18.28,0,32.1,3,14858.12,0
W000370,30.62,1,65.2,3,1042.39,0
W000371,12.38,0,51.0,2,2154.16,0
W000372,39.1,1,105.7,2,9987.5,0
W000373,31.9,1,38.1,1,5493.62,1
W000374,0.0,0,95.4,5,414.29,0
W000375,7.74,0,165.9,2,12509.88,0
W000376,53.51,1,35.9,5,6293.65,0
W000377,34.93,1,19.8,2,12896.4,0
W000378,15.37,0,94.0,6,7070.55,1
W000379,5.92,0,83.1,1,26467.09,0
W000380,24.89,0,33.6,1,2202.95,1
W000381,16.82,0,38.9,1,1713.31,0
W000382,26.71,0,8.2,3,3649.2,0
W000383,0.0,0,73.1,5,454.93,0
W000384,54.2,1,76.2,5,1878.93,0
W000385,32.96,1,40.7,3,13753.47,0
W000386,34.96,1,93.8,1,1881.45,0
W000387,26.99,0,22.8,5,1594.02,0
W000388,34.01,1,81.8,1,8016.93,0
W000389,33.93,1,125.0,2,2954.11,0
W000390,0.0,0,86.1,1,1487.22,0
W000391,7.55,0,45.0,3,2242.02,1
W000392,28.37,0,144.4,6,13913.19,0
W000393,28.96,0,51.3,1,10604.04,0
W000394,43.69,1,84.9,1,2839.87,0
W000395,29.6,0,159.6,3,1169.91,0
W000396,32.01,1,39.6,3,2412.38,0
W000397,8.61,0,57.7,4,2251.08,0
W000398,13.45,0,216.7,1,5952.58,0
W000399,23.32,0,33.3,1,2863.02,1
W000400,80.02,1,67.9,1,1552.61,0
W000401,49.03,1,54.0,2,6408.32,0
W000402,62.08,1,44.9,3,7933.3,0
W000403,27.35,0,98.7,1,8693.72,0
W000404,48.74,1,97.8,5,1028.65,0
W000405,39.35,1,20.7,4,615.09,0
W000406,34.24,1,102.5,1,3819.27,0
W000407,67.47,1,101.1,1,1953.82,0
W000408,28.92,0,41.6,2,3697.32,0
W000409,22.44,0,55.7,1,1244.22,0
W000410,38.12,1,43.9,3,7265.64,0
W000411,1.79,0,111.1,4,23206.28,1
W000412,20.86,0,12.9,1,2195.25,0
W000413,18.59,0,80.4,1,2278.71,0
W000414,39.33,1,152.7,5,8302.21,0
W000415,24.43,0,2.8,3,458.53,0
W000416,40.91,1,110.8,1,685.31,0
W000417,56.38,1,38.5,2,1614.25,0
W000418,24.61,0,69.0,3,1334.65,0
W000419,11.68,0,83.6,4,14478.64,0
W000420,73.74,1,76.3,2,3292.16,1
W000421,20.73,0,62.8,2,500.04,0
W000422,15.15,0,60.2,4,13934.68,0
W000423,22.62,0,27.1,1,25591.46,1
W000424,17.33,0,59.0,5,3820.25,0
W000425,19.06,0,26.0,2,1538.16,0
W000426,44.33,1,46.8,1,768.16,0
W000427,7.5,0,14.9,2,894.88,0
W000428,38.09,1,110.7,4,16829.88,0
W000429,12.46,0,2.6,3,761.59,0
W000430,0.0,0,18.9,5,1919.25,0
W000431,25.72,0,55.7,5,821.73,0
W000432,4.47,0,32.0,3,971.02,0
W000433,41.86,1,38.2,6,2079.55,0
W000434,3.34,0,53.8,4,650.25,0
W000435,21.07,0,46.1,1,10258.22,0
W000436,42.51,1,126.1,2,3622.49,0
W000437,29.57,0,60.0,1,4678.44,0
W000438,28.67,0,25.9,4,6335.71,0
W000439,24.15,0,15.4,2,951.98,0
W000440,40.93,1,63.0,3,7164.88,0
W000441,28.88,0,49.0,4,1264.91,0
W000442,17.24,0,76.4,2,615.89,0
W000443,39.56,1,47.0,1,2643.92,1
W000444,40.06,1,87.7,3,10824.16,0
W000445,53.48,1,39.9,3,909.53,0
W000446,45.84,1,59.2,4,775.77,0
W000447,22.38,0,80.9,5,18942.9,0
W000448,51.08,1,30.0,2,1264.9,0
W000449,45.33,1,67.2,1,7496.41,0
W000450,41.66,1,78.0,2,18740.52,0
W000451,36.48,1,39.7,1,983.34,0
W000452,74.99,1,125.8,3,8525.36,0
W000453,51.91,1,25.0,2,54824.1,0
W000454,22.85,0,130.1,5,2861.67,0
W000455,29.89,0,38.3,1,23622.41,0
W000456,52.16,1,68.4,5,4704.31,0
W000457,29.55,0,46.6,3,4412.6,0
W000458,22.11,0,57.0,1,21256.72,0
W000459,40.79,1,21.2,2,1052.38,0
W000460,33.02,1,22.5,4,7626.05,0
W000461,28.81,0,56.4,1,8816.13,0
W000462,9.12,0,21.4,2,1527.27,0
W000463,57.12,1,68.8,5,11916.99,0
W000464,29.23,0,16.7,2,642.05,0
W000465,5.37,0,11.7,3,454.28,0
W000466,61.1,1,24.9,1,3224.47,0
W000467,23.14,0,101.7,1,449.03,0
W000468,26.89,0,56.9,1,6475.3,0
W000469,49.21,1,111.5,1,944.91,0
W000470,21.28,0,55.2,2,10580.2,0
W000471,41.53,1,31.2,2,242.13,0
W000472,26.36,0,31.8,5,4045.59,0
W000473,51.49,1,26.1,3,2195.63,0
W000474,29.77,0,52.8,1,2775.37,0
W000475,60.42,1,77.3,4,5224.45,1
W000476,22.94,0,96.1,3,7787.89,0
W000477,53.65,1,17.2,2,2691.01,0
W000478,22.49,0,80.6,1,3579.22,0
W000479,47.94,1,48.7,3,1691.98,0
W000480,34.69,1,60.1,1,1687.83,0
W000481,24.27,0,52.2,5,7486.78,0
W000482,33.28,1,65.8,1,808.43,0
W000483,39.54,1,57.3,1,3145.19,0
W000484,59.64,1,99.1,5,9591.93,0
W000485,43.22,1,70.8,4,1656.96,0
W000486,0.0,0,96.7,2,16713.97,1
W000487,22.15,0,73.2,3,1937.4,0
W000488,27.84,0,18.6,1,4439.2,0
W000489,23.83,0,88.3,2,1239.52,1
W000490,32.82,1,71.4,2,1534.92,0
W000491,61.29,1,44.4,1,879.4,0
W000492,37.1,1,21.3,1,666.06,0
W000493,22.32,0,60.5,3,4157.08,0
W000494,70.93,1,13.7,1,8950.56,0
W000495,43.98,1,32.4,2,14892.06,0
W000496,38.26,1,70.1,5,1364.17,0
W000497,20.31,0,55.7,5,9501.37,0
W000498,27.68,0,28.1,4,643.02,1
W000499,47.01,1,74.8,3,20191.38,0
W000500,2.15,0,41.3,2,1187.23,0
W000501,34.55,1,116.2,4,4186.69,0
W000502,34.15,1,42.0,1,1961.82,0
W000503,61.79,1,52.0,5,4795.09,0
W000504,39.71,1,115.3,2,3622.75,0
W000505,36.65,1,98.0,3,1439.07,1
W000506,15.1,0,62.4,4,12786.19,0
W000507,20.14,0,14.3,1,1671.58,0
W000508,46.47,1,118.8,3,27746.58,0
W000509,24.86,0,91.4,1,6009.89,1
W000510,38.62,1,91.3,5,1041.32,0
W000511,47.53,1,132.6,3,3182.66,0
W000512,36.07,1,41.8,1,2118.18,0
W000513,10.28,0,41.3,1,1623.79,0
W000514,46.34,1,42.9,2,452.79,0
W000515,32.81,1,46.8,1,10555.53,0
W000516,42.46,1,23.7,2,1246.17,0
W000517,71.82,1,2.2,1,5951.36,0
W000518,9.19,0,77.7,1,3033.2,1
W000519,32.94,1,41.9,2,2549.18,0
W000520,5.66,0,47.6,2,115.27,0
W000521,26.55,0,140.3,3,12318.2,0
W000522,56.46,1,34.8,5,7224.67,0
W000523,41.63,1,44.8,4,13223.79,0
W000524,38.24,1,56.9,1,9053.78,0
W000525,48.01,1,182.9,4,4461.58,0
W000526,20.1,0,30.3,2,1367.28,0
W000527,32.41,1,31.9,3,7386.91,1
W000528,34.21,1,117.0,2,748.3,0
W000529,46.95,1,104.9,1,7120.3,0
W000530,5.46,0,57.7,4,4647.79,0
W000531,63.05,1,30.5,3,1433.83,0
W000532,0.0,0,24.3,5,9159.51,0
W000533,9.81,0,35.3,5,587.0,0
W000534,0.64,0,26.5,3,10905.04,0
W000535,43.38,1,24.4,3,1013.78,0
W000536,35.5,1,55.3,2,4635.67,0
W000537,23.43,0,123.0,1,4573.94,0
W000538,15.89,0,36.3,1,6995.02,1
W000539,52.66,1,56.4,1,50956.08,0
W000540,13.6,0,11.6,2,3406.06,1
W000541,38.23,1,36.2,2,2970.63,0
W000542,39.5,1,58.0,2,1044.84,0
W000543,24.03,0,89.8,1,671.32,0
W000544,23.9,0,117.6,4,3356.41,0
W000545,38.19,1,72.6,2,4697.98,0
W000546,44.93,1,62.7,5,3365.16,0
W000547,63.39,1,57.1,4,7373.2,1
W000548,35.84,1,45.5,2,5473.13,0
W000549,58.79,1,50.2,2,17229.21,0
W000550,35.66,1,33.8,3,1054.51,0
W000551,7.81,0,67.8,1,17364.23,0
W000552,39.3,1,23.0,1,2396.42,0
W000553,39.51,1,63.2,3,3615.43,0
W000554,37.33,1,75.8,5,8483.8,0
W000555,21.25,0,48.8,2,3186.82,0
W000556,74.72,1,19.1,1,7646.81,0
W000557,42.24,1,49.0,6,5325.85,0
W000558,41.08,1,18.0,1,4965.56,0
W000559,30.93,1,70.1,6,1283.13,0
W000560,0.0,0,58.0,1,2335.82,0
W000561,9.97,0,52.5,2,3134.61,0
W000562,40.7,1,136.4,1,5129.72,0
W000563,20.7,0,7.9,1,12431.48,0
W000564,36.87,1,51.3,4,4928.3,1
W000565,53.18,1,107.1,1,3023.29,0
W000566,13.76,0,49.3,5,2589.64,0
W000567,9.35,0,61.8,1,7915.18,0
W000568,32.61,1,8.8,3,1678.72,0
W000569,28.95,0,191.6,3,3911.29,0
W000570,22.11,0,43.6,2,5002.84,0
W000571,46.47,1,77.1,1,3860.97,0
W000572,27.39,0,64.0,1,9975.05,0
W000573,48.97,1,80.8,1,1578.65,1
W000574,40.48,1,68.3,4,480.78,0
W000575,33.7,1,123.1,2,1621.85,0
W000576,21.02,0,58.1,3,4817.78,0
W000577,28.24,0,81.4,5,5522.76,0
W000578,37.48,1,36.8,3,9582.64,0
W000579,22.64,0,72.0,2,1208.64,0
W000580,43.36,1,95.2,2,9670.73,0
W000581,43.59,1,66.7,1,4375.4,0
W000582,0.0,0,31.5,5,918.57,0
W000583,63.3,1,89.4,4,1500.7,1
W000584,15.67,0,131.8,1,27919.0,0
W000585,31.56,1,88.8,4,19886.82,0
W000586,18.83,0,46.0,2,461.4,0
W000587,11.54,0,58.3,4,11077.68,0
W000588,50.16,1,18.1,3,6768.81,0
W000589,45.25,1,58.6,1,19077.05,0
W000590,23.64,0,42.4,6,1656.98,0
W000591,66.03,1,48.3,3,1371.76,1
W000592,39.51,1,105.4,3,1891.71,1
W000593,50.82,1,136.3,1,1711.38,0
W000594,33.61,1,22.7,4,1895.47,0
W000595,43.1,1,44.0,3,22793.43,0
W000596,6.23,0,37.0,4,1906.91,0
W000597,54.94,1,109.6,3,6713.33,1
W000598,29.12,0,39.4,1,1201.51,1
W000599,28.54,0,64.5,1,8187.82,0
W000600,18.77,0,26.3,4,432.14,0
W000601,29.06,0,45.4,1,4094.96,1
W000602,17.24,0,9.5,3,2167.59,0
W000603,0.0,0,112.1,1,5565.18,0
W000604,10.71,0,20.7,3,1671.07,0
W000605,37.83,1,55.5,2,6417.06,0
W000606,33.98,1,30.0,5,1822.87,0
W000607,14.77,0,200.1,1,1403.06,0
W000608,0.0,0,84.0,1,15164.56,0
W000609,21.67,0,117.8,1,5033.93,0
W000610,44.5,1,59.8,4,1141.97,0
W000611,16.01,0,60.6,6,7357.77,0
W000612,31.74,1,102.8,1,2912.69,0
W000613,0.0,0,75.0,5,1803.13,0
W000614,46.45,1,96.1,5,1173.24,0
W000615,31.08,1,113.2,1,1645.91,0
W000616,64.45,1,18.9,3,3085.97,1
W000617,58.71,1,34.2,1,2429.92,0
W000618,22.47,0,57.3,1,965.61,1
W000619,45.14,1,51.9,1,1961.19,0
W000620,52.35,1,38.8,2,8537.9,0
W000621,43.11,1,7.5,1,5741.62,1
W000622,14.74,0,69.9,2,7262.63,0
W000623,0.0,0,61.5,5,533.05,0
W000624,82.7,1,60.0,1,3585.28,0
W000625,29.9,0,16.6,1,3081.09,0
W000626,54.75,1,92.6,2,63419.74,0
W000627,50.01,1,42.8,3,4274.29,0
W000628,28.29,0,143.7,1,1781.3,0
W000629,43.61,1,24.7,4,8778.75,0
W000630,46.2,1,49.2,4,33441.67,0
W000631,41.77,1,84.5,1,11831.83,0
W000632,7.9,0,27.5,1,3859.22,0
W000633,30.66,1,38.4,1,5593.62,0
W000634,6.46,0,90.5,1,1028.04,0
W000635,25.21,0,70.7,4,3646.76,0
W000636,39.31,1,13.4,4,949.15,0
W000637,16.87,0,80.4,4,2190.53,0
W000638,25.35,0,54.2,2,1614.37,0
W000639,23.87,0,39.0,3,2997.26,0
W000640,45.35,1,21.8,2,3657.28,0
W000641,2.94,0,25.0,2,1626.28,0
W000642,16.17,0,42.3,5,6263.8,0
W000643,17.94,0,31.0,1,6120.91,0
W000644,0.0,0,101.8,6,11061.7,0
W000645,21.41,0,79.4,4,4146.54,0
W000646,13.54,0,44.6,1,7555.34,0
W000647,0.31,0,52.9,1,28632.05,0
W000648,60.06,1,33.3,1,4797.0,0
W000649,31.92,1,80.5,5,68823.9,0
W000650,65.2,1,63.0,3,1713.01,0
W000651,42.58,1,27.2,2,3495.98,0
W000652,18.31,0,112.7,3,51631.6,0
W000653,20.28,0,72.3,1,2852.61,1
W000654,36.78,1,32.9,4,383.64,0
W000655,4.02,0,17.4,1,1881.45,0
W000656,47.96,1,106.9,2,4132.01,0
W000657,41.59,1,74.0,1,10190.16,1
W000658,36.47,1,75.3,1,1730.66,0
W000659,10.33,0,3.5,1,4205.49,0
W000660,17.95,0,66.2,4,1454.79,0
W000661,7.42,0,28.2,1,5306.45,0
W000662,31.66,1,35.1,4,3083.94,0
W000663,38.25,1,79.8,2,6390.62,0
W000664,37.15,1,19.2,1,2597.09,0
W000665,47.59,1,39.9,3,5278.08,0
W000666,0.0,0,70.2,5,1552.25,0
W000667,34.04,1,8.6,3,37881.59,0
W000668,37.02,1,57.0,3,2403.15,0
W000669,45.49,1,189.1,2,2154.88,0
W000670,54.99,1,131.8,1,820.46,0
W000671,43.25,1,34.0,3,6178.69,0
W000672,55.25,1,64.8,1,3815.59,1
W000673,29.37,0,27.3,3,3888.66,0
W000674,12.28,0,33.7,5,962.69,1
W000675,53.25,1,102.8,6,3989.34,1
W000676,36.08,1,19.5,2,4936.65,0
W000677,40.59,1,61.5,1,3431.76,0
W000678,4.11,0,20.2,1,5158.35,0
W000679,6.54,0,83.7,2,1840.43,0
W000680,54.49,1,64.8,2,3481.86,0
W000681,20.13,0,67.1,1,16870.23,0
W000682,47.87,1,49.5,2,1172.12,0
W000683,0.36,0,56.3,2,13728.06,0
W000684,12.79,0,17.6,3,792.23,0
W000685,38.56,1,36.9,2,1942.17,0
W000686,13.57,0,9.2,6,9370.72,0
W000687,31.41,1,23.2,6,8516.12,0
W000688,25.79,0,60.9,4,595.84,0
W000689,43.37,1,76.8,4,2656.3,0
W000690,23.49,0,70.0,3,3343.52,0
W000691,21.57,0,5.2,3,6439.02,1
W000692,72.68,1,70.3,2,4947.25,0
W000693,27.47,0,59.6,2,12629.35,0
W000694,50.92,1,39.5,1,12217.43,0
W000695,69.83,1,59.6,4,6383.01,0
W000696,32.73,1,85.1,2,10466.9,0
W000697,5.15,0,20.5,4,2831.79,0
W000698,29.6,0,50.9,3,6934.91,0
W000699,11.32,0,77.2,1,7846.57,0
W000700,16.08,0,69.1,4,401.23,0
W000701,54.26,1,5.7,1,9981.69,0
W000702,42.44,1,56.5,1,3246.0,0
W000703,53.39,1,29.7,6,3459.94,1
W000704,40.8,1,4.4,3,10278.36,0
W000705,32.81,1,30.2,2,795.58,0
W000706,71.44,1,24.3,3,4013.56,1
W000707,8.3,0,6.2,2,2183.36,0
W000708,45.31,1,94.1,4,14329.87,0
W000709,40.97,1,44.5,1,4885.49,1
W000710,15.67,0,25.3,3,1518.8,0
W000711,22.96,0,22.5,2,18106.43,0
W000712,63.75,1,72.4,4,1230.27,1
W000713,21.75,0,133.6,1,18233.95,0
W000714,31.94,1,55.1,4,5597.03,0
W000715,67.3,1,167.9,3,835.65,0
W000716,31.11,1,79.0,4,1287.44,0
W000717,28.38,0,26.1,4,10156.71,0
W000718,27.2,0,32.3,3,25670.56,0
W000719,27.0,0,73.9,5,13460.95,0
W000720,26.59,0,79.2,3,6836.33,0
W000721,39.61,1,30.7,4,1144.25,0
W000722,46.74,1,20.7,3,11194.38,0
W000723,10.99,0,31.1,3,3588.9,0
W000724,22.87,0,50.6,2,21423.81,0
W000725,53.19,1,65.4,4,8615.42,0
W000726,12.4,0,67.5,6,1169.68,0
W000727,38.05,1,54.5,2,893.36,0
W000728,17.52,0,96.5,4,1661.55,1
W000729,44.13,1,25.4,4,2377.7,0
W000730,47.21,1,24.1,1,5902.37,0
W000731,33.27,1,28.5,4,2345.91,1
W000732,30.56,1,44.6,6,1191.86,0
W000733,46.23,1,36.3,6,2498.89,1
W000734,52.48,1,65.3,2,4573.98,0
W000735,1.98,0,88.7,1,1736.69,0
W000736,11.16,0,21.4,2,10018.28,0
W000737,44.26,1,47.4,1,35095.7,0
W000738,0.0,0,71.6,1,4359.86,1
W000739,8.62,0,15.2,4,3677.64,0
W000740,32.15,1,29.9,3,1703.36,0
W000741,56.88,1,43.4,4,5945.87,0
W000742,15.35,0,65.2,3,5898.81,0
W000743,39.19,1,111.6,1,4832.52,0
W000744,45.37,1,65.6,2,4604.86,1
W000745,27.49,0,34.7,3,2725.16,0
W000746,50.38,1,61.5,3,78920.7,0
W000747,0.0,0,184.4,4,1285.88,0
W000748,26.98,0,91.5,1,4152.9,0
W000749,46.14,1,82.8,3,2900.92,0
W000750,47.94,1,162.9,2,1242.74,0
W000751,3.44,0,50.5,3,9547.36,0
W000752,45.03,1,50.0,3,42824.89,0
W000753,35.33,1,64.6,4,16018.89,0
W000754,34.0,1,13.0,3,5315.43,1
W000755,27.73,0,55.3,1,537.49,0
W000756,36.38,1,46.7,1,6391.9,0
W000757,12.04,0,15.3,4,13700.06,0
W000758,13.7,0,85.3,1,605.23,0
W000759,39.89,1,69.7,3,19283.21,0
W000760,17.28,0,60.9,2,2803.64,0
W000761,46.62,1,53.2,1,8102.73,0
W000762,45.87,1,108.8,2,1663.59,0
W000763,58.35,1,141.2,4,3662.37,0
W000764,6.18,0,8.2,2,2961.83,0
W000765,12.68,0,66.6,2,3017.61,0
W000766,71.13,1,52.9,4,2188.5,0
W000767,45.77,1,11.3,1,1602.66,0
W000768,40.52,1,91.9,2,12428.12,0
W000769,27.46,0,48.4,1,16675.68,1
W000770,28.46,0,80.6,1,786.73,0
W000771,39.59,1,39.2,5,2634.54,1
W000772,47.42,1,49.9,4,23535.73,0
W000773,50.58,1,108.4,4,117768.23,0
W000774,18.06,0,57.7,4,16650.61,0
W000775,40.06,1,66.6,2,4648.83,0
W000776,13.13,0,61.0,3,3665.39,0
W000777,43.38,1,35.8,4,12826.81,0
W000778,49.74,1,41.6,5,2950.85,0
W000779,60.12,1,82.2,2,2168.41,0
W000780,36.77,1,82.1,4,4137.0,0
W000781,11.35,0,46.2,4,4270.42,0
W000782,22.92,0,27.6,2,5343.54,0
W000783,24.67,0,68.1,2,4877.02,0
W000784,39.99,1,80.8,1,3324.86,0
W000785,9.97,0,33.5,1,8321.48,0
W000786,43.28,1,33.7,6,11648.29,0
W000787,24.56,0,38.3,1,408.1,0
W000788,0.65,0,88.9,1,5698.59,0
W000789,15.61,0,150.0,2,1114.02,0
W000790,39.43,1,66.4,2,2801.91,0
W000791,35.52,1,52.4,4,11142.35,1
W000792,36.67,1,53.9,1,6838.18,0
W000793,0.0,0,60.2,4,2166.28,1
W000794,30.47,1,30.8,4,2048.87,0
W000795,7.58,0,44.8,1,30122.06,1
W000796,8.06,0,87.8,3,1214.18,0
W000797,66.75,1,59.0,4,1542.43,1
W000798,48.0,1,168.5,2,2689.3,0
W000799,54.31,1,77.7,3,1900.81,0
W000800,33.99,1,83.3,1,1168.95,0
W000801,40.55,1,22.9,4,2410.87,0
W000802,29.29,0,52.8,1,1919.26,1
W000803,29.28,0,83.4,3,1133.23,1
W000804,14.29,0,63.3,2,37192.91,0
W000805,12.01,0,98.1,3,9072.7,0
W000806,16.0,0,40.9,1,571.62,0
W000807,39.76,1,25.6,5,3622.87,0
W000808,24.07,0,21.0,3,3532.9,0
W000809,40.23,1,23.2,1,11767.01,0
W000810,47.15,1,25.0,3,192.45,0
W000811,69.83,1,94.4,3,3622.48,0
W000812,15.32,0,33.0,1,869.29,0
W000813,13.35,0,118.9,2,14369.0,0
W000814,24.22,0,16.0,2,3372.9,0
W000815,46.48,1,28.9,3,2663.52,0
W000816,1.35,0,66.7,3,10406.43,0
W000817,27.13,0,50.4,3,2948.31,0
W000818,0.0,0,115.7,1,1757.52,0
W000819,6.16,0,26.0,6,1855.34,0
W000820,9.69,0,90.8,5,6123.59,0
W000821,41.63,1,53.8,1,5781.0,0
W000822,67.43,1,56.1,5,7747.01,0
W000823,13.32,0,65.3,3,5444.54,0
W000824,25.13,0,29.3,1,3276.49,0
W000825,60.98,1,35.3,5,5928.95,1
W000826,37.73,1,67.7,2,9001.07,0
W000827,40.67,1,14.6,2,1609.6,0
W000828,36.81,1,21.5,2,255.74,0
W000829,47.81,1,55.1,3,2099.9,0
W000830,0.0,0,20.9,6,19411.32,0
W000831,55.46,1,26.2,4,10141.76,0
W000832,41.72,1,58.1,1,7688.88,0
W000833,53.89,1,26.3,2,4089.14,0
W000834,36.98,1,99.4,2,5684.58,0
W000835,46.13,1,24.7,2,2101.96,0
W000836,43.0,1,141.0,3,1947.28,0
W000837,54.6,1,29.6,1,17440.73,0
W000838,41.31,1,110.3,2,2516.14,0
W000839,5.7,0,113.8,3,6487.78,0
W000840,34.98,1,34.9,2,6833.71,0
W000841,42.73,1,33.0,2,883.07,0
W000842,22.52,0,26.9,2,4759.77,0
W000843,16.18,0,44.3,4,2257.41,0
W000844,13.46,0,92.8,1,12868.93,0
W000845,33.02,1,77.2,3,654.51,0
W000846,44.94,1,13.1,2,588.01,0
W000847,19.37,0,136.5,2,12596.39,0
W000848,8.32,0,20.5,1,6937.71,0
W000849,35.17,1,29.6,5,6313.92,0
W000850,8.99,0,88.7,1,12439.03,0
W000851,48.91,1,45.8,3,2729.94,0
W000852,32.31,1,32.1,3,26027.21,0
W000853,26.86,0,82.3,1,858.43,0
W000854,40.36,1,54.7,2,2346.48,1
W000855,30.67,1,31.7,1,5779.01,0
W000856,41.74,1,167.3,3,1039.13,0
W000857,34.68,1,106.6,2,5123.23,0
W000858,7.88,0,64.3,2,13974.59,0
W000859,39.69,1,28.7,1,7032.24,0
W000860,23.46,0,20.4,2,6597.76,0
W000861,21.29,0,18.6,2,556.17,0
W000862,21.28,0,20.5,2,1999.06,0
W000863,17.29,0,85.5,5,2462.35,0
W000864,33.49,1,1.6,2,3583.88,0
W000865,31.74,1,193.1,4,2224.22,0
W000866,30.09,1,85.6,3,1922.47,0
W000867,6.87,0,37.3,2,1808.67,0
W000868,0.02,0,55.9,1,5631.15,0
W000869,17.15,0,115.6,3,9070.65,1
W000870,36.59,1,81.3,2,9590.63,0
W000871,27.05,0,27.8,2,17816.47,0
W000872,16.95,0,118.7,4,5725.01,0
W000873,1.99,0,10.0,3,1100.75,0
W000874,52.34,1,21.6,2,6283.91,0
W000875,15.41,0,103.5,3,7167.51,0
W000876,23.58,0,16.0,2,3546.37,1
W000877,34.61,1,31.9,4,7265.73,0
W000878,13.97,0,20.0,5,2699.85,0
W000879,43.55,1,83.3,1,6960.28,0
W000880,41.65,1,39.6,2,2519.01,0
W000881,16.35,0,17.4,4,771.32,0
W000882,67.57,1,3.3,1,53072.67,1
W000883,20.86,0,103.5,2,3266.02,0
W000884,18.68,0,57.2,3,8593.1,0
W000885,23.22,0,56.0,5,22668.92,0
W000886,0.0,0,53.9,3,1063.5,0
W000887,19.84,0,111.4,1,607.62,1
W000888,25.76,0,24.0,5,766.73,0
W000889,7.36,0,64.3,2,2491.58,0
W000890,31.23,1,51.3,1,12842.62,0
W000891,22.07,0,76.7,5,4550.2,0
W000892,40.76,1,25.8,1,552.93,0
W000893,57.65,1,46.8,4,9193.77,0
W000894,29.93,0,151.1,1,1061.84,0
W000895,24.75,0,60.7,4,571.21,1
W000896,23.08,0,118.3,2,20358.17,0
W000897,13.22,0,19.9,5,8389.0,0
W000898,22.36,0,19.9,1,16432.31,1
W000899,46.3,1,39.6,1,2356.43,0
W000900,44.53,1,18.5,1,843.18,0
W000901,26.45,0,74.0,1,510.76,0
W000902,40.86,1,134.3,6,12010.31,0
W000903,33.32,1,65.3,3,9769.9,0
W000904,31.47,1,48.4,4,2923.28,0
W000905,47.72,1,177.7,1,4062.67,0
W000906,34.05,1,55.3,1,6390.38,0
W000907,25.03,0,240.3,1,1672.64,0
W000908,55.12,1,40.6,1,566.73,0
W000909,44.22,1,43.2,1,4738.84,0
W000910,11.1,0,32.0,2,2157.06,0
W000911,16.17,0,70.0,2,3383.59,0
W000912,33.95,1,88.1,1,6136.69,0
W000913,40.27,1,117.6,5,3065.49,0
W000914,48.87,1,72.8,6,4378.9,0
W000915,11.34,0,22.7,1,18167.58,1
W000916,22.54,0,27.6,6,5552.73,0
W000917,36.81,1,37.7,1,1875.69,0
W000918,45.69,1,30.2,1,904.81,0
W000919,39.95,1,19.1,2,9657.8,0
W000920,44.03,1,35.9,6,6526.25,0
W000921,39.34,1,130.4,3,2405.46,0
W000922,45.42,1,65.8,6,899.66,0
W000923,15.43,0,79.0,3,1332.24,0
W000924,36.41,1,68.1,1,317.14,0
W000925,18.02,0,28.4,3,1499.45,0
W000926,12.21,0,67.0,2,14591.63,0
W000927,49.54,1,60.4,4,4294.16,0
W000928,41.43,1,56.8,2,2244.92,1
W000929,20.88,0,27.4,4,3297.76,0
W000930,23.95,0,27.5,2,4960.47,0
W000931,26.21,0,28.1,1,3642.33,1
W000932,15.58,0,14.3,2,619.4,0
W000933,10.09,0,164.1,1,11629.64,0
W000934,33.76,1,56.8,2,7264.47,0
W000935,38.63,1,144.2,2,17529.66,0
W000936,13.2,0,35.2,4,1243.54,0
W000937,27.97,0,76.2,4,200.58,0
W000938,37.33,1,39.6,1,10125.9,0
W000939,41.72,1,56.7,3,4576.06,0
W000940,29.36,0,96.7,1,1159.96,0
W000941,25.54,0,34.7,6,3657.81,0
W000942,23.73,0,80.4,1,883.98,0
W000943,52.62,1,32.7,2,8533.08,0
W000944,23.15,0,47.7,1,2213.89,0
W000945,38.13,1,150.3,1,8550.36,0
W000946,14.74,0,59.7,1,830.61,1
W000947,31.72,1,23.1,2,22549.78,0
W000948,44.33,1,11.1,2,1259.94,0
W000949,7.36,0,72.1,1,1538.7,0
W000950,30.67,1,114.5,5,2163.23,0
W000951,45.86,1,45.7,5,8458.7,0
W000952,47.3,1,43.1,1,10417.16,0
W000953,4.37,0,146.6,1,4425.56,0
W000954,43.77,1,8.3,4,14057.03,0
W000955,13.8,0,78.8,4,7120.8,0
W000956,21.35,0,32.3,3,784.07,0
W000957,21.27,0,36.2,3,1700.22,0
W000958,19.64,0,88.9,5,1305.09,0
W000959,25.42,0,127.9,1,1590.46,0
W000960,16.34,0,15.5,2,3544.01,0
W000961,6.66,0,28.8,3,3209.32,0
W000962,31.99,1,16.8,1,2812.4,0
W000963,12.05,0,113.1,4,1946.96,1
W000964,18.52,0,50.4,1,8557.07,0
W000965,39.31,1,109.0,5,935.04,0
W000966,60.13,1,28.6,4,15110.33,0
W000967,34.81,1,28.8,3,2090.64,1
W000968,19.53,0,55.8,5,3615.13,0
W000969,41.77,1,83.8,4,6233.48,0
W000970,7.6,0,104.2,1,4074.68,0
W000971,33.83,1,143.6,3,8652.99,0
W000972,11.2,0,61.9,3,1588.89,0
W000973,32.66,1,11.1,2,4951.35,0
W000974,4.06,0,48.6,5,7148.94,1
W000975,77.42,1,32.1,3,3784.18,0
W000976,46.23,1,5.3,2,2973.77,0
W000977,7.56,0,49.7,2,9746.96,0
W000978,36.14,1,214.1,2,2295.87,0
W000979,26.21,0,13.4,2,2081.59,0
W000980,43.73,1,96.2,1,759.39,0
W000981,35.32,1,105.8,2,23347.37,0
W000982,17.22,0,13.7,4,8236.21,0
W000983,30.63,1,58.5,3,1740.75,0
W000984,36.87,1,90.4,1,2314.17,0
W000985,37.54,1,57.1,2,3594.53,0
W000986,47.91,1,41.9,4,3757.33,0
W000987,47.3,1,54.0,4,4836.64,0
W000988,50.56,1,122.4,1,17411.18,0
W000989,32.08,1,103.9,3,4844.59,0
W000990,59.9,1,114.9,3,4813.09,0
W000991,13.13,0,177.8,2,948.45,0
W000992,28.92,0,73.6,4,1283.07,0
W000993,2.62,0,123.2,4,2678.27,0
W000994,33.13,1,33.4,2,3186.79,0
W000995,26.48,0,51.2,2,15282.95,0
W000996,27.21,0,88.0,5,1468.03,0
W000997,19.29,0,24.6,3,9117.0,0
W000998,53.43,1,168.7,4,1692.0,0
W000999,57.67,1,93.1,2,4801.06,0
W001000,28.16,0,31.2,1,3479.09,0
W001001,53.29,1,66.3,2,7129.94,1
W001002,0.76,0,58.1,2,49455.33,0
W001003,40.9,1,21.6,2,593.12,0
W001004,38.17,1,28.4,1,914.54,0
W001005,48.11,1,70.2,3,110122.58,0
W001006,44.23,1,81.4,1,2588.36,1
W001007,41.09,1,56.9,6,610.66,0
W001008,23.58,0,147.3,1,10531.67,0
W001009,60.59,1,167.5,2,5831.13,0
W001010,46.77,1,61.5,1,811.33,0
W001011,14.86,0,61.5,4,733.46,0
W001012,37.71,1,103.8,2,352.57,0
W001013,42.23,1,28.4,1,4013.58,0
W001014,11.96,0,20.0,2,5098.09,0
W001015,23.52,0,188.6,1,827.56,0
W001016,9.06,0,8.8,6,2844.36,0
W001017,29.14,0,34.0,3,6876.66,0
W001018,35.71,1,44.5,5,8776.98,0
W001019,27.24,0,6.9,1,4787.83,0
W001020,12.25,0,102.8,3,3367.69,0
W001021,44.55,1,28.6,4,9972.14,0
W001022,35.2,1,80.1,1,4404.13,0
W001023,25.75,0,53.6,2,16507.79,0
W001024,42.31,1,29.9,1,2004.44,0
W001025,30.49,1,26.3,1,9361.92,0
W001026,68.49,1,10.1,4,584.97,0
W001027,29.46,0,178.6,3,14753.84,0
W001028,9.74,0,43.2,1,2693.56,0
W001029,25.08,0,37.3,4,10754.19,0
W001030,16.89,0,67.1,4,7315.81,0
W001031,37.98,1,90.7,4,917.5,0
W001032,33.47,1,115.2,1,18575.77,0
W001033,4.4,0,67.6,4,2466.51,0
W001034,37.75,1,54.1,1,4980.13,0
W001035,70.63,1,52.9,1,1777.18,0
W001036,2.43,0,28.8,2,2027.46,0
W001037,37.14,1,34.0,2,6330.87,0
W001038,42.59,1,10.2,2,49389.39,0
W001039,40.56,1,105.4,5,6263.98,0
W001040,39.37,1,93.5,3,2285.5,0
W001041,23.21,0,52.4,3,3539.67,0
W001042,0.0,0,23.9,3,3444.65,0
W001043,30.18,1,63.4,2,35501.58,0
W001044,23.1,0,38.5,2,3284.26,1
W001045,29.04,0,76.6,6,12183.11,0
W001046,64.76,1,50.5,1,7074.87,0
W001047,43.45,1,38.3,3,2064.69,0
W001048,37.64,1,93.5,4,555.16,0
W001049,39.96,1,162.7,1,2573.93,0
W001050,43.32,1,32.6,2,5944.34,0
W001051,63.46,1,39.3,3,2483.68,0
W001052,3.56,0,33.4,1,8376.1,0
W001053,33.37,1,93.1,2,6232.2,0
W001054,48.18,1,42.0,4,1057.63,0
W001055,37.24,1,84.6,4,3388.84,1
W001056,26.54,0,17.6,2,617.13,0
W001057,22.38,0,13.7,5,9696.76,1
W001058,40.9,1,49.2,3,5414.03,0
W001059,24.85,0,85.1,6,550.42,0
W001060,12.85,0,12.9,2,14362.65,1
W001061,42.45,1,68.7,4,5987.56,0
W001062,22.88,0,64.6,1,404.4,0
W001063,33.85,1,34.5,2,32237.29,0
W001064,47.32,1,118.4,2,2026.13,0
W001065,18.58,0,86.3,2,11255.17,1
W001066,33.88,1,17.4,2,13417.47,0
W001067,30.3,1,74.3,3,7316.17,0
W001068,43.71,1,94.1,4,9705.96,1
W001069,17.43,0,41.6,2,875.71,0
W001070,45.71,1,91.8,3,2590.55,0
W001071,19.36,0,58.2,3,3744.83,0
W001072,33.89,1,33.7,1,174.77,0
W001073,64.09,1,125.0,2,5059.4,0
W001074,19.05,0,9.3,5,25279.11,0
W001075,34.56,1,52.5,1,98394.79,0
W001076,45.92,1,22.0,3,2798.54,0
W001077,22.45,0,92.1,3,7408.81,0
W001078,22.94,0,193.4,2,3481.9,0
W001079,60.16,1,35.7,2,6040.92,0
W001080,37.4,1,92.7,1,4150.81,0
W001081,14.64,0,18.4,1,4271.99,0
W001082,17.1,0,128.0,4,3503.85,1
W001083,25.88,0,14.1,2,1497.57,0
W001084,31.67,1,85.9,2,1684.58,0
W001085,31.91,1,25.9,1,659.89,0
W001086,70.73,1,16.1,4,827.24,1
W001087,31.97,1,59.0,2,10153.36,1
W001088,48.27,1,46.8,6,7165.86,0
W001089,0.0,0,21.6,2,1239.45,0
W001090,28.72,0,75.5,3,5541.96,0
W001091,35.92,1,25.2,1,1337.08,0
W001092,19.36,0,38.7,1,23208.73,0
W001093,42.94,1,90.5,2,1380.96,0
W001094,11.92,0,126.2,1,1087.25,1
W001095,15.99,0,35.1,3,3856.71,0
W001096,18.58,0,56.2,1,2212.34,0
W001097,21.24,0,89.7,1,679.97,0
W001098,15.04,0,52.4,3,5179.07,0
W001099,47.74,1,26.6,2,471.96,0
W001100,7.48,0,62.3,4,1768.57,0
W001101,30.93,1,40.7,2,1824.02,0
W001102,20.68,0,82.5,1,1800.15,0
W001103,30.29,1,36.0,1,17804.02,0
W001104,23.66,0,22.0,2,5001.34,0
W001105,60.08,1,49.9,3,829.41,0
W001106,22.06,0,9.6,1,1578.14,0
W001107,29.11,0,50.6,3,1792.47,0
W001108,12.0,0,47.7,4,876.97,0
W001109,46.61,1,118.4,3,292.75,0
W001110,62.93,1,14.8,1,11032.96,0
W001111,36.88,1,116.7,4,1029.93,0
W001112,32.01,1,28.3,2,4935.93,0
W001113,29.77,0,54.4,2,930.94,0
W001114,40.74,1,26.9,4,5188.02,0
W001115,28.5,0,72.6,2,446.54,0
W001116,14.07,0,64.0,1,7840.08,0
W001117,35.41,1,37.8,4,13359.85,0
W001118,18.51,0,184.1,4,6685.91,0
W001119,22.69,0,87.5,5,497.45,0
W001120,1.58,0,157.7,1,7473.57,0
W001121,50.18,1,27.6,1,14896.2,0
W001122,25.84,0,62.0,5,5202.78,1
W001123,17.97,0,156.9,4,2344.87,0
W001124,33.7,1,72.8,1,1616.58,0
W001125,49.16,1,135.0,1,5996.92,0
W001126,46.37,1,74.9,4,602.19,0
W001127,49.98,1,74.2,3,27030.79,1
W001128,36.76,1,20.6,2,2668.07,1
W001129,19.95,0,41.2,4,10668.88,0
W001130,7.79,0,69.9,3,5106.27,0
W001131,16.07,0,130.9,2,4290.13,0
W001132,43.6,1,66.7,1,1339.27,0
W001133,72.52,1,12.1,1,1921.35,0
W001134,2.35,0,78.0,3,14663.07,0
W001135,45.77,1,45.9,2,4100.1,0
W001136,80.73,1,6.0,1,1554.29,0
W001137,0.0,0,116.1,2,853.23,0
W001138,0.0,0,94.0,1,5493.78,1
W001139,16.17,0,27.9,1,3443.71,0
W001140,36.39,1,8.7,1,343.04,0
W001141,30.52,1,36.2,3,3094.2,0
W001142,25.45,0,50.0,1,2283.7,0
W001143,43.7,1,10.7,1,10901.31,0
W001144,9.97,0,18.5,5,5224.89,0
W001145,49.02,1,57.8,4,3116.86,0
W001146,39.56,1,53.4,1,36897.31,0
W001147,32.73,1,83.8,1,1156.43,0
W001148,85.39,1,119.1,1,3143.59,0
W001149,32.43,1,48.4,4,1157.71,0
W001150,4.13,0,87.9,1,9500.88,1
W001151,49.77,1,116.5,2,4815.0,0
W001152,30.44,1,63.4,1,1520.49,0
W001153,31.13,1,42.4,3,315.1,0
W001154,31.73,1,88.8,3,5571.01,0
W001155,25.29,0,56.8,1,17651.03,1
W001156,36.83,1,36.3,4,1187.92,0
W001157,9.42,0,36.2,1,2120.6,0
W001158,40.46,1,67.0,1,5767.85,1
W001159,24.7,0,59.0,5,18796.71,1
W001160,40.5,1,14.2,3,1903.74,0
W001161,38.77,1,109.9,3,1692.82,0
W001162,39.19,1,171.6,1,6339.82,0
W001163,35.03,1,67.7,1,1518.16,0
W001164,35.72,1,35.6,1,339.13,0
W001165,5.26,0,55.0,4,1720.88,0
W001166,3.99,0,48.8,5,21610.36,0
W001167,43.0,1,219.2,2,2856.33,0
W001168,40.56,1,59.3,3,2003.12,0
W001169,17.91,0,25.6,1,23371.38,0
W001170,44.02,1,29.7,2,548.32,0
W001171,64.63,1,3.6,4,23491.04,0
W001172,40.52,1,52.6,2,3176.96,0
W001173,18.79,0,17.6,2,3164.48,0
W001174,52.41,1,96.6,4,7389.78,0
W001175,25.58,0,37.3,1,6467.53,0
W001176,0.0,0,47.7,1,517.98,0
W001177,15.86,0,107.1,2,13907.02,0
W001178,38.77,1,31.8,1,10704.67,0
W001179,38.09,1,84.2,5,64898.87,1
W001180,14.29,0,29.7,2,11696.38,0
W001181,31.78,1,4.0,5,1144.79,0
W001182,40.65,1,163.7,3,1415.38,0
W001183,39.82,1,81.2,3,5768.03,0
W001184,17.55,0,37.1,2,4410.0,0
W001185,37.38,1,31.9,1,5224.93,0
W001186,13.2,0,119.9,5,4531.61,0
W001187,13.54,0,38.4,2,2378.15,0
W001188,57.76,1,62.2,1,3362.48,0
W001189,46.22,1,3.7,4,12717.07,0
W001190,13.02,0,8.5,2,14269.52,1
W001191,42.44,1,140.2,2,3335.88,0
W001192,7.27,0,82.6,2,2473.89,0
W001193,9.74,0,63.4,1,6466.51,0
W001194,7.41,0,22.3,1,11628.74,1
W001195,35.72,1,37.1,2,1004.17,0
W001196,40.43,1,162.2,3,29517.45,0
W001197,0.0,0,52.6,1,7498.41,0
W001198,7.11,0,24.7,3,785.52,0
W001199,0.0,0,50.3,2,1094.6,0
W001200,37.51,1,95.0,4,3354.0,1
W001201,39.63,1,17.8,1,3581.51,0
W001202,33.02,1,17.8,1,1192.12,0
W001203,13.2,0,56.2,3,1484.44,0
W001204,0.34,0,16.2,1,1641.28,0
W001205,39.25,1,22.2,2,1590.44,0
W001206,28.79,0,176.1,4,30135.2,1
W001207,20.67,0,126.2,1,3757.4,0
W001208,36.45,1,3.3,2,6601.9,0
W001209,48.27,1,96.8,1,6066.16,1
W001210,56.14,1,145.5,6,7994.17,0
W001211,0.0,0,9.5,4,3131.01,0
W001212,52.21,1,45.9,2,1496.81,0
W001213,59.0,1,161.4,2,3901.25,0
W001214,43.81,1,35.0,2,2040.11,0
W001215,23.75,0,56.8,4,15011.75,0
W001216,34.8,1,25.2,4,5222.82,1
W001217,37.93,1,22.6,5,1822.06,0
W001218,52.39,1,92.9,2,3716.49,0
W001219,14.21,0,86.6,2,5187.1,0
W001220,0.0,0,69.6,2,6731.95,0
W001221,44.62,1,64.1,5,14323.5,0
W001222,10.95,0,173.9,3,1878.01,0
W001223,41.29,1,71.6,3,6058.21,0
W001224,33.58,1,32.4,2,1170.93,1
W001225,57.11,1,60.3,2,6850.45,0
W001226,35.04,1,19.6,1,2992.62,0
W001227,41.39,1,39.5,3,624.12,0
W001228,24.25,0,4.8,3,51513.47,0
W001229,21.64,0,115.4,2,1846.95,0
W001230,30.2,1,29.1,4,2450.25,0
W001231,43.25,1,64.7,1,1044.86,0
W001232,31.86,1,120.6,1,4467.5,0
W001233,21.32,0,7.4,2,1618.49,0
W001234,42.86,1,86.8,1,6485.68,0
W001235,58.7,1,26.6,1,650.81,1
W001236,30.39,1,22.8,2,5479.09,0
W001237,25.38,0,23.8,1,2449.08,0
W001238,14.95,0,56.2,4,26061.04,0
W001239,43.8,1,69.2,5,5724.87,0
W001240,35.84,1,35.8,2,15249.79,0
W001241,21.15,0,71.4,3,16626.42,0
W001242,28.3,0,9.5,5,8423.66,0
W001243,0.0,0,20.2,3,1340.61,0
W001244,0.0,0,37.3,2,4781.86,0
W001245,31.42,1,15.7,1,6971.63,0
W001246,4.71,0,13.6,2,1006.43,0
W001247,41.23,1,51.1,3,11378.71,1
W001248,23.95,0,117.1,1,1810.16,0
W001249,37.86,1,89.5,1,2974.67,0
W001250,38.26,1,61.2,2,2242.33,1
W001251,3.64,0,23.1,3,1904.27,0
W001252,35.13,1,37.6,6,3584.44,0
W001253,16.88,0,130.1,4,1228.98,0
W001254,49.34,1,38.6,3,3599.77,0
W001255,51.83,1,144.8,3,1974.95,0
W001256,48.51,1,8.4,1,2437.39,0
W001257,39.35,1,93.0,1,642.63,0
W001258,17.8,0,138.1,4,5835.92,0
W001259,18.76,0,66.0,3,2498.55,1
W001260,15.6,0,5.9,3,3180.77,1
W001261,29.57,0,84.5,1,4369.14,0
W001262,36.42,1,13.5,2,1591.62,0
W001263,29.41,0,17.6,2,171.36,0
W001264,10.33,0,16.7,2,3752.38,1
W001265,35.74,1,111.5,3,3849.8,0
W001266,0.0,0,35.2,4,10804.54,0
W001267,43.17,1,38.2,4,37573.28,0
W001268,17.24,0,17.6,2,4990.97,0
W001269,10.17,0,93.5,3,1732.67,0
W001270,44.91,1,33.6,2,3388.24,0
W001271,30.97,1,45.1,1,14724.5,0
W001272,41.72,1,63.5,1,6758.21,0
W001273,0.0,0,70.3,2,662.74,0
W001274,46.35,1,70.1,4,3894.47,0
W001275,23.92,0,36.7,5,17692.61,0
W001276,26.01,0,86.5,6,4318.92,0
W001277,27.41,0,82.3,4,6741.28,0
W001278,60.14,1,16.4,4,7826.89,1
W001279,45.46,1,27.4,1,41160.24,1
W001280,7.62,0,40.2,4,1938.66,0
W001281,5.55,0,30.8,4,2381.65,0
W001282,0.0,0,27.9,4,1339.0,0
W001283,46.13,1,11.9,6,4996.48,1
W001284,28.81,0,22.2,5,26647.03,0
W001285,29.65,0,63.1,1,1187.04,1
W001286,27.09,0,55.4,2,3270.32,0
W001287,58.52,1,48.3,1,2354.83,1
W001288,41.66,1,74.8,4,8218.09,0
W001289,26.53,0,22.3,3,4183.56,0
W001290,27.64,0,14.6,3,5457.25,0
W001291,33.77,1,79.0,4,8707.65,1
W001292,35.57,1,181.6,1,6615.89,0
W001293,18.56,0,26.1,2,554.83,0
W001294,32.54,1,71.5,5,9919.26,0
W001295,17.97,0,67.8,1,2753.79,0
W001296,1.72,0,49.9,2,1277.99,0
W001297,43.53,1,92.9,5,2062.98,0
W001298,0.0,0,26.8,1,970.99,0
W001299,13.59,0,37.4,1,852.12,0
W001300,24.46,0,59.0,2,3832.77,0
W001301,27.78,0,20.1,1,10844.51,0
W001302,2.5,0,7.5,1,3985.97,0
W001303,27.94,0,41.4,1,7608.08,0
W001304,23.64,0,18.2,6,492.23,0
W001305,11.71,0,41.7,1,1789.25,1
W001306,46.99,1,14.3,1,14494.83,0
W001307,48.06,1,49.9,1,1928.19,0
W001308,14.62,0,167.2,1,8972.3,0
W001309,29.8,0,10.0,5,1087.53,0
W001310,26.21,0,16.8,2,2048.36,0
W001311,26.39,0,126.1,3,597.14,0
W001312,8.1,0,95.3,4,16167.85,0
W001313,41.26,1,50.1,2,4684.56,0
W001314,58.18,1,93.2,3,1608.47,0
W001315,28.35,0,54.5,4,25733.29,0
W001316,45.51,1,100.7,1,3220.27,0
W001317,29.46,0,103.0,2,4589.26,0
W001318,44.59,1,14.6,1,1702.82,0
W001319,9.98,0,73.9,1,42625.4,0
W001320,54.04,1,84.9,4,8010.03,0
W001321,12.37,0,8.3,2,6055.88,0
W001322,67.09,1,104.3,1,1707.49,0
W001323,27.12,0,9.3,1,2966.25,0
W001324,84.79,1,112.3,2,1316.95,1
W001325,20.41,0,6.1,3,2013.9,0
W001326,27.17,0,87.9,6,8340.66,0
W001327,41.77,1,80.4,1,4035.73,1
W001328,34.5,1,28.1,4,2804.54,0
W001329,0.0,0,62.0,3,784.2,0
W001330,0.0,0,43.2,3,42084.84,0
W001331,0.0,0,22.1,2,48041.24,0
W001332,26.68,0,57.5,3,819.49,0
W001333,30.77,1,127.0,2,15124.22,0
W001334,21.11,0,82.0,3,821.07,0
W001335,80.99,1,34.0,4,2797.17,0
W001336,61.05,1,3.9,1,1471.03,0
W001337,37.68,1,31.0,2,487.82,0
W001338,54.3,1,35.4,1,6580.0,0
W001339,47.97,1,58.3,1,1728.32,0
W001340,45.27,1,21.5,1,10015.29,0
W001341,26.42,0,9.9,2,4756.52,0
W001342,18.96,0,19.7,4,676.19,0
W001343,52.87,1,49.7,6,2037.86,0
W001344,55.72,1,35.7,2,4515.7,0
W001345,44.18,1,67.7,3,2168.96,0
W001346,30.29,1,228.0,2,708.65,0
W001347,24.55,0,68.8,5,5596.2,0
W001348,93.33,1,95.3,3,2889.83,0
W001349,19.07,0,36.7,5,73.51,0
W001350,47.06,1,94.3,2,5114.94,0
W001351,36.98,1,35.1,2,13595.47,0
W001352,49.87,1,19.1,2,22025.4,0
W001353,20.3,0,20.8,3,1477.17,0
W001354,35.28,1,18.9,3,2348.82,0
W001355,42.29,1,84.7,3,8390.85,0
W001356,68.12,1,84.9,1,8879.01,0
W001357,0.0,0,57.9,3,1627.89,0
W001358,25.88,0,9.8,1,1209.29,0
W001359,32.98,1,12.3,2,5325.96,1
W001360,35.32,1,24.2,6,22347.6,0
W001361,0.72,0,8.4,2,11293.6,1
W001362,60.52,1,40.1,2,3687.81,0
W001363,17.8,0,46.0,1,2107.01,0
W001364,25.29,0,42.9,2,1094.48,0
W001365,21.55,0,63.0,4,22546.24,0
W001366,35.39,1,27.0,3,8210.61,0
W001367,11.63,0,26.5,2,6769.09,0
W001368,52.59,1,18.7,2,18874.52,1
W001369,58.7,1,11.9,2,1782.77,1
W001370,15.11,0,8.0,4,1553.49,0
W001371,2.4,0,81.9,1,866.48,0
W001372,8.57,0,78.2,1,14183.66,0
W001373,56.29,1,82.5,2,1424.55,0
W001374,0.0,0,61.3,4,8031.94,1
W001375,16.54,0,60.5,2,990.51,0
W001376,44.33,1,14.1,3,4349.99,0
W001377,37.45,1,58.6,1,1928.2,0
W001378,23.84,0,138.8,1,3051.22,0
W001379,6.03,0,51.9,1,2678.68,0
W001380,13.17,0,35.6,1,1113.71,1
W001381,48.61,1,86.6,1,8623.87,0
W001382,63.87,1,28.3,2,1580.39,0
W001383,28.09,0,164.0,3,2574.02,0
W001384,45.81,1,28.1,2,2675.96,0
W001385,26.29,0,80.3,3,21439.86,0
W001386,38.66,1,67.5,4,1005.02,0
W001387,35.17,1,40.6,2,881.42,0
W001388,26.53,0,3.3,3,4233.83,1
W001389,4.89,0,110.6,4,1285.57,0
W001390,43.96,1,80.0,2,2960.42,0
W001391,16.95,0,52.6,4,7849.83,0
W001392,26.19,0,90.0,3,13673.02,0
W001393,6.69,0,20.7,1,4452.89,0
W001394,41.21,1,135.1,2,1230.9,0
W001395,23.52,0,71.5,4,1845.79,0
W001396,39.83,1,67.5,2,8646.03,1
W001397,28.12,0,79.8,2,27763.66,1
W001398,53.27,1,42.1,4,3631.02,0
W001399,16.59,0,96.9,2,4186.37,0
W001400,5.35,0,53.2,5,989.49,0
W001401,15.65,0,44.2,5,2838.71,0
W001402,36.85,1,18.0,5,1117.67,0
W001403,45.59,1,114.4,4,12333.33,0
W001404,29.05,0,20.4,2,7348.24,1
W001405,20.31,0,155.3,5,4165.25,0
W001406,34.02,1,101.5,1,2123.26,0
W001407,24.06,0,83.9,3,1870.4,0
W001408,42.76,1,64.6,2,4089.94,0
W001409,29.79,0,84.6,1,4310.28,0
W001410,17.09,0,85.6,1,8347.3,0
W001411,48.33,1,9.6,3,9832.45,0
W001412,19.1,0,54.7,1,1447.85,0
W001413,5.22,0,69.4,3,5044.26,0
W001414,19.87,0,159.6,3,3156.28,0
W001415,82.21,1,9.3,2,1373.89,0
W001416,35.65,1,71.2,1,1171.57,0
W001417,0.0,0,68.2,3,1407.53,0
W001418,20.22,0,55.8,2,1204.23,0
W001419,64.98,1,131.9,1,5205.51,0
W001420,23.89,0,24.9,2,886.82,0
W001421,19.04,0,149.4,4,1819.08,0
W001422,7.48,0,63.0,3,2056.49,0
W001423,53.88,1,39.5,3,28109.79,0
W001424,37.43,1,82.3,2,3502.04,0
W001425,26.51,0,76.5,3,4314.18,0
W001426,44.34,1,17.6,3,1601.25,1
W001427,51.72,1,107.8,1,1229.66,0
W001428,42.85,1,31.9,4,1735.89,0
W001429,43.92,1,27.7,2,58416.88,0
W001430,20.62,0,125.8,2,1393.22,0
W001431,43.86,1,36.7,2,1553.68,0
W001432,45.64,1,30.6,2,2528.17,0
W001433,34.6,1,13.7,1,1791.6,0
W001434,27.59,0,49.7,3,4016.33,1
W001435,13.17,0,212.2,4,10031.32,0
W001436,43.52,1,92.9,3,994.35,1
W001437,64.03,1,49.8,1,13233.12,0
W001438,19.38,0,21.7,1,2866.63,0
W001439,35.38,1,46.2,2,400.47,0
W001440,70.68,1,6.2,2,2329.09,1
W001441,29.05,0,29.9,1,5865.51,0
W001442,13.94,0,65.4,3,835.94,0
W001443,19.57,0,86.7,4,1094.96,0
W001444,50.72,1,64.8,1,8036.92,0
W001445,19.0,0,32.5,2,11655.7,1
W001446,15.73,0,52.5,1,8588.8,0
W001447,21.69,0,79.0,3,3351.34,0
W001448,1.22,0,63.5,2,6761.49,0
W001449,34.71,1,41.7,1,1964.31,0
W001450,32.58,1,7.0,4,3797.26,0
W001451,58.38,1,46.3,3,4821.51,1
W001452,9.61,0,108.5,1,16521.84,0
W001453,18.52,0,71.9,3,7045.23,0
W001454,23.02,0,44.7,1,5285.06,0
W001455,39.55,1,117.8,5,8639.9,0
W001456,57.52,1,64.0,5,3452.23,0
W001457,55.25,1,101.0,1,4245.46,0
W001458,63.5,1,85.3,5,701.84,0
W001459,31.59,1,45.8,2,3921.63,0
W001460,17.11,0,164.3,3,1653.45,0
W001461,35.12,1,30.2,1,1353.7,0
W001462,38.04,1,27.4,4,7056.57,0
W001463,25.62,0,66.0,2,1237.75,0
W001464,53.51,1,19.6,4,267.49,0
W001465,20.99,0,38.7,2,55889.84,0
W001466,18.08,0,63.1,2,550.25,1
W001467,19.02,0,43.6,1,2063.18,0
W001468,29.1,0,28.2,2,2470.7,0
W001469,38.53,1,30.0,4,728.34,0
W001470,18.75,0,50.0,4,6090.28,0
W001471,11.96,0,121.3,3,9849.52,0
W001472,48.37,1,108.0,5,1108.24,0
W001473,9.54,0,181.2,3,7089.03,0
W001474,23.39,0,105.6,4,2771.25,0
W001475,21.29,0,93.0,2,8473.23,0
W001476,2.12,0,25.1,1,16727.67,1
W001477,21.76,0,167.2,2,6066.54,0
W001478,23.11,0,57.0,3,2230.04,0
W001479,11.14,0,43.6,4,992.26,1
W001480,25.11,0,58.9,1,4855.54,0
W001481,37.97,1,79.9,3,836.33,0
W001482,49.35,1,16.0,2,450.14,1
W001483,38.56,1,25.8,2,1403.34,0
W001484,47.44,1,129.5,2,921.3,0
W001485,24.02,0,268.4,5,6650.06,0
W001486,23.73,0,12.5,5,2499.02,0
W001487,12.07,0,84.7,1,26631.04,0
W001488,38.89,1,41.1,1,6900.66,0
W001489,20.96,0,49.4,1,2808.02,1
W001490,15.74,0,29.7,2,22402.73,0
W001491,34.48,1,75.6,1,1560.8,0
W001492,15.56,0,45.2,1,8649.63,0
W001493,23.49,0,120.4,1,5636.97,0
W001494,23.16,0,135.2,4,3604.73,0
W001495,51.03,1,79.6,1,1691.85,0
W001496,46.25,1,74.4,4,3512.54,0
W001497,47.81,1,74.0,4,993.17,0
W001498,22.96,0,50.3,5,2804.48,0
W001499,37.31,1,53.5,1,1112.05,0
W001500,48.15,1,31.8,1,2374.93,0
W001501,31.05,1,3.0,2,3854.43,0
W001502,39.75,1,55.4,2,2734.66,0
W001503,34.27,1,117.7,2,3184.58,0
W001504,34.62,1,74.5,2,1297.63,0
W001505,62.48,1,11.4,4,4028.77,1
W001506,14.06,0,101.7,1,1788.82,0
W001507,6.17,0,103.9,4,4375.57,0
W001508,15.33,0,101.5,1,8090.58,0
W001509,28.36,0,49.9,1,25067.56,0
W001510,75.54,1,42.5,4,2295.85,0
W001511,33.31,1,22.7,2,4113.81,0
W001512,36.63,1,53.3,5,1052.94,0
W001513,16.56,0,54.6,3,19522.55,0
W001514,6.93,0,140.0,2,2920.99,1
W001515,33.88,1,69.9,2,1194.26,0
W001516,31.8,1,49.1,3,2640.78,0
W001517,50.12,1,54.9,3,3757.07,0
W001518,41.64,1,80.3,3,4054.95,0
W001519,18.0,0,38.5,3,383.71,0
W001520,33.66,1,104.4,3,4159.61,0
W001521,45.08,1,29.7,3,63825.72,0
W001522,12.4,0,13.3,3,12831.85,0
W001523,63.13,1,69.3,3,14556.78,1
W001524,23.7,0,23.7,1,1453.95,0
W001525,44.72,1,44.9,5,17349.52,0
W001526,8.71,0,23.0,5,11102.97,0
W001527,43.28,1,85.7,4,8059.27,0
W001528,43.02,1,33.1,3,1740.4,0
W001529,0.0,0,66.7,1,12899.12,0
W001530,4.51,0,126.6,2,10663.0,0
W001531,20.45,0,69.2,3,9933.27,0
W001532,26.51,0,31.4,3,1654.63,0
W001533,0.45,0,6.9,2,3515.14,0
W001534,27.94,0,21.9,2,2486.71,1
W001535,57.76,1,28.8,1,5331.28,0
W001536,18.04,0,32.9,1,3318.19,0
W001537,14.7,0,102.4,1,11165.48,0
W001538,69.49,1,51.0,3,6696.8,0
W001539,27.28,0,34.5,3,1352.2,0
W001540,42.65,1,39.3,4,36578.58,0
W001541,28.37,0,17.3,1,5816.22,0
W001542,36.94,1,107.9,5,6418.77,0
W001543,53.18,1,40.9,6,7495.47,0
W001544,6.91,0,25.4,3,961.69,1
W001545,6.86,0,64.0,1,2532.65,0
W001546,41.9,1,18.8,4,47176.29,0
W001547,32.31,1,63.3,2,2491.95,0
W001548,13.8,0,30.5,3,4150.43,0
W001549,46.26,1,55.8,1,3589.13,0
W001550,0.0,0,90.7,1,10226.88,0
W001551,24.63,0,67.3,4,499.21,0
W001552,0.0,0,20.7,3,4152.34,0
W001553,36.01,1,46.0,1,3136.27,0
W001554,22.13,0,22.6,1,4558.79,1
W001555,37.62,1,12.7,2,2836.23,0
W001556,26.83,0,86.5,2,693.42,0
W001557,47.79,1,50.9,1,9947.37,0
W001558,8.19,0,26.0,1,4391.25,0
W001559,29.47,0,8.5,3,1502.69,0
W001560,13.58,0,121.5,5,4338.2,0
W001561,43.69,1,103.1,2,1130.26,1
W001562,41.67,1,32.2,3,11966.83,0
W001563,0.0,0,80.0,1,18130.35,0
W001564,40.35,1,51.4,2,2313.22,0
W001565,56.69,1,16.8,2,1135.68,0
W001566,26.05,0,18.8,3,16633.79,0
W001567,61.62,1,4.8,3,2239.16,0
W001568,5.36,0,101.5,1,1300.49,0
W001569,36.38,1,7.0,4,1805.32,0
W001570,53.17,1,119.6,4,5225.23,0
W001571,0.0,0,51.9,4,8608.31,0
W001572,16.83,0,17.3,4,3049.46,0
W001573,35.56,1,124.5,3,10524.05,0
W001574,37.27,1,85.3,4,3110.43,0
W001575,36.73,1,105.5,2,7003.03,0
W001576,11.84,0,33.8,1,15640.72,0
W001577,13.97,0,17.9,1,1089.43,0
W001578,59.38,1,25.6,4,7271.57,1
W001579,52.96,1,61.4,2,5469.08,0
W001580,29.81,0,67.7,4,9618.69,0
W001581,50.21,1,66.6,3,2140.8,0
W001582,0.0,0,300.0,5,25339.32,0
W001583,34.9,1,12.1,1,7308.77,0
W001584,44.22,1,113.2,1,1554.75,0
W001585,51.81,1,75.8,3,1169.08,0
W001586,26.32,0,71.4,1,1731.4,0
W001587,66.52,1,107.4,1,4973.74,0
W001588,19.61,0,294.5,4,5018.64,0
W001589,2.25,0,28.0,1,983.54,0
W001590,3.99,0,40.5,3,803.53,0
W001591,8.71,0,85.9,4,2086.08,0
W001592,36.54,1,35.8,6,10927.98,0
W001593,36.39,1,41.9,3,801.68,0
W001594,28.41,0,44.6,2,27778.97,0
W001595,10.55,0,37.5,3,1752.37,0
W001596,2.7,0,73.3,3,1436.83,0
W001597,49.22,1,48.9,2,2855.13,1
W001598,37.55,1,50.9,1,9007.05,0
W001599,27.22,0,17.2,1,560.08,0
W001600,37.08,1,61.7,2,16077.12,0
W001601,44.94,1,109.4,6,10104.25,0
W001602,29.46,0,36.0,4,3749.39,0
W001603,40.06,1,197.3,5,1178.3,0
W001604,0.0,0,127.4,1,4539.97,0
W001605,20.48,0,17.0,2,2810.48,0
W001606,20.16,0,44.8,4,6360.02,1
W001607,54.11,1,8.1,2,7657.88,0
W001608,12.53,0,28.5,5,8063.57,1
W001609,33.82,1,64.8,2,1095.31,0
W001610,14.43,0,124.7,5,3325.23,0
W001611,2.0,0,148.4,1,2717.37,0
W001612,0.0,0,47.8,4,1830.41,0
W001613,28.92,0,24.3,1,5942.24,0
W001614,29.22,0,49.9,2,2201.63,1
W001615,25.59,0,32.6,4,3788.04,0
W001616,25.24,0,66.8,2,1573.46,1
W001617,31.68,1,38.4,2,9490.24,0
W001618,19.87,0,54.9,1,452.43,0
W001619,10.7,0,29.8,5,978.22,0
W001620,33.09,1,113.6,1,13883.93,0
W001621,27.1,0,90.5,1,23274.75,1
W001622,34.62,1,70.2,1,4044.22,0
W001623,27.32,0,74.1,2,3589.02,0
W001624,19.15,0,147.9,1,17261.65,0
W001625,32.8,1,49.7,2,2277.29,0
W001626,21.78,0,45.1,1,111877.84,0
W001627,36.62,1,21.4,3,15434.49,0
W001628,19.23,0,84.6,2,6616.17,0
W001629,0.0,0,9.7,5,3057.55,0
W001630,8.94,0,66.1,1,6006.4,0
W001631,10.57,0,27.1,1,1064.87,0
W001632,31.48,1,24.8,3,998.62,0
W001633,54.19,1,21.6,3,2542.23,0
W001634,56.56,1,71.2,5,5739.08,0
W001635,66.75,1,10.8,2,2758.88,0
W001636,43.71,1,66.1,2,4984.3,0
W001637,36.1,1,49.8,1,2531.22,1
W001638,6.16,0,6.4,2,1375.6,0
W001639,27.49,0,27.9,3,20526.4,0
W001640,20.36,0,42.1,2,25606.26,0
W001641,36.58,1,19.8,4,1951.93,1
W001642,47.05,1,64.3,3,7815.68,0
W001643,12.86,0,91.4,1,4123.84,0
W001644,51.58,1,22.0,4,1816.06,0
W001645,39.55,1,126.0,4,899.07,0
W001646,39.04,1,36.8,2,4539.21,0
W001647,35.18,1,134.7,6,1834.95,0
W001648,38.09,1,133.3,1,10958.64,0
W001649,56.16,1,151.0,1,14909.12,0
W001650,36.82,1,47.2,4,3248.86,1
W001651,10.59,0,72.7,1,5183.28,0
W001652,63.95,1,52.7,2,4982.04,1
W001653,24.68,0,69.0,2,15253.35,0
W001654,75.49,1,26.0,2,8718.18,0
W001655,26.16,0,98.9,3,31253.57,0
W001656,7.16,0,18.4,1,2952.56,0
W001657,43.37,1,26.5,2,894.38,0
W001658,49.89,1,55.9,4,758.27,0
W001659,33.78,1,140.1,1,6835.82,0
W001660,7.42,0,9.6,5,681.45,0
W001661,18.71,0,23.0,4,19217.15,0
W001662,15.57,0,18.6,3,254.29,0
W001663,48.27,1,76.7,4,2207.15,0
W001664,14.68,0,46.4,4,2259.58,0
W001665,15.97,0,30.0,1,700.33,0
W001666,26.27,0,124.3,1,2504.83,0
W001667,39.1,1,78.0,4,3318.41,0
W001668,8.44,0,47.1,3,1472.45,0
W001669,31.41,1,54.4,2,13577.98,0
W001670,27.67,0,68.5,2,10202.24,0
W001671,27.51,0,95.2,4,1434.95,0
W001672,46.74,1,20.5,6,7460.19,0
W001673,26.64,0,46.8,5,4424.08,0
W001674,24.3,0,94.8,1,1688.86,0
W001675,29.98,0,144.2,4,17273.8,0
W001676,18.87,0,20.3,5,5830.77,0
W001677,30.63,1,54.8,1,329.82,0
W001678,30.77,1,25.0,1,99.16,0
W001679,25.54,0,11.0,1,16416.5,0
W001680,7.83,0,58.3,2,803.9,0
W001681,29.2,0,71.2,3,3531.73,0
W001682,36.81,1,34.4,4,3388.69,0
W001683,29.87,0,47.8,2,21224.42,0
W001684,32.96,1,165.4,3,18053.65,0
W001685,41.95,1,48.2,1,2286.32,0
W001686,32.41,1,69.6,1,4856.68,0
W001687,25.1,0,66.7,1,4477.84,0
W001688,34.38,1,69.1,5,2045.4,0
W001689,48.43,1,55.4,3,3598.91,0
W001690,36.76,1,42.7,4,1856.71,0
W001691,41.78,1,115.5,4,2525.67,0
W001692,41.44,1,21.1,2,13215.92,0
W001693,35.78,1,34.3,1,3378.43,0
W001694,20.2,0,114.3,1,4085.69,0
W001695,66.49,1,29.4,3,4920.49,0
W001696,29.51,0,58.2,6,7030.16,0
W001697,41.28,1,143.6,3,964.01,0
W001698,27.89,0,135.8,1,7511.03,0
W001699,54.02,1,101.8,5,1705.44,1
W001700,20.49,0,27.8,2,1408.59,0
W001701,8.82,0,92.3,3,4307.84,0
W001702,58.83,1,109.6,4,3477.7,0
W001703,47.44,1,57.6,1,2867.38,0
W001704,32.41,1,5.1,3,6452.74,0
W001705,40.15,1,24.0,2,3904.62,0
W001706,29.08,0,48.3,2,1836.02,0
W001707,8.26,0,22.5,2,17558.46,0
W001708,0.0,0,38.0,3,3004.24,0
W001709,0.0,0,80.2,5,2924.97,1
W001710,0.0,0,51.6,3,8877.95,0
W001711,12.71,0,60.3,3,212.76,0
W001712,0.0,0,39.9,1,5268.12,0
W001713,21.77,0,36.1,4,1968.37,0
W001714,36.35,1,185.2,2,10857.52,0
W001715,44.4,1,81.2,1,9520.8,1
W001716,41.83,1,25.8,1,5844.64,0
W001717,21.32,0,158.7,1,9020.38,0
W001718,24.87,0,48.0,2,1077.5,0
W001719,21.26,0,42.5,2,1261.36,0
W001720,44.62,1,28.7,2,88270.6,0
W001721,22.23,0,49.1,3,7381.01,0
W001722,28.0,0,68.1,1,4384.04,0
W001723,50.12,1,10.5,2,27730.03,0
W001724,41.2,1,77.6,4,10524.83,0
W001725,69.6,1,27.5,1,3555.26,0
W001726,15.55,0,67.5,2,3556.97,1
W001727,9.66,0,39.6,2,19644.5,0
W001728,44.96,1,190.3,3,8096.24,0
W001729,32.88,1,28.1,5,7500.1,0
W001730,57.38,1,40.2,1,10504.61,0
W001731,40.24,1,23.3,5,2298.58,0
W001732,13.07,0,71.8,1,919.86,0
W001733,19.14,0,76.4,3,669.43,0
W001734,25.34,0,40.1,4,7776.49,1
W001735,19.53,0,109.6,3,8713.37,0
W001736,20.45,0,124.2,6,4381.32,0
W001737,39.14,1,91.7,1,1307.19,0
W001738,30.11,1,45.2,2,619.81,0
W001739,18.29,0,46.4,4,3739.2,0
W001740,15.53,0,42.6,1,32788.89,1
W001741,36.68,1,8.2,2,847.17,0
W001742,18.76,0,46.1,4,2231.22,0
W001743,12.51,0,39.1,1,1414.24,0
W001744,21.96,0,42.2,4,4370.1,0
W001745,30.2,1,34.9,1,3031.73,0
W001746,27.83,0,56.3,1,2654.5,0
W001747,16.91,0,49.7,6,8496.26,0
W001748,56.25,1,110.4,4,2256.06,0
W001749,39.4,1,76.4,4,2948.82,0
W001750,43.86,1,59.4,1,9692.74,0
W001751,34.51,1,43.1,3,5973.57,0
W001752,18.08,0,36.1,1,5519.93,0
W001753,0.0,0,111.6,3,2068.5,0
W001754,42.15,1,31.2,1,992.97,0
W001755,35.69,1,89.9,2,3851.18,0
W001756,17.73,0,34.2,2,4199.75,0
W001757,33.26,1,32.2,4,1772.1,0
W001758,24.98,0,68.2,3,1739.39,0
W001759,32.24,1,134.5,2,2203.26,0
W001760,61.35,1,92.0,1,3625.53,0
W001761,13.41,0,143.5,4,28685.61,0
W001762,8.37,0,47.7,4,5147.39,0
W001763,60.76,1,17.7,3,1265.83,0
W001764,29.79,0,58.8,1,1768.5,0
W001765,32.12,1,55.7,5,10898.52,0
W001766,55.47,1,115.8,2,6760.37,0
W001767,49.28,1,41.8,3,7339.15,1
W001768,51.38,1,31.7,2,4693.38,0
W001769,44.55,1,93.7,2,6535.05,0
W001770,48.74,1,39.8,1,778.5,0
W001771,24.3,0,13.6,4,1058.12,1
W001772,26.79,0,77.0,4,10083.44,0
W001773,30.2,1,64.6,2,689.23,0
W001774,16.63,0,115.5,1,2474.92,0
W001775,23.27,0,116.1,3,1924.12,1
W001776,25.85,0,73.9,1,16145.88,0
W001777,30.6,1,37.1,2,1045.57,0
W001778,0.0,0,129.3,1,14196.04,0
W001779,17.84,0,148.4,2,2503.51,0
W001780,42.26,1,48.9,1,2045.3,0
W001781,19.79,0,70.7,4,4136.11,0
W001782,18.75,0,62.9,1,7329.49,0
W001783,36.1,1,51.0,1,553.39,0
W001784,17.95,0,69.4,4,2226.72,0
W001785,39.99,1,40.4,3,2514.53,0
W001786,40.6,1,22.8,1,2785.75,0
W001787,0.0,0,43.4,2,1431.91,1
W001788,37.85,1,42.8,1,2192.86,0
W001789,19.36,0,52.4,3,4887.18,0
W001790,5.66,0,50.8,1,9351.26,0
W001791,61.02,1,76.2,2,708.09,0
W001792,26.36,0,125.4,4,7541.4,0
W001793,32.14,1,109.2,2,1417.06,0
W001794,51.68,1,150.0,2,26303.6,0
W001795,27.38,0,126.8,2,897.17,0
W001796,0.0,0,32.8,5,5171.91,0
W001797,12.25,0,88.2,1,6702.5,0
W001798,35.43,1,36.3,4,1777.25,0
W001799,22.34,0,33.0,2,344.58,0
W001800,22.24,0,61.2,4,5002.79,0
W001801,38.38,1,66.9,3,11436.78,0
W001802,16.48,0,68.7,6,745.72,0
W001803,28.96,0,29.0,4,8203.06,0
W001804,3.15,0,41.3,4,15610.47,0
W001805,48.58,1,9.6,3,23894.77,0
W001806,13.07,0,17.5,1,5862.55,0
W001807,22.59,0,27.7,1,3117.82,0
W001808,0.0,0,179.4,1,826.36,0
W001809,29.05,0,42.0,1,4630.48,0
W001810,29.9,0,23.9,2,11056.4,0
W001811,19.84,0,149.1,1,8531.92,0
W001812,41.8,1,40.5,4,4417.73,0
W001813,35.7,1,65.9,3,5450.47,0
W001814,8.56,0,65.9,4,9836.29,0
W001815,37.32,1,37.1,3,11852.98,0
W001816,27.46,0,38.6,6,8527.24,0
W001817,31.1,1,84.6,2,6809.51,0
W001818,28.32,0,66.5,2,9710.3,0
W001819,33.13,1,15.9,4,2771.2,0
W001820,21.7,0,34.5,4,8132.48,0
W001821,23.68,0,52.1,1,4705.83,0
W001822,41.31,1,19.1,3,4645.95,0
W001823,0.0,0,123.4,1,8309.39,0
W001824,48.76,1,40.9,1,720.11,0
W001825,0.0,0,20.8,2,22911.67,0
W001826,26.75,0,27.2,4,4441.4,0
W001827,11.59,0,32.1,1,10073.52,0
W001828,62.35,1,26.2,6,4957.58,0
W001829,11.07,0,79.1,3,1283.08,0
W001830,55.96,1,62.0,3,563.63,0
W001831,41.41,1,98.5,3,11604.37,0
W001832,18.4,0,44.6,3,2441.47,1
W001833,25.42,0,51.0,2,5504.79,0
W001834,15.57,0,97.1,3,322.66,0
W001835,37.51,1,55.0,2,740.01,0
W001836,46.09,1,33.1,3,6993.37,0
W001837,47.12,1,20.1,3,3858.36,1
W001838,52.83,1,93.5,1,1081.08,0
W001839,35.09,1,156.2,1,3916.87,1
W001840,14.68,0,111.3,5,3403.46,0
W001841,22.9,0,54.2,3,5661.44,0
W001842,20.72,0,12.2,1,2739.76,0
W001843,8.9,0,37.6,2,681.29,0
W001844,55.36,1,182.6,5,2104.15,0
W001845,53.44,1,10.5,2,152.13,0
W001846,27.46,0,29.3,2,5181.13,0
W001847,44.68,1,26.2,2,3759.9,0
W001848,39.65,1,19.9,2,2581.65,0
W001849,24.11,0,16.4,2,6331.96,0
W001850,22.14,0,13.8,5,3523.56,0
W001851,35.99,1,45.9,4,763.16,0
W001852,31.9,1,21.2,1,10418.73,0
W001853,19.73,0,81.1,2,3852.09,0
W001854,34.72,1,76.7,1,2069.37,0
W001855,19.95,0,131.5,1,2098.98,1
W001856,36.01,1,74.4,2,912.71,0
W001857,0.0,0,96.7,3,4028.55,0
W001858,29.59,0,47.7,2,1565.2,0
W001859,0.0,0,26.2,2,1957.01,1
W001860,56.17,1,18.9,1,1481.93,0
W001861,41.14,1,85.4,3,1308.74,0
W001862,18.11,0,32.3,6,2658.66,0
W001863,46.24,1,81.7,1,12179.14,1
W001864,41.81,1,30.9,2,9046.37,0
W001865,18.36,0,235.9,2,2976.43,0
W001866,0.95,0,25.4,3,3631.38,0
W001867,38.83,1,129.4,2,1741.48,0
W001868,46.96,1,26.8,2,3191.68,0
W001869,23.92,0,195.2,5,3222.99,0
W001870,44.42,1,9.0,6,1417.68,0
W001871,27.42,0,6.3,1,5256.43,1
W001872,27.29,0,90.3,3,2708.9,0
W001873,25.45,0,8.1,3,780.82,0
W001874,27.64,0,15.3,2,1467.29,0
W001875,40.46,1,28.1,2,1231.78,0
W001876,53.06,1,44.2,2,1506.57,0
W001877,28.58,0,78.7,1,2103.98,0
W001878,15.79,0,86.7,4,5230.2,0
W001879,42.33,1,76.2,4,9538.69,0
W001880,38.6,1,50.5,4,13245.18,0
W001881,46.4,1,87.2,4,4919.57,0
W001882,48.75,1,143.5,3,4417.98,0
W001883,20.17,0,102.4,1,12630.17,0
W001884,34.33,1,38.0,1,15783.47,0
W001885,28.74,0,46.3,2,1138.2,0
W001886,50.79,1,47.7,3,769.92,0
W001887,0.0,0,62.0,5,644.79,0
W001888,62.89,1,62.2,3,8394.5,0
W001889,0.89,0,24.7,1,1049.12,0
W001890,37.66,1,119.2,1,3285.82,0
W001891,49.22,1,11.2,3,5769.02,0
W001892,45.6,1,41.2,5,753.64,0
W001893,0.0,0,50.9,2,11473.53,0
W001894,27.99,0,65.0,3,3060.55,0
W001895,34.93,1,46.6,2,14293.73,0
W001896,19.58,0,64.2,4,7359.34,0
W001897,0.17,0,55.8,2,6584.37,0
W001898,69.41,1,95.0,2,3034.83,0
W001899,43.01,1,67.8,2,5088.96,0
W001900,34.1,1,54.2,4,525.16,0
W001901,40.3,1,67.2,1,5490.42,0
W001902,23.43,0,59.8,4,2635.82,0
W001903,15.25,0,14.2,2,5716.49,0
W001904,25.02,0,52.3,1,6948.32,0
W001905,18.58,0,41.6,2,2461.83,0
W001906,48.7,1,64.5,1,2751.08,0
W001907,34.92,1,34.6,2,5837.13,0
W001908,50.1,1,174.6,3,5939.83,0
W001909,64.65,1,21.4,4,6318.84,0
W001910,3.87,0,23.5,1,1619.68,0
W001911,36.46,1,55.0,6,6809.17,0
W001912,23.8,0,140.4,1,3759.64,0
W001913,41.86,1,40.6,2,14763.26,0
W001914,29.04,0,52.4,3,12344.0,0
W001915,41.48,1,137.1,2,3266.3,0
W001916,18.02,0,27.9,2,6998.28,0
W001917,29.6,0,26.5,4,4647.99,0
W001918,67.16,1,25.3,5,3036.77,0
W001919,46.75,1,71.6,1,10871.45,0
W001920,27.23,0,9.4,1,2127.84,0
W001921,30.86,1,119.9,1,1617.42,0
W001922,35.9,1,100.7,3,6463.72,0
W001923,26.4,0,106.9,3,3505.23,0
W001924,72.58,1,99.2,1,3439.67,0
W001925,9.77,0,29.5,3,1119.89,0
W001926,43.95,1,76.0,1,3794.94,0
W001927,15.77,0,131.6,2,6539.22,0
W001928,92.46,1,53.7,1,7330.6,1
W001929,9.16,0,37.2,1,11778.79,0
W001930,46.39,1,90.9,3,1042.42,0
W001931,33.28,1,27.7,3,8022.21,0
W001932,45.19,1,53.1,1,1735.98,0
W001933,19.23,0,20.8,3,2821.79,0
W001934,51.27,1,34.0,5,3744.45,0
W001935,12.07,0,109.8,2,3786.16,0
W001936,41.96,1,12.1,3,2298.96,0
W001937,21.73,0,43.4,1,889.27,0
W001938,44.59,1,61.0,4,3960.57,0
W001939,21.43,0,158.6,1,1664.98,0
W001940,35.95,1,55.4,3,1060.51,0
W001941,43.47,1,16.5,2,218.15,0
W001942,26.18,0,7.0,3,1158.8,0
W001943,39.91,1,28.1,1,2408.63,0
W001944,12.89,0,57.9,1,8098.53,0
W001945,9.88,0,34.9,2,2735.08,0
W001946,31.89,1,34.5,4,2760.41,0
W001947,30.8,1,17.3,4,5374.86,0
W001948,17.96,0,66.0,2,2555.16,0
W001949,46.84,1,21.5,1,17622.42,0
W001950,43.06,1,126.0,2,5110.5,0
W001951,39.19,1,116.9,5,8454.56,0
W001952,20.28,0,167.8,1,1371.4,0
W001953,0.0,0,38.9,1,1137.94,0
W001954,42.08,1,70.0,3,1302.46,0
W001955,13.11,0,73.3,2,5649.47,1
W001956,42.79,1,76.1,1,6140.22,0
W001957,33.78,1,44.0,2,4299.28,0
W001958,15.41,0,18.6,4,2896.98,1
W001959,11.32,0,110.8,1,12615.03,0
W001960,20.65,0,48.7,5,10677.34,0
W001961,31.95,1,14.3,3,835.25,0
W001962,48.34,1,25.7,3,2972.23,0
W001963,47.95,1,26.2,2,1775.06,0
W001964,62.03,1,119.3,1,2178.37,0
W001965,34.97,1,34.0,6,3644.94,0
W001966,28.52,0,50.0,4,10369.8,0
W001967,12.98,0,106.5,2,2373.31,0
W001968,45.35,1,78.5,1,8513.4,0
W001969,22.73,0,45.7,4,5773.18,1
W001970,21.61,0,39.1,2,3539.93,0
W001971,14.09,0,46.9,2,1746.5,0
W001972,47.49,1,31.6,1,453.42,0
W001973,41.47,1,35.4,6,1590.72,0
W001974,7.7,0,25.1,3,4344.12,0
W001975,26.09,0,14.5,1,1998.41,0
W001976,64.94,1,99.3,3,3868.65,0
W001977,39.56,1,123.9,3,2248.71,0
W001978,20.54,0,98.3,3,1556.98,0
W001979,33.99,1,86.1,1,4282.45,0
W001980,19.98,0,33.4,2,1256.76,0
W001981,16.29,0,216.7,2,3527.01,0
W001982,41.58,1,36.3,1,1736.31,0
W001983,13.74,0,114.7,3,4767.85,0
W001984,36.33,1,77.5,1,1213.03,0
W001985,34.14,1,15.4,1,2314.91,0
W001986,18.33,0,69.7,1,6843.63,0
W001987,11.46,0,79.3,4,16566.33,0
W001988,60.33,1,36.0,3,7970.2,0
W001989,42.45,1,119.1,2,8694.99,0
W001990,11.23,0,32.2,2,1152.29,0
W001991,31.33,1,73.8,2,380.1,0
W001992,44.6,1,29.4,2,13241.55,0
W001993,36.85,1,85.6,2,6441.5,0
W001994,45.25,1,53.2,3,1429.12,0
W001995,49.7,1,16.9,1,151.36,0
W001996,60.5,1,109.8,4,2137.97,0
W001997,49.63,1,71.1,3,5623.86,0
W001998,42.46,1,17.1,2,1412.49,0
W001999,18.07,0,86.9,2,1509.69,0
W002000,33.18,1,18.3,2,22029.62,0
W002001,0.0,0,46.0,3,1162.55,0
W002002,33.69,1,23.8,2,1726.86,0
W002003,63.58,1,43.1,3,3587.77,0
W002004,4.85,0,222.0,2,7059.98,0
W002005,52.57,1,47.6,1,749.83,0
W002006,24.97,0,49.8,3,1399.23,0
W002007,25.08,0,62.7,1,25237.95,0
W002008,0.0,0,67.1,1,3213.15,0
W002009,31.05,1,20.5,2,10450.8,0
W002010,28.12,0,83.8,1,3273.72,0
W002011,37.81,1,95.5,1,2663.16,0
W002012,13.89,0,22.3,2,1537.21,0
W002013,40.99,1,65.2,4,3747.66,0
W002014,39.38,1,44.3,1,4870.3,0
W002015,37.25,1,16.3,1,1488.49,0
W002016,4.04,0,146.7,1,4278.61,0
W002017,20.8,0,60.7,4,5744.15,0
W002018,35.14,1,30.2,2,2476.6,0
W002019,23.68,0,38.1,1,12591.0,0
W002020,19.25,0,43.8,1,1292.57,1
W002021,20.14,0,42.9,4,31238.98,0
W002022,16.16,0,34.5,5,28490.68,0
W002023,37.94,1,86.6,5,4681.63,0
W002024,44.04,1,76.6,2,2006.56,0
W002025,18.83,0,62.0,1,3721.06,0
W002026,9.64,0,44.1,2,5081.5,0
W002027,30.84,1,87.3,3,7064.19,0
W002028,28.56,0,98.9,2,2537.0,1
W002029,9.47,0,9.1,2,1441.05,0
W002030,30.42,1,133.1,3,22486.0,0
W002031,0.0,0,9.2,3,2311.53,0
W002032,25.76,0,68.7,2,18627.3,0
W002033,0.0,0,63.8,2,1108.83,0
W002034,28.55,0,57.4,1,3460.83,0
W002035,31.84,1,27.1,1,2111.79,0
W002036,32.31,1,16.6,4,520.72,0
W002037,57.71,1,5.5,2,2225.52,0
W002038,50.81,1,12.7,1,1178.84,1
W002039,33.61,1,30.5,1,1970.4,0
W002040,25.17,0,108.0,1,4082.3,0
W002041,47.63,1,45.1,4,1835.42,0
W002042,10.48,0,114.6,2,1191.48,1
W002043,26.1,0,177.0,3,7309.89,0
W002044,32.06,1,47.7,2,3757.83,0
W002045,39.17,1,50.8,2,1169.6,0
W002046,25.44,0,52.5,3,16826.23,0
W002047,25.37,0,100.5,2,12597.08,0
W002048,37.32,1,4.5,3,3266.17,0
W002049,0.0,0,61.8,1,6418.1,0
W002050,51.74,1,91.1,1,4195.03,0
W002051,53.93,1,94.6,5,3117.82,0
W002052,35.67,1,36.1,1,2240.88,0
W002053,61.29,1,20.0,1,3658.4,0
W002054,7.21,0,104.8,2,2714.34,0
W002055,47.07,1,63.7,4,3269.56,0
W002056,0.0,0,111.9,1,2107.1,0
W002057,32.51,1,57.6,2,8290.76,0
W002058,0.0,0,26.1,2,2407.17,1
W002059,31.07,1,130.3,5,27134.61,0
W002060,10.36,0,19.3,3,6911.77,0
W002061,63.82,1,49.7,1,223.42,0
W002062,50.22,1,36.5,1,2105.4,0
W002063,79.26,1,23.5,4,182.61,0
W002064,7.34,0,44.9,3,9955.49,0
W002065,39.43,1,49.0,2,1774.26,0
W002066,31.45,1,35.0,1,3403.47,1
W002067,47.24,1,141.9,4,1375.05,1
W002068,37.57,1,57.1,4,8101.97,0
W002069,0.0,0,117.7,4,1365.75,0
W002070,23.85,0,66.0,4,18273.92,0
W002071,57.28,1,24.8,1,993.8,0
W002072,55.12,1,19.5,1,1698.09,0
W002073,10.2,0,37.9,1,5294.04,0
W002074,23.2,0,135.0,5,3743.59,0
W002075,14.97,0,29.1,1,401.44,1
W002076,40.73,1,85.3,1,664.85,0
W002077,11.32,0,85.3,1,611.76,0
W002078,26.39,0,46.7,1,1967.51,0
W002079,34.42,1,17.4,2,5089.87,0
W002080,58.2,1,76.1,5,3215.04,0
W002081,3.07,0,86.9,3,2649.76,0
W002082,29.97,0,18.1,1,3682.19,0
W002083,31.78,1,74.8,3,6471.66,0
W002084,22.13,0,28.6,1,4100.69,0
W002085,26.63,0,137.0,3,14144.64,0
W002086,49.65,1,44.6,4,19578.82,1
W002087,12.81,0,109.3,2,3804.5,0
W002088,14.93,0,51.6,2,12240.59,0
W002089,37.18,1,32.6,1,2045.06,0
W002090,28.01,0,11.7,2,414.98,0
W002091,15.81,0,17.3,6,5769.24,0
W002092,67.5,1,55.0,4,2421.89,1
W002093,22.39,0,27.3,4,959.23,0
W002094,0.0,0,52.8,4,1689.07,1
W002095,28.9,0,54.2,3,75769.87,0
W002096,15.09,0,76.8,1,3409.62,0
W002097,40.53,1,132.0,1,4871.31,0
W002098,24.22,0,6.6,2,27394.31,0
W002099,21.4,0,34.8,4,9915.52,0
W002100,40.28,1,66.2,2,952.66,0
W002101,31.48,1,13.8,2,3818.94,0
W002102,60.61,1,54.2,3,2510.29,0
W002103,27.15,0,29.7,2,11682.67,0
W002104,28.8,0,13.4,4,930.62,0
W002105,9.64,0,53.4,2,2137.87,1
W002106,50.62,1,56.3,3,4114.18,1
W002107,25.42,0,31.1,1,11577.93,0
W002108,48.3,1,36.1,3,1154.09,0
W002109,13.59,0,35.1,2,2590.29,1
W002110,17.89,0,82.5,1,1360.42,0
W002111,25.63,0,40.6,5,1732.8,0
W002112,41.47,1,35.5,1,409.84,0
W002113,36.9,1,39.2,1,2251.0,0
W002114,30.04,1,55.7,2,3245.06,0
W002115,35.51,1,130.3,6,3901.07,1
W002116,43.79,1,25.2,2,328.12,0
W002117,20.22,0,46.1,1,5804.7,0
W002118,38.26,1,141.4,3,8602.11,0
W002119,37.26,1,68.3,2,7717.34,0
W002120,33.23,1,125.7,1,6688.44,0
W002121,0.0,0,45.0,4,4963.3,0
W002122,3.67,0,75.7,1,10482.4,0
W002123,19.53,0,43.9,2,8813.91,0
W002124,61.44,1,79.5,3,4555.87,0
W002125,4.77,0,44.1,1,2258.11,0
W002126,8.53,0,71.6,1,9074.38,0
W002127,71.69,1,55.9,4,1311.04,0
W002128,42.26,1,103.5,3,7047.33,0
W002129,19.85,0,85.6,1,8005.16,0
W002130,25.77,0,61.2,2,4565.32,0
W002131,28.6,0,26.7,4,1961.5,0
W002132,13.14,0,61.9,3,1749.25,0
W002133,8.32,0,72.7,2,667.3,0
W002134,41.52,1,10.6,3,4521.59,1
W002135,47.63,1,51.8,6,3056.75,0
W002136,61.9,1,37.2,2,1712.02,0
W002137,56.42,1,43.2,3,3238.68,0
W002138,23.57,0,106.8,1,9874.29,0
W002139,29.04,0,69.6,5,18936.61,0
W002140,28.17,0,88.8,3,2291.03,1
W002141,23.24,0,87.6,3,4641.97,0
W002142,14.81,0,64.5,6,7303.73,0
W002143,33.91,1,17.9,2,3442.17,0
W002144,44.64,1,26.5,5,6138.77,0
W002145,12.67,0,60.0,3,6115.86,1
W002146,9.53,0,48.6,1,59348.3,0
W002147,11.79,0,67.9,3,7430.65,0
W002148,27.45,0,22.4,2,2531.51,0
W002149,34.85,1,135.3,2,6105.45,0
W002150,34.45,1,27.0,1,2595.98,0
W002151,31.42,1,68.0,5,3664.06,1
W002152,45.49,1,104.5,4,12128.68,0
W002153,26.45,0,3.6,1,9017.91,1
W002154,27.04,0,31.7,3,7270.89,1
W002155,51.75,1,59.9,2,16456.67,0
W002156,27.07,0,30.5,4,1206.94,0
W002157,32.66,1,92.3,2,2691.92,0
W002158,68.28,1,69.9,2,16643.55,0
W002159,2.98,0,22.7,2,2665.62,0
W002160,27.66,0,37.5,1,1842.11,0
W002161,27.24,0,79.6,3,2889.13,0
W002162,31.02,1,40.7,1,863.44,0
W002163,40.64,1,83.7,2,1336.61,0
W002164,36.28,1,116.1,3,4442.13,1
W002165,30.92,1,26.2,1,5536.72,0
W002166,42.78,1,30.3,2,21243.17,0
W002167,32.34,1,52.8,1,2753.77,0
W002168,47.04,1,42.8,1,10264.93,0
W002169,46.02,1,40.7,3,334.42,0
W002170,40.27,1,97.1,1,4872.5,0
W002171,40.15,1,14.4,3,5982.79,0
W002172,34.04,1,15.5,2,6254.15,0
W002173,33.04,1,32.5,1,2326.56,0
W002174,19.89,0,40.4,2,17766.25,1
W002175,44.3,1,36.9,1,6394.01,1
W002176,19.34,0,58.9,2,924.12,0
W002177,35.9,1,80.2,5,1747.69,0
W002178,22.27,0,49.6,1,2669.13,0
W002179,7.89,0,95.8,2,3803.2,0
W002180,19.24,0,99.8,1,2835.53,0
W002181,33.2,1,9.1,3,6825.53,0
W002182,18.22,0,54.5,4,2038.4,0
W002183,50.58,1,19.1,3,4772.93,0
W002184,40.06,1,47.1,2,682.49,0
W002185,42.06,1,34.3,1,9964.57,0
W002186,15.49,0,32.0,1,22493.19,0
W002187,45.04,1,60.8,2,7306.08,0
W002188,29.74,0,114.1,2,38145.17,0
W002189,0.0,0,34.5,1,1936.31,0
W002190,26.63,0,97.0,4,5799.26,0
W002191,2.74,0,58.9,2,1082.17,0
W002192,14.39,0,55.4,4,7690.21,0
W002193,55.83,1,61.9,2,9954.34,0
W002194,37.76,1,13.8,1,7656.43,0
W002195,13.33,0,49.5,2,6502.11,0
W002196,36.56,1,31.7,2,12425.78,0
W002197,42.68,1,105.3,2,2662.23,0
W002198,0.0,0,73.5,5,1680.7,0
W002199,83.57,1,56.1,2,6483.91,0
W002200,68.06,1,59.1,5,2652.66,0
W002201,15.3,0,9.3,2,6256.42,0
W002202,27.05,0,71.2,5,6835.46,0
W002203,41.07,1,28.8,1,1808.07,0
W002204,38.41,1,144.6,3,2217.41,0
W002205,51.72,1,22.2,1,254.95,0
W002206,87.81,1,55.1,1,3877.65,0
W002207,31.9,1,37.9,2,1961.02,0
W002208,1.88,0,23.5,1,6595.7,0
W002209,50.49,1,6.0,1,3303.76,0
W002210,39.26,1,63.6,1,38536.38,1
W002211,1.03,0,57.9,2,6285.92,0
W002212,0.0,0,100.0,1,5511.14,0
W002213,32.42,1,27.8,6,24596.1,0
W002214,31.89,1,45.5,4,4346.95,0
W002215,26.06,0,30.9,2,17255.44,1
W002216,40.51,1,142.9,3,1914.02,0
W002217,42.97,1,92.1,5,1276.48,0
W002218,26.99,0,75.9,2,7555.95,0
W002219,42.21,1,19.5,1,6041.74,0
W002220,44.62,1,3.1,4,1870.14,0
W002221,35.98,1,141.2,1,35221.29,0
W002222,17.13,0,2.3,2,14782.93,0
W002223,26.17,0,21.3,3,3404.23,0
W002224,26.82,0,4.9,1,5293.68,0
W002225,21.35,0,33.6,2,1956.45,0
W002226,22.55,0,50.7,3,5993.92,0
W002227,0.0,0,12.9,5,2521.16,0
W002228,81.25,1,15.9,4,3376.8,0
W002229,35.27,1,49.9,1,2858.57,1
W002230,20.49,0,111.3,2,1614.61,1
W002231,0.0,0,41.5,4,1511.66,0
W002232,22.78,0,110.8,5,6816.32,0
W002233,22.52,0,160.3,1,5995.93,0
W002234,44.11,1,13.4,2,3846.79,0
W002235,10.21,0,102.7,3,8376.07,0
W002236,28.69,0,47.4,3,1008.76,0
W002237,25.48,0,26.9,5,13392.28,0
W002238,40.56,1,48.4,1,6051.41,0
W002239,0.0,0,93.6,1,5761.05,0
W002240,14.4,0,97.8,1,1379.69,0
W002241,40.59,1,93.3,2,1676.88,0
W002242,9.33,0,9.2,1,15165.28,1
W002243,49.41,1,39.0,3,5319.46,0
W002244,43.48,1,76.6,1,18442.46,1
W002245,19.32,0,120.2,2,12469.72,0
W002246,22.68,0,56.5,4,4167.47,0
W002247,12.86,0,98.0,3,3894.74,0
W002248,14.7,0,49.0,1,13719.13,1
W002249,29.7,0,62.6,1,7942.05,1
W002250,32.37,1,104.5,2,10933.59,0
W002251,50.89,1,47.0,1,5481.89,0
W002252,2.37,0,33.5,3,10348.21,0
W002253,50.18,1,78.6,2,1938.78,0
W002254,37.56,1,100.8,3,2162.93,0
W002255,29.63,0,149.9,1,2583.74,0
W002256,26.45,0,59.6,4,4024.99,0
W002257,44.35,1,47.2,2,6895.23,0
W002258,74.65,1,100.0,4,15518.26,0
W002259,47.97,1,39.7,3,10585.26,1
W002260,33.7,1,64.5,1,1102.91,0
W002261,12.69,0,72.6,2,5059.32,1
W002262,30.88,1,60.3,4,1748.08,1
W002263,34.21,1,85.7,4,2329.65,0
W002264,35.63,1,74.8,1,1625.43,0
W002265,56.2,1,64.7,3,509.18,0
W002266,58.96,1,75.0,2,6392.84,0
W002267,43.3,1,99.9,5,4549.55,0
W002268,24.14,0,19.5,4,5878.77,0
W002269,0.0,0,65.3,1,12929.72,0
W002270,35.84,1,12.5,1,7378.09,0
W002271,47.0,1,18.2,1,8323.47,0
W002272,33.74,1,133.8,4,542.43,0
W002273,41.31,1,34.2,1,5420.66,0
W002274,15.82,0,53.1,3,4415.08,0
W002275,45.78,1,53.0,2,6406.12,0
W002276,57.17,1,144.6,3,4521.88,0
W002277,38.78,1,18.8,1,4174.23,0
W002278,5.58,0,58.7,2,4350.22,0
W002279,12.22,0,3.9,6,30562.56,0
W002280,26.6,0,27.7,2,11433.84,0
W002281,25.09,0,75.4,4,6432.51,0
W002282,0.0,0,90.3,1,10644.11,0
W002283,32.47,1,166.4,1,4696.89,0
W002284,57.39,1,114.4,2,5875.8,0
W002285,46.14,1,30.2,2,31451.63,0
W002286,44.78,1,97.9,5,12020.01,0
W002287,43.91,1,87.1,2,8053.2,0
W002288,32.46,1,82.1,1,2898.42,0
W002289,46.21,1,18.8,3,2851.31,0
W002290,17.27,0,124.2,1,1574.53,0
W002291,44.69,1,155.7,3,294.08,0
W002292,48.24,1,44.2,3,1829.83,0
W002293,38.9,1,96.6,1,6066.98,0
W002294,22.16,0,8.8,2,21856.17,0
W002295,18.71,0,37.5,2,2001.57,1
W002296,16.31,0,80.8,3,2395.76,0
W002297,21.4,0,92.4,3,55693.83,0
W002298,5.5,0,46.7,3,261.76,0
W002299,5.66,0,34.1,2,1519.15,0
W002300,38.29,1,119.6,1,7040.69,0
W002301,29.39,0,23.4,2,19760.15,1
W002302,7.06,0,110.1,2,8050.89,1
W002303,8.1,0,46.6,4,4481.42,0
W002304,49.72,1,131.9,1,4979.2,0
W002305,0.0,0,16.7,4,14169.3,0
W002306,12.65,0,195.3,1,1951.03,0
W002307,0.16,0,95.6,1,6533.97,0
W002308,21.02,0,82.3,6,18774.94,1
W002309,22.8,0,46.9,1,1536.9,0
W002310,27.59,0,24.4,3,3213.8,0
W002311,40.32,1,43.3,2,2292.67,0
W002312,45.53,1,30.4,1,783.66,0
W002313,44.98,1,3.5,1,1856.23,0
W002314,42.24,1,32.7,4,5592.44,0
W002315,2.33,0,44.1,1,14900.27,0
W002316,9.21,0,42.1,1,1555.63,0
W002317,43.08,1,31.5,2,719.15,0
W002318,31.06,1,77.2,2,1511.15,0
W002319,32.66,1,48.3,1,2025.02,0
W002320,75.45,1,41.1,4,11553.1,1
W002321,39.25,1,31.2,6,1710.51,0
W002322,53.15,1,43.4,3,23066.77,0
W002323,31.35,1,21.5,4,15391.36,0
W002324,23.66,0,1.6,3,756.79,0
W002325,78.93,1,165.5,1,4654.61,0
W002326,45.36,1,29.9,2,1236.11,0
W002327,61.19,1,66.4,1,3904.18,0
W002328,35.44,1,40.2,3,1953.65,1
W002329,24.56,0,5.7,2,3055.52,0
W002330,26.08,0,21.7,2,3429.78,0
W002331,24.38,0,147.3,1,3850.28,0
W002332,16.66,0,11.5,1,3990.31,0
W002333,49.07,1,81.4,6,5109.38,0
W002334,34.41,1,76.4,4,796.34,0
W002335,45.49,1,18.9,1,2117.85,0
W002336,0.0,0,79.0,2,9893.05,0
W002337,3.79,0,84.4,3,15955.73,0
W002338,31.86,1,104.2,2,5138.18,0
W002339,23.63,0,105.7,2,1881.42,0
W002340,14.08,0,71.6,2,5534.32,0
W002341,24.23,0,8.3,4,555.13,0
W002342,21.4,0,43.2,1,1263.04,0
W002343,34.28,1,35.0,1,603.76,0
W002344,12.39,0,59.1,4,1063.64,0
W002345,33.85,1,101.9,2,1472.45,0
W002346,21.01,0,26.1,2,5133.99,0
W002347,17.13,0,86.4,3,3723.99,0
W002348,12.74,0,59.7,2,5599.42,0
W002349,45.92,1,65.3,1,5123.51,0
W002350,47.74,1,28.7,1,6606.75,0
W002351,11.54,0,41.0,1,4253.08,0
W002352,22.52,0,35.8,2,6596.26,0
W002353,40.34,1,25.6,2,880.91,0
W002354,3.36,0,27.9,2,12040.63,0
W002355,53.97,1,46.8,4,2273.98,0
W002356,30.61,1,32.4,4,9171.71,0
W002357,18.7,0,8.3,1,2951.21,0
W002358,39.08,1,92.0,2,10936.68,0
W002359,45.26,1,153.4,2,1846.53,0
W002360,28.62,0,62.0,3,4314.07,0
W002361,45.79,1,30.1,2,5022.92,0
W002362,37.09,1,68.5,2,225.55,0
W002363,59.42,1,20.4,1,2433.05,0
W002364,42.86,1,90.5,1,5666.36,0
W002365,43.44,1,22.2,6,4947.31,0
W002366,9.28,0,34.4,1,7357.31,0
W002367,0.0,0,29.3,2,4675.36,0
W002368,4.83,0,25.7,1,4010.95,0
W002369,17.55,0,108.8,2,10675.66,0
W002370,27.14,0,56.7,2,2414.52,0
W002371,25.44,0,65.1,3,6309.13,0
W002372,49.66,1,34.3,4,2141.07,0
W002373,1.68,0,36.5,2,664.43,0
W002374,44.44,1,55.8,1,350.9,0
W002375,27.15,0,26.1,2,3484.19,0
W002376,34.05,1,45.1,2,723.83,0
W002377,34.96,1,51.6,2,2155.46,0
W002378,22.12,0,81.1,2,1093.19,0
W002379,15.17,0,17.7,3,352.42,0
W002380,7.49,0,32.7,3,3837.76,1
W002381,12.98,0,47.9,2,342.02,0
W002382,30.31,1,28.9,1,3750.27,0
W002383,54.37,1,95.2,5,18741.47,1
W002384,30.21,1,71.3,4,6043.89,0
W002385,0.0,0,60.9,5,9015.56,0
W002386,35.99,1,86.5,1,62160.88,0
W002387,15.37,0,60.3,5,5802.9,0
W002388,38.05,1,39.7,3,1472.52,0
W002389,25.28,0,43.8,2,719.22,0
W002390,5.08,0,15.5,2,9705.49,0
W002391,28.82,0,91.1,2,895.94,0
W002392,16.67,0,62.8,2,3248.29,0
W002393,19.31,0,63.8,4,4209.84,0
W002394,29.15,0,19.0,2,12759.01,0
W002395,23.78,0,58.8,2,211.91,0
W002396,52.19,1,21.2,3,3852.81,0
W002397,30.98,1,126.8,1,238.85,0
W002398,16.11,0,61.5,2,10903.85,0
W002399,37.5,1,89.6,4,187.8,0
W002400,15.63,0,135.4,1,1110.5,0
W002401,41.03,1,32.5,3,7028.83,0
W002402,23.03,0,86.5,3,8580.63,0
W002403,27.41,0,77.4,4,10856.51,0
W002404,38.56,1,91.3,1,57952.22,0
W002405,37.2,1,100.9,1,10211.33,0
W002406,23.63,0,99.4,3,3936.28,0
W002407,24.67,0,240.1,3,6831.36,0
W002408,35.1,1,27.7,3,8348.68,0
W002409,44.87,1,64.4,1,3200.73,0
W002410,31.35,1,41.1,4,1340.63,0
W002411,11.33,0,99.3,6,29413.21,0
W002412,57.58,1,33.5,6,13485.88,1
W002413,25.05,0,72.3,3,970.05,0
W002414,5.02,0,152.4,1,1452.07,0
W002415,2.79,0,104.7,2,1513.07,0
W002416,28.83,0,48.3,2,39470.1,0
W002417,35.66,1,12.1,2,9266.21,0
W002418,16.24,0,39.4,2,1359.66,0
W002419,32.01,1,35.6,2,21828.21,0
W002420,5.75,0,97.3,2,2555.05,0
W002421,36.76,1,30.3,2,11158.23,0
W002422,16.52,0,56.5,2,1255.37,0
W002423,12.3,0,37.1,1,2711.1,0
W002424,25.31,0,122.0,3,1795.46,1
W002425,50.45,1,26.4,5,424.43,0
W002426,24.67,0,48.6,2,8962.43,1
W002427,19.26,0,30.2,1,3176.73,0
W002428,24.07,0,144.7,3,5573.47,0
W002429,50.13,1,13.1,2,3072.46,0
W002430,50.31,1,25.2,2,2873.25,0
W002431,59.64,1,22.1,2,2978.45,0
W002432,54.32,1,73.9,2,1156.47,0
W002433,53.58,1,46.5,2,2915.36,0
W002434,27.63,0,31.8,2,2043.72,0
W002435,33.65,1,40.0,1,436.84,1
W002436,40.54,1,75.6,2,6142.53,0
W002437,13.22,0,3.1,4,2373.34,0
W002438,2.91,0,48.0,2,1685.98,0
W002439,20.67,0,51.4,2,1929.41,0
W002440,40.32,1,49.3,1,1364.32,0
W002441,23.41,0,41.3,1,2360.7,1
W002442,36.52,1,17.5,2,11850.98,0
W002443,40.33,1,15.5,1,6696.67,0
W002444,63.08,1,57.8,1,1561.99,0
W002445,19.27,0,25.3,2,1876.66,0
W002446,42.34,1,105.9,2,2578.83,0
W002447,48.4,1,35.1,4,14767.78,0
W002448,30.47,1,15.4,5,4049.56,0
W002449,24.18,0,73.4,3,790.63,0
W002450,13.34,0,40.4,2,11485.12,0
W002451,9.15,0,38.5,3,4231.99,0
W002452,24.45,0,33.5,1,7786.9,0
W002453,58.96,1,23.8,2,1430.92,0
W002454,66.11,1,187.6,4,11391.54,0
W002455,57.05,1,88.8,5,2044.24,0
W002456,13.57,0,121.0,3,2773.99,0
W002457,27.67,0,74.0,3,4293.21,0
W002458,18.15,0,34.8,3,1556.13,1
W002459,0.0,0,24.9,1,4667.09,0
W002460,41.23,1,19.6,2,4446.5,0
W002461,57.99,1,20.9,5,6638.49,0
W002462,24.62,0,68.5,3,18516.91,0
W002463,24.32,0,25.9,5,17984.03,0
W002464,28.73,0,84.5,1,4083.25,0
W002465,45.25,1,25.0,4,778.03,0
W002466,41.89,1,32.4,1,11559.47,0
W002467,66.11,1,67.1,1,1825.26,0
W002468,29.14,0,129.4,1,5748.89,0
W002469,33.28,1,47.7,1,568.46,0
W002470,35.52,1,40.8,3,2009.04,0
W002471,15.92,0,93.9,2,1565.63,1
W002472,32.82,1,110.7,3,3160.9,0
W002473,34.84,1,59.6,2,10294.95,0
W002474,20.73,0,82.1,1,3407.42,0
W002475,38.02,1,31.6,4,1425.32,0
W002476,4.25,0,171.2,1,1469.45,0
W002477,51.34,1,54.2,5,5325.69,0
W002478,15.78,0,12.7,2,645.71,0
W002479,19.73,0,12.8,3,8378.81,0
W002480,35.35,1,83.9,1,6462.95,0
W002481,3.18,0,12.4,1,5322.2,0
W002482,21.9,0,63.7,2,2997.23,0
W002483,55.71,1,51.0,1,2133.82,1
W002484,15.36,0,95.8,1,1989.48,0
W002485,26.81,0,71.2,4,10002.52,1
W002486,55.05,1,71.7,4,4425.21,0
W002487,48.31,1,70.9,4,255.6,0
W002488,31.45,1,5.6,3,1498.7,0
W002489,43.46,1,79.2,2,114.51,0
W002490,49.84,1,29.9,1,5956.91,0
W002491,57.81,1,49.7,2,2955.66,0
W002492,25.89,0,52.6,4,1005.5,0
W002493,38.97,1,29.4,1,4963.07,0
W002494,7.66,0,79.9,2,5159.16,0
W002495,34.01,1,62.3,3,1838.87,0
W002496,47.65,1,20.1,2,1855.95,0
W002497,38.75,1,11.7,5,6666.57,0
W002498,27.0,0,78.8,1,6268.64,0
W002499,42.08,1,38.2,5,2808.96,0
W002500,8.31,0,22.6,5,2294.47,0
W002501,0.0,0,77.3,1,1794.28,0
W002502,62.33,1,21.7,2,11778.53,0
W002503,37.32,1,87.7,3,2220.39,0
W002504,10.09,0,18.5,1,6515.23,0
W002505,63.84,1,43.2,2,10250.72,0
W002506,19.83,0,85.3,3,884.95,0
W002507,0.0,0,84.2,1,1694.09,0
W002508,28.38,0,87.9,2,913.71,0
W002509,43.7,1,77.8,5,2937.9,0
W002510,58.77,1,66.1,6,2039.18,0
W002511,42.26,1,84.7,2,2423.2,1
W002512,36.88,1,38.3,3,1373.31,0
W002513,59.43,1,34.1,3,850.67,0
W002514,24.56,0,73.4,2,9907.18,0
W002515,53.09,1,1.0,4,9616.12,0
W002516,38.92,1,50.5,2,11266.16,1
W002517,9.35,0,70.1,1,2877.17,0
W002518,22.08,0,56.2,3,3066.22,0
W002519,33.69,1,73.0,2,905.85,0
W002520,42.66,1,59.9,2,1166.77,0
W002521,25.09,0,43.5,2,1485.37,0
W002522,52.6,1,92.3,4,2863.63,0
W002523,27.17,0,47.8,5,1239.8,0
W002524,0.0,0,40.9,1,1920.16,0
W002525,27.52,0,172.5,2,1792.13,0
W002526,43.99,1,67.6,3,5936.17,0
W002527,48.58,1,31.1,3,3316.6,0
W002528,34.06,1,111.1,4,7704.77,0
W002529,0.0,0,43.9,3,2351.47,0
W002530,52.44,1,65.7,4,11397.83,0
W002531,41.0,1,40.0,2,1945.13,0
W002532,0.0,0,26.3,3,998.65,1
W002533,20.61,0,99.0,3,541.34,0
W002534,10.74,0,56.1,2,586.05,0
W002535,27.53,0,21.8,1,5203.37,0
W002536,19.44,0,34.5,2,9975.24,0
W002537,43.59,1,19.7,1,1702.42,0
W002538,12.34,0,11.8,5,2017.7,0
W002539,10.45,0,53.2,1,4009.85,0
W002540,0.0,0,96.5,2,1764.37,0
W002541,29.59,0,55.1,4,1645.94,0
W002542,35.14,1,53.5,1,1388.55,1
W002543,42.1,1,91.5,3,10283.37,0
W002544,46.86,1,75.4,1,4743.49,0
W002545,28.23,0,37.6,4,10637.67,0
W002546,6.06,0,269.6,2,6418.46,0
W002547,0.0,0,95.3,1,26092.81,0
W002548,37.96,1,43.3,4,4060.66,0
W002549,25.4,0,109.2,3,829.68,0
W002550,8.06,0,49.2,4,598.01,1
W002551,42.9,1,58.7,4,53059.72,0
W002552,53.58,1,61.3,2,1954.67,0
W002553,32.5,1,72.6,3,5537.77,1
W002554,38.38,1,27.2,3,1080.6,0
W002555,4.47,0,63.4,3,466.8,1
W002556,32.4,1,49.9,4,20109.02,0
W002557,13.44,0,100.9,2,16309.35,0
W002558,29.49,0,30.5,2,1252.53,0
W002559,47.08,1,65.4,1,3274.53,0
W002560,26.99,0,2.9,4,1053.97,0
W002561,56.89,1,40.2,4,234.72,0
W002562,23.24,0,46.8,4,21388.43,0
W002563,0.0,0,41.5,1,30643.41,0
W002564,33.07,1,66.8,1,1792.34,0
W002565,3.11,0,101.9,2,1085.41,0
W002566,39.76,1,148.9,1,683.54,0
W002567,19.55,0,20.2,3,3220.99,0
W002568,30.24,1,59.4,3,3446.26,0
W002569,20.2,0,75.2,3,1667.57,0
W002570,47.38,1,37.8,1,3750.67,0
W002571,13.41,0,64.4,5,3136.06,0
W002572,30.93,1,27.5,4,1611.77,0
W002573,28.08,0,75.3,2,442.55,0
W002574,6.26,0,37.6,4,7515.53,0
W002575,29.96,0,52.5,4,6512.93,0
W002576,36.69,1,48.2,1,1646.36,0
W002577,33.0,1,96.0,3,27107.35,0
W002578,51.59,1,36.5,2,589.05,0
W002579,22.67,0,7.8,1,5067.41,1
W002580,48.34,1,150.0,1,2635.49,0
W002581,0.0,0,37.2,2,1197.16,0
W002582,36.86,1,61.3,1,7061.95,0
W002583,21.29,0,232.5,2,1660.99,0
W002584,0.0,0,27.2,3,642.38,0
W002585,23.73,0,14.3,2,7825.75,0
W002586,33.02,1,82.6,2,11970.23,0
W002587,32.1,1,32.9,6,6481.86,0
W002588,6.35,0,126.6,5,1630.75,0
W002589,23.33,0,201.2,2,13596.8,0
W002590,16.22,0,81.4,1,917.87,0
W002591,0.0,0,53.1,1,753.72,0
W002592,43.21,1,73.8,4,957.73,0
W002593,23.04,0,300.0,1,2279.5,0
W002594,43.95,1,25.0,3,17929.01,1
W002595,34.07,1,23.1,3,1387.2,0
W002596,33.42,1,90.9,1,9965.55,0
W002597,7.08,0,30.2,4,2697.65,0
W002598,55.92,1,127.1,3,1691.37,0
W002599,10.21,0,44.1,3,17819.6,0
W002600,18.12,0,9.6,2,1753.16,0
W002601,13.84,0,46.5,3,10206.96,0
W002602,38.58,1,19.2,5,2554.67,0
W002603,45.71,1,172.9,3,3943.91,0
W002604,62.28,1,41.6,1,3193.75,0
W002605,10.82,0,5.5,1,6766.9,0
W002606,14.66,0,11.0,3,10058.57,1
W002607,29.7,0,91.1,1,4666.29,0
W002608,0.79,0,74.2,3,5772.58,0
W002609,12.17,0,64.9,1,8815.26,0
W002610,44.39,1,41.3,2,7003.73,0
W002611,2.05,0,23.1,2,1387.49,0
W002612,21.53,0,116.3,2,1849.27,0
W002613,3.36,0,54.4,2,3916.24,0
W002614,35.59,1,56.7,2,24387.39,0
W002615,11.37,0,37.3,4,1227.04,0
W002616,59.26,1,31.5,2,3729.46,0
W002617,1.84,0,74.2,2,2652.39,0
W002618,15.73,0,41.2,2,4459.35,0
W002619,49.2,1,55.6,4,3644.96,1
W002620,42.23,1,24.4,2,4010.21,0
W002621,14.53,0,66.5,2,458.24,0
W002622,22.29,0,53.5,6,2219.13,1
W002623,34.42,1,55.1,3,4687.47,0
W002624,26.77,0,75.1,3,16972.06,0
W002625,39.91,1,16.0,3,6093.16,0
W002626,40.71,1,115.8,1,1527.84,0
W002627,19.73,0,51.3,2,1960.89,0
W002628,0.0,0,65.1,1,8833.97,0
W002629,17.96,0,132.8,5,2950.42,0
W002630,31.9,1,25.1,2,24589.73,0
W002631,25.27,0,13.3,1,710.91,0
W002632,16.91,0,51.0,2,7289.19,0
W002633,27.62,0,39.7,3,10113.31,0
W002634,22.12,0,92.7,2,3289.16,0
W002635,30.14,1,97.4,1,1711.81,0
W002636,44.8,1,44.4,1,13823.08,0
W002637,8.6,0,69.3,5,463.43,0
W002638,23.51,0,12.9,3,2829.78,0
W002639,35.92,1,33.4,2,8995.48,0
W002640,32.78,1,47.7,1,1096.41,0
W002641,21.84,0,92.2,1,5023.44,0
W002642,56.55,1,13.0,2,289.16,0
W002643,16.88,0,40.0,3,2058.63,0
W002644,21.39,0,46.0,4,1042.12,0
W002645,26.47,0,163.4,1,1620.8,0
W002646,61.3,1,132.4,1,2559.83,0
W002647,59.2,1,20.5,1,6463.14,0
W002648,13.69,0,37.4,5,482.88,0
W002649,20.49,0,153.4,5,1663.94,1
W002650,0.0,0,85.2,1,6940.99,0
W002651,0.0,0,48.2,3,1960.32,0
W002652,17.34,0,25.2,2,2718.74,0
W002653,34.43,1,36.6,2,5448.14,0
W002654,41.21,1,110.2,2,1389.44,0
W002655,23.28,0,21.6,4,3653.4,0
W002656,47.99,1,199.8,2,4994.98,0
W002657,32.89,1,49.5,4,10553.51,0
W002658,32.75,1,137.5,4,9226.93,0
W002659,18.85,0,61.6,2,2770.67,0
W002660,20.46,0,29.4,4,19921.79,0
W002661,27.6,0,101.1,2,13881.07,0
W002662,34.11,1,93.8,2,744.09,0
W002663,12.69,0,54.6,3,3008.58,0
W002664,10.87,0,32.6,3,2015.68,0
W002665,64.47,1,72.7,5,474.93,0
W002666,36.08,1,62.4,1,15261.85,0
W002667,45.31,1,133.0,4,6618.24,0
W002668,36.82,1,24.9,5,8360.89,0
W002669,63.32,1,100.0,1,18413.36,0
W002670,9.78,0,27.3,1,8297.57,0
W002671,29.28,0,38.6,1,2076.26,1
W002672,14.55,0,26.1,4,56032.96,1
W002673,33.11,1,48.7,3,2996.5,0
W002674,31.12,1,6.4,5,440.26,0
W002675,46.44,1,71.1,2,2746.81,0
W002676,28.62,0,64.3,1,16390.64,0
W002677,15.4,0,53.6,1,4822.85,0
W002678,30.08,1,18.1,2,9251.32,0
W002679,42.2,1,44.5,1,965.82,0
W002680,34.84,1,23.9,1,8703.66,0
W002681,49.72,1,73.9,1,1778.89,0
W002682,7.28,0,13.9,4,3042.83,0
W002683,22.1,0,149.6,1,12711.89,0
W002684,36.29,1,24.9,1,14900.41,0
W002685,0.0,0,114.6,3,1261.62,0
W002686,50.32,1,65.2,2,922.81,0
W002687,7.32,0,38.9,3,3914.73,0
W002688,17.57,0,70.0,3,1145.86,0
W002689,24.47,0,72.0,4,4322.43,0
W002690,38.63,1,50.5,4,4470.23,0
W002691,12.88,0,60.4,2,453.81,0
W002692,0.0,0,155.5,4,104043.02,0
W002693,42.95,1,48.2,4,8008.79,0
W002694,58.45,1,106.0,4,3122.62,0
W002695,36.21,1,72.7,4,3808.57,0
W002696,12.07,0,102.2,3,35179.31,0
W002697,6.84,0,72.0,1,3314.0,1
W002698,58.98,1,68.8,2,500.42,0
W002699,35.28,1,89.8,5,21300.62,0
W002700,35.03,1,76.6,3,4529.79,0
W002701,21.63,0,158.4,6,8625.31,0
W002702,13.31,0,120.3,4,746.29,0
W002703,74.42,1,20.6,5,2059.77,0
W002704,48.99,1,53.2,4,2439.88,0
W002705,41.35,1,88.9,1,1171.47,0
W002706,45.96,1,65.9,3,790.6,0
W002707,28.28,0,14.9,3,3138.56,0
W002708,10.49,0,84.6,2,2576.14,0
W002709,8.33,0,23.6,1,195.88,0
W002710,36.49,1,137.3,2,5907.13,0
W002711,8.5,0,68.7,1,5424.18,0
W002712,25.5,0,63.9,2,3017.07,0
W002713,30.01,1,12.3,1,909.21,0
W002714,36.72,1,183.0,1,1715.47,0
W002715,51.23,1,113.5,3,15686.8,0
W002716,18.2,0,48.5,1,3384.22,0
W002717,51.87,1,83.8,2,16042.65,0
W002718,35.23,1,105.0,3,1467.74,0
W002719,34.68,1,25.3,1,4987.93,1
W002720,31.14,1,65.7,3,8413.93,0
W002721,24.1,0,16.6,3,6232.99,1
W002722,24.82,0,10.0,2,3595.94,0
W002723,63.41,1,46.6,3,10146.33,0
W002724,29.32,0,46.5,1,5503.31,0
W002725,51.01,1,8.9,1,2697.22,0
W002726,23.61,0,47.5,5,8345.22,0
W002727,25.26,0,44.5,1,633.77,0
W002728,18.11,0,70.5,3,2447.2,0
W002729,43.83,1,50.6,2,16414.94,0
W002730,19.7,0,70.1,2,2924.45,0
W002731,56.15,1,23.1,1,12720.41,0
W002732,11.65,0,32.4,3,3906.9,0
W002733,19.91,0,44.9,5,150.27,0
W002734,0.0,0,46.0,2,515.77,0
W002735,47.23,1,34.6,2,6278.81,0
W002736,55.66,1,124.5,2,1310.59,0
W002737,51.47,1,17.8,4,650.44,0
W002738,35.13,1,33.9,4,3158.59,0
W002739,51.61,1,47.9,3,2642.52,0
W002740,19.93,0,15.2,4,1110.67,0
W002741,23.55,0,63.8,3,268.44,0
W002742,60.15,1,37.2,1,1183.25,0
W002743,46.61,1,42.4,1,2182.21,0
W002744,40.11,1,92.7,4,2370.1,0
W002745,10.38,0,61.6,1,43710.33,0
W002746,52.29,1,201.9,1,500.81,0
W002747,27.41,0,96.5,5,15617.41,0
W002748,9.01,0,13.8,1,14086.68,0
W002749,18.26,0,49.5,1,1549.32,1
W002750,56.11,1,14.8,3,1003.29,0
W002751,8.7,0,45.4,5,1289.78,0
W002752,22.78,0,9.4,3,51907.06,0
W002753,31.44,1,19.7,5,2914.85,0
W002754,19.33,0,149.1,2,4017.85,0
W002755,23.46,0,60.2,2,4700.95,0
W002756,24.73,0,70.6,1,52754.26,0
W002757,34.41,1,7.7,1,6643.93,0
W002758,3.83,0,41.7,4,11260.79,0
W002759,36.03,1,34.6,3,2833.74,0
W002760,22.13,0,19.2,3,1363.92,0
W002761,28.2,0,15.7,2,1584.65,1
W002762,3.44,0,89.6,1,13095.52,0
W002763,0.0,0,35.6,4,1289.61,1
W002764,38.53,1,29.8,5,16317.84,0
W002765,47.11,1,156.8,1,2634.72,0
W002766,28.95,0,63.3,6,2048.2,1
W002767,36.2,1,33.8,3,3080.33,0
W002768,0.0,0,69.3,3,1041.3,1
W002769,57.71,1,85.3,4,10112.17,1
W002770,36.72,1,88.6,5,4742.42,0
W002771,40.06,1,58.7,4,2081.71,1
W002772,31.2,1,118.8,2,2908.43,0
W002773,28.04,0,57.4,1,17529.46,1
W002774,28.42,0,179.4,3,8439.32,0
W002775,11.03,0,109.6,3,3876.84,0
W002776,26.67,0,65.6,1,9619.17,0
W002777,40.59,1,36.1,2,3761.54,0
W002778,13.2,0,61.1,5,1985.33,0
W002779,16.29,0,20.4,1,6039.89,0
W002780,36.92,1,73.1,4,2320.73,0
W002781,44.74,1,139.1,1,6006.52,0
W002782,42.8,1,38.1,2,1543.69,1
W002783,52.82,1,105.1,1,3409.69,0
W002784,0.0,0,78.2,3,2422.75,1
W002785,44.9,1,132.4,1,6581.88,0
W002786,32.67,1,51.4,3,3682.46,0
W002787,39.65,1,38.3,3,4204.82,0
W002788,2.52,0,47.6,2,3658.89,0
W002789,34.41,1,167.5,2,36519.65,0
W002790,16.3,0,18.9,2,924.11,0
W002791,44.97,1,58.8,5,4432.94,0
W002792,49.84,1,68.1,5,9263.26,0
W002793,27.17,0,29.1,2,239.81,0
W002794,16.03,0,43.9,1,1823.6,0
W002795,35.56,1,99.6,1,1486.64,0
W002796,19.99,0,27.0,4,4077.61,0
W002797,42.43,1,60.4,3,9663.58,0
W002798,30.64,1,12.6,3,2643.68,0
W002799,42.21,1,76.4,1,15685.92,0
W002800,42.85,1,46.4,1,7077.3,0
W002801,21.35,0,94.8,2,27435.27,0
W002802,56.34,1,34.6,3,8273.87,0
W002803,29.5,0,80.0,4,17352.52,0
W002804,38.95,1,138.4,4,4978.07,0
W002805,28.78,0,51.9,1,10693.01,0
W002806,28.1,0,8.4,2,716.63,0
W002807,39.29,1,97.7,4,1871.96,0
W002808,4.3,0,190.2,2,1375.56,0
W002809,0.0,0,181.1,2,3986.54,0
W002810,39.9,1,32.2,2,12144.14,0
W002811,31.11,1,24.5,3,1644.2,0
W002812,79.94,1,97.0,1,2338.86,0
W002813,15.71,0,9.8,2,2766.47,0
W002814,3.96,0,50.6,3,1530.25,0
W002815,31.55,1,74.6,3,2797.45,0
W002816,18.26,0,2.8,4,1819.79,0
W002817,41.51,1,35.4,1,10385.63,0
W002818,23.97,0,33.6,3,12054.02,0
W002819,32.32,1,27.3,3,7944.64,1
W002820,0.0,0,64.3,2,2530.38,0
W002821,23.29,0,26.6,4,883.57,0
W002822,25.25,0,93.1,5,4883.19,0
W002823,20.64,0,79.5,3,2878.64,0
W002824,45.57,1,71.8,1,1874.18,0
W002825,21.3,0,40.5,3,2658.12,0
W002826,26.83,0,46.5,2,572.67,0
W002827,26.27,0,2.9,4,4785.13,0
W002828,47.1,1,83.8,2,5957.69,0
W002829,38.58,1,110.1,4,10894.32,0
W002830,56.85,1,55.1,1,3431.42,0
W002831,32.35,1,50.4,3,3461.31,0
W002832,39.92,1,108.9,4,2259.61,0
W002833,0.0,0,41.1,3,4430.23,0
W002834,14.69,0,140.1,4,5944.07,0
W002835,25.53,0,151.7,4,43549.17,0
W002836,0.0,0,106.7,1,5333.8,0
W002837,22.18,0,143.2,1,2854.45,0
W002838,53.23,1,86.8,1,3072.88,0
W002839,46.68,1,26.4,3,14861.95,0
W002840,61.23,1,62.5,2,8564.88,0
W002841,36.15,1,106.9,4,1318.89,0
W002842,8.94,0,73.7,1,11122.58,0
W002843,42.49,1,92.9,1,8492.19,0
W002844,36.83,1,79.9,2,4082.22,0
W002845,0.0,0,79.0,2,1719.22,0
W002846,15.88,0,174.4,4,13349.85,0
W002847,29.19,0,76.8,1,3291.88,0
W002848,43.16,1,74.1,3,1408.94,0
W002849,52.74,1,125.9,5,779.11,1
W002850,15.2,0,96.7,3,560.33,1
W002851,66.73,1,26.5,5,2468.46,0
W002852,29.09,0,46.4,3,21350.07,0
W002853,19.74,0,39.6,3,3462.99,0
W002854,36.98,1,70.8,4,8370.81,0
W002855,15.01,0,41.0,4,2737.29,1
W002856,43.45,1,14.1,2,690.95,0
W002857,35.57,1,34.3,2,515.29,0
W002858,57.41,1,11.1,4,1112.67,0
W002859,27.11,0,12.3,3,920.0,0
W002860,5.67,0,74.3,5,442.61,0
W002861,1.61,0,48.5,2,1985.35,0
W002862,18.51,0,46.5,2,1215.21,0
W002863,47.38,1,74.6,4,2309.03,0
W002864,12.08,0,33.9,1,1754.69,0
W002865,35.3,1,37.7,1,5741.54,0
W002866,22.45,0,6.3,4,17127.48,0
W002867,40.98,1,11.3,3,26138.29,1
W002868,20.35,0,31.8,1,8047.35,0
W002869,30.71,1,59.7,2,3386.88,0
W002870,39.04,1,36.8,1,3084.17,0
W002871,43.99,1,36.4,2,930.08,1
W002872,50.67,1,63.1,1,1739.25,0
W002873,44.24,1,75.8,1,5126.79,0
W002874,33.93,1,100.8,1,12338.51,0
W002875,0.0,0,67.6,1,1964.59,0
W002876,35.18,1,75.7,3,31825.87,0
W002877,36.7,1,20.2,1,1766.32,0
W002878,32.65,1,63.4,1,764.44,0
W002879,20.43,0,59.5,6,2996.36,0
W002880,30.78,1,29.7,3,647.19,0
W002881,56.84,1,113.9,1,5420.69,0
W002882,40.65,1,19.3,5,25578.6,0
W002883,27.6,0,49.5,4,3226.4,1
W002884,24.82,0,24.5,3,5823.47,1
W002885,22.02,0,172.2,2,4365.9,0
W002886,15.76,0,23.7,4,5647.68,0
W002887,22.12,0,73.0,3,3540.03,0
W002888,23.09,0,229.2,5,78076.62,0
W002889,56.67,1,25.9,3,165194.84,0
W002890,11.57,0,119.1,3,11680.04,0
W002891,50.43,1,69.8,2,18053.13,1
W002892,20.4,0,76.6,1,7290.53,0
W002893,44.37,1,62.9,3,1909.54,0
W002894,3.26,0,101.9,1,45754.81,0
W002895,31.0,1,94.8,2,6343.84,0
W002896,3.63,0,58.4,3,72094.11,0
W002897,57.05,1,101.7,1,4579.73,0
W002898,12.48,0,84.9,5,1558.06,0
W002899,50.3,1,146.2,2,4923.68,0
W002900,52.44,1,68.8,5,5782.16,0
W002901,31.23,1,255.0,3,2422.77,0
W002902,15.37,0,272.3,4,5853.8,0
W002903,50.87,1,13.0,4,10774.83,1
W002904,0.0,0,66.0,6,2151.27,0
W002905,28.07,0,99.1,4,9091.72,0
W002906,35.32,1,140.2,4,12701.54,0
W002907,11.57,0,28.6,3,965.48,1
W002908,63.47,1,43.4,5,4763.72,0
W002909,24.71,0,89.6,3,44829.27,0
W002910,38.57,1,82.0,1,343.45,0
W002911,52.39,1,13.6,4,2613.46,0
W002912,16.42,0,41.9,4,615.35,1
W002913,37.74,1,37.4,2,1239.39,0
W002914,54.17,1,33.5,1,2176.18,0
W002915,11.38,0,44.9,1,8095.86,0
W002916,44.24,1,60.9,2,2540.28,0
W002917,40.93,1,63.3,2,5651.1,0
W002918,41.69,1,53.9,1,7402.74,0
W002919,24.38,0,102.6,3,1430.03,0
W002920,1.81,0,41.3,5,25009.32,0
W002921,18.96,0,47.5,2,2127.19,0
W002922,13.45,0,49.5,1,475.58,0
W002923,14.9,0,82.2,2,2668.51,0
W002924,38.41,1,20.6,1,4159.79,0
W002925,40.76,1,15.4,1,4420.03,0
W002926,36.59,1,46.4,2,2440.16,0
W002927,21.18,0,12.2,2,4139.85,0
W002928,41.8,1,36.9,4,547.23,0
W002929,44.82,1,38.5,2,2067.17,1
W002930,24.18,0,52.2,2,890.16,0
W002931,60.19,1,36.7,1,28783.54,0
W002932,50.32,1,30.3,4,3118.59,0
W002933,27.73,0,8.7,2,3952.5,0
W002934,50.41,1,60.8,4,3140.41,0
W002935,24.94,0,47.3,2,10323.39,0
W002936,66.79,1,83.5,1,2005.52,0
W002937,21.57,0,47.5,1,1271.4,0
W002938,0.0,0,112.2,2,7700.43,0
W002939,45.43,1,140.7,4,5065.88,0
W002940,22.52,0,36.5,4,3011.98,1
W002941,12.08,0,144.8,1,5738.03,0
W002942,43.38,1,42.2,1,1057.3,0
W002943,9.05,0,50.7,2,2509.32,1
W002944,21.06,0,42.4,2,2400.6,0
W002945,25.57,0,4.8,2,8044.35,0
W002946,48.63,1,53.5,4,5879.64,0
W002947,37.02,1,65.3,1,2074.36,0
W002948,19.85,0,48.1,1,23921.79,1
W002949,40.91,1,43.4,2,5772.67,0
W002950,25.8,0,43.8,6,4529.58,0
W002951,57.37,1,23.9,3,6137.87,0
W002952,26.6,0,42.3,3,1261.17,0
W002953,25.88,0,48.7,2,3949.02,0
W002954,36.85,1,87.2,3,2145.1,0
W002955,67.12,1,33.7,4,2945.82,0
W002956,9.34,0,80.3,3,6321.95,0
W002957,19.08,0,33.8,3,5671.93,0
W002958,20.47,0,31.3,3,532.96,0
W002959,29.22,0,53.1,3,1831.87,0
W002960,0.0,0,188.1,2,1602.16,0
W002961,20.58,0,45.9,3,4243.58,0
W002962,20.56,0,51.1,1,1615.9,1
W002963,9.47,0,69.9,1,13469.09,0
W002964,29.87,0,13.3,3,21315.56,1
W002965,33.79,1,56.5,2,511.72,0
W002966,17.55,0,9.2,3,1202.48,0
W002967,12.04,0,17.0,5,39233.85,0
W002968,44.62,1,85.9,5,22965.12,0
W002969,8.86,0,9.2,1,2038.15,0
W002970,31.05,1,65.6,5,3613.28,0
W002971,34.11,1,45.2,1,9137.98,1
W002972,32.55,1,114.3,3,1032.02,0
W002973,38.85,1,30.4,3,710.26,0
W002974,6.19,0,13.6,2,18209.8,0
W002975,15.46,0,39.3,1,5951.42,0
W002976,35.56,1,73.2,2,928.73,0
W002977,30.94,1,79.6,1,1494.82,0
W002978,54.91,1,91.1,1,12420.03,0
W002979,37.59,1,86.1,1,5527.27,0
W002980,11.48,0,76.9,1,22854.58,0
W002981,24.21,0,107.8,5,1847.94,0
W002982,60.56,1,21.9,1,10084.34,0
W002983,0.23,0,14.7,1,14699.26,0
W002984,9.41,0,53.5,4,4156.89,1
W002985,48.32,1,74.0,1,1412.28,0
W002986,29.02,0,32.7,3,503.7,0
W002987,20.67,0,81.0,1,1592.1,0
W002988,56.36,1,69.1,1,10414.79,0
W002989,62.3,1,52.1,5,1462.94,0
W002990,18.19,0,22.6,5,2792.69,0
W002991,0.0,0,34.3,6,3006.19,0
W002992,16.13,0,30.1,2,27075.98,0
W002993,15.2,0,32.1,2,3616.62,0
W002994,14.41,0,48.9,4,6199.59,0
W002995,24.63,0,28.8,2,4863.8,0
W002996,4.06,0,36.6,2,1671.25,0
W002997,42.68,1,83.0,4,3214.24,0
W002998,10.51,0,48.6,4,3037.8,1
W002999,2.17,0,44.4,1,4530.64,0
W003000,29.68,0,97.0,2,27657.65,0
W003001,27.83,0,58.3,2,1474.4,0
W003002,59.28,1,90.4,3,9288.21,1
W003003,31.35,1,192.1,2,630.71,0
W003004,17.83,0,42.0,3,4893.98,0
W003005,30.03,1,32.5,1,1361.59,0
W003006,35.52,1,57.9,2,5291.92,0
W003007,22.2,0,55.5,6,1420.43,1
W003008,17.82,0,105.0,2,997.2,0
W003009,40.91,1,44.8,2,30391.17,0
W003010,0.0,0,44.0,4,973.27,0
W003011,43.89,1,91.1,4,1629.68,0
W003012,16.79,0,66.3,1,2545.94,0
W003013,25.64,0,77.7,4,1720.15,0
W003014,44.33,1,63.1,2,705.38,0
W003015,42.72,1,57.5,4,4430.47,1
W003016,15.97,0,44.1,2,3267.62,0
W003017,25.24,0,51.4,1,6919.05,0
W003018,74.18,1,64.8,1,3860.39,0
W003019,29.2,0,29.5,1,6649.95,0
W003020,49.02,1,60.3,5,2882.41,0
W003021,28.78,0,139.5,1,20126.73,0
W003022,33.02,1,44.2,1,3012.18,0
W003023,5.09,0,68.4,2,12910.21,0
W003024,0.0,0,60.9,2,1475.33,0
W003025,29.46,0,25.8,5,1725.12,0
W003026,0.0,0,20.7,3,2661.4,0
W003027,7.95,0,59.5,1,1564.8,0
W003028,38.6,1,58.7,4,3164.54,1
W003029,16.1,0,82.3,2,1716.03,0
W003030,20.71,0,31.5,2,4357.64,0
W003031,22.47,0,24.1,1,5479.87,0
W003032,3.82,0,49.3,3,1927.65,0
W003033,24.96,0,15.9,5,400.4,0
W003034,23.26,0,57.9,1,12440.8,1
W003035,14.72,0,100.9,1,613.36,0
W003036,9.72,0,190.0,3,7033.81,0
W003037,24.13,0,40.3,4,3566.73,0
W003038,44.63,1,109.4,1,18012.62,0
W003039,40.57,1,12.7,2,2742.43,0
W003040,22.81,0,286.9,1,19631.54,0
W003041,3.23,0,18.8,4,2740.65,0
W003042,30.27,1,60.4,5,4965.2,0
W003043,17.08,0,73.3,1,2127.43,0
W003044,29.76,0,10.9,2,6199.71,0
W003045,30.39,1,144.3,1,2306.57,0
W003046,38.12,1,59.2,1,2381.58,0
W003047,45.79,1,166.5,2,7996.25,0
W003048,35.42,1,13.6,6,2605.08,0
W003049,18.64,0,64.2,2,26978.26,0
W003050,49.93,1,49.0,1,2745.95,1
W003051,16.84,0,50.1,1,7382.35,0
W003052,39.75,1,37.1,3,1313.7,0
W003053,47.82,1,150.8,4,1403.29,0
W003054,7.28,0,25.4,3,450.62,0
W003055,68.82,1,6.7,3,1409.8,1
W003056,38.97,1,38.9,2,3373.18,0
W003057,48.05,1,116.2,2,4432.07,1
W003058,41.42,1,97.1,3,15935.57,0
W003059,0.61,0,126.0,2,1309.48,0
W003060,50.31,1,83.4,1,3438.9,0
W003061,16.02,0,31.6,1,4335.62,0
W003062,37.59,1,20.0,1,2256.59,0
W003063,32.94,1,60.5,2,7105.59,0
W003064,3.79,0,222.2,4,2879.53,0
W003065,35.0,1,96.9,2,50201.91,0
W003066,31.79,1,103.0,1,4499.7,0
W003067,53.33,1,74.2,1,2313.01,0
W003068,3.95,0,55.4,2,9245.32,0
W003069,13.99,0,15.5,1,687.94,0
W003070,35.8,1,15.5,1,15038.43,0
W003071,37.58,1,19.1,2,9620.22,0
W003072,44.45,1,42.7,5,7770.5,0
W003073,17.6,0,42.5,1,18994.14,0
W003074,37.29,1,97.4,3,475.4,0
W003075,38.62,1,27.7,1,9352.51,0
W003076,22.68,0,17.1,5,2300.07,0
W003077,25.82,0,43.8,3,7264.34,0
W003078,36.92,1,59.5,3,1009.02,0
W003079,17.34,0,133.7,1,5812.17,1
W003080,42.05,1,114.1,4,1195.65,0
W003081,4.06,0,31.3,1,41114.03,0
W003082,51.44,1,48.5,5,4102.29,0
W003083,27.47,0,25.8,4,763.26,0
W003084,38.01,1,17.5,3,6251.76,0
W003085,0.0,0,53.6,2,4414.29,0
W003086,25.3,0,80.8,4,1555.43,1
W003087,55.46,1,73.5,3,323.57,0
W003088,39.35,1,177.2,2,199.67,0
W003089,9.03,0,180.8,2,17460.66,0
W003090,37.58,1,45.8,3,23553.15,0
W003091,30.77,1,15.2,1,10389.1,0
W003092,39.04,1,43.0,2,2434.41,0
W003093,36.23,1,103.5,2,12167.89,0
W003094,37.01,1,104.1,1,1535.13,0
W003095,42.88,1,110.8,1,9074.59,0
W003096,22.0,0,71.1,3,2848.92,0
W003097,4.88,0,9.9,3,1742.92,1
W003098,38.62,1,37.2,3,5328.36,0
W003099,47.18,1,51.3,5,15478.42,0
W003100,0.0,0,90.8,2,10933.47,0
W003101,13.88,0,84.1,4,5138.84,0
W003102,23.2,0,70.2,4,1697.78,0
W003103,27.0,0,59.9,2,7601.05,0
W003104,16.38,0,19.1,3,1040.38,0
W003105,25.18,0,126.4,1,2699.41,0
W003106,26.57,0,34.0,6,1843.2,1
W003107,9.08,0,61.8,1,2754.67,0
W003108,25.05,0,119.5,5,4955.28,0
W003109,53.26,1,33.2,1,2633.35,0
W003110,42.17,1,101.5,2,1679.04,0
W003111,8.3,0,67.6,1,3862.58,0
W003112,22.73,0,86.5,3,2683.95,0
W003113,8.26,0,4.9,3,19911.95,0
W003114,44.59,1,148.1,6,2951.91,0
W003115,13.04,0,71.7,1,2145.39,0
W003116,29.3,0,110.2,2,2136.89,0
W003117,34.61,1,36.5,2,7728.6,0
W003118,71.14,1,55.3,4,6560.46,0
W003119,15.9,0,26.0,5,2140.55,0
W003120,33.72,1,54.5,5,23690.69,0
W003121,37.0,1,39.7,1,43665.51,0
W003122,22.93,0,44.0,1,4888.94,0
W003123,45.33,1,18.1,2,21164.19,1
W003124,29.19,0,134.0,2,10215.81,0
W003125,41.25,1,48.6,1,5303.13,0
W003126,26.0,0,236.0,4,819.13,0
W003127,43.34,1,73.2,1,25855.59,0
W003128,18.35,0,53.9,3,1399.5,0
W003129,37.38,1,28.4,4,41218.84,0
W003130,1.45,0,131.5,2,5415.0,0
W003131,0.18,0,138.0,1,12583.14,0
W003132,23.48,0,81.8,3,6951.71,0
W003133,21.18,0,10.8,1,3453.01,0
W003134,4.46,0,23.7,3,6482.43,0
W003135,42.1,1,21.7,3,1843.57,0
W003136,25.19,0,25.3,1,2156.41,0
W003137,32.48,1,140.2,4,4522.68,0
W003138,31.76,1,97.0,4,12548.04,0
W003139,32.22,1,27.0,3,4303.2,0
W003140,20.32,0,105.6,3,4825.17,0
W003141,26.96,0,18.5,2,2946.5,0
W003142,36.35,1,34.1,3,1090.9,0
W003143,63.07,1,51.8,1,1112.27,0
W003144,10.21,0,64.2,1,927.25,0
W003145,55.89,1,41.8,6,13015.21,0
W003146,0.0,0,17.8,1,4546.3,0
W003147,28.82,0,132.1,2,9199.41,0
W003148,32.97,1,24.9,5,3195.94,0
W003149,21.0,0,32.7,4,710.97,0
W003150,66.97,1,35.8,3,6441.88,0
W003151,32.75,1,59.3,2,823.56,0
W003152,34.44,1,155.1,3,4259.47,0
W003153,44.01,1,94.8,2,955.79,0
W003154,37.65,1,22.3,4,20489.0,0
W003155,16.11,0,30.4,2,9341.61,0
W003156,59.74,1,19.6,1,1362.25,0
W003157,53.73,1,66.1,2,2273.91,0
W003158,53.76,1,38.7,2,1430.17,0
W003159,12.66,0,80.3,1,4692.16,0
W003160,26.12,0,38.0,5,3406.37,1
W003161,26.8,0,10.7,2,3706.63,1
W003162,26.17,0,86.1,1,8220.87,0
W003163,36.28,1,41.0,2,1273.19,0
W003164,41.25,1,15.0,2,3513.24,0
W003165,54.3,1,58.0,2,26269.61,0
W003166,0.0,0,15.7,2,1323.29,0
W003167,36.08,1,25.2,2,14861.74,0
W003168,16.55,0,87.7,2,740.17,0
W003169,29.2,0,111.5,3,1563.46,0
W003170,20.93,0,59.5,1,852.88,0
W003171,31.43,1,37.5,3,5217.73,0
W003172,25.02,0,12.8,1,6593.28,1
W003173,35.84,1,36.0,1,2157.98,0
W003174,0.0,0,38.2,1,8164.14,0
W003175,7.74,0,11.9,4,12542.36,0
W003176,21.31,0,120.3,3,235.49,1
W003177,25.94,0,138.1,5,6188.39,0
W003178,21.72,0,25.0,1,1253.39,0
W003179,32.12,1,35.4,1,5291.89,0
W003180,24.43,0,60.9,1,4770.22,0
W003181,50.92,1,148.5,3,2725.19,0
W003182,0.0,0,33.4,2,29734.69,0
W003183,14.14,0,100.6,2,2796.27,0
W003184,33.86,1,47.1,5,1567.37,0
W003185,19.32,0,5.7,1,6792.55,0
W003186,77.5,1,51.6,5,1181.12,0
W003187,23.59,0,57.4,4,1575.73,0
W003188,19.59,0,48.6,2,1329.05,0
W003189,30.73,1,87.3,2,5435.12,0
W003190,13.76,0,47.9,1,3789.24,0
W003191,27.53,0,19.2,1,3272.24,1
W003192,15.63,0,98.5,1,3469.14,0
W003193,19.49,0,23.5,5,7130.53,0
W003194,9.74,0,52.7,4,9282.38,0
W003195,35.57,1,83.2,1,32898.61,0
W003196,49.13,1,66.2,5,11891.82,0
W003197,58.16,1,145.7,1,2441.59,0
W003198,50.02,1,83.2,1,4433.62,0
W003199,47.98,1,70.0,1,1641.84,0
W003200,21.54,0,38.5,3,8589.07,0
W003201,27.85,0,110.5,1,7931.49,1
W003202,28.38,0,83.2,2,195.3,0
W003203,17.36,0,18.5,4,4857.97,0
W003204,45.48,1,32.4,3,3501.04,0
W003205,21.04,0,41.0,1,1895.7,1
W003206,27.77,0,42.8,3,6290.43,0
W003207,22.78,0,56.5,2,2662.64,0
W003208,0.0,0,14.3,1,2462.4,0
W003209,17.99,0,139.5,4,2306.84,0
W003210,18.66,0,61.5,2,498.18,0
W003211,5.05,0,62.9,2,1761.39,0
W003212,16.85,0,64.3,3,24013.79,0
W003213,39.33,1,24.7,2,8615.96,0
W003214,18.77,0,43.6,3,1952.94,1
W003215,29.7,0,33.3,3,848.88,0
W003216,7.81,0,74.9,4,1519.46,0
W003217,71.71,1,69.5,1,2992.34,0
W003218,32.31,1,64.1,2,4906.28,0
W003219,16.33,0,79.6,3,12450.95,0
W003220,26.39,0,58.4,1,11744.94,0
W003221,47.62,1,19.9,3,1593.83,0
W003222,23.42,0,76.6,3,806.25,0
W003223,23.62,0,70.9,3,1859.2,0
W003224,30.47,1,40.4,1,16238.25,0
W003225,25.79,0,24.2,5,2196.34,0
W003226,32.19,1,15.1,1,912.58,0
W003227,18.77,0,55.8,2,5994.58,0
W003228,48.0,1,13.1,3,4009.66,0
W003229,21.32,0,68.8,2,1209.75,0
W003230,20.06,0,83.3,6,910.22,0
W003231,40.8,1,46.5,3,682.9,0
W003232,44.85,1,94.2,4,6503.65,0
W003233,18.54,0,28.9,1,9957.17,0
W003234,61.96,1,67.0,3,3794.36,0
W003235,41.83,1,15.6,1,2550.74,0
W003236,39.53,1,37.1,3,1869.34,0
W003237,0.0,0,73.4,5,2146.45,0
W003238,56.31,1,91.5,2,9824.0,0
W003239,19.43,0,19.3,5,1344.97,0
W003240,43.22,1,16.1,3,309.65,0
W003241,49.5,1,24.3,2,9794.25,1
W003242,68.7,1,39.6,2,11373.84,1
W003243,0.0,0,10.3,5,3034.18,0
W003244,12.4,0,33.9,4,10826.3,0
W003245,8.04,0,55.1,2,657.27,0
W003246,22.31,0,133.1,4,4493.22,0
W003247,42.72,1,86.0,1,4971.54,0
W003248,41.89,1,91.7,2,7286.99,0
W003249,19.09,0,20.1,3,13787.85,0
W003250,41.51,1,59.0,1,20391.82,1
W003251,65.79,1,41.3,1,1635.86,0
W003252,42.98,1,75.5,1,2976.49,0
W003253,24.54,0,20.0,4,948.37,0
W003254,26.12,0,70.4,1,388.32,0
W003255,18.08,0,65.7,2,4784.05,0
W003256,27.28,0,58.9,3,865.74,0
W003257,13.2,0,51.6,1,5689.17,0
W003258,0.0,0,177.0,1,3623.42,0
W003259,46.09,1,141.5,2,5479.92,0
W003260,29.94,0,61.1,1,4744.22,0
W003261,28.64,0,7.1,6,1689.18,0
W003262,41.92,1,50.6,2,1668.7,0
W003263,45.08,1,90.8,1,1284.89,0
W003264,60.9,1,43.1,1,2902.38,0
W003265,61.62,1,34.3,2,1743.26,0
W003266,35.29,1,70.3,2,5518.52,0
W003267,22.89,0,36.2,3,4988.93,0
W003268,26.96,0,70.8,1,743.97,0
W003269,37.38,1,32.8,1,5207.36,0
W003270,13.13,0,50.2,3,3352.21,0
W003271,39.05,1,20.2,1,1406.5,0
W003272,7.38,0,68.2,5,4020.16,0
W003273,14.74,0,64.7,1,4985.46,0
W003274,26.1,0,53.6,4,10076.72,0
W003275,18.6,0,24.2,1,7321.32,0
W003276,48.68,1,116.7,1,4243.73,0
W003277,20.52,0,99.3,2,8576.93,0
W003278,33.96,1,17.1,2,736.78,0
W003279,35.25,1,46.4,2,5377.76,0
W003280,14.55,0,111.5,2,15637.43,0
W003281,7.31,0,44.2,3,1576.14,1
W003282,24.39,0,68.8,4,754.46,0
W003283,34.97,1,79.1,4,467.81,0
W003284,33.26,1,56.5,2,2491.89,0
W003285,32.71,1,18.1,3,1529.2,0
W003286,48.19,1,33.7,4,4188.62,1
W003287,32.28,1,19.6,1,9964.09,0
W003288,36.67,1,38.4,3,1818.16,0
W003289,11.13,0,62.9,2,2262.3,0
W003290,47.74,1,65.7,4,6771.07,0
W003291,28.83,0,19.2,1,2162.04,0
W003292,46.77,1,95.2,3,5968.73,0
W003293,22.31,0,87.4,3,5352.39,0
W003294,28.64,0,134.7,3,7495.23,0
W003295,0.0,0,90.7,4,1648.81,0
W003296,33.68,1,91.6,1,1794.6,0
W003297,48.47,1,15.5,1,639.23,0
W003298,25.6,0,53.9,1,1599.41,0
W003299,69.42,1,22.0,4,1124.85,0
W003300,18.92,0,125.9,3,3578.3,0
W003301,11.9,0,79.2,1,6407.0,0
W003302,33.86,1,116.7,1,23997.33,1
W003303,0.0,0,10.1,3,3352.88,0
W003304,17.18,0,65.1,3,2511.71,0
W003305,46.79,1,35.5,2,409.99,0
W003306,49.26,1,50.7,2,6512.38,0
W003307,21.49,0,46.5,2,3158.55,0
W003308,39.95,1,58.1,3,5258.15,0
W003309,23.36,0,21.0,3,60382.13,0
W003310,2.04,0,15.5,1,659.56,0
W003311,33.4,1,7.1,1,2428.93,0
W003312,0.0,0,28.5,3,24496.26,0
W003313,38.69,1,28.9,1,12818.08,0
W003314,73.17,1,74.3,1,670.4,0
W003315,58.57,1,116.3,1,1223.58,0
W003316,7.97,0,22.9,2,1521.17,0
W003317,21.77,0,64.4,2,1492.98,0
W003318,21.32,0,8.4,6,374.25,1
W003319,31.19,1,75.7,2,6321.19,0
W003320,37.24,1,64.2,4,1951.17,0
W003321,66.29,1,184.4,2,963.06,0
W003322,34.46,1,111.6,3,5828.63,0
W003323,31.52,1,67.5,3,2811.38,0
W003324,29.11,0,54.6,3,1901.63,0
W003325,31.76,1,66.9,3,2176.16,0
W003326,28.03,0,33.2,6,2698.16,0
W003327,43.75,1,78.1,4,4919.19,0
W003328,41.54,1,96.4,1,2752.03,0
W003329,42.47,1,71.5,2,9012.61,0
W003330,29.86,0,26.2,1,476.44,0
W003331,48.2,1,30.4,2,3360.12,0
W003332,32.18,1,63.7,4,527.43,0
W003333,29.65,0,147.2,2,1886.03,0
W003334,0.0,0,34.4,2,2023.96,0
W003335,52.87,1,31.7,1,614.82,1
W003336,44.29,1,43.2,1,2708.46,1
W003337,35.85,1,83.3,5,2357.86,0
W003338,25.67,0,69.9,3,6017.17,0
W003339,33.76,1,60.2,1,11505.42,0
W003340,65.88,1,37.8,2,286.19,0
W003341,45.94,1,45.9,1,1288.99,0
W003342,65.81,1,99.7,5,5386.89,0
W003343,9.8,0,38.9,3,338.69,0
W003344,7.92,0,42.5,4,4206.11,0
W003345,50.09,1,19.9,1,3218.5,0
W003346,29.44,0,11.8,4,549.38,0
W003347,8.89,0,99.1,3,7853.44,0
W003348,27.96,0,12.8,3,4953.38,1
W003349,0.0,0,35.1,2,44675.01,0
W003350,17.65,0,52.1,2,1468.57,0
W003351,33.27,1,30.2,2,2029.83,0
W003352,2.84,0,45.0,4,16183.11,0
W003353,67.84,1,61.7,3,1081.86,1
W003354,27.78,0,24.4,1,650.32,0
W003355,26.45,0,91.2,1,1440.21,0
W003356,25.79,0,75.8,2,4935.61,0
W003357,19.17,0,126.2,2,2467.08,0
W003358,33.68,1,97.6,3,12573.61,0
W003359,32.18,1,7.0,2,9656.18,0
W003360,8.25,0,96.5,2,2330.63,0
W003361,44.75,1,41.1,2,2937.33,0
W003362,74.8,1,101.2,5,1112.86,0
W003363,15.67,0,17.0,1,746.34,0
W003364,0.0,0,17.4,4,2604.97,0
W003365,20.22,0,89.3,2,3028.3,0
W003366,20.52,0,63.1,1,4941.55,0
W003367,54.29,1,23.0,1,2459.41,0
W003368,19.5,0,97.0,3,1555.05,0
W003369,52.67,1,60.7,1,1381.06,0
W003370,32.89,1,79.6,1,3733.71,0
W003371,40.06,1,121.4,5,9115.17,0
W003372,9.91,0,51.9,3,1710.1,1
W003373,4.38,0,7.8,5,1655.65,0
W003374,29.39,0,34.9,4,2391.11,0
W003375,32.99,1,90.6,6,2250.69,0
W003376,34.57,1,120.7,2,8260.78,1
W003377,46.74,1,42.0,1,1165.79,0
W003378,36.05,1,32.4,4,6449.62,0
W003379,23.59,0,97.6,3,4503.53,0
W003380,0.0,0,10.3,3,3935.76,0
W003381,21.87,0,61.7,3,1295.45,1
W003382,0.0,0,82.7,1,10027.44,0
W003383,6.5,0,70.5,5,13292.16,0
W003384,13.58,0,34.5,2,3047.77,0
W003385,31.88,1,50.1,3,1537.48,1
W003386,27.95,0,83.3,2,649.39,0
W003387,20.29,0,40.2,2,15295.65,0
W003388,33.71,1,144.4,5,468.7,0
W003389,41.83,1,55.7,2,5232.92,0
W003390,52.55,1,100.9,3,8091.81,0
W003391,47.1,1,68.6,1,5407.88,0
W003392,25.49,0,35.7,1,980.44,0
W003393,18.11,0,105.0,3,3277.39,0
W003394,23.22,0,29.5,1,19414.11,0
W003395,47.2,1,68.4,4,3141.5,0
W003396,31.08,1,63.9,3,337.62,0
W003397,36.47,1,38.6,1,1258.75,0
W003398,5.47,0,34.2,1,19288.67,0
W003399,42.38,1,33.4,1,4811.62,0
W003400,58.45,1,90.4,3,2512.14,0
W003401,23.48,0,105.4,1,3103.12,0
W003402,32.52,1,76.4,1,10890.42,0
W003403,41.5,1,120.5,1,2408.78,0
W003404,0.0,0,30.3,3,819.12,0
W003405,26.41,0,12.9,2,538.72,0
W003406,46.65,1,19.2,2,448.27,0
W003407,29.99,0,145.8,2,4272.6,0
W003408,50.42,1,22.8,1,12393.63,0
W003409,18.74,0,54.4,6,4684.32,0
W003410,36.97,1,34.6,3,12717.01,0
W003411,0.0,0,39.8,5,5448.8,0
W003412,26.81,0,29.5,1,971.85,0
W003413,0.61,0,75.4,3,12262.4,0
W003414,24.26,0,17.4,2,48950.41,0
W003415,27.11,0,21.5,4,2075.23,0
W003416,38.79,1,36.2,4,5924.31,0
W003417,43.56,1,24.8,3,20091.84,0
W003418,37.36,1,105.0,2,3007.42,0
W003419,51.08,1,49.6,2,645.54,0
W003420,26.51,0,165.2,2,3370.01,0
W003421,61.67,1,74.5,2,2205.22,0
W003422,22.07,0,53.3,1,5490.05,0
W003423,33.67,1,87.2,4,1468.85,0
W003424,28.03,0,30.8,2,1092.36,1
W003425,41.45,1,97.6,2,2703.99,0
W003426,0.0,0,59.0,1,6088.39,0
W003427,22.53,0,34.5,2,30365.75,0
W003428,3.78,0,95.6,6,3286.34,0
W003429,52.92,1,141.8,3,24129.28,0
W003430,44.08,1,71.4,3,8207.47,1
W003431,14.6,0,74.5,1,150.26,0
W003432,7.57,0,24.1,1,2555.5,0
W003433,25.43,0,87.2,1,2310.85,0
W003434,0.0,0,47.2,2,929.62,0
W003435,15.99,0,40.1,3,915.33,0
W003436,47.3,1,56.0,4,1555.24,1
W003437,77.27,1,83.1,1,11982.73,0
W003438,55.5,1,43.9,3,4244.46,0
W003439,39.17,1,86.1,2,56665.69,0
W003440,17.34,0,35.7,3,15316.51,0
W003441,32.84,1,83.2,1,3224.19,0
W003442,37.7,1,15.5,5,1765.0,0
W003443,29.24,0,18.6,1,9405.34,0
W003444,21.87,0,52.5,1,478.06,0
W003445,27.74,0,44.0,3,4502.23,0
W003446,59.38,1,24.7,2,17903.86,0
W003447,26.25,0,69.5,6,3572.89,1
W003448,41.96,1,64.0,1,2601.73,0
W003449,11.19,0,22.9,2,876.38,0
W003450,38.15,1,50.4,5,2869.28,0
W003451,40.23,1,106.0,3,11886.89,0
W003452,5.43,0,38.2,2,10949.18,1
W003453,17.86,0,27.8,3,84008.09,0
W003454,16.94,0,122.0,2,1597.01,0
W003455,26.67,0,40.2,1,4428.47,0
W003456,38.29,1,30.3,3,4359.13,1
W003457,3.52,0,140.8,1,5405.65,0
W003458,7.97,0,44.7,2,3423.14,0
W003459,48.76,1,32.8,3,1250.99,0
W003460,27.94,0,107.1,3,2738.82,0
W003461,26.75,0,92.5,3,2708.88,1
W003462,27.07,0,171.6,3,1421.76,0
W003463,28.34,0,35.5,3,743.57,0
W003464,26.14,0,45.2,3,10389.27,1
W003465,44.36,1,76.2,1,1128.06,0
W003466,42.9,1,58.7,4,684.79,0
W003467,21.07,0,54.4,6,5632.15,0
W003468,16.23,0,164.2,1,1079.43,0
W003469,61.0,1,34.2,1,4887.44,0
W003470,25.02,0,83.4,2,3658.38,0
W003471,28.56,0,25.0,2,16198.2,0
W003472,51.05,1,51.2,1,2871.44,0
W003473,14.43,0,44.9,2,38119.64,0
W003474,60.93,1,63.8,4,3354.84,0
W003475,11.84,0,59.2,2,2259.38,0
W003476,66.93,1,60.3,2,2299.7,0
W003477,19.42,0,36.1,2,2030.93,0
W003478,24.9,0,56.2,4,10939.3,1
W003479,1.51,0,65.4,1,1496.94,0
W003480,34.59,1,44.9,2,3018.76,0
W003481,22.27,0,38.9,1,8626.44,0
W003482,49.44,1,47.1,5,2004.99,0
W003483,47.89,1,5.1,2,21288.11,0
W003484,40.93,1,54.0,2,1867.44,0
W003485,29.92,0,93.9,5,1195.67,0
W003486,46.21,1,68.5,3,1764.14,0
W003487,45.32,1,53.2,2,54899.63,1
W003488,54.02,1,80.7,4,4131.29,0
W003489,20.01,0,6.5,2,52230.84,0
W003490,13.77,0,92.1,4,574.54,1
W003491,53.0,1,74.9,4,4871.4,0
W003492,2.98,0,17.7,1,6890.3,0
W003493,28.83,0,98.9,1,4415.99,0
W003494,18.44,0,25.2,1,1847.26,0
W003495,30.94,1,53.9,2,9157.29,0
W003496,0.0,0,100.7,2,4557.32,0
W003497,40.01,1,83.1,1,552.17,0
W003498,34.38,1,88.5,2,1118.41,0
W003499,18.17,0,54.3,1,15341.47,0
W003500,0.0,0,61.0,3,4427.54,0
W003501,17.84,0,31.2,4,2180.82,0
W003502,1.78,0,35.6,1,5951.45,0
W003503,27.2,0,98.8,5,5031.01,0
W003504,29.41,0,72.8,1,6210.46,0
W003505,40.11,1,73.3,1,19700.31,0
W003506,40.73,1,6.3,2,1296.54,0
W003507,4.73,0,24.0,3,12918.2,0
W003508,32.97,1,3.8,2,5302.42,0
W003509,33.9,1,27.1,3,4584.56,0
W003510,54.76,1,30.2,2,10008.34,0
W003511,9.93,0,74.9,2,27007.44,0
W003512,37.76,1,54.8,2,11332.53,0
W003513,32.59,1,16.3,3,591.42,0
W003514,13.35,0,26.5,3,701.73,0
W003515,48.45,1,10.5,2,7322.06,0
W003516,14.0,0,24.9,4,12388.53,0
W003517,19.08,0,8.5,2,2748.35,0
W003518,13.81,0,46.4,3,2779.84,1
W003519,14.17,0,88.7,3,4184.9,0
W003520,26.73,0,92.3,3,3849.08,0
W003521,22.28,0,42.8,2,7341.85,0
W003522,17.44,0,31.9,4,2068.04,1
W003523,19.11,0,37.3,2,5908.15,0
W003524,0.0,0,46.9,4,5155.25,0
W003525,30.2,1,60.8,4,1184.46,0
W003526,29.07,0,93.6,1,4108.52,0
W003527,26.64,0,109.9,2,1641.39,0
W003528,43.92,1,21.9,5,18712.35,0
W003529,45.57,1,18.9,5,5374.48,0
W003530,26.25,0,37.9,3,2232.36,0
W003531,41.37,1,72.7,4,2561.32,0
W003532,37.31,1,27.0,2,4573.87,0
W003533,43.4,1,46.7,3,17273.46,0
W003534,49.34,1,89.9,4,7189.19,0
W003535,21.85,0,112.9,5,2887.51,0
W003536,31.86,1,140.1,1,2327.55,0
W003537,34.36,1,106.9,3,1390.72,0
W003538,4.24,0,32.9,4,2901.38,0
W003539,13.33,0,65.4,6,6607.91,0
W003540,39.02,1,37.5,1,7048.81,0
W003541,60.38,1,6.2,3,3086.76,0
W003542,28.89,0,85.7,2,2328.63,0
W003543,16.78,0,80.9,1,778.48,0
W003544,50.41,1,87.4,5,12873.18,0
W003545,23.37,0,35.5,1,1187.74,1
W003546,44.27,1,36.4,1,1545.51,0
W003547,40.68,1,126.2,2,2107.64,0
W003548,44.1,1,38.3,4,5416.84,0
W003549,28.72,0,56.2,2,4979.23,0
W003550,23.99,0,46.2,6,4157.09,0
W003551,46.14,1,110.1,3,18124.26,0
W003552,49.89,1,10.0,1,2258.56,0
W003553,14.69,0,6.8,4,45575.34,0
W003554,44.17,1,14.6,1,21017.18,1
W003555,23.9,0,182.9,2,3161.21,0
W003556,12.37,0,77.0,4,582.36,0
W003557,16.17,0,60.2,3,15279.14,0
W003558,26.98,0,24.7,1,407.25,0
W003559,56.19,1,61.2,4,6410.25,0
W003560,19.57,0,114.2,5,4828.87,0
W003561,45.91,1,67.4,1,1999.66,0
W003562,10.75,0,32.7,1,2280.29,0
W003563,77.19,1,118.7,3,2877.08,0
W003564,20.49,0,54.9,3,5459.79,0
W003565,11.93,0,32.3,3,11354.44,0
W003566,16.15,0,129.8,3,3267.96,0
W003567,48.01,1,73.5,3,3453.79,0
W003568,0.0,0,133.0,5,18430.31,0
W003569,15.15,0,24.0,3,1165.46,0
W003570,22.48,0,54.3,4,2012.69,0
W003571,0.0,0,129.2,2,5637.25,0
W003572,20.37,0,97.7,1,5878.82,0
W003573,66.29,1,75.7,2,5700.57,0
W003574,11.79,0,65.9,4,1874.47,0
W003575,13.21,0,71.6,2,2340.71,0
W003576,19.3,0,65.8,4,8758.49,0
W003577,3.13,0,11.5,2,1561.4,0
W003578,12.57,0,67.1,2,12103.87,0
W003579,7.97,0,172.2,2,2912.15,0
W003580,11.27,0,60.7,2,1922.28,0
W003581,0.0,0,51.7,6,2812.96,0
W003582,36.95,1,78.9,1,3650.68,0
W003583,19.55,0,49.6,3,4093.01,0
W003584,0.18,0,35.7,4,3262.13,0
W003585,52.24,1,44.6,1,365.22,0
W003586,19.13,0,39.6,4,12533.7,0
W003587,0.0,0,116.4,3,1253.01,0
W003588,21.9,0,63.1,1,10903.54,0
W003589,56.39,1,41.2,5,4284.94,0
W003590,37.99,1,130.6,3,2885.52,0
W003591,5.23,0,23.9,3,854.33,1
W003592,24.53,0,55.6,4,2664.7,1
W003593,53.81,1,125.7,1,488.94,0
W003594,29.21,0,36.8,5,18423.58,0
W003595,35.51,1,51.8,2,4038.71,0
W003596,23.94,0,27.6,2,1487.74,0
W003597,40.52,1,127.3,1,19426.7,0
W003598,30.34,1,135.5,1,3312.46,0
W003599,42.0,1,78.6,2,8750.04,0
W003600,11.43,0,82.8,1,35701.05,1
W003601,45.38,1,31.6,1,1128.31,0
W003602,47.86,1,96.2,5,11727.4,0
W003603,15.96,0,34.9,2,9283.08,0
W003604,24.5,0,69.0,2,25383.96,0
W003605,29.07,0,14.1,2,695.11,0
W003606,26.51,0,17.5,1,6376.28,1
W003607,24.19,0,15.1,4,5754.87,0
W003608,0.0,0,98.4,2,3177.84,0
W003609,29.13,0,59.7,2,1185.25,0
W003610,15.03,0,190.2,4,840.69,0
W003611,46.58,1,93.9,2,8359.85,1
W003612,0.0,0,38.1,2,9577.84,0
W003613,34.95,1,49.7,5,1245.08,0
W003614,51.27,1,61.3,2,4464.59,0
W003615,31.74,1,36.5,1,5763.85,1
W003616,18.86,0,42.0,3,7062.19,0
W003617,21.5,0,9.7,1,1734.33,0
W003618,42.84,1,57.8,4,5777.98,0
W003619,0.0,0,56.8,1,838.75,0
W003620,13.98,0,58.0,1,450.56,0
W003621,42.12,1,43.7,1,2188.41,0
W003622,29.15,0,121.5,5,6894.18,1
W003623,28.85,0,94.1,2,453.9,0
W003624,22.8,0,24.5,5,1770.63,0
W003625,35.64,1,141.9,1,2133.44,0
W003626,33.4,1,37.7,2,2781.83,0
W003627,2.79,0,161.3,1,2189.01,0
W003628,52.06,1,97.7,3,10211.26,1
W003629,38.2,1,16.5,4,5629.16,0
W003630,25.62,0,51.5,2,3356.65,0
W003631,6.6,0,139.9,1,1395.21,0
W003632,48.8,1,77.2,3,1377.03,0
W003633,3.96,0,55.1,1,6947.93,0
W003634,32.11,1,41.2,2,19015.65,0
W003635,0.3,0,13.0,3,10368.72,0
W003636,65.7,1,119.3,3,6534.78,0
W003637,17.01,0,44.8,4,21934.23,0
W003638,9.34,0,109.4,1,2066.35,0
W003639,83.11,1,76.7,3,8894.96,0
W003640,32.34,1,32.0,2,15530.15,0
W003641,20.19,0,1.2,2,4880.37,0
W003642,90.47,1,55.4,2,466.42,0
W003643,19.13,0,39.1,1,944.18,0
W003644,51.68,1,20.8,1,3448.84,0
W003645,18.99,0,63.4,2,21218.76,1
W003646,63.77,1,163.5,4,4539.39,0
W003647,68.1,1,109.8,3,1476.84,0
W003648,27.07,0,68.1,2,6280.01,0
W003649,42.48,1,101.6,2,14947.93,0
W003650,26.16,0,77.3,2,1941.66,0
W003651,21.29,0,51.5,5,2169.5,0
W003652,56.45,1,48.4,5,3783.97,0
W003653,7.58,0,115.0,2,883.7,0
W003654,60.55,1,42.0,3,7462.95,0
W003655,29.92,0,21.6,5,979.77,0
W003656,24.19,0,11.9,1,3326.01,0
W003657,41.66,1,36.8,3,4132.24,0
W003658,20.58,0,21.9,5,5739.84,0
W003659,21.24,0,73.7,2,832.7,0
W003660,12.22,0,69.4,2,4215.4,0
W003661,46.93,1,10.3,1,6840.24,0
W003662,32.63,1,53.6,2,6258.59,0
W003663,18.26,0,100.4,2,5741.31,0
W003664,31.85,1,23.2,2,9507.03,1
W003665,16.04,0,28.3,1,440.66,0
W003666,34.02,1,91.1,4,2970.24,0
W003667,22.32,0,24.5,2,6972.53,0
W003668,37.22,1,79.7,2,2357.44,0
W003669,47.31,1,133.7,1,129.91,0
W003670,17.54,0,84.3,5,7885.12,0
W003671,27.73,0,36.0,3,3537.67,0
W003672,48.12,1,68.0,1,14226.81,0
W003673,37.7,1,74.2,2,5581.04,0
W003674,12.85,0,111.4,1,422.91,0
W003675,33.06,1,30.3,4,5620.11,1
W003676,36.39,1,70.8,3,13207.27,1
W003677,16.34,0,37.0,1,4917.25,0
W003678,27.73,0,86.8,1,8711.49,0
W003679,28.37,0,32.0,2,2246.85,1
W003680,39.54,1,6.4,2,3531.5,0
W003681,26.87,0,38.8,3,2983.17,0
W003682,55.13,1,58.9,6,669.65,0
W003683,21.15,0,36.9,1,310.69,1
W003684,15.75,0,58.7,2,3219.57,0
W003685,25.87,0,31.9,2,1480.34,0
W003686,21.93,0,25.4,2,4659.26,0
W003687,44.92,1,148.4,3,2260.83,0
W003688,7.61,0,14.9,1,6024.9,0
W003689,71.56,1,38.7,4,1573.44,0
W003690,19.18,0,43.4,1,13137.97,0
W003691,44.37,1,28.7,4,830.11,0
W003692,11.2,0,37.0,6,1206.1,0
W003693,45.28,1,12.9,2,3663.55,0
W003694,31.4,1,88.1,4,1360.98,1
W003695,3.18,0,16.0,4,843.53,0
W003696,12.13,0,49.1,1,1658.09,0
W003697,39.63,1,19.9,1,6852.11,0
W003698,58.21,1,31.5,5,1188.98,0
W003699,24.92,0,98.3,2,2122.13,0
W003700,44.04,1,154.9,2,3924.22,0
W003701,42.51,1,71.8,4,10310.31,0
W003702,49.21,1,38.2,5,1916.34,0
W003703,0.0,0,84.0,2,47519.41,0
W003704,39.1,1,52.3,2,3631.57,0
W003705,0.0,0,24.9,1,24385.71,0
W003706,5.8,0,88.6,6,2266.23,0
W003707,18.82,0,55.2,5,7503.88,0
W003708,18.28,0,114.8,2,455.87,0
W003709,28.36,0,7.0,1,1040.07,0
W003710,45.88,1,4.7,1,10250.58,1
W003711,11.14,0,10.8,3,930.63,0
W003712,2.08,0,50.4,1,2376.09,0
W003713,39.2,1,90.3,1,10080.87,0
W003714,38.51,1,77.3,2,10348.91,0
W003715,27.13,0,50.6,4,1549.62,0
W003716,44.38,1,155.8,4,2049.13,0
W003717,28.27,0,25.6,2,18156.17,0
W003718,28.3,0,17.1,2,2426.07,0
W003719,21.35,0,20.5,3,627.33,0
W003720,55.99,1,62.4,3,12709.03,0
W003721,74.07,1,110.0,5,2335.67,0
W003722,40.99,1,58.1,1,1073.1,1
W003723,31.02,1,34.4,1,606.61,0
W003724,43.47,1,18.5,3,49811.42,0
W003725,0.0,0,81.0,2,370.97,0
W003726,41.56,1,47.1,3,4253.14,0
W003727,37.41,1,29.7,1,2809.87,0
W003728,50.18,1,39.1,1,15295.24,0
W003729,23.83,0,158.4,2,19346.66,0
W003730,18.4,0,25.7,1,3721.21,0
W003731,52.7,1,49.7,2,421.88,0
W003732,51.95,1,63.5,2,2267.68,1
W003733,45.91,1,121.5,2,3240.14,0
W003734,0.0,0,62.6,2,24114.57,0
W003735,23.24,0,136.9,2,581.29,0
W003736,40.13,1,80.3,1,7347.31,0
W003737,12.74,0,47.4,1,322.14,0
W003738,47.12,1,42.1,1,9980.86,0
W003739,55.12,1,78.5,4,4323.95,0
W003740,45.67,1,41.5,5,528.2,0
W003741,31.8,1,95.3,1,10155.57,0
W003742,2.88,0,53.3,4,623.42,0
W003743,4.35,0,8.7,2,2772.63,1
W003744,45.85,1,56.2,2,9563.58,0
W003745,43.94,1,31.6,3,1302.05,0
W003746,12.06,0,14.9,3,3334.95,0
W003747,39.81,1,31.6,2,456.01,0
W003748,36.94,1,44.2,3,19464.8,0
W003749,43.4,1,37.7,4,5057.13,0
W003750,36.0,1,19.7,4,4339.17,0
W003751,27.69,0,30.4,5,1304.77,0
W003752,68.08,1,57.8,2,14331.77,0
W003753,61.26,1,24.0,2,3168.61,0
W003754,27.49,0,18.8,2,5157.12,1
W003755,41.29,1,42.3,1,3735.57,0
W003756,51.84,1,47.2,4,5132.79,0
W003757,17.2,0,32.4,1,1047.26,0
W003758,51.55,1,36.1,1,16883.21,0
W003759,22.38,0,67.1,3,5945.06,0
W003760,29.66,0,28.4,2,1270.89,0
W003761,1.31,0,52.8,4,5696.51,0
W003762,34.75,1,20.8,1,6949.84,0
W003763,41.05,1,94.7,3,271.09,0
W003764,42.46,1,27.6,1,9354.0,0
W003765,47.03,1,51.5,3,3043.24,0
W003766,36.67,1,22.9,1,2642.87,0
W003767,52.82,1,142.5,2,4016.36,0
W003768,57.33,1,56.4,6,16151.01,0
W003769,48.09,1,81.7,1,4909.8,0
W003770,25.51,0,34.7,1,36982.85,0
W003771,42.42,1,8.4,2,2291.66,0
W003772,12.13,0,51.8,2,1567.66,0
W003773,52.37,1,49.0,3,14012.99,1
W003774,0.0,0,43.9,2,1934.45,0
W003775,23.84,0,23.9,1,8951.62,0
W003776,31.19,1,56.4,2,2258.89,0
W003777,36.35,1,26.1,2,28282.91,0
W003778,38.38,1,16.1,1,1309.88,0
W003779,47.98,1,69.1,2,1894.81,0
W003780,47.12,1,140.1,4,565.49,0
W003781,15.36,0,14.9,2,43877.19,0
W003782,10.88,0,6.6,3,11766.64,0
W003783,28.43,0,32.4,1,20589.78,0
W003784,39.36,1,41.4,4,8857.69,0
W003785,66.89,1,6.8,2,10373.59,1
W003786,24.4,0,37.9,3,22931.88,0
W003787,0.0,0,44.9,2,6217.62,0
W003788,54.34,1,103.5,2,13190.29,0
W003789,53.09,1,38.5,1,2480.31,1
W003790,19.91,0,119.0,3,1215.75,1
W003791,43.19,1,85.0,4,2589.18,0
W003792,39.34,1,300.0,3,11080.39,0
W003793,0.0,0,86.4,2,3783.36,0
W003794,26.54,0,34.3,2,354.88,0
W003795,26.3,0,55.4,1,4678.98,0
W003796,33.65,1,69.6,4,13641.47,0
W003797,0.0,0,18.3,2,274.1,0
W003798,56.02,1,17.0,4,2961.88,0
W003799,38.17,1,67.1,2,3030.39,0
W003800,58.61,1,21.6,2,1493.79,0
W003801,2.83,0,49.9,3,5634.0,0
W003802,21.88,0,84.8,2,3499.87,0
W003803,41.18,1,95.9,1,3666.88,0
W003804,4.35,0,46.4,3,2258.12,1
W003805,41.97,1,168.3,2,16970.94,0
W003806,37.97,1,171.6,1,28181.79,0
W003807,32.15,1,37.5,3,2371.42,0
W003808,43.63,1,36.7,1,1415.41,0
W003809,52.34,1,56.1,1,9697.69,0
W003810,24.22,0,33.8,6,52607.61,0
W003811,20.12,0,104.5,1,4037.11,1
W003812,53.55,1,74.9,3,3811.38,0
W003813,20.54,0,54.3,5,387.72,1
W003814,22.34,0,66.9,2,16139.56,0
W003815,55.98,1,77.3,2,2488.91,0
W003816,40.57,1,85.3,2,27625.93,0
W003817,19.14,0,149.6,3,10939.56,0
W003818,16.98,0,47.7,6,1942.43,0
W003819,54.17,1,70.4,6,6088.37,0
W003820,34.86,1,22.1,1,8448.75,0
W003821,22.95,0,125.2,6,305.79,0
W003822,0.0,0,36.4,3,3144.4,0
W003823,28.3,0,99.6,4,3854.05,0
W003824,65.92,1,66.8,3,894.1,0
W003825,30.01,1,117.0,3,997.44,0
W003826,5.4,0,57.1,1,2833.0,0
W003827,6.46,0,80.8,5,3465.71,0
W003828,23.74,0,18.3,1,4573.42,0
W003829,6.75,0,67.5,1,1328.87,1
W003830,22.83,0,31.5,1,1363.01,0
W003831,26.94,0,26.1,5,42312.22,0
W003832,27.2,0,10.8,2,2095.05,0
W003833,6.83,0,80.1,3,5812.94,0
W003834,26.07,0,103.8,1,2381.88,0
W003835,38.23,1,87.0,2,1818.49,0
W003836,13.66,0,14.9,4,2134.1,0
W003837,32.62,1,47.8,3,739.42,0
W003838,10.15,0,113.2,1,1387.92,0
W003839,3.92,0,30.0,6,926.29,0
W003840,28.82,0,65.1,1,7278.64,0
W003841,60.35,1,41.9,1,13947.76,0
W003842,64.75,1,53.7,1,4405.07,0
W003843,15.7,0,16.7,1,2103.05,0
W003844,35.98,1,32.4,1,17094.44,1
W003845,17.49,0,28.7,1,10099.32,0
W003846,35.87,1,23.9,2,3322.79,0
W003847,35.51,1,131.9,4,5864.1,0
W003848,19.78,0,22.5,1,7625.61,1
W003849,0.23,0,72.8,4,3236.44,0
W003850,15.16,0,76.6,5,1959.03,0
W003851,36.69,1,61.8,1,1526.93,0
W003852,15.92,0,15.4,1,868.1,0
W003853,55.8,1,32.7,3,14597.24,0
W003854,0.0,0,70.9,3,1802.52,0
W003855,26.09,0,37.6,4,3312.78,1
W003856,46.44,1,25.9,5,11225.49,0
W003857,0.0,0,70.5,5,3240.33,0
W003858,47.89,1,48.0,3,80307.61,0
W003859,29.9,0,119.2,2,2925.84,0
W003860,30.36,1,27.6,1,4811.21,0
W003861,24.29,0,17.6,4,10239.86,0
W003862,50.84,1,99.6,2,10723.2,0
W003863,23.84,0,68.8,3,11631.08,1
W003864,54.81,1,59.7,3,3314.56,0
W003865,33.76,1,89.1,4,7937.73,0
W003866,37.25,1,33.2,6,5424.03,1
W003867,52.12,1,75.6,4,4388.11,0
W003868,17.47,0,190.8,2,5759.68,0
W003869,13.48,0,64.1,5,2752.3,0
W003870,32.7,1,119.0,2,605.44,0
W003871,0.0,0,94.7,3,1881.83,0
W003872,0.88,0,59.2,3,3556.16,0
W003873,43.37,1,21.1,1,4466.01,0
W003874,20.4,0,125.3,1,1770.69,0
W003875,52.23,1,70.0,2,1704.32,0
W003876,41.48,1,171.5,1,1860.52,0
W003877,12.68,0,82.6,1,4456.53,0
W003878,28.27,0,62.0,3,948.64,0
W003879,21.66,0,105.5,6,9828.6,0
W003880,32.21,1,60.3,3,4005.9,0
W003881,33.18,1,144.3,3,4485.59,0
W003882,62.13,1,28.4,2,2627.63,1
W003883,25.3,0,35.4,2,10388.86,0
W003884,30.21,1,44.4,3,4881.43,0
W003885,82.59,1,24.7,2,1949.01,1
W003886,80.62,1,54.9,3,3955.09,0
W003887,57.37,1,235.2,4,3691.62,0
W003888,45.56,1,92.5,3,1539.85,0
W003889,23.4,0,123.3,1,5557.83,1
W003890,44.67,1,54.4,1,1907.76,0
W003891,38.34,1,45.0,1,11633.76,0
W003892,47.86,1,87.7,5,29672.04,0
W003893,62.35,1,135.2,2,1795.1,1
W003894,38.28,1,112.0,1,9278.63,0
W003895,59.43,1,53.0,2,14995.04,0
W003896,23.91,0,97.4,1,1159.32,0
W003897,13.56,0,8.9,4,13253.68,0
W003898,6.5,0,114.1,1,4528.27,0
W003899,48.13,1,60.4,2,4402.22,0
W003900,33.72,1,70.3,1,241.04,0
W003901,29.22,0,85.5,1,34564.96,0
W003902,24.77,0,83.2,4,6769.59,0
W003903,16.56,0,91.6,4,534.9,1
W003904,42.66,1,149.5,6,1571.0,0
W003905,12.03,0,30.8,2,318.69,0
W003906,28.79,0,52.0,1,18363.18,0
W003907,50.99,1,31.3,4,1233.27,0
W003908,43.78,1,77.0,1,20962.87,0
W003909,60.17,1,28.3,2,4257.03,0
W003910,2.05,0,88.5,3,745.29,0
W003911,37.87,1,152.5,2,3603.6,0
W003912,24.64,0,82.8,2,2518.44,0
W003913,37.48,1,187.4,3,6029.24,0
W003914,27.75,0,103.1,5,16378.84,1
W003915,25.24,0,66.7,1,1758.93,0
W003916,49.34,1,86.5,1,1949.31,1
W003917,10.09,0,20.6,5,7818.34,0
W003918,0.0,0,84.7,1,266.77,0
W003919,34.21,1,69.9,3,6085.94,0
W003920,36.71,1,37.3,4,4140.48,0
W003921,39.55,1,58.1,2,1633.41,0
W003922,28.1,0,6.0,1,12267.59,0
W003923,23.45,0,27.0,2,4355.1,0
W003924,52.08,1,55.9,1,693.08,0
W003925,14.58,0,7.9,6,3466.04,0
W003926,38.99,1,13.6,5,1224.23,0
W003927,60.16,1,52.1,1,3032.28,0
W003928,14.43,0,27.0,4,4994.92,0
W003929,27.59,0,17.0,2,2365.41,0
W003930,24.74,0,30.6,1,2728.64,0
W003931,46.12,1,85.8,4,3222.53,0
W003932,72.62,1,171.3,2,29559.57,0
W003933,6.9,0,34.1,1,1192.3,0
W003934,10.02,0,75.5,2,2490.93,0
W003935,16.01,0,18.5,6,1445.54,0
W003936,6.22,0,51.7,2,19142.1,0
W003937,50.9,1,45.8,3,208.74,0
W003938,37.61,1,69.7,5,11988.92,0
W003939,10.51,0,78.2,1,7198.16,0
W003940,11.83,0,94.8,4,3640.05,0
W003941,42.51,1,93.7,1,3942.95,0
W003942,44.64,1,30.8,1,455.19,1
W003943,57.1,1,25.1,2,2349.26,0
W003944,26.47,0,39.0,5,798.45,1
W003945,50.19,1,131.3,1,29424.5,0
W003946,27.45,0,68.7,4,2389.5,0
W003947,21.98,0,95.3,1,5694.61,0
W003948,34.36,1,118.0,3,6296.04,0
W003949,32.42,1,12.3,3,443.04,1
W003950,36.49,1,28.5,2,6209.07,0
W003951,27.96,0,48.9,1,1235.98,0
W003952,32.48,1,59.3,1,11629.95,0
W003953,40.57,1,22.2,2,1868.01,1
W003954,0.0,0,19.8,2,13092.69,0
W003955,54.09,1,24.5,3,151.4,0
W003956,28.38,0,92.6,3,1655.06,0
W003957,13.75,0,43.5,4,5263.4,0
W003958,39.32,1,32.0,2,850.63,0
W003959,2.23,0,24.7,1,6131.14,0
W003960,33.19,1,187.0,1,243.53,0
W003961,15.97,0,74.7,3,5462.62,0
W003962,35.02,1,205.1,5,2757.56,0
W003963,0.38,0,160.6,1,6182.17,0
W003964,39.66,1,50.4,1,2380.82,0
W003965,12.32,0,29.6,2,4365.37,0
W003966,10.16,0,78.6,4,9977.4,0
W003967,36.32,1,14.3,3,5903.01,0
W003968,23.89,0,102.2,5,2633.0,0
W003969,18.9,0,75.3,2,6236.67,0
W003970,23.81,0,22.9,1,37951.26,0
W003971,30.66,1,50.6,3,933.56,0
W003972,50.58,1,70.8,2,3600.52,0
W003973,51.27,1,153.8,2,1334.78,0
W003974,28.43,0,25.5,1,2597.39,0
W003975,46.63,1,13.0,5,21774.27,0
W003976,19.22,0,98.0,2,18489.79,1
W003977,51.82,1,101.8,5,7476.37,0
W003978,78.4,1,175.7,5,1746.33,0
W003979,13.93,0,58.1,4,1235.18,0
W003980,27.12,0,70.5,3,4774.54,0
W003981,7.37,0,92.0,1,511.83,0
W003982,14.1,0,147.6,1,1437.4,0
W003983,27.72,0,76.5,5,6907.63,0
W003984,48.08,1,22.1,1,6434.16,1
W003985,16.77,0,103.7,2,16975.61,0
W003986,34.9,1,21.3,2,14990.36,0
W003987,8.21,0,29.0,2,20823.21,0
W003988,57.17,1,37.0,3,1315.73,0
W003989,52.69,1,96.8,2,3647.33,0
W003990,13.7,0,53.2,2,10074.2,0
W003991,49.36,1,98.8,1,1656.58,0
W003992,53.42,1,20.2,1,2683.6,0
W003993,13.49,0,85.5,2,4112.14,0
W003994,31.49,1,6.9,4,690.08,0
W003995,73.4,1,96.4,3,15550.18,0
W003996,7.19,0,71.1,3,1606.53,0
W003997,39.48,1,141.8,3,8599.35,0
W003998,0.0,0,11.9,2,17339.23,0
W003999,40.11,1,53.3,2,568.75,1
W004000,30.03,1,49.3,4,4755.97,0
W004001,0.0,0,23.5,2,339.19,0
W004002,12.23,0,5.6,4,736.57,0
W004003,57.4,1,49.4,3,1086.83,0
W004004,15.58,0,88.1,1,2194.69,0
W004005,55.06,1,20.3,2,39315.99,0
W004006,21.63,0,54.8,1,876.12,0
W004007,19.33,0,92.1,2,8991.65,0
W004008,47.37,1,72.2,1,558.02,0
W004009,13.95,0,85.7,1,2012.3,0
W004010,45.27,1,10.8,1,1073.8,0
W004011,24.09,0,108.1,3,1992.33,0
W004012,61.43,1,13.8,6,3311.06,0
W004013,13.67,0,61.4,2,155.11,0
W004014,28.74,0,40.3,4,1472.54,0
W004015,35.7,1,70.7,2,24733.77,0
W004016,25.89,0,44.1,1,1948.74,0
W004017,0.0,0,154.4,1,700.67,0
W004018,53.82,1,25.6,2,1709.48,0
W004019,58.98,1,16.9,4,19308.46,0
W004020,38.77,1,65.3,2,16002.42,0
W004021,62.34,1,22.7,1,1967.25,0
W004022,27.37,0,128.6,3,1839.73,0
W004023,26.08,0,111.3,5,10739.32,0
W004024,0.0,0,27.8,3,2546.29,0
W004025,18.1,0,34.2,5,14731.49,0
W004026,26.88,0,21.0,4,2550.04,0
W004027,32.57,1,93.4,3,19834.43,0
W004028,14.61,0,139.0,1,1046.82,0
W004029,21.27,0,180.2,1,10295.27,0
W004030,40.65,1,33.3,1,36818.12,0
W004031,38.55,1,78.2,1,1032.14,0
W004032,38.18,1,22.6,5,4662.64,0
W004033,22.6,0,16.2,1,3061.52,0
W004034,0.0,0,25.9,2,321.34,0
W004035,20.79,0,37.8,2,6458.96,0
W004036,40.86,1,160.3,1,13446.89,0
W004037,0.0,0,37.4,1,4333.73,0
W004038,4.91,0,32.0,2,29191.65,0
W004039,35.84,1,163.3,2,13837.64,0
W004040,64.78,1,35.7,3,4046.69,0
W004041,47.83,1,117.8,1,4662.86,0
W004042,22.21,0,77.7,1,16961.62,0
W004043,31.79,1,69.9,4,92655.24,1
W004044,37.52,1,26.5,3,3380.58,0
W004045,28.94,0,31.4,1,2441.28,0
W004046,18.27,0,179.4,5,3215.54,0
W004047,36.48,1,61.3,3,582.44,0
W004048,0.0,0,61.5,1,4069.13,0
W004049,51.78,1,18.2,2,6382.97,0
W004050,22.87,0,68.5,1,14998.84,0
W004051,11.48,0,53.9,1,6225.7,1
W004052,53.28,1,23.6,1,2063.36,0
W004053,56.06,1,34.4,2,4181.48,0
W004054,37.39,1,94.9,3,2299.71,0
W004055,20.15,0,94.7,1,1806.93,0
W004056,13.55,0,142.5,4,3587.12,0
W004057,64.66,1,32.8,4,3750.91,0
W004058,21.84,0,91.2,6,1670.37,1
W004059,57.52,1,16.4,3,944.74,0
W004060,42.62,1,62.6,1,1995.93,0
W004061,21.08,0,33.2,3,16011.37,0
W004062,37.12,1,24.5,1,2116.27,0
W004063,20.79,0,25.4,1,2921.03,0
W004064,31.87,1,14.7,4,2615.98,0
W004065,29.07,0,22.2,3,19564.58,0
W004066,0.0,0,9.0,1,8767.69,1
W004067,11.17,0,153.8,4,21548.6,0
W004068,52.91,1,63.4,3,2428.7,0
W004069,11.04,0,117.2,1,3516.1,0
W004070,13.36,0,38.2,4,1301.05,0
W004071,0.0,0,63.8,5,1087.71,0
W004072,3.98,0,61.7,2,8795.69,0
W004073,20.47,0,92.5,3,1424.51,0
W004074,37.96,1,20.6,5,21115.92,0
W004075,46.58,1,21.0,4,452.26,0
W004076,21.0,0,30.2,5,1029.79,0
W004077,32.44,1,69.5,4,8371.37,0
W004078,7.64,0,54.5,2,288.58,0
W004079,51.66,1,77.3,4,7587.71,1
W004080,28.45,0,37.4,3,1925.34,0
W004081,59.28,1,23.1,4,1823.22,0
W004082,20.34,0,15.0,2,4282.2,0
W004083,39.28,1,15.2,3,3231.5,0
W004084,32.95,1,93.2,1,475.27,0
W004085,22.97,0,19.5,2,3724.78,0
W004086,38.86,1,178.6,5,2430.56,0
W004087,46.97,1,101.0,2,7939.93,0
W004088,19.95,0,13.5,5,2222.89,0
W004089,23.21,0,88.6,4,4073.65,0
W004090,45.49,1,54.6,2,1361.6,0
W004091,20.95,0,98.2,5,1109.25,0
W004092,24.16,0,27.4,1,3413.36,0
W004093,56.12,1,20.9,3,67491.06,0
W004094,26.35,0,50.5,1,5524.21,0
W004095,26.96,0,19.6,4,2979.29,0
W004096,26.78,0,94.2,2,2020.67,0
W004097,0.0,0,60.2,3,3456.09,1
W004098,25.59,0,75.0,3,4245.08,0
W004099,59.94,1,9.7,1,1746.89,0
W004100,0.0,0,16.9,3,2363.4,0
W004101,40.66,1,12.6,2,10048.48,0
W004102,12.77,0,82.1,4,503.88,0
W004103,16.05,0,13.7,2,1766.42,0
W004104,27.35,0,49.9,2,1264.81,0
W004105,16.35,0,86.2,2,1871.74,0
W004106,12.67,0,34.0,2,6160.2,1
W004107,65.95,1,11.9,3,3893.16,1
W004108,26.51,0,44.7,3,11084.53,0
W004109,47.98,1,75.9,5,2253.78,0
W004110,20.7,0,64.1,2,4910.54,0
W004111,31.89,1,53.3,3,11834.99,0
W004112,17.75,0,35.7,1,2708.33,0
W004113,23.2,0,84.2,3,9038.76,0
W004114,41.43,1,13.4,2,677.35,1
W004115,51.67,1,101.1,1,1737.22,0
W004116,29.49,0,48.9,5,889.65,0
W004117,8.21,0,82.4,6,17916.12,0
W004118,48.34,1,42.3,3,1833.13,0
W004119,28.7,0,156.3,1,857.13,0
W004120,29.25,0,39.1,1,1174.34,0
W004121,8.89,0,51.8,3,2542.13,0
W004122,17.35,0,32.0,3,2880.05,1
W004123,50.91,1,87.4,4,4783.0,0
W004124,40.04,1,73.3,3,1825.44,0
W004125,10.86,0,46.5,1,1216.45,0
W004126,42.74,1,158.4,2,32534.36,0
W004127,22.74,0,91.1,2,3474.11,0
W004128,23.42,0,58.1,4,19706.12,1
W004129,48.77,1,60.9,2,908.96,0
W004130,19.27,0,74.4,3,4873.92,0
W004131,19.9,0,38.4,1,728.65,0
W004132,0.0,0,147.1,1,7874.54,0
W004133,6.16,0,114.8,4,5419.17,0
W004134,26.22,0,62.4,3,3919.45,0
W004135,76.15,1,51.6,2,3715.26,0
W004136,26.84,0,13.5,6,1148.74,1
W004137,46.85,1,31.3,1,2492.25,0
W004138,42.58,1,28.7,3,2842.48,0
W004139,24.71,0,9.9,4,2477.09,0
W004140,66.37,1,38.5,1,3019.38,0
W004141,40.71,1,121.8,2,3281.97,0
W004142,33.88,1,61.9,2,10563.81,0
W004143,36.25,1,56.9,2,10929.19,0
W004144,7.36,0,117.6,2,6989.85,0
W004145,35.68,1,59.5,1,5270.03,0
W004146,30.14,1,95.6,4,6598.44,0
W004147,40.99,1,40.8,2,5046.67,0
W004148,9.78,0,76.0,1,5621.41,0
W004149,30.01,1,141.7,2,913.35,0
W004150,0.0,0,37.4,4,1522.07,1
W004151,0.0,0,65.3,2,9809.16,0
W004152,36.89,1,65.9,2,3676.64,0
W004153,18.26,0,16.7,1,566.74,0
W004154,36.87,1,59.6,4,3128.74,1
W004155,49.32,1,31.1,4,9834.23,0
W004156,18.28,0,90.2,2,1341.43,0
W004157,4.27,0,93.5,1,1448.58,0
W004158,32.52,1,28.1,2,1915.63,0
W004159,42.13,1,66.9,3,57908.74,0
W004160,17.78,0,76.9,3,13543.19,0
W004161,25.6,0,49.7,1,2329.61,1
W004162,30.14,1,72.7,4,1143.71,0
W004163,75.59,1,86.0,2,1266.17,0
W004164,21.18,0,33.9,3,1950.11,0
W004165,34.72,1,52.9,6,3662.34,0
W004166,35.96,1,71.7,4,5930.35,0
W004167,26.03,0,52.1,4,5370.74,0
W004168,31.91,1,54.9,2,1453.6,0
W004169,0.0,0,30.0,4,6986.58,0
W004170,51.81,1,55.4,1,1681.98,0
W004171,58.04,1,83.3,4,35403.78,0
W004172,25.62,0,19.8,1,2540.76,0
W004173,25.59,0,45.9,1,1877.77,0
W004174,4.84,0,36.9,2,1897.5,0
W004175,13.48,0,139.0,4,2158.4,0
W004176,46.91,1,15.6,2,2772.15,0
W004177,25.95,0,42.1,2,7987.48,0
W004178,41.04,1,27.4,3,1362.47,0
W004179,51.53,1,13.6,6,5234.69,0
W004180,35.73,1,32.5,1,3222.32,0
W004181,15.81,0,12.5,1,1924.41,0
W004182,24.77,0,99.6,2,14906.36,0
W004183,54.46,1,49.0,1,1083.14,0
W004184,29.77,0,114.5,1,2925.23,0
W004185,36.43,1,30.7,2,9261.75,0
W004186,25.52,0,39.2,2,10663.56,0
W004187,35.47,1,89.0,4,1355.66,0
W004188,23.12,0,46.8,2,598.65,0
W004189,30.1,1,26.3,2,1090.33,1
W004190,12.44,0,12.6,2,18731.27,0
W004191,22.81,0,39.0,2,5140.65,0
W004192,37.97,1,32.8,3,1414.98,0
W004193,0.0,0,49.3,5,6087.6,0
W004194,29.31,0,151.4,2,4582.91,0
W004195,14.79,0,72.4,3,1350.32,0
W004196,36.08,1,10.1,4,2918.93,0
W004197,8.86,0,66.2,2,271.93,0
W004198,35.89,1,64.2,2,5368.95,0
W004199,15.7,0,93.9,1,1356.22,0
W004200,23.8,0,53.7,2,1487.26,0
W004201,48.59,1,11.9,1,3428.25,0
W004202,47.72,1,47.6,5,11013.19,0
W004203,34.87,1,42.6,3,4104.9,0
W004204,23.71,0,124.0,2,12041.78,0
W004205,47.37,1,38.4,2,6852.82,0
W004206,8.17,0,23.4,4,9284.44,0
W004207,32.78,1,4.0,3,712.46,0
W004208,40.33,1,29.5,2,2924.34,0
W004209,27.91,0,90.1,1,1519.75,0
W004210,30.9,1,15.8,4,7867.3,1
W004211,20.91,0,139.9,2,1228.22,0
W004212,21.73,0,53.7,1,2439.98,1
W004213,30.62,1,79.3,1,1099.99,0
W004214,27.58,0,98.8,5,1479.87,0
W004215,17.43,0,34.2,2,4333.43,0
W004216,34.15,1,11.2,3,1568.73,0
W004217,14.12,0,56.1,3,1207.79,1
W004218,15.28,0,206.6,4,24373.14,1
W004219,19.54,0,35.4,4,4872.22,0
W004220,19.13,0,95.9,2,15755.24,0
W004221,50.49,1,72.1,3,738.45,0
W004222,28.68,0,87.3,4,1971.91,0
W004223,47.77,1,122.3,1,925.97,0
W004224,35.9,1,87.2,2,2049.04,0
W004225,27.01,0,20.8,2,5252.47,0
W004226,0.0,0,19.2,5,1279.87,1
W004227,13.85,0,235.5,2,10447.04,0
W004228,57.55,1,99.9,3,6083.96,0
W004229,55.4,1,96.9,1,2447.75,0
W004230,31.74,1,55.4,2,1586.14,0
W004231,7.14,0,14.1,3,4313.27,0
W004232,45.49,1,29.3,4,1040.66,0
W004233,37.49,1,50.6,1,14631.33,0
W004234,51.75,1,97.8,3,895.49,0
W004235,38.18,1,44.1,2,1971.34,1
W004236,43.26,1,47.5,2,3006.3,0
W004237,67.71,1,26.1,3,1396.17,0
W004238,35.48,1,39.9,2,8043.52,0
W004239,25.55,0,148.7,3,11401.22,0
W004240,65.24,1,89.5,3,2513.82,0
W004241,30.74,1,42.7,3,2690.09,0
W004242,35.94,1,102.7,3,4569.73,0
W004243,17.17,0,77.9,1,385.34,0
W004244,42.77,1,30.8,6,5828.72,1
W004245,16.91,0,203.6,2,1029.79,0
W004246,31.98,1,67.8,2,13212.57,0
W004247,27.64,0,53.7,2,1485.2,1
W004248,24.62,0,75.0,4,3371.31,0
W004249,33.28,1,72.0,1,8728.84,0
W004250,51.02,1,41.5,5,5318.06,1
W004251,30.59,1,72.3,2,4139.61,0
W004252,6.24,0,58.1,1,434.51,0
W004253,10.78,0,82.0,3,2914.62,0
W004254,93.94,1,92.0,3,1204.33,1
W004255,3.09,0,107.8,4,867.12,0
W004256,9.19,0,63.8,1,7101.67,0
W004257,5.82,0,37.9,1,2522.13,0
W004258,34.06,1,107.0,1,20102.03,0
W004259,15.08,0,46.8,5,1756.68,0
W004260,39.22,1,18.3,2,14570.88,1
W004261,14.21,0,22.0,1,5093.58,0
W004262,21.44,0,23.4,2,1739.13,0
W004263,39.49,1,109.3,4,10582.82,0
W004264,47.0,1,86.2,2,1168.5,0
W004265,56.33,1,51.6,5,9268.29,0
W004266,30.06,1,40.5,1,4928.03,0
W004267,19.22,0,25.5,5,2310.08,1
W004268,0.0,0,13.7,2,3927.43,0
W004269,27.03,0,24.2,4,4784.23,0
W004270,5.71,0,41.4,5,5002.12,0
W004271,43.08,1,67.7,4,1243.96,1
W004272,47.35,1,51.4,2,12336.4,0
W004273,34.49,1,16.6,3,3998.43,0
W004274,35.84,1,9.0,1,2182.04,0
W004275,21.58,0,21.8,2,1244.17,0
W004276,34.59,1,77.4,1,2799.89,0
W004277,17.36,0,30.3,4,14229.5,0
W004278,12.02,0,69.3,2,871.7,0
W004279,25.94,0,63.9,1,14139.73,0
W004280,30.02,1,48.5,1,2086.36,0
W004281,33.09,1,80.9,2,7265.48,0
W004282,33.04,1,52.9,1,748.94,0
W004283,44.33,1,61.3,3,12800.27,1
W004284,17.19,0,49.3,2,25874.92,0
W004285,22.63,0,42.1,3,21447.48,0
W004286,31.17,1,15.1,2,9772.74,0
W004287,18.91,0,49.7,1,3367.61,0
W004288,0.0,0,79.4,3,11931.28,0
W004289,55.73,1,36.0,2,2081.41,0
W004290,21.79,0,10.3,2,1947.9,0
W004291,35.14,1,119.3,2,8791.7,0
W004292,0.0,0,46.3,2,10783.66,0
W004293,20.68,0,84.4,3,3351.48,0
W004294,24.42,0,108.1,1,3413.13,0
W004295,29.31,0,46.7,4,3035.91,0
W004296,46.48,1,27.0,1,4932.34,0
W004297,44.16,1,34.3,1,3562.95,0
W004298,25.97,0,67.5,6,2353.11,0
W004299,39.71,1,119.1,3,661.66,0
W004300,12.8,0,22.6,1,39929.79,0
W004301,17.22,0,64.0,2,2596.04,0
W004302,34.58,1,65.6,4,3313.29,0
W004303,63.28,1,135.7,2,320.9,0
W004304,36.17,1,17.8,3,6121.64,0
W004305,18.53,0,88.8,2,2222.36,0
W004306,22.61,0,23.2,2,16631.63,0
W004307,37.09,1,57.8,1,684.25,0
W004308,45.17,1,90.9,3,382.85,0
W004309,2.31,0,58.1,1,2426.69,0
W004310,38.49,1,27.2,2,3398.68,0
W004311,5.06,0,96.3,1,6400.49,0
W004312,53.19,1,68.5,6,1470.24,0
W004313,26.26,0,146.1,2,5873.0,0
W004314,34.68,1,42.8,4,1505.81,0
W004315,7.91,0,10.9,3,76970.15,0
W004316,43.76,1,45.2,4,1701.88,0
W004317,25.07,0,150.6,3,1718.93,1
W004318,10.07,0,46.9,3,573.9,0
W004319,12.34,0,57.2,1,16356.2,0
W004320,23.38,0,53.8,4,13952.86,0
W004321,0.0,0,98.8,1,3476.78,0
W004322,30.05,1,86.5,2,8628.34,0
W004323,50.27,1,45.0,2,2716.13,0
W004324,29.08,0,40.1,4,1173.3,0
W004325,25.5,0,53.0,4,1059.16,0
W004326,43.5,1,146.0,3,4642.58,0
W004327,6.33,0,41.4,5,1278.59,0
W004328,37.63,1,32.3,2,6822.44,0
W004329,18.19,0,45.3,1,2347.2,0
W004330,49.57,1,202.7,2,11108.59,0
W004331,11.81,0,14.0,3,1717.81,0
W004332,20.85,0,22.3,4,1524.95,0
W004333,41.75,1,64.4,3,7434.96,0
W004334,28.07,0,50.4,3,4277.42,0
W004335,21.9,0,33.5,4,9366.16,0
W004336,17.13,0,62.4,2,3060.71,0
W004337,27.33,0,44.4,3,56155.53,0
W004338,8.71,0,57.2,5,9279.75,1
W004339,26.3,0,136.2,2,3394.11,0
W004340,53.9,1,20.8,1,2600.79,0
W004341,19.06,0,59.7,2,711.1,0
W004342,5.07,0,81.7,2,12790.9,0
W004343,24.82,0,54.4,2,5234.3,0
W004344,59.73,1,37.8,5,18246.63,0
W004345,46.91,1,45.6,2,3546.06,0
W004346,42.2,1,56.0,4,696.63,0
W004347,43.75,1,32.6,1,5825.23,1
W004348,49.48,1,36.6,2,6274.87,0
W004349,31.16,1,132.8,2,3008.95,0
W004350,3.49,0,38.7,2,2318.41,1
W004351,15.15,0,27.1,5,1483.06,1
W004352,33.08,1,53.7,2,8993.5,0
W004353,20.84,0,78.2,1,14172.05,0
W004354,45.14,1,124.1,5,4046.1,0
W004355,43.54,1,19.7,4,4037.76,0
W004356,7.71,0,40.7,4,13413.31,0
W004357,17.09,0,76.7,1,19514.66,0
W004358,43.87,1,40.3,2,2131.95,1
W004359,36.95,1,6.7,1,3677.46,0
W004360,40.62,1,38.6,4,11831.19,0
W004361,52.3,1,52.1,2,4382.48,0
W004362,0.0,0,77.9,3,1156.6,0
W004363,6.75,0,81.1,4,22878.11,0
W004364,34.9,1,58.9,2,1503.95,0
W004365,25.53,0,56.8,2,657.0,1
W004366,30.82,1,106.7,3,562.54,0
W004367,27.99,0,60.5,2,5185.05,0
W004368,41.66,1,42.1,2,3358.18,0
W004369,11.55,0,61.9,2,18665.31,0
W004370,53.49,1,31.6,3,3146.75,0
W004371,20.12,0,45.8,2,9691.34,0
W004372,10.73,0,34.3,1,1137.45,0
W004373,44.19,1,29.2,1,1694.44,0
W004374,48.22,1,24.3,1,10758.08,0
W004375,27.48,0,18.3,2,1483.06,0
W004376,0.0,0,66.2,2,2357.46,1
W004377,27.54,0,47.4,1,1085.92,0
W004378,11.54,0,18.8,1,4757.81,0
W004379,23.28,0,49.2,1,7580.93,0
W004380,20.19,0,11.1,1,3095.2,0
W004381,54.79,1,61.2,2,3962.57,0
W004382,50.66,1,28.5,4,8405.52,0
W004383,0.0,0,52.8,2,3090.85,0
W004384,18.99,0,30.4,5,11620.33,0
W004385,20.78,0,41.0,4,3745.3,0
W004386,32.16,1,65.7,1,12426.01,0
W004387,31.28,1,46.6,1,2339.87,0
W004388,38.24,1,18.9,1,1560.69,0
W004389,54.2,1,33.1,3,13252.74,0
W004390,19.71,0,149.2,1,594.44,0
W004391,23.64,0,10.7,5,1293.88,0
W004392,23.3,0,61.9,1,1113.73,0
W004393,29.7,0,60.1,4,3007.03,0
W004394,26.6,0,57.6,1,801.5,1
W004395,41.54,1,142.0,5,7300.76,0
W004396,43.67,1,46.7,2,4594.52,0
W004397,51.65,1,8.2,5,19897.15,0
W004398,38.14,1,177.0,1,3162.1,0
W004399,53.38,1,133.3,4,27899.98,0
W004400,5.96,0,51.0,2,1810.96,0
W004401,40.96,1,13.7,2,399.34,0
W004402,35.9,1,64.7,3,8973.2,0
W004403,0.0,0,54.3,2,3907.05,0
W004404,34.23,1,35.9,4,6246.88,0
W004405,17.4,0,46.1,1,944.93,0
W004406,56.24,1,196.5,4,6192.25,0
W004407,8.47,0,63.4,2,41436.98,0
W004408,47.58,1,17.0,3,3810.3,0
W004409,25.91,0,86.7,3,2453.8,0
W004410,36.15,1,67.3,2,2132.18,0
W004411,0.0,0,10.8,1,3268.12,0
W004412,44.38,1,33.0,1,55875.58,0
W004413,22.53,0,18.4,1,2007.33,0
W004414,31.63,1,99.9,2,1632.27,0
W004415,39.78,1,84.2,2,2541.79,0
W004416,32.0,1,11.1,3,1499.6,0
W004417,27.4,0,168.0,3,4527.53,0
W004418,33.32,1,84.6,1,8161.14,0
W004419,21.86,0,39.4,3,2621.51,0
W004420,57.41,1,56.6,2,1251.97,0
W004421,58.1,1,61.3,2,1329.39,0
W004422,28.98,0,51.6,2,168.11,0
W004423,62.08,1,85.5,5,622.22,0
W004424,29.43,0,5.4,3,16334.89,0
W004425,41.08,1,19.0,2,8273.15,0
W004426,29.52,0,23.6,5,3805.73,0
W004427,54.78,1,34.7,4,3740.02,0
W004428,7.21,0,23.9,1,4150.28,0
W004429,59.95,1,36.3,1,3704.75,0
W004430,0.0,0,28.9,6,14169.19,0
W004431,0.0,0,38.1,1,3902.89,0
W004432,32.31,1,53.8,6,64.93,0
W004433,15.76,0,34.2,1,2533.31,1
W004434,47.68,1,222.1,1,7350.25,0
W004435,12.29,0,103.8,5,4109.79,0
W004436,42.77,1,13.5,1,991.66,0
W004437,3.26,0,77.6,3,6542.47,0
W004438,8.11,0,9.9,1,1804.08,0
W004439,19.2,0,21.7,3,1709.55,0
W004440,4.88,0,27.0,3,9356.77,0
W004441,0.0,0,101.3,2,1708.38,0
W004442,21.52,0,75.3,4,1487.09,0
W004443,21.82,0,9.6,1,3426.77,1
W004444,29.01,0,128.2,4,2550.75,0
W004445,36.64,1,22.9,2,2102.15,0
W004446,59.9,1,139.6,2,24017.81,0
W004447,44.55,1,92.6,5,3446.44,0
W004448,16.85,0,31.8,2,5889.2,0
W004449,0.0,0,78.9,4,11645.88,0
W004450,33.59,1,77.4,2,1389.63,0
W004451,0.0,0,114.2,3,2658.92,0
W004452,30.68,1,28.3,1,4091.6,0
W004453,24.2,0,26.8,1,5055.82,0
W004454,34.41,1,98.6,2,5376.24,0
W004455,42.05,1,47.4,1,3132.14,0
W004456,34.03,1,18.7,4,11606.86,0
W004457,42.37,1,12.8,4,8705.96,0
W004458,0.0,0,28.4,4,4189.72,1
W004459,8.98,0,111.0,1,2434.39,0
W004460,37.33,1,109.7,6,764.72,0
W004461,34.96,1,5.7,3,33622.58,0
W004462,0.0,0,132.1,2,1189.52,0
W004463,25.71,0,5.5,1,7286.64,0
W004464,0.0,0,67.2,5,4569.37,0
W004465,8.13,0,28.5,2,15056.5,0
W004466,54.29,1,223.8,4,13598.72,0
W004467,34.76,1,89.6,5,81773.43,0
W004468,25.11,0,65.4,1,3776.53,0
W004469,37.35,1,75.1,2,4576.86,0
W004470,56.72,1,23.1,2,11953.23,0
W004471,36.81,1,32.5,4,6558.04,0
W004472,40.87,1,221.5,1,1858.99,0
W004473,22.05,0,132.9,3,7640.38,0
W004474,13.66,0,50.8,3,4284.22,0
W004475,39.9,1,55.8,4,1860.66,0
W004476,25.93,0,94.6,2,2037.32,0
W004477,24.91,0,28.9,2,622.87,0
W004478,16.92,0,23.1,1,3806.98,0
W004479,4.45,0,93.6,3,1325.85,0
W004480,31.35,1,108.5,2,1604.7,0
W004481,57.81,1,42.1,1,1476.55,0
W004482,40.2,1,36.6,2,8385.17,0
W004483,37.64,1,48.2,2,811.93,0
W004484,21.08,0,62.7,2,838.99,1
W004485,15.62,0,71.8,1,1789.71,0
W004486,25.82,0,75.8,1,3141.76,0
W004487,36.84,1,73.8,2,2325.62,0
W004488,26.51,0,62.8,3,1277.15,0
W004489,9.53,0,32.3,3,1462.48,1
W004490,44.35,1,45.4,3,4470.99,1
W004491,9.23,0,111.1,1,5588.4,0
W004492,24.15,0,25.2,2,17267.0,0
W004493,18.89,0,17.3,2,19405.12,0
W004494,14.2,0,6.7,1,4480.85,0
W004495,32.88,1,57.8,1,4300.3,0
W004496,46.73,1,42.5,1,5030.16,0
W004497,30.0,1,44.4,3,7959.33,0
W004498,50.98,1,27.4,1,5670.99,0
W004499,16.5,0,71.8,2,3292.85,0
W004500,37.94,1,33.2,5,3613.96,0
W004501,39.03,1,121.5,4,5124.06,0
W004502,56.42,1,39.7,2,2096.04,0
W004503,38.81,1,105.8,2,1454.88,0
W004504,27.62,0,97.1,2,2212.17,0
W004505,41.2,1,45.9,3,11868.98,0
W004506,32.84,1,16.3,3,5117.57,1
W004507,44.26,1,55.7,3,2316.78,0
W004508,49.41,1,25.3,2,2161.21,0
W004509,14.68,0,27.6,1,6810.73,0
W004510,36.07,1,7.7,1,29941.63,0
W004511,52.53,1,15.1,3,16466.72,0
W004512,46.03,1,12.6,1,1833.17,0
W004513,33.83,1,156.8,1,21268.67,0
W004514,38.39,1,19.3,4,1328.03,0
W004515,5.77,0,136.0,1,806.54,0
W004516,22.42,0,32.8,3,4354.56,0
W004517,28.03,0,5.9,1,12076.62,0
W004518,32.57,1,100.5,3,6689.5,0
W004519,44.15,1,43.1,3,2632.68,0
W004520,14.51,0,69.2,1,1371.5,0
W004521,42.62,1,17.6,4,2825.42,0
W004522,39.2,1,143.1,2,752.36,0
W004523,37.06,1,188.2,2,12591.89,0
W004524,20.84,0,93.9,3,2913.36,0
W004525,7.11,0,108.8,2,9202.33,0
W004526,13.77,0,21.1,4,1624.26,1
W004527,22.85,0,22.0,1,13516.63,0
W004528,27.22,0,111.1,2,2756.56,0
W004529,29.31,0,49.4,1,2189.02,1
W004530,42.73,1,56.0,1,8857.32,0
W004531,26.96,0,51.7,2,7493.54,0
W004532,47.26,1,53.6,1,1797.81,0
W004533,16.45,0,86.5,4,1899.57,0
W004534,75.14,1,5.1,1,1265.97,1
W004535,62.65,1,59.4,1,12861.74,0
W004536,16.97,0,59.7,4,11604.71,0
W004537,8.07,0,32.8,1,3184.07,0
W004538,20.27,0,152.3,3,3917.79,0
W004539,1.03,0,10.4,6,4016.38,0
W004540,13.86,0,82.5,2,31563.38,0
W004541,21.18,0,102.1,4,24238.62,0
W004542,20.91,0,66.0,2,3187.02,0
W004543,59.58,1,154.3,1,1698.1,1
W004544,12.8,0,8.1,1,5479.95,0
W004545,22.85,0,29.4,1,3661.38,0
W004546,52.63,1,80.7,1,3823.18,0
W004547,36.89,1,10.9,1,9010.63,0
W004548,24.67,0,121.0,5,8939.17,0
W004549,25.3,0,37.9,2,6912.2,1
W004550,36.74,1,11.0,4,1584.13,0
W004551,42.34,1,82.7,4,2326.65,0
W004552,0.0,0,95.8,2,15578.15,0
W004553,28.23,0,34.3,2,3858.76,0
W004554,44.45,1,123.9,3,2730.61,0
W004555,48.55,1,284.4,2,3303.52,0
W004556,40.27,1,140.4,4,26499.93,0
W004557,19.77,0,11.9,1,2885.81,0
W004558,12.02,0,142.2,5,3355.42,0
W004559,21.95,0,25.4,1,2870.92,0
W004560,51.22,1,52.1,4,1032.39,0
W004561,44.41,1,41.6,4,3006.8,0
W004562,35.99,1,22.7,3,28639.92,0
W004563,26.44,0,59.3,2,1492.25,0
W004564,19.1,0,131.8,3,537.28,0
W004565,45.55,1,51.8,6,4973.23,0
W004566,27.15,0,99.7,1,653.61,0
W004567,31.45,1,51.9,2,9771.52,0
W004568,19.16,0,49.3,4,14032.44,0
W004569,8.8,0,34.0,6,1953.01,0
W004570,12.73,0,21.4,3,2920.75,0
W004571,27.74,0,91.9,2,5184.76,0
W004572,4.24,0,21.1,5,11283.07,0
W004573,17.47,0,108.8,2,3014.33,1
W004574,22.89,0,54.6,2,9478.4,1
W004575,29.94,0,28.4,2,1463.82,1
W004576,48.56,1,61.8,2,6058.21,0
W004577,37.92,1,18.7,1,2028.29,1
W004578,31.53,1,65.5,6,652.45,0
W004579,4.21,0,31.4,2,3381.91,0
W004580,23.66,0,34.2,1,5118.99,0
W004581,39.59,1,87.4,1,1419.33,0
W004582,38.16,1,26.0,2,7827.49,1
W004583,44.69,1,86.5,4,5292.28,0
W004584,59.6,1,30.3,1,1002.09,1
W004585,47.27,1,91.7,1,1081.38,0
W004586,8.68,0,60.7,2,2168.46,0
W004587,33.61,1,105.9,5,4104.06,0
W004588,30.15,1,45.2,2,1148.9,0
W004589,24.85,0,38.8,1,28493.27,0
W004590,60.65,1,79.4,1,6412.33,1
W004591,22.64,0,100.9,2,739.11,0
W004592,24.55,0,41.4,3,21842.31,0
W004593,32.81,1,75.7,2,3557.93,0
W004594,38.52,1,61.6,1,4670.83,0
W004595,34.36,1,140.2,2,3637.71,0
W004596,12.96,0,32.2,2,777.43,0
W004597,15.19,0,50.0,2,892.04,0
W004598,54.61,1,51.5,4,1497.52,1
W004599,36.0,1,129.4,1,4710.0,0
W004600,65.66,1,18.0,3,1039.35,0
W004601,26.53,0,51.4,2,3368.82,0
W004602,29.28,0,30.9,5,2482.14,0
W004603,23.18,0,99.4,4,8534.88,0
W004604,28.36,0,26.4,2,9572.42,1
W004605,14.89,0,37.4,4,4765.71,0
W004606,8.93,0,40.3,1,6641.53,1
W004607,16.33,0,4.6,2,15220.0,0
W004608,31.15,1,39.6,3,4535.11,0
W004609,35.4,1,11.7,5,4098.92,0
W004610,32.39,1,119.8,1,2928.54,0
W004611,48.08,1,33.4,1,8632.31,0
W004612,34.28,1,74.1,4,3478.22,1
W004613,14.44,0,67.2,6,1962.86,0
W004614,46.07,1,30.7,2,3313.68,0
W004615,19.64,0,14.3,2,3296.0,0
W004616,27.33,0,46.6,1,1957.32,0
W004617,37.86,1,10.1,1,1963.04,0
W004618,47.43,1,41.4,2,1980.19,0
W004619,41.87,1,108.8,2,2696.69,0
W004620,24.4,0,17.0,2,7317.5,0
W004621,15.41,0,39.4,4,15613.8,0
W004622,39.51,1,14.1,2,1411.56,0
W004623,11.48,0,21.6,1,1251.54,0
W004624,3.25,0,44.0,2,1606.86,1
W004625,8.16,0,47.3,1,4761.76,0
W004626,62.38,1,50.8,3,18127.05,0
W004627,50.8,1,32.4,1,7496.5,0
W004628,18.87,0,40.9,1,14858.56,0
W004629,31.87,1,15.8,1,2566.22,0
W004630,26.32,0,85.4,1,1119.05,0
W004631,58.72,1,80.1,1,2117.23,0
W004632,29.38,0,28.0,1,15079.7,1
W004633,76.22,1,55.5,4,4146.53,1
W004634,3.73,0,19.1,3,2450.08,0
W004635,17.24,0,123.1,2,463.09,0
W004636,57.48,1,4.9,5,3217.0,0
W004637,13.15,0,45.2,2,942.16,0
W004638,6.73,0,70.1,2,11110.92,0
W004639,0.0,0,89.2,2,5318.56,0
W004640,13.91,0,94.3,5,3356.48,0
W004641,11.74,0,50.9,3,14425.97,0
W004642,51.45,1,41.1,2,2411.39,0
W004643,30.75,1,78.4,1,680.16,0
W004644,11.83,0,24.0,1,1942.61,0
W004645,35.99,1,127.0,4,1066.2,0
W004646,32.86,1,27.9,1,9703.33,0
W004647,58.12,1,93.2,2,899.64,0
W004648,35.34,1,127.8,4,595.05,0
W004649,45.54,1,5.4,3,12052.1,0
W004650,65.54,1,77.9,3,4524.16,0
W004651,5.26,0,61.7,4,18274.28,0
W004652,33.86,1,108.0,4,6560.81,0
W004653,62.34,1,54.1,2,7049.13,0
W004654,2.03,0,56.5,3,1536.35,0
W004655,70.82,1,45.9,3,11386.9,1
W004656,22.85,0,29.0,5,12799.07,0
W004657,25.69,0,45.5,2,1874.1,0
W004658,27.41,0,53.0,5,870.25,0
W004659,34.33,1,39.6,3,3235.44,0
W004660,74.42,1,86.3,5,8608.44,0
W004661,42.68,1,150.1,1,659.42,0
W004662,9.35,0,47.3,1,4229.44,0
W004663,36.8,1,69.8,3,2470.02,0
W004664,14.94,0,47.9,5,2459.71,0
W004665,48.18,1,51.9,1,1054.53,0
W004666,47.72,1,30.1,2,2681.69,0
W004667,11.46,0,22.3,1,12312.96,0
W004668,41.94,1,67.7,3,1182.51,0
W004669,39.01,1,43.9,6,782.34,0
W004670,22.76,0,69.3,1,47266.87,0
W004671,29.69,0,19.5,1,5928.17,0
W004672,42.56,1,15.1,1,14202.39,0
W004673,42.89,1,30.8,2,5076.43,0
W004674,43.08,1,8.1,2,1713.83,0
W004675,29.79,0,35.9,1,10503.32,0
W004676,19.79,0,81.9,5,5057.89,1
W004677,41.64,1,52.3,4,1101.47,0
W004678,43.28,1,63.3,2,625.04,1
W004679,32.98,1,193.9,3,4358.01,0
W004680,29.04,0,28.8,1,5919.46,1
W004681,39.69,1,48.7,1,352.93,0
W004682,50.53,1,90.0,5,1062.12,0
W004683,42.64,1,109.6,3,10010.09,0
W004684,20.99,0,60.4,2,2561.25,0
W004685,21.93,0,29.4,4,1460.33,0
W004686,5.29,0,105.7,1,1775.2,0
W004687,13.55,0,147.9,2,1044.39,0
W004688,43.84,1,94.3,2,20865.23,0
W004689,25.9,0,54.9,1,35289.27,1
W004690,21.22,0,82.1,2,2659.99,0
W004691,49.36,1,77.5,1,3220.18,0
W004692,28.36,0,12.0,2,26299.6,0
W004693,35.66,1,64.3,4,7665.04,0
W004694,30.47,1,114.0,1,8917.68,0
W004695,51.87,1,40.2,1,21147.3,1
W004696,29.53,0,97.0,5,1158.1,0
W004697,32.25,1,24.0,1,16989.92,0
W004698,16.49,0,20.8,1,1615.41,1
W004699,48.28,1,110.1,3,1193.53,0
W004700,30.97,1,154.1,3,84518.36,0
W004701,24.49,0,32.2,3,5293.22,0
W004702,22.82,0,33.2,1,1778.21,0
W004703,54.56,1,66.2,1,1754.28,0
W004704,57.8,1,112.4,1,2049.23,0
W004705,35.79,1,60.6,5,8455.0,1
W004706,47.45,1,46.3,3,7201.19,0
W004707,43.27,1,10.4,2,1920.62,1
W004708,52.0,1,113.0,1,258.65,0
W004709,31.61,1,62.3,2,2402.75,0
W004710,22.73,0,46.2,2,4409.05,0
W004711,72.53,1,75.0,2,3417.73,1
W004712,29.88,0,69.7,4,1210.41,0
W004713,10.37,0,65.0,2,1763.05,0
W004714,20.72,0,16.5,1,666.16,1
W004715,27.18,0,99.0,2,2280.74,0
W004716,36.77,1,68.7,1,1902.58,0
W004717,25.98,0,84.2,1,2758.19,0
W004718,52.81,1,123.0,2,4229.0,0
W004719,39.46,1,3.4,4,835.2,0
W004720,23.23,0,118.7,4,3052.98,0
W004721,47.07,1,38.6,1,2357.87,0
W004722,33.59,1,27.2,2,544.72,1
W004723,27.65,0,23.5,1,1122.39,0
W004724,36.66,1,135.9,2,3292.81,0
W004725,15.54,0,47.3,2,23938.76,0
W004726,21.2,0,53.0,4,5343.13,0
W004727,29.93,0,84.8,1,3212.81,0
W004728,38.03,1,60.3,3,5656.42,0
W004729,4.13,0,39.1,1,2145.57,0
W004730,9.9,0,29.4,2,4316.34,0
W004731,14.22,0,66.0,4,31733.26,0
W004732,22.76,0,39.3,3,5128.71,1
W004733,18.1,0,27.9,3,4143.23,0
W004734,46.67,1,65.9,2,4452.54,0
W004735,47.58,1,43.5,3,15601.62,0
W004736,64.34,1,25.1,5,9706.69,0
W004737,38.74,1,31.6,3,2663.87,0
W004738,16.67,0,125.9,4,2100.03,0
W004739,28.82,0,109.0,1,12384.69,0
W004740,48.81,1,4.5,2,1950.56,1
W004741,51.89,1,108.6,1,10505.68,0
W004742,42.55,1,174.7,6,2212.1,0
W004743,27.57,0,68.8,2,11522.43,0
W004744,55.02,1,86.6,3,379.45,0
W004745,45.93,1,4.8,2,6475.07,0
W004746,2.78,0,39.9,2,1951.87,0
W004747,19.8,0,87.4,2,3654.65,0
W004748,26.61,0,44.6,2,3587.33,0
W004749,51.9,1,46.8,1,19711.42,0
W004750,9.44,0,92.0,1,3018.61,0
W004751,40.74,1,21.9,2,1183.16,0
W004752,40.53,1,23.3,3,2483.63,0
W004753,9.61,0,37.6,2,5724.46,0
W004754,44.84,1,68.6,2,1262.2,0
W004755,15.73,0,62.5,1,4777.82,0
W004756,29.16,0,28.7,2,2189.15,0
W004757,14.95,0,37.1,3,5189.4,0
W004758,51.5,1,32.8,1,1038.32,0
W004759,54.67,1,112.8,4,5493.18,0
W004760,45.24,1,16.2,1,12657.87,0
W004761,48.95,1,46.1,2,5288.07,0
W004762,20.72,0,79.2,1,628.33,0
W004763,35.49,1,74.3,1,1701.86,1
W004764,41.79,1,93.6,3,4784.75,0
W004765,42.01,1,37.4,5,959.02,0
W004766,0.0,0,46.0,2,1808.99,0
W004767,4.44,0,50.2,5,12850.07,0
W004768,24.89,0,215.2,3,2546.81,0
W004769,52.04,1,26.8,1,3126.44,0
W004770,34.09,1,84.5,4,2360.76,0
W004771,26.99,0,48.7,1,813.32,1
W004772,41.13,1,83.2,1,9169.79,0
W004773,2.72,0,68.8,2,1362.4,0
W004774,26.06,0,18.0,3,5668.36,1
W004775,39.83,1,128.1,2,1342.78,0
W004776,30.48,1,30.2,2,2254.89,0
W004777,37.07,1,41.4,3,9116.28,0
W004778,28.84,0,207.5,1,1929.33,0
W004779,33.56,1,55.4,2,6241.59,0
W004780,16.24,0,26.5,4,987.06,0
W004781,35.43,1,52.5,1,4784.9,1
W004782,46.29,1,64.5,1,7263.15,0
W004783,24.68,0,59.1,2,925.62,0
W004784,60.63,1,43.8,1,6594.69,0
W004785,18.14,0,21.7,4,8950.07,0
W004786,24.94,0,30.5,1,49145.41,0
W004787,5.64,0,10.5,5,1671.23,1
W004788,23.08,0,126.2,3,514.03,1
W004789,50.2,1,69.1,1,8031.21,0
W004790,23.5,0,94.5,2,4206.27,0
W004791,33.04,1,115.4,1,1010.37,0
W004792,24.92,0,67.2,2,5893.56,0
W004793,34.42,1,104.9,2,31508.12,0
W004794,33.03,1,52.5,3,20903.48,0
W004795,21.11,0,82.6,6,595.31,0
W004796,2.12,0,63.9,2,11600.3,0
W004797,12.61,0,29.1,1,1057.08,0
W004798,41.16,1,15.8,6,3080.52,1
W004799,12.14,0,72.5,2,3473.96,0
W004800,42.69,1,35.3,1,1614.15,0
W004801,41.37,1,19.8,1,963.22,0
W004802,0.0,0,105.9,1,5806.61,0
W004803,41.83,1,31.8,3,10289.42,0
W004804,9.78,0,109.7,1,1096.28,0
W004805,33.64,1,49.4,2,7907.76,0
W004806,33.57,1,47.9,1,6046.36,0
W004807,18.68,0,92.8,2,4224.23,0
W004808,35.96,1,52.6,5,5971.29,0
W004809,42.28,1,109.0,3,10787.11,0
W004810,41.74,1,68.6,3,5050.81,0
W004811,0.46,0,62.1,5,3134.53,0
W004812,27.97,0,76.3,1,1417.91,0
W004813,43.05,1,17.5,1,406.36,0
W004814,33.42,1,16.2,3,4118.31,0
W004815,13.85,0,49.7,2,857.9,0
W004816,3.73,0,50.4,3,998.29,0
W004817,24.08,0,23.5,3,7102.25,0
W004818,3.47,0,40.7,2,2562.53,1
W004819,19.79,0,45.1,5,3874.88,0
W004820,23.58,0,61.5,2,2347.47,0
W004821,37.01,1,96.4,2,1885.98,0
W004822,30.52,1,86.3,5,3783.56,0
W004823,43.46,1,50.2,2,3446.68,0
W004824,32.5,1,35.0,4,2301.68,0
W004825,23.81,0,73.3,4,2338.18,0
W004826,16.85,0,52.6,2,2933.8,0
W004827,29.42,0,26.9,4,3600.32,1
W004828,31.26,1,89.4,1,9029.77,0
W004829,8.8,0,64.8,1,3254.39,0
W004830,39.1,1,68.9,1,1473.68,0
W004831,17.45,0,36.4,3,28478.94,0
W004832,16.21,0,57.2,2,1041.21,0
W004833,0.28,0,31.7,2,954.25,0
W004834,48.63,1,79.3,3,7079.15,0
W004835,31.55,1,51.5,2,1333.59,1
W004836,35.84,1,168.7,2,2849.93,0
W004837,10.97,0,105.2,1,6583.07,0
W004838,60.6,1,41.8,1,1730.6,0
W004839,23.99,0,7.8,4,5162.99,0
W004840,45.92,1,87.4,4,3554.02,0
W004841,1.82,0,75.9,4,19920.55,0
W004842,33.96,1,23.5,3,12652.95,0
W004843,18.8,0,38.7,3,2009.41,1
W004844,18.32,0,111.8,2,1443.93,0
W004845,39.53,1,15.1,3,2277.74,0
W004846,13.68,0,104.5,2,11125.19,0
W004847,69.05,1,148.6,4,21516.84,0
W004848,0.0,0,67.6,2,2009.01,0
W004849,15.39,0,46.8,1,1113.75,0
W004850,0.0,0,165.1,3,8219.25,0
W004851,14.95,0,27.1,2,15574.73,0
W004852,48.51,1,148.4,5,4312.73,1
W004853,4.04,0,28.8,1,1928.88,0
W004854,44.02,1,83.2,2,1307.15,0
W004855,22.8,0,78.1,3,4941.73,0
W004856,35.38,1,96.6,4,1904.0,1
W004857,30.13,1,21.0,4,8568.32,0
W004858,13.94,0,65.8,1,15555.52,0
W004859,34.82,1,80.9,1,658.89,0
W004860,58.12,1,104.2,1,19377.37,0
W004861,47.91,1,112.0,5,7427.79,0
W004862,39.94,1,171.5,2,8745.71,0
W004863,42.77,1,118.5,3,11941.92,0
W004864,19.79,0,41.1,2,10959.2,0
W004865,34.75,1,83.7,1,2007.62,0
W004866,62.03,1,10.9,5,748.06,0
W004867,57.02,1,37.8,3,11756.11,0
W004868,32.11,1,2.8,2,5822.01,0
W004869,47.32,1,54.3,2,4995.97,1
W004870,35.74,1,105.3,2,5718.11,0
W004871,20.98,0,136.6,3,3409.36,0
W004872,17.9,0,7.7,1,5293.39,0
W004873,24.64,0,67.9,2,6208.77,0
W004874,43.23,1,72.4,1,7355.78,0
W004875,5.81,0,38.5,2,837.92,0
W004876,34.01,1,30.4,1,1609.37,0
W004877,17.26,0,28.9,5,5558.9,0
W004878,43.44,1,37.5,1,32637.44,0
W004879,18.78,0,45.8,1,350.95,0
W004880,20.66,0,42.3,2,8786.38,0
W004881,34.39,1,40.8,3,697.81,0
W004882,24.07,0,101.0,3,2669.63,0
W004883,47.43,1,31.0,3,2884.17,0
W004884,40.26,1,15.9,3,9103.0,0
W004885,7.02,0,56.5,4,1168.55,0
W004886,0.0,0,49.6,4,997.17,0
W004887,42.7,1,114.5,1,2805.6,0
W004888,25.14,0,44.2,2,5727.35,0
W004889,13.08,0,33.2,2,2749.27,0
W004890,38.66,1,106.7,3,10971.19,0
W004891,33.68,1,83.5,3,1170.82,0
W004892,54.31,1,16.7,2,2216.99,0
W004893,45.11,1,47.1,6,6155.57,0
W004894,50.66,1,142.4,3,2241.84,0
W004895,3.76,0,188.4,3,1030.95,0
W004896,20.73,0,19.0,1,452.48,0
W004897,30.73,1,24.0,1,8039.03,0
W004898,17.47,0,6.1,1,3005.52,0
W004899,37.92,1,16.3,2,2416.64,0
W004900,35.48,1,58.8,2,1527.33,0
W004901,15.02,0,98.2,2,3064.35,0
W004902,21.52,0,48.7,2,2273.05,0
W004903,39.56,1,176.3,1,9687.97,0
W004904,29.89,0,55.6,1,8669.36,0
W004905,16.95,0,41.4,5,2802.89,0
W004906,41.35,1,9.5,1,2444.88,0
W004907,40.53,1,64.4,2,2379.37,0
W004908,17.57,0,45.0,4,20773.75,0
W004909,0.0,0,42.5,2,5716.49,0
W004910,0.0,0,40.1,4,7591.0,0
W004911,29.54,0,69.3,1,1761.46,0
W004912,47.11,1,35.8,3,1488.72,1
W004913,7.07,0,58.2,2,3576.57,0
W004914,21.41,0,85.8,1,4410.67,0
W004915,26.44,0,3.2,2,8571.25,1
W004916,11.17,0,45.8,1,17955.06,0
W004917,40.05,1,86.1,5,23756.97,0
W004918,42.6,1,48.7,2,1639.33,0
W004919,6.48,0,42.1,2,3548.86,0
W004920,12.08,0,120.5,1,2549.28,0
W004921,3.06,0,47.3,3,5274.22,0
W004922,34.22,1,59.9,4,745.86,0
W004923,21.07,0,84.8,4,354.05,0
W004924,17.59,0,21.4,4,439.6,0
W004925,32.91,1,62.9,1,4790.21,0
W004926,42.1,1,83.6,1,11492.6,0
W004927,19.59,0,158.5,1,1914.57,0
W004928,6.76,0,79.9,4,3992.74,0
W004929,16.73,0,16.0,1,10981.03,0
W004930,26.71,0,62.5,3,24665.29,0
W004931,36.51,1,81.7,4,6219.95,0
W004932,18.12,0,52.9,2,4868.77,0
W004933,28.07,0,102.0,1,19709.96,0
W004934,8.46,0,50.1,1,5261.53,0
W004935,21.64,0,111.5,1,904.91,0
W004936,33.25,1,84.6,2,3190.12,0
W004937,24.39,0,40.9,3,2811.41,1
W004938,25.29,0,80.8,3,535.16,0
W004939,47.63,1,53.3,3,724.26,0
W004940,38.79,1,44.0,2,1053.28,0
W004941,42.69,1,35.5,1,14725.65,0
W004942,46.96,1,41.5,2,1950.46,0
W004943,0.0,0,12.9,1,729.62,0
W004944,0.0,0,96.2,2,5718.63,0
W004945,34.99,1,55.7,5,570.13,0
W004946,2.0,0,139.2,2,893.36,0
W004947,23.15,0,53.6,2,7819.44,0
W004948,15.33,0,105.3,5,983.59,0
W004949,9.2,0,32.3,1,370.22,0
W004950,0.0,0,130.2,6,1349.03,0
W004951,21.69,0,45.3,2,9190.5,0
W004952,40.81,1,36.8,3,2218.94,0
W004953,32.56,1,32.7,1,2011.4,0
W004954,0.0,0,16.9,4,24109.52,0
W004955,14.64,0,142.8,3,4097.41,0
W004956,11.07,0,223.7,2,7455.09,0
W004957,7.19,0,74.1,3,774.07,0
W004958,27.22,0,13.8,1,3506.25,0
W004959,45.74,1,28.6,2,2725.83,0
W004960,0.0,0,28.1,4,6474.52,0
W004961,27.28,0,48.0,5,13716.93,0
W004962,41.41,1,52.6,1,1684.56,0
W004963,46.53,1,12.4,6,2860.69,0
W004964,15.08,0,16.3,3,2380.58,0
W004965,0.0,0,86.8,4,16136.31,0
W004966,37.6,1,33.2,1,1383.18,0
W004967,4.25,0,30.0,2,1766.18,0
W004968,19.09,0,60.2,3,1078.15,0
W004969,27.55,0,148.4,1,12375.38,0
W004970,41.9,1,28.7,2,6523.04,0
W004971,15.66,0,75.8,3,6728.99,0
W004972,19.29,0,11.0,3,7972.38,0
W004973,35.18,1,76.6,3,6105.96,0
W004974,71.47,1,87.2,3,4578.5,0
W004975,31.76,1,141.8,6,1953.46,0
W004976,14.84,0,62.4,3,1027.78,0
W004977,6.18,0,22.6,2,1791.52,0
W004978,24.53,0,104.0,2,2562.28,0
W004979,26.47,0,8.6,3,1211.03,1
W004980,1.11,0,63.3,1,3893.27,1
W004981,45.05,1,15.8,4,854.04,0
W004982,19.16,0,37.0,3,1368.89,0
W004983,14.59,0,45.3,5,7088.44,0
W004984,25.92,0,78.9,1,4485.08,0
W004985,17.45,0,53.8,2,13663.7,1
W004986,9.88,0,14.2,6,2800.07,0
W004987,4.12,0,106.9,1,23291.72,0
W004988,35.16,1,46.6,5,3370.89,0
W004989,0.0,0,80.3,2,1855.5,0
W004990,34.75,1,61.2,2,2987.99,0
W004991,17.72,0,64.0,1,2619.7,0
W004992,18.93,0,29.5,2,2240.3,0
W004993,57.27,1,22.8,1,3553.96,1
W004994,55.9,1,36.4,4,227.27,0
W004995,25.17,0,41.9,3,446.18,0
W004996,15.19,0,101.5,2,28931.6,0
W004997,56.54,1,36.0,1,5033.76,0
W004998,6.04,0,76.4,1,9609.11,0
W004999,34.76,1,105.9,2,2323.47,0
W005000,39.61,1,41.4,1,390.34,0
W005001,70.62,1,38.4,3,2834.44,1
W005002,25.8,0,70.0,1,1261.89,0
W005003,30.71,1,219.2,1,1664.57,0
W005004,28.19,0,30.8,4,1604.99,0
W005005,35.82,1,86.2,2,767.36,0
W005006,42.44,1,88.0,1,2278.91,0
W005007,42.1,1,32.3,2,4646.0,0
W005008,23.14,0,94.8,3,2668.98,0
W005009,8.48,0,48.8,6,9946.92,0
W005010,14.19,0,104.2,3,2957.14,0
W005011,44.57,1,71.1,2,7172.34,0
W005012,0.0,0,30.3,1,2385.92,0
W005013,0.0,0,95.9,3,11395.86,0
W005014,52.42,1,61.4,3,8025.14,0
W005015,16.39,0,55.6,4,2896.69,0
W005016,23.72,0,8.4,1,2482.53,0
W005017,79.09,1,71.9,2,262.38,0
W005018,33.98,1,67.0,2,1970.57,0
W005019,32.8,1,43.1,2,788.95,0
W005020,31.98,1,11.8,4,7883.95,0
W005021,7.8,0,5.8,3,11443.84,0
W005022,43.14,1,63.8,3,7669.2,1
W005023,35.8,1,51.4,3,1214.15,0
W005024,47.75,1,171.3,2,4881.5,0
W005025,43.19,1,85.1,1,1877.13,0
W005026,34.54,1,31.9,2,15801.78,0
W005027,0.0,0,80.3,4,2168.19,0
W005028,19.47,0,48.8,2,1664.98,0
W005029,30.73,1,19.3,1,6312.1,0
W005030,77.79,1,29.9,2,4636.21,0
W005031,36.75,1,73.7,1,241.7,0
W005032,24.74,0,76.5,5,3723.12,0
W005033,15.94,0,27.5,3,918.34,0
W005034,81.71,1,9.2,1,2277.0,1
W005035,52.26,1,42.9,3,3091.19,0
W005036,3.43,0,115.1,1,3170.31,0
W005037,38.91,1,20.0,2,16004.84,0
W005038,21.72,0,134.3,2,28709.08,0
W005039,10.89,0,29.2,3,1640.15,0
W005040,51.7,1,31.5,1,13779.91,0
W005041,32.22,1,55.5,2,68492.76,0
W005042,33.21,1,17.6,3,8638.56,0
W005043,16.3,0,107.6,2,6920.61,0
W005044,45.85,1,102.4,3,10720.96,0
W005045,37.22,1,23.6,3,1537.97,0
W005046,27.5,0,98.8,3,1373.09,0
W005047,76.04,1,41.6,1,490.29,1
W005048,53.12,1,45.3,1,4692.12,0
W005049,41.85,1,16.3,2,4123.34,0
W005050,51.3,1,35.9,4,20606.64,0
W005051,49.68,1,11.8,1,4518.85,0
W005052,21.25,0,17.1,1,11890.58,1
W005053,38.81,1,113.1,2,1336.74,0
W005054,7.18,0,92.2,1,2968.03,0
W005055,32.23,1,188.4,5,1607.46,0
W005056,32.53,1,20.6,1,4810.49,0
W005057,16.68,0,55.6,3,4212.25,0
W005058,40.93,1,54.1,1,26990.68,0
W005059,36.07,1,121.1,1,3261.72,0
W005060,39.54,1,47.0,3,11690.38,0
W005061,33.29,1,8.8,1,1162.0,0
W005062,24.23,0,69.0,2,6724.39,0
W005063,15.83,0,23.5,2,2328.4,0
W005064,21.04,0,62.0,5,4999.43,0
W005065,21.32,0,107.6,2,3003.21,0
W005066,23.92,0,19.5,3,6609.61,0
W005067,11.98,0,145.1,1,5802.72,0
W005068,12.75,0,41.9,3,392.74,0
W005069,0.0,0,179.2,2,1917.27,0
W005070,25.84,0,153.3,2,8372.35,0
W005071,26.86,0,83.0,1,1633.09,1
W005072,23.27,0,53.3,3,8864.65,0
W005073,8.8,0,74.9,1,4060.99,0
W005074,44.06,1,105.4,1,2377.04,0
W005075,14.37,0,46.2,2,15602.74,0
W005076,30.1,1,91.4,1,2702.51,0
W005077,39.66,1,29.1,1,6235.91,0
W005078,49.2,1,2.6,3,7713.85,1
W005079,14.92,0,91.7,3,1016.38,0
W005080,5.36,0,106.7,1,31488.29,0
W005081,14.85,0,61.5,3,5716.38,0
W005082,43.93,1,43.6,3,5807.95,1
W005083,51.22,1,8.0,3,3129.27,0
W005084,28.74,0,30.2,4,4910.7,0
W005085,42.73,1,40.5,2,5343.45,0
W005086,25.03,0,60.4,1,5164.07,0
W005087,30.96,1,49.3,5,3574.39,0
W005088,25.44,0,21.9,2,6933.64,0
W005089,59.66,1,61.3,1,21729.23,0
W005090,40.94,1,19.1,3,1792.41,0
W005091,37.16,1,47.1,3,1136.24,0
W005092,33.12,1,15.5,1,6898.73,0
W005093,40.38,1,61.3,1,24208.19,0
W005094,26.11,0,78.3,5,2894.7,0
W005095,25.2,0,177.9,1,11241.35,0
W005096,34.6,1,40.6,4,1853.63,1
W005097,11.04,0,47.5,2,19660.91,0
W005098,31.25,1,24.3,1,1558.33,0
W005099,41.42,1,56.4,2,12125.73,0
W005100,29.74,0,35.3,5,732.53,0
W005101,44.6,1,121.1,4,679.71,1
W005102,49.06,1,38.7,2,2772.31,0
W005103,23.06,0,90.7,1,1828.63,0
W005104,51.77,1,147.9,1,2849.7,0
W005105,14.95,0,25.9,3,8009.41,0
W005106,49.17,1,6.8,2,4345.42,0
W005107,6.56,0,92.9,3,8989.44,0
W005108,27.96,0,53.2,1,8491.62,0
W005109,25.41,0,36.8,1,4142.35,0
W005110,44.0,1,55.1,3,1384.19,0
W005111,33.78,1,18.0,3,211.37,0
W005112,27.81,0,24.8,1,2023.34,0
W005113,22.8,0,24.7,2,2819.76,0
W005114,34.41,1,27.5,3,1618.06,0
W005115,22.09,0,62.2,1,1468.43,0
W005116,18.0,0,50.2,2,1772.26,0
W005117,19.59,0,126.3,2,3643.26,1
W005118,6.84,0,80.4,4,887.6,0
W005119,24.5,0,78.4,1,2273.28,0
W005120,53.17,1,5.3,3,2101.65,0
W005121,48.23,1,51.8,1,1842.95,0
W005122,65.22,1,72.9,4,772.69,0
W005123,44.64,1,136.7,2,426.49,1
W005124,2.0,0,29.3,4,2594.49,0
W005125,39.9,1,100.5,3,426.34,0
W005126,20.75,0,85.5,2,6417.16,0
W005127,49.92,1,116.7,2,846.23,0
W005128,1.19,0,9.5,1,5219.37,0
W005129,0.0,0,71.7,3,8053.83,0
W005130,19.07,0,45.7,4,2339.35,0
W005131,42.08,1,66.6,3,13903.45,0
W005132,24.24,0,16.6,1,8299.66,1
W005133,21.41,0,40.5,4,10251.61,0
W005134,22.57,0,35.4,1,13058.35,0
W005135,33.21,1,73.9,4,4553.77,0
W005136,28.09,0,51.4,2,9245.79,0
W005137,22.61,0,11.4,2,1810.48,0
W005138,0.0,0,71.2,3,5921.31,0
W005139,39.35,1,55.1,3,3101.53,0
W005140,40.56,1,61.2,2,1648.88,0
W005141,11.66,0,92.5,5,1655.4,0
W005142,27.53,0,39.4,2,4839.71,1
W005143,3.35,0,38.4,2,1208.33,0
W005144,27.72,0,14.6,2,402.57,0
W005145,6.8,0,97.6,1,8069.11,0
W005146,12.77,0,38.2,5,9673.66,1
W005147,19.32,0,37.3,1,1859.17,1
W005148,34.69,1,26.8,5,18073.14,1
W005149,39.73,1,157.2,3,7325.86,0
W005150,24.83,0,54.2,3,2115.34,0
W005151,21.22,0,15.4,2,7233.77,0
W005152,0.0,0,76.3,3,582.79,0
W005153,23.17,0,76.5,2,2049.24,0
W005154,43.3,1,43.8,5,1952.58,0
W005155,25.29,0,103.0,2,5380.04,0
W005156,7.08,0,39.1,1,4203.38,1
W005157,44.62,1,68.7,2,6514.23,0
W005158,3.96,0,49.3,1,3408.73,0
W005159,32.07,1,29.8,2,7064.15,0
W005160,48.61,1,108.5,1,995.18,0
W005161,13.05,0,82.1,1,1971.84,1
W005162,43.31,1,37.0,3,2382.29,0
W005163,0.0,0,36.3,2,4465.92,0
W005164,8.16,0,15.0,4,3746.63,0
W005165,45.8,1,19.5,1,343.33,0
W005166,10.51,0,61.8,5,4083.07,0
W005167,0.8,0,71.5,5,358.68,1
W005168,26.56,0,52.1,1,5752.04,0
W005169,32.03,1,87.3,4,3473.02,0
W005170,10.05,0,75.4,5,10924.97,0
W005171,48.0,1,92.6,1,3197.32,0
W005172,13.95,0,43.8,2,91093.38,1
W005173,57.64,1,83.5,3,467.6,0
W005174,52.02,1,19.3,6,674.55,0
W005175,61.58,1,92.3,3,6226.71,1
W005176,26.38,0,38.6,1,12846.3,0
W005177,0.0,0,60.5,1,6207.86,0
W005178,68.9,1,19.1,3,25163.64,0
W005179,41.17,1,54.7,3,622.05,0
W005180,44.69,1,34.8,4,2132.94,0
W005181,33.73,1,42.0,2,1785.61,0
W005182,44.66,1,53.5,2,5003.95,0
W005183,47.06,1,25.5,4,2681.82,0
W005184,22.68,0,186.5,1,8067.43,0
W005185,44.61,1,35.2,1,2326.9,0
W005186,19.98,0,29.5,1,1173.1,1
W005187,35.3,1,153.6,3,909.32,0
W005188,60.17,1,65.6,2,4421.77,0
W005189,40.67,1,32.7,2,11963.14,1
W005190,16.57,0,86.7,1,7529.86,0
W005191,29.31,0,31.3,5,5064.71,1
W005192,24.76,0,38.8,5,2857.4,0
W005193,32.05,1,48.1,2,1982.44,0
W005194,59.85,1,45.7,1,2580.82,1
W005195,8.04,0,70.3,3,14317.35,0
W005196,11.32,0,29.6,2,741.81,0
W005197,40.61,1,4.7,2,90.33,0
W005198,14.31,0,89.8,1,4789.8,0
W005199,39.57,1,115.4,6,3021.07,0
W005200,34.43,1,27.4,3,5427.52,0
W005201,9.0,0,85.7,3,4547.6,0
W005202,59.81,1,25.4,3,5597.74,0
W005203,46.43,1,23.6,2,3961.08,0
W005204,24.77,0,84.2,2,7437.35,0
W005205,16.25,0,105.0,5,10414.87,0
W005206,37.93,1,31.1,3,4038.58,0
W005207,12.9,0,51.1,2,5527.81,0
W005208,24.31,0,12.8,5,5263.43,0
W005209,48.81,1,7.7,2,2488.69,0
W005210,20.36,0,42.3,2,13333.7,0
W005211,42.27,1,21.7,2,3629.6,0
W005212,66.01,1,1.0,1,8174.19,1
W005213,20.39,0,8.9,2,2314.19,0
W005214,20.87,0,84.0,1,568.72,0
W005215,0.0,0,107.1,3,4364.14,0
W005216,43.67,1,44.1,3,6230.49,0
W005217,26.79,0,34.1,2,6472.53,1
W005218,68.03,1,46.9,4,1119.13,0
W005219,36.93,1,83.4,3,506.4,0
W005220,28.45,0,48.3,1,1104.22,0
W005221,28.82,0,109.1,2,17074.98,0
W005222,9.72,0,15.6,4,2386.0,0
W005223,30.2,1,48.5,1,11961.57,0
W005224,39.13,1,21.6,3,4198.68,0
W005225,15.8,0,41.5,2,6662.47,0
W005226,72.94,1,43.3,1,4900.41,0
W005227,5.6,0,72.7,1,4360.11,0
W005228,20.94,0,1.0,1,3531.53,1
W005229,0.0,0,11.9,3,1503.53,1
W005230,8.36,0,116.3,1,1670.72,0
W005231,58.59,1,14.1,2,111463.92,0
W005232,19.48,0,73.6,3,160.08,0
W005233,14.09,0,62.3,1,2371.22,0
W005234,36.5,1,33.2,1,2668.1,0
W005235,33.7,1,86.1,3,8399.28,0
W005236,34.6,1,87.5,2,2826.08,0
W005237,12.06,0,86.9,3,2033.83,0
W005238,44.32,1,33.0,1,12749.71,0
W005239,0.21,0,130.5,3,12533.59,0
W005240,10.99,0,81.6,2,2419.01,0
W005241,13.58,0,76.0,1,3381.86,1
W005242,42.97,1,42.9,1,7321.9,0
W005243,31.18,1,14.7,3,10564.07,0
W005244,35.85,1,57.9,4,5771.91,0
W005245,0.0,0,48.9,1,2919.9,0
W005246,23.86,0,31.3,2,4405.46,0
W005247,21.81,0,89.1,1,9557.63,0
W005248,7.14,0,127.3,1,1870.25,0
W005249,50.93,1,104.1,1,13438.67,0
W005250,25.38,0,7.3,2,12571.55,1
W005251,15.14,0,78.7,2,2440.29,0
W005252,14.96,0,40.0,2,1712.27,0
W005253,22.34,0,77.7,2,2298.54,0
W005254,0.0,0,43.0,2,2741.23,0
W005255,65.37,1,59.1,1,5459.75,0
W005256,38.31,1,82.4,4,2604.19,1
W005257,25.61,0,44.0,2,1071.91,0
W005258,32.53,1,178.6,5,448.11,0
W005259,7.95,0,68.6,2,2456.2,0
W005260,11.4,0,8.9,3,6751.5,0
W005261,58.06,1,16.6,3,2744.85,0
W005262,42.63,1,45.6,3,3731.31,0
W005263,40.8,1,47.3,1,21971.52,0
W005264,39.67,1,45.6,2,6775.44,1
W005265,25.64,0,5.4,2,1679.03,0
W005266,17.67,0,29.6,2,2583.17,0
W005267,41.88,1,78.9,2,756.44,0
W005268,36.09,1,46.4,1,7796.3,0
W005269,36.86,1,40.3,2,18559.26,0
W005270,39.89,1,42.7,5,9043.06,0
W005271,37.1,1,172.8,3,3275.91,0
W005272,6.31,0,122.3,2,4482.93,0
W005273,80.08,1,41.9,1,6992.21,0
W005274,12.05,0,74.4,4,2944.06,1
W005275,2.87,0,57.9,5,3028.47,0
W005276,32.09,1,21.1,3,2033.37,0
W005277,36.63,1,103.8,1,1906.38,0
W005278,22.28,0,48.5,3,2370.82,0
W005279,7.57,0,126.0,2,14228.25,0
W005280,0.0,0,22.6,3,2668.18,1
W005281,26.61,0,46.9,1,10523.95,1
W005282,8.38,0,101.1,3,4079.83,0
W005283,46.55,1,19.3,5,990.83,0
W005284,13.43,0,29.3,1,2454.23,0
W005285,29.33,0,31.1,1,4474.78,0
W005286,52.34,1,97.4,3,10057.73,1
W005287,26.37,0,43.9,6,18625.04,0
W005288,0.96,0,77.9,5,12864.81,0
W005289,26.1,0,52.8,4,9342.67,0
W005290,15.57,0,101.8,2,5687.0,0
W005291,44.33,1,83.6,3,1056.03,0
W005292,22.28,0,87.2,2,4161.89,0
W005293,31.14,1,38.6,4,7461.3,1
W005294,11.91,0,121.6,2,7507.73,0
W005295,53.86,1,11.7,2,376.24,0
W005296,29.98,0,42.4,1,1467.96,0
W005297,47.68,1,155.8,4,308.25,0
W005298,11.11,0,40.3,3,10954.21,0
W005299,38.95,1,64.4,1,13489.1,0
W005300,0.0,0,212.9,3,3154.13,0
W005301,30.68,1,27.7,3,6425.58,0
W005302,20.09,0,34.5,4,6061.33,0
W005303,55.25,1,96.4,4,2754.85,0
W005304,0.0,0,17.0,1,4690.16,0
W005305,28.54,0,23.0,4,5310.53,0
W005306,0.0,0,39.8,2,1210.45,0
W005307,15.43,0,44.1,2,2989.13,0
W005308,38.29,1,86.0,1,2175.06,0
W005309,54.17,1,66.9,3,3652.85,0
W005310,36.93,1,99.5,4,4929.45,0
W005311,27.87,0,14.5,5,11713.19,1
W005312,0.0,0,52.8,6,487.24,0
W005313,31.03,1,60.0,4,2874.99,0
W005314,44.18,1,55.8,2,7593.22,0
W005315,49.16,1,97.6,1,6574.61,0
W005316,11.43,0,15.5,5,1837.61,0
W005317,39.64,1,23.6,1,5635.14,0
W005318,40.52,1,109.1,4,3711.63,0
W005319,30.55,1,95.5,5,13453.4,0
W005320,19.84,0,74.3,5,4797.96,0
W005321,13.47,0,105.0,2,7477.96,0
W005322,24.98,0,81.1,2,4842.7,1
W005323,30.05,1,65.0,2,1396.04,0
W005324,0.0,0,59.8,3,8847.95,0
W005325,48.17,1,48.5,2,2361.24,0
W005326,44.12,1,28.9,1,2796.43,0
W005327,14.36,0,51.6,1,4806.47,1
W005328,8.44,0,59.1,1,9861.95,0
W005329,31.45,1,32.7,1,803.56,1
W005330,31.2,1,8.1,4,7410.07,0
W005331,36.29,1,110.5,1,1225.47,0
W005332,28.97,0,7.7,2,4361.01,0
W005333,33.48,1,91.0,2,16344.43,0
W005334,22.82,0,61.1,2,5798.56,0
W005335,24.12,0,165.7,2,1457.88,0
W005336,23.48,0,21.7,2,3739.35,0
W005337,31.18,1,69.1,4,1969.88,0
W005338,0.0,0,40.3,2,2300.22,0
W005339,23.44,0,90.1,3,4173.04,0
W005340,19.89,0,22.6,1,9893.04,0
W005341,24.42,0,26.6,3,2891.54,0
W005342,31.75,1,175.9,3,5621.25,0
W005343,20.29,0,106.0,4,3674.73,0
W005344,20.2,0,41.6,1,2716.6,0
W005345,0.0,0,71.9,2,1781.78,0
W005346,46.87,1,79.1,2,1409.54,1
W005347,11.55,0,31.8,3,2692.58,0
W005348,34.78,1,40.6,1,4079.5,0
W005349,7.16,0,24.7,1,10678.15,0
W005350,45.17,1,40.1,3,5532.36,0
W005351,30.07,1,14.5,1,2769.73,0
W005352,31.32,1,11.1,2,10843.95,0
W005353,70.28,1,122.5,3,11622.4,0
W005354,22.28,0,75.1,3,2200.96,0
W005355,16.39,0,19.3,3,92.04,1
W005356,42.43,1,21.3,1,8502.42,0
W005357,44.69,1,57.0,1,1556.08,0
W005358,29.35,0,17.0,1,3966.57,1
W005359,35.34,1,103.7,5,514.54,0
W005360,13.48,0,28.4,3,15897.19,1
W005361,32.16,1,21.1,3,2730.75,1
W005362,52.76,1,40.3,1,6652.97,1
W005363,34.62,1,66.8,3,1075.83,0
W005364,45.53,1,48.4,2,566.17,0
W005365,34.43,1,24.0,4,1223.39,0
W005366,20.0,0,132.3,1,5122.43,0
W005367,28.63,0,175.7,2,5986.34,0
W005368,12.0,0,19.9,5,2040.17,0
W005369,24.71,0,22.1,3,3469.74,1
W005370,20.63,0,12.0,4,2244.31,0
W005371,14.41,0,132.3,2,4625.28,0
W005372,29.85,0,136.4,4,1893.67,0
W005373,4.98,0,30.0,4,2358.38,0
W005374,33.34,1,63.5,1,3598.33,0
W005375,33.09,1,52.3,3,750.04,0
W005376,33.9,1,54.5,4,17130.73,0
W005377,31.33,1,40.7,5,2087.39,0
W005378,34.15,1,60.4,2,1322.81,0
W005379,59.95,1,48.3,4,8915.88,0
W005380,26.59,0,135.6,1,2579.9,0
W005381,58.96,1,53.9,1,16822.55,0
W005382,16.59,0,23.4,2,1026.24,0
W005383,31.51,1,118.5,2,2983.3,0
W005384,32.83,1,28.4,3,7763.97,0
W005385,35.81,1,73.7,5,707.83,0
W005386,42.68,1,41.9,2,17986.2,0
W005387,41.99,1,14.6,1,3244.16,0
W005388,7.43,0,29.6,3,1072.57,0
W005389,67.05,1,63.2,6,1662.78,0
W005390,58.27,1,89.5,1,1098.41,0
W005391,46.92,1,55.7,1,1489.53,0
W005392,35.82,1,44.5,3,3599.7,1
W005393,38.17,1,111.4,2,909.56,0
W005394,5.04,0,69.6,1,876.23,0
W005395,46.05,1,47.0,1,15584.01,0
W005396,0.0,0,24.0,2,2311.13,0
W005397,27.52,0,58.2,2,3959.38,0
W005398,19.16,0,22.5,2,12966.17,0
W005399,21.77,0,73.2,1,2355.65,0
W005400,13.66,0,175.6,6,19166.96,0
W005401,57.57,1,135.0,2,37653.75,0
W005402,49.95,1,24.3,3,9357.4,0
W005403,13.18,0,45.0,1,2645.36,0
W005404,22.36,0,24.5,1,668.71,0
W005405,4.24,0,25.2,2,3093.47,0
W005406,29.15,0,137.3,3,1050.68,0
W005407,55.28,1,11.4,2,8473.24,0
W005408,19.12,0,58.2,1,7095.61,0
W005409,22.08,0,54.6,1,4278.56,0
W005410,31.3,1,70.8,1,2616.31,0
W005411,44.77,1,76.6,2,7587.84,0
W005412,46.62,1,31.6,1,426.95,0
W005413,59.31,1,55.4,3,546.28,0
W005414,45.19,1,21.8,4,7956.95,0
W005415,41.0,1,37.9,3,6231.86,0
W005416,54.27,1,11.4,3,16352.48,0
W005417,39.37,1,63.0,4,3059.94,1
W005418,11.74,0,22.6,3,2714.55,0
W005419,0.0,0,62.4,3,2751.79,0
W005420,5.19,0,8.4,3,16870.56,0
W005421,19.33,0,47.7,2,1294.75,0
W005422,15.55,0,36.5,2,1745.77,0
W005423,17.47,0,13.5,1,9880.08,0
W005424,42.21,1,104.0,1,7510.59,0
W005425,18.09,0,34.3,3,5226.34,1
W005426,21.67,0,34.8,4,15813.07,0
W005427,63.96,1,28.4,1,5951.65,0
W005428,40.56,1,40.2,1,6056.7,0
W005429,49.69,1,30.1,3,1371.57,0
W005430,7.91,0,113.2,2,3648.51,0
W005431,0.0,0,63.3,2,5171.66,0
W005432,27.02,0,31.2,1,2852.14,0
W005433,43.59,1,30.2,4,7317.73,0
W005434,25.97,0,25.8,5,5626.19,0
W005435,40.66,1,50.6,2,16656.55,0
W005436,39.98,1,25.0,1,9066.67,0
W005437,22.97,0,31.2,1,4903.12,0
W005438,23.12,0,1.9,3,3606.91,0
W005439,38.11,1,53.0,4,3812.03,0
W005440,2.49,0,152.5,2,8430.48,1
W005441,4.46,0,65.7,1,3902.15,0
W005442,13.82,0,55.8,4,4196.99,0
W005443,0.16,0,50.7,2,5227.42,0
W005444,30.55,1,32.4,3,414.56,0
W005445,43.87,1,10.0,2,7424.74,0
W005446,23.21,0,143.9,1,3437.34,0
W005447,33.66,1,59.6,2,2774.17,0
W005448,17.99,0,29.9,1,178.1,0
W005449,26.53,0,29.3,1,2589.17,1
W005450,20.84,0,93.2,2,774.02,1
W005451,28.12,0,35.7,2,1101.05,0
W005452,18.04,0,60.1,2,2519.05,0
W005453,24.71,0,28.9,2,4039.29,0
W005454,34.9,1,79.4,1,29544.64,0
W005455,26.58,0,69.7,5,10767.45,0
W005456,37.87,1,76.0,6,1218.65,0
W005457,33.8,1,55.4,4,1907.27,0
W005458,40.51,1,102.9,2,3972.74,0
W005459,12.95,0,49.8,2,4567.8,0
W005460,20.37,0,97.0,5,715.58,1
W005461,35.86,1,110.2,1,719.0,0
W005462,52.4,1,42.6,2,14851.85,0
W005463,48.89,1,75.4,1,11623.77,0
W005464,25.86,0,152.8,1,9842.94,0
W005465,17.89,0,108.1,4,5449.33,0
W005466,19.03,0,10.6,1,12600.06,0
W005467,30.44,1,101.0,2,3789.26,0
W005468,36.71,1,25.6,3,3048.64,0
W005469,60.02,1,27.5,1,182.9,1
W005470,30.48,1,78.9,5,3352.79,0
W005471,27.66,0,40.4,1,2112.0,0
W005472,36.7,1,47.6,1,11527.72,0
W005473,72.85,1,71.7,3,2614.1,0
W005474,16.48,0,104.2,6,9248.59,0
W005475,51.97,1,38.9,3,5603.08,0
W005476,20.63,0,17.0,1,3043.83,0
W005477,48.03,1,6.7,3,9307.85,0
W005478,30.75,1,116.0,4,7250.11,0
W005479,21.94,0,51.8,2,750.16,1
W005480,52.88,1,26.5,4,26663.37,1
W005481,33.36,1,29.1,2,476.55,0
W005482,50.95,1,113.3,4,1723.06,0
W005483,23.9,0,140.5,6,9276.44,1
W005484,18.79,0,21.9,2,5565.18,0
W005485,24.46,0,10.3,3,1218.43,1
W005486,25.79,0,100.9,1,1945.96,0
W005487,26.43,0,21.8,1,1729.44,0
W005488,53.71,1,82.4,2,145.51,0
W005489,0.0,0,95.0,2,37286.0,0
W005490,21.14,0,78.6,1,26120.76,0
W005491,60.32,1,52.6,2,1286.0,1
W005492,20.18,0,93.7,2,1121.75,0
W005493,7.56,0,32.6,3,1019.07,0
W005494,61.98,1,19.7,5,2569.66,1
W005495,44.85,1,9.8,4,13272.05,0
W005496,30.4,1,35.5,5,4411.77,0
W005497,36.0,1,78.2,3,4763.34,0
W005498,36.72,1,55.2,2,1882.48,1
W005499,35.97,1,31.8,3,12049.88,0
W005500,22.06,0,17.6,3,3454.69,0
W005501,0.0,0,27.3,1,2813.99,0
W005502,34.78,1,29.4,2,1039.18,0
W005503,44.54,1,75.2,3,6002.54,0
W005504,31.33,1,137.8,3,244.63,0
W005505,0.0,0,47.0,2,2511.39,0
W005506,26.88,0,47.8,4,4426.74,0
W005507,58.67,1,81.5,2,2999.69,0
W005508,30.01,1,177.0,1,1195.48,0
W005509,20.68,0,77.5,4,1010.54,1
W005510,17.83,0,60.2,2,9399.29,0
W005511,17.57,0,67.8,3,1427.76,1
W005512,48.69,1,134.0,2,994.5,0
W005513,44.34,1,28.2,1,2848.35,0
W005514,10.77,0,184.2,4,6115.97,0
W005515,30.05,1,20.3,2,3274.36,0
W005516,36.54,1,67.8,3,10278.09,0
W005517,15.89,0,55.4,1,7426.93,0
W005518,26.65,0,300.0,1,5254.17,0
W005519,19.45,0,15.0,1,5818.07,0
W005520,36.72,1,23.9,2,2828.59,0
W005521,13.96,0,107.9,2,7265.33,0
W005522,5.93,0,45.3,3,8218.77,0
W005523,33.53,1,24.4,5,1590.5,0
W005524,36.71,1,28.0,2,3202.25,0
W005525,33.64,1,13.6,1,11936.29,0
W005526,64.31,1,156.2,4,262.46,0
W005527,35.31,1,94.4,2,2331.07,0
W005528,23.02,0,13.6,4,1304.64,0
W005529,44.38,1,73.2,4,14801.99,1
W005530,81.67,1,54.4,3,27469.71,0
W005531,21.52,0,43.8,3,29932.92,0
W005532,47.67,1,40.5,3,749.14,0
W005533,0.0,0,60.6,5,2300.61,0
W005534,19.55,0,73.2,4,3430.47,1
W005535,13.7,0,58.9,1,11695.43,0
W005536,39.58,1,59.0,3,6014.22,0
W005537,11.68,0,177.2,4,52813.11,0
W005538,23.8,0,21.9,2,2853.86,0
W005539,8.27,0,47.6,3,2888.15,0
W005540,24.84,0,26.9,1,2061.68,0
W005541,40.88,1,89.0,3,3030.24,0
W005542,45.76,1,11.9,5,486.63,0
W005543,55.7,1,26.8,3,18751.98,0
W005544,42.3,1,64.5,1,3609.72,0
W005545,20.69,0,86.5,1,983.34,0
W005546,0.0,0,26.1,3,5746.05,0
W005547,55.13,1,34.3,5,2623.52,1
W005548,44.97,1,35.5,6,1944.4,1
W005549,20.87,0,33.3,1,2609.3,0
W005550,54.66,1,59.0,3,1137.73,0
W005551,10.77,0,160.5,1,542.03,0
W005552,29.73,0,42.6,1,8815.75,0
W005553,36.96,1,102.6,1,1318.57,0
W005554,23.99,0,11.7,2,5499.72,0
W005555,13.48,0,46.7,1,579.22,0
W005556,23.53,0,24.5,4,6952.57,0
W005557,21.22,0,14.4,4,5034.4,0
W005558,39.25,1,53.4,1,5628.21,0
W005559,39.24,1,19.3,2,5451.24,0
W005560,3.82,0,195.8,3,1281.27,0
W005561,17.88,0,57.2,3,10891.74,0
W005562,81.31,1,93.1,4,2932.37,0
W005563,21.84,0,75.1,4,694.99,0
W005564,48.05,1,50.2,4,6146.62,1
W005565,27.66,0,9.0,4,4782.39,0
W005566,80.29,1,20.2,5,3504.48,0
W005567,38.59,1,115.2,1,7619.75,0
W005568,23.68,0,167.5,2,53776.11,0
W005569,57.34,1,49.5,3,1413.3,1
W005570,9.62,0,177.8,1,2478.41,0
W005571,21.76,0,33.2,4,20842.2,0
W005572,38.26,1,207.3,1,3190.06,0
W005573,27.63,0,89.7,2,4228.95,0
W005574,17.14,0,46.5,1,5975.34,0
W005575,22.75,0,180.7,2,3360.3,0
W005576,22.68,0,51.6,4,10807.39,0
W005577,33.75,1,50.4,1,17908.38,0
W005578,14.1,0,34.5,3,7496.96,0
W005579,34.37,1,5.0,3,10302.19,0
W005580,36.9,1,89.5,3,7078.74,0
W005581,28.32,0,43.1,1,362.49,1
W005582,14.16,0,100.6,2,1231.08,0
W005583,3.94,0,26.0,2,918.74,0
W005584,28.25,0,116.2,2,942.37,0
W005585,30.05,1,53.2,1,9464.32,0
W005586,60.96,1,71.7,4,7054.5,0
W005587,47.47,1,65.3,2,28134.78,0
W005588,47.53,1,93.7,1,8131.28,0
W005589,3.56,0,37.8,4,2021.56,0
W005590,28.11,0,50.1,4,50854.55,0
W005591,52.11,1,31.1,3,9581.42,1
W005592,41.64,1,133.6,3,2385.94,0
W005593,19.98,0,50.2,2,1599.24,0
W005594,33.96,1,46.2,3,6958.35,0
W005595,9.12,0,86.7,2,21133.12,1
W005596,0.0,0,37.3,4,5819.21,0
W005597,18.86,0,59.8,1,15530.1,0
W005598,13.36,0,51.1,4,9313.53,0
W005599,29.11,0,14.8,1,1034.44,1
W005600,17.53,0,142.1,1,3696.97,1
W005601,39.31,1,44.7,3,1216.15,0
W005602,25.92,0,106.8,1,8567.24,0
W005603,37.96,1,87.4,3,453.9,0
W005604,29.32,0,50.1,2,2041.02,0
W005605,43.49,1,33.5,3,3094.29,0
W005606,18.17,0,48.7,3,5747.3,0
W005607,27.0,0,38.8,4,14497.81,0
W005608,15.92,0,44.6,1,6255.67,0
W005609,13.85,0,61.7,2,16779.37,0
W005610,14.37,0,18.3,1,741.48,0
W005611,22.99,0,42.1,2,1344.95,1
W005612,28.71,0,45.4,3,3304.03,0
W005613,46.41,1,192.8,3,8946.31,0
W005614,44.17,1,38.1,3,1854.19,0
W005615,43.21,1,9.7,4,845.65,0
W005616,14.79,0,44.9,3,18681.32,0
W005617,0.0,0,17.6,1,8447.02,0
W005618,46.71,1,90.0,3,968.55,0
W005619,16.08,0,58.9,4,5903.86,0
W005620,14.09,0,148.5,1,8578.1,0
W005621,67.34,1,10.1,1,1105.33,1
W005622,22.07,0,97.1,2,2168.66,0
W005623,14.14,0,57.9,4,23096.53,0
W005624,22.36,0,35.1,2,5980.87,0
W005625,47.51,1,71.4,2,14963.59,0
W005626,37.9,1,29.2,5,599.88,0
W005627,1.67,0,29.6,1,1383.16,0
W005628,58.87,1,68.8,2,836.29,1
W005629,23.2,0,79.1,1,5402.36,0
W005630,8.34,0,18.6,4,2973.14,0
W005631,23.98,0,115.6,4,28819.07,0
W005632,40.75,1,50.8,3,8664.09,0
W005633,26.82,0,29.2,4,3218.96,0
W005634,20.38,0,55.0,5,6325.09,0
W005635,12.22,0,15.1,4,6617.97,0
W005636,52.59,1,34.1,3,2674.29,0
W005637,36.81,1,116.0,1,6921.07,1
W005638,25.63,0,128.0,1,1107.96,0
W005639,28.49,0,103.7,4,5090.52,0
W005640,50.03,1,86.5,2,1619.74,1
W005641,51.07,1,33.6,2,2452.22,0
W005642,23.28,0,41.0,1,7998.92,0
W005643,35.24,1,47.0,2,11523.4,0
W005644,40.18,1,238.7,4,1898.15,0
W005645,42.83,1,24.8,2,38298.3,0
W005646,29.07,0,45.5,2,6742.86,0
W005647,60.88,1,38.3,1,7699.61,1
W005648,24.23,0,21.2,5,1132.33,0
W005649,50.6,1,23.2,3,9281.1,0
W005650,48.17,1,37.2,1,3561.28,0
W005651,29.84,0,82.7,3,3281.11,0
W005652,35.09,1,80.4,2,9626.96,0
W005653,29.88,0,32.8,3,65256.41,0
W005654,20.72,0,29.0,2,3951.79,1
W005655,44.63,1,87.9,1,1005.52,0
W005656,31.63,1,125.7,4,3071.3,1
W005657,41.74,1,50.0,1,734.2,0
W005658,0.0,0,93.0,5,6075.31,0
W005659,52.17,1,142.0,4,22224.05,0
W005660,21.22,0,40.0,4,6392.01,0
W005661,0.0,0,21.6,1,1878.73,0
W005662,38.95,1,57.6,1,1386.75,0
W005663,45.49,1,39.0,4,11113.53,0
W005664,19.1,0,33.1,4,13406.39,0
W005665,41.01,1,23.4,4,2670.4,0
W005666,49.88,1,86.8,3,37817.38,0
W005667,47.45,1,71.1,5,376.26,0
W005668,48.04,1,113.9,2,13345.25,0
W005669,51.07,1,47.0,1,5821.01,0
W005670,6.93,0,60.3,1,4553.54,0
W005671,15.61,0,101.9,1,2919.93,0
W005672,19.89,0,90.2,1,5405.82,0
W005673,6.83,0,72.3,1,5423.6,0
W005674,23.78,0,2.9,2,1202.22,0
W005675,52.03,1,66.1,4,3175.41,0
W005676,36.29,1,20.7,6,11325.41,0
W005677,38.98,1,42.6,3,5777.12,0
W005678,0.0,0,42.8,2,23302.99,0
W005679,52.56,1,92.0,4,861.33,0
W005680,46.61,1,33.4,1,4334.54,0
W005681,17.11,0,150.6,3,2524.34,0
W005682,24.71,0,121.9,3,7130.56,0
W005683,22.39,0,64.1,3,1455.64,0
W005684,32.97,1,61.5,3,12409.98,0
W005685,47.16,1,75.6,1,841.61,0
W005686,48.58,1,13.3,3,2347.41,0
W005687,26.23,0,26.2,1,2572.62,1
W005688,11.04,0,72.4,1,3682.92,1
W005689,18.95,0,53.6,2,44935.11,0
W005690,44.48,1,36.5,1,28557.33,0
W005691,29.7,0,84.4,2,5069.82,0
W005692,0.3,0,55.6,5,1053.63,0
W005693,25.79,0,97.9,2,2126.0,0
W005694,51.51,1,106.0,2,5897.88,0
W005695,23.77,0,31.8,3,4117.0,0
W005696,46.68,1,102.6,2,3753.32,0
W005697,47.31,1,10.4,3,1206.69,0
W005698,39.64,1,25.6,1,4085.76,0
W005699,28.55,0,88.3,4,10765.56,0
W005700,12.8,0,37.9,1,1153.82,0
W005701,16.59,0,104.1,3,15202.89,0
W005702,35.39,1,71.4,4,1161.82,0
W005703,35.86,1,85.9,1,1934.11,0
W005704,46.38,1,12.3,4,3273.64,1
W005705,20.49,0,35.4,1,9491.71,0
W005706,16.68,0,17.2,1,10571.27,0
W005707,44.47,1,63.9,2,1109.92,0
W005708,17.61,0,13.5,3,5970.36,0
W005709,38.21,1,105.3,2,3775.22,0
W005710,6.77,0,15.6,4,4395.42,0
W005711,30.51,1,56.1,1,1285.8,0
W005712,32.5,1,111.5,1,5458.61,0
W005713,8.09,0,26.8,2,5737.37,1
W005714,31.32,1,51.7,2,662.34,0
W005715,31.46,1,19.3,2,32135.94,0
W005716,77.07,1,36.6,4,2806.91,0
W005717,14.06,0,32.5,4,2848.61,0
W005718,57.14,1,16.7,1,1740.65,0
W005719,18.19,0,26.2,2,8044.86,0
W005720,48.98,1,76.1,2,7659.66,0
W005721,19.98,0,31.6,4,11244.2,1
W005722,55.45,1,25.0,2,6092.32,0
W005723,38.0,1,46.4,2,1528.02,0
W005724,20.18,0,54.9,1,18264.23,0
W005725,22.05,0,91.8,3,558.99,0
W005726,29.58,0,53.2,5,5532.63,0
W005727,69.85,1,49.1,6,3096.94,0
W005728,10.54,0,22.4,4,483.65,0
W005729,29.87,0,12.3,5,3972.91,0
W005730,39.79,1,153.0,3,2156.19,0
W005731,28.14,0,38.7,2,32172.91,0
W005732,15.52,0,60.2,2,1043.53,0
W005733,40.25,1,11.3,3,5023.21,0
W005734,16.2,0,47.5,2,7593.63,0
W005735,0.0,0,31.5,2,2398.73,0
W005736,48.39,1,101.8,1,5715.89,0
W005737,38.08,1,31.1,3,344.01,0
W005738,50.55,1,125.7,4,3462.43,0
W005739,52.75,1,40.6,1,20886.15,0
W005740,10.99,0,13.3,2,6037.52,0
W005741,0.0,0,173.6,5,320.84,0
W005742,16.12,0,29.5,1,1065.47,1
W005743,6.7,0,59.4,1,434.45,0
W005744,20.72,0,87.5,4,335.45,1
W005745,33.48,1,21.2,5,3079.61,1
W005746,64.7,1,45.1,3,26879.64,0
W005747,30.73,1,112.7,3,7773.03,0
W005748,34.15,1,24.5,3,3441.38,0
W005749,48.46,1,54.6,6,1499.13,0
W005750,40.91,1,45.2,5,8464.65,0
W005751,20.69,0,72.2,5,1815.96,0
W005752,17.04,0,47.8,2,7113.34,1
W005753,47.23,1,23.7,3,12680.83,0
W005754,31.32,1,81.0,2,1200.55,0
W005755,49.73,1,30.6,4,4679.6,0
W005756,44.73,1,7.4,6,509.71,0
W005757,20.3,0,34.7,2,10189.79,0
W005758,26.39,0,38.8,1,33822.75,0
W005759,24.16,0,27.9,4,7768.83,0
W005760,22.99,0,51.5,4,2059.84,0
W005761,33.68,1,48.1,6,2979.49,0
W005762,14.24,0,107.9,4,7006.72,0
W005763,39.55,1,102.5,6,3054.37,0
W005764,22.92,0,22.7,5,3061.14,0
W005765,0.0,0,60.7,4,2843.86,0
W005766,25.13,0,86.4,2,11198.19,0
W005767,27.09,0,137.7,2,2633.27,0
W005768,28.45,0,25.4,4,2577.59,0
W005769,59.24,1,19.7,1,19321.18,1
W005770,51.03,1,21.6,4,11156.18,1
W005771,32.87,1,67.7,1,3119.77,0
W005772,47.31,1,32.2,4,2065.68,0
W005773,31.34,1,118.8,3,3871.91,0
W005774,0.0,0,31.5,4,10500.84,0
W005775,43.77,1,164.5,3,7428.93,0
W005776,21.45,0,90.7,5,1963.02,1
W005777,41.51,1,4.0,2,606.97,0
W005778,17.8,0,20.4,2,7268.22,0
W005779,23.53,0,28.6,3,20075.16,1
W005780,29.73,0,22.6,1,5600.9,0
W005781,48.34,1,113.2,1,3398.51,0
W005782,27.8,0,97.9,1,1611.38,0
W005783,7.11,0,30.4,2,7999.48,0
W005784,20.29,0,66.8,3,3135.67,0
W005785,32.22,1,18.2,2,1720.84,1
W005786,0.0,0,41.0,6,5068.41,0
W005787,2.89,0,116.5,1,18642.9,0
W005788,27.4,0,42.2,3,11982.29,0
W005789,30.76,1,65.8,2,11002.22,0
W005790,16.58,0,20.4,3,4191.96,0
W005791,35.03,1,60.9,4,3448.39,0
W005792,25.03,0,58.8,4,1483.92,0
W005793,21.04,0,36.7,1,3779.55,0
W005794,36.61,1,45.8,6,3090.2,0
W005795,31.45,1,70.6,2,4656.51,1
W005796,28.24,0,37.8,2,9009.61,0
W005797,9.31,0,58.1,2,10290.94,0
W005798,39.39,1,25.8,6,2053.28,0
W005799,51.02,1,74.3,4,2623.16,0
W005800,20.09,0,17.0,1,40985.7,0
W005801,18.71,0,33.4,2,245.57,0
W005802,3.42,0,88.6,5,5140.49,0
W005803,43.86,1,23.8,3,1884.29,0
W005804,28.83,0,34.6,3,9553.07,0
W005805,57.42,1,19.3,5,3595.59,1
W005806,47.0,1,12.9,2,4370.32,1
W005807,39.28,1,41.8,1,17974.51,0
W005808,32.57,1,56.1,4,30055.43,0
W005809,39.63,1,45.0,2,3704.08,0
W005810,46.21,1,89.2,4,12592.35,0
W005811,60.59,1,139.5,4,2857.92,0
W005812,32.36,1,9.4,3,2842.06,0
W005813,23.09,0,101.9,1,7893.5,0
W005814,34.32,1,35.4,2,1005.77,0
W005815,17.01,0,111.6,4,9083.9,0
W005816,33.21,1,76.8,2,12892.26,0
W005817,31.25,1,104.4,3,2671.49,0
W005818,16.47,0,26.1,1,5476.31,0
W005819,13.49,0,48.1,2,3286.63,0
W005820,24.33,0,28.6,5,2453.75,0
W005821,29.1,0,86.9,4,2990.0,1
W005822,31.67,1,55.7,5,2882.09,0
W005823,23.45,0,30.0,3,1672.25,1
W005824,33.19,1,89.6,2,14517.75,0
W005825,41.65,1,76.1,1,745.24,0
W005826,24.49,0,13.0,4,1396.75,0
W005827,0.16,0,54.1,1,3361.66,0
W005828,0.0,0,49.0,1,22942.2,0
W005829,26.86,0,53.4,4,6832.59,0
W005830,31.51,1,48.0,2,1059.61,0
W005831,53.6,1,17.8,2,2003.26,1
W005832,33.83,1,55.6,1,19964.34,0
W005833,39.5,1,32.1,1,309.93,0
W005834,35.77,1,72.8,5,4417.28,0
W005835,36.77,1,34.6,1,3399.8,0
W005836,35.07,1,29.3,1,1236.13,0
W005837,71.52,1,59.7,4,21762.54,0
W005838,0.0,0,64.0,1,8631.74,0
W005839,48.28,1,46.9,1,12255.05,0
W005840,22.95,0,166.6,3,12853.84,0
W005841,30.49,1,56.5,3,13797.97,0
W005842,24.81,0,41.2,1,6828.65,0
W005843,35.94,1,23.4,1,8505.72,0
W005844,41.28,1,53.3,1,3712.55,0
W005845,23.09,0,19.9,2,9258.63,0
W005846,38.4,1,17.4,2,28718.05,1
W005847,54.32,1,40.4,4,7550.33,0
W005848,0.0,0,59.8,5,7661.59,0
W005849,39.26,1,14.0,1,2144.16,0
W005850,8.41,0,90.4,2,683.13,0
W005851,55.08,1,44.8,1,9253.97,0
W005852,58.85,1,113.7,2,3783.15,0
W005853,46.91,1,49.3,2,472.98,0
W005854,16.98,0,22.2,1,4023.3,0
W005855,0.0,0,97.0,2,2130.46,0
W005856,16.11,0,46.4,1,1354.33,0
W005857,71.88,1,73.8,1,5755.07,0
W005858,40.84,1,72.7,2,16883.99,0
W005859,40.61,1,115.7,3,4409.56,0
W005860,26.02,0,55.8,4,2037.62,1
W005861,46.67,1,29.0,1,1151.24,0
W005862,41.22,1,84.1,4,2575.35,0
W005863,37.47,1,29.2,2,4479.35,0
W005864,7.21,0,5.9,1,2440.28,0
W005865,61.58,1,228.7,1,3403.29,0
W005866,72.03,1,79.0,2,21149.6,0
W005867,53.23,1,36.7,3,1502.21,0
W005868,7.77,0,29.9,1,3478.07,0
W005869,44.11,1,38.5,4,12145.14,0
W005870,23.15,0,45.3,5,701.39,0
W005871,21.42,0,20.4,2,151.83,0
W005872,20.7,0,37.5,1,7080.85,0
W005873,49.82,1,31.0,2,13982.02,0
W005874,50.22,1,51.0,2,33874.96,0
W005875,24.36,0,206.7,5,5259.49,0
W005876,50.89,1,50.2,5,8001.9,0
W005877,48.59,1,21.3,2,1077.82,0
W005878,45.06,1,20.7,4,3805.98,0
W005879,15.67,0,51.3,2,22383.96,0
W005880,51.88,1,53.9,3,3245.99,0
W005881,64.04,1,34.1,2,3229.47,1
W005882,26.12,0,26.2,4,911.82,0
W005883,34.02,1,84.1,3,593.09,0
W005884,18.61,0,156.7,2,6483.56,1
W005885,30.31,1,52.6,4,2410.35,0
W005886,22.52,0,26.8,3,924.34,0
W005887,49.54,1,30.2,2,3356.05,0
W005888,62.16,1,17.9,1,3281.69,0
W005889,23.07,0,93.6,5,2361.09,0
W005890,12.55,0,35.5,5,4935.64,1
W005891,19.32,0,71.6,5,5594.15,0
W005892,46.82,1,27.5,2,3215.59,0
W005893,42.47,1,45.0,5,10929.84,0
W005894,28.87,0,147.5,3,647.99,0
W005895,42.66,1,170.2,1,1229.48,0
W005896,43.76,1,27.0,5,15711.86,0
W005897,28.33,0,25.1,2,13795.44,0
W005898,13.94,0,137.2,2,12384.77,1
W005899,41.02,1,23.6,2,2272.63,0
W005900,13.44,0,129.5,1,9527.04,0
W005901,12.18,0,105.7,4,1693.81,1
W005902,26.29,0,23.6,2,10033.95,0
W005903,57.45,1,37.6,2,27509.76,0
W005904,54.48,1,51.0,3,1051.09,0
W005905,24.5,0,40.9,2,5350.3,0
W005906,40.0,1,103.0,5,12715.05,1
W005907,30.41,1,31.0,1,8207.41,0
W005908,28.71,0,9.1,4,10184.79,1
W005909,33.66,1,27.4,3,6359.31,0
W005910,44.97,1,110.6,3,15296.03,0
W005911,9.85,0,31.2,3,15872.92,0
W005912,27.3,0,12.6,3,1760.59,0
W005913,31.8,1,82.3,2,13409.88,0
W005914,0.0,0,103.7,3,23798.7,0
W005915,32.25,1,50.8,1,11646.0,0
W005916,43.0,1,38.2,2,12311.98,0
W005917,48.27,1,50.0,4,4510.22,1
W005918,34.25,1,21.5,5,7715.08,0
W005919,45.97,1,109.7,3,22001.94,0
W005920,0.0,0,32.3,2,7709.15,0
W005921,24.61,0,60.8,5,2046.11,0
W005922,47.51,1,73.7,3,1917.45,0
W005923,11.05,0,30.4,1,2038.31,0
W005924,43.96,1,37.0,1,1855.54,0
W005925,41.43,1,105.7,1,984.07,0
W005926,69.91,1,68.3,1,1389.22,0
W005927,35.87,1,58.0,6,1502.56,0
W005928,27.77,0,51.9,2,976.78,1
W005929,47.59,1,111.0,2,8513.3,0
W005930,21.71,0,22.6,4,1370.36,0
W005931,0.0,0,63.8,1,2020.52,0
W005932,4.65,0,24.2,2,7671.62,1
W005933,31.71,1,30.8,2,3812.65,0
W005934,55.27,1,83.9,3,4815.05,0
W005935,25.52,0,98.4,3,25118.88,0
W005936,0.0,0,29.2,6,1670.84,0
W005937,29.9,0,20.2,5,1865.23,0
W005938,64.71,1,41.2,2,10143.16,1
W005939,44.56,1,85.1,4,3535.53,0
W005940,37.01,1,50.3,3,4016.45,0
W005941,52.31,1,89.3,1,58404.34,0
W005942,39.56,1,21.6,4,5802.95,0
W005943,16.57,0,53.1,3,997.79,1
W005944,14.49,0,23.2,4,3548.9,0
W005945,41.25,1,84.6,2,2808.48,0
W005946,35.51,1,45.3,2,2131.46,0
W005947,40.01,1,18.3,3,17144.5,0
W005948,41.78,1,103.2,1,5156.46,0
W005949,23.89,0,53.2,2,1219.57,0
W005950,2.67,0,187.8,1,2722.26,0
W005951,35.41,1,104.1,2,27961.0,0
W005952,34.96,1,46.3,6,2867.59,0
W005953,29.21,0,26.5,1,17835.88,0
W005954,5.04,0,76.2,1,942.21,0
W005955,31.76,1,188.3,1,7337.59,0
W005956,35.33,1,21.4,5,863.47,0
W005957,21.66,0,67.4,3,4791.18,0
W005958,20.17,0,43.5,3,6771.56,0
W005959,40.47,1,11.4,1,973.78,0
W005960,41.12,1,9.4,6,5747.85,0
W005961,42.98,1,78.4,3,630.51,0
W005962,26.37,0,52.4,3,3175.64,0
W005963,6.46,0,32.4,1,1766.73,0
W005964,32.44,1,21.0,1,5651.16,0
W005965,13.86,0,9.6,4,4161.16,0
W005966,22.82,0,75.8,2,905.68,0
W005967,16.13,0,55.7,2,666.22,0
W005968,18.13,0,20.4,2,2287.77,0
W005969,34.57,1,12.0,2,3280.32,0
W005970,15.63,0,27.7,2,25007.9,0
W005971,53.6,1,89.1,4,5407.64,0
W005972,9.7,0,59.4,2,5664.26,0
W005973,38.85,1,33.3,4,1837.68,0
W005974,28.0,0,18.0,3,1197.12,0
W005975,30.02,1,68.1,2,8534.33,1
W005976,0.0,0,87.0,1,1662.82,0
W005977,34.48,1,61.1,5,4015.64,0
W005978,39.03,1,61.3,3,2615.94,0
W005979,32.43,1,82.4,3,9653.27,0
W005980,9.98,0,186.2,3,1297.0,0
W005981,61.1,1,104.6,1,2160.72,0
W005982,11.16,0,132.4,2,931.4,0
W005983,24.15,0,19.8,4,7128.59,0
W005984,12.6,0,66.6,2,830.82,0
W005985,58.16,1,107.9,2,14488.47,0
W005986,12.68,0,125.1,1,10775.93,0
W005987,49.42,1,97.9,1,18667.59,0
W005988,0.0,0,108.2,6,1258.83,0
W005989,25.12,0,13.7,1,902.67,0
W005990,49.66,1,12.6,2,3285.18,0
W005991,32.67,1,22.6,2,10277.63,0
W005992,60.74,1,15.9,4,1764.41,1
W005993,26.8,0,35.9,1,10777.65,0
W005994,32.43,1,85.8,4,17344.92,0
W005995,43.55,1,113.1,1,9117.58,0
W005996,49.38,1,20.4,2,1226.74,0
W005997,31.29,1,65.8,1,1188.68,0
W005998,28.79,0,99.8,1,1602.87,0
W005999,16.03,0,134.8,1,3043.55,0
W006000,35.61,1,96.2,2,377.33,0
W006001,30.67,1,15.7,5,781.91,1
W006002,45.17,1,29.0,1,11613.15,0
W006003,0.0,0,48.1,3,76904.52,0
W006004,15.59,0,33.5,2,2728.8,0
W006005,40.86,1,75.9,2,7507.49,0
W006006,18.69,0,123.6,1,1805.7,0
W006007,21.13,0,145.2,2,7430.78,0
W006008,34.96,1,94.3,1,1744.3,0
W006009,13.2,0,93.3,3,3235.21,1
W006010,24.48,0,24.5,1,3613.82,1
W006011,48.71,1,67.1,2,8393.98,0
W006012,12.48,0,144.2,5,5501.52,0
W006013,35.13,1,27.3,3,1924.94,0
W006014,49.1,1,79.4,3,4572.48,0
W006015,5.35,0,35.0,1,6159.46,0
W006016,69.15,1,42.3,2,882.72,0
W006017,29.27,0,70.2,1,12950.1,0
W006018,29.21,0,62.7,2,722.26,0
W006019,28.94,0,40.7,4,7533.13,0
W006020,32.41,1,73.5,2,7241.07,1
W006021,31.7,1,27.4,6,4941.37,0
W006022,13.61,0,71.5,3,521.79,0
W006023,28.77,0,77.6,5,1065.58,0
W006024,45.89,1,10.2,5,3333.4,0
W006025,70.7,1,19.4,4,20180.45,0
W006026,45.29,1,116.7,1,2589.57,0
W006027,37.91,1,116.5,4,15001.03,0
W006028,51.4,1,35.4,2,935.32,0
W006029,16.07,0,59.3,2,2782.73,0
W006030,56.48,1,35.3,2,1357.87,0
W006031,19.9,0,33.0,4,9551.86,0
W006032,0.0,0,125.9,2,18303.58,0
W006033,9.71,0,26.5,1,1007.47,0
W006034,19.96,0,16.6,2,4507.45,0
W006035,29.45,0,40.8,5,37745.35,0
W006036,4.15,0,30.9,4,1477.75,0
W006037,31.83,1,47.0,3,2312.17,0
W006038,16.19,0,122.7,2,2039.33,0
W006039,13.82,0,17.9,1,922.2,0
W006040,51.14,1,79.9,3,2621.28,0
W006041,0.0,0,30.4,2,1112.96,0
W006042,18.39,0,15.1,3,10615.51,0
W006043,9.94,0,56.2,2,11947.84,0
W006044,39.05,1,29.1,2,5958.63,0
W006045,24.73,0,48.2,1,3193.53,0
W006046,0.0,0,32.4,2,6222.6,0
W006047,24.3,0,49.4,2,1760.91,0
W006048,7.97,0,17.1,2,11241.75,0
W006049,27.5,0,19.0,4,3088.73,1
W006050,27.2,0,102.8,2,16956.43,0
W006051,12.53,0,41.2,2,2686.46,0
W006052,26.24,0,37.7,2,3384.48,0
W006053,41.58,1,23.6,4,17900.24,1
W006054,29.29,0,9.1,1,354.58,1
W006055,45.35,1,8.3,2,4950.91,0
W006056,32.63,1,34.2,3,8046.83,0
W006057,1.71,0,28.2,3,1007.45,0
W006058,34.31,1,86.5,2,52898.06,0
W006059,6.61,0,57.5,4,41605.83,0
W006060,31.65,1,29.4,2,4439.06,0
W006061,26.93,0,119.6,2,509.81,0
W006062,67.67,1,101.9,3,3227.3,0
W006063,9.35,0,107.8,3,387.88,0
W006064,24.46,0,44.9,3,9304.58,0
W006065,45.63,1,41.5,1,11103.72,0
W006066,49.14,1,2.5,2,35362.93,0
W006067,9.77,0,106.2,2,12382.79,0
W006068,43.09,1,112.8,2,20624.73,0
W006069,30.08,1,36.9,3,2445.14,0
W006070,7.16,0,40.2,5,18279.57,0
W006071,19.04,0,62.1,3,2331.67,1
W006072,58.14,1,50.5,3,14119.97,0
W006073,28.85,0,56.5,4,7935.67,0
W006074,1.23,0,24.1,1,13058.03,0
W006075,41.63,1,57.2,4,3834.37,0
W006076,0.0,0,79.1,2,728.89,0
W006077,48.64,1,23.2,1,3946.53,0
W006078,38.47,1,31.1,3,10023.38,0
W006079,13.19,0,36.4,2,8516.79,0
W006080,27.41,0,32.0,4,1106.66,0
W006081,45.18,1,25.3,1,433.96,1
W006082,50.93,1,52.2,3,2825.07,0
W006083,37.4,1,47.4,5,4560.64,1
W006084,31.59,1,78.4,4,6481.4,0
W006085,46.09,1,39.8,6,1383.27,0
W006086,62.21,1,91.8,3,2875.04,1
W006087,55.52,1,41.4,2,3552.77,0
W006088,13.76,0,61.9,1,1223.68,0
W006089,36.91,1,76.8,1,2330.98,1
W006090,18.49,0,29.8,4,13297.48,0
W006091,0.0,0,51.2,2,4356.04,0
W006092,37.97,1,86.2,1,1255.71,0
W006093,28.64,0,110.9,3,3375.76,0
W006094,25.03,0,72.5,5,1988.88,0
W006095,22.92,0,15.7,1,2408.63,1
W006096,59.93,1,44.3,2,3678.8,0
W006097,35.66,1,22.5,3,5137.08,0
W006098,26.78,0,116.4,1,3974.92,0
W006099,17.06,0,16.2,5,19806.92,0
W006100,48.83,1,65.8,2,3748.09,0
W006101,31.9,1,18.7,3,4601.36,0
W006102,26.81,0,100.3,1,2311.5,1
W006103,29.35,0,67.4,3,6190.39,0
W006104,62.03,1,60.8,5,20948.93,0
W006105,37.27,1,51.4,1,1216.46,0
W006106,9.35,0,23.6,3,11524.23,0
W006107,55.08,1,30.4,2,5608.57,0
W006108,11.2,0,30.9,3,1082.58,0
W006109,34.34,1,29.8,2,1318.14,0
W006110,12.01,0,101.8,6,2110.05,0
W006111,58.73,1,93.0,4,5801.96,0
W006112,58.09,1,44.3,3,2925.78,0
W006113,5.21,0,20.5,2,336.35,0
W006114,8.37,0,25.7,1,13270.14,0
W006115,16.78,0,139.0,2,32898.1,0
W006116,11.64,0,21.5,1,1163.03,0
W006117,0.0,0,13.5,1,6144.82,0
W006118,28.89,0,16.3,1,919.11,1
W006119,43.82,1,38.8,3,9058.06,0
W006120,30.49,1,26.5,5,3081.34,0
W006121,3.2,0,52.0,4,14747.19,0
W006122,37.7,1,59.3,4,30163.26,0
W006123,38.55,1,58.9,1,525.19,0
W006124,27.91,0,102.1,4,3627.64,0
W006125,35.65,1,33.8,5,5892.75,0
W006126,56.94,1,84.0,3,5358.46,0
W006127,61.36,1,19.9,4,5990.32,0
W006128,51.43,1,33.6,2,11690.88,0
W006129,0.44,0,241.5,3,3635.87,0
W006130,20.04,0,80.1,2,2099.5,0
W006131,58.4,1,184.6,5,1538.2,0
W006132,17.16,0,81.2,2,586.07,0
W006133,59.14,1,39.9,6,3610.87,0
W006134,20.99,0,20.8,1,4667.61,0
W006135,20.11,0,54.0,1,7520.85,0
W006136,0.0,0,91.3,1,20594.86,0
W006137,20.96,0,80.0,4,1347.38,1
W006138,13.3,0,54.5,1,9594.16,0
W006139,24.15,0,76.5,4,3300.71,0
W006140,32.65,1,30.6,3,7039.53,0
W006141,50.75,1,39.0,1,978.08,1
W006142,77.96,1,61.1,4,3555.15,1
W006143,41.26,1,22.9,3,3897.06,0
W006144,40.93,1,41.7,3,13939.87,1
W006145,16.93,0,50.3,4,2242.69,0
W006146,17.8,0,118.8,3,10563.13,0
W006147,14.83,0,29.8,3,6871.55,1
W006148,50.07,1,74.9,2,174.64,0
W006149,61.71,1,11.4,4,1621.88,0
W006150,11.79,0,31.7,3,449.65,0
W006151,33.74,1,54.6,2,3395.4,0
W006152,31.21,1,81.4,4,1434.65,0
W006153,29.68,0,1.7,1,5398.09,0
W006154,36.7,1,28.4,2,2763.36,0
W006155,47.62,1,37.6,4,11442.37,0
W006156,39.12,1,112.0,5,1462.14,0
W006157,27.33,0,87.1,2,4150.16,0
W006158,0.0,0,202.5,3,3954.62,0
W006159,31.15,1,105.9,4,961.09,0
W006160,36.45,1,23.7,1,10365.06,0
W006161,7.23,0,44.0,1,1415.38,0
W006162,33.15,1,114.4,5,13055.35,0
W006163,9.62,0,26.4,6,1459.57,0
W006164,65.59,1,27.7,3,3524.79,1
W006165,32.23,1,24.2,1,25163.86,0
W006166,58.44,1,74.7,2,5537.04,0
W006167,45.54,1,73.2,2,2256.51,0
W006168,37.13,1,78.7,3,7086.06,0
W006169,61.57,1,27.8,2,7526.6,1
W006170,25.98,0,18.9,2,959.99,0
W006171,36.69,1,88.6,1,942.4,0
W006172,34.1,1,65.7,2,17603.62,0
W006173,68.64,1,40.3,5,535.33,0
W006174,47.86,1,51.6,4,15035.22,1
W006175,7.0,0,28.9,1,14753.4,0
W006176,31.99,1,111.6,3,7526.97,0
W006177,28.19,0,20.6,2,5474.11,0
W006178,21.28,0,79.0,1,2485.81,0
W006179,21.2,0,56.6,5,3041.05,0
W006180,46.87,1,21.7,1,70586.91,0
W006181,57.4,1,34.6,3,3568.48,1
W006182,8.24,0,33.8,2,4129.44,0
W006183,0.0,0,73.7,4,5214.66,0
W006184,13.94,0,8.5,4,6536.84,0
W006185,49.69,1,19.3,1,10544.02,0
W006186,31.41,1,107.4,2,1937.7,0
W006187,16.18,0,115.5,4,1850.51,0
W006188,29.76,0,112.5,4,1190.99,0
W006189,12.37,0,54.6,1,2232.26,0
W006190,45.85,1,52.4,5,4459.25,0
W006191,29.11,0,71.8,2,10647.59,0
W006192,39.24,1,36.2,3,3422.23,0
W006193,28.75,0,166.8,1,9881.42,1
W006194,11.72,0,88.8,1,664.1,0
W006195,51.44,1,41.1,2,4798.75,0
W006196,2.6,0,33.4,4,5031.49,0
W006197,31.99,1,47.9,1,1401.6,0
W006198,45.87,1,59.0,2,5995.25,0
W006199,59.16,1,27.0,3,878.06,0
W006200,16.05,0,49.3,2,2991.34,0
W006201,58.32,1,76.3,4,1945.96,0
W006202,0.0,0,10.9,2,1714.81,0
W006203,34.02,1,58.1,2,513.82,0
W006204,19.49,0,131.5,5,6664.47,0
W006205,34.42,1,11.8,1,18895.04,0
W006206,48.53,1,9.6,3,3735.25,0
W006207,18.73,0,41.9,1,60727.55,0
W006208,51.7,1,77.3,5,1917.11,0
W006209,33.1,1,35.6,5,9076.45,0
W006210,39.2,1,40.7,1,1620.04,0
W006211,25.42,0,57.2,1,899.3,0
W006212,33.86,1,55.1,4,5732.12,0
W006213,35.03,1,111.0,4,5172.29,0
W006214,38.01,1,117.5,4,7236.76,0
W006215,28.36,0,96.6,4,5668.05,0
W006216,29.61,0,99.2,3,3700.69,0
W006217,26.66,0,81.2,4,6634.48,1
W006218,26.02,0,23.8,3,11592.44,0
W006219,27.33,0,45.4,4,6773.49,0
W006220,0.0,0,8.0,1,371.68,0
W006221,5.62,0,17.5,5,3786.5,1
W006222,12.66,0,85.4,1,1711.56,0
W006223,34.12,1,79.3,2,11739.73,0
W006224,58.97,1,34.3,6,1155.45,0
W006225,55.43,1,61.6,1,1182.98,0
W006226,37.75,1,22.0,5,3862.39,0
W006227,13.05,0,75.5,1,605.99,0
W006228,36.8,1,65.5,5,1567.48,0
W006229,12.84,0,64.1,2,1380.09,0
W006230,43.16,1,21.4,2,1166.64,0
W006231,7.69,0,72.4,1,2907.96,0
W006232,10.08,0,64.7,3,3289.27,0
W006233,6.31,0,35.5,1,8398.7,0
W006234,50.75,1,183.9,3,3503.74,0
W006235,38.5,1,55.6,3,6993.21,0
W006236,54.34,1,69.6,2,2970.65,0
W006237,71.74,1,143.5,5,2458.11,0
W006238,25.91,0,10.7,1,861.65,0
W006239,8.65,0,13.4,1,3581.68,0
W006240,44.37,1,26.0,1,790.76,1
W006241,48.75,1,31.4,1,9217.13,1
W006242,34.82,1,34.3,2,5900.9,0
W006243,9.68,0,14.7,4,4079.16,0
W006244,38.91,1,37.9,1,4135.51,0
W006245,24.24,0,54.2,1,3892.0,0
W006246,23.51,0,68.0,3,1942.72,0
W006247,30.04,1,139.0,3,5146.95,0
W006248,39.57,1,35.1,5,905.4,0
W006249,28.8,0,105.2,2,5945.65,0
W006250,47.45,1,38.7,3,1201.26,0
W006251,34.22,1,18.2,2,6439.55,0
W006252,51.74,1,122.3,2,6045.03,0
W006253,30.77,1,17.9,6,13344.24,0
W006254,61.03,1,140.3,2,1851.39,0
W006255,30.88,1,40.6,1,6769.56,0
W006256,39.05,1,53.3,2,7932.81,0
W006257,17.77,0,84.4,1,2091.06,0
W006258,57.23,1,7.6,3,1909.6,0
W006259,58.3,1,85.9,5,7430.82,0
W006260,55.34,1,84.1,2,772.49,0
W006261,39.96,1,74.1,4,2907.6,0
W006262,6.69,0,97.9,2,13345.33,0
W006263,53.88,1,5.0,1,68754.26,0
W006264,22.68,0,74.5,4,5976.46,0
W006265,43.99,1,13.9,1,4338.13,0
W006266,30.46,1,37.9,4,2901.02,1
W006267,16.02,0,17.6,6,33108.36,0
W006268,40.35,1,8.4,1,26570.92,0
W006269,41.8,1,127.2,4,2130.75,0
W006270,24.57,0,100.8,2,4734.96,0
W006271,0.0,0,60.3,4,2829.71,1
W006272,54.89,1,53.9,3,1552.94,0
W006273,7.45,0,42.3,6,3784.69,0
W006274,5.42,0,32.5,3,3026.72,0
W006275,19.51,0,98.0,1,9982.12,0
W006276,27.97,0,34.5,2,4074.21,0
W006277,53.08,1,92.6,3,3901.1,1
W006278,28.05,0,58.9,4,1141.06,1
W006279,28.39,0,13.5,5,6637.29,0
W006280,44.58,1,20.1,5,25044.78,1
W006281,21.55,0,41.7,2,36053.38,0
W006282,30.3,1,61.8,2,1233.95,0
W006283,24.23,0,56.3,3,1316.14,0
W006284,0.0,0,59.7,2,4105.8,0
W006285,43.29,1,64.2,1,10060.07,1
W006286,30.99,1,65.0,5,3489.37,0
W006287,33.01,1,35.9,2,675.43,0
W006288,45.67,1,43.7,4,6940.62,0
W006289,12.89,0,32.6,4,17035.58,0
W006290,18.49,0,87.5,4,6577.21,0
W006291,0.0,0,59.4,2,19935.01,0
W006292,15.32,0,50.1,3,5029.79,0
W006293,39.22,1,32.1,1,509.06,0
W006294,41.99,1,41.5,2,1272.32,0
W006295,47.75,1,36.2,1,3522.87,0
W006296,29.8,0,41.6,4,6224.2,1
W006297,14.27,0,39.9,3,8015.02,0
W006298,40.93,1,59.4,2,1397.03,0
W006299,31.99,1,60.0,1,4485.07,0
W006300,1.46,0,40.2,3,1150.03,0
W006301,36.14,1,20.2,2,2938.11,0
W006302,17.6,0,44.1,1,6002.98,0
W006303,27.82,0,29.8,1,5640.69,0
W006304,34.84,1,111.1,3,792.71,0
W006305,19.42,0,37.8,5,13207.21,0
W006306,45.34,1,10.0,2,17426.64,0
W006307,4.12,0,66.4,4,17578.61,0
W006308,1.69,0,104.4,6,1388.23,0
W006309,10.53,0,62.6,1,292.49,0
W006310,31.77,1,21.1,4,1419.44,0
W006311,18.02,0,27.9,3,5081.36,0
W006312,67.55,1,34.6,1,2972.05,0
W006313,37.97,1,93.0,3,2816.64,0
W006314,61.87,1,95.3,2,43022.88,0
W006315,45.15,1,69.8,2,4625.06,0
W006316,50.69,1,90.8,2,1776.2,0
W006317,1.33,0,89.2,4,3099.68,0
W006318,44.78,1,34.5,1,1228.99,0
W006319,41.08,1,10.5,1,14810.92,0
W006320,21.76,0,70.6,3,603.77,0
W006321,39.9,1,44.1,4,275.83,0
W006322,20.33,0,82.6,1,17048.17,0
W006323,17.42,0,62.5,6,993.22,1
W006324,13.21,0,66.8,1,6948.38,0
W006325,26.53,0,56.2,3,453.44,0
W006326,34.59,1,96.3,3,69088.4,0
W006327,39.01,1,49.6,3,4284.84,0
W006328,26.96,0,4.0,2,203.58,1
W006329,17.52,0,83.2,2,6355.51,0
W006330,49.52,1,35.7,1,5722.78,0
W006331,29.92,0,105.9,2,1106.78,0
W006332,44.34,1,5.7,1,1085.75,0
W006333,33.25,1,108.4,1,1161.13,0
W006334,45.63,1,28.3,2,11884.81,0
W006335,39.58,1,24.8,2,528.31,0
W006336,33.05,1,22.2,2,44285.16,0
W006337,43.52,1,33.1,3,12212.64,0
W006338,37.01,1,71.7,4,1535.16,0
W006339,9.75,0,42.4,1,2302.74,0
W006340,29.3,0,29.5,2,4288.95,0
W006341,41.28,1,38.6,5,2074.96,0
W006342,19.96,0,30.4,4,14299.47,0
W006343,13.54,0,106.3,3,3802.03,0
W006344,55.62,1,111.5,1,2046.13,0
W006345,77.0,1,33.0,2,7275.07,0
W006346,26.79,0,18.0,3,2380.18,1
W006347,53.11,1,41.6,1,9862.23,0
W006348,19.65,0,156.5,3,1178.36,0
W006349,20.71,0,70.3,2,3683.04,0
W006350,50.87,1,25.5,1,3804.78,0
W006351,0.0,0,110.1,2,1220.26,0
W006352,24.09,0,45.4,3,2704.11,0
W006353,0.99,0,77.0,4,2554.41,1
W006354,25.01,0,37.0,2,3181.52,0
W006355,36.4,1,46.0,2,1578.91,0
W006356,38.94,1,106.3,4,5644.54,0
W006357,16.5,0,100.3,1,446.7,0
W006358,0.0,0,38.6,2,21715.36,0
W006359,38.19,1,60.8,2,12241.68,0
W006360,25.86,0,55.2,1,3976.42,0
W006361,45.37,1,103.7,3,412.12,0
W006362,17.14,0,37.9,3,11030.18,0
W006363,11.99,0,15.3,1,15617.32,0
W006364,17.71,0,53.7,1,1313.16,0
W006365,17.25,0,12.4,2,3708.38,0
W006366,63.46,1,48.3,2,5722.39,0
W006367,25.94,0,17.2,1,2534.53,1
W006368,19.69,0,138.5,4,11740.33,0
W006369,24.33,0,50.4,3,378.77,0
W006370,52.89,1,19.9,3,4108.46,1
W006371,12.86,0,37.7,1,20767.55,0
W006372,26.9,0,80.6,4,686.45,0
W006373,6.96,0,35.0,2,1940.49,0
W006374,34.34,1,57.5,1,1843.11,0
W006375,9.66,0,60.8,2,3166.73,0
W006376,50.66,1,144.1,1,6346.07,0
W006377,63.86,1,26.1,2,7446.57,0
W006378,24.24,0,32.4,2,16195.89,0
W006379,0.84,0,24.7,3,12643.41,0
W006380,42.95,1,76.9,1,1711.06,0
W006381,14.93,0,16.8,1,971.61,0
W006382,27.67,0,107.7,3,3423.45,0
W006383,57.32,1,37.8,4,3134.42,0
W006384,22.03,0,20.4,2,11594.58,0
W006385,27.25,0,172.1,2,11982.44,0
W006386,43.18,1,83.6,1,4997.31,0
W006387,47.81,1,86.7,1,594.32,0
W006388,20.45,0,75.0,4,909.49,0
W006389,29.86,0,115.7,1,4920.92,0
W006390,36.07,1,4.6,5,1628.91,0
W006391,5.99,0,74.5,1,18497.88,0
W006392,15.92,0,63.8,1,3410.98,0
W006393,22.27,0,77.8,1,1545.9,0
W006394,53.99,1,59.3,4,3670.96,0
W006395,16.88,0,11.6,1,9367.01,0
W006396,45.85,1,83.8,2,2589.17,0
W006397,31.54,1,26.5,3,3523.27,0
W006398,41.73,1,77.8,3,2716.15,0
W006399,7.16,0,108.9,1,15331.23,0
W006400,38.94,1,46.1,1,1038.33,0
W006401,15.66,0,22.6,4,11839.73,0
W006402,15.88,0,91.2,1,4820.81,0
W006403,36.09,1,127.9,5,5613.88,0
W006404,33.26,1,122.5,1,20627.14,0
W006405,37.9,1,37.0,1,18568.26,1
W006406,42.32,1,112.2,2,612.59,0
W006407,24.11,0,130.6,4,2100.65,0
W006408,41.37,1,12.2,4,1838.26,0
W006409,53.75,1,62.8,3,5867.1,0
W006410,49.55,1,46.5,2,3896.71,0
W006411,63.68,1,28.1,5,979.91,0
W006412,82.79,1,25.2,2,11428.43,0
W006413,49.88,1,53.7,5,680.09,0
W006414,44.82,1,15.3,1,6629.47,0
W006415,9.03,0,93.5,2,9859.25,0
W006416,29.94,0,30.5,1,4004.26,0
W006417,0.0,0,170.6,2,3769.52,0
W006418,0.54,0,46.4,1,569.76,0
W006419,39.43,1,167.1,1,7041.82,0
W006420,30.67,1,31.7,4,4114.85,0
W006421,13.07,0,40.3,5,1118.59,0
W006422,45.27,1,71.4,1,6955.11,0
W006423,46.33,1,67.4,1,3786.46,0
W006424,39.74,1,280.9,3,5469.31,0
W006425,17.11,0,49.3,1,12650.6,0
W006426,30.13,1,18.0,5,1122.1,0
W006427,28.59,0,13.7,1,2896.77,0
W006428,55.32,1,125.4,3,10462.48,0
W006429,18.71,0,159.5,4,1288.56,0
W006430,22.29,0,16.0,3,3426.65,0
W006431,9.7,0,115.0,4,4052.59,0
W006432,53.63,1,200.8,4,14881.75,0
W006433,50.08,1,114.4,1,822.08,0
W006434,21.53,0,39.5,6,79371.99,0
W006435,0.0,0,72.0,1,34612.41,0
W006436,47.03,1,19.7,3,10623.96,0
W006437,27.28,0,80.3,2,6319.02,0
W006438,41.51,1,48.3,1,3280.97,0
W006439,22.73,0,54.8,1,1167.74,0
W006440,39.77,1,47.1,2,1356.53,0
W006441,0.0,0,64.3,5,1524.67,1
W006442,5.28,0,89.3,3,1981.07,0
W006443,12.69,0,13.6,1,1766.13,0
W006444,30.51,1,36.1,1,2133.65,0
W006445,13.52,0,52.0,1,4056.65,0
W006446,23.71,0,84.4,3,10021.78,0
W006447,21.8,0,20.7,3,21438.04,0
W006448,40.38,1,9.2,3,5289.96,0
W006449,70.8,1,32.6,1,6053.86,0
W006450,66.52,1,40.2,5,2603.91,0
W006451,25.61,0,156.7,1,3777.64,1
W006452,38.17,1,133.2,1,1654.34,0
W006453,44.3,1,105.0,2,940.94,0
W006454,45.04,1,30.4,2,3377.96,0
W006455,43.65,1,57.3,3,6795.54,1
W006456,14.32,0,29.5,4,2471.78,0
W006457,37.51,1,29.2,4,482.46,0
W006458,61.31,1,41.1,2,9929.8,0
W006459,63.16,1,12.9,4,3625.45,0
W006460,43.51,1,161.9,5,3255.54,0
W006461,9.67,0,67.3,1,1877.41,0
W006462,30.44,1,50.5,4,1884.31,0
W006463,13.3,0,30.8,3,2565.07,0
W006464,0.11,0,56.3,1,488.55,0
W006465,62.94,1,75.8,4,3656.88,1
W006466,30.62,1,42.5,2,2814.71,0
W006467,19.62,0,73.8,5,2244.07,0
W006468,37.86,1,57.7,1,1767.32,0
W006469,36.45,1,70.7,1,2098.09,0
W006470,15.37,0,35.2,1,13271.72,0
W006471,31.25,1,30.5,5,1414.39,0
W006472,10.23,0,45.9,2,1103.13,0
W006473,26.9,0,240.7,1,724.03,0
W006474,26.73,0,75.7,1,2329.17,0
W006475,60.71,1,13.7,2,1855.91,0
W006476,35.21,1,77.5,2,336.76,0
W006477,40.54,1,15.1,4,60769.17,1
W006478,21.04,0,111.3,3,1822.15,0
W006479,50.37,1,132.6,2,8395.44,0
W006480,9.37,0,38.9,5,27530.71,0
W006481,11.42,0,26.6,1,5421.86,0
W006482,21.81,0,145.5,1,364.35,0
W006483,24.91,0,60.6,3,524.95,0
W006484,36.3,1,51.2,2,3664.03,0
W006485,34.47,1,137.2,3,7428.87,0
W006486,50.66,1,28.1,3,902.87,0
W006487,66.38,1,5.4,3,742.92,1
W006488,54.75,1,88.3,1,4721.99,1
W006489,11.37,0,54.8,2,5646.98,1
W006490,8.53,0,222.6,2,1666.96,1
W006491,9.8,0,78.8,4,5016.85,0
W006492,25.84,0,12.1,4,489.76,0
W006493,42.9,1,42.9,1,17823.89,0
W006494,26.87,0,50.1,4,8186.66,1
W006495,23.41,0,78.3,4,2954.81,0
W006496,39.66,1,59.2,3,3811.33,0
W006497,14.79,0,76.1,5,3358.51,0
W006498,27.36,0,69.2,6,15773.87,0
W006499,22.42,0,76.4,4,5254.88,0
W006500,43.71,1,34.0,1,2132.66,0
W006501,21.87,0,18.9,2,21344.32,1
W006502,34.34,1,196.5,3,9177.48,0
W006503,64.15,1,35.3,5,1084.3,1
W006504,15.17,0,31.8,1,2068.91,0
W006505,45.98,1,74.7,3,3926.02,0
W006506,12.59,0,22.0,2,5046.36,0
W006507,51.07,1,50.3,2,8240.98,0
W006508,23.81,0,107.0,3,11272.69,0
W006509,34.88,1,19.8,3,4685.5,0
W006510,0.17,0,18.9,2,1755.13,0
W006511,43.63,1,51.5,2,15070.37,1
W006512,5.44,0,64.2,1,4845.36,0
W006513,40.06,1,48.7,3,6048.6,0
W006514,54.56,1,37.7,5,3983.44,0
W006515,56.59,1,63.3,3,1202.99,0
W006516,45.1,1,2.4,3,16069.29,0
W006517,32.91,1,20.7,3,1871.41,0
W006518,17.43,0,98.7,2,3281.85,0
W006519,55.35,1,17.9,4,3348.35,0
W006520,18.71,0,40.9,3,7596.62,0
W006521,59.65,1,41.9,2,7823.41,1
W006522,38.36,1,76.3,3,4242.12,0
W006523,33.17,1,45.6,4,1121.97,0
W006524,40.67,1,3.1,4,17530.95,0
W006525,29.38,0,26.6,5,4043.18,0
W006526,40.15,1,74.9,3,388.66,0
W006527,14.19,0,54.1,3,2023.76,0
W006528,29.09,0,85.7,4,6489.46,0
W006529,23.1,0,73.8,2,4590.97,0
W006530,21.64,0,3.6,3,15780.44,0
W006531,24.78,0,140.5,1,28738.37,0
W006532,32.35,1,46.9,4,1686.67,0
W006533,20.75,0,25.7,3,2899.56,0
W006534,56.03,1,78.5,2,8450.79,0
W006535,33.15,1,40.1,3,1731.01,0
W006536,21.3,0,54.8,2,1228.37,0
W006537,15.06,0,125.6,2,4512.09,0
W006538,37.14,1,84.6,1,8762.06,0
W006539,37.05,1,70.5,1,13958.87,0
W006540,32.22,1,49.8,2,1448.08,0
W006541,0.0,0,10.1,2,8254.68,0
W006542,17.09,0,7.8,5,8936.16,1
W006543,16.15,0,17.9,3,378.74,0
W006544,18.07,0,61.8,5,18851.94,0
W006545,47.74,1,88.3,1,7607.02,0
W006546,44.39,1,74.7,2,19785.33,0
W006547,18.64,0,46.7,1,3206.45,0
W006548,18.61,0,179.8,1,3446.5,0
W006549,56.08,1,29.5,2,4640.94,0
W006550,15.73,0,45.3,1,3449.36,0
W006551,8.77,0,27.3,1,5300.0,0
W006552,18.35,0,42.8,4,2426.99,1
W006553,19.89,0,42.3,3,20076.27,0
W006554,48.99,1,34.1,1,5126.07,0
W006555,51.29,1,85.7,1,2041.88,0
W006556,38.36,1,64.8,2,7112.83,1
W006557,41.96,1,40.9,1,7225.49,0
W006558,23.2,0,78.8,3,7760.08,1
W006559,0.0,0,66.8,5,21913.1,0
W006560,20.61,0,29.6,1,18619.28,0
W006561,25.9,0,18.3,2,4188.35,0
W006562,70.52,1,83.5,2,7715.92,0
W006563,32.48,1,76.2,4,1030.69,0
W006564,7.34,0,42.0,1,3708.84,1
W006565,27.15,0,9.8,4,8282.81,0
W006566,38.16,1,26.1,2,1650.81,0
W006567,10.96,0,146.1,2,3430.61,0
W006568,58.12,1,77.8,2,3479.85,0
W006569,23.89,0,54.9,3,15546.31,0
W006570,8.25,0,47.2,4,4621.46,0
W006571,10.37,0,99.4,1,5528.2,0
W006572,39.26,1,45.7,2,7134.57,0
W006573,43.61,1,175.6,3,2750.59,0
W006574,6.2,0,48.8,1,12011.36,0
W006575,20.08,0,156.5,5,1773.9,0
W006576,36.32,1,36.1,1,6638.08,0
W006577,29.17,0,93.6,3,11969.16,0
W006578,51.8,1,36.0,5,153.72,0
W006579,0.0,0,55.2,3,38469.89,0
W006580,14.18,0,66.1,2,5903.14,0
W006581,62.48,1,65.9,5,4748.47,0
W006582,53.24,1,28.2,1,2098.94,0
W006583,28.07,0,96.4,1,4013.61,0
W006584,11.27,0,40.5,2,1448.24,0
W006585,32.94,1,54.7,2,2139.84,1
W006586,6.5,0,48.6,2,6009.0,0
W006587,46.74,1,84.9,5,13645.97,0
W006588,2.42,0,71.8,1,1581.77,0
W006589,30.29,1,39.7,1,2078.29,0
W006590,27.38,0,93.2,1,2867.51,0
W006591,51.71,1,37.9,2,122.76,0
W006592,20.82,0,27.4,2,592.19,0
W006593,17.81,0,55.6,6,1125.21,0
W006594,25.89,0,71.8,4,4046.57,0
W006595,9.49,0,103.5,2,34883.48,0
W006596,60.31,1,75.0,2,4275.78,0
W006597,67.81,1,26.7,2,8965.59,0
W006598,17.75,0,17.7,4,2272.96,0
W006599,30.99,1,71.7,2,4292.27,0
W006600,49.73,1,47.7,2,2247.26,0
W006601,26.13,0,45.5,2,4533.74,0
W006602,25.66,0,55.9,4,4213.88,0
W006603,18.07,0,157.0,1,880.77,0
W006604,25.95,0,34.3,4,10129.91,0
W006605,34.29,1,68.7,2,866.01,1
W006606,47.68,1,173.3,3,100226.69,0
W006607,0.0,0,33.9,3,2688.89,0
W006608,27.92,0,20.4,1,5377.83,0
W006609,41.51,1,88.5,1,1231.68,0
W006610,51.49,1,24.8,5,3101.76,0
W006611,46.59,1,22.8,4,1676.32,0
W006612,46.08,1,18.2,3,11631.41,0
W006613,78.31,1,23.6,2,6079.91,1
W006614,0.0,0,38.2,2,750.93,0
W006615,33.79,1,20.6,1,6818.59,0
W006616,32.83,1,83.7,4,681.53,0
W006617,13.96,0,64.2,5,9136.26,0
W006618,42.26,1,79.0,2,2427.21,0
W006619,38.2,1,63.4,2,4864.44,0
W006620,18.09,0,159.5,3,2006.86,0
W006621,7.37,0,58.4,3,1892.92,0
W006622,15.67,0,55.6,2,391.59,0
W006623,23.87,0,69.7,2,18588.4,0
W006624,15.72,0,71.2,3,1600.31,0
W006625,29.75,0,79.8,2,12521.38,1
W006626,31.34,1,34.9,1,1633.98,1
W006627,36.11,1,35.5,3,5015.88,0
W006628,18.81,0,68.6,1,3458.21,1
W006629,31.76,1,78.7,4,19465.21,0
W006630,24.45,0,150.4,5,1009.33,0
W006631,65.88,1,78.6,1,26022.59,0
W006632,30.19,1,74.0,1,2470.33,1
W006633,16.81,0,30.9,2,7455.73,0
W006634,57.72,1,25.8,2,1897.4,0
W006635,25.65,0,16.5,3,15929.66,0
W006636,48.22,1,60.4,2,4606.01,0
W006637,46.14,1,7.9,5,928.14,0
W006638,23.32,0,11.3,1,735.55,0
W006639,30.86,1,103.1,3,568.25,0
W006640,34.89,1,30.8,1,4110.15,0
W006641,40.98,1,123.6,1,2701.39,0
W006642,7.35,0,50.1,3,1563.1,0
W006643,34.19,1,160.9,2,2583.0,0
W006644,33.61,1,61.0,3,1656.93,0
W006645,58.74,1,15.5,1,2317.01,0
W006646,35.5,1,10.1,3,28625.78,0
W006647,66.39,1,24.2,3,16629.75,0
W006648,63.06,1,37.1,6,405.22,0
W006649,51.34,1,29.0,2,4964.1,0
W006650,0.0,0,29.2,2,5988.88,0
W006651,36.74,1,21.0,3,924.61,0
W006652,29.87,0,35.8,3,1217.43,0
W006653,16.29,0,65.9,2,2804.02,0
W006654,48.95,1,47.9,2,10218.61,0
W006655,56.23,1,62.7,4,1185.57,0
W006656,56.19,1,60.6,1,25261.87,0
W006657,44.53,1,220.4,1,1037.98,0
W006658,55.43,1,81.8,1,1561.97,1
W006659,30.1,1,80.0,2,3628.07,0
W006660,55.51,1,37.2,2,835.37,0
W006661,38.34,1,12.2,3,4073.77,0
W006662,17.59,0,92.8,5,2640.72,0
W006663,32.01,1,15.5,3,9287.82,0
W006664,35.62,1,21.2,2,3748.98,0
W006665,33.59,1,56.8,1,4114.51,0
W006666,12.84,0,30.4,3,2908.81,0
W006667,55.26,1,82.2,4,19226.47,0
W006668,44.8,1,40.1,2,6243.11,0
W006669,39.41,1,30.8,4,3358.77,0
W006670,44.13,1,123.0,3,6676.34,0
W006671,23.2,0,86.4,2,613.37,0
W006672,17.31,0,31.6,3,5056.65,1
W006673,11.69,0,108.7,4,1786.66,0
W006674,35.31,1,63.1,3,2513.41,0
W006675,35.01,1,73.3,1,807.22,0
W006676,34.79,1,64.4,1,5088.53,0
W006677,47.89,1,71.5,4,2077.06,0
W006678,7.18,0,113.9,5,17240.45,0
W006679,38.1,1,69.0,5,536.1,0
W006680,20.22,0,32.2,1,6265.57,0
W006681,32.2,1,35.2,2,5949.25,0
W006682,14.39,0,96.0,1,1223.0,0
W006683,11.11,0,34.6,1,9153.77,0
W006684,37.2,1,205.9,2,12341.86,0
W006685,32.91,1,53.3,6,478.59,0
W006686,8.47,0,79.6,3,16940.42,0
W006687,50.75,1,68.4,3,5569.36,0
W006688,32.83,1,85.5,4,2354.81,0
W006689,6.48,0,147.9,4,1552.3,0
W006690,31.44,1,19.3,4,8469.78,0
W006691,19.37,0,100.9,2,3169.82,0
W006692,0.0,0,35.7,2,4055.75,0
W006693,18.7,0,66.1,3,17650.48,0
W006694,20.13,0,37.6,3,2515.14,1
W006695,14.86,0,39.4,2,8682.72,0
W006696,16.48,0,73.8,4,25745.06,0
W006697,39.12,1,17.4,2,2325.67,0
W006698,18.43,0,65.7,3,2592.63,0
W006699,38.43,1,22.6,1,2138.3,1
W006700,25.54,0,45.0,2,1976.12,0
W006701,28.02,0,46.4,2,2831.94,0
W006702,21.72,0,69.1,6,613.96,0
W006703,18.57,0,23.2,5,1019.2,1
W006704,43.42,1,6.4,1,20514.6,0
W006705,27.74,0,114.7,3,1444.14,1
W006706,62.15,1,85.7,1,8028.59,0
W006707,24.37,0,9.5,1,1578.13,0
W006708,9.29,0,5.2,4,1324.04,0
W006709,90.8,1,39.5,1,5414.07,0
W006710,29.47,0,65.4,2,2161.52,0
W006711,30.48,1,75.3,3,5414.41,0
W006712,52.05,1,94.0,1,723.67,0
W006713,35.88,1,61.4,5,1452.31,0
W006714,6.11,0,83.8,2,8166.41,1
W006715,0.0,0,95.5,3,1181.14,0
W006716,19.53,0,74.4,1,497.64,0
W006717,27.02,0,56.5,5,2641.09,0
W006718,45.49,1,59.5,2,1032.36,0
W006719,95.0,1,65.2,1,10466.13,0
W006720,51.8,1,37.7,4,25541.91,0
W006721,53.49,1,90.4,1,7251.4,0
W006722,30.52,1,72.7,5,1566.03,0
W006723,38.64,1,52.2,4,10823.26,0
W006724,0.02,0,95.0,3,4796.31,0
W006725,39.86,1,21.2,2,11652.1,0
W006726,33.02,1,112.8,2,3216.9,0
W006727,58.1,1,83.4,2,4954.64,0
W006728,13.08,0,54.4,5,2034.44,0
W006729,28.2,0,52.2,1,8363.15,0
W006730,40.53,1,73.1,5,2879.27,0
W006731,48.12,1,69.8,3,614.24,0
W006732,30.5,1,54.7,1,1652.75,0
W006733,4.32,0,57.0,5,2124.38,0
W006734,33.25,1,34.7,3,10702.1,0
W006735,22.02,0,6.7,2,5843.79,0
W006736,28.82,0,88.1,2,2071.7,0
W006737,43.06,1,23.3,2,3841.32,0
W006738,34.92,1,36.7,2,5568.76,0
W006739,54.45,1,23.4,4,6127.89,0
W006740,12.34,0,70.4,2,10646.92,0
W006741,29.33,0,85.7,1,11910.37,0
W006742,23.64,0,11.8,2,2301.68,0
W006743,37.92,1,25.4,2,28401.35,1
W006744,13.5,0,83.7,1,1220.08,0
W006745,0.0,0,50.4,1,3818.07,0
W006746,19.62,0,40.5,1,2069.07,0
W006747,8.97,0,26.0,3,19076.87,0
W006748,28.84,0,102.6,4,7800.58,0
W006749,27.41,0,3.2,2,3864.36,0
W006750,11.78,0,44.1,3,1309.32,0
W006751,24.14,0,48.8,4,1413.09,0
W006752,24.09,0,12.1,4,31219.1,0
W006753,53.32,1,156.4,2,2885.73,0
W006754,28.66,0,47.2,3,39655.66,1
W006755,17.59,0,120.5,4,15526.62,0
W006756,29.98,0,53.0,1,1617.58,0
W006757,18.17,0,27.9,1,20135.61,0
W006758,20.81,0,52.4,1,2861.87,0
W006759,59.99,1,48.1,1,2370.77,0
W006760,12.24,0,73.1,1,556.0,0
W006761,49.58,1,38.6,5,3424.0,0
W006762,7.82,0,79.2,1,3549.8,0
W006763,9.83,0,105.1,5,1687.15,0
W006764,61.7,1,119.7,1,1904.21,0
W006765,20.72,0,36.6,1,3070.7,0
W006766,49.33,1,26.7,2,740.98,0
W006767,11.38,0,77.6,2,2859.26,0
W006768,47.05,1,7.0,1,2918.81,0
W006769,37.46,1,21.3,4,39716.53,0
W006770,33.6,1,13.9,3,10174.3,1
W006771,33.88,1,242.2,3,4171.69,0
W006772,24.79,0,96.1,4,1081.85,0
W006773,26.45,0,34.8,1,418.04,0
W006774,52.37,1,34.1,1,292.62,1
W006775,40.72,1,91.9,3,3943.61,0
W006776,16.4,0,64.2,1,3411.45,0
W006777,34.14,1,35.9,5,1701.05,0
W006778,9.08,0,38.5,1,19654.8,0
W006779,34.09,1,38.2,5,9036.87,0
W006780,19.86,0,32.5,4,21228.69,0
W006781,49.62,1,18.6,3,3099.64,0
W006782,2.58,0,18.1,2,929.39,0
W006783,10.38,0,74.4,6,21131.37,0
W006784,45.65,1,47.9,3,1996.53,0
W006785,28.51,0,194.4,3,1584.44,0
W006786,21.52,0,50.3,3,5094.98,0
W006787,42.29,1,45.0,1,3746.45,0
W006788,15.62,0,80.8,4,385.39,0
W006789,20.59,0,44.1,3,1674.14,0
W006790,61.78,1,63.7,2,16219.4,0
W006791,57.25,1,161.6,2,12307.56,0
W006792,67.22,1,25.2,2,27140.82,1
W006793,32.3,1,54.9,1,1577.96,0
W006794,37.92,1,11.4,3,3799.18,0
W006795,10.84,0,35.1,3,4655.08,0
W006796,51.78,1,2.7,2,3260.18,0
W006797,53.08,1,36.4,1,3660.1,0
W006798,19.38,0,45.2,4,8389.54,1
W006799,38.12,1,64.0,6,17600.26,0
W006800,47.41,1,62.9,3,1856.44,0
W006801,31.52,1,48.2,4,2757.5,0
W006802,20.15,0,59.4,2,931.62,0
W006803,25.51,0,56.9,3,11938.5,0
W006804,4.34,0,39.3,3,856.77,0
W006805,43.95,1,27.6,5,971.11,0
W006806,14.3,0,49.8,3,486.72,0
W006807,55.39,1,117.1,1,1894.25,0
W006808,58.78,1,53.5,5,426.16,0
W006809,41.46,1,22.6,1,4190.22,0
W006810,54.52,1,25.9,2,1660.48,0
W006811,51.38,1,12.0,4,2673.04,1
W006812,29.62,0,116.0,2,569.91,0
W006813,26.69,0,79.7,3,11413.07,0
W006814,32.86,1,193.0,4,36353.16,0
W006815,8.04,0,22.2,2,2107.59,1
W006816,50.0,1,12.1,4,2856.55,0
W006817,33.92,1,42.9,4,10599.07,0
W006818,12.41,0,37.6,4,19666.9,1
W006819,25.12,0,76.7,2,5010.84,0
W006820,53.19,1,104.8,1,768.68,0
W006821,14.45,0,42.0,1,6083.22,0
W006822,50.41,1,71.6,2,7433.18,1
W006823,59.75,1,29.4,2,7674.32,1
W006824,14.3,0,28.3,5,2369.0,0
W006825,26.63,0,66.5,2,677.61,0
W006826,28.75,0,117.0,2,1510.77,1
W006827,24.4,0,41.8,3,11246.42,0
W006828,16.55,0,66.7,2,19677.9,0
W006829,44.54,1,75.7,3,9709.94,0
W006830,32.36,1,64.7,4,1420.98,0
W006831,28.33,0,27.2,2,2232.43,0
W006832,37.14,1,51.7,5,4027.11,0
W006833,22.69,0,50.1,3,1559.65,0
W006834,39.89,1,123.0,3,5195.02,0
W006835,30.4,1,52.5,2,4860.86,0
W006836,20.91,0,34.9,1,5047.07,0
W006837,4.13,0,19.3,3,1600.06,0
W006838,62.01,1,76.7,3,3097.94,0
W006839,16.87,0,38.6,3,1526.85,0
W006840,34.56,1,126.2,4,7343.34,0
W006841,21.01,0,35.1,1,4012.36,0
W006842,51.82,1,43.9,4,18581.44,0
W006843,27.64,0,107.0,5,2663.16,0
W006844,45.97,1,134.5,1,16913.03,0
W006845,23.74,0,15.1,3,2580.46,0
W006846,42.12,1,50.5,2,6762.0,0
W006847,35.36,1,42.4,1,3549.75,0
W006848,16.65,0,105.6,5,10328.91,0
W006849,15.48,0,46.5,3,6664.56,0
W006850,24.89,0,54.3,3,2891.4,0
W006851,3.59,0,136.2,4,37170.53,0
W006852,11.62,0,63.3,4,7586.68,0
W006853,27.78,0,39.0,2,5278.19,0
W006854,22.5,0,48.5,3,683.94,0
W006855,33.75,1,22.6,1,3983.11,0
W006856,29.08,0,29.6,2,362.96,1
W006857,40.58,1,101.4,3,5264.2,0
W006858,0.17,0,54.2,5,7336.44,0
W006859,23.43,0,46.6,2,4543.96,0
W006860,18.02,0,42.3,3,9833.7,0
W006861,64.84,1,92.8,1,2818.74,1
W006862,25.58,0,123.3,3,3782.15,0
W006863,37.55,1,56.5,3,11339.56,0
W006864,24.01,0,44.2,3,7760.06,0
W006865,27.61,0,42.9,1,880.02,0
W006866,48.33,1,60.7,3,5377.02,0
W006867,16.33,0,36.9,3,1924.71,0
W006868,31.66,1,64.0,5,479.13,0
W006869,62.32,1,33.1,3,2321.03,0
W006870,22.63,0,46.6,5,2472.11,0
W006871,46.75,1,169.3,2,1313.7,0
W006872,8.02,0,92.3,1,2205.2,0
W006873,42.27,1,24.3,1,1161.27,0
W006874,35.48,1,91.8,2,4615.38,0
W006875,20.02,0,80.4,3,808.61,0
W006876,33.15,1,138.7,2,1325.22,0
W006877,28.25,0,19.8,3,13040.99,0
W006878,18.39,0,172.3,3,13405.74,0
W006879,45.45,1,87.5,4,9367.1,0
W006880,18.79,0,7.6,1,3298.96,0
W006881,13.21,0,23.8,1,1830.3,0
W006882,23.99,0,39.2,2,7565.82,1
W006883,37.81,1,57.4,2,850.09,0
W006884,27.91,0,32.9,4,6707.36,0
W006885,42.52,1,52.5,1,6209.33,0
W006886,21.96,0,45.3,5,2792.65,0
W006887,41.87,1,196.7,1,7681.29,0
W006888,0.0,0,33.9,2,10703.83,0
W006889,17.84,0,30.6,1,20775.69,1
W006890,30.15,1,74.3,1,2097.06,0
W006891,35.35,1,10.4,3,3804.39,0
W006892,7.97,0,80.8,2,33892.06,0
W006893,44.79,1,83.6,4,1556.59,0
W006894,0.0,0,36.4,4,6568.49,0
W006895,43.53,1,28.7,3,575.6,0
W006896,13.54,0,27.5,3,3355.72,0
W006897,8.93,0,24.1,4,5598.39,0
W006898,16.48,0,157.8,3,1106.25,0
W006899,43.13,1,151.7,4,2557.07,0
W006900,11.49,0,80.7,3,887.96,0
W006901,0.0,0,61.4,4,3516.14,0
W006902,23.69,0,22.6,6,2049.49,0
W006903,1.62,0,6.8,5,2339.53,0
W006904,28.39,0,37.8,2,1119.63,0
W006905,42.01,1,64.6,1,1341.84,0
W006906,50.79,1,88.1,4,792.13,0
W006907,20.62,0,55.1,3,3999.63,0
W006908,30.5,1,112.6,2,19630.63,0
W006909,18.58,0,27.1,2,3463.98,0
W006910,35.6,1,58.8,3,17296.98,0
W006911,59.76,1,90.1,1,3132.13,0
W006912,27.29,0,71.8,3,606.02,0
W006913,45.96,1,46.5,1,3418.96,0
W006914,61.27,1,54.1,3,11579.85,1
W006915,2.23,0,20.7,4,9047.19,0
W006916,30.01,1,99.0,4,761.84,0
W006917,36.59,1,44.3,5,8744.85,1
W006918,18.71,0,14.2,2,1472.91,0
W006919,25.62,0,28.8,4,1943.89,0
W006920,0.0,0,101.1,4,3770.36,0
W006921,47.83,1,145.1,3,7773.5,0
W006922,33.14,1,120.3,2,23288.51,0
W006923,63.34,1,78.7,1,3218.98,0
W006924,32.3,1,117.5,3,955.94,0
W006925,51.89,1,114.7,1,2619.59,0
W006926,30.53,1,82.9,3,1118.89,0
W006927,35.49,1,34.8,2,1353.45,0
W006928,29.19,0,14.3,5,27972.62,0
W006929,23.21,0,21.7,4,8296.82,0
W006930,35.35,1,16.8,1,1105.67,0
W006931,24.95,0,68.3,3,2649.18,0
W006932,1.66,0,21.3,2,12890.95,0
W006933,24.11,0,22.5,2,202.04,1
W006934,49.67,1,57.4,2,4304.08,0
W006935,6.03,0,46.9,2,16118.21,1
W006936,30.1,1,63.8,1,4028.8,0
W006937,36.48,1,40.7,1,1573.43,0
W006938,18.87,0,82.7,3,887.3,0
W006939,32.47,1,38.4,1,11852.07,1
W006940,41.91,1,6.9,1,9595.15,0
W006941,39.98,1,7.5,3,1575.39,0
W006942,28.83,0,149.7,3,709.04,0
W006943,35.31,1,51.6,5,2438.65,0
W006944,16.43,0,56.5,1,965.9,0
W006945,36.59,1,62.0,1,2922.85,0
W006946,18.9,0,61.5,4,5143.97,0
W006947,53.92,1,121.1,2,16161.59,0
W006948,22.34,0,36.6,1,15620.84,0
W006949,42.91,1,92.0,2,3269.6,0
W006950,48.75,1,64.9,2,14791.45,0
W006951,54.91,1,51.9,1,3266.26,0
W006952,29.3,0,37.9,3,13376.43,0
W006953,66.98,1,66.4,4,1436.83,0
W006954,42.35,1,81.4,2,9253.53,0
W006955,61.64,1,29.0,1,15597.64,0
W006956,27.23,0,95.1,2,14430.77,0
W006957,5.74,0,41.0,1,6349.9,0
W006958,28.13,0,39.9,3,26254.63,1
W006959,59.06,1,50.9,1,2254.9,0
W006960,29.08,0,76.4,1,7755.34,1
W006961,61.07,1,5.9,1,517.33,0
W006962,49.63,1,39.9,4,9974.41,0
W006963,14.01,0,153.0,1,2112.41,0
W006964,44.98,1,63.4,2,4796.49,0
W006965,29.73,0,47.4,4,1743.26,0
W006966,41.13,1,36.6,1,2246.65,0
W006967,14.04,0,19.6,2,8576.45,0
W006968,34.52,1,162.4,5,1608.33,0
W006969,27.66,0,112.5,5,10273.67,0
W006970,20.45,0,104.8,3,3202.25,0
W006971,27.56,0,33.4,2,1841.76,0
W006972,29.04,0,48.2,1,7230.37,0
W006973,24.09,0,29.9,3,1512.75,0
W006974,19.69,0,13.0,4,16702.83,0
W006975,46.88,1,152.1,3,10900.88,0
W006976,13.17,0,18.9,1,401.73,0
W006977,36.4,1,16.2,2,9153.27,1
W006978,17.38,0,129.0,4,24597.79,0
W006979,39.02,1,27.2,4,1830.33,0
W006980,22.35,0,113.8,4,549.42,1
W006981,2.94,0,58.8,1,3692.33,0
W006982,49.78,1,110.3,1,214.89,0
W006983,20.59,0,120.0,5,4442.8,0
W006984,58.86,1,62.4,1,5323.61,0
W006985,48.73,1,27.8,1,515.29,0
W006986,0.0,0,91.4,6,4708.39,1
W006987,37.52,1,130.6,1,1156.02,0
W006988,28.48,0,54.9,1,1042.17,0
W006989,72.87,1,33.6,3,1170.95,1
W006990,12.48,0,15.9,5,1197.57,0
W006991,32.72,1,71.1,3,7527.31,0
W006992,14.31,0,32.6,2,10234.94,0
W006993,8.08,0,89.9,1,3103.2,0
W006994,38.82,1,15.4,1,7474.81,0
W006995,58.7,1,78.0,2,12040.92,0
W006996,58.21,1,30.0,4,7690.01,0
W006997,56.12,1,34.1,2,946.02,0
W006998,56.73,1,61.3,3,2857.05,0
W006999,44.31,1,11.7,2,3473.53,1
W007000,17.03,0,137.5,3,3381.59,0
W007001,29.62,0,45.6,5,2477.8,0
W007002,23.67,0,79.1,1,3183.77,1
W007003,15.64,0,76.6,2,1223.77,0
W007004,23.12,0,60.3,1,176.12,0
W007005,73.19,1,68.9,1,9659.48,0
W007006,28.36,0,56.7,3,1524.94,0
W007007,42.53,1,75.8,1,4219.66,0
W007008,60.28,1,56.0,5,45969.29,0
W007009,24.58,0,35.3,4,14291.13,0
W007010,0.0,0,40.3,2,8132.94,0
W007011,41.41,1,82.9,5,10399.78,0
W007012,45.6,1,13.7,2,2714.42,0
W007013,63.51,1,67.4,4,12672.4,0
W007014,0.0,0,40.2,2,4933.72,0
W007015,23.02,0,13.4,1,3778.39,0
W007016,20.18,0,51.7,3,5962.02,0
W007017,41.89,1,105.3,5,436.57,0
W007018,17.24,0,80.7,2,1653.23,0
W007019,52.28,1,80.5,1,4883.52,0
W007020,48.18,1,54.8,3,994.54,0
W007021,24.11,0,125.2,4,4645.64,0
W007022,42.68,1,29.5,6,3229.45,0
W007023,37.94,1,13.6,2,4562.61,1
W007024,4.07,0,159.4,4,18100.77,0
W007025,30.96,1,13.4,1,2058.21,0
W007026,31.17,1,41.7,2,2845.68,1
W007027,65.44,1,103.5,2,2607.01,0
W007028,29.0,0,98.4,1,17381.88,0
W007029,21.18,0,74.6,3,8086.76,0
W007030,27.68,0,24.1,3,2049.52,0
W007031,47.84,1,30.2,1,1683.12,0
W007032,36.62,1,27.8,4,6141.44,0
W007033,6.02,0,50.6,2,2535.95,0
W007034,39.31,1,4.3,1,3977.81,0
W007035,37.11,1,62.4,6,1567.46,0
W007036,28.83,0,99.4,4,877.75,0
W007037,10.56,0,76.9,2,4831.35,0
W007038,30.15,1,31.1,5,6473.43,0
W007039,39.38,1,50.5,2,5114.71,0
W007040,43.55,1,15.6,4,8648.06,0
W007041,0.0,0,20.2,2,8579.45,0
W007042,61.37,1,69.3,3,1382.14,0
W007043,28.43,0,56.7,4,4390.5,0
W007044,15.75,0,15.2,2,4113.64,0
W007045,38.31,1,102.1,1,13451.97,0
W007046,54.13,1,92.7,2,1263.91,0
W007047,39.12,1,17.9,3,9915.87,1
W007048,49.62,1,36.0,3,6312.35,0
W007049,10.17,0,57.8,2,15800.65,0
W007050,8.2,0,120.8,1,1290.62,0
W007051,32.77,1,44.8,6,15201.17,0
W007052,1.45,0,78.7,2,4739.51,0
W007053,36.2,1,65.5,3,7402.64,0
W007054,25.19,0,35.3,5,2460.08,0
W007055,48.96,1,38.6,4,1601.04,0
W007056,19.33,0,71.4,2,12812.67,0
W007057,37.66,1,143.8,1,6433.57,0
W007058,44.14,1,77.1,4,4162.48,0
W007059,39.2,1,70.4,1,590.55,0
W007060,87.07,1,93.2,3,2938.06,0
W007061,37.74,1,54.4,2,3029.97,0
W007062,24.34,0,41.0,4,9782.29,0
W007063,58.31,1,9.7,2,3229.98,1
W007064,11.95,0,94.4,1,9814.94,1
W007065,40.75,1,92.8,2,3900.69,0
W007066,44.16,1,157.8,2,3908.87,0
W007067,16.64,0,9.0,1,29188.97,0
W007068,11.41,0,84.8,2,1594.54,0
W007069,40.72,1,92.4,2,5869.09,0
W007070,0.0,0,45.7,3,2444.37,0
W007071,0.0,0,106.4,4,7498.01,0
W007072,26.38,0,30.4,2,10573.01,0
W007073,24.2,0,112.3,5,2262.23,0
W007074,34.56,1,87.2,1,1652.8,0
W007075,16.38,0,23.0,6,5553.04,0
W007076,0.0,0,178.9,1,19134.38,0
W007077,14.5,0,7.8,5,4305.69,0
W007078,4.28,0,94.4,3,6187.11,0
W007079,44.01,1,89.9,2,2808.9,0
W007080,26.27,0,68.4,1,4494.22,0
W007081,54.83,1,22.4,2,14515.94,0
W007082,22.35,0,96.5,4,1142.65,0
W007083,12.5,0,40.8,2,1244.16,0
W007084,37.7,1,111.3,4,4760.3,0
W007085,24.48,0,73.0,4,4175.4,0
W007086,36.11,1,63.5,2,25343.05,0
W007087,11.9,0,13.0,4,21317.42,0
W007088,27.72,0,76.8,3,3734.09,0
W007089,32.15,1,53.6,3,4945.89,0
W007090,10.56,0,35.7,1,21077.84,0
W007091,28.12,0,89.4,4,4583.81,0
W007092,39.94,1,96.1,1,2331.87,0
W007093,25.31,0,11.7,1,1787.6,0
W007094,37.82,1,110.4,4,2687.05,0
W007095,10.96,0,69.3,3,1153.18,0
W007096,46.39,1,112.8,1,17633.66,0
W007097,32.9,1,4.4,5,2397.38,0
W007098,29.23,0,36.9,1,8740.74,0
W007099,37.4,1,76.1,2,1748.84,1
W007100,27.01,0,64.7,1,9959.75,0
W007101,13.12,0,89.3,1,2481.32,0
W007102,53.32,1,36.3,3,22407.84,0
W007103,46.24,1,45.7,3,2270.96,0
W007104,16.88,0,17.7,4,5544.8,0
W007105,48.81,1,34.1,4,5767.85,0
W007106,0.0,0,13.4,2,2932.67,0
W007107,32.42,1,66.7,3,7589.76,0
W007108,52.76,1,27.3,5,1256.96,0
W007109,38.35,1,14.0,2,1994.74,0
W007110,34.14,1,80.2,4,3496.36,0
W007111,32.2,1,38.9,3,4645.34,0
W007112,0.0,0,11.1,4,3774.67,0
W007113,36.2,1,102.3,3,3334.97,0
W007114,7.62,0,66.0,1,3213.2,0
W007115,36.86,1,103.7,2,6158.34,0
W007116,23.71,0,57.2,2,619.49,0
W007117,41.78,1,44.7,3,6937.82,0
W007118,27.41,0,58.1,1,6268.64,1
W007119,39.41,1,55.5,4,7951.36,0
W007120,30.9,1,105.4,4,2496.53,0
W007121,42.4,1,51.6,2,5884.93,0
W007122,34.76,1,37.8,3,9746.12,0
W007123,30.93,1,67.2,5,4512.61,0
W007124,37.03,1,54.5,1,5438.02,0
W007125,0.0,0,53.7,2,2517.98,0
W007126,36.7,1,32.2,4,5488.69,0
W007127,14.52,0,67.9,5,5371.84,0
W007128,63.23,1,20.6,3,8810.57,1
W007129,17.51,0,118.0,5,216.88,0
W007130,48.36,1,82.0,4,15738.55,0
W007131,6.56,0,20.6,2,4024.97,0
W007132,18.59,0,54.7,2,1684.6,0
W007133,59.14,1,167.7,1,657.39,0
W007134,21.94,0,10.2,5,3365.9,0
W007135,33.68,1,75.8,3,25219.78,0
W007136,34.98,1,60.8,2,1775.79,0
W007137,18.4,0,29.7,1,2368.4,0
W007138,31.09,1,20.1,4,2992.04,0
W007139,15.4,0,143.9,3,1945.84,0
W007140,0.0,0,196.2,1,40664.51,0
W007141,17.59,0,52.9,1,1080.23,0
W007142,0.0,0,18.2,4,17846.47,0
W007143,31.61,1,60.1,1,3513.14,0
W007144,46.64,1,18.3,2,41984.28,0
W007145,34.99,1,111.1,6,1450.74,0
W007146,31.72,1,35.9,5,8136.88,0
W007147,74.52,1,3.8,2,1530.12,0
W007148,30.49,1,106.6,1,10944.49,0
W007149,33.34,1,137.0,2,996.43,0
W007150,29.02,0,85.6,5,13978.17,0
W007151,33.7,1,76.8,3,8176.64,0
W007152,0.0,0,56.6,3,9509.52,0
W007153,20.54,0,26.9,1,22050.21,0
W007154,44.65,1,76.4,2,1603.71,0
W007155,24.04,0,67.2,1,4625.21,0
W007156,54.87,1,32.9,1,11387.38,1
W007157,54.21,1,88.8,3,2496.0,1
W007158,34.4,1,167.4,1,3618.19,0
W007159,38.54,1,21.9,4,3587.34,1
W007160,60.5,1,8.6,2,10326.97,0
W007161,25.4,0,13.8,2,4002.48,0
W007162,33.39,1,12.1,2,1363.95,1
W007163,40.82,1,80.4,2,5722.26,1
W007164,54.45,1,51.6,1,6298.88,0
W007165,0.0,0,35.1,1,16191.1,0
W007166,30.88,1,94.4,1,8530.03,0
W007167,42.59,1,42.9,1,637.07,0
W007168,39.1,1,31.9,1,459.33,0
W007169,42.51,1,14.3,4,9580.04,0
W007170,34.45,1,61.5,2,669.65,0
W007171,66.45,1,208.4,1,2145.34,0
W007172,33.18,1,106.0,5,10943.0,0
W007173,47.14,1,96.6,4,493.1,0
W007174,46.14,1,23.7,3,89433.46,0
W007175,29.16,0,110.0,5,77195.01,0
W007176,3.3,0,42.6,3,4340.63,0
W007177,28.14,0,35.2,1,979.96,0
W007178,21.94,0,35.2,6,1329.45,0
W007179,15.0,0,21.6,6,1088.32,1
W007180,51.64,1,22.3,6,6324.69,0
W007181,8.24,0,18.5,1,4071.21,0
W007182,32.76,1,25.4,2,6359.45,0
W007183,20.58,0,59.4,4,1681.61,0
W007184,32.1,1,26.8,1,10025.79,0
W007185,32.54,1,45.9,3,1296.26,1
W007186,6.08,0,32.3,2,3883.28,0
W007187,14.76,0,58.7,3,2099.68,0
W007188,45.01,1,47.2,4,3473.04,0
W007189,19.28,0,64.7,1,2206.91,0
W007190,51.05,1,76.8,3,37323.93,0
W007191,19.01,0,54.6,6,2732.74,0
W007192,33.95,1,75.4,2,3113.73,1
W007193,35.82,1,110.6,2,8014.92,0
W007194,35.89,1,34.1,3,4279.14,1
W007195,37.73,1,25.0,6,13635.84,0
W007196,48.71,1,40.4,4,2191.54,1
W007197,49.19,1,17.1,2,1496.98,0
W007198,29.88,0,74.7,4,2116.08,1
W007199,36.45,1,36.5,2,1759.83,0
W007200,34.92,1,37.6,2,2440.45,0
W007201,42.6,1,33.3,4,6656.48,0
W007202,44.29,1,15.9,6,41428.21,0
W007203,14.26,0,88.6,4,1305.59,0
W007204,10.64,0,61.7,2,1359.39,0
W007205,27.59,0,50.6,1,6528.73,0
W007206,21.29,0,90.6,4,11704.18,0
W007207,35.9,1,96.1,1,1009.35,0
W007208,17.68,0,61.4,5,18859.08,0
W007209,33.13,1,32.8,3,3831.02,0
W007210,35.85,1,20.8,2,4282.98,0
W007211,13.64,0,43.2,3,3657.41,0
W007212,0.0,0,38.7,4,16638.05,0
W007213,0.0,0,24.1,2,1362.0,0
W007214,34.32,1,20.1,3,1017.1,0
W007215,38.18,1,17.5,5,7435.69,0
W007216,6.27,0,56.0,2,3870.1,0
W007217,22.7,0,60.9,2,2682.7,0
W007218,62.48,1,50.7,4,8272.26,0
W007219,32.94,1,56.5,1,3895.97,0
W007220,47.13,1,18.6,4,6527.55,0
W007221,18.1,0,54.1,5,4374.74,0
W007222,0.0,0,53.1,3,14165.6,0
W007223,34.83,1,113.3,1,10474.45,0
W007224,10.01,0,36.9,3,5624.57,0
W007225,44.09,1,37.9,3,411.01,0
W007226,11.76,0,32.7,6,180.43,0
W007227,11.44,0,65.9,2,16269.16,0
W007228,33.44,1,89.5,3,9607.32,0
W007229,24.38,0,92.1,4,2796.16,0
W007230,18.7,0,42.8,2,4281.27,0
W007231,31.55,1,20.0,3,23954.24,0
W007232,27.73,0,33.2,2,981.66,0
W007233,21.49,0,93.1,2,328.37,0
W007234,19.16,0,12.6,4,17634.41,1
W007235,53.77,1,42.0,3,1751.47,0
W007236,19.14,0,1.7,1,3629.32,0
W007237,36.43,1,101.0,2,2185.82,0
W007238,18.91,0,80.8,5,26044.91,0
W007239,34.05,1,25.7,5,3030.65,0
W007240,0.0,0,52.7,3,4400.0,0
W007241,19.45,0,37.2,2,554.33,0
W007242,14.85,0,6.8,1,13468.88,0
W007243,49.04,1,40.0,3,27302.72,1
W007244,33.6,1,5.3,2,3069.23,0
W007245,30.26,1,19.1,5,9969.67,1
W007246,36.7,1,53.7,1,2867.08,0
W007247,45.67,1,243.4,4,3479.42,0
W007248,54.21,1,39.3,3,70372.43,0
W007249,23.88,0,50.7,3,1348.15,0
W007250,11.16,0,27.6,2,5944.23,0
W007251,47.6,1,66.8,2,5399.68,0
W007252,25.53,0,72.1,3,3178.64,0
W007253,29.57,0,40.4,3,2624.25,1
W007254,0.0,0,115.6,1,3953.85,1
W007255,54.95,1,84.8,6,2659.85,0
W007256,0.22,0,49.1,2,3926.97,0
W007257,53.01,1,23.5,4,3985.42,0
W007258,35.75,1,58.4,3,3394.36,0
W007259,24.35,0,19.5,6,1011.48,0
W007260,27.85,0,10.9,2,815.6,0
W007261,21.31,0,14.5,2,6768.81,0
W007262,43.27,1,38.8,1,11547.29,0
W007263,25.24,0,41.7,3,1018.33,0
W007264,34.93,1,39.0,1,528.09,0
W007265,9.59,0,55.1,2,22809.36,0
W007266,16.32,0,75.3,4,6225.72,0
W007267,32.92,1,62.4,2,2577.98,0
W007268,53.19,1,70.9,2,6724.13,1
W007269,42.14,1,48.2,2,4505.94,0
W007270,29.05,0,55.0,2,3025.23,0
W007271,28.02,0,19.7,2,178.43,0
W007272,21.27,0,76.2,6,1902.16,0
W007273,23.88,0,112.3,2,1838.86,0
W007274,8.55,0,145.0,4,1278.8,0
W007275,15.67,0,50.5,1,750.93,0
W007276,42.4,1,59.9,2,4701.66,0
W007277,34.54,1,58.4,5,25064.78,0
W007278,23.88,0,156.3,1,24413.75,0
W007279,32.6,1,20.0,3,82311.46,0
W007280,0.0,0,45.7,1,778.47,0
W007281,6.28,0,72.7,4,5725.93,0
W007282,37.63,1,91.3,1,5871.68,1
W007283,28.14,0,97.6,2,3320.7,0
W007284,25.2,0,29.9,1,2156.49,1
W007285,8.45,0,14.0,3,4191.9,0
W007286,22.89,0,25.4,1,238.88,0
W007287,45.08,1,118.6,2,1453.5,0
W007288,22.68,0,53.6,2,11900.82,0
W007289,34.83,1,78.8,2,3529.72,0
W007290,66.55,1,81.2,3,13207.95,0
W007291,21.82,0,82.1,3,5006.49,0
W007292,45.9,1,32.7,1,20913.9,0
W007293,44.42,1,81.4,1,3791.33,0
W007294,10.05,0,78.6,4,2007.19,0
W007295,33.46,1,48.8,1,15367.05,0
W007296,13.62,0,149.8,4,2671.71,0
W007297,20.87,0,98.5,2,6197.05,0
W007298,39.88,1,73.6,3,2289.39,0
W007299,0.0,0,19.3,4,4758.4,0
W007300,22.56,0,9.8,2,10542.4,0
W007301,24.58,0,22.3,3,700.51,0
W007302,26.84,0,92.7,4,2680.33,0
W007303,45.88,1,60.6,4,4268.65,0
W007304,25.16,0,13.6,2,5682.72,1
W007305,63.56,1,18.9,3,26051.42,0
W007306,30.26,1,92.5,3,3882.75,0
W007307,24.96,0,55.4,2,2218.67,1
W007308,18.57,0,56.8,1,739.32,0
W007309,22.55,0,181.5,1,3452.26,0
W007310,0.04,0,118.4,3,1355.86,0
W007311,20.45,0,61.7,2,4270.13,0
W007312,18.6,0,71.3,1,7142.36,0
W007313,7.03,0,57.3,3,3102.58,0
W007314,24.8,0,117.6,3,989.86,0
W007315,29.86,0,64.0,4,1394.22,0
W007316,35.52,1,35.2,6,12984.98,0
W007317,42.76,1,65.1,5,1157.62,0
W007318,74.4,1,10.0,3,2700.99,1
W007319,47.98,1,87.9,5,5508.49,0
W007320,25.3,0,93.3,1,2284.95,0
W007321,32.91,1,78.9,1,484.96,0
W007322,42.77,1,197.3,5,1335.65,0
W007323,61.43,1,50.5,3,15981.8,0
W007324,47.23,1,29.0,2,2439.38,0
W007325,60.05,1,29.7,3,7111.17,0
W007326,61.67,1,44.4,3,20766.56,0
W007327,27.17,0,94.9,4,5267.46,0
W007328,17.22,0,39.8,4,8365.08,0
W007329,53.39,1,32.5,5,3395.19,0
W007330,13.94,0,11.1,3,6482.64,0
W007331,13.05,0,60.0,3,4389.34,0
W007332,18.4,0,124.7,4,10647.07,0
W007333,30.09,1,42.3,4,1798.69,0
W007334,20.44,0,67.7,3,18303.97,0
W007335,65.6,1,45.3,1,1552.4,0
W007336,12.96,0,69.4,3,2735.45,0
W007337,12.86,0,47.2,3,10027.63,0
W007338,36.3,1,59.8,3,5023.77,0
W007339,28.1,0,57.0,2,1389.44,1
W007340,20.8,0,68.9,1,8992.23,0
W007341,30.02,1,28.3,1,2915.83,0
W007342,26.77,0,63.8,2,1310.12,1
W007343,0.0,0,96.7,3,13751.39,0
W007344,57.39,1,52.3,2,2905.11,0
W007345,24.0,0,36.1,2,2242.56,0
W007346,38.04,1,51.9,2,10386.69,0
W007347,27.17,0,81.2,1,3844.6,0
W007348,11.37,0,33.1,1,8419.63,0
W007349,56.58,1,41.6,1,1346.92,0
W007350,31.58,1,106.0,1,5194.22,1
W007351,18.21,0,35.2,4,4374.84,1
W007352,19.08,0,63.6,2,368.99,0
W007353,0.0,0,15.0,5,4198.37,0
W007354,53.8,1,41.5,3,1402.97,0
W007355,38.16,1,57.2,1,5223.37,0
W007356,0.0,0,38.5,1,19776.73,0
W007357,27.67,0,48.8,1,5060.5,0
W007358,12.55,0,137.6,1,2522.42,0
W007359,38.5,1,21.4,5,2091.17,0
W007360,44.27,1,56.8,2,31918.43,0
W007361,18.91,0,90.8,2,1426.69,0
W007362,49.94,1,85.6,1,1470.8,0
W007363,8.65,0,64.0,3,9020.89,0
W007364,39.88,1,93.4,1,3581.05,0
W007365,6.69,0,53.4,4,3732.38,0
W007366,33.9,1,110.0,2,1990.66,0
W007367,32.21,1,37.8,2,4803.1,0
W007368,20.79,0,210.8,1,2675.17,0
W007369,49.52,1,124.4,3,2988.35,0
W007370,57.44,1,68.3,4,21747.54,0
W007371,9.22,0,23.4,1,4069.59,0
W007372,14.85,0,108.9,3,2426.72,0
W007373,13.1,0,29.4,2,989.49,0
W007374,42.04,1,59.8,1,2158.35,0
W007375,18.97,0,81.2,2,416.41,0
W007376,28.37,0,55.2,1,3181.4,0
W007377,19.83,0,48.0,2,2139.96,0
W007378,33.19,1,43.4,2,17714.16,0
W007379,15.15,0,45.0,3,4154.2,0
W007380,15.62,0,69.5,2,731.18,0
W007381,2.06,0,82.2,1,2523.85,0
W007382,59.11,1,25.1,5,19201.69,1
W007383,35.52,1,20.2,1,7278.41,0
W007384,9.99,0,78.7,2,9441.82,0
W007385,45.24,1,43.9,2,7467.13,0
W007386,19.02,0,21.3,1,4586.48,1
W007387,31.81,1,48.4,5,473.1,0
W007388,27.65,0,65.7,2,1461.43,0
W007389,13.59,0,124.5,1,10058.24,0
W007390,26.55,0,29.1,3,642.81,0
W007391,9.03,0,35.2,1,3241.55,0
W007392,29.41,0,73.8,4,4013.76,1
W007393,13.76,0,73.6,3,5277.18,0
W007394,80.43,1,63.2,2,6358.37,0
W007395,36.51,1,44.6,2,1166.8,1
W007396,41.54,1,154.9,2,3883.74,0
W007397,12.94,0,49.8,1,597.44,0
W007398,27.42,0,109.9,2,1855.73,0
W007399,35.93,1,95.2,2,2641.0,0
W007400,1.49,0,28.7,2,1282.81,0
W007401,37.35,1,62.7,5,2297.21,1
W007402,1.21,0,35.6,1,4539.33,0
W007403,35.92,1,1.6,3,1674.91,0
W007404,7.55,0,59.8,1,1157.79,0
W007405,30.28,1,21.9,1,7860.85,0
W007406,27.95,0,41.7,2,3513.42,1
W007407,24.74,0,42.8,3,6213.88,0
W007408,6.31,0,24.5,3,2647.84,0
W007409,29.02,0,16.5,2,3536.09,0
W007410,46.74,1,46.6,2,1638.16,0
W007411,28.34,0,63.5,3,2571.9,1
W007412,32.85,1,61.4,3,10888.28,0
W007413,24.07,0,52.7,6,2408.15,0
W007414,44.87,1,54.1,2,5869.88,0
W007415,40.23,1,16.8,6,1255.75,0
W007416,76.17,1,148.1,3,947.67,0
W007417,41.16,1,10.7,2,9415.05,0
W007418,13.78,0,15.4,1,3183.5,0
W007419,44.88,1,38.3,4,2461.49,0
W007420,29.08,0,56.5,1,2510.06,0
W007421,36.08,1,55.7,1,4102.06,0
W007422,48.82,1,58.9,3,2663.73,0
W007423,28.25,0,122.5,1,2271.09,0
W007424,0.0,0,137.5,4,59076.59,0
W007425,18.51,0,120.4,3,3454.4,0
W007426,7.22,0,64.0,1,1171.01,0
W007427,4.14,0,176.9,6,7873.41,0
W007428,53.35,1,47.1,4,895.2,0
W007429,33.26,1,86.9,1,23658.53,0
W007430,31.75,1,102.3,3,5245.74,0
W007431,37.78,1,41.6,3,4181.81,0
W007432,42.53,1,45.7,1,14712.61,0
W007433,72.5,1,61.7,5,6305.96,0
W007434,27.56,0,42.4,2,4760.57,0
W007435,38.21,1,59.4,3,1742.82,0
W007436,0.0,0,103.8,6,4876.03,0
W007437,18.0,0,46.3,2,3213.77,0
W007438,82.06,1,19.9,5,4082.9,0
W007439,26.73,0,16.8,6,1854.61,1
W007440,38.24,1,53.3,3,1153.4,0
W007441,44.56,1,60.7,6,8015.41,0
W007442,36.88,1,76.2,1,1509.48,0
W007443,55.17,1,10.9,3,8266.31,0
W007444,11.22,0,56.9,4,5734.22,0
W007445,20.55,0,94.0,2,237.22,0
W007446,51.44,1,125.8,2,4097.85,0
W007447,24.23,0,63.1,1,1585.69,0
W007448,45.61,1,59.2,1,2938.06,0
W007449,35.64,1,95.4,2,1014.39,0
W007450,37.54,1,52.6,5,5519.51,0
W007451,18.44,0,37.0,2,1141.04,0
W007452,0.0,0,29.1,3,1045.89,0
W007453,89.74,1,40.4,2,2733.42,0
W007454,44.85,1,6.4,3,12250.28,0
W007455,26.49,0,73.6,4,9444.31,0
W007456,46.69,1,62.9,1,7514.67,0
W007457,54.64,1,38.7,3,7003.0,0
W007458,66.9,1,10.7,5,1527.57,0
W007459,34.11,1,48.8,3,2798.87,0
W007460,29.8,0,49.8,2,1959.27,0
W007461,0.0,0,85.3,2,6597.15,0
W007462,22.34,0,72.4,2,1887.8,0
W007463,0.0,0,38.1,2,2401.5,0
W007464,18.72,0,55.8,1,874.04,0
W007465,23.8,0,76.1,2,3924.37,0
W007466,62.6,1,7.5,3,7042.3,1
W007467,74.81,1,30.8,2,10603.52,0
W007468,49.54,1,19.6,4,13694.52,0
W007469,3.71,0,62.9,3,3213.34,0
W007470,0.0,0,23.6,3,2448.76,0
W007471,42.29,1,66.1,1,8049.15,0
W007472,63.08,1,33.4,4,16592.2,0
W007473,15.12,0,55.7,3,1050.6,0
W007474,63.53,1,44.5,2,2414.27,0
W007475,26.85,0,56.1,3,4808.58,0
W007476,26.39,0,94.1,4,14854.46,0
W007477,42.92,1,76.4,3,5267.95,0
W007478,13.2,0,256.5,3,2778.9,0
W007479,49.81,1,111.7,1,2469.14,0
W007480,36.62,1,76.1,4,1405.67,0
W007481,33.38,1,100.1,1,1607.12,0
W007482,13.42,0,85.6,4,22064.44,0
W007483,46.24,1,25.7,3,9323.98,0
W007484,45.31,1,47.2,3,1370.84,0
W007485,43.27,1,54.4,5,5439.65,0
W007486,45.2,1,31.7,3,2540.15,1
W007487,31.21,1,46.1,3,1830.44,0
W007488,45.87,1,48.6,2,7131.31,0
W007489,19.43,0,74.9,1,6503.13,0
W007490,14.12,0,109.3,5,34519.38,0
W007491,24.95,0,15.9,3,3523.67,0
W007492,39.67,1,78.2,3,4935.09,0
W007493,31.15,1,18.5,2,7879.64,0
W007494,22.0,0,73.2,6,11775.65,0
W007495,56.6,1,108.5,2,699.28,0
W007496,50.25,1,85.1,1,3488.79,0
W007497,25.89,0,65.2,1,4728.18,0
W007498,36.24,1,38.9,3,7115.96,0
W007499,24.28,0,252.6,2,841.31,0
W007500,21.82,0,44.5,1,505.87,0
W007501,0.0,0,43.5,4,18636.91,0
W007502,18.22,0,103.6,3,11605.04,0
W007503,39.44,1,148.1,1,5664.99,0
W007504,52.07,1,39.1,4,6010.11,0
W007505,17.87,0,1.5,1,3797.79,0
W007506,27.47,0,60.8,1,6008.58,0
W007507,33.2,1,73.8,5,1941.77,0
W007508,23.08,0,16.2,4,1912.94,0
W007509,25.23,0,18.4,5,329.08,1
W007510,43.12,1,51.4,3,14055.67,0
W007511,13.41,0,92.5,4,3389.47,0
W007512,30.71,1,129.9,4,5146.43,0
W007513,8.04,0,99.7,1,1176.41,0
W007514,14.2,0,25.0,5,15474.26,0
W007515,27.81,0,99.2,1,1332.97,0
W007516,7.48,0,25.1,1,12264.87,0
W007517,21.44,0,33.7,2,3872.98,0
W007518,35.16,1,54.7,3,4453.26,0
W007519,30.73,1,68.9,1,1425.29,0
W007520,6.59,0,61.7,2,13716.04,0
W007521,42.45,1,36.4,2,6734.39,0
W007522,32.4,1,17.3,4,14351.06,0
W007523,35.35,1,83.7,5,719.52,0
W007524,20.3,0,90.4,1,914.72,0
W007525,41.28,1,152.9,3,799.39,0
W007526,30.51,1,49.6,6,1300.92,0
W007527,38.5,1,50.7,2,8836.91,0
W007528,3.28,0,279.1,4,1006.6,0
W007529,6.5,0,57.4,3,1409.39,0
W007530,57.27,1,38.8,3,2383.96,0
W007531,18.69,0,29.8,2,2630.01,0
W007532,20.89,0,27.4,6,2873.63,0
W007533,13.82,0,82.1,2,3008.48,0
W007534,5.85,0,47.2,3,15964.77,0
W007535,25.41,0,64.6,4,5974.42,0
W007536,20.1,0,20.6,3,17300.87,0
W007537,19.72,0,131.4,1,16541.35,0
W007538,30.94,1,64.5,1,7091.68,0
W007539,15.97,0,26.3,2,6748.83,0
W007540,49.19,1,122.0,1,52241.48,0
W007541,8.3,0,124.8,1,2505.1,0
W007542,38.45,1,9.3,2,5713.84,0
W007543,25.77,0,36.7,3,5862.1,0
W007544,12.11,0,55.3,1,3487.23,0
W007545,27.86,0,148.2,5,1130.98,0
W007546,9.65,0,74.1,2,3287.14,0
W007547,52.19,1,88.5,1,4529.8,0
W007548,0.0,0,115.6,2,1656.69,0
W007549,37.95,1,14.3,3,10314.69,0
W007550,5.88,0,14.4,2,31589.36,0
W007551,6.82,0,16.2,2,527.21,1
W007552,32.62,1,100.1,2,19388.75,0
W007553,15.08,0,11.2,1,4303.45,1
W007554,38.02,1,97.3,2,12376.86,0
W007555,25.97,0,46.0,1,5559.69,1
W007556,48.06,1,46.2,2,1121.95,0
W007557,25.3,0,32.7,1,4383.06,0
W007558,0.0,0,29.9,1,14638.61,0
W007559,18.94,0,10.7,2,1930.72,0
W007560,15.49,0,52.7,1,2001.56,0
W007561,57.18,1,98.7,2,1484.66,0
W007562,39.49,1,67.4,5,2611.83,0
W007563,33.74,1,36.5,4,5424.77,0
W007564,27.98,0,126.5,2,8120.9,0
W007565,45.5,1,46.8,2,10271.2,0
W007566,9.31,0,84.5,1,5531.89,0
W007567,52.75,1,58.8,2,2916.79,0
W007568,4.67,0,46.2,4,3674.27,0
W007569,45.59,1,56.6,2,3655.26,0
W007570,30.54,1,59.4,4,1175.01,0
W007571,26.28,0,193.1,4,5355.49,0
W007572,11.38,0,79.3,3,8031.87,0
W007573,40.13,1,68.6,1,1557.02,0
W007574,38.29,1,65.5,1,1650.96,0
W007575,54.01,1,45.3,2,12922.8,1
W007576,23.01,0,29.4,3,315.43,0
W007577,25.72,0,67.9,1,12064.48,0
W007578,27.37,0,104.8,3,36901.04,0
W007579,45.28,1,68.7,3,1368.88,0
W007580,44.7,1,104.5,2,2857.56,0
W007581,0.0,0,9.5,1,1604.77,0
W007582,70.61,1,139.4,3,21603.23,0
W007583,3.34,0,64.0,3,5686.17,0
W007584,23.84,0,63.4,2,1963.59,0
W007585,50.88,1,46.2,5,2084.84,0
W007586,19.85,0,26.4,1,2900.23,0
W007587,25.71,0,71.9,2,4587.92,1
W007588,46.37,1,44.1,5,16784.99,0
W007589,41.9,1,40.1,3,6269.07,0
W007590,17.63,0,54.9,1,17311.44,0
W007591,52.43,1,73.0,2,2776.65,0
W007592,48.14,1,4.2,1,2725.15,0
W007593,37.54,1,10.7,3,358.22,0
W007594,46.23,1,82.3,2,1336.1,0
W007595,21.55,0,39.0,1,8575.38,0
W007596,30.84,1,38.5,2,10943.38,0
W007597,32.78,1,120.0,2,4865.89,0
W007598,66.19,1,114.8,3,1797.61,0
W007599,13.23,0,62.7,3,4122.87,0
W007600,16.58,0,38.7,1,11864.28,0
W007601,75.7,1,59.1,1,1939.5,0
W007602,59.25,1,18.3,5,2123.32,0
W007603,30.88,1,87.5,2,2083.2,0
W007604,46.14,1,104.4,5,14351.87,0
W007605,25.22,0,36.9,2,5083.17,0
W007606,37.91,1,89.8,1,2877.09,0
W007607,26.11,0,18.5,6,12079.88,0
W007608,22.2,0,18.0,2,9709.62,0
W007609,53.5,1,22.7,4,19635.59,0
W007610,27.86,0,62.6,4,28210.67,0
W007611,24.88,0,25.8,4,4195.57,0
W007612,36.75,1,51.3,1,4597.18,0
W007613,0.0,0,61.7,4,12277.83,0
W007614,31.4,1,18.9,4,947.03,0
W007615,4.74,0,61.4,1,5835.14,0
W007616,37.02,1,45.6,3,1763.51,0
W007617,29.04,0,122.2,4,2507.67,0
W007618,19.24,0,72.3,1,30483.38,0
W007619,12.01,0,34.5,3,1615.27,0
W007620,68.56,1,8.1,1,6726.71,0
W007621,42.64,1,82.6,4,609.34,0
W007622,56.01,1,62.3,3,606.32,0
W007623,39.96,1,94.6,1,1848.83,0
W007624,31.79,1,98.8,3,2303.68,0
W007625,21.24,0,66.0,3,3128.5,1
W007626,26.66,0,12.2,1,5947.77,0
W007627,40.04,1,11.8,2,1614.47,1
W007628,44.72,1,252.5,1,2777.03,0
W007629,13.18,0,41.9,3,60762.76,0
W007630,5.4,0,87.4,1,3881.83,0
W007631,39.67,1,23.6,3,2699.14,0
W007632,26.27,0,99.5,3,4056.74,0
W007633,28.56,0,20.8,1,891.76,0
W007634,7.17,0,12.9,3,1215.15,0
W007635,2.9,0,19.4,2,11001.81,0
W007636,67.7,1,54.4,4,8632.91,0
W007637,22.04,0,75.7,1,3700.12,0
W007638,22.4,0,44.8,4,13181.13,0
W007639,29.1,0,66.8,3,12343.57,0
W007640,34.38,1,8.0,1,4704.32,0
W007641,50.79,1,17.1,5,2300.37,0
W007642,25.0,0,25.1,1,1640.25,0
W007643,37.87,1,130.0,1,1146.89,0
W007644,46.35,1,29.8,1,7445.47,0
W007645,6.73,0,80.8,3,1690.77,0
W007646,41.32,1,64.0,4,1431.48,0
W007647,7.75,0,27.8,4,1565.03,0
W007648,60.13,1,90.9,1,11651.79,0
W007649,0.0,0,65.1,3,2166.97,0
W007650,46.73,1,236.7,2,1558.27,0
W007651,18.89,0,38.5,3,64508.98,0
W007652,25.79,0,38.4,1,1954.15,0
W007653,27.55,0,133.0,3,481.86,0
W007654,50.46,1,45.2,1,8870.05,0
W007655,30.18,1,169.7,2,8090.33,0
W007656,14.68,0,25.9,2,7943.94,0
W007657,9.15,0,152.4,1,5056.94,0
W007658,55.31,1,55.4,1,19475.82,0
W007659,43.7,1,11.4,3,8966.33,0
W007660,29.77,0,16.5,5,4367.82,0
W007661,40.73,1,81.9,5,5208.7,0
W007662,27.61,0,40.1,3,2637.61,0
W007663,16.94,0,55.4,5,1401.86,0
W007664,32.34,1,19.2,1,477.01,0
W007665,35.45,1,21.2,2,12392.98,0
W007666,30.44,1,50.1,1,848.76,0
W007667,53.42,1,75.0,2,14663.53,0
W007668,49.62,1,111.3,2,6538.47,0
W007669,39.03,1,39.7,3,11939.93,0
W007670,41.92,1,86.9,4,862.87,0
W007671,56.48,1,27.6,1,18267.52,0
W007672,40.97,1,150.3,5,3467.65,0
W007673,39.22,1,56.8,1,458.52,0
W007674,22.1,0,11.3,5,1937.27,0
W007675,30.23,1,12.4,1,71672.51,1
W007676,30.96,1,106.5,2,7302.35,0
W007677,23.37,0,44.0,2,968.47,0
W007678,69.95,1,36.7,2,2672.56,0
W007679,40.3,1,35.4,4,4116.78,0
W007680,32.73,1,19.0,1,2385.06,0
W007681,28.23,0,127.6,2,2818.98,1
W007682,0.69,0,24.8,1,33414.68,0
W007683,37.6,1,8.6,5,10013.78,0
W007684,22.95,0,71.4,1,5178.45,1
W007685,45.35,1,70.1,1,4906.8,0
W007686,32.3,1,56.5,1,17683.84,0
W007687,16.01,0,59.2,1,2835.42,0
W007688,3.01,0,107.7,4,3110.81,0
W007689,40.86,1,78.0,4,939.84,0
W007690,5.12,0,21.0,4,1588.57,0
W007691,0.0,0,19.2,3,3555.75,0
W007692,40.98,1,42.3,6,2230.54,0
W007693,35.19,1,11.3,1,2206.84,0
W007694,36.96,1,19.7,5,1686.02,0
W007695,30.82,1,47.2,2,4589.13,0
W007696,36.32,1,11.8,3,555.07,0
W007697,17.18,0,71.2,1,17833.97,0
W007698,0.0,0,36.6,5,1085.54,1
W007699,30.04,1,67.6,1,3370.07,0
W007700,57.14,1,68.8,4,4643.14,0
W007701,34.01,1,36.4,2,11061.76,0
W007702,25.33,0,90.4,2,4127.16,0
W007703,46.82,1,135.7,2,848.31,0
W007704,20.89,0,42.4,1,3496.31,0
W007705,28.24,0,19.3,3,35745.24,0
W007706,14.81,0,202.8,4,301.73,0
W007707,37.88,1,92.0,3,1575.91,0
W007708,54.24,1,33.4,2,29209.58,0
W007709,44.43,1,8.4,5,7125.42,0
W007710,35.07,1,18.3,1,1762.54,0
W007711,10.25,0,34.2,5,17385.5,0
W007712,5.92,0,61.1,5,22539.76,1
W007713,24.39,0,99.6,2,8806.45,0
W007714,3.17,0,48.1,3,8996.35,0
W007715,3.47,0,24.0,1,664.96,0
W007716,17.25,0,72.0,2,12460.69,0
W007717,28.02,0,34.7,2,8095.58,0
W007718,35.78,1,50.5,4,5737.33,0
W007719,28.65,0,38.2,1,1990.12,0
W007720,41.14,1,110.0,2,3199.11,0
W007721,44.06,1,10.8,6,8746.97,0
W007722,26.74,0,30.4,1,3039.37,0
W007723,40.01,1,103.0,2,3370.01,0
W007724,29.8,0,26.1,3,1744.28,0
W007725,52.9,1,56.5,2,898.22,0
W007726,23.2,0,58.2,1,3564.16,0
W007727,8.91,0,30.9,4,1031.65,0
W007728,19.93,0,66.6,2,9217.39,0
W007729,39.98,1,39.1,2,8800.27,0
W007730,11.86,0,144.7,5,3103.02,0
W007731,40.37,1,17.1,6,4690.8,0
W007732,14.68,0,21.1,3,11043.66,0
W007733,32.45,1,113.9,1,3861.01,1
W007734,4.89,0,77.8,3,27796.5,0
W007735,8.82,0,49.0,5,16185.12,0
W007736,32.94,1,62.2,2,2169.0,1
W007737,45.24,1,22.2,6,1266.85,0
W007738,25.53,0,196.7,3,12341.83,0
W007739,33.25,1,4.2,4,6850.56,0
W007740,0.0,0,93.0,1,3016.02,0
W007741,29.02,0,101.1,1,11256.09,0
W007742,24.35,0,237.7,1,1314.48,0
W007743,6.42,0,37.9,4,1805.04,0
W007744,25.58,0,38.1,1,2717.34,0
W007745,27.15,0,46.1,2,1365.76,0
W007746,48.82,1,103.7,1,353.47,0
W007747,18.65,0,6.5,2,2964.66,0
W007748,16.66,0,28.9,3,2278.84,1
W007749,37.51,1,25.7,1,898.18,0
W007750,36.63,1,50.8,2,7332.47,0
W007751,31.34,1,62.2,3,8819.9,0
W007752,21.71,0,138.2,2,670.21,0
W007753,32.43,1,21.3,1,2687.05,0
W007754,59.1,1,63.4,3,813.03,0
W007755,21.65,0,33.1,1,2391.33,0
W007756,11.71,0,56.5,3,2766.83,0
W007757,34.52,1,15.5,3,2557.95,1
W007758,36.11,1,60.8,4,1712.84,0
W007759,22.08,0,45.3,1,8578.43,1
W007760,6.11,0,13.6,2,1050.33,0
W007761,50.76,1,98.9,2,9644.04,0
W007762,17.4,0,45.3,2,4726.51,0
W007763,34.07,1,140.8,2,2693.79,0
W007764,57.74,1,14.3,1,8658.7,1
W007765,12.69,0,84.9,1,2301.27,0
W007766,21.63,0,76.6,3,601.47,0
W007767,13.65,0,75.3,3,863.73,0
W007768,25.78,0,80.2,1,463.44,0
W007769,0.0,0,88.9,3,11832.99,0
W007770,6.19,0,73.0,3,1719.76,0
W007771,49.56,1,67.3,2,1041.99,0
W007772,25.06,0,9.6,3,2244.23,0
W007773,20.11,0,85.6,3,8085.72,0
W007774,18.66,0,5.7,3,44250.68,0
W007775,42.24,1,68.4,2,6345.07,1
W007776,16.8,0,61.2,2,1054.14,0
W007777,6.67,0,67.6,3,1380.88,0
W007778,7.81,0,49.4,4,1190.63,0
W007779,56.5,1,89.1,1,3878.38,0
W007780,23.28,0,190.2,4,6969.98,0
W007781,21.68,0,39.4,2,1409.17,0
W007782,33.91,1,94.1,1,10706.17,1
W007783,51.83,1,53.3,5,6009.94,0
W007784,37.3,1,43.4,4,8951.03,0
W007785,48.19,1,83.0,3,12187.78,0
W007786,81.15,1,42.9,1,2600.77,0
W007787,19.81,0,61.0,3,7886.15,0
W007788,52.1,1,44.8,1,5404.87,0
W007789,19.53,0,12.3,2,7815.21,0
W007790,34.34,1,87.2,2,1441.15,0
W007791,15.84,0,93.8,3,8765.41,0
W007792,36.14,1,30.2,2,3573.54,0
W007793,0.4,0,94.9,1,936.27,0
W007794,37.49,1,113.0,1,5899.24,0
W007795,0.0,0,47.0,5,1074.23,0
W007796,38.91,1,19.1,4,2968.19,1
W007797,28.35,0,34.5,3,533.77,1
W007798,5.24,0,81.8,2,812.35,0
W007799,42.52,1,40.5,4,432.33,0
W007800,35.74,1,34.3,1,18781.76,1
W007801,42.66,1,151.4,3,14001.4,0
W007802,52.78,1,56.1,5,5842.96,0
W007803,50.41,1,103.1,1,2822.6,0
W007804,27.42,0,134.5,1,3628.6,0
W007805,18.49,0,18.8,1,16597.97,0
W007806,29.4,0,78.0,2,13367.95,0
W007807,0.0,0,41.5,2,18290.49,0
W007808,30.78,1,66.1,4,2681.96,0
W007809,0.0,0,84.3,2,9427.11,0
W007810,26.23,0,94.8,3,10551.56,0
W007811,41.15,1,65.1,2,156.56,0
W007812,11.67,0,1.2,5,6831.73,0
W007813,47.36,1,35.5,5,18093.35,0
W007814,28.03,0,31.9,4,763.82,0
W007815,0.0,0,37.9,5,1589.68,0
W007816,11.67,0,64.3,1,1351.46,0
W007817,30.82,1,77.4,3,14761.74,0
W007818,95.0,1,77.7,1,13850.39,0
W007819,46.47,1,21.9,1,7206.24,0
W007820,4.12,0,53.6,3,3544.05,0
W007821,52.29,1,46.2,1,1421.61,0
W007822,3.95,0,15.5,3,4142.72,0
W007823,10.54,0,121.4,1,8982.73,0
W007824,28.81,0,135.2,3,1971.8,1
W007825,0.03,0,104.1,1,46645.42,0
W007826,28.13,0,54.3,1,2036.6,0
W007827,29.32,0,8.0,1,2778.61,0
W007828,20.64,0,33.0,3,3200.03,0
W007829,60.06,1,81.6,3,12829.49,0
W007830,32.42,1,33.3,3,2651.84,1
W007831,26.37,0,27.4,2,638.77,0
W007832,33.13,1,72.6,1,21638.14,1
W007833,43.83,1,21.9,2,8698.04,0
W007834,14.42,0,23.7,4,7892.03,0
W007835,46.05,1,9.7,3,10205.69,1
W007836,2.19,0,35.0,1,6101.32,0
W007837,4.37,0,38.0,2,1849.91,0
W007838,19.32,0,19.8,2,5430.18,0
W007839,0.0,0,24.3,1,10466.82,0
W007840,22.35,0,54.8,2,3386.25,0
W007841,39.42,1,190.2,3,3324.05,0
W007842,5.6,0,84.3,3,8468.66,0
W007843,41.05,1,22.1,2,1361.66,0
W007844,32.71,1,48.1,2,1827.96,0
W007845,44.78,1,19.8,3,2846.14,0
W007846,20.26,0,19.1,6,95544.52,0
W007847,32.27,1,41.5,1,1994.4,0
W007848,19.67,0,28.8,3,3371.09,0
W007849,56.21,1,25.6,2,13773.44,0
W007850,0.0,0,57.1,1,1286.44,0
W007851,12.5,0,26.5,6,1584.55,0
W007852,70.65,1,69.8,1,10422.62,0
W007853,39.0,1,61.5,5,1728.99,0
W007854,14.12,0,33.6,3,773.6,0
W007855,42.03,1,38.9,1,7612.38,0
W007856,5.44,0,77.4,3,6919.23,0
W007857,25.42,0,70.4,1,8842.38,0
W007858,0.0,0,72.0,3,952.69,0
W007859,43.84,1,209.7,1,1132.17,0
W007860,22.59,0,89.6,1,565.48,0
W007861,38.81,1,43.6,1,2618.63,0
W007862,44.85,1,9.5,2,25320.24,1
W007863,29.49,0,135.9,1,502.26,0
W007864,52.61,1,52.2,1,1280.45,1
W007865,57.51,1,97.7,3,6588.92,0
W007866,26.08,0,66.2,5,144974.49,1
W007867,58.72,1,9.3,5,2320.88,0
W007868,24.19,0,110.9,1,4542.9,1
W007869,14.85,0,28.5,4,4047.82,1
W007870,39.7,1,56.7,6,8787.2,0
W007871,28.65,0,10.8,2,91.14,0
W007872,28.0,0,77.2,1,1280.84,0
W007873,49.86,1,27.1,6,6899.52,0
W007874,29.05,0,123.5,2,733.17,0
W007875,14.15,0,85.9,2,3212.47,0
W007876,24.39,0,105.5,2,1366.6,0
W007877,49.66,1,46.1,3,2577.04,0
W007878,28.01,0,18.8,1,8858.99,0
W007879,47.06,1,76.9,2,3189.75,0
W007880,24.52,0,11.8,4,5035.44,1
W007881,46.36,1,173.3,4,4844.41,0
W007882,25.77,0,87.1,6,3881.21,0
W007883,37.62,1,51.7,1,16235.65,0
W007884,48.37,1,108.1,4,14844.84,1
W007885,14.46,0,91.9,1,2951.72,0
W007886,8.79,0,80.8,4,3157.43,0
W007887,16.83,0,13.3,2,817.65,0
W007888,40.87,1,13.1,1,2161.42,0
W007889,21.6,0,26.3,4,4809.43,0
W007890,37.65,1,46.4,3,4003.63,0
W007891,35.12,1,55.5,2,10997.04,0
W007892,13.61,0,67.7,2,4264.78,0
W007893,27.07,0,59.4,3,5076.04,0
W007894,50.25,1,27.2,2,1086.24,0
W007895,41.4,1,54.9,2,3434.92,0
W007896,41.71,1,166.1,1,7590.52,0
W007897,0.09,0,75.1,3,259.73,0
W007898,9.52,0,62.6,2,6920.06,0
W007899,25.28,0,74.2,1,21462.89,0
W007900,0.0,0,30.9,1,6918.54,0
W007901,63.86,1,18.4,1,8015.99,1
W007902,40.22,1,19.8,1,6425.51,0
W007903,45.1,1,7.2,3,3142.59,0
W007904,16.35,0,37.5,1,883.69,0
W007905,36.99,1,64.0,2,596.37,0
W007906,36.33,1,121.4,2,7166.79,0
W007907,0.0,0,94.4,3,4124.47,0
W007908,12.49,0,300.0,5,1028.09,0
W007909,45.93,1,180.2,3,5528.41,0
W007910,37.07,1,62.5,1,1826.4,0
W007911,32.93,1,116.0,4,36443.32,0
W007912,22.0,0,64.2,6,653.75,1
W007913,40.41,1,24.1,2,14421.55,0
W007914,28.46,0,31.5,1,4119.2,0
W007915,6.04,0,17.1,5,3931.16,0
W007916,20.75,0,24.4,3,7759.69,0
W007917,38.54,1,65.9,1,11033.64,0
W007918,20.03,0,20.6,2,2259.45,0
W007919,7.48,0,31.5,2,2776.75,0
W007920,32.1,1,116.5,3,13513.13,0
W007921,29.78,0,41.7,4,18927.39,0
W007922,18.8,0,62.6,3,2618.57,1
W007923,25.53,0,20.1,1,21180.83,0
W007924,10.73,0,46.7,2,1945.55,1
W007925,0.76,0,20.0,3,3817.88,0
W007926,23.16,0,60.3,1,913.04,0
W007927,13.97,0,7.0,2,10027.94,0
W007928,14.64,0,49.6,2,1226.49,0
W007929,24.16,0,86.9,3,404.78,0
W007930,15.86,0,57.8,4,7444.64,0
W007931,14.12,0,14.9,2,1525.12,0
W007932,13.63,0,57.9,1,5309.0,0
W007933,28.5,0,90.1,1,5064.37,0
W007934,61.16,1,107.4,4,6596.81,0
W007935,52.16,1,70.8,4,17055.71,0
W007936,15.15,0,77.0,5,5720.42,0
W007937,21.96,0,77.7,2,2086.69,1
W007938,20.79,0,11.4,2,15831.7,0
W007939,32.91,1,118.8,4,4379.89,0
W007940,18.37,0,45.9,1,15980.52,0
W007941,36.79,1,3.0,3,845.58,0
W007942,44.0,1,54.6,3,455.92,0
W007943,50.37,1,115.5,1,37063.18,0
W007944,19.85,0,50.0,4,3583.81,0
W007945,36.51,1,8.3,3,2092.63,0
W007946,63.01,1,23.9,4,1654.72,0
W007947,41.01,1,37.7,1,2618.82,0
W007948,10.95,0,36.9,2,1038.71,0
W007949,12.73,0,125.0,5,2771.13,0
W007950,0.0,0,51.1,2,1350.52,1
W007951,53.05,1,35.6,2,8899.46,0
W007952,2.37,0,4.2,4,13294.34,0
W007953,40.93,1,53.2,2,4452.82,1
W007954,11.02,0,107.9,2,7108.97,0
W007955,45.92,1,91.9,3,174.85,0
W007956,25.73,0,82.5,1,6531.08,0
W007957,25.45,0,178.3,3,1133.49,0
W007958,37.68,1,59.4,5,5813.11,0
W007959,19.66,0,3.3,4,8258.82,0
W007960,64.57,1,21.9,3,1520.72,0
W007961,0.0,0,89.5,3,258.43,0
W007962,43.52,1,15.3,2,5068.95,0
W007963,22.72,0,19.9,3,359.36,1
W007964,18.38,0,32.2,5,8552.61,0
W007965,3.44,0,57.4,4,1983.28,0
W007966,40.02,1,82.6,1,1542.21,0
W007967,31.63,1,50.0,1,28178.99,0
W007968,41.52,1,55.7,4,5233.75,0
W007969,22.36,0,19.7,1,2053.72,0
W007970,9.32,0,94.3,2,310.61,0
W007971,14.39,0,26.5,2,5907.06,0
W007972,9.05,0,34.3,2,3197.39,0
W007973,57.28,1,17.4,1,5956.95,1
W007974,42.83,1,52.7,2,5017.12,0
W007975,65.6,1,18.5,5,3289.93,0
W007976,28.58,0,46.3,2,1835.69,0
W007977,59.53,1,15.0,2,5263.49,0
W007978,43.65,1,72.8,1,2931.61,0
W007979,53.44,1,87.7,5,2294.94,0
W007980,60.25,1,39.5,3,7592.86,0
W007981,33.44,1,112.8,1,4423.36,0
W007982,15.15,0,66.4,3,4840.68,0
W007983,60.56,1,74.2,4,540.11,0
W007984,7.35,0,73.5,1,2526.62,0
W007985,34.2,1,124.3,2,2840.04,0
W007986,18.36,0,23.4,1,10738.64,0
W007987,43.02,1,42.0,1,962.61,0
W007988,12.28,0,36.9,3,6094.82,0
W007989,3.92,0,33.6,3,8908.4,0
W007990,29.95,0,40.9,2,996.94,0
W007991,20.65,0,107.6,2,3387.31,0
W007992,51.76,1,66.1,2,1965.05,1
W007993,56.39,1,9.5,4,7448.92,0
W007994,28.0,0,68.8,1,3032.23,0
W007995,47.99,1,34.9,2,9556.22,0
W007996,41.7,1,50.2,2,753.28,0
W007997,16.85,0,44.6,4,2608.34,1
W007998,0.0,0,34.2,1,962.24,0
W007999,8.64,0,87.6,1,7252.76,0
W008000,12.05,0,48.7,1,16526.24,0
W008001,37.33,1,99.2,2,4449.19,0
W008002,35.84,1,53.0,1,2877.08,1
W008003,20.6,0,9.5,2,249.32,1
W008004,0.0,0,59.0,2,830.52,1
W008005,0.0,0,50.8,1,6800.38,0
W008006,16.17,0,33.1,3,6543.33,0
W008007,45.61,1,20.1,2,21165.76,0
W008008,0.0,0,12.1,6,1897.5,0
W008009,40.77,1,202.5,5,2483.66,0
W008010,54.2,1,48.4,5,3554.39,0
W008011,1.16,0,39.3,4,2148.95,0
W008012,34.66,1,38.5,3,2196.74,0
W008013,11.97,0,89.3,2,1952.09,0
W008014,34.77,1,43.2,3,2545.72,0
W008015,0.0,0,95.1,2,1837.4,1
W008016,33.4,1,48.7,1,7786.26,0
W008017,32.11,1,26.2,3,1870.36,0
W008018,10.37,0,70.6,1,9960.22,0
W008019,38.29,1,85.3,5,5301.22,0
W008020,16.57,0,25.0,6,5709.99,1
W008021,0.0,0,9.4,2,1354.42,0
W008022,30.56,1,103.0,1,2807.22,0
W008023,56.3,1,27.1,1,2120.04,1
W008024,33.28,1,24.4,1,2560.11,0
W008025,0.0,0,92.0,2,1577.67,0
W008026,50.53,1,53.1,1,1589.24,0
W008027,18.39,0,50.8,2,3679.46,0
W008028,37.69,1,22.4,2,17014.36,0
W008029,49.95,1,41.9,3,665.6,0
W008030,48.89,1,22.9,1,2662.8,0
W008031,54.7,1,6.7,3,14946.41,0
W008032,19.44,0,127.4,3,2631.74,0
W008033,64.99,1,28.8,3,6067.04,1
W008034,53.52,1,24.8,4,1136.39,0
W008035,0.0,0,49.3,4,20534.98,0
W008036,27.8,0,58.3,5,994.29,0
W008037,42.43,1,36.1,3,828.57,0
W008038,50.95,1,71.0,4,3121.31,1
W008039,2.67,0,16.8,2,3709.4,0
W008040,46.68,1,63.9,4,5699.43,0
W008041,15.73,0,91.6,3,10946.25,0
W008042,29.24,0,12.4,4,1182.56,0
W008043,33.81,1,38.2,1,7923.61,0
W008044,54.09,1,79.3,1,2036.47,0
W008045,0.0,0,97.2,1,2240.97,0
W008046,41.46,1,57.1,1,2325.72,0
W008047,36.47,1,38.5,2,3210.91,0
W008048,40.09,1,24.0,3,8687.32,0
W008049,54.92,1,43.5,3,6183.15,0
W008050,33.38,1,130.5,2,2154.34,0
W008051,21.84,0,16.0,2,1751.59,0
W008052,45.21,1,159.6,2,1935.16,0
W008053,15.23,0,9.8,1,43457.68,1
W008054,9.49,0,16.0,4,1330.05,1
W008055,12.86,0,26.2,1,657.85,0
W008056,20.72,0,85.5,2,1989.43,0
W008057,7.19,0,49.7,5,20212.91,0
W008058,26.69,0,41.4,2,14363.67,0
W008059,27.93,0,15.0,4,2244.38,0
W008060,9.62,0,83.8,5,5288.93,0
W008061,53.14,1,19.2,5,8362.56,0
W008062,27.48,0,27.4,2,14368.59,0
W008063,16.07,0,8.8,2,895.85,1
W008064,59.78,1,59.6,4,25549.77,0
W008065,30.51,1,7.1,2,25357.97,0
W008066,45.09,1,27.8,3,2521.53,0
W008067,23.7,0,37.5,2,1229.77,0
W008068,66.17,1,98.1,2,2626.17,0
W008069,15.81,0,65.8,4,2204.79,0
W008070,58.95,1,17.2,2,5684.55,0
W008071,20.68,0,85.7,5,80.25,0
W008072,22.21,0,40.9,1,570.58,0
W008073,38.23,1,34.3,3,6509.29,0
W008074,1.84,0,34.7,2,3961.06,1
W008075,61.0,1,92.9,1,15934.54,0
W008076,0.0,0,137.6,3,1248.45,0
W008077,18.33,0,44.5,3,451.29,1
W008078,34.86,1,46.5,6,2887.22,1
W008079,33.67,1,16.6,1,1748.97,0
W008080,36.87,1,51.6,2,1643.83,0
W008081,65.72,1,63.5,1,13912.03,0
W008082,18.35,0,35.9,1,2459.77,0
W008083,39.07,1,99.6,5,3866.11,0
W008084,66.07,1,147.1,2,3419.84,0
W008085,11.07,0,13.1,3,1930.8,0
W008086,7.54,0,59.1,3,702.83,0
W008087,65.88,1,76.7,5,7423.29,0
W008088,48.43,1,73.9,3,3974.94,0
W008089,21.27,0,21.7,1,80236.91,0
W008090,0.0,0,56.5,3,2612.98,1
W008091,33.18,1,19.2,2,12580.76,0
W008092,19.06,0,81.2,4,179.11,1
W008093,4.36,0,112.4,1,2402.07,0
W008094,15.78,0,51.3,6,11950.32,1
W008095,41.34,1,110.9,2,1045.0,0
W008096,58.86,1,19.8,1,17900.42,0
W008097,52.46,1,47.0,3,1164.67,1
W008098,9.66,0,116.4,1,11922.96,0
W008099,7.49,0,135.8,4,1757.13,0
W008100,24.93,0,51.5,1,2603.34,0
W008101,44.45,1,124.7,2,3972.75,0
W008102,0.0,0,82.8,1,2117.22,0
W008103,11.97,0,42.7,5,9521.39,0
W008104,25.94,0,60.3,5,9072.14,0
W008105,20.29,0,32.9,2,7074.49,0
W008106,10.26,0,59.7,2,4715.81,0
W008107,13.67,0,170.6,1,2287.14,0
W008108,41.83,1,15.6,1,919.17,0
W008109,29.45,0,93.2,3,4850.16,0
W008110,0.0,0,69.6,1,13814.5,0
W008111,37.25,1,7.5,3,2274.15,0
W008112,30.97,1,48.1,1,4650.84,0
W008113,15.7,0,46.6,1,1663.21,0
W008114,5.81,0,108.2,1,6517.27,0
W008115,48.74,1,32.9,3,3894.45,1
W008116,19.38,0,95.5,2,945.72,0
W008117,18.32,0,29.2,2,3916.18,1
W008118,7.1,0,60.4,5,6539.5,0
W008119,64.44,1,110.5,3,4180.68,0
W008120,28.86,0,15.9,2,6428.91,0
W008121,18.94,0,44.4,2,4197.2,0
W008122,0.0,0,41.5,4,4875.1,1
W008123,13.46,0,42.2,4,4371.75,0
W008124,21.62,0,54.9,1,5369.35,0
W008125,55.77,1,64.0,5,3831.47,0
W008126,17.54,0,88.0,2,9164.05,0
W008127,38.36,1,136.9,1,518.4,0
W008128,54.94,1,51.8,2,13729.96,0
W008129,48.48,1,124.4,1,11648.63,0
W008130,78.35,1,90.1,3,1013.02,1
W008131,11.85,0,37.6,1,9912.38,0
W008132,38.07,1,21.8,6,12809.81,0
W008133,39.71,1,146.1,3,3136.58,0
W008134,47.75,1,25.5,3,5458.94,0
W008135,33.98,1,70.7,1,2943.22,0
W008136,0.33,0,36.6,3,1742.69,0
W008137,23.2,0,45.6,1,12889.16,0
W008138,51.96,1,21.4,4,1686.18,0
W008139,12.38,0,80.0,1,1042.3,0
W008140,45.24,1,48.8,2,859.6,0
W008141,0.0,0,29.2,2,2338.78,0
W008142,23.61,0,98.4,2,6742.67,0
W008143,40.97,1,9.3,1,10075.16,0
W008144,32.28,1,66.3,6,22414.07,0
W008145,27.95,0,109.2,6,3003.34,0
W008146,32.44,1,33.0,1,10424.05,1
W008147,16.92,0,87.5,2,758.72,0
W008148,45.14,1,9.8,1,3339.02,0
W008149,0.0,0,17.5,3,4260.18,0
W008150,45.6,1,76.7,3,1269.63,0
W008151,27.56,0,93.3,4,6233.61,0
W008152,24.42,0,119.2,5,3104.82,0
W008153,49.36,1,105.3,3,4712.94,0
W008154,0.94,0,71.6,4,880.96,0
W008155,40.92,1,76.2,2,1981.4,0
W008156,29.08,0,37.8,2,4556.18,0
W008157,29.84,0,48.4,5,11356.46,0
W008158,36.03,1,47.3,1,1520.11,1
W008159,27.93,0,85.6,4,1736.98,0
W008160,16.3,0,16.5,2,33926.77,0
W008161,10.92,0,60.2,3,7531.39,0
W008162,32.82,1,8.6,1,3720.37,0
W008163,29.57,0,28.5,2,3677.09,0
W008164,19.67,0,69.3,1,2422.12,0
W008165,3.01,0,50.6,1,9521.26,0
W008166,29.91,0,49.3,4,7028.9,0
W008167,38.1,1,117.5,2,4032.77,0
W008168,46.06,1,47.4,5,1548.09,0
W008169,38.05,1,74.5,5,4343.03,0
W008170,30.31,1,49.7,2,17692.24,1
W008171,38.23,1,51.9,4,4363.13,0
W008172,5.36,0,33.3,1,655.28,0
W008173,33.67,1,81.6,2,5940.18,0
W008174,34.8,1,110.6,1,1044.28,0
W008175,31.49,1,97.4,2,872.02,0
W008176,75.42,1,24.6,3,15784.74,0
W008177,26.82,0,25.3,3,677.67,0
W008178,31.04,1,55.6,1,4451.75,0
W008179,18.54,0,2.0,2,5840.12,0
W008180,59.51,1,193.7,3,4989.94,0
W008181,49.08,1,49.6,3,5478.5,0
W008182,31.24,1,80.9,4,2688.65,0
W008183,23.86,0,64.5,2,3511.59,0
W008184,35.11,1,136.7,3,2445.97,0
W008185,0.0,0,129.1,1,11202.11,0
W008186,23.72,0,93.2,1,4747.76,0
W008187,23.41,0,62.5,3,12340.97,0
W008188,20.02,0,19.1,3,8900.78,0
W008189,57.96,1,63.4,4,834.32,0
W008190,10.16,0,93.2,1,8740.42,0
W008191,39.71,1,28.1,3,1775.24,1
W008192,31.04,1,38.6,1,4915.32,0
W008193,33.18,1,20.8,1,23408.21,0
W008194,62.1,1,92.3,3,443.34,0
W008195,22.7,0,34.8,2,3891.19,0
W008196,45.44,1,173.7,3,1360.01,0
W008197,49.14,1,86.1,1,3398.3,0
W008198,26.16,0,173.8,2,6946.03,0
W008199,27.39,0,81.2,2,4902.03,1
W008200,80.67,1,144.4,2,6079.51,0
W008201,48.69,1,44.6,3,1221.2,0
W008202,49.83,1,10.6,5,23298.3,0
W008203,48.31,1,129.2,3,1436.43,0
W008204,40.54,1,74.1,2,1316.41,0
W008205,16.82,0,64.3,1,3615.94,0
W008206,13.04,0,29.5,4,5584.95,0
W008207,53.73,1,57.0,2,2281.32,0
W008208,11.88,0,12.5,4,3725.77,0
W008209,49.25,1,10.2,2,1591.87,1
W008210,43.78,1,25.7,6,11853.28,0
W008211,38.06,1,57.2,2,29215.97,0
W008212,49.55,1,4.3,2,6366.07,0
W008213,45.63,1,56.6,3,1864.65,1
W008214,36.14,1,75.1,4,2882.34,0
W008215,32.97,1,19.1,1,5869.81,0
W008216,18.56,0,204.0,1,51.63,0
W008217,33.16,1,21.0,1,822.24,0
W008218,18.55,0,83.7,4,328.07,1
W008219,0.0,0,29.3,2,8066.87,0
W008220,20.5,0,82.4,3,14177.09,0
W008221,40.4,1,40.8,2,20088.23,0
W008222,47.32,1,62.3,2,11161.58,0
W008223,34.42,1,40.4,6,9459.43,0
W008224,0.0,0,20.5,5,1528.57,0
W008225,16.54,0,43.2,5,2389.48,0
W008226,30.81,1,4.5,2,1360.3,0
W008227,62.8,1,43.3,2,7315.82,0
W008228,25.64,0,122.3,1,26715.25,0
W008229,51.16,1,124.3,1,14002.7,0
W008230,24.59,0,121.5,2,4653.1,0
W008231,33.3,1,68.4,2,9845.4,0
W008232,46.26,1,110.0,3,24463.43,0
W008233,29.51,0,91.9,2,8082.53,0
W008234,42.75,1,30.6,4,1420.58,0
W008235,0.0,0,67.7,6,1348.18,0
W008236,44.99,1,50.4,2,4910.11,0
W008237,36.96,1,155.1,3,1101.18,0
W008238,91.9,1,71.6,2,3792.18,0
W008239,10.37,0,63.7,3,1239.04,1
W008240,12.13,0,28.0,5,3431.72,0
W008241,31.76,1,76.7,3,2208.7,0
W008242,0.02,0,62.4,5,5206.45,1
W008243,36.91,1,61.2,2,5921.0,0
W008244,27.1,0,45.6,3,2098.19,0
W008245,59.69,1,17.9,1,545.71,0
W008246,33.24,1,113.2,3,13837.79,0
W008247,11.06,0,78.1,3,26585.26,0
W008248,24.29,0,3.4,2,5678.0,0
W008249,44.53,1,54.3,3,2929.5,0
W008250,10.47,0,72.8,3,4298.17,0
W008251,40.52,1,25.5,3,2099.41,0
W008252,69.63,1,92.7,3,8616.69,0
W008253,29.31,0,76.9,1,1986.54,0
W008254,17.57,0,72.5,2,1398.01,0
W008255,0.0,0,88.2,4,2820.61,0
W008256,44.07,1,111.0,6,757.34,1
W008257,20.91,0,53.9,4,6082.35,0
W008258,53.02,1,128.5,3,27958.59,0
W008259,43.7,1,29.6,2,9137.98,0
W008260,31.94,1,3.1,1,2098.73,1
W008261,22.5,0,123.3,1,2023.06,0
W008262,59.6,1,12.5,1,21532.61,0
W008263,15.6,0,76.3,2,2938.62,0
W008264,17.38,0,133.5,5,5075.22,0
W008265,21.82,0,73.5,1,1805.38,0
W008266,27.34,0,5.1,3,2316.78,0
W008267,47.62,1,31.9,2,1022.34,0
W008268,17.29,0,126.2,4,4258.17,0
W008269,20.91,0,41.4,2,15251.73,0
W008270,0.87,0,78.4,1,3763.72,0
W008271,39.53,1,107.5,4,842.37,0
W008272,16.94,0,83.8,3,7887.41,0
W008273,33.49,1,29.4,4,6950.89,0
W008274,48.51,1,21.7,1,1347.39,0
W008275,47.7,1,105.5,2,6905.05,0
W008276,23.84,0,38.5,5,37122.63,0
W008277,43.99,1,67.6,4,31215.23,0
W008278,19.97,0,50.9,3,379.83,0
W008279,40.06,1,69.9,3,1207.13,0
W008280,32.02,1,125.1,2,4150.23,0
W008281,26.2,0,46.6,3,25685.59,0
W008282,51.95,1,44.5,1,3351.54,0
W008283,18.28,0,77.8,1,534.97,0
W008284,16.36,0,36.5,1,1906.01,0
W008285,27.18,0,51.2,4,3549.16,1
W008286,68.42,1,97.8,3,1148.95,0
W008287,24.6,0,44.5,3,984.64,0
W008288,30.03,1,66.8,2,7051.49,0
W008289,35.67,1,57.3,5,12714.71,0
W008290,9.86,0,14.0,2,2037.77,0
W008291,55.27,1,55.5,1,2093.26,0
W008292,22.53,0,72.6,5,3698.28,0
W008293,9.25,0,26.2,2,4915.25,0
W008294,26.5,0,33.9,2,12254.62,0
W008295,1.7,0,88.9,2,8960.32,0
W008296,36.6,1,43.2,1,1219.91,0
W008297,53.66,1,32.4,2,3306.82,1
W008298,25.44,0,95.3,2,2056.89,0
W008299,12.73,0,78.3,2,8344.26,0
W008300,24.11,0,100.2,4,2323.71,0
W008301,55.05,1,32.9,1,6144.8,0
W008302,24.16,0,71.2,4,18425.43,0
W008303,69.69,1,46.9,4,4326.38,0
W008304,55.68,1,64.3,1,11244.48,0
W008305,22.45,0,42.2,1,3479.92,0
W008306,29.08,0,119.3,3,3359.68,0
W008307,40.86,1,5.2,5,11996.04,0
W008308,13.63,0,28.3,1,3730.32,0
W008309,34.82,1,23.1,2,7830.41,0
W008310,8.86,0,40.2,3,2537.89,0
W008311,27.78,0,42.7,1,2611.39,0
W008312,47.59,1,56.2,3,19731.04,0
W008313,32.63,1,11.7,3,1111.65,1
W008314,60.65,1,112.6,5,3020.37,1
W008315,35.17,1,99.1,3,670.92,0
W008316,56.9,1,67.9,1,5523.64,1
W008317,29.57,0,152.0,3,2297.17,1
W008318,54.37,1,35.0,4,9455.91,0
W008319,25.42,0,112.3,5,22078.54,0
W008320,31.26,1,37.5,4,7284.43,0
W008321,31.57,1,20.7,3,5133.39,0
W008322,27.58,0,33.6,3,21018.68,0
W008323,40.52,1,30.0,4,17281.81,0
W008324,10.19,0,35.6,1,1972.98,0
W008325,52.21,1,6.2,3,4903.35,1
W008326,16.53,0,19.3,1,15145.62,0
W008327,25.72,0,14.6,2,2620.31,0
W008328,18.67,0,60.6,5,4174.86,0
W008329,41.26,1,118.7,1,2576.98,0
W008330,49.82,1,118.1,3,4259.57,0
W008331,0.0,0,54.2,2,1029.41,0
W008332,57.72,1,39.6,2,3074.18,0
W008333,31.71,1,20.4,5,2278.21,0
W008334,22.81,0,88.0,1,1994.03,1
W008335,70.91,1,18.9,2,2632.3,1
W008336,29.81,0,46.9,1,12636.62,0
W008337,0.0,0,73.2,2,1185.15,0
W008338,6.26,0,70.8,3,6127.97,0
W008339,24.67,0,52.3,1,11724.17,0
W008340,0.0,0,8.4,4,6478.71,0
W008341,18.65,0,55.8,1,2373.7,0
W008342,58.68,1,35.3,3,360.22,1
W008343,33.97,1,23.7,1,4215.24,0
W008344,27.62,0,40.9,1,3113.43,1
W008345,41.44,1,111.7,4,813.74,0
W008346,48.21,1,29.5,1,3019.23,0
W008347,0.0,0,54.1,2,3460.0,0
W008348,13.95,0,51.6,1,1451.92,0
W008349,35.82,1,31.6,3,3524.62,0
W008350,2.13,0,95.9,2,1532.51,0
W008351,15.0,0,22.7,2,1140.12,1
W008352,50.93,1,83.8,6,1649.93,0
W008353,33.08,1,38.8,6,10325.86,0
W008354,54.98,1,24.3,5,1417.89,0
W008355,42.76,1,45.0,4,1659.76,0
W008356,44.16,1,110.9,3,3055.89,0
W008357,12.94,0,61.7,4,3162.57,0
W008358,17.42,0,91.0,4,9199.42,0
W008359,39.32,1,22.3,2,8629.91,0
W008360,20.61,0,52.7,4,5767.97,1
W008361,25.99,0,70.8,1,2969.11,0
W008362,18.7,0,70.0,1,1507.43,0
W008363,60.86,1,15.1,3,12077.68,0
W008364,58.2,1,20.6,4,1645.14,1
W008365,21.85,0,45.5,2,2698.7,0
W008366,32.86,1,29.1,1,11418.7,0
W008367,37.17,1,58.0,1,7746.92,0
W008368,55.83,1,29.8,1,7885.44,0
W008369,7.17,0,87.5,1,5194.5,0
W008370,32.11,1,48.1,3,3658.95,0
W008371,22.6,0,110.2,3,1156.69,0
W008372,52.08,1,41.5,1,4688.59,0
W008373,5.47,0,120.5,4,6236.8,0
W008374,0.0,0,17.6,4,5462.48,0
W008375,22.65,0,19.2,4,23547.84,0
W008376,47.36,1,38.7,4,2954.9,0
W008377,42.86,1,33.8,2,10496.43,0
W008378,19.17,0,62.5,4,17693.05,0
W008379,6.48,0,99.7,1,1288.73,0
W008380,41.98,1,155.2,2,16987.47,0
W008381,38.96,1,58.0,5,14602.99,0
W008382,50.93,1,70.3,5,1861.49,0
W008383,28.63,0,94.0,1,3675.87,1
W008384,47.73,1,80.4,1,3114.86,1
W008385,34.23,1,53.1,5,2907.28,0
W008386,38.62,1,85.3,4,39348.25,1
W008387,27.92,0,44.2,4,7179.92,0
W008388,36.08,1,44.6,1,3133.18,0
W008389,59.53,1,37.6,5,973.9,0
W008390,44.35,1,53.0,4,1347.85,0
W008391,47.24,1,49.5,1,11208.19,0
W008392,10.52,0,134.4,1,30116.95,0
W008393,49.54,1,96.0,3,9023.43,0
W008394,12.89,0,20.8,2,7387.65,0
W008395,0.0,0,109.2,3,5752.73,0
W008396,23.15,0,91.3,6,3131.64,0
W008397,78.33,1,20.0,1,1131.26,1
W008398,12.48,0,55.5,4,5511.65,0
W008399,34.28,1,102.3,1,1544.43,0
W008400,38.09,1,66.0,1,5859.83,0
W008401,33.66,1,34.9,2,1104.98,0
W008402,4.72,0,20.0,1,27153.18,0
W008403,29.76,0,154.8,5,4997.99,0
W008404,14.08,0,63.7,2,554.28,0
W008405,50.21,1,37.9,4,662.96,0
W008406,37.66,1,132.8,5,3308.83,0
W008407,36.26,1,39.0,6,71432.46,0
W008408,34.69,1,140.7,2,4721.57,0
W008409,27.87,0,79.1,1,1466.32,0
W008410,32.25,1,288.4,2,11700.86,0
W008411,27.28,0,78.5,1,441.03,0
W008412,26.32,0,135.4,4,6926.9,0
W008413,20.36,0,27.8,4,1314.22,0
W008414,43.06,1,69.9,2,2155.7,0
W008415,36.29,1,37.7,3,3982.08,0
W008416,54.53,1,92.7,3,2497.45,0
W008417,9.59,0,64.5,1,2674.45,0
W008418,0.0,0,90.1,3,8371.67,0
W008419,19.12,0,58.1,1,976.42,0
W008420,34.35,1,23.0,1,1471.52,0
W008421,31.5,1,37.2,1,1774.64,0
W008422,6.87,0,134.3,2,5450.38,0
W008423,42.72,1,123.0,3,8682.17,0
W008424,43.76,1,20.4,3,1204.33,0
W008425,45.32,1,76.3,2,7385.7,0
W008426,21.42,0,116.1,2,3352.77,0
W008427,36.45,1,110.1,1,2400.68,0
W008428,27.72,0,69.5,3,13238.04,0
W008429,37.71,1,63.2,2,883.75,0
W008430,39.61,1,82.8,1,6191.41,0
W008431,28.39,0,21.1,4,6322.48,0
W008432,5.32,0,63.4,4,2443.38,0
W008433,31.57,1,53.5,2,9928.51,0
W008434,62.31,1,17.8,1,10613.25,0
W008435,9.89,0,58.0,2,1196.6,0
W008436,40.27,1,106.1,5,1790.13,0
W008437,13.51,0,140.5,2,4604.43,0
W008438,56.57,1,101.9,3,1169.85,0
W008439,29.74,0,46.0,2,860.84,0
W008440,41.94,1,15.9,3,1311.74,0
W008441,49.89,1,51.1,1,960.3,0
W008442,57.55,1,62.5,4,1791.06,0
W008443,25.38,0,77.4,4,11271.07,0
W008444,23.76,0,120.6,2,7885.77,1
W008445,24.88,0,74.8,1,6875.95,0
W008446,26.12,0,37.2,3,18729.98,0
W008447,57.64,1,33.7,5,5002.49,1
W008448,59.25,1,38.5,2,352.92,0
W008449,26.56,0,90.2,5,607.11,0
W008450,57.29,1,64.8,4,16292.45,0
W008451,27.28,0,40.4,1,42250.45,0
W008452,18.62,0,124.6,4,245.79,0
W008453,23.49,0,40.6,4,12112.75,0
W008454,19.48,0,50.1,1,4671.2,0
W008455,34.98,1,128.8,4,1824.64,0
W008456,50.87,1,19.6,4,4822.82,0
W008457,17.3,0,55.7,1,978.9,0
W008458,6.49,0,58.6,1,2227.36,0
W008459,23.3,0,49.5,1,32654.23,0
W008460,17.37,0,58.9,2,6222.71,0
W008461,22.73,0,51.0,1,2315.89,0
W008462,7.38,0,20.7,1,8898.4,0
W008463,15.96,0,11.2,4,6847.24,0
W008464,43.09,1,68.7,1,581.09,0
W008465,72.95,1,11.5,4,8437.78,0
W008466,42.99,1,43.0,1,3714.14,0
W008467,20.67,0,113.8,3,124478.82,0
W008468,32.11,1,59.6,2,2233.91,0
W008469,19.32,0,46.5,1,3162.06,0
W008470,28.15,0,53.3,2,1042.03,0
W008471,20.69,0,62.0,1,4145.37,0
W008472,43.2,1,53.2,3,4130.73,1
W008473,21.63,0,60.3,3,443.65,0
W008474,35.62,1,57.0,3,3094.83,0
W008475,29.42,0,58.4,1,4023.0,1
W008476,48.54,1,143.0,2,2533.03,0
W008477,12.42,0,108.7,1,757.31,0
W008478,11.64,0,16.3,2,810.75,0
W008479,29.05,0,17.3,3,18907.66,0
W008480,33.48,1,29.5,3,14960.77,0
W008481,44.49,1,39.8,1,4039.28,0
W008482,66.11,1,79.2,1,5865.64,0
W008483,22.36,0,64.9,1,5221.8,0
W008484,40.1,1,16.5,4,2205.78,0
W008485,53.83,1,5.6,2,5307.13,1
W008486,52.58,1,69.2,4,6125.11,0
W008487,40.98,1,118.2,1,990.08,0
W008488,8.16,0,60.4,3,3177.62,0
W008489,15.59,0,143.2,4,7379.53,0
W008490,18.22,0,114.5,1,1600.96,0
W008491,33.42,1,32.2,2,2832.22,0
W008492,38.13,1,50.6,2,1379.18,0
W008493,43.1,1,134.2,2,31606.92,0
W008494,13.96,0,16.3,2,1344.8,1
W008495,16.92,0,57.5,2,6424.26,0
W008496,15.01,0,81.2,5,1227.35,0
W008497,8.63,0,55.3,1,49880.43,0
W008498,10.88,0,162.4,4,2133.35,0
W008499,32.11,1,56.8,2,308.28,0
W008500,19.23,0,32.2,1,955.48,0
W008501,26.41,0,60.7,1,2270.74,0
W008502,23.43,0,50.0,1,13978.75,0
W008503,48.03,1,63.3,6,1871.38,0
W008504,55.02,1,54.4,3,1528.23,0
W008505,19.03,0,47.0,4,41399.38,0
W008506,22.07,0,60.9,1,1821.13,0
W008507,15.89,0,13.7,3,9259.31,0
W008508,22.27,0,136.8,2,21879.47,0
W008509,19.18,0,48.8,4,4134.2,0
W008510,14.08,0,81.5,2,4733.54,0
W008511,15.31,0,25.8,2,1330.18,0
W008512,43.02,1,17.5,4,2966.53,0
W008513,27.83,0,32.1,2,5854.64,0
W008514,30.5,1,35.8,2,11978.58,0
W008515,12.92,0,51.9,3,4054.87,0
W008516,4.92,0,111.0,3,2500.68,0
W008517,30.64,1,13.9,2,2747.18,0
W008518,12.13,0,49.2,2,16683.29,0
W008519,45.89,1,68.3,4,823.99,1
W008520,46.76,1,66.2,4,6409.59,0
W008521,38.03,1,82.0,2,13969.61,0
W008522,16.98,0,68.2,2,2162.47,0
W008523,27.09,0,73.7,3,2745.41,0
W008524,40.89,1,13.6,4,3439.07,0
W008525,0.0,0,10.0,5,4091.49,0
W008526,44.52,1,132.6,1,10384.97,0
W008527,20.07,0,44.7,1,4304.85,0
W008528,17.18,0,8.6,2,3242.28,0
W008529,15.64,0,31.7,4,1648.69,0
W008530,27.9,0,79.3,2,711.91,0
W008531,23.09,0,57.8,5,6013.68,0
W008532,0.0,0,139.2,1,9630.57,0
W008533,20.35,0,10.9,1,1830.63,0
W008534,2.16,0,226.8,1,2838.25,0
W008535,42.54,1,88.5,3,3949.02,0
W008536,5.94,0,59.2,3,1128.41,0
W008537,49.01,1,24.2,3,4087.87,0
W008538,8.74,0,207.0,5,176729.33,0
W008539,49.56,1,49.3,3,2895.8,0
W008540,0.0,0,70.6,2,1468.72,0
W008541,38.66,1,35.1,4,8212.31,0
W008542,44.13,1,31.2,3,3348.42,0
W008543,23.52,0,87.1,4,163.05,0
W008544,28.5,0,35.4,1,2277.17,0
W008545,0.0,0,147.7,2,1246.0,0
W008546,52.0,1,78.2,1,5044.9,1
W008547,23.75,0,88.7,5,8149.57,0
W008548,19.62,0,73.7,4,5573.62,0
W008549,19.33,0,35.7,1,14312.01,0
W008550,0.0,0,88.2,4,1238.89,0
W008551,44.4,1,148.6,4,1796.01,0
W008552,59.04,1,9.5,4,3930.58,0
W008553,41.38,1,71.7,2,2605.74,0
W008554,48.13,1,11.5,3,483.11,0
W008555,5.11,0,24.6,3,10961.76,0
W008556,27.77,0,77.6,4,1299.48,0
W008557,37.73,1,59.6,3,1521.61,0
W008558,24.94,0,30.1,1,31612.88,1
W008559,17.66,0,38.6,2,3201.14,0
W008560,43.22,1,28.2,1,17617.07,0
W008561,13.6,0,19.3,5,15401.05,0
W008562,0.0,0,72.1,1,7237.13,0
W008563,47.35,1,81.1,3,2425.73,0
W008564,37.9,1,8.2,2,5328.22,0
W008565,46.19,1,33.0,6,3165.61,0
W008566,32.06,1,39.7,4,3593.78,0
W008567,36.47,1,59.1,1,4516.82,0
W008568,37.78,1,10.3,1,1940.84,0
W008569,49.85,1,155.6,4,5505.44,0
W008570,34.73,1,15.4,2,5724.1,0
W008571,32.02,1,75.1,2,4984.78,0
W008572,40.3,1,14.7,3,3930.67,0
W008573,24.39,0,46.7,2,3274.05,1
W008574,44.05,1,58.8,5,2687.25,0
W008575,2.15,0,67.0,1,719.97,0
W008576,35.75,1,100.0,5,2099.47,0
W008577,12.47,0,65.1,6,19442.24,0
W008578,19.33,0,54.8,2,1696.03,0
W008579,11.2,0,206.4,3,11174.21,0
W008580,43.21,1,37.5,3,9437.03,0
W008581,64.79,1,129.3,3,10732.06,0
W008582,18.37,0,50.8,1,5163.92,0
W008583,47.78,1,68.1,3,2879.59,0
W008584,7.0,0,94.7,5,1150.49,0
W008585,28.7,0,110.9,2,39557.74,0
W008586,39.88,1,53.2,1,4119.63,0
W008587,42.94,1,48.0,1,2904.54,0
W008588,47.5,1,137.9,2,702.1,0
W008589,43.89,1,74.0,5,1407.54,0
W008590,46.22,1,53.5,2,1739.8,0
W008591,25.67,0,40.0,5,15449.18,0
W008592,50.65,1,43.0,4,11325.77,0
W008593,50.52,1,34.2,4,2321.63,0
W008594,45.22,1,33.6,4,8051.84,1
W008595,49.56,1,60.1,2,17637.6,0
W008596,38.21,1,46.2,2,2321.18,0
W008597,5.68,0,158.3,2,986.71,0
W008598,23.89,0,17.5,5,2648.52,0
W008599,41.26,1,44.2,4,2676.23,0
W008600,12.21,0,72.2,5,427.77,0
W008601,40.19,1,99.9,2,895.7,0
W008602,40.11,1,44.6,1,3162.6,1
W008603,41.93,1,97.4,5,1917.67,0
W008604,20.63,0,84.5,1,1124.7,0
W008605,31.88,1,20.9,5,4778.2,0
W008606,62.44,1,5.9,3,338.14,0
W008607,45.87,1,148.5,1,1735.75,0
W008608,40.93,1,89.9,3,1010.43,0
W008609,14.41,0,65.5,2,33011.65,0
W008610,32.72,1,18.8,2,11711.85,0
W008611,0.0,0,38.1,3,12318.04,0
W008612,25.08,0,33.4,1,952.42,0
W008613,18.1,0,15.4,2,13001.9,0
W008614,23.43,0,51.2,2,10037.53,0
W008615,19.46,0,51.7,3,1081.11,0
W008616,50.0,1,85.7,5,772.59,0
W008617,34.6,1,13.9,2,6253.35,0
W008618,13.28,0,122.1,1,63841.48,0
W008619,6.71,0,70.7,1,4335.41,0
W008620,40.9,1,60.3,3,4562.79,0
W008621,31.14,1,83.1,2,16829.04,0
W008622,62.35,1,23.1,2,25190.21,1
W008623,36.03,1,40.4,1,3930.32,0
W008624,31.73,1,126.2,2,1464.88,0
W008625,0.0,0,45.4,2,11647.39,1
W008626,50.67,1,19.1,3,1250.64,0
W008627,12.04,0,25.9,2,7972.84,0
W008628,35.9,1,56.6,3,14571.25,0
W008629,0.0,0,140.8,4,1484.0,0
W008630,0.0,0,131.6,3,1117.69,0
W008631,16.5,0,41.4,3,7892.35,1
W008632,10.34,0,80.0,3,1529.09,0
W008633,27.51,0,21.0,5,1522.29,0
W008634,44.3,1,38.4,1,8378.43,0
W008635,43.68,1,9.1,1,1154.22,0
W008636,27.65,0,35.2,2,2315.69,0
W008637,23.01,0,12.3,4,1687.18,0
W008638,45.73,1,100.4,3,3394.98,0
W008639,53.6,1,113.6,2,1985.22,0
W008640,11.35,0,44.2,4,1167.12,0
W008641,33.76,1,62.7,3,1071.1,0
W008642,13.27,0,43.7,2,1509.56,0
W008643,59.32,1,68.1,2,3917.6,0
W008644,52.31,1,85.6,3,8427.42,0
W008645,49.38,1,11.7,5,5291.16,0
W008646,25.82,0,4.3,4,954.96,0
W008647,54.75,1,32.0,4,402.22,0
W008648,55.33,1,84.0,1,6260.22,0
W008649,30.56,1,98.1,5,3666.56,0
W008650,30.29,1,102.0,2,2172.27,0
W008651,38.62,1,21.4,1,11261.68,0
W008652,61.36,1,81.0,4,18868.6,0
W008653,22.82,0,72.9,2,2856.03,0
W008654,20.27,0,20.5,2,1692.28,0
W008655,7.67,0,43.8,4,1023.76,0
W008656,57.55,1,32.3,2,5652.47,0
W008657,35.73,1,79.7,1,1811.05,0
W008658,58.41,1,63.7,3,3331.1,0
W008659,42.77,1,36.0,3,1780.11,1
W008660,53.15,1,38.4,2,569.31,0
W008661,4.8,0,29.6,2,2711.1,0
W008662,20.78,0,55.7,3,2709.55,0
W008663,17.4,0,102.3,4,861.86,0
W008664,55.54,1,37.1,1,6428.87,0
W008665,54.5,1,26.1,3,1417.84,0
W008666,39.99,1,34.5,6,1314.51,0
W008667,14.93,0,53.3,1,6245.72,0
W008668,9.97,0,47.4,5,3703.28,0
W008669,58.3,1,106.2,3,2949.53,0
W008670,9.55,0,51.9,3,1164.79,0
W008671,44.82,1,83.6,1,2408.49,0
W008672,9.84,0,104.8,4,7321.72,0
W008673,43.1,1,13.1,6,2732.32,0
W008674,38.37,1,93.2,2,1020.34,0
W008675,29.04,0,68.9,1,3546.2,0
W008676,37.96,1,86.0,2,7088.39,0
W008677,9.64,0,125.6,1,5288.86,0
W008678,14.0,0,36.6,6,8062.09,0
W008679,43.63,1,126.0,1,4845.62,0
W008680,25.94,0,55.2,4,2018.66,0
W008681,49.5,1,94.0,3,3207.38,0
W008682,8.58,0,11.4,5,1013.21,0
W008683,23.07,0,47.0,2,1739.83,0
W008684,24.32,0,40.4,3,11383.0,0
W008685,62.75,1,80.1,5,8023.65,0
W008686,28.17,0,59.3,1,8444.35,1
W008687,33.64,1,8.6,5,2031.31,0
W008688,45.83,1,42.3,3,2770.34,0
W008689,15.9,0,31.9,4,1357.24,0
W008690,28.29,0,191.6,2,3953.19,0
W008691,41.24,1,8.2,1,17752.9,0
W008692,11.55,0,55.2,3,5655.05,0
W008693,59.94,1,47.1,4,2487.47,1
W008694,36.55,1,52.3,1,12802.79,0
W008695,35.11,1,45.5,4,263.69,0
W008696,64.01,1,78.5,5,3102.23,0
W008697,53.0,1,110.8,3,4497.95,0
W008698,46.53,1,8.2,4,3813.26,0
W008699,7.16,0,80.2,5,3795.96,0
W008700,41.13,1,43.6,3,5121.1,0
W008701,63.94,1,26.0,3,18816.99,0
W008702,5.79,0,5.3,4,7077.21,0
W008703,27.36,0,125.4,4,798.93,0
W008704,19.25,0,22.4,3,11079.65,1
W008705,12.33,0,60.1,5,9164.77,0
W008706,25.06,0,15.9,2,5238.12,0
W008707,10.43,0,54.3,5,853.43,0
W008708,43.89,1,64.3,1,3384.47,0
W008709,37.76,1,23.0,3,5682.7,0
W008710,4.1,0,16.1,4,801.02,0
W008711,11.24,0,88.6,4,1876.97,1
W008712,25.35,0,31.7,1,1620.66,0
W008713,9.83,0,31.5,1,1875.82,0
W008714,39.45,1,86.7,3,2853.32,0
W008715,0.0,0,121.0,1,5271.81,0
W008716,33.14,1,24.6,1,1518.46,0
W008717,11.06,0,29.8,1,142.56,0
W008718,17.22,0,4.9,1,5276.67,0
W008719,31.46,1,72.6,3,23456.83,0
W008720,39.48,1,42.7,1,872.19,0
W008721,58.87,1,67.0,3,11492.16,0
W008722,45.29,1,64.3,5,1899.21,1
W008723,7.69,0,75.1,2,11607.55,0
W008724,24.07,0,64.1,2,8142.36,0
W008725,22.27,0,41.2,5,11900.33,0
W008726,32.8,1,14.1,5,15425.1,0
W008727,24.64,0,44.5,5,10451.86,0
W008728,79.44,1,55.0,2,2205.93,0
W008729,35.1,1,11.1,2,3768.42,0
W008730,17.8,0,39.3,1,3118.8,0
W008731,58.05,1,131.9,1,4556.92,0
W008732,36.16,1,41.4,3,996.3,0
W008733,36.44,1,84.2,2,1816.93,0
W008734,19.73,0,60.4,1,14829.71,0
W008735,36.81,1,57.1,4,1461.51,0
W008736,0.0,0,253.5,1,7076.87,0
W008737,35.82,1,22.7,4,7589.61,0
W008738,33.36,1,76.3,1,862.03,0
W008739,11.69,0,8.9,3,3889.74,0
W008740,29.79,0,109.0,3,2026.53,0
W008741,66.13,1,75.8,3,8366.23,0
W008742,20.32,0,20.4,3,29058.26,1
W008743,27.72,0,8.8,3,1224.68,0
W008744,3.96,0,38.2,2,1367.62,0
W008745,0.0,0,18.3,2,4222.39,1
W008746,9.59,0,101.0,1,1539.11,1
W008747,39.18,1,30.9,3,27722.37,0
W008748,51.95,1,26.8,3,617.18,0
W008749,11.27,0,9.0,6,945.0,0
W008750,35.37,1,54.5,3,9666.45,0
W008751,30.37,1,50.2,1,12602.27,0
W008752,4.88,0,251.6,4,1954.06,0
W008753,37.23,1,18.3,2,13792.12,0
W008754,0.0,0,95.1,4,2639.69,0
W008755,41.95,1,161.8,3,3180.38,0
W008756,5.55,0,17.8,1,9583.07,0
W008757,53.97,1,82.5,1,2072.11,1
W008758,0.0,0,91.5,4,3980.72,0
W008759,11.42,0,44.2,1,37728.85,1
W008760,45.7,1,7.2,1,21847.14,0
W008761,17.93,0,180.0,5,9786.82,1
W008762,43.87,1,102.6,4,13340.28,0
W008763,0.0,0,53.5,3,18099.5,0
W008764,23.46,0,82.7,1,2555.89,0
W008765,47.97,1,78.6,1,2721.24,0
W008766,36.03,1,29.2,4,8721.87,1
W008767,37.93,1,72.0,1,14740.79,0
W008768,33.17,1,6.9,5,5632.06,0
W008769,42.05,1,12.5,1,1426.46,0
W008770,38.64,1,50.3,1,9285.66,0
W008771,16.04,0,27.3,1,1997.91,0
W008772,37.02,1,72.8,1,30814.4,0
W008773,12.74,0,77.9,6,2091.23,0
W008774,30.31,1,38.0,3,3362.63,1
W008775,28.8,0,93.7,2,4098.31,0
W008776,50.1,1,70.2,1,3382.65,0
W008777,23.63,0,12.0,4,1839.82,0
W008778,3.31,0,51.4,2,1806.54,0
W008779,26.78,0,21.2,3,1218.3,0
W008780,75.03,1,97.3,4,5646.35,0
W008781,27.09,0,101.2,1,497.06,0
W008782,22.99,0,104.1,5,1158.46,0
W008783,18.64,0,21.1,2,29271.58,0
W008784,40.38,1,99.4,3,1755.12,0
W008785,8.13,0,50.8,4,18900.74,0
W008786,17.71,0,42.7,4,415.82,0
W008787,29.55,0,103.2,2,24336.92,0
W008788,23.9,0,89.3,3,6272.43,0
W008789,24.0,0,64.3,2,5307.36,0
W008790,32.77,1,26.5,2,411.75,0
W008791,26.05,0,171.8,5,1814.08,0
W008792,23.96,0,74.6,2,1114.34,0
W008793,1.43,0,25.6,1,10538.51,0
W008794,39.71,1,89.4,1,10725.62,1
W008795,61.71,1,79.1,2,516.92,0
W008796,30.98,1,162.6,4,9642.23,0
W008797,42.17,1,90.2,3,5876.6,1
W008798,46.17,1,23.4,4,6053.13,0
W008799,32.63,1,139.7,3,6134.13,0
W008800,18.47,0,42.3,1,1788.56,0
W008801,20.66,0,21.3,1,3171.12,0
W008802,62.02,1,89.2,2,1928.24,0
W008803,26.61,0,77.3,3,12421.77,0
W008804,36.48,1,23.0,3,4899.11,0
W008805,28.22,0,32.1,2,556.52,1
W008806,27.46,0,77.0,4,12480.41,0
W008807,30.79,1,19.1,1,5976.61,0
W008808,15.88,0,83.8,2,17086.62,0
W008809,24.95,0,117.7,2,25438.81,1
W008810,29.76,0,3.0,3,19994.07,1
W008811,28.26,0,28.9,5,5679.97,0
W008812,20.49,0,26.3,2,24586.26,0
W008813,47.11,1,99.6,3,7777.62,0
W008814,29.6,0,20.1,1,12839.03,0
W008815,26.85,0,47.9,1,14228.08,0
W008816,28.5,0,38.5,2,48274.62,0
W008817,9.01,0,38.5,2,749.86,0
W008818,18.69,0,118.7,6,1387.59,0
W008819,38.69,1,74.3,1,15393.13,0
W008820,27.13,0,119.5,4,2035.03,0
W008821,27.23,0,24.4,1,5019.77,0
W008822,29.25,0,57.2,1,1261.38,0
W008823,43.6,1,28.3,2,1025.87,0
W008824,0.29,0,82.3,4,2418.57,0
W008825,48.72,1,22.4,5,621.18,0
W008826,47.39,1,143.0,3,708.27,0
W008827,33.0,1,134.3,4,2305.81,0
W008828,31.87,1,65.9,4,1191.38,0
W008829,0.0,0,29.1,2,1644.86,0
W008830,44.14,1,13.0,3,2214.59,0
W008831,16.13,0,92.6,3,10301.32,0
W008832,33.57,1,23.9,4,19857.07,0
W008833,63.87,1,38.5,5,1198.44,0
W008834,61.7,1,76.8,1,12056.92,0
W008835,35.48,1,34.5,5,382.08,0
W008836,40.91,1,37.9,1,971.33,0
W008837,26.91,0,94.1,4,6100.15,0
W008838,11.36,0,63.6,1,4535.9,0
W008839,37.18,1,40.2,5,1671.94,0
W008840,14.78,0,35.2,1,3688.63,0
W008841,2.66,0,39.2,1,11846.7,0
W008842,42.08,1,81.8,2,5387.31,0
W008843,29.12,0,29.8,3,981.55,0
W008844,35.54,1,19.1,1,7727.42,0
W008845,49.97,1,38.8,1,2820.11,0
W008846,1.83,0,99.2,1,8608.68,0
W008847,44.14,1,84.5,2,1436.42,0
W008848,0.0,0,69.1,2,2345.12,0
W008849,11.17,0,4.8,4,4125.53,1
W008850,50.84,1,37.6,1,2679.95,0
W008851,37.03,1,36.5,1,3422.89,0
W008852,42.77,1,92.8,2,5979.92,0
W008853,27.2,0,24.5,3,3461.13,0
W008854,0.0,0,23.1,3,783.77,0
W008855,26.56,0,42.1,1,5958.69,0
W008856,31.96,1,31.8,3,1661.98,0
W008857,6.97,0,86.2,4,11495.43,0
W008858,0.0,0,59.5,2,752.6,0
W008859,18.75,0,35.8,5,2682.56,0
W008860,16.63,0,60.0,1,406.82,1
W008861,25.08,0,42.8,5,5168.98,0
W008862,29.5,0,79.4,4,17306.66,0
W008863,35.1,1,13.9,1,4458.35,0
W008864,51.02,1,58.4,3,7478.67,0
W008865,14.34,0,68.8,3,17216.83,0
W008866,52.11,1,61.7,2,21065.67,0
W008867,46.23,1,64.6,5,6558.61,0
W008868,24.71,0,110.1,5,5422.05,0
W008869,3.85,0,31.0,2,504.87,0
W008870,44.22,1,53.8,5,1784.52,0
W008871,32.1,1,92.8,3,47138.82,0
W008872,45.54,1,39.8,3,2745.97,0
W008873,5.12,0,145.2,2,1493.82,0
W008874,43.17,1,85.5,1,1919.16,0
W008875,22.66,0,45.7,2,9992.13,0
W008876,38.38,1,55.8,1,3686.52,0
W008877,5.6,0,43.4,2,599.6,0
W008878,49.7,1,15.3,3,6534.15,0
W008879,1.39,0,81.4,1,12607.02,0
W008880,56.9,1,126.2,1,1651.25,0
W008881,50.25,1,128.8,3,2826.87,0
W008882,35.18,1,46.6,1,1289.68,0
W008883,26.56,0,88.8,2,10131.86,1
W008884,27.78,0,81.7,5,4501.88,0
W008885,62.88,1,127.0,1,3443.48,0
W008886,31.09,1,34.6,5,1576.02,0
W008887,37.61,1,18.4,1,251.79,0
W008888,19.35,0,89.4,6,18268.88,0
W008889,0.0,0,109.5,1,8085.98,0
W008890,30.76,1,51.4,4,2294.4,0
W008891,16.59,0,18.3,1,1777.78,0
W008892,8.08,0,19.4,3,4022.83,1
W008893,26.73,0,82.6,2,6574.95,0
W008894,19.65,0,96.5,1,4470.53,0
W008895,34.45,1,54.9,2,16538.24,0
W008896,41.81,1,49.5,6,1804.32,0
W008897,35.58,1,121.4,2,2687.1,0
W008898,18.39,0,113.9,2,4690.43,0
W008899,21.7,0,19.7,1,2967.76,0
W008900,4.37,0,103.8,4,5811.31,0
W008901,17.05,0,21.5,3,6084.35,1
W008902,56.22,1,40.4,6,600.62,0
W008903,27.06,0,73.4,4,9057.6,0
W008904,33.18,1,129.5,4,4950.64,0
W008905,15.88,0,26.9,1,1247.42,0
W008906,15.58,0,57.8,6,8485.9,0
W008907,28.16,0,42.1,1,3365.19,0
W008908,11.62,0,10.4,2,22539.04,0
W008909,23.61,0,41.3,1,7162.37,0
W008910,19.77,0,68.0,4,17940.95,0
W008911,66.18,1,26.8,6,5830.52,0
W008912,16.77,0,66.5,5,8292.99,0
W008913,38.97,1,78.9,1,1034.06,0
W008914,1.09,0,97.5,5,8603.78,0
W008915,0.0,0,57.1,3,3736.04,0
W008916,41.9,1,24.0,1,2226.66,0
W008917,29.11,0,47.3,3,3828.5,0
W008918,12.31,0,12.2,3,1707.03,0
W008919,26.68,0,31.3,2,1826.34,0
W008920,34.87,1,52.0,3,915.65,0
W008921,39.39,1,102.4,5,2064.05,0
W008922,22.29,0,26.1,1,3527.81,1
W008923,36.34,1,88.5,1,1659.51,0
W008924,40.89,1,73.6,1,117903.92,0
W008925,34.65,1,7.9,1,7378.73,0
W008926,30.74,1,59.9,2,2023.53,0
W008927,19.99,0,95.9,1,1216.15,0
W008928,34.06,1,85.5,3,2006.93,0
W008929,19.48,0,67.2,3,2113.69,0
W008930,47.76,1,20.5,2,6789.24,0
W008931,12.82,0,10.4,5,1643.17,0
W008932,32.64,1,64.8,2,12805.89,0
W008933,28.75,0,105.6,2,3537.92,0
W008934,50.29,1,28.1,2,5137.88,0
W008935,22.48,0,53.0,2,1983.4,0
W008936,63.16,1,40.6,5,1310.69,0
W008937,45.77,1,19.2,2,16977.79,0
W008938,41.31,1,83.4,3,12942.05,0
W008939,18.25,0,67.0,4,7462.24,0
W008940,42.88,1,59.6,1,626.79,0
W008941,53.37,1,52.1,1,4889.83,0
W008942,37.62,1,39.5,3,2197.37,0
W008943,22.64,0,44.6,2,6952.08,0
W008944,20.3,0,1.0,2,8677.3,0
W008945,52.45,1,22.6,2,1340.74,0
W008946,19.32,0,37.0,1,8021.92,0
W008947,0.0,0,57.1,3,12043.72,1
W008948,30.5,1,41.5,5,5738.87,0
W008949,39.01,1,38.0,2,3891.7,0
W008950,0.47,0,25.0,1,4937.48,0
W008951,36.15,1,58.7,1,1008.43,0
W008952,41.61,1,50.9,2,909.88,0
W008953,61.66,1,13.1,3,858.9,0
W008954,34.7,1,48.5,5,146.53,0
W008955,52.8,1,12.6,3,5759.53,0
W008956,11.25,0,112.2,3,2443.72,0
W008957,45.94,1,51.3,1,3398.12,0
W008958,0.0,0,121.0,1,12995.12,1
W008959,20.3,0,53.0,2,9958.17,0
W008960,42.28,1,30.4,2,1201.12,0
W008961,13.86,0,16.6,3,791.65,0
W008962,13.92,0,28.7,1,7830.73,0
W008963,24.89,0,92.6,1,266.07,0
W008964,2.77,0,94.6,3,12247.05,0
W008965,2.27,0,100.3,3,4380.73,0
W008966,7.18,0,33.1,3,14806.31,0
W008967,5.74,0,16.5,1,13863.5,0
W008968,4.83,0,81.2,1,12454.12,0
W008969,55.63,1,50.1,1,4446.13,0
W008970,2.01,0,39.4,2,16063.07,0
W008971,42.57,1,144.0,2,852.31,0
W008972,54.77,1,105.1,2,5646.49,0
W008973,48.8,1,24.4,2,12692.83,0
W008974,52.0,1,72.0,3,2177.57,0
W008975,65.2,1,31.0,2,6785.24,0
W008976,18.27,0,77.5,4,3100.66,0
W008977,1.33,0,40.3,2,7617.55,0
W008978,35.64,1,61.8,1,7349.52,0
W008979,23.16,0,72.9,4,27070.51,0
W008980,39.75,1,28.7,1,1453.98,0
W008981,5.26,0,55.2,1,6406.27,0
W008982,9.43,0,10.4,3,14298.0,0
W008983,67.26,1,31.5,3,4975.68,0
W008984,19.49,0,49.2,3,3823.45,0
W008985,26.25,0,58.1,2,960.82,0
W008986,41.74,1,62.4,3,934.97,0
W008987,46.66,1,45.8,3,680.52,0
W008988,52.52,1,50.4,3,1409.93,0
W008989,42.38,1,101.9,4,17381.62,0
W008990,62.56,1,142.1,3,2105.66,0
W008991,0.0,0,65.8,3,4391.96,0
W008992,0.0,0,36.7,2,3265.41,0
W008993,20.41,0,49.0,3,8667.8,0
W008994,20.0,0,104.8,3,26504.35,0
W008995,50.45,1,67.0,4,1375.7,0
W008996,27.2,0,4.0,1,3681.3,0
W008997,14.41,0,12.0,3,4359.65,0
W008998,21.99,0,95.1,6,11318.89,0
W008999,40.27,1,69.5,2,14801.59,0
W009000,56.74,1,87.2,1,4687.52,0
W009001,22.08,0,121.8,2,363.3,0
W009002,34.97,1,68.8,5,3580.66,0
W009003,46.75,1,14.7,1,3830.43,0
W009004,51.21,1,52.8,1,5574.34,1
W009005,16.45,0,55.9,5,2904.85,0
W009006,25.64,0,31.7,2,1763.87,0
W009007,12.64,0,25.5,2,13019.93,0
W009008,0.0,0,38.3,3,3124.78,0
W009009,12.82,0,142.8,3,11383.84,0
W009010,32.31,1,8.6,2,7526.34,1
W009011,0.0,0,27.0,1,16746.79,0
W009012,34.33,1,92.3,2,413.26,0
W009013,0.0,0,87.6,3,1741.92,1
W009014,8.79,0,4.4,3,13038.09,1
W009015,11.55,0,129.7,3,24486.45,0
W009016,41.05,1,104.5,1,2722.69,0
W009017,7.49,0,34.7,3,1769.19,0
W009018,8.41,0,55.9,3,5238.96,0
W009019,18.94,0,66.6,2,1897.19,0
W009020,31.67,1,1.0,3,3705.37,0
W009021,28.73,0,23.6,1,1849.42,0
W009022,26.9,0,87.7,4,4727.23,0
W009023,39.16,1,40.2,2,19708.43,0
W009024,28.98,0,51.7,5,5830.54,0
W009025,36.81,1,21.9,2,5026.72,0
W009026,6.34,0,59.0,4,382.02,0
W009027,44.75,1,27.7,4,2404.14,0
W009028,36.17,1,157.6,2,3655.19,0
W009029,50.27,1,38.1,5,2691.78,0
W009030,43.33,1,53.3,2,23934.07,0
W009031,64.16,1,7.3,5,3405.62,0
W009032,54.1,1,39.8,4,825.09,0
W009033,34.91,1,71.0,1,24321.7,0
W009034,28.52,0,62.6,2,974.46,0
W009035,18.53,0,57.3,1,4096.51,0
W009036,54.46,1,36.2,4,2995.05,0
W009037,32.26,1,17.3,3,10432.29,0
W009038,29.35,0,46.5,5,2100.83,1
W009039,1.95,0,64.9,2,240.79,0
W009040,0.0,0,34.2,1,31994.14,0
W009041,13.62,0,172.3,1,3124.53,0
W009042,36.06,1,40.4,2,9829.59,0
W009043,0.0,0,22.6,3,9580.53,1
W009044,62.47,1,10.9,2,7433.76,0
W009045,28.04,0,59.6,2,13678.59,0
W009046,45.31,1,81.6,3,1580.23,1
W009047,51.33,1,25.0,2,28041.73,1
W009048,21.75,0,41.9,1,1411.28,1
W009049,29.08,0,59.4,3,10991.94,1
W009050,43.1,1,99.9,5,2241.09,0
W009051,32.08,1,94.0,5,1392.43,0
W009052,30.16,1,148.3,3,5388.18,0
W009053,50.69,1,16.2,3,7643.66,0
W009054,50.32,1,58.6,2,4105.72,0
W009055,36.99,1,14.8,1,6083.76,0
W009056,4.76,0,93.4,2,10251.51,0
W009057,13.54,0,33.1,2,1727.01,0
W009058,25.68,0,29.2,2,4915.67,0
W009059,41.79,1,23.9,3,3430.78,0
W009060,3.72,0,63.2,1,45410.5,0
W009061,53.07,1,55.8,1,6110.79,0
W009062,38.14,1,101.9,5,536.18,0
W009063,31.73,1,45.6,2,13395.08,0
W009064,14.41,0,41.4,2,3670.08,0
W009065,15.44,0,105.9,4,5000.15,0
W009066,22.6,0,130.3,1,4941.08,1
W009067,32.8,1,108.0,3,790.74,0
W009068,43.21,1,79.0,5,10548.9,0
W009069,3.42,0,25.0,1,16672.2,0
W009070,43.35,1,46.7,1,9831.47,0
W009071,48.77,1,64.4,3,1469.88,0
W009072,24.47,0,67.6,1,454.57,0
W009073,46.15,1,79.5,2,53234.05,1
W009074,31.05,1,24.8,1,3797.69,0
W009075,6.21,0,42.3,4,6020.61,0
W009076,80.51,1,38.4,2,616.45,0
W009077,0.0,0,126.2,4,1365.75,0
W009078,59.13,1,43.4,2,5107.1,1
W009079,23.4,0,20.7,2,4336.1,0
W009080,35.05,1,23.8,3,1255.47,0
W009081,44.26,1,12.2,1,22815.56,0
W009082,41.55,1,98.8,3,6746.86,0
W009083,25.42,0,63.6,3,608.47,0
W009084,35.44,1,27.9,2,25529.29,0
W009085,48.4,1,64.7,6,2835.96,0
W009086,49.15,1,98.6,5,6552.33,0
W009087,35.7,1,138.4,5,6903.25,0
W009088,50.92,1,93.2,4,1541.14,0
W009089,12.73,0,61.0,1,9174.25,0
W009090,33.21,1,75.3,1,3321.51,0
W009091,32.09,1,150.1,2,3296.77,0
W009092,26.25,0,48.0,2,2368.16,1
W009093,29.73,0,11.8,3,1254.71,1
W009094,47.05,1,41.2,4,603.07,0
W009095,38.35,1,58.2,2,14853.0,0
W009096,28.08,0,82.0,2,1879.2,0
W009097,18.26,0,100.4,2,886.6,0
W009098,17.58,0,20.6,1,1711.89,0
W009099,0.0,0,9.0,2,7189.41,0
W009100,16.21,0,55.5,4,1791.45,1
W009101,40.69,1,56.8,1,2350.68,0
W009102,39.95,1,58.2,2,9820.53,0
W009103,27.76,0,33.3,6,26277.25,0
W009104,1.66,0,161.9,2,2296.65,0
W009105,21.36,0,17.6,6,5887.77,0
W009106,34.23,1,25.6,4,2173.56,1
W009107,31.85,1,111.4,2,2405.42,0
W009108,73.57,1,75.6,1,15005.9,1
W009109,34.92,1,84.1,1,18731.03,0
W009110,18.65,0,61.0,4,5074.84,0
W009111,62.41,1,32.5,2,3373.19,1
W009112,24.51,0,35.9,3,710.31,0
W009113,0.0,0,63.7,2,1480.39,1
W009114,49.15,1,69.3,1,9275.71,0
W009115,40.48,1,58.9,3,8031.1,0
W009116,46.99,1,96.2,1,22772.25,0
W009117,28.83,0,5.3,1,10484.26,0
W009118,4.98,0,14.4,2,7098.79,0
W009119,19.75,0,10.7,2,18663.67,0
W009120,69.79,1,42.7,1,5704.86,0
W009121,27.88,0,148.6,5,2039.06,0
W009122,31.71,1,27.6,1,919.42,0
W009123,0.0,0,1.8,1,973.03,0
W009124,0.0,0,46.1,1,1760.87,0
W009125,40.4,1,13.3,1,9859.73,1
W009126,42.98,1,62.2,1,5817.09,0
W009127,20.95,0,145.9,1,3592.36,0
W009128,13.83,0,8.7,2,14941.62,0
W009129,1.01,0,45.0,1,754.44,1
W009130,26.17,0,46.5,5,1227.75,0
W009131,38.72,1,65.7,6,4724.15,0
W009132,33.34,1,22.3,1,1415.44,0
W009133,26.65,0,51.4,6,1162.75,0
W009134,49.0,1,23.2,2,5580.35,0
W009135,54.53,1,18.9,1,809.53,0
W009136,17.16,0,56.2,2,1159.75,0
W009137,15.67,0,18.8,1,18088.15,0
W009138,29.25,0,40.6,2,1389.23,0
W009139,20.28,0,65.6,2,622.22,0
W009140,57.22,1,32.2,3,7834.34,0
W009141,49.65,1,7.2,3,4282.87,0
W009142,43.24,1,24.6,5,1042.14,1
W009143,47.69,1,52.4,4,3222.42,0
W009144,25.02,0,41.2,2,3184.61,0
W009145,23.42,0,71.4,1,7016.6,0
W009146,44.02,1,73.0,6,9958.21,0
W009147,41.13,1,63.0,3,6472.91,0
W009148,79.69,1,86.5,1,37432.49,1
W009149,27.52,0,115.9,4,757.74,0
W009150,20.78,0,39.0,4,5846.52,0
W009151,36.87,1,17.4,2,1318.39,0
W009152,29.94,0,49.4,1,3468.51,0
W009153,49.81,1,83.7,1,2453.58,0
W009154,31.54,1,100.6,3,33288.76,0
W009155,70.54,1,63.9,1,12227.25,0
W009156,29.48,0,11.6,2,8214.42,0
W009157,50.18,1,54.4,1,1839.8,0
W009158,75.41,1,110.4,4,4141.77,0
W009159,42.23,1,216.7,1,6105.35,0
W009160,34.23,1,102.9,4,15978.68,0
W009161,45.13,1,74.8,1,2641.57,0
W009162,21.04,0,112.1,3,28320.2,0
W009163,13.25,0,118.4,2,2352.37,0
W009164,48.21,1,63.8,2,17431.52,0
W009165,17.39,0,8.7,4,3583.13,0
W009166,53.37,1,67.3,4,8876.49,0
W009167,27.52,0,110.9,2,447.1,0
W009168,10.06,0,7.5,2,5940.61,0
W009169,43.15,1,55.6,4,19401.98,0
W009170,38.53,1,14.7,3,934.52,0
W009171,45.83,1,91.2,2,595.36,0
W009172,47.23,1,53.9,4,9493.86,0
W009173,40.22,1,25.6,1,1851.11,0
W009174,36.97,1,16.0,3,7294.22,0
W009175,11.83,0,44.4,1,3674.97,1
W009176,0.0,0,37.1,5,11437.4,0
W009177,41.81,1,13.8,2,6237.82,0
W009178,18.08,0,31.3,1,4632.21,0
W009179,8.26,0,24.9,3,10287.58,0
W009180,31.87,1,99.3,3,1483.92,0
W009181,19.4,0,54.3,5,5532.24,0
W009182,17.89,0,117.3,1,2194.25,0
W009183,14.67,0,124.9,2,413.42,0
W009184,46.24,1,71.7,3,1396.13,0
W009185,53.3,1,80.9,2,6914.09,0
W009186,22.99,0,45.3,4,14087.06,0
W009187,40.55,1,114.9,2,44037.39,0
W009188,20.51,0,102.9,1,6550.4,1
W009189,41.28,1,129.8,3,6624.95,0
W009190,57.25,1,17.5,4,454.24,0
W009191,48.27,1,63.0,1,2911.58,0
W009192,36.02,1,185.9,4,6895.78,0
W009193,0.0,0,38.5,1,10210.37,0
W009194,37.89,1,215.7,1,4911.18,0
W009195,50.47,1,85.9,4,5664.91,0
W009196,29.77,0,13.5,1,9455.27,1
W009197,20.77,0,16.1,4,7235.42,0
W009198,22.98,0,26.6,2,2356.66,0
W009199,40.34,1,68.7,1,9258.11,0
W009200,35.97,1,64.8,5,1404.31,0
W009201,28.53,0,26.2,3,2064.4,0
W009202,22.32,0,124.2,6,4057.67,0
W009203,25.49,0,133.8,1,550.62,0
W009204,0.0,0,61.0,1,42559.83,0
W009205,68.75,1,13.3,3,3201.95,0
W009206,21.77,0,144.0,6,1003.3,0
W009207,45.75,1,70.5,4,1932.1,0
W009208,22.65,0,28.5,1,15397.09,0
W009209,15.13,0,29.3,5,51865.94,0
W009210,7.51,0,36.0,1,2351.83,0
W009211,32.92,1,190.1,5,2985.46,0
W009212,47.24,1,92.4,2,3606.84,0
W009213,27.34,0,92.3,2,2130.0,0
W009214,36.92,1,31.3,4,2042.14,0
W009215,61.18,1,92.6,2,8886.44,0
W009216,44.94,1,80.0,1,3704.21,0
W009217,22.3,0,60.4,4,5641.95,0
W009218,26.6,0,26.4,2,1238.1,0
W009219,26.22,0,26.6,3,3119.41,0
W009220,35.05,1,87.6,2,29377.41,0
W009221,13.69,0,23.0,3,1529.31,0
W009222,0.0,0,52.2,3,6278.12,0
W009223,0.0,0,35.4,3,793.19,0
W009224,29.02,0,66.1,4,3538.65,1
W009225,26.51,0,46.7,2,17787.71,0
W009226,3.68,0,70.3,1,516.92,1
W009227,15.56,0,31.6,3,4225.44,0
W009228,11.84,0,22.2,1,9258.26,0
W009229,74.22,1,45.0,2,7063.77,0
W009230,82.09,1,136.4,2,3443.92,0
W009231,38.23,1,4.3,2,3204.09,0
W009232,33.96,1,25.7,2,8709.91,0
W009233,26.45,0,45.6,3,9500.03,0
W009234,12.08,0,55.7,3,3838.11,0
W009235,26.7,0,42.4,4,1460.08,0
W009236,12.83,0,34.1,2,3722.91,0
W009237,33.26,1,35.0,2,4533.03,0
W009238,17.17,0,51.6,4,318.56,0
W009239,40.09,1,105.2,1,8102.01,0
W009240,34.67,1,92.4,1,8288.81,0
W009241,36.63,1,33.2,1,5671.71,1
W009242,42.12,1,4.0,4,7256.67,0
W009243,26.97,0,36.6,1,11496.73,0
W009244,49.28,1,2.4,3,3135.25,0
W009245,41.08,1,71.3,1,3475.46,0
W009246,68.77,1,3.5,3,2500.77,1
W009247,51.49,1,36.4,2,7160.25,0
W009248,30.8,1,78.1,2,271.39,0
W009249,3.59,0,103.2,3,15139.82,0
W009250,35.69,1,101.9,2,3584.1,0
W009251,37.62,1,45.0,1,50580.26,0
W009252,53.7,1,16.0,3,979.19,1
W009253,2.02,0,105.4,1,1135.55,0
W009254,36.71,1,46.6,4,33365.24,1
W009255,19.14,0,69.1,3,7521.45,0
W009256,47.29,1,61.2,2,1690.46,0
W009257,34.99,1,59.7,2,3193.84,0
W009258,52.42,1,5.1,4,50947.99,0
W009259,29.65,0,22.4,1,2363.44,0
W009260,29.75,0,51.0,1,5761.31,0
W009261,45.46,1,84.9,2,2403.56,0
W009262,29.43,0,118.3,1,1597.12,0
W009263,42.85,1,136.7,3,18440.9,0
W009264,35.33,1,84.2,1,6708.89,0
W009265,31.48,1,52.5,1,10467.38,0
W009266,45.64,1,62.1,2,2247.17,0
W009267,53.85,1,43.6,4,14897.56,1
W009268,41.07,1,53.0,2,3339.03,0
W009269,34.66,1,44.3,2,736.47,0
W009270,85.15,1,84.2,4,4634.47,1
W009271,40.19,1,48.4,4,358.02,0
W009272,5.07,0,81.2,1,22869.58,0
W009273,13.9,0,89.2,1,1502.02,0
W009274,38.41,1,63.4,1,1279.97,0
W009275,64.97,1,67.5,2,1361.77,0
W009276,6.41,0,35.7,3,1069.98,0
W009277,37.68,1,119.4,4,198.63,0
W009278,6.91,0,80.5,2,10295.01,0
W009279,41.3,1,28.5,2,10386.77,0
W009280,20.14,0,42.6,1,587.4,0
W009281,7.94,0,18.9,2,2260.01,0
W009282,32.49,1,34.2,3,3069.96,0
W009283,0.0,0,107.4,2,8820.52,0
W009284,13.64,0,116.0,2,6813.86,0
W009285,59.54,1,70.8,6,1917.76,0
W009286,77.01,1,19.7,2,4269.68,0
W009287,5.85,0,50.2,2,2107.35,0
W009288,9.27,0,29.3,1,6695.69,0
W009289,42.99,1,14.0,1,56574.66,0
W009290,46.88,1,16.0,3,461.55,0
W009291,72.76,1,29.9,5,3457.73,0
W009292,55.43,1,45.6,3,1934.15,0
W009293,36.81,1,63.3,3,19074.64,0
W009294,35.86,1,21.3,1,5302.44,0
W009295,36.67,1,55.5,4,5785.18,0
W009296,14.47,0,31.7,3,5738.31,0
W009297,47.96,1,41.2,3,10382.23,0
W009298,9.88,0,61.2,5,6054.49,0
W009299,13.47,0,201.5,3,857.59,0
W009300,41.41,1,42.6,1,705.71,0
W009301,44.17,1,61.0,1,4416.9,0
W009302,0.0,0,22.0,3,1699.1,0
W009303,42.58,1,65.4,1,10959.64,0
W009304,3.47,0,42.7,4,840.78,1
W009305,0.0,0,19.7,1,5949.48,0
W009306,33.76,1,77.3,1,2074.16,0
W009307,28.16,0,93.5,2,2698.38,0
W009308,22.64,0,35.0,1,8262.53,0
W009309,17.59,0,6.2,2,1150.66,0
W009310,44.35,1,95.2,2,3914.45,0
W009311,31.61,1,88.5,1,11718.54,0
W009312,54.52,1,8.2,2,2283.65,0
W009313,33.33,1,34.5,2,22082.61,0
W009314,55.61,1,26.6,1,3799.25,1
W009315,4.35,0,73.9,6,2064.44,0
W009316,13.57,0,64.8,1,2335.71,0
W009317,21.21,0,96.9,1,5763.14,0
W009318,7.47,0,94.8,2,2039.14,0
W009319,40.7,1,59.4,3,3958.94,0
W009320,56.35,1,136.6,1,5650.67,0
W009321,12.22,0,40.6,2,2651.24,0
W009322,36.55,1,68.3,4,15756.14,0
W009323,49.07,1,88.5,3,5732.66,0
W009324,30.48,1,98.5,5,28139.22,0
W009325,44.29,1,51.1,3,14748.88,1
W009326,31.48,1,32.9,3,1737.66,0
W009327,37.28,1,93.9,3,5294.1,0
W009328,19.11,0,92.4,2,5608.71,0
W009329,19.03,0,146.5,2,13616.69,0
W009330,29.98,0,55.1,1,2941.38,0
W009331,37.36,1,146.5,2,16676.59,0
W009332,46.8,1,170.4,3,1376.63,0
W009333,34.6,1,116.2,5,2301.13,0
W009334,24.15,0,30.7,3,18271.9,0
W009335,66.08,1,22.1,2,2748.06,0
W009336,39.07,1,66.9,1,1928.16,0
W009337,34.04,1,8.4,1,11298.51,0
W009338,4.82,0,99.2,3,4808.1,0
W009339,39.41,1,200.6,2,9078.5,0
W009340,23.66,0,72.6,1,13310.28,0
W009341,2.27,0,62.0,2,1699.03,0
W009342,55.24,1,81.8,5,7857.4,0
W009343,4.49,0,101.0,4,2181.02,0
W009344,15.09,0,23.6,1,2885.03,0
W009345,32.38,1,61.8,1,5678.55,0
W009346,12.15,0,156.7,1,10685.05,0
W009347,20.53,0,80.1,3,4946.55,0
W009348,0.0,0,9.0,4,8632.76,0
W009349,0.0,0,76.8,3,2791.07,0
W009350,43.47,1,68.5,5,903.88,0
W009351,54.09,1,56.3,4,9295.24,1
W009352,17.34,0,80.9,4,7522.23,0
W009353,26.24,0,47.8,1,11148.57,0
W009354,4.64,0,35.6,3,575.57,0
W009355,47.96,1,63.8,6,24632.84,0
W009356,49.17,1,33.7,4,5263.45,1
W009357,30.03,1,13.4,3,1827.96,0
W009358,69.23,1,36.6,3,2619.24,0
W009359,24.19,0,38.1,2,25176.87,0
W009360,4.26,0,111.9,4,3111.2,0
W009361,7.93,0,27.0,2,937.01,0
W009362,17.8,0,65.5,1,7554.45,0
W009363,29.96,0,65.7,2,2803.54,0
W009364,17.23,0,22.8,3,969.38,1
W009365,18.27,0,62.1,1,5191.75,0
W009366,64.74,1,23.7,5,1022.01,0
W009367,54.58,1,46.8,3,1553.35,0
W009368,33.28,1,70.2,4,1062.75,0
W009369,60.55,1,89.4,3,1447.17,0
W009370,42.96,1,50.9,2,17725.02,1
W009371,60.66,1,94.7,3,8996.84,0
W009372,6.71,0,45.8,2,3120.78,0
W009373,28.13,0,87.7,3,9191.85,0
W009374,51.88,1,33.6,1,4359.29,0
W009375,38.48,1,43.3,2,19816.08,0
W009376,23.8,0,20.0,2,11189.34,0
W009377,31.62,1,37.4,1,790.87,0
W009378,60.38,1,39.6,1,6156.19,0
W009379,0.0,0,83.6,1,5057.03,0
W009380,10.68,0,60.4,2,21304.26,0
W009381,34.78,1,113.4,5,10174.3,0
W009382,5.2,0,82.7,3,6137.25,0
W009383,30.36,1,22.7,2,3173.26,0
W009384,25.18,0,130.6,1,2166.41,0
W009385,19.95,0,52.3,1,646.53,0
W009386,38.12,1,56.6,3,14613.91,0
W009387,28.48,0,117.4,4,2388.53,0
W009388,27.03,0,42.6,2,3672.13,1
W009389,68.04,1,137.1,3,12491.31,0
W009390,18.13,0,58.3,5,3319.4,0
W009391,29.17,0,89.7,3,1087.12,0
W009392,26.72,0,81.6,2,20842.68,0
W009393,25.81,0,6.9,1,7768.43,1
W009394,42.96,1,60.8,4,1879.71,1
W009395,48.59,1,100.9,2,10748.08,0
W009396,21.56,0,41.0,1,3008.66,0
W009397,42.42,1,51.3,2,2301.71,0
W009398,0.0,0,80.3,3,1827.25,0
W009399,4.64,0,35.9,1,1376.75,0
W009400,52.13,1,186.3,1,1210.55,0
W009401,37.38,1,51.6,1,9344.24,0
W009402,14.84,0,84.2,4,669.32,0
W009403,30.26,1,32.8,2,4011.57,0
W009404,42.04,1,54.0,1,1173.06,0
W009405,4.86,0,50.8,1,3227.26,0
W009406,44.4,1,58.2,1,4714.77,0
W009407,43.34,1,170.5,1,7574.81,0
W009408,0.0,0,19.0,2,10221.06,0
W009409,17.09,0,38.4,1,4200.25,1
W009410,8.16,0,66.5,3,2792.22,0
W009411,44.19,1,112.2,5,1440.9,0
W009412,59.4,1,101.4,3,3852.22,0
W009413,55.21,1,90.2,2,1658.14,0
W009414,50.46,1,49.9,2,1901.76,0
W009415,31.54,1,99.8,2,3127.5,0
W009416,16.58,0,95.4,2,4043.98,0
W009417,24.17,0,22.0,3,257.36,1
W009418,53.38,1,93.7,5,16963.46,0
W009419,20.39,0,12.2,4,3286.18,0
W009420,27.44,0,68.1,3,24288.51,0
W009421,19.47,0,143.4,2,829.15,1
W009422,25.68,0,65.4,1,6685.35,0
W009423,18.4,0,63.7,2,4950.54,0
W009424,28.91,0,144.8,1,7861.91,1
W009425,27.02,0,112.0,1,510.31,0
W009426,52.24,1,91.6,1,3156.0,0
W009427,32.02,1,9.2,2,2530.41,0
W009428,8.75,0,17.8,1,778.02,0
W009429,49.58,1,33.9,3,11648.31,0
W009430,40.84,1,78.9,1,5247.22,0
W009431,13.19,0,41.5,1,3187.21,0
W009432,54.12,1,30.8,1,11910.57,0
W009433,64.87,1,67.4,4,845.07,0
W009434,20.36,0,48.6,3,11476.7,0
W009435,5.97,0,83.6,4,5352.7,0
W009436,49.79,1,17.6,2,4546.11,0
W009437,20.83,0,85.1,2,53262.01,0
W009438,20.67,0,11.7,2,2988.13,0
W009439,43.81,1,85.5,2,9780.69,0
W009440,3.1,0,57.1,1,682.26,0
W009441,60.95,1,14.9,6,4759.23,1
W009442,42.19,1,55.3,1,8492.02,0
W009443,11.13,0,59.2,4,5073.96,0
W009444,5.22,0,46.6,1,16750.96,0
W009445,49.2,1,2.2,2,13507.38,0
W009446,0.82,0,88.4,1,1826.88,0
W009447,28.35,0,39.8,1,431.57,0
W009448,15.97,0,45.6,4,30962.48,0
W009449,19.74,0,51.3,2,6859.63,0
W009450,56.28,1,54.5,4,27842.84,0
W009451,27.35,0,83.4,4,6558.01,0
W009452,32.23,1,82.3,2,6712.87,0
W009453,21.86,0,46.6,1,6432.99,0
W009454,3.12,0,29.1,1,11632.16,0
W009455,36.95,1,45.5,5,1036.54,0
W009456,16.89,0,47.8,4,665.1,0
W009457,1.66,0,89.7,2,7648.43,0
W009458,16.26,0,152.9,1,286.36,0
W009459,20.7,0,29.7,5,541.01,0
W009460,30.67,1,45.9,4,2202.04,0
W009461,48.87,1,67.0,1,19294.43,1
W009462,41.02,1,49.8,2,1391.57,0
W009463,59.4,1,123.7,6,3486.36,0
W009464,23.67,0,38.4,1,4358.41,0
W009465,33.96,1,18.0,5,6614.8,0
W009466,54.58,1,41.2,3,8136.74,0
W009467,30.91,1,25.3,1,2114.05,0
W009468,0.0,0,150.6,4,7593.49,1
W009469,36.68,1,63.2,1,3217.36,0
W009470,9.52,0,29.3,5,1763.76,0
W009471,36.57,1,11.5,2,1092.97,0
W009472,51.44,1,86.6,3,1361.19,0
W009473,47.8,1,67.1,3,3324.21,1
W009474,28.28,0,17.4,1,3252.68,1
W009475,19.89,0,36.5,5,3237.59,1
W009476,50.66,1,30.1,1,6541.75,0
W009477,34.54,1,116.5,2,4405.2,0
W009478,52.97,1,32.8,1,3234.74,0
W009479,26.79,0,94.5,4,1007.67,0
W009480,18.97,0,47.3,3,318.12,0
W009481,13.98,0,27.4,3,38778.69,1
W009482,30.64,1,55.2,3,1219.69,0
W009483,43.59,1,43.1,2,399.48,0
W009484,37.54,1,36.8,6,22198.43,0
W009485,9.41,0,102.9,1,15762.51,0
W009486,30.05,1,63.7,3,2242.19,0
W009487,40.15,1,41.1,2,983.48,0
W009488,43.21,1,14.6,4,3525.94,0
W009489,53.32,1,14.7,4,10714.25,0
W009490,45.8,1,20.6,4,356.51,0
W009491,4.37,0,33.9,3,1492.9,1
W009492,38.78,1,33.9,3,2201.4,0
W009493,32.54,1,59.8,1,2451.57,0
W009494,27.28,0,18.0,1,3737.54,0
W009495,38.87,1,98.7,4,3835.49,0
W009496,20.83,0,19.5,1,7289.59,0
W009497,25.84,0,88.5,1,29842.0,0
W009498,27.54,0,30.8,1,1664.43,0
W009499,14.0,0,93.7,5,2842.04,0
W009500,0.0,0,51.2,1,6649.02,0
W009501,13.66,0,109.8,4,502.45,0
W009502,61.87,1,202.0,2,3891.22,0
W009503,51.62,1,118.0,1,222.53,0
W009504,49.41,1,56.0,1,3038.51,0
W009505,0.0,0,90.1,3,307.21,0
W009506,29.78,0,19.2,1,6799.72,1
W009507,37.13,1,61.6,2,1639.0,0
W009508,39.49,1,81.6,5,3013.23,0
W009509,14.06,0,109.7,2,4571.44,0
W009510,39.68,1,77.7,3,20442.53,0
W009511,11.45,0,59.7,2,5221.33,0
W009512,39.73,1,25.9,2,7594.98,0
W009513,46.42,1,56.1,2,2287.68,0
W009514,32.6,1,73.0,3,871.94,0
W009515,56.16,1,30.5,2,1082.91,1
W009516,13.44,0,79.7,2,2848.85,0
W009517,44.04,1,83.1,3,5805.16,0
W009518,23.75,0,28.1,4,3809.36,0
W009519,24.93,0,81.0,3,3444.8,0
W009520,22.23,0,60.7,2,6817.11,0
W009521,0.0,0,38.9,4,1827.67,0
W009522,5.67,0,13.0,1,7965.7,0
W009523,12.06,0,15.6,4,38709.86,1
W009524,0.0,0,72.1,3,4859.32,0
W009525,39.75,1,80.8,3,798.22,0
W009526,21.58,0,113.6,2,312.49,0
W009527,53.38,1,28.1,5,3232.92,1
W009528,28.88,0,49.4,3,13424.36,0
W009529,61.64,1,15.4,1,4319.03,0
W009530,18.89,0,41.1,1,1543.49,1
W009531,19.59,0,78.7,1,2631.05,0
W009532,13.2,0,107.0,3,2948.26,0
W009533,39.6,1,29.9,1,2055.03,0
W009534,29.88,0,22.4,3,1241.96,1
W009535,18.62,0,37.2,2,1832.83,1
W009536,36.62,1,97.8,2,3674.5,1
W009537,39.52,1,1.6,1,1218.5,0
W009538,32.85,1,86.8,4,491.33,0
W009539,10.17,0,45.7,4,15922.27,0
W009540,42.51,1,95.1,1,956.94,0
W009541,16.83,0,183.9,2,23011.58,0
W009542,44.55,1,68.5,5,5589.96,0
W009543,58.67,1,119.8,1,2943.18,1
W009544,0.0,0,41.8,2,2802.05,0
W009545,37.44,1,71.0,2,2172.0,0
W009546,17.8,0,25.6,4,4488.02,1
W009547,14.13,0,103.8,3,1719.31,0
W009548,66.43,1,58.6,2,981.47,0
W009549,40.16,1,79.7,1,6477.89,0
W009550,9.92,0,64.5,1,23898.77,0
W009551,12.29,0,108.9,5,347.4,0
W009552,15.56,0,65.6,2,13508.86,0
W009553,64.71,1,131.7,6,3333.05,0
W009554,51.0,1,18.1,2,7902.76,0
W009555,55.27,1,147.9,1,5846.66,0
W009556,54.3,1,78.8,2,632.2,0
W009557,37.72,1,29.4,3,724.66,0
W009558,55.99,1,39.7,3,10353.24,0
W009559,23.75,0,18.7,1,6410.07,0
W009560,27.55,0,38.8,4,2380.71,0
W009561,34.8,1,15.0,2,2672.18,0
W009562,24.99,0,104.6,2,11846.55,0
W009563,5.79,0,30.4,1,7225.1,0
W009564,15.17,0,16.3,1,3022.82,0
W009565,72.08,1,29.9,2,8206.88,0
W009566,20.18,0,117.8,2,2486.94,0
W009567,0.0,0,77.3,3,3539.42,0
W009568,33.42,1,48.0,5,2568.78,0
W009569,17.27,0,43.3,3,5353.25,0
W009570,25.61,0,139.8,5,15639.82,0
W009571,26.5,0,57.6,4,5563.0,0
W009572,46.34,1,26.4,1,11579.77,0
W009573,18.42,0,29.3,2,2269.82,0
W009574,39.0,1,89.5,1,8496.84,0
W009575,29.05,0,21.0,3,4223.58,0
W009576,21.33,0,12.8,2,3028.13,1
W009577,38.58,1,25.8,1,8704.08,0
W009578,18.83,0,18.1,2,1699.4,1
W009579,47.47,1,47.0,2,3349.22,0
W009580,2.7,0,16.3,1,1739.83,0
W009581,45.65,1,44.5,3,2409.34,0
W009582,10.08,0,135.9,3,7594.31,0
W009583,62.6,1,63.2,2,4835.91,0
W009584,34.52,1,41.9,1,3863.34,0
W009585,45.32,1,51.1,3,21853.66,0
W009586,41.07,1,20.6,2,37232.44,0
W009587,32.31,1,42.2,6,1563.1,0
W009588,35.9,1,26.4,3,23757.03,0
W009589,46.44,1,53.8,6,6836.4,0
W009590,48.41,1,35.3,4,5337.4,1
W009591,31.6,1,125.5,4,4885.96,0
W009592,12.92,0,41.4,4,3893.73,0
W009593,55.97,1,21.7,5,636.35,0
W009594,21.54,0,8.5,2,2026.55,1
W009595,43.28,1,78.2,2,2541.25,0
W009596,0.0,0,33.0,5,7109.39,0
W009597,32.56,1,13.1,1,4417.94,0
W009598,42.26,1,49.1,1,19016.18,0
W009599,20.81,0,60.2,1,2404.71,0
W009600,34.3,1,64.2,1,2496.83,0
W009601,3.79,0,13.0,2,1764.88,1
W009602,23.04,0,10.2,2,12638.4,0
W009603,19.06,0,51.2,3,1788.9,0
W009604,47.01,1,147.7,4,14220.85,0
W009605,3.57,0,36.0,3,3660.94,0
W009606,20.2,0,49.8,3,17354.74,0
W009607,59.71,1,54.6,1,2151.4,0
W009608,38.09,1,19.2,6,1673.97,0
W009609,33.45,1,65.5,2,1802.38,0
W009610,28.39,0,15.4,3,1945.47,0
W009611,43.3,1,35.4,2,5468.03,0
W009612,50.21,1,168.9,5,667.46,0
W009613,18.01,0,27.0,2,3735.79,1
W009614,14.32,0,17.0,2,3031.08,1
W009615,24.88,0,43.1,5,7590.14,0
W009616,21.78,0,19.0,2,914.12,0
W009617,15.5,0,40.7,3,1152.72,0
W009618,28.9,0,15.9,1,12777.73,1
W009619,37.61,1,52.8,1,5489.42,0
W009620,29.34,0,65.4,4,67557.58,0
W009621,33.85,1,52.3,4,671.98,0
W009622,46.86,1,42.0,1,4521.24,0
W009623,47.98,1,144.0,2,5688.8,0
W009624,56.15,1,9.4,6,7295.79,0
W009625,29.16,0,48.0,2,1476.44,0
W009626,24.33,0,10.7,1,2144.64,0
W009627,45.35,1,130.3,2,4016.61,1
W009628,40.78,1,235.8,1,763.99,0
W009629,21.77,0,94.4,4,10345.15,0
W009630,36.35,1,60.6,4,3235.17,0
W009631,1.14,0,58.2,3,2065.13,0
W009632,49.64,1,135.9,3,10726.52,0
W009633,29.3,0,67.9,1,19204.46,0
W009634,14.9,0,74.3,3,2364.55,0
W009635,40.76,1,58.0,2,3969.37,0
W009636,41.77,1,100.6,2,686.87,0
W009637,22.41,0,60.8,4,957.78,0
W009638,5.11,0,39.3,1,9617.42,0
W009639,1.7,0,96.4,3,4673.19,0
W009640,26.79,0,32.1,1,392.66,0
W009641,51.05,1,31.3,5,2526.14,0
W009642,66.26,1,7.3,3,3803.79,0
W009643,26.87,0,101.4,4,4565.89,0
W009644,17.12,0,64.3,4,13113.3,0
W009645,52.14,1,88.0,1,6913.76,0
W009646,30.3,1,43.8,3,17624.84,0
W009647,0.0,0,81.5,5,4209.44,0
W009648,48.33,1,99.1,1,1856.51,0
W009649,8.27,0,5.5,2,2676.36,0
W009650,33.45,1,10.5,4,1618.52,0
W009651,56.05,1,102.5,2,15714.01,0
W009652,36.13,1,5.2,1,4725.48,0
W009653,0.18,0,119.1,2,11350.0,0
W009654,27.7,0,101.4,6,5777.8,0
W009655,20.44,0,40.2,2,9158.49,0
W009656,4.86,0,102.7,2,1966.36,0
W009657,77.79,1,189.2,5,8763.18,0
W009658,42.45,1,27.5,4,13693.2,0
W009659,75.78,1,48.9,3,375.61,0
W009660,23.39,0,56.4,1,7340.46,0
W009661,45.8,1,76.4,6,32872.98,0
W009662,19.69,0,37.3,4,11636.34,1
W009663,20.02,0,7.7,1,3580.1,0
W009664,23.49,0,87.1,2,3951.63,0
W009665,35.52,1,30.0,2,1717.6,0
W009666,22.06,0,101.7,4,3514.86,0
W009667,39.05,1,53.9,1,10621.22,0
W009668,44.97,1,196.3,4,2332.5,0
W009669,42.55,1,151.3,5,1252.64,0
W009670,50.47,1,62.4,1,12427.57,0
W009671,71.05,1,130.7,5,1815.11,1
W009672,77.07,1,27.0,1,477.04,1
W009673,42.12,1,54.0,1,371.3,0
W009674,54.03,1,34.0,2,11458.17,0
W009675,40.35,1,17.4,2,4736.54,0
W009676,5.49,0,28.2,2,2098.61,0
W009677,34.75,1,88.5,1,3225.8,0
W009678,8.49,0,113.7,2,4707.64,0
W009679,33.69,1,39.4,5,2122.81,0
W009680,20.37,0,89.6,2,12755.92,0
W009681,29.08,0,36.4,4,9126.57,1
W009682,12.64,0,48.3,1,3792.31,0
W009683,34.48,1,34.9,1,6366.35,0
W009684,28.61,0,42.2,2,1721.44,0
W009685,46.91,1,18.0,3,9126.45,0
W009686,51.57,1,56.7,2,7591.25,0
W009687,16.32,0,40.2,2,3535.15,0
W009688,0.0,0,21.2,3,10455.62,0
W009689,8.82,0,51.8,4,3708.78,1
W009690,40.96,1,18.0,6,8188.23,0
W009691,61.3,1,71.1,3,5319.33,0
W009692,0.0,0,22.1,1,1446.77,0
W009693,17.44,0,104.9,3,1735.38,0
W009694,42.62,1,94.8,2,1340.63,0
W009695,43.61,1,58.4,5,4296.13,0
W009696,47.18,1,16.7,1,1193.54,0
W009697,26.28,0,40.4,5,12712.44,0
W009698,31.12,1,39.9,3,2854.04,1
W009699,0.0,0,55.5,2,4445.68,0
W009700,0.0,0,6.1,1,3078.12,0
W009701,28.7,0,38.4,3,638.56,0
W009702,27.41,0,33.1,2,3523.97,0
W009703,37.0,1,51.9,1,1968.07,1
W009704,22.45,0,12.5,2,12274.21,0
W009705,52.75,1,86.4,1,1129.67,0
W009706,51.65,1,60.4,3,6843.97,0
W009707,0.0,0,37.6,6,3693.67,0
W009708,25.55,0,128.4,1,5173.19,0
W009709,26.94,0,37.4,5,7131.3,0
W009710,58.72,1,41.4,1,107.88,0
W009711,19.02,0,29.1,2,11393.26,0
W009712,32.67,1,108.3,1,7835.63,0
W009713,32.9,1,17.9,3,17158.92,0
W009714,19.9,0,73.0,2,5250.44,0
W009715,10.98,0,25.5,4,2887.59,0
W009716,37.08,1,35.9,2,6026.25,0
W009717,9.9,0,66.1,3,33663.19,0
W009718,14.98,0,39.6,1,21234.21,0
W009719,42.62,1,23.6,5,3967.32,0
W009720,39.5,1,117.5,2,8363.52,0
W009721,45.43,1,57.9,1,1113.26,0
W009722,47.54,1,96.7,4,8187.22,0
W009723,16.54,0,71.1,4,2464.63,0
W009724,6.73,0,156.4,2,2517.93,0
W009725,17.64,0,131.9,5,3296.87,0
W009726,30.52,1,92.0,5,2808.5,0
W009727,0.0,0,178.7,2,1081.79,0
W009728,41.56,1,141.4,1,10520.69,0
W009729,19.55,0,37.1,2,10732.64,0
W009730,10.74,0,61.2,3,2117.4,0
W009731,60.15,1,87.4,2,8284.49,0
W009732,17.5,0,46.0,1,4159.72,0
W009733,32.73,1,49.8,4,890.66,0
W009734,8.48,0,129.5,5,7347.26,0
W009735,32.06,1,41.2,1,9600.2,0
W009736,0.0,0,40.5,5,6394.73,0
W009737,41.52,1,27.0,6,1326.1,0
W009738,25.87,0,45.9,4,4965.06,0
W009739,41.64,1,54.6,4,3271.07,0
W009740,26.75,0,37.9,4,9318.6,0
W009741,27.71,0,146.9,3,621.54,0
W009742,37.33,1,45.0,6,1378.79,0
W009743,70.74,1,53.4,4,5964.91,0
W009744,7.07,0,27.0,1,1050.49,0
W009745,44.93,1,48.9,5,1412.91,0
W009746,40.7,1,26.1,3,8820.01,1
W009747,43.97,1,131.7,3,405.05,0
W009748,52.15,1,38.8,2,1275.56,0
W009749,46.63,1,24.8,1,9927.77,1
W009750,49.36,1,112.6,2,711.25,0
W009751,15.12,0,55.2,1,4357.48,0
W009752,20.14,0,53.6,2,17664.74,0
W009753,33.57,1,53.5,1,1790.89,0
W009754,53.12,1,21.4,4,13997.89,0
W009755,23.89,0,36.6,2,6814.35,0
W009756,36.99,1,106.2,3,6523.04,0
W009757,22.97,0,24.7,2,10341.24,0
W009758,25.15,0,67.6,4,1651.12,0
W009759,35.76,1,82.2,1,15561.51,0
W009760,16.26,0,16.1,3,6916.05,0
W009761,30.0,1,176.7,3,24357.46,0
W009762,8.55,0,133.0,5,9736.21,0
W009763,46.6,1,22.2,2,14729.93,0
W009764,30.18,1,77.3,2,20073.95,0
W009765,30.32,1,30.8,3,1119.36,0
W009766,21.97,0,46.5,3,14177.29,0
W009767,33.95,1,48.4,1,653.24,0
W009768,53.38,1,97.2,2,579.67,0
W009769,55.59,1,89.4,2,4734.28,0
W009770,25.71,0,70.1,2,3913.56,0
W009771,37.59,1,56.2,3,9755.74,0
W009772,1.3,0,27.3,4,8481.43,0
W009773,42.1,1,65.8,4,12692.37,0
W009774,16.95,0,43.6,1,5865.06,1
W009775,28.64,0,54.1,4,4487.75,0
W009776,49.85,1,55.0,6,6000.13,0
W009777,25.84,0,115.1,3,3474.73,0
W009778,26.25,0,10.2,3,4541.83,0
W009779,16.28,0,37.0,3,1043.06,0
W009780,28.71,0,33.6,2,19007.36,0
W009781,42.58,1,56.1,2,1264.21,0
W009782,39.98,1,3.2,4,8357.96,0
W009783,12.79,0,9.5,3,1680.88,0
W009784,36.75,1,31.5,2,1203.92,0
W009785,44.63,1,39.9,3,1029.74,1
W009786,36.66,1,56.0,3,1655.74,0
W009787,15.42,0,80.6,2,11244.08,1
W009788,61.75,1,31.4,1,14050.9,0
W009789,34.0,1,46.2,1,3162.88,0
W009790,4.18,0,78.4,1,798.58,0
W009791,23.34,0,94.8,2,869.98,0
W009792,51.54,1,76.7,2,14303.19,0
W009793,15.55,0,111.6,2,9149.01,0
W009794,23.33,0,300.0,5,4041.45,0
W009795,22.49,0,78.8,3,6635.79,0
W009796,21.36,0,24.3,2,870.59,0
W009797,51.86,1,43.9,2,1956.35,0
W009798,40.77,1,103.7,3,479.07,0
W009799,37.21,1,41.9,3,6144.54,0
W009800,17.8,0,67.4,2,657.75,0
W009801,52.66,1,56.6,2,1674.06,0
W009802,14.16,0,114.6,4,15395.56,0
W009803,45.31,1,110.7,5,1048.78,0
W009804,45.98,1,16.4,4,10779.51,0
W009805,5.57,0,137.3,1,2378.76,0
W009806,64.2,1,45.3,3,4890.94,0
W009807,36.12,1,72.2,6,3169.41,0
W009808,30.63,1,105.6,4,13616.9,0
W009809,61.4,1,217.7,1,1786.51,0
W009810,44.98,1,63.3,1,1761.77,1
W009811,57.28,1,32.4,2,2292.65,0
W009812,75.29,1,38.3,3,9829.97,0
W009813,0.0,0,7.9,3,10022.71,0
W009814,0.0,0,30.2,4,12195.24,0
W009815,51.76,1,140.9,2,124893.28,0
W009816,27.86,0,20.9,3,462.66,1
W009817,16.07,0,134.4,3,3410.53,0
W009818,12.42,0,11.3,1,4399.02,1
W009819,2.68,0,44.2,2,1460.6,0
W009820,24.14,0,39.9,1,280.32,0
W009821,17.58,0,126.7,1,3300.78,0
W009822,1.07,0,49.6,4,23267.79,0
W009823,55.63,1,40.8,1,4407.84,0
W009824,46.66,1,47.8,2,6517.01,0
W009825,56.31,1,76.3,4,6891.39,0
W009826,15.73,0,25.2,3,3128.84,0
W009827,26.17,0,130.7,2,4242.32,0
W009828,22.36,0,57.8,3,13155.05,0
W009829,41.98,1,86.3,3,9251.61,0
W009830,19.26,0,103.1,2,2068.79,0
W009831,28.44,0,46.7,3,1177.01,0
W009832,40.29,1,42.6,3,2012.71,0
W009833,8.25,0,29.8,1,2476.16,0
W009834,0.52,0,22.6,2,2125.69,0
W009835,0.0,0,12.2,1,10169.26,0
W009836,39.5,1,69.5,6,6000.14,0
W009837,20.56,0,42.2,4,11602.21,0
W009838,57.98,1,68.1,5,7898.29,0
W009839,70.4,1,20.4,1,8299.7,0
W009840,0.99,0,30.2,3,2012.13,0
W009841,66.01,1,82.5,3,1620.63,0
W009842,29.72,0,95.2,5,11751.53,0
W009843,48.61,1,83.3,3,6224.88,1
W009844,25.2,0,16.3,2,8103.8,0
W009845,32.54,1,54.9,4,3312.29,0
W009846,66.59,1,17.6,3,11316.31,0
W009847,38.05,1,50.4,1,4253.86,0
W009848,10.64,0,27.2,5,19080.57,0
W009849,37.06,1,82.7,1,750.42,0
W009850,2.0,0,30.9,2,3030.57,0
W009851,57.77,1,53.8,1,3712.44,1
W009852,42.6,1,19.9,4,1226.15,1
W009853,79.75,1,33.8,2,677.13,1
W009854,20.28,0,97.0,3,6399.66,0
W009855,6.54,0,54.6,4,34634.58,0
W009856,47.08,1,21.2,2,6985.51,0
W009857,10.23,0,43.6,3,9668.76,0
W009858,19.92,0,97.3,3,16531.65,1
W009859,0.0,0,74.9,2,6994.36,0
W009860,23.24,0,115.2,3,5740.62,0
W009861,28.33,0,60.8,2,1038.61,1
W009862,36.61,1,121.8,5,739.28,0
W009863,61.38,1,12.4,4,5915.58,0
W009864,0.0,0,28.7,1,2113.64,0
W009865,15.41,0,39.5,1,4394.33,0
W009866,33.4,1,28.3,5,4425.24,0
W009867,48.49,1,20.0,5,2440.92,0
W009868,24.21,0,12.8,4,6811.82,1
W009869,0.0,0,30.0,5,12707.64,0
W009870,33.72,1,30.5,4,4063.03,0
W009871,27.08,0,23.3,2,4636.36,0
W009872,31.6,1,66.8,3,13953.12,0
W009873,32.09,1,31.2,2,1056.36,0
W009874,54.62,1,64.9,2,1400.63,0
W009875,6.95,0,38.2,4,562.38,0
W009876,0.0,0,24.3,3,1294.7,0
W009877,16.25,0,57.3,1,3732.53,0
W009878,52.1,1,61.0,1,14501.84,0
W009879,64.13,1,46.2,2,9312.71,0
W009880,40.4,1,30.9,2,4493.0,0
W009881,32.13,1,19.8,2,2327.83,0
W009882,55.41,1,7.4,1,8582.72,0
W009883,17.56,0,48.5,1,16632.29,0
W009884,40.19,1,13.1,4,3811.41,0
W009885,35.31,1,56.3,2,1578.14,0
W009886,41.89,1,190.0,1,32728.15,0
W009887,16.84,0,75.2,5,4398.41,0
W009888,58.06,1,39.4,1,4168.18,1
W009889,32.83,1,103.4,3,6435.91,0
W009890,2.19,0,33.5,1,3586.2,0
W009891,35.53,1,23.6,4,7133.16,0
W009892,29.1,0,62.9,5,488.47,0
W009893,33.29,1,94.6,1,19316.02,0
W009894,12.7,0,21.4,1,1718.04,0
W009895,15.19,0,42.6,2,2061.09,1
W009896,18.61,0,11.3,4,2644.83,0
W009897,26.98,0,36.0,1,6806.1,0
W009898,55.27,1,56.9,5,3444.47,0
W009899,26.39,0,29.4,2,4218.72,1
W009900,47.89,1,13.8,2,8691.2,0
W009901,37.46,1,8.3,1,304.15,1
W009902,1.63,0,53.4,3,1655.58,0
W009903,7.98,0,185.2,6,10233.02,0
W009904,43.75,1,86.5,2,3055.51,0
W009905,43.95,1,40.1,2,1485.12,0
W009906,51.01,1,124.0,2,13149.56,0
W009907,23.65,0,113.4,2,7889.04,0
W009908,57.89,1,66.2,2,2686.52,0
W009909,6.03,0,39.5,2,3080.97,0
W009910,32.94,1,21.3,4,326.18,0
W009911,3.06,0,71.7,5,6153.52,0
W009912,19.67,0,73.2,3,7668.12,0
W009913,12.49,0,55.8,3,4594.35,0
W009914,24.07,0,85.1,3,2253.01,1
W009915,13.26,0,92.9,1,1231.11,0
W009916,33.65,1,55.0,4,5458.33,0
W009917,26.33,0,115.2,6,4567.82,0
W009918,8.11,0,46.7,5,2078.95,0
W009919,38.44,1,42.2,2,2280.6,0
W009920,14.96,0,95.1,3,4429.57,0
W009921,19.36,0,99.1,1,13275.4,0
W009922,18.73,0,103.5,2,18096.04,0
W009923,38.95,1,39.0,6,2390.67,0
W009924,58.08,1,150.7,3,205.37,0
W009925,43.5,1,53.2,2,2096.32,0
W009926,14.54,0,151.5,5,5731.94,0
W009927,15.21,0,74.7,4,5752.82,0
W009928,48.19,1,111.9,2,580.75,0
W009929,22.32,0,25.5,5,10741.05,0
W009930,67.78,1,67.0,5,6046.08,0
W009931,18.43,0,79.2,4,6505.16,0
W009932,34.63,1,33.7,2,2222.57,0
W009933,2.83,0,28.0,6,478.88,0
W009934,52.11,1,140.4,1,3134.6,0
W009935,15.63,0,92.0,1,2247.07,0
W009936,42.53,1,38.3,1,5113.64,0
W009937,0.0,0,24.2,3,5410.26,0
W009938,22.43,0,57.4,3,1834.92,0
W009939,55.3,1,60.6,4,11989.49,0
W009940,56.06,1,14.4,1,5363.01,0
W009941,26.98,0,48.0,3,1206.64,1
W009942,8.67,0,87.4,3,4005.71,0
W009943,69.73,1,16.8,2,4057.41,0
W009944,53.85,1,41.9,2,3472.56,0
W009945,38.63,1,144.7,4,53575.95,0
W009946,55.02,1,175.2,5,4524.64,0
W009947,20.78,0,70.6,4,1675.32,0
W009948,17.77,0,83.9,3,5300.19,0
W009949,43.12,1,36.4,1,12862.66,0
W009950,32.54,1,28.4,6,4809.07,0
W009951,60.13,1,32.8,1,2285.14,0
W009952,42.4,1,13.0,2,5712.19,0
W009953,41.62,1,36.5,1,3499.72,0
W009954,5.88,0,32.0,2,3685.77,0
W009955,34.69,1,30.4,1,12811.4,0
W009956,47.17,1,111.5,2,12204.86,0
W009957,25.02,0,49.8,1,3372.02,0
W009958,31.54,1,121.7,3,3486.9,0
W009959,32.77,1,95.7,3,16842.31,0
W009960,3.48,0,48.3,3,1910.93,0
W009961,32.46,1,42.2,2,1656.16,0
W009962,25.02,0,106.8,2,3412.46,0
W009963,0.0,0,28.3,4,1128.55,1
W009964,47.59,1,132.3,2,3422.61,0
W009965,26.66,0,49.1,4,1310.98,1
W009966,4.85,0,28.1,2,4241.24,0
W009967,33.7,1,75.9,3,3233.96,0
W009968,29.43,0,29.5,6,6442.81,0
W009969,34.98,1,45.3,6,1277.04,0
W009970,27.26,0,75.5,2,11163.95,0
W009971,38.89,1,37.4,3,4652.69,0
W009972,29.82,0,185.6,1,4000.03,0
W009973,23.93,0,39.8,1,3035.32,0
W009974,50.61,1,57.2,2,71421.15,1
W009975,42.11,1,77.6,4,3601.44,0
W009976,12.61,0,42.5,2,5950.29,0
W009977,30.59,1,10.1,3,13311.44,0
W009978,18.87,0,70.4,2,5043.14,1
W009979,42.07,1,16.5,2,2914.3,0
W009980,22.93,0,57.0,3,491.53,0
W009981,60.54,1,30.4,3,3126.34,0
W009982,0.0,0,70.6,3,6427.96,0
W009983,60.98,1,67.7,2,10690.49,0
W009984,23.84,0,22.1,3,2838.72,0
W009985,30.74,1,45.1,3,11844.73,0
W009986,0.0,0,14.8,6,2847.92,0
W009987,4.45,0,12.5,4,94200.77,0
W009988,21.65,0,222.9,4,450.68,0
W009989,30.58,1,129.8,1,9965.96,0
W009990,26.56,0,55.8,2,4771.74,0
W009991,26.07,0,27.0,4,4429.06,0
W009992,15.48,0,31.3,6,12946.3,0
W009993,6.97,0,15.2,2,2979.75,1
W009994,29.98,0,105.9,2,6895.51,0
W009995,58.07,1,18.1,1,1134.83,0
W009996,15.33,0,56.6,1,2954.72,0
W009997,15.31,0,61.5,1,2330.18,0
W009998,30.89,1,79.6,5,14457.54,0
W009999,21.07,0,50.1,5,11316.01,0
W010000,17.11,0,22.2,4,7354.44,0
W010001,12.99,0,77.6,1,2618.5,0
W010002,20.34,0,41.4,4,2194.46,0
W010003,17.01,0,131.5,3,1310.41,0
W010004,19.09,0,56.4,3,2158.12,0
W010005,30.59,1,20.8,4,6468.88,1
W010006,6.49,0,102.6,3,23535.28,1
W010007,12.95,0,14.1,1,8151.44,1
W010008,4.19,0,83.6,1,5089.82,1
W010009,46.5,1,51.1,5,273.02,0
W010010,26.72,0,33.7,4,9450.07,0
W010011,43.39,1,53.5,3,6007.4,0
W010012,42.99,1,73.5,3,6861.03,0
W010013,23.61,0,76.0,3,3517.91,0
W010014,23.04,0,5.1,2,2625.42,0
W010015,23.96,0,23.9,1,1050.61,0
W010016,0.0,0,112.0,4,1232.27,0
W010017,37.58,1,17.6,2,2177.19,0
W010018,28.93,0,90.1,2,4992.42,0
W010019,49.79,1,155.4,3,1739.51,0
W010020,42.42,1,63.0,5,1020.62,0
W010021,35.77,1,18.5,1,3254.79,0
W010022,45.49,1,29.9,2,5487.6,0
W010023,31.77,1,47.4,5,9295.65,0
W010024,44.6,1,115.7,4,3555.99,0
W010025,42.63,1,74.3,6,4053.37,0
W010026,32.26,1,66.7,1,652.42,0
W010027,40.1,1,76.8,3,4239.71,1
W010028,21.73,0,81.5,2,4750.58,0
W010029,18.69,0,93.5,1,3553.78,0
W010030,63.06,1,10.9,3,1074.8,0
W010031,35.23,1,100.9,3,1594.72,0
W010032,41.71,1,116.6,2,2539.75,0
W010033,0.0,0,69.1,3,2982.05,0
W010034,57.32,1,24.9,4,9156.61,0
W010035,22.66,0,7.9,4,724.63,1
W010036,15.08,0,72.0,3,31157.42,0
W010037,20.44,0,13.4,4,924.55,0
W010038,33.4,1,25.8,2,5773.02,0
W010039,40.97,1,34.3,4,7838.71,0
W010040,25.1,0,36.9,3,5440.92,0
W010041,8.62,0,91.2,1,1763.46,0
W010042,45.63,1,76.6,1,20812.15,0
W010043,38.19,1,173.0,4,3869.53,0
W010044,53.73,1,109.5,3,464.84,0
W010045,55.85,1,24.0,2,1368.44,0
W010046,50.46,1,20.5,2,2195.35,0
W010047,64.99,1,37.1,3,50438.86,0
W010048,0.24,0,145.2,1,4235.14,0
W010049,11.19,0,117.4,1,20623.62,0
W010050,32.53,1,42.4,2,936.57,0
W010051,20.81,0,9.0,4,4747.94,0
W010052,21.06,0,49.0,4,10554.52,1
W010053,8.98,0,68.1,3,1216.41,0
W010054,40.62,1,72.8,1,15350.04,0
W010055,1.02,0,51.3,5,593.77,0
W010056,30.27,1,68.3,2,2866.7,0
W010057,6.5,0,94.9,1,17460.71,0
W010058,43.5,1,10.4,4,8141.36,0
W010059,23.37,0,29.5,5,298.93,0
W010060,25.72,0,125.6,4,1737.36,0
W010061,0.16,0,107.7,2,5670.37,0
W010062,10.54,0,27.8,1,1566.01,0
W010063,33.23,1,47.8,3,1129.67,0
W010064,41.48,1,48.7,2,2969.19,0
W010065,33.87,1,57.8,1,5601.75,0
W010066,29.54,0,50.9,2,580.39,0
W010067,42.67,1,94.7,1,927.5,0
W010068,48.11,1,34.8,2,2111.48,0
W010069,34.88,1,33.9,5,1306.59,0
W010070,35.98,1,53.7,2,10557.23,0
W010071,25.49,0,102.3,2,1797.35,1
W010072,32.41,1,56.7,5,7956.32,0
W010073,19.98,0,102.0,1,1129.36,0
W010074,17.25,0,59.0,4,14111.39,0
W010075,40.72,1,17.5,6,2353.19,0
W010076,31.42,1,38.7,3,5261.0,0
W010077,52.51,1,44.8,1,1718.41,0
W010078,54.3,1,63.4,2,3994.86,0
W010079,42.36,1,42.8,4,3810.89,0
W010080,58.06,1,30.7,1,4726.38,1
W010081,44.92,1,31.7,2,2249.6,0
W010082,5.86,0,21.3,5,473.22,0
W010083,40.78,1,20.6,1,2626.99,1
W010084,0.95,0,38.9,4,5147.0,0
W010085,41.45,1,19.6,1,18634.35,0
W010086,36.69,1,65.6,1,13024.49,0
W010087,44.38,1,103.7,3,318.25,0
W010088,53.07,1,64.3,3,3054.02,0
W010089,49.5,1,35.5,3,2176.67,0
W010090,11.72,0,38.8,2,778.16,0
W010091,14.7,0,127.4,3,3515.06,0
W010092,16.33,0,54.6,3,1527.82,0
W010093,25.97,0,41.0,2,7785.52,0
W010094,8.95,0,65.7,3,1895.09,0
W010095,12.66,0,16.2,5,825.49,0
W010096,44.86,1,101.4,1,3168.71,0
W010097,16.92,0,171.9,2,2257.28,0
W010098,0.0,0,20.8,3,1254.92,0
W010099,42.34,1,172.8,4,1466.04,0
W010100,39.38,1,47.3,5,73.22,0
W010101,18.94,0,46.4,2,4179.91,0
W010102,30.28,1,72.6,3,3091.74,0
W010103,26.66,0,123.5,4,6298.01,0
W010104,41.44,1,93.9,5,2336.43,0
W010105,42.27,1,26.8,3,2619.0,0
W010106,12.87,0,165.0,2,16449.55,0
W010107,6.44,0,13.3,2,10742.32,0
W010108,44.63,1,81.4,1,3444.45,0
W010109,3.29,0,66.0,1,2117.05,0
W010110,44.06,1,158.7,4,1187.43,0
W010111,35.94,1,34.2,2,5100.91,0
W010112,50.22,1,143.6,5,1765.74,0
W010113,61.43,1,113.2,2,3815.78,0
W010114,56.29,1,15.7,5,11714.12,0
W010115,37.7,1,19.4,2,8348.72,0
W010116,61.52,1,55.5,2,3001.63,0
W010117,23.44,0,15.5,3,1738.28,0
W010118,37.65,1,37.3,3,15261.76,0
W010119,19.19,0,133.1,2,765.05,0
W010120,30.44,1,58.1,4,3676.05,0
W010121,17.77,0,77.2,3,12346.02,0
W010122,40.65,1,39.7,3,1405.65,0
W010123,10.05,0,31.1,3,24147.88,1
W010124,24.87,0,113.0,6,5587.46,0
W010125,63.58,1,26.0,1,7825.06,0
W010126,17.55,0,123.1,1,6481.38,1
W010127,74.13,1,177.7,3,6504.34,0
W010128,30.01,1,65.8,2,580.92,0
W010129,18.08,0,23.5,1,9687.62,0
W010130,26.07,0,63.7,3,13091.92,1
W010131,49.34,1,26.4,1,1821.89,0
W010132,32.6,1,51.1,1,4075.33,0
W010133,31.98,1,11.8,3,10075.37,0
W010134,24.42,0,94.6,1,720.59,0
W010135,53.23,1,32.2,1,5947.13,0
W010136,32.56,1,166.1,3,5455.79,0
W010137,11.87,0,30.0,2,15760.95,0
W010138,13.07,0,53.4,1,2862.45,0
W010139,5.65,0,105.5,2,4276.12,0
W010140,22.08,0,88.9,2,14354.23,0
W010141,36.52,1,13.4,3,376.6,0
W010142,52.82,1,90.2,5,2895.8,0
W010143,45.87,1,59.2,1,5836.85,0
W010144,34.17,1,85.4,3,674.13,1
W010145,50.36,1,74.1,3,8472.16,0
W010146,28.22,0,19.7,2,434711.03,1
W010147,33.39,1,55.0,4,1162.17,0
W010148,34.03,1,28.3,3,2107.24,0
W010149,40.73,1,39.0,1,1408.33,0
W010150,52.93,1,27.2,2,3926.51,0
W010151,19.54,0,41.6,2,1448.34,0
W010152,17.18,0,27.8,2,2023.6,0
W010153,40.24,1,171.0,1,8768.11,0
W010154,42.21,1,42.6,1,475.65,0
W010155,0.0,0,50.6,1,9527.08,0
W010156,49.64,1,35.0,2,2195.55,0
W010157,0.0,0,16.2,1,3932.86,0
W010158,20.88,0,84.1,6,4800.58,0
W010159,19.19,0,73.7,3,6218.63,0
W010160,17.12,0,109.0,3,5553.42,0
W010161,13.23,0,30.5,2,27910.08,0
W010162,31.73,1,31.6,2,2235.73,0
W010163,11.98,0,99.6,2,8742.7,0
W010164,36.74,1,50.9,2,8366.55,0
W010165,37.76,1,64.6,1,4345.38,0
W010166,61.43,1,30.5,4,1208.31,1
W010167,37.48,1,76.6,1,1344.35,0
W010168,77.76,1,53.9,3,809.16,1
W010169,34.56,1,40.1,3,6554.56,0
W010170,23.94,0,47.4,2,5826.64,0
W010171,29.54,0,63.1,4,2472.99,0
W010172,24.86,0,35.0,1,3525.85,0
W010173,0.0,0,93.3,3,304.67,0
W010174,0.0,0,6.8,4,610.5,0
W010175,35.16,1,70.7,2,744.99,0
W010176,29.52,0,57.4,3,9794.92,1
W010177,46.33,1,39.3,5,3056.74,0
W010178,36.42,1,82.6,2,2309.04,1
W010179,30.22,1,33.3,1,1750.52,0
W010180,28.1,0,34.6,1,4631.81,0
W010181,25.8,0,82.7,3,2711.07,0
W010182,48.03,1,121.3,3,6571.79,0
W010183,21.71,0,177.6,4,4720.46,0
W010184,47.6,1,90.7,1,2065.68,1
W010185,3.63,0,136.8,3,1936.21,0
W010186,55.39,1,7.7,3,3184.41,0
W010187,27.79,0,35.3,2,22570.62,0
W010188,36.45,1,16.2,2,673.4,0
W010189,34.18,1,31.5,1,7050.78,0
W010190,45.03,1,29.6,3,5903.05,0
W010191,81.71,1,115.0,3,6160.74,0
W010192,52.47,1,49.1,3,6423.31,0
W010193,56.07,1,64.0,2,489.55,0
W010194,45.46,1,49.9,1,4317.16,0
W010195,0.0,0,99.9,2,2120.02,0
W010196,26.09,0,29.1,4,4320.54,0
W010197,52.3,1,31.8,5,6425.92,0
W010198,0.0,0,20.8,2,45221.17,0
W010199,13.52,0,91.1,1,4096.04,0
W010200,35.86,1,98.7,3,15630.06,0
W010201,8.54,0,15.0,2,980.91,1
W010202,26.99,0,20.3,6,17004.93,0
W010203,20.19,0,88.7,1,6886.14,0
W010204,66.27,1,73.3,4,15561.54,0
W010205,6.94,0,73.0,6,1102.37,0
W010206,31.32,1,300.0,3,9922.11,0
W010207,23.48,0,57.8,1,957.67,0
W010208,39.35,1,105.4,1,2740.04,0
W010209,15.38,0,10.0,4,10873.08,0
W010210,0.0,0,42.1,1,1606.15,0
W010211,27.06,0,40.5,4,1195.42,0
W010212,23.36,0,40.6,4,406.96,0
W010213,34.97,1,41.8,3,3323.16,0
W010214,36.06,1,39.7,3,4306.49,0
W010215,32.44,1,146.5,3,2716.52,0
W010216,26.67,0,20.5,3,3168.79,1
W010217,0.0,0,68.7,1,5657.78,0
W010218,48.32,1,62.8,1,1476.3,0
W010219,18.87,0,22.3,3,6411.02,0
W010220,3.62,0,10.1,1,5486.45,0
W010221,8.17,0,40.2,2,2280.0,0
W010222,27.9,0,102.1,3,1470.29,1
W010223,45.22,1,68.3,1,11279.63,0
W010224,19.78,0,46.2,2,3927.43,0
W010225,22.53,0,36.2,2,4197.9,0
W010226,33.92,1,26.5,4,4145.3,0
W010227,0.0,0,100.2,4,5198.15,0
W010228,0.0,0,87.9,4,2451.35,0
W010229,20.53,0,58.1,5,13366.78,0
W010230,19.86,0,10.2,3,7219.26,1
W010231,11.24,0,54.3,4,4431.85,0
W010232,59.36,1,56.0,5,513.04,1
W010233,43.18,1,43.0,1,1772.36,0
W010234,64.2,1,69.7,4,2367.77,0
W010235,31.84,1,54.8,5,5169.2,0
W010236,37.33,1,28.0,3,2299.83,0
W010237,33.5,1,42.0,1,4031.47,0
W010238,59.86,1,42.2,6,2319.85,0
W010239,33.64,1,22.4,1,5061.11,0
W010240,3.88,0,166.4,3,9543.14,0
W010241,33.96,1,50.9,1,699.07,0
W010242,35.39,1,29.8,2,1121.89,0
W010243,40.18,1,119.9,2,1321.72,0
W010244,11.13,0,52.4,5,1079.81,0
W010245,16.97,0,83.0,2,3919.86,0
W010246,9.34,0,41.5,2,18885.41,0
W010247,29.37,0,50.8,2,14651.43,0
W010248,39.45,1,51.4,1,1103.46,0
W010249,16.84,0,60.4,4,2298.67,0
W010250,44.84,1,72.8,3,813.93,0
W010251,24.87,0,83.3,2,9240.71,0
W010252,35.78,1,32.7,2,3658.4,0
W010253,49.27,1,44.3,1,4211.84,0
W010254,66.56,1,71.1,2,11954.97,0
W010255,69.23,1,101.3,6,20202.8,0
W010256,32.13,1,40.4,4,2160.61,0
W010257,34.79,1,17.5,2,652.08,0
W010258,43.44,1,103.9,3,2609.54,0
W010259,78.66,1,64.4,1,2414.66,0
W010260,0.56,0,11.9,2,6975.88,0
W010261,29.92,0,40.1,4,9128.08,0
W010262,53.69,1,48.5,6,3328.17,0
W010263,59.65,1,168.6,2,7242.93,0
W010264,25.2,0,65.3,1,6565.15,0
W010265,45.87,1,13.8,1,2772.31,0
W010266,28.92,0,72.7,3,2181.37,1
W010267,3.07,0,20.9,6,10106.5,0
W010268,42.46,1,51.5,6,1952.17,0
W010269,33.42,1,7.3,2,23735.58,0
W010270,15.26,0,173.9,1,5625.74,0
W010271,37.22,1,79.7,1,2463.01,0
W010272,28.51,0,30.7,3,21284.82,0
W010273,41.49,1,117.7,1,360.2,0
W010274,31.43,1,69.7,1,1357.73,0
W010275,44.86,1,19.3,1,20038.32,0
W010276,52.97,1,38.2,1,13130.52,0
W010277,34.14,1,21.9,4,6469.27,0
W010278,0.0,0,34.1,3,672.59,0
W010279,14.26,0,93.6,1,3045.85,0
W010280,55.65,1,13.5,3,15662.94,1
W010281,25.41,0,12.9,2,2802.34,1
W010282,16.59,0,37.6,1,4418.18,0
W010283,46.5,1,20.8,4,5094.2,1
W010284,0.0,0,141.2,2,1259.45,0
W010285,27.62,0,52.7,5,2542.8,0
W010286,11.79,0,29.6,3,16124.86,0
W010287,35.51,1,66.5,6,709.63,0
W010288,29.84,0,62.1,3,1999.24,0
W010289,42.15,1,134.0,5,3812.35,0
W010290,61.15,1,94.0,4,1681.11,0
W010291,5.8,0,107.7,2,1711.81,0
W010292,62.66,1,6.1,4,12084.74,1
W010293,0.0,0,123.7,2,4899.64,0
W010294,2.9,0,152.8,4,24832.64,0
W010295,0.0,0,55.3,3,34822.01,0
W010296,16.77,0,13.5,2,1586.97,0
W010297,33.79,1,43.2,4,5754.94,0
W010298,50.89,1,176.5,2,4748.34,0
W010299,2.8,0,41.5,2,2081.03,0
W010300,40.14,1,82.2,1,2275.51,0
W010301,47.67,1,43.4,3,1054.47,0
W010302,9.95,0,85.4,1,8221.07,0
W010303,41.3,1,104.0,1,651.07,0
W010304,44.83,1,45.0,1,2065.61,0
W010305,22.86,0,15.9,2,1246.41,0
W010306,70.44,1,108.8,1,11582.38,0
W010307,25.56,0,99.9,2,1862.54,0
W010308,20.02,0,125.0,1,4393.13,0
W010309,48.34,1,84.6,3,1145.71,0
W010310,63.91,1,54.9,2,3909.05,0
W010311,22.79,0,89.9,3,24822.88,0
W010312,22.46,0,50.3,2,87999.34,0
W010313,30.94,1,116.5,3,1410.2,0
W010314,21.71,0,15.7,3,1526.44,1
W010315,24.73,0,49.9,1,1218.03,0
W010316,52.69,1,96.1,3,61360.22,0
W010317,5.57,0,19.9,1,1492.86,0
W010318,29.52,0,36.7,2,700.96,0
W010319,68.88,1,48.0,2,773.74,0
W010320,20.54,0,79.0,2,15658.4,0
W010321,51.2,1,112.3,4,40059.17,0
W010322,28.07,0,42.3,4,4394.61,1
W010323,18.45,0,68.0,1,790.4,0
W010324,50.62,1,27.8,3,4001.76,0
W010325,35.49,1,61.9,2,1642.58,0
W010326,48.23,1,21.1,1,3011.54,1
W010327,27.8,0,78.7,1,671.53,0
W010328,15.54,0,17.3,3,5803.46,0
W010329,25.82,0,55.4,1,3348.39,0
W010330,15.71,0,24.8,3,2901.46,0
W010331,44.69,1,85.6,4,7069.59,0
W010332,60.38,1,54.9,4,1716.78,0
W010333,30.12,1,124.9,1,31472.68,0
W010334,49.22,1,68.6,3,18493.15,0
W010335,25.15,0,56.2,2,8980.82,0
W010336,73.42,1,35.3,2,1320.14,0
W010337,9.82,0,19.5,3,4123.87,0
W010338,42.24,1,34.4,2,3225.61,0
W010339,18.09,0,33.4,4,8215.72,0
W010340,13.17,0,74.7,2,1415.56,0
W010341,26.05,0,89.7,2,5523.68,0
W010342,56.18,1,39.3,2,7121.01,0
W010343,0.0,0,23.3,1,3070.24,0
W010344,29.38,0,40.3,4,453.27,0
W010345,24.63,0,44.5,2,792.75,0
W010346,43.59,1,66.5,2,8730.51,0
W010347,30.07,1,51.5,6,3255.22,1
W010348,63.34,1,59.7,2,145637.47,0
W010349,27.81,0,37.9,4,488.01,0
W010350,0.59,0,55.7,3,660.02,0
W010351,0.0,0,104.0,1,19706.07,0
W010352,0.0,0,130.8,4,1906.41,0
W010353,25.93,0,122.7,3,3095.55,0
W010354,37.78,1,104.3,4,21481.66,0
W010355,46.44,1,75.4,1,5216.15,0
W010356,33.82,1,18.8,2,680.3,0
W010357,40.67,1,36.3,5,5929.45,0
W010358,50.15,1,140.5,2,6722.15,0
W010359,30.55,1,51.0,1,4922.91,0
W010360,0.0,0,41.4,2,8924.15,0
W010361,26.69,0,51.5,5,7936.18,1
W010362,25.43,0,47.2,5,2042.48,0
W010363,8.61,0,44.8,4,1125.55,0
W010364,27.4,0,228.9,4,3661.39,0
W010365,15.13,0,31.6,3,2377.01,0
W010366,25.7,0,66.8,4,1414.04,0
W010367,38.73,1,63.3,3,466.56,0
W010368,75.19,1,23.1,5,26683.1,0
W010369,41.44,1,34.2,3,3470.03,1
W010370,35.01,1,58.6,2,18431.55,0
W010371,32.48,1,56.0,5,1778.8,1
W010372,39.52,1,59.6,3,1019.46,0
W010373,45.53,1,40.0,4,2838.2,0
W010374,21.54,0,60.0,3,955.03,0
W010375,0.0,0,50.1,2,7120.34,0
W010376,56.31,1,80.3,2,10472.46,0
W010377,32.83,1,104.0,4,24001.05,0
W010378,32.32,1,53.3,2,585.67,0
W010379,0.0,0,97.6,4,3789.12,0
W010380,36.24,1,63.4,3,2134.39,1
W010381,18.24,0,35.8,4,856.98,0
W010382,3.48,0,93.6,1,2442.97,0
W010383,9.14,0,51.6,2,19424.56,0
W010384,36.45,1,33.6,4,5476.74,0
W010385,28.66,0,139.8,3,3972.92,0
W010386,13.11,0,146.2,4,1554.79,0
W010387,39.9,1,199.9,3,6894.78,0
W010388,19.16,0,35.5,4,3296.27,0
W010389,0.0,0,37.5,1,3685.92,0
W010390,22.65,0,79.7,2,15443.1,0
W010391,17.27,0,88.6,1,6164.12,0
W010392,49.55,1,66.0,5,555.7,0
W010393,27.73,0,69.4,5,3964.41,0
W010394,37.29,1,112.0,5,327.17,0
W010395,17.81,0,39.3,4,23604.92,0
W010396,39.03,1,66.3,4,4769.9,0
W010397,32.45,1,42.1,4,4755.62,0
W010398,17.54,0,197.0,3,13583.25,0
W010399,24.69,0,27.0,2,4760.72,0
W010400,2.56,0,76.2,2,17211.25,0
W010401,21.04,0,72.5,4,6630.42,0
W010402,10.66,0,14.2,2,1752.8,0
W010403,42.37,1,38.5,3,4058.36,0
W010404,16.18,0,74.4,4,5600.33,0
W010405,46.02,1,82.4,4,5873.05,0
W010406,26.59,0,28.8,1,3640.61,0
W010407,41.42,1,69.0,2,1433.7,0
W010408,25.15,0,106.6,1,13994.93,0
W010409,43.94,1,34.8,4,402.1,1
W010410,7.93,0,48.8,5,3772.67,0
W010411,16.66,0,24.0,2,22157.76,0
W010412,43.36,1,46.5,1,16302.28,0
W010413,30.34,1,100.3,5,4845.91,0
W010414,10.07,0,39.9,2,6538.16,0
W010415,19.27,0,25.1,2,4334.97,1
W010416,9.69,0,66.4,3,24113.72,0
W010417,31.69,1,29.7,3,9449.45,0
W010418,8.92,0,64.1,3,1300.24,0
W010419,0.11,0,55.8,1,5589.58,1
W010420,46.9,1,4.3,1,2142.99,0
W010421,26.82,0,71.6,2,3756.94,0
W010422,28.28,0,36.8,1,7850.94,1
W010423,47.69,1,76.0,3,4020.05,0
W010424,28.46,0,16.3,2,15494.08,0
W010425,0.0,0,24.1,6,1396.94,0
W010426,54.35,1,46.8,2,1935.78,0
W010427,20.18,0,58.0,2,17618.64,0
W010428,43.07,1,44.8,3,492.0,0
W010429,67.52,1,35.3,4,6900.74,0
W010430,77.34,1,26.9,2,24211.59,1
W010431,47.92,1,50.3,4,1166.16,0
W010432,30.5,1,23.2,4,821.56,0
W010433,32.58,1,4.6,2,4257.1,0
W010434,54.64,1,28.5,3,3882.78,0
W010435,48.75,1,50.4,1,1632.67,0
W010436,54.1,1,37.7,3,2428.13,0
W010437,18.09,0,35.7,2,1373.6,0
W010438,35.13,1,57.5,1,19234.17,0
W010439,42.03,1,101.9,1,3557.98,0
W010440,0.97,0,69.8,1,28543.62,0
W010441,7.09,0,35.6,4,1534.95,0
W010442,36.18,1,6.2,3,8436.15,1
W010443,8.05,0,109.8,1,7066.48,0
W010444,0.0,0,78.8,1,4678.17,0
W010445,38.25,1,32.4,5,4138.25,0
W010446,49.91,1,20.2,5,8540.42,0
W010447,9.04,0,47.3,3,863.08,0
W010448,41.82,1,79.2,1,13714.03,0
W010449,56.92,1,62.2,1,1282.2,0
W010450,25.57,0,45.5,2,7440.4,0
W010451,13.51,0,41.7,2,11778.16,0
W010452,15.59,0,32.8,1,3163.64,0
W010453,51.26,1,55.9,5,950.27,0
W010454,35.21,1,67.4,2,1125.68,0
W010455,15.68,0,77.7,1,18115.7,0
W010456,19.01,0,10.8,6,9116.72,0
W010457,38.47,1,102.1,1,4632.51,0
W010458,43.18,1,27.5,1,2353.04,0
W010459,36.76,1,171.7,2,2843.95,0
W010460,56.69,1,197.9,2,1171.06,0
W010461,36.29,1,42.2,2,6125.51,0
W010462,16.58,0,57.3,4,1131.29,0
W010463,27.3,0,97.5,3,2658.36,0
W010464,15.33,0,60.1,1,4769.87,0
W010465,45.43,1,68.7,2,24008.81,0
W010466,41.64,1,35.2,1,726.9,0
W010467,42.63,1,54.9,4,5091.49,0
W010468,41.67,1,50.0,4,3038.9,0
W010469,14.49,0,70.9,1,9387.53,0
W010470,25.29,0,26.1,1,1430.28,1
W010471,43.23,1,53.9,4,49442.57,0
W010472,76.46,1,20.4,2,3462.33,0
W010473,33.05,1,90.5,2,11324.35,0
W010474,24.36,0,133.5,2,1074.73,0
W010475,23.52,0,29.0,2,4916.38,0
W010476,41.56,1,17.5,1,18139.17,0
W010477,42.64,1,88.5,5,1706.08,0
W010478,7.66,0,57.5,3,502.34,1
W010479,19.1,0,75.8,2,701.17,0
W010480,11.02,0,157.0,5,2151.11,0
W010481,41.33,1,12.8,3,2876.43,0
W010482,24.71,0,41.1,2,6173.85,0
W010483,37.5,1,49.2,2,3963.91,0
W010484,32.68,1,59.7,2,32156.55,0
W010485,12.66,0,92.9,1,2690.77,0
W010486,31.75,1,34.3,1,1422.67,0
W010487,47.22,1,96.2,5,5158.81,0
W010488,10.29,0,83.7,2,954.11,0
W010489,49.85,1,69.4,4,4047.0,0
W010490,21.19,0,70.7,4,817.59,0
W010491,29.65,0,81.5,3,5129.5,0
W010492,0.0,0,96.5,2,1522.73,0
W010493,38.49,1,9.7,2,3868.36,0
W010494,37.32,1,52.8,1,3196.35,0
W010495,14.38,0,32.4,2,12141.66,0
W010496,45.48,1,111.3,5,12830.85,0
W010497,44.9,1,13.9,6,1024.24,0
W010498,39.82,1,52.0,1,5957.59,0
W010499,46.27,1,58.2,1,1874.76,0
W010500,29.25,0,21.6,2,579.65,0
W010501,48.56,1,62.5,1,8614.35,0
W010502,38.87,1,41.5,1,14054.06,0
W010503,71.57,1,140.2,3,6469.07,0
W010504,18.23,0,74.2,1,12381.75,0
W010505,55.88,1,6.3,6,869.55,0
W010506,18.22,0,29.2,1,18580.44,0
W010507,50.48,1,103.0,6,988.69,1
W010508,26.07,0,76.1,1,21214.76,0
W010509,46.3,1,87.6,3,2658.85,1
W010510,14.34,0,116.7,2,941.16,0
W010511,56.57,1,100.6,1,3942.78,0
W010512,50.23,1,25.6,1,853.66,1
W010513,22.51,0,26.0,4,6048.18,0
W010514,44.95,1,145.1,1,4502.72,0
W010515,39.41,1,16.1,2,1709.63,0
W010516,44.45,1,17.8,4,1602.53,0
W010517,12.57,0,49.6,2,3255.84,0
W010518,10.53,0,96.8,3,4318.6,0
W010519,10.17,0,44.5,3,421.09,0
W010520,70.96,1,76.2,1,2385.02,0
W010521,33.61,1,26.7,1,1291.02,1
W010522,33.19,1,20.2,2,1094.85,0
W010523,47.64,1,19.5,1,797.12,0
W010524,35.95,1,222.9,3,2170.96,0
W010525,29.58,0,45.7,3,448.05,0
W010526,23.22,0,124.3,1,5028.1,1
W010527,45.17,1,30.0,1,10190.59,0
W010528,29.68,0,74.2,2,1489.73,1
W010529,28.69,0,37.9,3,4864.7,1
W010530,35.19,1,123.9,1,16911.6,0
W010531,40.0,1,50.7,4,944.23,0
W010532,25.53,0,45.6,4,1738.82,0
W010533,0.0,0,66.4,2,1743.68,0
W010534,30.29,1,10.3,5,12823.81,0
W010535,21.0,0,17.9,3,3524.06,0
W010536,13.96,0,39.1,2,10424.81,0
W010537,32.03,1,13.0,4,1809.55,0
W010538,36.39,1,59.7,2,13746.91,0
W010539,60.78,1,43.2,1,7138.38,0
W010540,46.89,1,38.3,1,4324.89,0
W010541,34.1,1,27.6,1,5344.78,0
W010542,51.39,1,49.5,3,11955.8,0
W010543,37.02,1,25.7,4,5799.44,0
W010544,24.33,0,45.2,2,11854.7,0
W010545,7.39,0,113.1,5,3084.94,0
W010546,52.98,1,85.5,1,1154.08,0
W010547,25.36,0,50.9,3,3364.43,0
W010548,17.42,0,143.3,4,6121.51,0
W010549,44.17,1,137.7,2,3306.56,0
W010550,33.48,1,15.4,2,8310.89,0
W010551,23.02,0,8.8,1,2358.05,0
W010552,0.0,0,46.8,1,6296.92,0
W010553,43.15,1,90.2,3,2185.28,0
W010554,39.04,1,62.6,3,3072.72,0
W010555,54.5,1,51.4,1,880.97,0
W010556,0.0,0,104.7,2,32944.86,0
W010557,13.1,0,61.3,1,26251.21,0
W010558,13.64,0,23.4,5,1333.01,0
W010559,33.22,1,13.8,1,882.89,1
W010560,7.61,0,72.8,3,29117.06,0
W010561,20.85,0,24.9,4,923.4,0
W010562,15.96,0,63.8,3,6833.75,0
W010563,31.7,1,83.9,2,6038.45,0
W010564,39.96,1,34.9,6,6018.19,0
W010565,56.38,1,88.2,1,3648.84,0
W010566,47.18,1,33.8,1,1197.89,0
W010567,41.79,1,65.2,2,27304.46,0
W010568,27.41,0,64.1,1,2228.86,0
W010569,37.15,1,48.9,2,817.71,0
W010570,22.44,0,117.9,5,10343.4,0
W010571,14.62,0,6.8,2,14199.6,0
W010572,0.0,0,106.3,3,1795.99,0
W010573,6.03,0,12.4,2,3736.4,1
W010574,28.98,0,15.5,1,1069.7,1
W010575,36.75,1,64.1,1,884.74,0
W010576,6.17,0,52.2,4,7614.29,0
W010577,51.06,1,18.8,1,286.57,0
W010578,3.87,0,74.0,4,618.63,0
W010579,52.81,1,34.7,2,7323.32,0
W010580,22.42,0,57.2,5,7130.59,0
W010581,22.25,0,57.5,1,3934.83,0
W010582,4.85,0,70.3,3,3054.07,0
W010583,1.11,0,27.7,2,3719.11,0
W010584,12.99,0,96.7,2,2565.2,1
W010585,35.26,1,63.2,1,5609.16,0
W010586,69.84,1,25.5,5,386.99,0
W010587,29.23,0,67.0,1,5833.9,1
W010588,18.78,0,87.0,1,4634.96,0
W010589,0.12,0,120.7,4,7121.21,0
W010590,8.56,0,17.5,4,3929.15,0
W010591,10.08,0,70.7,1,5940.84,0
W010592,18.47,0,30.4,1,1924.44,0
W010593,44.91,1,49.0,1,6586.96,0
W010594,43.53,1,62.9,4,1000.55,0
W010595,23.49,0,46.7,2,4605.64,0
W010596,25.72,0,27.9,2,899.05,0
W010597,55.06,1,58.5,5,18674.6,0
W010598,39.23,1,42.5,6,2975.98,0
W010599,15.25,0,53.4,2,5450.9,0
W010600,62.09,1,77.3,4,924.36,0
W010601,41.35,1,38.1,3,2954.19,0
W010602,40.01,1,96.0,4,3323.76,0
W010603,53.01,1,82.2,1,4421.68,0
W010604,1.04,0,11.6,2,3125.87,1
W010605,24.04,0,72.2,1,1415.4,1
W010606,0.0,0,89.9,2,469.83,0
W010607,21.08,0,116.2,1,71.06,0
W010608,54.83,1,81.4,1,10876.37,0
W010609,36.65,1,104.6,1,4234.13,1
W010610,46.98,1,33.4,5,4068.73,0
W010611,26.96,0,11.0,2,12269.72,0
W010612,27.83,0,15.4,1,5804.68,0
W010613,0.0,0,52.1,4,4053.95,0
W010614,24.38,0,45.1,4,9670.88,1
W010615,40.9,1,44.6,3,4041.55,0
W010616,16.5,0,22.2,1,2834.6,0
W010617,9.73,0,89.6,2,1167.35,1
W010618,61.79,1,11.2,3,4861.11,0
W010619,32.52,1,4.3,2,2876.67,0
W010620,15.16,0,74.4,3,6692.8,0
W010621,44.11,1,22.1,2,3233.27,0
W010622,26.82,0,82.0,3,740.78,0
W010623,51.59,1,42.8,1,4136.32,1
W010624,35.65,1,58.6,1,779.2,0
W010625,34.7,1,61.7,3,10020.43,0
W010626,38.08,1,23.9,3,2389.58,0
W010627,39.8,1,155.8,4,1748.88,0
W010628,51.17,1,103.7,1,6021.78,0
W010629,32.51,1,89.0,2,26390.27,0
W010630,11.04,0,42.4,5,1187.99,0
W010631,56.35,1,4.5,2,1436.98,1
W010632,36.91,1,45.2,2,11006.61,0
W010633,61.78,1,37.8,3,2326.88,1
W010634,28.3,0,97.2,1,4725.35,0
W010635,19.72,0,12.2,4,6035.08,0
W010636,30.02,1,81.8,2,964.9,0
W010637,57.72,1,36.6,2,3019.71,0
W010638,49.09,1,102.9,2,4091.56,0
W010639,54.51,1,76.3,1,1107.91,0
W010640,25.9,0,14.4,5,2040.48,0
W010641,23.98,0,98.6,3,874.24,0
W010642,39.15,1,92.5,2,5868.55,0
W010643,45.57,1,179.6,1,5341.63,0
W010644,0.0,0,112.8,5,28909.16,0
W010645,61.17,1,56.2,3,3682.73,0
W010646,39.78,1,19.4,2,2672.23,0
W010647,32.64,1,203.9,2,2367.06,0
W010648,3.7,0,92.0,1,1138.49,0
W010649,43.61,1,54.5,3,26551.41,0
W010650,36.38,1,36.3,2,3920.15,0
W010651,2.39,0,71.7,1,1728.66,1
W010652,17.0,0,60.6,3,21728.46,0
W010653,26.64,0,133.9,2,6156.15,0
W010654,26.3,0,80.9,2,20000.13,0
W010655,8.08,0,58.0,5,1317.17,0
W010656,46.37,1,29.4,2,3701.85,0
W010657,37.35,1,144.2,1,5242.85,0
W010658,33.12,1,25.7,1,6404.61,0
W010659,39.32,1,9.4,2,14709.9,0
W010660,33.96,1,62.6,2,38688.28,0
W010661,39.89,1,23.1,3,12468.34,0
W010662,23.22,0,92.8,5,9234.46,0
W010663,57.5,1,68.4,2,2547.48,0
W010664,13.61,0,10.5,4,16630.13,0
W010665,14.81,0,70.7,1,5090.01,0
W010666,8.31,0,116.4,2,2995.41,0
W010667,27.4,0,29.2,1,1530.52,0
W010668,27.98,0,93.6,6,10174.06,0
W010669,0.53,0,45.6,4,1339.25,0
W010670,58.74,1,48.3,5,2619.35,0
W010671,31.22,1,23.6,2,1333.34,0
W010672,0.0,0,41.7,1,51871.77,1
W010673,53.35,1,27.9,1,39460.03,0
W010674,43.96,1,74.3,4,5308.48,0
W010675,4.89,0,35.4,1,1500.28,0
W010676,32.38,1,25.6,1,2468.06,1
W010677,58.09,1,37.4,2,3043.89,0
W010678,39.37,1,235.9,2,1443.16,0
W010679,33.23,1,22.1,2,29787.9,0
W010680,13.47,0,29.4,3,11148.73,0
W010681,47.84,1,55.7,2,5612.69,0
W010682,37.97,1,38.2,2,594.52,0
W010683,27.98,0,56.4,2,15271.56,0
W010684,34.6,1,23.8,3,263.87,0
W010685,62.66,1,131.7,3,10899.54,0
W010686,37.24,1,184.2,3,831.09,1
W010687,9.77,0,73.4,1,1981.74,0
W010688,42.77,1,165.8,2,5574.76,0
W010689,51.62,1,32.2,3,2684.3,1
W010690,60.6,1,86.4,2,724.2,0
W010691,64.66,1,21.5,1,20558.89,0
W010692,17.75,0,54.4,4,16127.9,0
W010693,28.47,0,67.8,2,4420.86,1
W010694,51.96,1,40.1,3,2998.92,0
W010695,60.36,1,101.8,1,2335.31,0
W010696,3.51,0,32.6,2,2620.54,0
W010697,20.95,0,57.7,4,2066.11,0
W010698,31.22,1,6.7,3,1370.86,1
W010699,30.0,1,34.5,5,540.5,0
W010700,31.36,1,60.5,4,18077.19,0
W010701,6.13,0,116.1,3,2780.9,0
W010702,27.44,0,72.2,4,1165.4,0
W010703,8.62,0,57.8,2,7606.49,0
W010704,31.7,1,23.3,3,1232.65,0
W010705,29.13,0,86.9,4,527.18,0
W010706,19.61,0,15.0,3,1867.45,0
W010707,8.91,0,24.5,3,6759.48,0
W010708,15.68,0,45.1,1,6188.34,0
W010709,41.25,1,8.6,4,17971.03,0
W010710,35.49,1,77.3,1,1380.97,0
W010711,42.61,1,62.8,1,656.75,0
W010712,30.61,1,75.0,1,337.05,0
W010713,27.85,0,23.4,3,705.26,0
W010714,34.37,1,34.8,2,3010.03,0
W010715,23.22,0,31.4,4,10358.32,0
W010716,58.41,1,54.4,1,1431.62,0
W010717,22.83,0,37.1,1,2561.17,0
W010718,35.29,1,23.5,1,5247.6,0
W010719,49.15,1,148.3,3,529.26,0
W010720,38.46,1,72.8,2,3203.11,0
W010721,26.76,0,21.7,5,2141.45,0
W010722,28.91,0,12.1,2,1838.61,0
W010723,18.66,0,61.8,1,1032.15,0
W010724,6.21,0,20.3,4,7903.25,0
W010725,13.17,0,61.7,3,1016.51,0
W010726,36.19,1,95.7,2,718.96,0
W010727,45.27,1,23.2,3,3137.43,0
W010728,32.36,1,69.6,1,2155.26,0
W010729,44.82,1,33.5,5,29474.52,0
W010730,36.03,1,37.7,1,4644.18,0
W010731,20.79,0,38.7,1,1145.99,0
W010732,51.75,1,124.7,2,4323.08,0
W010733,23.79,0,145.6,3,23002.2,0
W010734,20.76,0,82.0,4,1763.76,0
W010735,0.0,0,10.3,4,498.44,0
W010736,33.19,1,30.1,2,6462.23,0
W010737,53.8,1,23.4,3,3049.83,0
W010738,29.87,0,50.2,3,7680.57,0
W010739,60.08,1,49.5,4,9954.68,0
W010740,4.55,0,20.5,5,771.92,1
W010741,48.47,1,59.7,2,1339.17,0
W010742,23.0,0,47.5,1,3564.11,0
W010743,0.0,0,17.3,1,2610.97,1
W010744,41.31,1,34.9,1,1078.54,0
W010745,36.75,1,104.8,2,7869.61,0
W010746,29.95,0,164.7,2,3058.12,0
W010747,16.01,0,134.2,2,3266.07,0
W010748,41.13,1,128.1,1,9006.3,0
W010749,55.75,1,38.4,1,3328.01,0
W010750,52.84,1,43.2,2,3432.83,0
W010751,44.18,1,123.8,4,345.67,0
W010752,43.47,1,29.5,3,4322.15,0
W010753,17.63,0,56.6,4,3671.17,0
W010754,38.09,1,39.1,2,2565.92,0
W010755,12.91,0,25.8,3,2633.06,0
W010756,26.65,0,71.2,3,463.17,0
W010757,26.18,0,76.4,1,1572.18,1
W010758,41.6,1,7.7,4,6107.25,1
W010759,2.34,0,58.9,2,3457.33,0
W010760,46.44,1,91.5,1,17014.54,0
W010761,26.12,0,63.5,3,1198.75,0
W010762,2.3,0,48.2,2,6306.88,0
W010763,11.91,0,14.2,4,1156.31,1
W010764,12.18,0,64.2,4,3176.26,0
W010765,35.04,1,56.8,2,4209.74,0
W010766,7.33,0,66.8,4,2960.99,0
W010767,25.88,0,64.9,4,2804.39,1
W010768,25.84,0,130.1,4,1073.92,0
W010769,26.17,0,224.1,2,4864.03,0
W010770,15.13,0,124.9,5,1321.81,0
W010771,0.0,0,91.6,2,8093.16,1
W010772,27.48,0,76.5,2,5397.36,0
W010773,24.45,0,51.9,1,1080.08,0
W010774,12.1,0,194.6,3,2217.13,0
W010775,14.72,0,65.0,2,2963.77,0
W010776,42.19,1,14.1,2,79746.88,0
W010777,8.31,0,77.1,1,1083.91,0
W010778,19.06,0,58.2,4,8412.68,0
W010779,57.64,1,10.8,1,521.43,0
W010780,27.8,0,130.6,3,1720.72,0
W010781,38.0,1,61.7,3,9318.53,0
W010782,19.6,0,131.2,4,2345.62,0
W010783,43.62,1,176.0,5,2873.57,0
W010784,52.39,1,50.0,2,2614.7,0
W010785,2.96,0,37.1,3,2066.51,0
W010786,22.17,0,68.2,4,55180.51,0
W010787,29.8,0,34.8,1,2997.23,1
W010788,27.89,0,27.2,3,16906.24,0
W010789,55.58,1,18.3,4,14526.42,0
W010790,8.84,0,129.5,3,771.97,0
W010791,23.5,0,33.6,1,1299.26,1
W010792,42.64,1,73.6,1,3234.69,0
W010793,32.07,1,84.5,2,18586.76,1
W010794,53.94,1,137.2,3,7011.37,0
W010795,11.3,0,52.8,3,12388.02,0
W010796,11.62,0,85.3,6,1038.63,0
W010797,30.25,1,67.7,3,3268.42,0
W010798,47.23,1,96.8,2,13504.25,1
W010799,34.38,1,52.1,2,2024.74,0
W010800,53.38,1,27.8,3,5397.34,0
W010801,50.8,1,111.8,2,2003.47,0
W010802,3.48,0,78.4,1,1936.93,0
W010803,20.75,0,17.4,3,964.2,0
W010804,45.66,1,65.8,2,7698.27,0
W010805,52.44,1,41.9,1,10785.21,1
W010806,32.46,1,59.0,1,3451.9,0
W010807,45.29,1,7.4,3,15173.6,0
W010808,52.42,1,142.9,3,7836.9,0
W010809,54.01,1,67.6,6,2915.28,0
W010810,35.31,1,142.1,1,3506.34,0
W010811,0.0,0,22.3,1,9690.42,0
W010812,49.3,1,19.3,1,1658.96,0
W010813,30.42,1,42.5,2,7928.55,1
W010814,40.36,1,13.3,1,656.42,0
W010815,33.47,1,110.4,1,7209.3,0
W010816,22.53,0,32.3,2,1366.2,1
W010817,39.87,1,83.5,3,7272.76,0
W010818,0.0,0,157.8,3,11965.38,0
W010819,0.0,0,22.9,2,564.19,0
W010820,16.37,0,63.0,4,1008.87,0
W010821,49.58,1,46.0,2,7732.89,0
W010822,53.96,1,37.2,4,1164.77,0
W010823,32.41,1,90.8,2,6181.62,0
W010824,53.55,1,86.0,1,1465.61,0
W010825,27.06,0,117.5,1,2126.27,0
W010826,0.0,0,12.0,1,6848.89,0
W010827,24.12,0,35.6,1,269.21,0
W010828,4.84,0,23.0,3,12001.35,0
W010829,35.27,1,30.2,2,2790.59,0
W010830,1.69,0,37.9,1,3876.81,0
W010831,40.52,1,45.6,2,4102.73,0
W010832,18.94,0,14.5,4,10426.07,0
W010833,20.78,0,91.0,1,703.76,0
W010834,37.79,1,17.4,1,10521.95,0
W010835,49.68,1,86.6,1,4550.63,0
W010836,30.4,1,39.2,1,12523.43,0
W010837,5.28,0,15.5,3,1465.7,0
W010838,7.86,0,26.5,2,534.63,0
W010839,14.12,0,28.8,1,3533.34,0
W010840,33.58,1,136.1,5,6887.97,0
W010841,28.67,0,38.2,3,2225.68,1
W010842,15.89,0,125.4,1,5529.98,0
W010843,35.25,1,146.6,4,2184.74,0
W010844,53.89,1,21.7,1,21460.71,1
W010845,54.85,1,23.9,4,2594.06,0
W010846,22.78,0,136.8,4,951.62,0
W010847,42.68,1,26.7,2,11842.3,0
W010848,12.88,0,5.2,3,601.59,0
W010849,33.29,1,79.3,3,5545.37,0
W010850,43.61,1,42.7,4,4820.05,0
W010851,27.04,0,17.9,2,1852.58,1
W010852,28.16,0,27.3,3,4469.66,1
W010853,26.4,0,84.4,1,11390.76,0
W010854,30.23,1,70.0,3,26104.14,0
W010855,42.56,1,26.2,3,4262.55,0
W010856,29.41,0,22.6,1,1706.24,0
W010857,25.31,0,37.6,2,1892.53,0
W010858,3.15,0,22.0,1,4492.14,0
W010859,18.41,0,53.4,4,8602.94,0
W010860,8.0,0,28.4,3,2680.56,0
W010861,17.75,0,18.8,1,1917.11,0
W010862,26.38,0,76.4,1,5426.03,0
W010863,4.47,0,75.7,4,465.81,1
W010864,6.6,0,36.5,2,4742.12,0
W010865,0.0,0,30.1,3,17558.46,0
W010866,35.88,1,25.0,2,1479.15,0
W010867,0.0,0,20.5,5,2592.83,0
W010868,47.37,1,25.3,1,5771.93,0
W010869,25.85,0,84.2,3,4242.32,0
W010870,45.01,1,227.7,3,3059.01,0
W010871,22.97,0,41.7,2,7505.71,0
W010872,54.19,1,82.8,1,3793.37,0
W010873,36.04,1,33.2,2,1477.97,0
W010874,48.4,1,17.1,1,1803.01,0
W010875,44.35,1,30.7,4,22638.61,0
W010876,41.14,1,18.7,1,2661.3,0
W010877,14.9,0,30.7,3,5451.01,0
W010878,4.81,0,37.3,2,1446.68,0
W010879,43.21,1,25.2,3,17075.31,0
W010880,8.64,0,43.4,3,6404.11,0
W010881,63.86,1,106.4,3,4904.69,0
W010882,39.63,1,65.8,1,13678.31,0
W010883,7.04,0,5.3,5,967.38,0
W010884,20.28,0,110.3,2,2358.24,0
W010885,0.0,0,68.7,2,1279.82,0
W010886,14.93,0,44.9,3,5242.68,0
W010887,32.18,1,51.5,3,2667.97,0
W010888,43.93,1,34.0,1,311.72,0
W010889,52.94,1,112.5,5,20267.84,0
W010890,58.16,1,59.3,3,13263.94,0
W010891,37.7,1,15.3,2,1321.74,0
W010892,29.73,0,24.6,1,427.37,0
W010893,63.1,1,28.9,2,6596.84,1
W010894,21.37,0,17.6,3,4087.56,0
W010895,4.17,0,40.5,3,9777.2,0
W010896,2.6,0,43.6,1,3522.41,0
W010897,38.71,1,75.2,1,1296.24,0
W010898,12.31,0,55.9,2,6156.17,0
W010899,28.29,0,45.6,2,1138.27,1
W010900,62.75,1,157.3,1,5438.77,0
W010901,43.11,1,42.3,2,5270.11,1
W010902,59.43,1,106.3,1,27834.86,0
W010903,32.39,1,54.9,2,5202.06,0
W010904,22.66,0,21.9,3,856.28,0
W010905,57.39,1,124.7,4,19293.28,0
W010906,0.0,0,8.0,4,3577.56,0
W010907,64.78,1,13.5,4,16564.94,0
W010908,30.3,1,74.6,2,3940.1,0
W010909,25.25,0,35.3,3,3057.12,0
W010910,24.6,0,34.3,4,834.11,0
W010911,36.94,1,26.9,2,2998.09,1
W010912,56.64,1,43.5,1,11783.16,1
W010913,12.74,0,88.8,2,4275.86,0
W010914,53.82,1,29.6,2,910.67,0
W010915,24.22,0,56.3,2,6601.33,0
W010916,26.81,0,58.3,1,5318.3,0
W010917,38.26,1,50.3,3,7161.22,0
W010918,39.73,1,102.1,1,7163.4,0
W010919,25.88,0,23.1,1,9068.18,0
W010920,40.69,1,50.2,2,1610.91,0
W010921,62.31,1,17.4,2,1046.53,0
W010922,7.87,0,42.1,1,473.64,0
W010923,33.18,1,52.9,2,1091.67,0
W010924,44.99,1,54.2,4,5744.82,0
W010925,23.77,0,84.6,1,1351.17,0
W010926,73.78,1,66.7,1,1808.18,1
W010927,31.6,1,32.7,6,20702.41,0
W010928,21.81,0,16.0,2,585.46,0
W010929,42.47,1,1.2,2,13475.26,0
W010930,57.85,1,37.0,2,13118.74,1
W010931,22.77,0,83.0,3,1592.14,0
W010932,23.48,0,79.2,3,2450.27,0
W010933,47.16,1,76.1,2,5500.64,0
W010934,27.47,0,78.7,3,2454.36,0
W010935,12.78,0,30.8,1,2814.98,1
W010936,4.93,0,39.5,3,5005.88,0
W010937,48.12,1,37.5,2,31043.03,0
W010938,6.12,0,65.9,1,1669.52,0
W010939,37.95,1,40.4,3,11214.8,0
W010940,29.07,0,93.4,2,373.31,0
W010941,0.0,0,35.5,3,13069.69,0
W010942,64.1,1,156.7,4,421.09,0
W010943,14.35,0,74.6,1,2264.93,0
W010944,45.98,1,70.0,1,3415.02,1
W010945,26.82,0,18.5,1,11410.41,1
W010946,56.0,1,76.6,2,3996.1,0
W010947,22.9,0,174.0,1,1197.8,0
W010948,14.91,0,92.2,1,1592.05,0
W010949,32.21,1,72.2,2,1028.71,0
W010950,34.95,1,41.6,1,1231.27,0
W010951,71.02,1,43.9,2,11440.34,0
W010952,33.54,1,63.2,2,3001.81,0
W010953,29.01,0,98.1,2,1805.8,1
W010954,58.55,1,30.6,1,11267.72,1
W010955,44.55,1,28.8,5,7439.09,0
W010956,66.9,1,92.7,2,9750.2,0
W010957,0.0,0,125.6,2,3134.06,0
W010958,61.78,1,77.7,1,6560.96,1
W010959,66.94,1,18.8,5,998.74,0
W010960,24.91,0,18.3,1,60644.49,0
W010961,29.78,0,16.8,3,14990.16,0
W010962,10.35,0,72.3,1,2735.43,0
W010963,0.0,0,10.7,1,6739.11,0
W010964,24.58,0,30.0,2,7558.42,0
W010965,31.06,1,57.7,5,721.81,0
W010966,19.47,0,128.4,4,464.65,0
W010967,45.79,1,167.3,3,3370.79,0
W010968,38.33,1,93.0,2,4378.39,0
W010969,11.09,0,46.8,1,2270.35,0
W010970,33.76,1,92.7,2,3622.41,0
W010971,61.81,1,64.2,1,1632.33,0
W010972,21.89,0,53.4,1,1140.95,0
W010973,50.97,1,17.9,5,1622.54,0
W010974,20.1,0,7.1,2,7327.81,0
W010975,55.41,1,29.4,1,14775.73,0
W010976,39.45,1,46.9,1,1435.43,0
W010977,37.96,1,18.8,2,9933.14,0
W010978,60.14,1,145.1,2,5212.02,1
W010979,28.16,0,90.6,1,3595.95,0
W010980,31.92,1,41.5,1,622.42,0
W010981,14.7,0,54.7,6,4519.45,0
W010982,31.83,1,25.6,3,1664.8,0
W010983,68.26,1,8.4,1,6691.71,0
W010984,35.24,1,86.9,4,19865.37,0
W010985,0.0,0,28.5,6,1221.53,0
W010986,56.27,1,25.5,4,10247.36,0
W010987,21.33,0,46.0,2,3986.77,0
W010988,30.33,1,14.4,1,3116.99,0
W010989,0.0,0,30.9,1,8955.67,0
W010990,79.62,1,69.2,1,6076.94,0
W010991,10.38,0,34.7,5,716.73,0
W010992,8.08,0,47.9,1,109249.56,0
W010993,45.54,1,21.6,3,2128.35,0
W010994,0.0,0,275.5,3,4093.53,0
W010995,32.59,1,18.4,2,2675.97,0
W010996,28.17,0,136.9,2,46325.46,0
W010997,49.17,1,156.2,1,3970.96,0
W010998,38.5,1,48.6,2,2829.01,0
W010999,35.15,1,47.6,2,1521.4,0
W011000,26.16,0,151.0,1,2668.97,0
W011001,0.0,0,56.4,2,2536.08,0
W011002,20.66,0,48.3,2,101.06,0
W011003,18.1,0,84.1,1,2100.15,0
W011004,53.34,1,42.9,2,3891.43,0
W011005,42.79,1,20.3,2,5994.35,0
W011006,42.79,1,63.3,3,4170.35,0
W011007,48.56,1,67.8,6,2534.05,0
W011008,22.76,0,26.4,3,1401.95,0
W011009,40.43,1,58.7,4,1983.83,0
W011010,6.91,0,17.0,4,11483.54,0
W011011,24.72,0,10.1,5,482.61,0
W011012,29.0,0,16.6,1,2834.32,0
W011013,12.31,0,26.5,3,566.89,0
W011014,42.52,1,48.4,2,2250.56,0
W011015,36.94,1,84.6,3,21077.39,0
W011016,50.67,1,83.9,1,10862.45,0
W011017,25.2,0,62.8,5,201.31,0
W011018,0.0,0,27.5,1,1162.22,0
W011019,43.77,1,55.7,1,2070.21,0
W011020,40.48,1,37.7,3,865.08,0
W011021,55.55,1,96.0,2,3834.71,0
W011022,23.98,0,53.7,2,5267.98,0
W011023,38.21,1,83.6,1,2462.5,0
W011024,78.07,1,31.9,2,705.25,0
W011025,35.75,1,98.2,1,566.08,0
W011026,9.07,0,37.2,3,4522.42,0
W011027,57.06,1,121.2,5,3588.88,0
W011028,22.81,0,81.0,2,7146.64,0
W011029,14.64,0,78.5,2,4236.06,0
W011030,49.32,1,17.0,2,2333.75,0
W011031,6.6,0,16.4,1,1971.43,0
W011032,36.74,1,10.8,5,1265.12,0
W011033,45.3,1,50.0,2,8401.09,0
W011034,10.77,0,16.0,5,3555.05,0
W011035,22.89,0,67.5,1,542.28,0
W011036,36.72,1,106.3,5,39305.33,0
W011037,41.93,1,126.8,3,11817.64,0
W011038,54.16,1,16.9,1,657.73,1
W011039,16.77,0,54.9,3,13593.77,0
W011040,38.69,1,56.5,1,4729.25,0
W011041,0.0,0,12.9,4,2161.56,0
W011042,7.2,0,42.1,3,2219.95,0
W011043,23.58,0,220.8,1,2799.6,0
W011044,30.71,1,59.1,2,3340.44,0
W011045,11.09,0,21.5,2,2823.67,0
W011046,37.07,1,32.8,1,12795.42,0
W011047,11.51,0,50.1,2,27195.22,0
W011048,17.42,0,21.0,4,802.71,1
W011049,6.6,0,37.3,3,6257.31,0
W011050,33.42,1,28.7,4,2766.99,0
W011051,25.09,0,13.9,4,5412.3,1
W011052,34.26,1,60.3,2,1113.61,0
W011053,46.34,1,56.9,4,1516.36,0
W011054,0.38,0,34.9,1,5796.28,0
W011055,20.45,0,70.4,2,24249.43,0
W011056,10.67,0,37.0,5,2020.67,0
W011057,19.95,0,19.1,1,4761.55,0
W011058,19.45,0,124.5,3,7454.85,0
W011059,31.35,1,110.6,1,4345.46,0
W011060,31.68,1,104.5,4,1570.84,0
W011061,25.79,0,106.1,3,1777.01,0
W011062,33.75,1,126.2,2,6752.14,0
W011063,8.09,0,77.4,2,1660.92,0
W011064,49.14,1,143.8,1,13139.86,0
W011065,59.63,1,65.9,2,4934.78,0
W011066,23.09,0,39.1,2,2667.46,0
W011067,35.67,1,70.8,2,1290.65,0
W011068,30.43,1,43.2,4,4566.33,0
W011069,60.36,1,60.8,1,7815.22,0
W011070,33.46,1,87.2,1,2090.19,0
W011071,50.28,1,15.7,2,19396.69,0
W011072,29.9,0,8.8,3,6045.31,0
W011073,37.41,1,31.7,2,6630.03,0
W011074,16.31,0,99.4,3,1399.27,0
W011075,14.99,0,86.9,3,1989.33,0
W011076,23.98,0,237.2,3,14121.07,0
W011077,13.54,0,61.3,4,12231.52,0
W011078,28.54,0,100.8,2,5143.25,0
W011079,15.5,0,22.6,1,1528.88,0
W011080,44.05,1,22.0,3,6875.16,0
W011081,70.37,1,67.6,4,4452.46,1
W011082,61.48,1,19.1,1,2051.52,0
W011083,33.96,1,64.8,3,18614.1,0
W011084,9.82,0,112.6,1,578.18,0
W011085,29.03,0,141.9,3,1085.65,0
W011086,47.18,1,30.1,4,5581.62,0
W011087,10.56,0,34.7,1,592.66,1
W011088,26.8,0,79.2,1,396.51,0
W011089,2.3,0,75.3,2,876.04,0
W011090,46.49,1,50.2,1,792.51,0
W011091,60.27,1,69.9,1,1136.93,0
W011092,15.48,0,90.6,6,1880.93,0
W011093,15.48,0,62.1,2,3101.61,1
W011094,22.28,0,126.2,3,2276.41,0
W011095,6.96,0,18.2,1,5507.12,1
W011096,40.85,1,97.2,5,6748.81,0
W011097,43.11,1,26.4,2,25534.57,0
W011098,43.55,1,160.3,3,29182.9,1
W011099,29.1,0,76.1,3,346.66,0
W011100,35.59,1,72.6,1,24645.56,0
W011101,42.85,1,47.4,6,331.8,0
W011102,23.78,0,78.7,1,7425.1,0
W011103,28.16,0,47.0,2,621.26,0
W011104,16.13,0,82.7,4,2414.34,0
W011105,18.79,0,62.3,1,836.94,0
W011106,27.1,0,66.2,1,1997.38,0
W011107,36.02,1,26.8,2,4653.01,0
W011108,36.2,1,26.6,1,303.8,0
W011109,0.0,0,60.8,1,8598.63,0
W011110,18.96,0,12.5,2,4778.57,0
W011111,40.93,1,26.6,2,10564.53,1
W011112,35.93,1,100.1,3,6010.66,0
W011113,30.83,1,25.8,1,7621.38,0
W011114,0.0,0,72.0,2,1151.85,0
W011115,30.03,1,29.1,1,18373.23,1
W011116,26.67,0,74.1,1,7156.08,0
W011117,16.07,0,39.0,3,7035.97,0
W011118,59.07,1,74.3,1,40337.53,0
W011119,50.79,1,129.4,4,7340.49,0
W011120,10.22,0,159.6,4,15443.86,0
W011121,62.98,1,63.7,3,672.82,0
W011122,36.78,1,149.9,1,66983.27,0
W011123,19.96,0,93.0,1,2548.12,0
W011124,2.68,0,33.6,6,24262.62,0
W011125,13.62,0,67.8,2,4066.92,0
W011126,26.42,0,29.7,2,8299.52,0
W011127,27.45,0,99.5,2,3786.49,0
W011128,52.62,1,20.7,1,8204.2,0
W011129,16.6,0,41.6,3,7964.88,0
W011130,9.29,0,28.9,4,2773.2,0
W011131,26.76,0,67.7,2,1276.25,0
W011132,24.62,0,37.0,1,6922.46,0
W011133,27.22,0,30.8,1,1125.81,1
W011134,18.12,0,10.5,2,7629.34,0
W011135,34.68,1,51.4,1,213.73,0
W011136,8.58,0,63.5,1,875.75,0
W011137,0.0,0,18.4,1,4330.67,0
W011138,16.81,0,48.7,1,26440.73,0
W011139,20.04,0,55.0,2,1830.69,0
W011140,67.8,1,102.7,2,4495.43,0
W011141,16.9,0,55.0,5,10999.57,0
W011142,1.04,0,72.0,3,1988.31,0
W011143,17.53,0,62.0,4,2864.08,0
W011144,0.0,0,23.6,5,9072.33,0
W011145,17.15,0,41.7,2,1190.67,0
W011146,31.76,1,20.1,1,534.24,0
W011147,21.2,0,50.3,5,10177.63,0
W011148,20.47,0,70.1,1,1562.31,0
W011149,41.41,1,57.4,1,28756.42,0
W011150,49.17,1,94.9,1,1869.73,0
W011151,0.0,0,133.0,3,11727.41,0
W011152,16.16,0,32.9,5,543.9,1
W011153,24.57,0,12.1,2,7607.31,0
W011154,20.61,0,77.7,1,5583.87,1
W011155,30.62,1,33.0,4,11349.41,0
W011156,43.73,1,29.1,1,6413.47,0
W011157,0.0,0,26.6,3,1870.11,0
W011158,0.0,0,179.2,4,2359.82,0
W011159,45.45,1,75.8,2,3820.98,1
W011160,9.44,0,95.8,5,3360.87,0
W011161,75.08,1,7.2,1,3154.5,0
W011162,24.38,0,49.6,3,4884.62,0
W011163,27.51,0,34.8,1,1198.77,0
W011164,13.62,0,124.3,2,14586.85,0
W011165,49.39,1,94.2,1,1508.28,0
W011166,50.6,1,72.1,2,2219.02,0
W011167,55.17,1,42.4,4,3879.54,0
W011168,40.11,1,15.3,1,2435.38,0
W011169,34.24,1,66.1,2,1055.99,0
W011170,57.33,1,92.8,3,9025.05,0
W011171,34.89,1,47.0,5,7263.62,0
W011172,19.53,0,65.2,2,6312.03,0
W011173,44.89,1,36.2,5,932.9,0
W011174,42.34,1,85.8,2,1741.24,0
W011175,30.32,1,25.3,2,3268.83,0
W011176,55.42,1,79.5,4,11281.03,0
W011177,50.63,1,66.4,2,2616.57,0
W011178,24.46,0,43.2,2,7965.07,0
W011179,17.61,0,33.8,1,9892.09,0
W011180,26.8,0,4.2,5,3129.11,0
W011181,21.83,0,51.5,2,1011.81,0
W011182,18.76,0,76.9,3,1483.25,0
W011183,43.05,1,40.8,1,4015.04,0
W011184,0.0,0,28.6,5,3988.92,0
W011185,23.12,0,108.0,4,6473.39,1
W011186,23.52,0,66.4,3,751.63,1
W011187,32.91,1,57.4,2,3490.25,0
W011188,49.33,1,76.0,3,541.26,0
W011189,36.36,1,36.5,1,6431.22,0
W011190,43.56,1,13.3,3,7230.31,1
W011191,0.0,0,50.0,4,3357.21,0
W011192,48.98,1,58.5,1,1713.69,0
W011193,48.18,1,16.1,1,583.12,0
W011194,58.01,1,103.4,1,3171.81,0
W011195,57.12,1,75.5,2,1893.38,0
W011196,11.14,0,28.2,1,2446.58,1
W011197,40.69,1,28.7,4,889.49,1
W011198,7.5,0,105.5,1,2906.63,0
W011199,65.29,1,128.7,2,5172.7,0
W011200,37.96,1,65.4,2,1538.88,0
W011201,23.31,0,108.0,1,8520.72,0
W011202,31.27,1,51.9,1,2769.64,0
W011203,16.21,0,59.1,2,8219.04,0
W011204,6.78,0,36.4,2,6033.33,0
W011205,50.1,1,18.5,2,5852.96,0
W011206,38.37,1,103.3,2,29184.29,0
W011207,41.1,1,45.1,5,3032.39,0
W011208,53.6,1,8.4,2,5685.7,0
W011209,25.37,0,81.4,2,1489.91,1
W011210,22.47,0,26.0,2,2989.79,1
W011211,39.42,1,53.8,2,11572.52,0
W011212,12.79,0,38.8,1,3028.16,0
W011213,29.65,0,39.7,3,2765.09,0
W011214,35.19,1,123.0,2,6354.35,0
W011215,0.67,0,120.9,2,10873.59,0
W011216,24.07,0,90.8,3,3497.13,0
W011217,52.39,1,24.4,1,15533.09,0
W011218,21.57,0,84.7,1,8698.01,0
W011219,26.8,0,29.7,2,1733.75,1
W011220,54.41,1,51.4,3,5809.93,0
W011221,39.0,1,81.4,3,1099.27,0
W011222,12.94,0,108.5,5,13364.49,0
W011223,36.81,1,104.6,2,547.56,0
W011224,20.57,0,101.2,2,2599.88,1
W011225,47.73,1,64.4,3,1959.73,0
W011226,5.42,0,28.0,1,2622.94,1
W011227,55.0,1,107.2,2,6202.5,0
W011228,43.55,1,37.4,4,10611.09,0
W011229,30.41,1,14.8,4,6252.7,0
W011230,0.0,0,7.8,2,2370.59,0
W011231,45.58,1,19.9,3,10394.26,1
W011232,37.15,1,24.4,1,16943.06,0
W011233,31.91,1,59.5,4,7011.41,0
W011234,43.08,1,46.7,2,11347.94,0
W011235,49.44,1,18.8,5,5125.61,0
W011236,29.25,0,70.1,4,3994.3,0
W011237,36.24,1,86.9,3,2241.3,0
W011238,23.05,0,28.8,3,5720.15,0
W011239,28.83,0,44.8,2,6076.82,0
W011240,43.87,1,25.4,2,10780.11,0
W011241,50.48,1,72.1,4,3766.3,0
W011242,49.03,1,35.1,3,1166.86,0
W011243,13.05,0,30.4,1,1608.83,0
W011244,30.8,1,61.1,3,3155.24,0
W011245,18.08,0,37.6,4,3500.75,0
W011246,42.15,1,16.8,3,7338.04,1
W011247,28.7,0,53.1,1,6872.39,0
W011248,78.86,1,99.2,1,2004.91,0
W011249,16.62,0,55.3,1,1804.57,1
W011250,22.53,0,46.1,2,5282.36,0
W011251,42.39,1,40.2,5,3041.55,0
W011252,20.08,0,18.5,1,2065.04,0
W011253,37.98,1,49.0,2,5204.73,0
W011254,38.69,1,91.6,2,1349.85,0
W011255,44.08,1,45.3,2,10569.42,0
W011256,22.97,0,41.0,4,10960.87,1
W011257,6.9,0,42.0,2,5349.25,0
W011258,32.09,1,32.2,2,13710.17,0
W011259,16.42,0,54.4,1,12842.95,0
W011260,43.21,1,41.7,3,11444.51,0
W011261,61.88,1,51.8,2,27329.94,0
W011262,42.95,1,24.0,3,12191.31,0
W011263,22.69,0,143.3,4,6377.8,0
W011264,43.33,1,40.4,3,3606.73,0
W011265,41.46,1,74.4,2,1069.01,0
W011266,56.13,1,33.5,2,6249.85,0
W011267,16.5,0,28.6,3,963.25,0
W011268,24.72,0,43.4,3,1335.84,0
W011269,17.08,0,10.4,1,3409.94,0
W011270,41.02,1,136.6,2,2866.78,0
W011271,5.2,0,104.1,5,3142.48,0
W011272,24.47,0,137.4,5,7000.64,0
W011273,5.29,0,10.4,1,4579.21,0
W011274,44.97,1,22.7,1,1356.3,0
W011275,25.71,0,49.8,1,5247.7,0
W011276,38.25,1,18.1,2,3372.08,0
W011277,29.67,0,67.5,1,7265.87,0
W011278,0.0,0,85.4,3,17008.02,0
W011279,16.39,0,75.3,3,2963.83,0
W011280,29.72,0,42.2,3,3414.09,0
W011281,32.62,1,44.9,1,3045.75,0
W011282,0.75,0,8.0,3,2797.64,1
W011283,25.78,0,39.8,5,27510.24,0
W011284,12.66,0,62.6,2,15567.66,0
W011285,53.01,1,9.4,3,11156.33,0
W011286,0.0,0,37.2,1,994.32,0
W011287,41.37,1,50.2,1,1214.57,0
W011288,13.22,0,69.2,1,1313.53,0
W011289,19.21,0,17.7,1,5649.5,0
W011290,46.35,1,21.5,5,6004.23,0
W011291,4.57,0,37.8,4,832.0,0
W011292,23.67,0,36.3,3,15871.96,0
W011293,44.71,1,72.4,1,2239.16,0
W011294,17.88,0,18.9,3,40047.97,0
W011295,32.38,1,37.8,3,3707.45,0
W011296,38.85,1,89.8,3,1557.44,0
W011297,27.58,0,25.9,4,1918.14,0
W011298,33.57,1,31.3,5,11610.07,0
W011299,35.41,1,102.1,4,367.24,0
W011300,31.62,1,81.7,6,593.76,0
W011301,1.07,0,34.5,2,17414.14,0
W011302,31.18,1,55.5,5,14837.37,0
W011303,0.0,0,90.7,4,8430.11,0
W011304,29.75,0,86.3,4,5055.39,1
W011305,30.67,1,44.5,1,11498.38,0
W011306,42.36,1,50.3,4,556.62,1
W011307,55.97,1,35.3,2,1115.55,0
W011308,11.0,0,152.0,1,8776.31,0
W011309,21.7,0,10.5,1,39252.8,0
W011310,13.71,0,29.4,4,2965.11,0
W011311,53.22,1,13.5,5,4137.62,0
W011312,10.44,0,119.1,1,35502.63,0
W011313,23.31,0,35.7,1,5502.13,1
W011314,59.36,1,100.7,4,9667.5,1
W011315,20.61,0,84.0,2,2277.4,1
W011316,41.5,1,52.9,2,1327.43,0
W011317,39.77,1,43.6,1,17822.02,0
W011318,21.69,0,71.2,2,855.58,0
W011319,12.67,0,43.5,2,488.36,0
W011320,39.46,1,31.5,6,5934.51,0
W011321,55.26,1,52.2,4,229.1,0
W011322,6.2,0,188.1,1,7164.06,0
W011323,18.02,0,42.9,1,1433.93,0
W011324,5.08,0,19.2,2,328.06,0
W011325,49.99,1,117.2,1,76202.45,0
W011326,44.69,1,34.3,3,2493.43,0
W011327,55.66,1,20.5,3,6063.38,0
W011328,36.72,1,27.9,4,425.86,0
W011329,38.13,1,42.1,1,10286.13,0
W011330,28.0,0,23.7,2,5198.3,0
W011331,19.34,0,102.9,4,1037.86,0
W011332,60.26,1,44.9,5,1051.94,0
W011333,30.72,1,26.2,3,3532.89,0
W011334,0.0,0,103.1,3,10525.11,0
W011335,6.07,0,28.6,4,2828.74,0
W011336,36.35,1,63.7,1,15453.8,0
W011337,26.52,0,118.4,1,2999.11,0
W011338,17.25,0,106.9,3,1577.46,0
W011339,42.12,1,3.5,1,427.54,0
W011340,35.11,1,87.5,1,12850.45,0
W011341,30.09,1,7.7,6,1732.8,0
W011342,75.52,1,21.8,3,9033.87,0
W011343,3.52,0,31.9,1,10818.64,0
W011344,9.42,0,163.1,2,1636.82,0
W011345,0.0,0,47.9,3,499.35,1
W011346,38.37,1,78.1,4,5173.54,0
W011347,70.26,1,106.9,6,1856.83,0
W011348,36.05,1,76.2,1,1112.49,0
W011349,29.03,0,44.2,3,31981.53,1
W011350,36.61,1,142.9,3,1971.39,1
W011351,27.98,0,51.8,6,1730.28,1
W011352,45.42,1,29.4,2,3253.62,1
W011353,42.47,1,25.1,3,3843.87,1
W011354,50.73,1,12.9,3,5185.84,0
W011355,47.45,1,58.8,2,1557.57,0
W011356,18.4,0,19.0,2,27410.75,0
W011357,41.5,1,89.5,4,459.18,0
W011358,44.41,1,75.3,3,369.56,0
W011359,9.13,0,184.1,2,717.95,0
W011360,45.51,1,85.9,3,3930.8,0
W011361,14.79,0,55.7,1,3764.83,0
W011362,28.63,0,47.7,2,11634.88,0
W011363,36.34,1,44.9,1,1306.95,0
W011364,33.41,1,57.8,1,2661.82,0
W011365,17.34,0,83.2,2,6800.08,0
W011366,50.51,1,74.7,1,1582.29,0
W011367,13.05,0,74.5,1,3239.29,0
W011368,22.6,0,249.4,2,2822.79,0
W011369,34.84,1,102.5,2,1647.33,0
W011370,48.24,1,76.4,6,1458.46,0
W011371,65.62,1,136.8,1,3452.07,0
W011372,44.06,1,25.0,1,1654.53,1
W011373,8.26,0,96.4,3,9948.75,0
W011374,0.0,0,41.9,3,7713.6,0
W011375,6.32,0,55.9,2,10744.12,0
W011376,37.77,1,53.7,1,9866.97,0
W011377,42.78,1,59.5,1,751.2,0
W011378,5.75,0,132.7,1,2122.6,0
W011379,17.14,0,70.2,3,1908.89,0
W011380,0.0,0,55.3,5,39905.93,0
W011381,27.46,0,98.0,2,2100.02,0
W011382,18.06,0,103.4,2,2110.71,0
W011383,45.93,1,47.5,3,39994.77,0
W011384,20.84,0,69.3,1,1535.4,0
W011385,40.13,1,59.4,3,67292.3,0
W011386,9.9,0,66.9,3,2203.22,0
W011387,31.22,1,150.2,1,15221.64,0
W011388,38.04,1,31.8,2,2787.32,0
W011389,49.01,1,70.3,3,2781.27,0
W011390,10.71,0,22.4,5,3553.48,1
W011391,38.52,1,61.6,3,3525.92,0
W011392,2.18,0,38.2,1,462.35,0
W011393,42.37,1,39.5,1,5831.65,0
W011394,6.07,0,54.3,2,12006.82,0
W011395,20.39,0,72.2,4,1693.95,0
W011396,21.61,0,68.9,1,8219.82,1
W011397,52.86,1,131.5,4,2408.12,0
W011398,44.78,1,118.8,2,9977.19,0
W011399,22.76,0,36.3,4,6388.22,0
W011400,22.35,0,33.0,1,1145.91,1
W011401,0.0,0,23.8,4,1378.05,0
W011402,17.48,0,26.5,4,5680.53,0
W011403,65.2,1,64.1,2,16513.07,0
W011404,14.04,0,137.9,3,4206.55,0
W011405,32.18,1,73.3,3,2543.12,0
W011406,40.42,1,78.9,3,30426.92,0
W011407,56.88,1,19.2,1,1136.01,0
W011408,16.55,0,52.1,3,3021.31,0
W011409,28.22,0,107.9,2,10046.52,0
W011410,22.89,0,86.4,3,4865.43,0
W011411,43.04,1,60.6,2,9724.29,0
W011412,13.61,0,28.8,4,20053.41,0
W011413,46.29,1,33.2,1,1202.59,0
W011414,0.0,0,52.3,3,2623.29,0
W011415,7.23,0,25.0,3,6107.19,0
W011416,12.26,0,35.4,4,8841.13,0
W011417,25.62,0,133.9,5,4373.38,0
W011418,59.74,1,95.1,2,13980.5,0
W011419,25.7,0,50.6,4,7315.09,0
W011420,26.81,0,87.0,4,3074.06,1
W011421,14.96,0,131.6,2,581.86,1
W011422,6.74,0,117.6,1,1004.55,1
W011423,11.52,0,23.2,2,544.5,0
W011424,46.44,1,51.0,2,2882.66,0
W011425,32.86,1,60.8,5,5673.68,0
W011426,24.62,0,22.4,2,6113.49,0
W011427,28.64,0,52.6,4,1320.22,0
W011428,1.69,0,57.4,1,7850.94,0
W011429,39.77,1,12.3,1,13006.91,0
W011430,0.0,0,58.0,2,33660.35,0
W011431,41.58,1,104.5,5,26296.34,0
W011432,30.78,1,61.8,3,18395.67,0
W011433,37.19,1,85.0,1,1034.92,0
W011434,7.09,0,11.2,5,1588.55,0
W011435,11.51,0,55.2,3,3156.72,0
W011436,29.86,0,45.5,5,7406.51,0
W011437,94.89,1,32.9,2,10286.62,0
W011438,41.28,1,54.8,3,1685.08,0
W011439,9.59,0,13.8,2,1980.13,0
W011440,49.62,1,45.4,1,880.44,0
W011441,12.97,0,12.1,2,8065.32,0
W011442,60.22,1,109.2,5,825.62,0
W011443,26.71,0,131.9,3,8540.43,0
W011444,52.13,1,32.0,2,393.51,0
W011445,16.27,0,73.9,1,2347.87,0
W011446,18.51,0,62.7,2,2478.06,0
W011447,0.0,0,32.5,4,1130.38,0
W011448,21.43,0,44.4,1,5216.37,0
W011449,36.67,1,46.2,1,4644.13,1
W011450,29.4,0,49.9,1,617.67,0
W011451,43.06,1,47.8,2,2149.52,0
W011452,14.32,0,83.4,5,3371.12,0
W011453,38.71,1,54.7,5,2000.61,0
W011454,38.53,1,92.8,2,6225.1,0
W011455,25.84,0,73.2,2,2535.99,0
W011456,32.34,1,67.3,5,6805.96,0
W011457,23.19,0,32.4,3,870.89,0
W011458,18.21,0,35.3,1,5636.85,0
W011459,58.85,1,36.6,5,15478.52,0
W011460,11.57,0,33.7,2,1544.63,0
W011461,32.23,1,84.6,3,3158.41,0
W011462,32.28,1,86.6,1,7910.1,0
W011463,28.97,0,70.8,3,2806.98,0
W011464,14.42,0,60.5,1,1534.81,0
W011465,31.16,1,34.0,2,2127.96,0
W011466,5.31,0,17.3,3,2067.52,0
W011467,17.67,0,62.8,5,23059.27,0
W011468,8.69,0,16.6,4,4510.12,0
W011469,14.55,0,57.7,1,1800.3,0
W011470,35.99,1,24.7,2,5168.42,0
W011471,25.01,0,78.1,6,22718.26,0
W011472,42.55,1,97.2,2,2162.4,0
W011473,21.54,0,82.9,4,33013.67,0
W011474,39.91,1,270.6,3,1660.94,0
W011475,44.05,1,33.6,4,49825.69,0
W011476,0.0,0,47.3,2,9796.37,0
W011477,61.84,1,43.4,5,4602.51,1
W011478,37.96,1,58.1,3,4091.77,0
W011479,24.86,0,48.0,3,7831.44,0
W011480,13.77,0,20.4,2,978.93,0
W011481,54.86,1,26.1,1,13626.36,0
W011482,32.61,1,46.3,6,1197.88,1
W011483,42.73,1,15.9,1,4034.25,0
W011484,42.9,1,76.6,4,2671.51,0
W011485,0.0,0,62.1,1,18160.47,0
W011486,36.51,1,34.4,1,34976.0,0
W011487,24.42,0,17.0,1,2224.26,0
W011488,29.43,0,67.4,1,955.52,0
W011489,36.19,1,84.4,2,850.25,0
W011490,32.0,1,23.0,4,1194.9,0
W011491,55.47,1,22.6,4,5160.09,0
W011492,45.64,1,41.5,2,3257.14,0
W011493,31.53,1,32.7,3,5679.88,0
W011494,23.21,0,17.5,1,13215.45,0
W011495,40.86,1,9.9,3,26463.99,0
W011496,29.79,0,239.1,4,3777.71,0
W011497,20.66,0,59.0,1,38960.06,0
W011498,28.87,0,65.7,1,582.28,0
W011499,25.18,0,71.6,2,598.09,0
W011500,14.97,0,30.7,1,1101.92,0
W011501,17.25,0,55.3,6,746.91,0
W011502,47.0,1,19.8,2,7120.15,0
W011503,29.01,0,27.8,2,2122.1,1
W011504,62.67,1,24.4,4,12591.38,0
W011505,53.63,1,81.9,2,1645.83,0
W011506,54.88,1,33.0,4,2112.02,0
W011507,23.77,0,113.3,2,2102.15,0
W011508,29.2,0,106.6,5,23787.21,0
W011509,22.36,0,76.4,1,5392.39,0
W011510,0.0,0,40.8,5,972.19,0
W011511,35.08,1,30.3,4,1616.59,0
W011512,18.54,0,20.3,2,15236.17,0
W011513,35.51,1,72.3,3,5304.69,0
W011514,22.74,0,23.1,3,11101.74,0
W011515,17.01,0,13.7,1,26975.23,0
W011516,42.54,1,27.7,1,7032.59,0
W011517,7.14,0,167.0,1,4511.54,0
W011518,43.68,1,14.5,1,1346.94,1
W011519,30.07,1,32.2,5,3027.52,0
W011520,0.0,0,19.7,2,804.01,0
W011521,39.87,1,91.0,2,1389.17,0
W011522,6.62,0,54.8,1,1324.75,0
W011523,36.34,1,40.7,2,3349.29,0
W011524,13.06,0,130.2,1,4523.27,0
W011525,44.82,1,63.1,3,32996.76,0
W011526,0.0,0,18.4,4,1817.4,0
W011527,49.94,1,37.6,1,11754.57,0
W011528,22.39,0,16.0,5,1309.9,1
W011529,45.04,1,49.4,1,21979.32,0
W011530,40.91,1,48.5,3,3808.31,0
W011531,14.26,0,5.6,2,1515.24,0
W011532,18.5,0,115.0,2,5592.35,0
W011533,6.34,0,103.2,5,4657.73,0
W011534,2.02,0,20.7,4,2315.44,0
W011535,17.47,0,36.5,1,1497.93,0
W011536,0.0,0,79.0,2,38390.61,0
W011537,41.25,1,24.0,3,3854.29,0
W011538,48.17,1,22.4,2,3993.81,0
W011539,27.06,0,100.4,1,2571.39,0
W011540,2.04,0,112.4,5,1731.04,0
W011541,30.39,1,43.2,2,15029.56,0
W011542,41.25,1,39.9,3,17861.03,1
W011543,54.12,1,77.5,3,1643.84,0
W011544,40.5,1,93.9,2,328.09,0
W011545,26.74,0,146.3,3,1434.67,0
W011546,17.67,0,94.8,1,6345.07,0
W011547,2.52,0,19.1,4,220.62,0
W011548,34.15,1,14.6,1,2376.8,0
W011549,32.77,1,15.6,2,17003.15,0
W011550,24.72,0,68.3,5,6969.05,0
W011551,23.83,0,84.4,2,118.23,0
W011552,33.81,1,45.8,2,1470.74,0
W011553,48.2,1,91.5,1,17979.85,0
W011554,26.46,0,36.4,1,5058.67,0
W011555,39.47,1,62.6,4,8326.47,0
W011556,37.57,1,71.3,1,13674.85,1
W011557,23.05,0,54.2,2,11139.65,0
W011558,2.52,0,22.1,2,2143.33,0
W011559,45.6,1,57.4,5,1625.82,0
W011560,4.03,0,163.6,1,1596.67,0
W011561,54.2,1,79.1,1,13012.88,0
W011562,40.9,1,81.3,3,1687.47,0
W011563,57.36,1,91.3,2,13351.31,0
W011564,24.22,0,114.3,4,1474.97,0
W011565,33.2,1,68.2,4,1713.05,0
W011566,29.34,0,95.2,3,5656.69,0
W011567,40.88,1,36.6,3,54762.64,1
W011568,30.08,1,86.4,1,1153.79,0
W011569,27.46,0,65.2,2,7273.44,0
W011570,25.07,0,25.7,4,3263.85,0
W011571,26.69,0,70.8,3,3036.75,0
W011572,20.07,0,50.2,3,4568.21,0
W011573,61.6,1,111.7,3,895.45,0
W011574,31.92,1,51.9,3,2413.57,1
W011575,68.57,1,20.4,2,3996.71,0
W011576,41.47,1,99.5,3,1433.36,0
W011577,34.75,1,84.2,5,2523.52,0
W011578,18.41,0,190.9,5,1831.27,0
W011579,11.1,0,10.0,4,2358.98,0
W011580,51.62,1,85.6,4,9462.03,0
W011581,47.04,1,21.4,1,1780.05,0
W011582,25.6,0,36.9,3,1806.72,0
W011583,11.1,0,63.4,4,3049.16,0
W011584,71.91,1,26.7,2,1256.59,0
W011585,60.96,1,33.6,6,866.09,0
W011586,33.53,1,83.4,1,2797.71,0
W011587,24.19,0,102.6,3,5466.69,0
W011588,11.71,0,84.8,1,7683.35,0
W011589,4.81,0,69.8,2,2754.89,0
W011590,28.15,0,31.1,2,5893.82,0
W011591,72.4,1,55.3,1,2622.88,0
W011592,27.87,0,67.2,2,2386.65,0
W011593,45.66,1,34.6,2,3493.75,1
W011594,26.62,0,92.2,4,292.2,0
W011595,20.18,0,110.1,6,28073.92,0
W011596,18.62,0,39.6,2,2399.05,1
W011597,23.65,0,67.5,2,7905.72,0
W011598,62.59,1,59.4,5,3613.91,0
W011599,47.45,1,60.8,3,9100.39,0
W011600,0.66,0,23.9,1,682.44,0
W011601,59.93,1,36.3,2,8622.53,0
W011602,1.11,0,48.4,1,460.28,0
W011603,18.67,0,93.6,4,8004.95,0
W011604,0.0,0,14.1,3,2447.65,0
W011605,60.46,1,87.2,5,8553.29,1
W011606,31.69,1,24.4,3,4234.47,0
W011607,42.96,1,39.9,4,3128.96,0
W011608,20.52,0,64.8,1,1513.78,0
W011609,66.35,1,57.4,4,1995.37,0
W011610,43.31,1,54.1,3,34788.16,0
W011611,55.42,1,77.1,3,8615.35,0
W011612,30.91,1,20.0,3,1031.42,0
W011613,41.47,1,15.2,4,2751.01,0
W011614,31.44,1,71.6,2,1487.2,0
W011615,61.12,1,41.5,2,10656.57,0
W011616,28.79,0,43.0,1,2211.2,0
W011617,57.16,1,29.5,2,7424.72,0
W011618,0.0,0,71.0,1,2784.71,0
W011619,31.47,1,72.8,3,50880.16,0
W011620,53.97,1,18.5,1,4712.94,0
W011621,43.49,1,19.5,3,1782.91,0
W011622,17.25,0,116.5,5,19229.86,0
W011623,4.59,0,40.0,4,1922.56,0
W011624,18.32,0,62.2,1,5433.8,0
W011625,7.7,0,70.0,3,1354.99,0
W011626,12.9,0,56.9,4,505.94,0
W011627,45.48,1,171.7,2,5813.14,0
W011628,45.29,1,83.3,4,3124.36,0
W011629,12.84,0,80.5,1,4186.37,0
W011630,0.0,0,41.0,2,1958.87,0
W011631,25.48,0,81.7,1,7630.17,0
W011632,30.69,1,42.6,2,3861.79,0
W011633,21.36,0,66.2,1,3221.46,0
W011634,37.89,1,23.3,3,2578.54,0
W011635,24.39,0,41.8,4,11142.11,0
W011636,40.72,1,90.4,3,1890.1,0
W011637,52.62,1,86.1,2,5949.37,0
W011638,20.52,0,70.3,1,4557.26,0
W011639,13.31,0,63.4,1,1119.63,0
W011640,12.56,0,53.4,1,791.2,1
W011641,16.68,0,28.9,4,32036.1,0
W011642,26.73,0,125.4,3,6378.2,0
W011643,37.54,1,55.3,4,5411.4,0
W011644,49.32,1,69.4,4,485.7,0
W011645,26.01,0,123.5,3,901.98,0
W011646,60.95,1,88.6,3,8806.86,0
W011647,19.41,0,45.1,2,3694.21,0
W011648,24.61,0,41.4,2,2461.6,0
W011649,31.66,1,45.6,3,22986.62,0
W011650,32.71,1,28.1,2,23731.24,0
W011651,69.39,1,105.6,2,5620.44,0
W011652,30.34,1,19.0,1,3898.63,0
W011653,17.19,0,44.5,2,1741.64,0
W011654,30.35,1,40.6,1,3272.93,0
W011655,13.75,0,26.3,5,10463.31,0
W011656,46.46,1,55.4,2,12232.95,0
W011657,27.2,0,33.1,1,7227.14,1
W011658,25.71,0,11.3,5,5053.91,0
W011659,35.69,1,62.4,4,1824.94,0
W011660,19.75,0,60.3,5,2797.37,0
W011661,36.69,1,70.0,1,2372.1,0
W011662,5.04,0,52.5,2,6510.55,0
W011663,49.12,1,26.9,2,4499.51,1
W011664,26.94,0,37.2,1,3153.55,0
W011665,15.79,0,154.7,1,5207.66,0
W011666,68.73,1,68.7,2,228.93,0
W011667,57.4,1,41.4,3,371.05,0
W011668,45.12,1,54.8,3,344.84,0
W011669,22.23,0,70.0,3,1013.86,0
W011670,15.24,0,114.9,2,223.44,0
W011671,37.35,1,30.8,1,4494.78,0
W011672,24.68,0,60.5,1,5921.38,1
W011673,39.09,1,51.2,2,13460.88,0
W011674,28.51,0,107.9,4,1741.74,0
W011675,8.74,0,40.4,3,299.36,0
W011676,28.53,0,89.1,1,6139.52,0
W011677,26.53,0,181.9,3,19097.94,0
W011678,34.52,1,15.3,1,33210.43,0
W011679,24.98,0,37.3,2,6064.66,0
W011680,37.32,1,50.6,4,1603.42,0
W011681,19.63,0,47.3,2,7824.68,0
W011682,34.9,1,22.1,5,5865.43,0
W011683,24.07,0,8.3,4,8808.34,0
W011684,8.51,0,190.6,5,6163.92,0
W011685,19.64,0,117.6,2,4252.71,0
W011686,42.26,1,113.8,1,10140.38,0
W011687,21.01,0,68.6,5,14166.43,0
W011688,4.7,0,49.8,4,3964.99,0
W011689,20.16,0,71.8,3,5863.39,0
W011690,23.24,0,23.8,3,1602.41,0
W011691,23.3,0,75.7,1,1270.94,1
W011692,21.77,0,62.9,3,7180.96,0
W011693,24.9,0,126.0,1,24167.97,1
W011694,18.96,0,61.1,3,1148.99,0
W011695,45.83,1,105.2,1,7867.04,0
W011696,26.23,0,22.1,5,6711.32,0
W011697,48.75,1,62.2,4,1899.87,0
W011698,19.33,0,36.8,1,13091.94,0
W011699,31.46,1,96.7,5,3706.13,1
W011700,15.75,0,28.3,2,482.77,0
W011701,17.47,0,38.1,2,894.41,0
W011702,40.74,1,29.1,1,16123.02,0
W011703,87.57,1,17.0,3,8696.31,1
W011704,57.93,1,45.5,3,6790.96,0
W011705,28.63,0,64.6,2,4546.74,0
W011706,36.54,1,37.0,1,711.05,0
W011707,15.0,0,116.9,1,5998.42,0
W011708,22.3,0,10.9,5,32068.89,0
W011709,63.51,1,110.9,3,2717.05,0
W011710,44.8,1,23.1,3,4947.29,0
W011711,20.24,0,44.6,1,1889.22,0
W011712,4.88,0,73.5,3,1616.57,0
W011713,20.4,0,119.4,3,2254.86,0
W011714,49.15,1,10.1,1,256.04,0
W011715,62.15,1,28.3,4,1542.13,1
W011716,23.33,0,37.5,2,3455.5,0
W011717,70.2,1,42.2,6,2705.5,0
W011718,25.64,0,129.1,3,3346.19,0
W011719,51.72,1,139.4,2,2750.16,0
W011720,59.29,1,57.5,1,3404.06,0
W011721,48.71,1,116.6,1,1934.55,0
W011722,14.81,0,26.0,2,933.79,1
W011723,0.0,0,49.1,4,7810.46,1
W011724,10.72,0,33.2,1,20613.89,0
W011725,69.92,1,93.3,3,7053.13,0
W011726,35.84,1,57.8,4,23657.43,0
W011727,30.96,1,115.0,1,3894.82,0
W011728,19.9,0,46.0,6,19075.15,0
W011729,57.14,1,30.6,2,10520.99,1
W011730,60.69,1,15.3,5,2318.4,0
W011731,0.0,0,82.3,2,1713.3,0
W011732,21.15,0,11.3,1,4054.36,1
W011733,23.85,0,69.9,2,2688.08,0
W011734,11.78,0,33.9,1,6493.44,0
W011735,0.0,0,151.0,1,6062.94,0
W011736,0.0,0,43.0,4,1161.47,0
W011737,27.93,0,79.1,3,1003.79,0
W011738,16.01,0,83.8,1,16120.81,0
W011739,3.81,0,23.2,2,1943.63,0
W011740,45.74,1,65.4,4,1050.46,0
W011741,36.26,1,66.5,5,6097.66,0
W011742,34.09,1,76.3,3,4295.69,0
W011743,68.15,1,32.5,4,7934.36,0
W011744,25.78,0,42.8,1,2845.06,1
W011745,42.78,1,32.6,1,16869.93,0
W011746,56.73,1,5.6,5,8856.01,0
W011747,32.18,1,49.4,5,28190.88,0
W011748,25.95,0,37.9,5,479.81,1
W011749,33.08,1,73.6,4,812.05,0
W011750,0.0,0,92.8,2,1615.86,0
W011751,37.67,1,41.3,4,19754.26,0
W011752,38.49,1,72.7,3,1459.77,0
W011753,23.85,0,109.5,1,7066.96,1
W011754,33.82,1,14.2,1,5037.21,0
W011755,26.97,0,46.0,1,4969.9,0
W011756,46.68,1,118.9,4,3920.79,0
W011757,16.34,0,31.2,1,3199.7,0
W011758,64.18,1,121.0,1,3038.21,0
W011759,31.38,1,105.7,2,8270.11,0
W011760,48.93,1,15.6,5,2625.08,0
W011761,0.0,0,16.2,4,2342.44,0
W011762,10.76,0,160.7,3,1733.05,0
W011763,1.9,0,12.7,4,1070.11,0
W011764,3.69,0,51.0,3,3424.38,0
W011765,25.0,0,108.6,6,1335.56,1
W011766,10.06,0,37.3,4,1691.02,1
W011767,29.71,0,300.0,1,4550.74,0
W011768,57.05,1,27.8,2,12035.37,0
W011769,37.36,1,143.6,2,30853.86,0
W011770,12.38,0,64.1,1,3027.89,0
W011771,49.79,1,15.4,4,981.62,0
W011772,29.42,0,93.9,1,11637.82,0
W011773,5.0,0,117.1,2,2838.99,0
W011774,31.6,1,32.6,1,6659.48,0
W011775,0.0,0,15.8,1,2206.03,0
W011776,36.19,1,43.7,4,9382.49,0
W011777,9.58,0,73.6,4,1149.87,0
W011778,56.96,1,106.5,3,2071.52,0
W011779,21.32,0,61.2,3,7530.53,0
W011780,49.67,1,52.8,2,3078.98,0
W011781,27.52,0,146.0,2,4112.45,0
W011782,43.11,1,44.7,3,5323.75,0
W011783,18.5,0,76.3,2,9119.29,0
W011784,38.45,1,23.6,2,2092.0,0
W011785,30.24,1,36.5,3,7660.49,0
W011786,24.37,0,91.6,3,535.05,0
W011787,33.7,1,46.3,3,3181.11,0
W011788,21.04,0,63.0,3,4701.0,0
W011789,38.55,1,37.2,1,3504.65,0
W011790,45.17,1,38.3,3,3253.3,0
W011791,49.08,1,50.3,3,11731.17,0
W011792,22.9,0,26.9,2,2876.02,0
W011793,36.52,1,107.2,3,3060.08,0
W011794,28.09,0,84.8,1,6586.59,0
W011795,53.17,1,55.9,2,5056.33,0
W011796,29.16,0,39.8,1,911.16,0
W011797,27.99,0,12.8,3,27314.32,0
W011798,22.42,0,31.2,3,4829.36,0
W011799,24.39,0,121.7,2,507.69,1
W011800,31.69,1,53.8,2,1871.82,0
W011801,44.59,1,98.5,1,2884.31,0
W011802,38.23,1,133.0,2,8434.6,0
W011803,21.31,0,48.8,1,10615.13,0
W011804,35.59,1,68.5,4,45676.38,0
W011805,45.04,1,113.4,5,30181.57,0
W011806,32.81,1,64.7,2,2162.75,0
W011807,22.93,0,2.2,2,7641.45,1
W011808,28.03,0,28.2,1,916.94,1
W011809,25.83,0,47.5,3,1795.02,0
W011810,28.24,0,51.6,2,1188.54,0
W011811,24.25,0,32.5,4,3982.2,0
W011812,22.83,0,32.0,5,247.2,0
W011813,22.7,0,77.2,2,11822.67,0
W011814,31.12,1,162.7,2,11788.9,1
W011815,21.32,0,45.1,4,5430.58,0
W011816,31.44,1,29.7,3,15392.87,0
W011817,12.75,0,40.7,6,2663.97,1
W011818,0.0,0,100.9,5,26049.61,0
W011819,32.84,1,115.9,4,1442.95,1
W011820,20.25,0,57.7,1,2519.08,0
W011821,22.3,0,13.2,1,19825.04,0
W011822,66.74,1,85.1,2,3096.48,0
W011823,5.86,0,10.5,3,14541.7,0
W011824,33.42,1,25.0,2,5677.77,1
W011825,60.12,1,131.0,2,10017.01,0
W011826,22.79,0,91.4,1,5860.12,0
W011827,43.26,1,132.9,4,300.08,0
W011828,22.3,0,6.1,2,25582.46,0
W011829,50.07,1,27.2,1,9336.3,0
W011830,39.23,1,46.4,4,3005.88,0
W011831,7.75,0,39.4,3,1729.73,0
W011832,64.68,1,82.6,3,8620.86,0
W011833,43.13,1,91.4,4,2153.63,1
W011834,44.36,1,10.5,4,194.16,0
W011835,26.85,0,193.1,1,1454.73,0
W011836,30.9,1,33.9,3,3202.2,1
W011837,26.21,0,37.3,3,6627.73,1
W011838,32.26,1,21.0,3,69097.89,0
W011839,33.53,1,59.9,4,15827.41,1
W011840,65.51,1,55.3,6,3089.39,0
W011841,33.01,1,34.4,3,17667.9,0
W011842,17.7,0,32.6,2,11029.17,0
W011843,8.0,0,139.0,3,9124.99,0
W011844,18.56,0,8.9,1,4272.04,0
W011845,34.19,1,51.1,4,900.95,0
W011846,8.07,0,26.4,3,26984.62,0
W011847,71.25,1,62.8,3,13408.93,1
W011848,25.37,0,7.5,2,12352.48,0
W011849,20.57,0,42.8,2,521.46,0
W011850,10.65,0,47.0,3,5221.28,0
W011851,41.45,1,32.2,1,6519.85,0
W011852,35.36,1,125.5,2,1485.72,0
W011853,54.88,1,15.1,4,1336.16,0
W011854,62.25,1,146.5,1,10315.73,0
W011855,56.35,1,24.9,3,28425.18,1
W011856,22.49,0,59.6,1,9256.49,1
W011857,3.76,0,56.3,1,7589.11,0
W011858,38.22,1,141.5,1,2428.67,0
W011859,39.74,1,44.7,5,285.92,0
W011860,26.66,0,88.4,5,7295.1,0
W011861,30.91,1,81.8,1,766.96,0
W011862,11.43,0,59.8,3,1762.56,0
W011863,43.72,1,66.1,2,28295.56,0
W011864,15.05,0,46.8,5,4007.38,0
W011865,50.32,1,35.5,2,2763.17,1
W011866,26.37,0,34.2,1,1259.31,0
W011867,12.53,0,150.5,1,5349.34,0
W011868,44.45,1,50.3,5,768.35,0
W011869,14.28,0,61.0,3,907.1,0
W011870,27.55,0,57.3,2,2086.38,0
W011871,30.83,1,100.1,1,23094.82,0
W011872,24.93,0,140.6,1,1235.05,0
W011873,34.2,1,82.2,3,1866.6,0
W011874,28.67,0,45.4,3,4234.5,0
W011875,41.07,1,45.3,4,6885.02,1
W011876,40.91,1,131.4,1,4500.12,0
W011877,17.62,0,9.5,3,311.43,0
W011878,63.54,1,53.4,5,1386.27,0
W011879,28.06,0,1.2,1,1311.2,0
W011880,32.74,1,16.7,2,4393.58,0
W011881,0.0,0,65.8,2,1848.56,0
W011882,1.38,0,93.1,4,1237.53,0
W011883,14.11,0,52.9,4,3753.32,0
W011884,6.45,0,23.3,5,2225.92,0
W011885,9.24,0,20.1,3,30372.78,1
W011886,44.12,1,23.8,1,952.36,0
W011887,34.2,1,51.6,1,3155.7,0
W011888,23.87,0,62.7,2,16785.58,0
W011889,46.85,1,9.8,3,644.42,0
W011890,11.55,0,7.7,2,59640.81,0
W011891,54.59,1,33.7,3,6364.99,0
W011892,40.31,1,61.9,3,9467.52,0
W011893,30.53,1,67.6,1,2347.91,0
W011894,74.89,1,102.3,5,8261.15,0
W011895,53.23,1,14.0,1,8679.02,0
W011896,10.81,0,46.3,4,2614.89,0
W011897,42.39,1,31.9,2,18605.0,0
W011898,41.76,1,81.9,4,7755.78,1
W011899,53.77,1,20.0,2,8925.76,0
W011900,52.74,1,136.3,1,9990.36,0
W011901,30.73,1,37.4,5,911.5,1
W011902,0.0,0,87.7,2,6594.54,0
W011903,67.71,1,61.7,2,4976.47,0
W011904,15.42,0,74.2,6,4481.69,0
W011905,42.43,1,36.6,3,3977.76,0
W011906,40.77,1,20.3,1,2441.12,0
W011907,35.2,1,91.4,1,5339.43,0
W011908,56.46,1,37.4,4,1139.59,1
W011909,39.98,1,27.8,2,8203.75,0
W011910,27.43,0,45.7,2,21687.23,1
W011911,40.5,1,65.4,3,1015.94,0
W011912,41.49,1,233.4,5,3901.21,0
W011913,12.07,0,23.4,2,10577.01,0
W011914,53.85,1,75.7,3,419.48,0
W011915,34.89,1,25.1,3,1765.95,0
W011916,2.17,0,68.4,2,2412.48,0
W011917,22.7,0,58.6,1,6957.74,0
W011918,23.72,0,12.0,5,1288.66,0
W011919,89.83,1,78.7,1,3825.87,0
W011920,20.11,0,13.9,4,3685.88,0
W011921,43.45,1,40.6,3,11470.63,0
W011922,58.5,1,51.8,6,2973.03,0
W011923,34.13,1,48.4,1,1961.54,0
W011924,29.07,0,42.7,3,1951.63,0
W011925,12.63,0,52.9,1,661.19,0
W011926,23.0,0,24.3,2,3510.55,0
W011927,15.18,0,109.2,3,629.39,1
W011928,24.89,0,30.8,2,1314.32,0
W011929,43.33,1,39.0,2,14060.36,0
W011930,29.14,0,62.6,3,9707.62,0
W011931,30.4,1,56.3,2,2282.73,0
W011932,24.77,0,13.8,2,259.65,0
W011933,24.79,0,62.2,3,6628.12,0
W011934,32.81,1,18.2,3,1522.76,0
W011935,0.0,0,40.1,3,7558.15,0
W011936,35.39,1,85.9,3,46956.93,0
W011937,62.84,1,80.5,2,1465.21,0
W011938,52.27,1,42.1,3,2226.39,0
W011939,37.96,1,47.4,2,11086.47,0
W011940,14.04,0,110.0,3,1762.39,0
W011941,43.6,1,78.9,1,2518.86,0
W011942,23.12,0,31.4,2,5290.57,1
W011943,10.82,0,100.5,4,783.27,0
W011944,28.95,0,102.8,2,18157.11,0
W011945,25.66,0,148.3,3,3005.24,1
W011946,39.62,1,99.4,1,751.96,0
W011947,34.52,1,31.8,3,5088.62,0
W011948,16.95,0,70.7,2,10357.98,0
W011949,62.94,1,8.2,3,13561.17,1
W011950,47.71,1,66.4,4,31440.01,0
W011951,27.84,0,16.6,1,605.15,0
W011952,48.51,1,46.7,4,787.52,0
W011953,16.59,0,26.1,3,15215.87,0
W011954,53.1,1,77.0,2,8810.64,0
W011955,41.67,1,38.1,1,31480.15,0
W011956,6.86,0,95.9,5,10647.4,0
W011957,26.39,0,96.2,4,2340.35,0
W011958,60.21,1,79.6,1,523.87,0
W011959,11.07,0,73.3,1,1054.05,1
W011960,18.88,0,33.9,3,17718.66,0
W011961,35.6,1,19.7,1,2692.2,0
W011962,0.0,0,41.9,2,2191.99,0
W011963,53.39,1,74.3,1,1215.07,0
W011964,21.24,0,61.6,4,2712.14,0
W011965,27.06,0,14.0,3,11911.61,1
W011966,0.0,0,42.8,2,1472.18,0
W011967,19.25,0,45.8,4,2760.48,0
W011968,15.53,0,32.1,3,3630.66,0
W011969,5.76,0,46.9,1,6610.48,0
W011970,26.69,0,29.7,2,5458.98,0
W011971,63.71,1,66.8,1,2035.3,0
W011972,39.03,1,65.1,1,865.11,1
W011973,15.82,0,66.3,4,9421.38,0
W011974,7.49,0,15.2,3,3304.61,0
W011975,19.82,0,53.5,1,4957.8,1
W011976,11.77,0,37.5,1,1498.81,0
W011977,48.14,1,134.1,2,3428.22,0
W011978,17.26,0,38.3,3,1272.15,1
W011979,8.51,0,34.0,4,2811.9,0
W011980,8.16,0,77.1,2,3904.67,1
W011981,36.84,1,79.8,1,4248.21,0
W011982,25.11,0,75.6,2,1428.68,0
W011983,7.21,0,80.8,2,2560.25,0
W011984,22.44,0,143.4,3,2358.21,0
W011985,42.72,1,56.8,2,10482.28,1
W011986,69.1,1,51.6,1,1868.4,0
W011987,27.45,0,73.7,6,2643.03,1
W011988,25.99,0,39.3,1,3250.8,0
W011989,8.28,0,50.8,4,2876.17,0
W011990,9.82,0,22.9,1,4169.99,0
W011991,52.77,1,113.0,3,1636.93,0
W011992,47.66,1,76.0,3,9376.84,1
W011993,29.63,0,43.5,3,2140.93,0
W011994,9.86,0,20.4,5,1600.03,0
W011995,21.64,0,103.7,4,551.42,0
W011996,27.63,0,18.8,1,2841.49,0
W011997,30.27,1,107.4,2,657.63,0
W011998,35.13,1,23.7,5,6076.89,0
W011999,32.94,1,13.1,4,2450.78,0
W012000,58.16,1,139.4,1,4471.57,0
W012001,31.29,1,85.1,1,1124.61,0
W012002,7.05,0,42.1,2,3314.31,0
W012003,51.64,1,21.8,6,4769.79,0
W012004,28.06,0,27.1,4,11442.5,0
W012005,13.42,0,135.9,4,662.86,0
W012006,14.73,0,54.9,2,748.18,0
W012007,21.76,0,143.0,2,631.65,0
W012008,16.48,0,54.3,2,11026.09,0
W012009,36.79,1,47.1,2,364.73,0
W012010,44.33,1,70.6,3,791.7,0
W012011,14.82,0,89.9,1,6991.99,0
W012012,42.03,1,56.2,5,667.48,0
W012013,45.18,1,78.8,5,3310.67,0
W012014,27.91,0,52.2,2,692.21,0
W012015,18.48,0,7.0,2,1047.93,1
W012016,53.33,1,37.0,4,8036.52,0
W012017,41.15,1,72.0,5,3924.93,0
W012018,13.79,0,63.0,1,3241.57,0
W012019,38.29,1,73.4,2,6834.02,0
W012020,43.11,1,86.0,3,11368.83,0
W012021,24.11,0,116.3,1,2799.28,0
W012022,16.82,0,23.9,4,804.3,0
W012023,34.29,1,53.5,2,42806.79,0
W012024,27.4,0,90.4,1,875.33,1
W012025,27.28,0,27.1,2,5743.18,0
W012026,63.23,1,84.8,2,2335.57,1
W012027,19.33,0,12.8,3,5693.61,0
W012028,33.44,1,67.5,1,1841.38,1
W012029,35.34,1,129.7,3,7506.71,0
W012030,51.76,1,33.5,1,6129.32,0
W012031,54.33,1,43.6,2,9167.95,0
W012032,38.74,1,90.1,2,1307.63,0
W012033,51.99,1,192.2,2,2512.65,0
W012034,31.09,1,10.0,1,5723.01,0
W012035,22.42,0,47.8,1,3112.27,0
W012036,37.27,1,52.1,1,1991.36,0
W012037,25.2,0,66.6,3,7060.55,0
W012038,42.0,1,50.7,1,1014.14,0
W012039,8.36,0,136.7,2,1937.96,0
W012040,63.66,1,123.5,3,3263.22,0
W012041,0.75,0,189.2,5,1123.94,0
W012042,29.69,0,93.3,1,2482.7,0
W012043,42.9,1,20.0,6,28362.99,0
W012044,44.82,1,185.2,1,5167.33,0
W012045,11.99,0,182.7,4,2928.3,0
W012046,11.14,0,32.6,1,5724.85,0
W012047,26.48,0,133.4,3,5584.17,0
W012048,4.74,0,61.8,1,31830.08,0
W012049,34.98,1,68.4,2,6212.74,0
W012050,35.99,1,47.8,6,5140.24,0
W012051,5.57,0,83.9,5,5387.14,0
W012052,20.16,0,138.7,4,1179.19,0
W012053,0.81,0,15.7,3,5193.03,0
W012054,37.31,1,57.3,3,1864.28,0
W012055,31.01,1,54.9,1,4799.14,0
W012056,23.13,0,107.4,2,12618.26,0
W012057,7.28,0,89.2,4,2394.89,0
W012058,14.88,0,24.1,1,4859.67,0
W012059,29.09,0,69.8,3,880.23,0
W012060,40.07,1,103.5,1,1536.49,1
W012061,5.88,0,55.3,6,5037.36,0
W012062,49.49,1,76.5,2,3080.98,0
W012063,34.17,1,115.0,1,3491.52,0
W012064,43.09,1,106.8,5,8281.24,0
W012065,17.43,0,46.0,5,9345.21,0
W012066,22.93,0,52.9,3,1013.56,0
W012067,46.41,1,80.0,5,18338.27,0
W012068,21.7,0,38.2,3,1787.62,1
W012069,43.35,1,47.0,2,1780.34,0
W012070,46.08,1,53.9,3,5365.89,0
W012071,0.0,0,22.3,1,8396.29,0
W012072,49.34,1,24.7,2,2367.69,1
W012073,31.53,1,70.4,4,5955.23,0
W012074,50.32,1,31.8,1,5768.41,0
W012075,55.81,1,56.9,4,2844.53,0
W012076,28.3,0,188.0,2,2829.78,1
W012077,58.64,1,48.5,3,14946.79,0
W012078,31.86,1,58.6,4,8965.84,0
W012079,24.61,0,66.9,2,3691.97,0
W012080,35.79,1,53.4,3,1734.69,0
W012081,27.39,0,37.1,3,3694.35,0
W012082,0.79,0,28.1,2,2629.68,0
W012083,36.52,1,10.9,1,48777.92,0
W012084,38.0,1,77.4,5,2176.73,0
W012085,22.82,0,88.3,2,1996.56,0
W012086,41.65,1,70.7,1,2709.83,0
W012087,1.45,0,37.2,6,5596.55,0
W012088,28.9,0,63.8,3,6120.09,0
W012089,27.5,0,40.5,4,1355.1,0
W012090,0.0,0,102.4,3,5932.96,0
W012091,19.96,0,91.5,3,1202.85,0
W012092,4.17,0,10.6,2,1034.67,0
W012093,55.99,1,25.0,4,2067.0,0
W012094,49.34,1,25.6,4,501.91,1
W012095,38.26,1,40.0,1,7445.41,0
W012096,49.05,1,153.9,2,4390.4,0
W012097,2.61,0,59.7,1,1816.67,0
W012098,10.88,0,53.0,5,564.32,0
W012099,24.85,0,27.5,4,1417.14,0
W012100,17.46,0,40.9,1,11959.55,0
W012101,56.48,1,67.7,3,3241.93,0
W012102,51.38,1,20.8,5,5443.41,0
W012103,17.84,0,73.7,2,3544.67,0
W012104,30.45,1,9.3,2,1894.71,0
W012105,14.15,0,75.4,3,97556.71,0
W012106,17.65,0,28.2,2,1629.27,0
W012107,21.44,0,42.3,4,7474.47,0
W012108,20.82,0,128.0,2,4129.09,0
W012109,1.3,0,66.6,2,62241.26,0
W012110,52.65,1,5.9,3,13323.39,0
W012111,41.04,1,131.6,2,6534.94,0
W012112,4.31,0,89.3,1,1604.07,0
W012113,25.57,0,74.3,3,3346.36,0
W012114,19.18,0,100.7,3,39807.07,0
W012115,41.04,1,62.9,1,1161.98,0
W012116,54.54,1,25.1,1,864.94,0
W012117,24.54,0,99.5,5,2262.49,0
W012118,0.0,0,62.1,1,208.87,0
W012119,11.26,0,134.1,2,3229.5,0
W012120,50.18,1,73.1,2,4590.31,0
W012121,44.43,1,44.7,2,6252.9,0
W012122,18.96,0,104.7,3,871.45,0
W012123,29.64,0,39.5,3,5732.68,1
W012124,25.51,0,38.3,5,11937.79,0
W012125,7.15,0,44.4,3,1955.77,0
W012126,23.13,0,33.7,5,403.96,0
W012127,17.86,0,141.2,2,24328.78,0
W012128,0.0,0,74.6,2,2038.2,0
W012129,38.6,1,50.6,2,8591.68,0
W012130,44.49,1,103.0,2,1466.75,0
W012131,42.86,1,28.7,2,12372.93,0
W012132,29.65,0,66.8,2,4840.83,0
W012133,0.0,0,138.3,3,2107.39,0
W012134,6.14,0,33.5,4,6044.89,0
W012135,32.65,1,23.2,1,5030.05,0
W012136,0.0,0,103.3,4,2803.01,0
W012137,41.05,1,51.5,3,16203.16,0
W012138,46.22,1,28.3,4,12062.15,0
W012139,26.22,0,57.7,5,1178.57,1
W012140,14.45,0,41.7,5,3175.2,0
W012141,17.2,0,104.9,1,1610.74,1
W012142,45.93,1,64.0,2,3307.0,0
W012143,26.62,0,51.3,4,7818.78,0
W012144,43.37,1,42.7,3,2526.11,1
W012145,48.56,1,81.6,2,6115.66,0
W012146,74.62,1,38.7,3,4275.6,0
W012147,46.34,1,53.1,1,2195.24,1
W012148,44.06,1,8.9,2,4311.86,0
W012149,36.18,1,81.1,2,1607.01,0
W012150,41.69,1,57.6,4,1592.73,0
W012151,43.15,1,49.0,1,8763.07,0
W012152,0.0,0,116.8,2,9547.51,0
W012153,45.2,1,98.1,5,2215.5,0
W012154,42.84,1,28.6,1,17364.63,0
W012155,3.13,0,53.0,3,5156.52,0
W012156,49.02,1,87.6,1,2577.07,0
W012157,29.61,0,54.7,2,3766.08,0
W012158,41.32,1,84.3,2,2053.83,0
W012159,17.8,0,117.7,4,871.97,0
W012160,39.57,1,29.5,2,15059.85,0
W012161,35.89,1,26.1,1,5579.89,0
W012162,43.21,1,137.7,3,780.58,0
W012163,46.34,1,39.2,1,5914.73,0
W012164,52.67,1,108.5,3,7213.39,0
W012165,18.19,0,41.2,2,6074.3,0
W012166,30.14,1,20.3,2,809.2,1
W012167,20.74,0,46.6,5,17950.69,0
W012168,51.82,1,48.5,2,4385.59,1
W012169,17.35,0,3.6,2,1465.55,0
W012170,0.98,0,60.2,1,1438.75,0
W012171,35.47,1,23.3,2,5285.62,0
W012172,54.47,1,85.3,3,27003.38,0
W012173,0.0,0,26.5,2,2564.59,0
W012174,42.89,1,81.3,5,1384.57,0
W012175,36.91,1,11.4,2,3645.6,0
W012176,41.23,1,66.3,2,2747.72,1
W012177,38.51,1,26.2,2,1159.49,0
W012178,28.57,0,54.0,1,12026.98,0
W012179,41.26,1,34.7,4,1664.05,0
W012180,33.09,1,14.0,3,7873.52,0
W012181,20.71,0,110.1,5,5120.42,0
W012182,25.52,0,36.2,2,5529.6,0
W012183,43.24,1,98.3,4,1764.41,0
W012184,28.04,0,22.2,2,1828.54,0
W012185,13.36,0,122.3,1,3923.72,0
W012186,23.1,0,95.9,1,5264.88,0
W012187,56.28,1,24.0,1,1738.78,0
W012188,49.46,1,44.1,3,2642.24,0
W012189,21.17,0,97.9,4,280.07,0
W012190,20.03,0,76.3,1,4604.37,0
W012191,9.34,0,17.3,2,18226.18,0
W012192,7.87,0,39.2,1,11864.71,0
W012193,31.2,1,81.1,2,1764.99,0
W012194,0.0,0,13.1,3,1921.13,0
W012195,9.38,0,159.1,1,2541.14,0
W012196,42.08,1,44.5,1,1990.38,0
W012197,40.08,1,25.3,2,18460.97,0
W012198,50.04,1,80.0,2,704.94,0
W012199,4.3,0,62.1,1,8058.56,0
W012200,34.53,1,88.3,2,8003.3,0
W012201,30.17,1,44.0,1,26601.92,0
W012202,40.37,1,8.3,4,11176.61,0
W012203,24.48,0,52.5,2,3282.41,1
W012204,34.03,1,78.4,1,18112.44,0
W012205,4.63,0,61.9,1,11940.27,0
W012206,55.81,1,118.6,3,27695.73,0
W012207,24.29,0,52.2,3,2521.79,0
W012208,72.5,1,58.9,3,1347.63,0
W012209,26.79,0,13.9,2,5589.06,0
W012210,18.05,0,54.9,4,3216.22,1
W012211,9.1,0,15.6,4,7604.28,0
W012212,27.13,0,80.4,2,2158.25,0
W012213,33.45,1,32.9,1,4423.76,1
W012214,43.95,1,144.3,4,1013.62,0
W012215,39.17,1,51.0,3,418.2,0
W012216,21.36,0,19.6,4,785.81,0
W012217,36.92,1,59.7,3,12739.15,0
W012218,29.53,0,32.0,1,7673.92,0
W012219,9.3,0,31.5,1,10429.59,0
W012220,18.44,0,98.2,2,700.23,0
W012221,16.07,0,26.3,1,917.37,0
W012222,9.92,0,101.3,3,17809.16,0
W012223,25.24,0,36.6,1,622.3,0
W012224,31.34,1,29.5,3,5090.74,0
W012225,30.28,1,62.9,1,1754.31,0
W012226,23.88,0,129.4,1,20626.77,0
W012227,51.48,1,25.4,3,4136.75,0
W012228,23.83,0,120.2,3,6575.13,0
W012229,43.46,1,90.5,5,5920.39,0
W012230,41.3,1,28.1,2,17953.95,0
W012231,42.44,1,45.8,4,4095.5,0
W012232,35.16,1,113.6,2,2123.89,0
W012233,28.92,0,24.5,2,1007.12,0
W012234,18.31,0,44.5,3,17178.08,1
W012235,22.22,0,44.3,3,1071.07,0
W012236,0.0,0,13.1,4,2119.43,1
W012237,26.87,0,50.9,2,341.24,0
W012238,42.53,1,58.5,1,594.11,0
W012239,13.84,0,44.6,1,873.94,0
W012240,38.85,1,72.1,2,1714.66,0
W012241,40.48,1,82.1,2,14878.45,0
W012242,37.98,1,10.3,5,14220.31,0
W012243,0.0,0,41.5,4,1264.63,0
W012244,36.17,1,55.9,1,1165.64,0
W012245,36.83,1,82.0,1,13297.37,0
W012246,25.44,0,10.2,4,6769.22,1
W012247,47.51,1,128.6,2,9694.95,0
W012248,43.14,1,56.3,2,505.1,0
W012249,51.26,1,92.1,2,2402.38,0
W012250,44.03,1,11.2,1,4763.73,0
W012251,2.35,0,61.4,1,3589.08,0
W012252,15.72,0,35.7,4,5287.42,0
W012253,26.88,0,37.6,2,2330.77,1
W012254,43.96,1,26.8,2,6608.31,0
W012255,28.84,0,70.1,2,3070.82,1
W012256,54.42,1,17.7,1,5624.7,0
W012257,39.88,1,46.8,2,7657.03,0
W012258,32.44,1,104.5,1,2205.02,0
W012259,29.97,0,68.9,2,1531.53,0
W012260,23.08,0,85.1,3,743.39,1
W012261,26.92,0,94.8,1,3371.9,0
W012262,11.79,0,62.2,4,5017.51,0
W012263,31.61,1,14.8,1,4674.29,0
W012264,18.4,0,28.2,4,52993.61,0
W012265,12.91,0,34.6,3,5002.25,1
W012266,28.08,0,174.7,1,3383.18,0
W012267,0.0,0,18.9,2,5601.71,0
W012268,32.6,1,50.9,2,726.04,0
W012269,18.52,0,29.6,5,3259.22,0
W012270,51.31,1,33.0,3,7753.4,1
W012271,70.07,1,19.9,1,5669.81,0
W012272,55.59,1,67.7,1,43284.08,0
W012273,1.67,0,58.8,4,1492.21,0
W012274,23.75,0,95.3,5,5683.33,0
W012275,25.83,0,101.9,4,1598.99,1
W012276,12.33,0,84.9,1,17516.76,0
W012277,7.5,0,74.4,4,3888.15,0
W012278,46.01,1,19.6,2,4258.89,0
W012279,38.63,1,27.3,1,9669.65,0
W012280,32.11,1,41.2,2,2455.64,0
W012281,39.04,1,54.7,2,2573.04,0
W012282,37.52,1,71.2,2,862.64,0
W012283,32.08,1,10.5,4,14069.43,0
W012284,21.0,0,42.5,1,6378.4,0
W012285,14.95,0,42.9,1,50961.91,1
W012286,17.84,0,72.7,3,4265.63,0
W012287,14.98,0,2.7,5,4480.23,0
W012288,17.14,0,68.7,6,1601.45,0
W012289,29.13,0,28.5,2,10742.92,0
W012290,24.24,0,8.3,1,5586.8,1
W012291,54.13,1,70.8,1,3180.18,0
W012292,25.16,0,84.6,5,9220.67,0
W012293,29.92,0,26.1,2,5143.18,0
W012294,22.77,0,49.5,4,3102.97,0
W012295,23.91,0,2.7,1,13034.86,0
W012296,66.48,1,31.1,3,2937.62,0
W012297,53.38,1,22.5,2,422.64,0
W012298,37.87,1,24.6,5,2428.03,0
W012299,48.0,1,23.8,1,998.85,0
W012300,0.0,0,68.3,2,5404.42,0
W012301,31.75,1,55.4,3,20934.6,0
W012302,18.17,0,89.1,3,3976.47,0
W012303,0.0,0,44.1,2,3269.81,0
W012304,52.78,1,7.5,4,9256.12,1
W012305,7.79,0,55.8,3,7370.79,0
W012306,31.29,1,135.3,2,1541.7,0
W012307,59.75,1,48.5,4,2751.48,1
W012308,37.44,1,63.4,1,17768.32,0
W012309,47.88,1,50.5,3,3024.79,0
W012310,29.78,0,77.9,3,1671.37,0
W012311,56.38,1,45.5,4,6843.39,0
W012312,22.21,0,47.8,4,8033.64,0
W012313,50.99,1,70.4,1,3578.37,0
W012314,17.4,0,135.2,2,409.85,0
W012315,41.97,1,94.6,1,9853.84,0
W012316,27.8,0,28.2,1,2012.49,0
W012317,22.27,0,58.4,3,21880.95,0
W012318,47.71,1,54.0,4,11018.86,0
W012319,38.35,1,58.7,5,77603.68,1
W012320,44.91,1,45.8,5,7920.25,0
W012321,60.29,1,73.0,1,12863.38,0
W012322,41.24,1,46.2,2,1957.09,0
W012323,32.27,1,58.7,1,1423.65,0
W012324,20.22,0,70.7,4,3974.11,0
W012325,49.57,1,72.7,2,13834.6,0
W012326,64.08,1,82.5,2,6046.62,0
W012327,9.99,0,34.1,2,2688.99,0
W012328,0.0,0,47.7,1,603.23,0
W012329,49.19,1,50.2,1,1289.94,0
W012330,42.92,1,46.3,3,904.45,0
W012331,9.89,0,14.0,3,1068.92,0
W012332,35.77,1,134.2,1,8194.39,0
W012333,29.89,0,4.8,3,95054.33,1
W012334,27.02,0,30.6,4,6924.55,0
W012335,9.52,0,36.9,1,1271.76,0
W012336,42.76,1,57.0,1,2058.72,0
W012337,37.92,1,71.4,1,7407.05,0
W012338,2.65,0,166.6,6,3915.07,0
W012339,44.57,1,35.5,2,1367.64,0
W012340,42.8,1,9.5,2,2771.75,0
W012341,7.96,0,127.9,3,3336.15,0
W012342,15.71,0,74.5,6,6305.17,0
W012343,5.36,0,20.9,4,2457.85,0
W012344,0.0,0,14.2,4,808.49,1
W012345,40.57,1,44.3,4,1322.13,0
W012346,22.0,0,28.0,1,1674.16,0
W012347,14.9,0,59.5,5,7604.5,0
W012348,0.27,0,36.9,2,2986.96,0
W012349,45.33,1,56.6,5,1695.75,0
W012350,63.76,1,81.8,1,13143.54,1
W012351,15.52,0,43.9,1,1401.55,0
W012352,20.32,0,169.5,3,1497.72,0
W012353,26.67,0,53.8,2,5514.95,0
W012354,32.61,1,37.9,2,5733.85,0
W012355,10.75,0,151.4,3,1723.47,0
W012356,33.31,1,140.6,2,19233.14,0
W012357,23.36,0,3.1,2,6707.8,0
W012358,19.32,0,10.7,2,3773.52,0
W012359,55.74,1,13.1,2,4127.48,0
W012360,18.14,0,27.9,6,15823.24,0
W012361,44.28,1,34.0,3,4480.42,0
W012362,48.42,1,95.8,4,6034.31,0
W012363,62.29,1,75.7,1,53838.82,0
W012364,0.0,0,68.6,5,6189.21,1
W012365,40.52,1,100.6,2,1561.52,0
W012366,13.91,0,33.7,5,6807.61,0
W012367,36.15,1,76.7,1,2934.69,0
W012368,29.78,0,48.3,4,21522.76,1
W012369,49.19,1,14.8,4,14462.68,0
W012370,42.43,1,38.5,1,16888.76,0
W012371,18.1,0,56.4,3,5078.83,0
W012372,30.06,1,23.6,2,15358.99,0
W012373,49.17,1,128.9,1,7628.96,0
W012374,28.85,0,56.7,1,111257.76,1
W012375,44.75,1,35.1,3,13607.19,0
W012376,0.0,0,78.2,6,744.18,0
W012377,17.74,0,73.0,3,1159.96,0
W012378,40.13,1,63.3,6,786.34,0
W012379,42.54,1,38.5,2,19619.86,0
W012380,24.82,0,68.1,3,932.44,0
W012381,36.8,1,42.1,2,7258.1,0
W012382,23.73,0,43.9,5,32444.99,0
W012383,3.02,0,51.8,2,3242.93,0
W012384,3.15,0,73.6,2,1609.8,0
W012385,8.97,0,24.9,5,5513.47,0
W012386,0.0,0,30.2,1,2434.34,0
W012387,19.44,0,126.8,3,1977.78,0
W012388,34.38,1,37.4,4,323.37,0
W012389,31.93,1,120.8,4,2740.14,0
W012390,17.22,0,53.3,5,28965.47,0
W012391,31.71,1,77.7,1,8440.63,0
W012392,57.46,1,17.9,2,508.87,1
W012393,29.18,0,49.5,1,2535.39,0
W012394,61.7,1,59.1,2,6224.56,0
W012395,31.5,1,168.9,1,1227.55,0
W012396,49.91,1,57.3,1,3208.15,0
W012397,15.86,0,52.9,2,723.95,0
W012398,4.58,0,71.9,1,1339.22,0
W012399,48.65,1,22.6,1,1180.88,0
W012400,44.42,1,94.1,4,2576.2,0
W012401,56.42,1,9.9,2,1526.73,0
W012402,40.42,1,61.4,2,2609.48,0
W012403,37.54,1,49.1,1,2487.1,1
W012404,9.99,0,12.7,5,733.93,0
W012405,38.38,1,46.8,2,1863.38,0
W012406,10.96,0,66.9,2,2358.33,0
W012407,19.5,0,37.3,3,2555.69,0
W012408,33.23,1,41.3,2,1317.21,0
W012409,12.25,0,57.3,4,809.82,1
W012410,21.13,0,29.7,1,4114.26,1
W012411,22.83,0,23.5,2,7855.94,0
W012412,42.95,1,79.8,1,9459.08,0
W012413,29.9,0,31.8,2,214.5,0
W012414,15.29,0,41.8,4,3394.84,0
W012415,33.01,1,130.8,2,2946.02,0
W012416,26.23,0,52.0,4,1473.93,0
W012417,51.25,1,39.2,1,5375.03,0
W012418,27.81,0,101.9,3,8350.64,0
W012419,56.48,1,38.2,3,470.91,0
W012420,20.71,0,35.9,2,1117.41,0
W012421,24.39,0,12.9,1,1176.25,0
W012422,17.42,0,71.5,1,12771.51,0
W012423,28.65,0,132.9,4,9900.52,0
W012424,28.72,0,46.8,3,4668.84,0
W012425,44.13,1,67.2,2,8578.51,0
W012426,17.3,0,41.6,3,1989.23,0
W012427,0.0,0,61.2,2,2474.18,0
W012428,17.91,0,119.4,2,3979.12,0
W012429,22.98,0,31.3,1,2054.58,0
W012430,22.9,0,135.4,2,2085.88,0
W012431,3.08,0,44.3,5,3156.43,0
W012432,16.25,0,56.6,5,19713.11,0
W012433,51.24,1,80.9,1,31048.17,0
W012434,29.57,0,92.8,2,11645.24,1
W012435,13.7,0,96.3,2,878.58,0
W012436,48.86,1,27.9,3,1375.46,1
W012437,10.02,0,54.1,2,2349.42,0
W012438,22.0,0,32.6,6,1297.95,0
W012439,24.05,0,51.9,2,5286.3,0
W012440,32.82,1,65.8,3,1266.69,0
W012441,20.94,0,86.3,1,13565.44,0
W012442,13.84,0,88.4,1,4079.14,0
W012443,8.8,0,14.9,2,317.88,0
W012444,38.98,1,68.5,3,1300.34,0
W012445,20.9,0,78.0,4,7923.37,0
W012446,23.31,0,37.1,2,4879.17,0
W012447,0.0,0,59.6,2,49789.33,0
W012448,44.0,1,34.8,5,954.93,0
W012449,34.49,1,75.1,1,3641.86,0
W012450,0.0,0,56.9,3,1945.52,0
W012451,31.88,1,39.9,1,5821.68,0
W012452,8.08,0,88.6,2,1924.11,0
W012453,7.59,0,134.4,2,687.04,0
W012454,24.77,0,24.6,1,4741.16,0
W012455,26.75,0,18.5,4,1506.01,0
W012456,62.84,1,39.9,3,3578.3,0
W012457,42.9,1,89.6,1,1768.97,0
W012458,13.31,0,43.8,2,565.99,0
W012459,41.19,1,62.7,1,1220.96,0
W012460,0.0,0,146.9,3,3421.65,0
W012461,41.26,1,95.0,2,28153.92,0
W012462,22.63,0,73.2,1,1112.16,0
W012463,16.92,0,25.2,2,761.26,0
W012464,40.4,1,23.8,2,10339.72,0
W012465,41.56,1,42.2,3,15598.12,0
W012466,15.7,0,63.9,1,457.88,0
W012467,53.69,1,36.3,3,8371.92,1
W012468,34.2,1,25.7,1,7591.12,0
W012469,25.07,0,72.2,1,12753.49,0
W012470,40.16,1,73.1,3,2714.32,0
W012471,44.02,1,75.2,2,6742.61,0
W012472,56.58,1,27.3,4,5686.02,1
W012473,43.8,1,57.7,3,3300.52,0
W012474,37.38,1,55.4,1,14317.18,0
W012475,48.88,1,34.2,4,8724.5,0
W012476,13.91,0,42.9,1,11829.09,0
W012477,54.14,1,92.7,1,10498.15,0
W012478,61.73,1,114.9,1,2530.64,0
W012479,0.48,0,12.5,3,2006.92,0
W012480,0.0,0,100.4,1,4728.75,0
W012481,33.99,1,227.1,3,3664.82,0
W012482,42.47,1,91.9,1,298.28,0
W012483,19.22,0,20.6,2,8848.29,0
W012484,33.89,1,23.4,2,6971.89,0
W012485,30.24,1,64.0,1,5346.14,0
W012486,31.97,1,27.9,4,6959.42,0
W012487,29.76,0,86.4,2,3851.48,0
W012488,40.2,1,36.2,1,3537.43,0
W012489,48.13,1,116.9,1,3049.54,0
W012490,31.8,1,50.8,2,886.87,0
W012491,1.04,0,18.5,2,1384.0,0
W012492,17.76,0,93.8,1,22735.04,0
W012493,37.61,1,18.9,2,1533.16,0
W012494,36.83,1,17.8,3,4621.62,0
W012495,13.63,0,115.6,1,4380.21,0
W012496,38.19,1,55.5,4,7151.8,0
W012497,42.55,1,12.9,2,2584.45,1
W012498,11.31,0,71.9,2,18549.0,0
W012499,36.76,1,58.8,2,5774.49,0
W012500,28.37,0,124.8,5,1924.68,0
W012501,0.0,0,48.6,4,12988.65,0
W012502,0.0,0,11.8,1,7360.85,0
W012503,17.06,0,64.7,1,6696.58,0
W012504,60.58,1,194.1,1,1667.1,0
W012505,51.09,1,189.0,1,1243.97,0
W012506,20.0,0,43.1,2,1129.47,0
W012507,41.38,1,41.4,5,1521.64,0
W012508,42.39,1,103.3,1,3574.96,0
W012509,24.15,0,21.7,2,11057.91,0
W012510,37.35,1,103.7,4,3682.74,0
W012511,34.16,1,204.5,2,2408.05,0
W012512,12.37,0,82.8,3,1809.96,0
W012513,50.76,1,144.6,2,5185.74,0
W012514,27.22,0,232.3,4,3254.37,0
W012515,26.51,0,70.7,3,4491.23,0
W012516,61.06,1,54.6,1,2423.61,0
W012517,67.72,1,39.9,1,723.41,0
W012518,11.87,0,69.0,1,17053.7,0
W012519,38.58,1,32.1,3,8537.4,0
W012520,20.81,0,36.4,2,901.75,0
W012521,33.86,1,10.1,3,5462.67,0
W012522,28.38,0,65.0,3,89722.95,0
W012523,16.63,0,87.6,3,7257.5,0
W012524,0.0,0,34.2,2,2709.5,0
W012525,43.75,1,61.6,2,2421.2,1
W012526,6.47,0,126.7,2,1444.6,0
W012527,33.67,1,59.0,1,14019.14,0
W012528,36.64,1,42.9,3,4534.63,0
W012529,35.55,1,21.6,1,6861.73,0
W012530,14.42,0,32.5,4,901.51,0
W012531,46.23,1,35.5,3,3515.66,0
W012532,38.19,1,56.6,1,2264.9,0
W012533,1.4,0,95.2,1,2037.86,0
W012534,47.65,1,52.4,4,4014.84,0
W012535,12.03,0,40.7,3,2262.71,0
W012536,32.28,1,169.3,3,912.04,0
W012537,42.29,1,59.2,2,3987.9,0
W012538,41.58,1,72.4,2,8535.82,0
W012539,11.24,0,62.0,1,3488.09,1
W012540,29.79,0,17.7,1,1684.99,0
W012541,18.65,0,36.9,3,1662.74,0
W012542,3.4,0,76.8,3,1825.23,0
W012543,25.58,0,66.2,1,7805.58,0
W012544,0.45,0,225.2,3,5751.99,0
W012545,21.24,0,5.8,3,1411.38,0
W012546,22.2,0,26.7,3,6979.22,0
W012547,15.89,0,54.7,6,2964.24,1
W012548,35.76,1,25.9,1,547.92,0
W012549,52.48,1,49.3,2,4435.68,0
W012550,28.62,0,66.7,4,27162.49,0
W012551,13.44,0,9.7,1,16804.01,0
W012552,47.08,1,39.0,1,7682.39,0
W012553,19.61,0,171.0,2,3584.56,0
W012554,38.38,1,115.4,1,1926.07,0
W012555,17.69,0,14.4,1,7546.01,0
W012556,49.22,1,48.5,4,417.06,1
W012557,24.42,0,49.2,2,8148.32,1
W012558,37.14,1,196.2,2,4647.62,0
W012559,28.02,0,72.2,3,2443.48,0
W012560,46.57,1,220.9,2,15489.51,0
W012561,32.36,1,210.5,3,5072.39,0
W012562,55.31,1,79.4,1,7729.72,0
W012563,38.47,1,86.0,1,1218.49,0
W012564,14.6,0,96.9,4,434.03,0
W012565,17.67,0,51.9,4,4256.12,0
W012566,11.78,0,48.4,4,912.41,1
W012567,18.0,0,65.9,3,4148.44,0
W012568,35.54,1,92.0,3,6457.58,0
W012569,39.19,1,52.0,1,6631.81,0
W012570,7.16,0,67.5,2,554.36,0
W012571,7.14,0,58.9,2,1869.25,0
W012572,35.52,1,94.8,2,1261.06,1
W012573,41.28,1,43.7,1,7813.21,0
W012574,14.41,0,162.8,2,445.74,0
W012575,34.71,1,94.7,1,1757.58,0
W012576,45.43,1,59.9,3,2018.87,0
W012577,11.17,0,76.0,4,7056.0,0
W012578,25.5,0,8.0,3,1808.14,0
W012579,11.99,0,77.7,2,13140.66,0
W012580,13.95,0,53.0,1,1190.8,0
W012581,25.44,0,40.5,3,8557.68,0
W012582,22.24,0,65.7,2,10653.7,0
W012583,27.7,0,128.3,5,3173.75,0
W012584,1.54,0,127.4,1,1536.99,0
W012585,59.85,1,72.9,1,2190.82,0
W012586,45.24,1,27.1,1,653.28,0
W012587,22.29,0,41.6,1,7770.63,0
W012588,15.55,0,7.3,1,5886.61,0
W012589,45.37,1,139.5,3,921.5,0
W012590,50.89,1,107.7,4,2007.89,0
W012591,26.41,0,43.3,1,22038.52,0
W012592,12.88,0,35.3,5,3327.53,0
W012593,42.84,1,7.4,4,2030.35,0
W012594,55.26,1,25.7,1,2099.89,0
W012595,50.96,1,40.5,4,2629.74,0
W012596,21.03,0,109.2,2,3069.91,0
W012597,21.24,0,93.6,6,31000.88,0
W012598,0.0,0,101.7,2,4356.79,0
W012599,41.07,1,78.7,3,15412.56,0
W012600,33.92,1,25.3,1,2811.39,0
W012601,39.9,1,40.1,2,3972.86,0
W012602,27.46,0,36.6,3,14053.58,0
W012603,46.55,1,17.5,1,1634.74,0
W012604,49.74,1,11.3,1,1548.97,1
W012605,24.66,0,53.6,4,1026.97,0
W012606,49.46,1,42.8,3,16607.43,0
W012607,30.05,1,127.8,5,10102.53,0
W012608,28.21,0,96.7,1,2392.7,0
W012609,36.83,1,64.2,2,1458.79,1
W012610,0.0,0,57.4,1,4622.98,0
W012611,21.46,0,48.5,3,1361.37,0
W012612,39.91,1,55.1,3,9199.1,0
W012613,37.05,1,83.0,3,2646.99,0
W012614,46.31,1,70.9,2,3789.3,0
W012615,61.58,1,19.6,1,3838.67,0
W012616,36.0,1,106.9,2,5890.7,1
W012617,10.58,0,38.5,3,4459.87,0
W012618,11.42,0,88.6,2,771.4,0
W012619,33.8,1,46.6,4,1599.17,0
W012620,7.72,0,22.5,1,3091.51,0
W012621,28.59,0,41.3,4,2065.11,0
W012622,5.94,0,59.4,2,3078.54,0
W012623,1.97,0,35.2,3,3052.45,0
W012624,7.75,0,32.4,2,1522.79,0
W012625,0.58,0,31.5,3,5344.57,0
W012626,40.77,1,26.3,4,5983.39,0
W012627,22.12,0,123.4,6,16023.24,1
W012628,20.37,0,64.5,2,2251.43,0
W012629,25.56,0,69.8,4,7509.2,0
W012630,33.68,1,36.4,3,13100.79,1
W012631,38.19,1,95.3,3,6579.01,0
W012632,8.72,0,108.7,4,6953.87,0
W012633,45.27,1,91.6,2,9984.88,0
W012634,0.91,0,65.5,1,2171.79,0
W012635,10.77,0,41.6,1,2552.88,0
W012636,14.36,0,21.3,2,2085.96,0
W012637,13.73,0,130.8,1,18453.77,0
W012638,37.07,1,107.4,4,10150.63,0
W012639,69.84,1,25.3,6,1488.58,0
W012640,62.27,1,18.6,4,607.74,0
W012641,35.65,1,18.0,4,1525.49,1
W012642,49.92,1,17.7,1,9868.02,0
W012643,18.45,0,89.0,1,3564.4,0
W012644,35.35,1,23.1,1,858.35,0
W012645,38.94,1,59.3,1,2020.22,1
W012646,17.39,0,46.1,4,4695.11,0
W012647,54.85,1,161.4,4,2231.69,0
W012648,53.16,1,21.2,5,13977.19,1
W012649,24.73,0,30.1,4,29120.53,0
W012650,22.27,0,176.8,1,8559.15,0
W012651,0.0,0,48.6,5,1138.58,0
W012652,59.84,1,102.3,2,3646.37,0
W012653,19.88,0,274.0,2,1498.79,0
W012654,35.37,1,77.5,1,1377.48,0
W012655,0.0,0,33.0,1,2538.88,0
W012656,25.7,0,72.6,2,883.77,1
W012657,33.8,1,41.7,1,903.1,1
W012658,38.58,1,118.0,3,996.85,0
W012659,42.68,1,16.5,5,1640.81,0
W012660,54.25,1,36.5,4,7486.39,0
W012661,44.58,1,48.0,4,1316.75,0
W012662,13.8,0,64.2,1,2403.43,0
W012663,16.66,0,71.8,4,781.03,0
W012664,13.43,0,91.3,1,21445.01,0
W012665,19.04,0,35.4,5,3549.97,0
W012666,30.85,1,49.9,2,1240.52,1
W012667,52.15,1,54.2,1,3872.13,1
W012668,42.66,1,15.7,2,2613.38,0
W012669,14.74,0,5.3,4,9436.55,1
W012670,10.09,0,147.9,1,7251.71,0
W012671,35.8,1,24.1,3,330.33,0
W012672,45.79,1,14.5,1,969.42,0
W012673,12.8,0,28.7,2,7506.46,0
W012674,3.63,0,69.9,3,168.1,0
W012675,67.72,1,34.4,1,2914.68,0
W012676,0.0,0,11.3,3,872.3,0
W012677,0.0,0,96.7,2,90852.96,0
W012678,14.0,0,115.8,3,13577.26,0
W012679,40.31,1,27.6,2,5297.08,0
W012680,60.96,1,13.8,1,11665.73,0
W012681,20.93,0,21.8,1,5089.2,0
W012682,12.39,0,67.5,2,10171.25,0
W012683,20.62,0,27.2,2,1421.13,0
W012684,26.07,0,33.3,3,35975.4,0
W012685,25.69,0,18.6,2,2727.8,0
W012686,46.41,1,76.2,1,1909.23,0
W012687,30.38,1,55.3,4,8903.89,0
W012688,19.47,0,30.1,1,2935.77,1
W012689,27.63,0,22.3,3,13837.48,0
W012690,38.83,1,16.9,2,20292.55,0
W012691,0.0,0,30.6,3,13316.94,0
W012692,21.2,0,41.1,4,962.63,1
W012693,17.53,0,68.6,2,551.1,0
W012694,26.76,0,83.2,3,1196.42,0
W012695,20.53,0,47.1,1,11198.52,0
W012696,6.02,0,18.4,4,2124.51,0
W012697,21.35,0,110.9,1,12549.44,0
W012698,61.15,1,46.5,2,7690.25,0
W012699,8.63,0,36.8,4,7959.44,0
W012700,0.0,0,92.3,2,6553.04,0
W012701,44.74,1,73.7,1,2449.98,0
W012702,11.61,0,2.4,4,9446.62,0
W012703,29.22,0,17.2,2,1566.49,1
W012704,46.07,1,24.1,2,1305.01,0
W012705,27.16,0,67.7,1,26350.47,1
W012706,38.76,1,46.9,2,466.05,0
W012707,16.23,0,95.6,1,2827.48,0
W012708,22.29,0,38.3,3,789.11,0
W012709,38.6,1,49.1,2,3312.61,0
W012710,25.91,0,102.6,4,7334.06,0
W012711,23.57,0,36.1,3,6022.45,0
W012712,32.34,1,75.2,1,821.48,0
W012713,23.27,0,60.4,4,2102.97,0
W012714,17.89,0,16.1,1,18629.78,0
W012715,48.89,1,39.3,3,9810.53,0
W012716,9.25,0,11.4,4,4527.98,0
W012717,5.92,0,73.6,4,21584.37,0
W012718,66.5,1,50.4,5,1256.66,0
W012719,39.87,1,81.9,4,24444.36,0
W012720,39.13,1,75.5,4,3644.66,0
W012721,32.64,1,101.2,2,898.65,0
W012722,44.24,1,37.7,1,17037.4,0
W012723,64.4,1,50.3,1,2555.42,0
W012724,44.6,1,86.8,2,8868.15,0
W012725,24.54,0,54.3,4,11619.11,0
W012726,0.0,0,34.9,1,2295.24,0
W012727,15.26,0,134.1,2,1048.77,1
W012728,21.95,0,110.9,6,2504.79,0
W012729,9.51,0,96.9,2,864.55,0
W012730,38.78,1,71.7,1,755.91,0
W012731,30.7,1,146.3,3,3310.62,0
W012732,30.91,1,128.9,3,76145.89,1
W012733,23.52,0,17.5,1,3592.81,0
W012734,31.59,1,17.2,1,5685.46,0
W012735,38.35,1,91.1,5,223.38,0
W012736,50.03,1,36.5,4,4971.52,0
W012737,37.61,1,7.6,2,639.62,0
W012738,17.49,0,43.5,6,14873.77,0
W012739,13.54,0,57.7,1,1487.86,0
W012740,0.0,0,34.6,1,8806.87,0
W012741,41.26,1,109.6,2,41830.44,0
W012742,22.59,0,11.8,1,421.15,0
W012743,34.31,1,87.9,5,1010.68,0
W012744,41.78,1,45.6,3,1818.9,0
W012745,23.54,0,4.8,2,3243.39,0
W012746,25.13,0,65.4,3,351.33,0
W012747,0.0,0,86.2,1,3997.24,0
W012748,9.53,0,82.7,2,818.73,0
W012749,45.71,1,36.6,6,12471.17,0
W012750,30.66,1,78.5,4,1542.52,0
W012751,33.8,1,54.1,1,16567.76,0
W012752,37.16,1,77.3,5,6895.28,0
W012753,40.33,1,61.9,2,1541.95,0
W012754,35.32,1,8.1,1,1965.08,0
W012755,27.55,0,43.8,4,7370.27,0
W012756,42.49,1,40.4,1,7229.09,0
W012757,29.59,0,23.7,4,798.36,0
W012758,54.07,1,109.1,4,1279.51,0
W012759,27.94,0,102.5,4,1266.16,0
W012760,28.74,0,34.6,2,1961.4,0
W012761,40.54,1,64.8,3,3373.3,0
W012762,31.41,1,152.3,1,4025.63,0
W012763,29.43,0,20.5,5,373.43,1
W012764,21.24,0,36.3,1,2680.63,1
W012765,17.72,0,118.3,5,2306.5,0
W012766,47.19,1,128.7,1,3612.21,0
W012767,33.15,1,19.4,6,1337.88,0
W012768,30.07,1,67.4,3,3561.23,0
W012769,35.84,1,33.9,2,45294.78,0
W012770,34.77,1,25.2,2,25105.18,0
W012771,8.43,0,25.5,2,7103.5,0
W012772,43.85,1,130.5,3,9716.38,0
W012773,34.8,1,27.7,1,7844.99,0
W012774,41.2,1,72.6,3,557.67,0
W012775,18.66,0,121.4,2,3547.18,0
W012776,21.71,0,28.3,4,1720.29,0
W012777,19.27,0,27.8,2,419.66,0
W012778,64.53,1,101.3,1,3773.25,0
W012779,50.65,1,80.6,1,13059.61,0
W012780,33.25,1,44.6,1,708.37,0
W012781,36.81,1,74.1,1,6407.8,1
W012782,43.96,1,34.6,3,4561.53,0
W012783,19.86,0,52.1,5,16235.87,0
W012784,37.02,1,155.8,2,19962.09,0
W012785,49.3,1,60.4,2,3593.75,0
W012786,32.46,1,31.6,5,5423.52,0
W012787,62.88,1,88.5,2,614.21,0
W012788,51.45,1,43.3,4,1834.85,0
W012789,29.82,0,188.0,2,4795.31,0
W012790,25.06,0,124.8,3,1530.86,0
W012791,18.55,0,66.5,1,21080.26,0
W012792,64.67,1,71.9,3,6270.18,1
W012793,32.55,1,103.1,2,987.1,0
W012794,2.03,0,67.2,2,2408.17,0
W012795,36.64,1,26.4,2,1000.58,1
W012796,22.67,0,48.9,3,7761.84,0
W012797,14.79,0,54.2,4,3000.15,1
W012798,20.08,0,10.8,2,5144.59,0
W012799,40.4,1,77.8,6,3847.68,0
W012800,65.42,1,56.7,5,7540.09,0
W012801,66.7,1,71.3,3,4570.74,0
W012802,39.15,1,37.7,2,1799.45,0
W012803,29.83,0,11.7,3,1189.01,0
W012804,29.08,0,89.3,2,1738.97,0
W012805,46.59,1,49.9,1,1724.85,0
W012806,13.69,0,31.7,4,5343.65,0
W012807,7.58,0,6.9,1,9268.29,0
W012808,19.84,0,67.6,1,2187.05,0
W012809,12.49,0,9.2,1,1946.7,0
W012810,24.82,0,124.2,1,46810.04,0
W012811,47.07,1,95.7,4,3386.23,1
W012812,15.85,0,58.0,2,1658.04,0
W012813,43.69,1,45.8,5,8425.08,0
W012814,10.64,0,77.0,5,6502.48,0
W012815,22.25,0,33.7,3,6814.26,0
W012816,18.64,0,17.4,3,2970.71,0
W012817,48.83,1,49.4,1,3847.15,0
W012818,19.25,0,5.7,2,6999.47,0
W012819,20.65,0,72.3,4,7807.86,0
W012820,45.36,1,56.4,3,7489.07,0
W012821,47.83,1,31.9,2,2255.87,0
W012822,45.29,1,13.2,2,3785.18,1
W012823,10.56,0,26.1,1,5105.52,0
W012824,44.85,1,60.5,1,647.98,0
W012825,26.9,0,65.9,1,2894.18,0
W012826,3.75,0,34.5,3,1572.15,0
W012827,14.5,0,18.4,2,3268.48,1
W012828,27.36,0,38.5,1,5883.14,0
W012829,28.24,0,84.2,4,1322.27,1
W012830,6.01,0,57.8,1,1670.07,0
W012831,13.66,0,37.9,2,8194.49,0
W012832,6.37,0,69.0,5,7596.79,0
W012833,27.66,0,72.7,4,775.13,1
W012834,31.58,1,106.9,1,4627.75,1
W012835,26.51,0,117.2,4,688.21,0
W012836,35.66,1,15.7,3,1841.06,0
W012837,6.65,0,39.9,1,2952.09,0
W012838,37.68,1,123.6,1,4656.94,0
W012839,48.86,1,41.5,6,29902.64,0
W012840,33.46,1,64.3,4,8690.83,0
W012841,17.67,0,50.1,2,651.78,0
W012842,0.8,0,58.9,3,2682.79,0
W012843,45.46,1,49.4,1,2437.77,0
W012844,13.29,0,114.5,2,1703.45,0
W012845,10.4,0,47.1,3,12458.7,0
W012846,19.88,0,92.9,4,5223.1,0
W012847,59.46,1,60.7,1,6474.8,1
W012848,22.54,0,86.3,3,12482.88,0
W012849,36.72,1,42.6,4,2443.99,0
W012850,22.05,0,45.2,1,7141.49,0
W012851,0.0,0,20.4,2,34087.02,0
W012852,42.12,1,31.2,1,2177.71,0
W012853,41.85,1,5.7,1,2067.65,0
W012854,53.49,1,65.7,5,1342.19,0
W012855,47.77,1,57.5,3,805.53,0
W012856,49.59,1,14.8,2,4232.0,0
W012857,35.39,1,113.7,5,5210.44,0
W012858,27.85,0,83.6,2,1520.94,0
W012859,25.05,0,21.1,2,4557.16,1
W012860,0.0,0,18.1,2,6531.53,0
W012861,16.99,0,35.6,4,320.14,0
W012862,28.77,0,27.1,2,4059.47,0
W012863,1.83,0,58.9,1,9110.53,0
W012864,47.41,1,5.2,1,10397.39,0
W012865,22.3,0,14.7,6,14179.67,0
W012866,33.01,1,16.4,6,3138.41,0
W012867,25.98,0,83.3,5,990.44,0
W012868,22.45,0,38.1,3,1282.88,0
W012869,21.13,0,53.5,2,6477.47,0
W012870,24.55,0,26.6,3,1012.8,0
W012871,0.0,0,58.7,3,30521.54,0
W012872,0.0,0,78.8,1,11351.85,0
W012873,36.29,1,74.4,5,2430.0,0
W012874,23.51,0,81.1,2,6024.86,0
W012875,31.44,1,48.8,2,614.47,0
W012876,34.58,1,83.6,2,29266.29,0
W012877,22.04,0,70.9,2,1947.92,0
W012878,10.76,0,41.1,3,832.56,0
W012879,21.08,0,67.7,2,2048.41,0
W012880,28.89,0,52.3,1,4504.89,1
W012881,35.23,1,45.5,6,3594.4,0
W012882,34.94,1,28.1,3,14203.2,0
W012883,34.9,1,77.8,3,4008.48,0
W012884,48.29,1,34.4,4,6959.06,0
W012885,0.0,0,27.3,3,2932.64,0
W012886,37.5,1,24.9,1,7807.62,0
W012887,44.89,1,109.0,2,1139.15,0
W012888,60.25,1,52.8,1,2702.75,0
W012889,11.24,0,46.6,2,6555.96,0
W012890,55.03,1,69.6,2,1003.65,0
W012891,72.39,1,74.3,3,6119.76,0
W012892,20.28,0,19.1,2,3309.99,0
W012893,23.11,0,38.2,2,3298.62,0
W012894,13.86,0,25.0,3,9993.87,0
W012895,43.03,1,67.9,1,1634.96,0
W012896,31.87,1,84.1,1,14271.17,0
W012897,52.42,1,59.6,5,4101.94,0
W012898,6.84,0,26.3,2,2722.6,0
W012899,25.77,0,19.8,4,9085.15,0
W012900,16.55,0,16.8,2,1713.5,0
W012901,39.49,1,58.2,3,8408.54,0
W012902,51.46,1,20.3,2,3752.13,1
W012903,54.49,1,53.8,4,3345.47,0
W012904,17.89,0,95.1,3,3430.38,0
W012905,23.2,0,143.4,4,1216.27,0
W012906,41.73,1,62.5,3,4802.62,0
W012907,37.02,1,62.9,3,7582.38,0
W012908,17.18,0,38.5,3,491.41,0
W012909,32.69,1,15.4,3,3080.36,0
W012910,6.94,0,65.6,3,5067.35,1
W012911,25.51,0,39.7,2,3469.37,0
W012912,33.43,1,26.4,4,1387.0,0
W012913,20.01,0,129.6,3,390.73,0
W012914,32.13,1,63.9,1,3543.84,0
W012915,31.42,1,39.1,2,1892.49,0
W012916,0.0,0,59.6,1,1951.35,0
W012917,28.95,0,75.6,1,6430.46,1
W012918,34.26,1,65.1,1,498.18,0
W012919,54.95,1,50.4,4,428.86,0
W012920,13.14,0,30.1,3,17401.65,0
W012921,34.38,1,117.3,2,6202.49,0
W012922,41.73,1,64.8,2,7184.33,0
W012923,34.12,1,22.6,3,2041.03,0
W012924,37.69,1,52.4,1,59843.86,0
W012925,28.17,0,90.9,1,13913.45,0
W012926,41.57,1,102.2,5,7137.54,0
W012927,78.94,1,68.7,4,4241.85,0
W012928,27.97,0,69.3,4,4520.16,0
W012929,26.03,0,23.0,4,5036.74,0
W012930,23.37,0,48.7,1,2315.22,0
W012931,12.11,0,93.8,3,4150.9,0
W012932,63.97,1,27.9,1,1059.06,0
W012933,36.9,1,33.8,5,2975.18,0
W012934,17.07,0,20.6,1,1844.6,0
W012935,32.56,1,59.0,3,926.5,0
W012936,31.32,1,17.7,1,13722.09,0
W012937,31.46,1,114.9,2,1514.37,0
W012938,28.89,0,35.8,1,3843.78,1
W012939,22.47,0,48.0,3,22855.26,0
W012940,41.06,1,13.3,2,4428.94,1
W012941,18.1,0,176.0,2,1745.29,0
W012942,28.32,0,98.8,1,2111.81,0
W012943,8.24,0,67.7,1,14178.04,0
W012944,37.24,1,65.7,3,4164.34,0
W012945,25.37,0,63.3,3,5089.75,0
W012946,31.95,1,47.3,3,23953.68,0
W012947,53.09,1,14.0,1,2760.19,0
W012948,33.31,1,105.1,4,628.54,0
W012949,6.24,0,16.2,1,2272.5,1
W012950,19.7,0,33.8,3,1655.03,0
W012951,15.17,0,93.7,3,3727.24,0
W012952,57.2,1,35.9,4,11307.53,0
W012953,0.0,0,5.9,4,327.82,0
W012954,49.3,1,57.0,1,3118.67,0
W012955,30.39,1,38.8,3,3371.55,0
W012956,30.65,1,79.9,3,253.53,0
W012957,36.98,1,30.5,1,15609.89,0
W012958,59.65,1,34.7,3,1814.84,0
W012959,0.0,0,87.0,2,2957.39,0
W012960,27.98,0,26.3,1,2278.49,0
W012961,32.2,1,35.7,3,2607.05,0
W012962,26.87,0,42.8,2,3744.27,0
W012963,21.39,0,54.9,6,5803.22,0
W012964,19.41,0,18.8,2,3166.86,0
W012965,30.11,1,34.2,2,1251.49,0
W012966,6.49,0,9.6,3,2803.01,0
W012967,0.0,0,35.5,3,5707.7,0
W012968,6.97,0,126.3,3,1749.28,0
W012969,40.47,1,35.1,3,2359.56,0
W012970,43.16,1,55.9,3,411.67,0
W012971,50.13,1,72.7,4,2855.1,0
W012972,30.67,1,107.7,2,761.82,0
W012973,14.42,0,13.2,1,23292.8,0
W012974,39.62,1,86.1,3,1200.74,0
W012975,44.97,1,48.7,1,8904.37,1
W012976,15.76,0,127.0,2,3614.83,0
W012977,18.74,0,78.3,1,1263.94,0
W012978,34.28,1,27.5,3,2796.15,0
W012979,0.0,0,66.4,3,944.51,0
W012980,6.27,0,21.2,5,8777.02,0
W012981,37.76,1,79.3,4,6433.47,0
W012982,23.33,0,60.2,3,13030.8,0
W012983,16.6,0,85.9,4,3778.3,0
W012984,3.15,0,96.9,6,10975.02,0
W012985,29.28,0,43.0,1,11557.14,0
W012986,25.83,0,98.2,1,5285.56,0
W012987,22.47,0,101.5,5,6771.26,0
W012988,34.52,1,55.7,3,469.7,0
W012989,39.37,1,42.3,2,12093.44,1
W012990,68.58,1,31.6,3,1020.46,0
W012991,50.29,1,31.2,1,6677.74,0
W012992,55.59,1,69.8,2,11030.0,0
W012993,9.29,0,47.6,2,1303.85,0
W012994,56.88,1,62.8,1,5926.46,0
W012995,56.51,1,51.9,1,2991.42,0
W012996,35.34,1,91.7,6,8025.04,0
W012997,52.69,1,71.4,3,11639.37,1
W012998,19.64,0,83.6,3,18822.14,0
W012999,20.97,0,155.6,3,7475.63,0
W013000,16.61,0,25.8,1,3830.94,0
W013001,12.35,0,174.2,1,1944.58,0
W013002,46.55,1,102.1,3,13955.3,0
W013003,50.04,1,51.7,2,543.96,0
W013004,33.68,1,41.1,2,819.09,0
W013005,21.31,0,43.5,4,1877.25,0
W013006,47.96,1,74.2,3,2254.33,0
W013007,8.28,0,30.2,2,1779.08,0
W013008,32.94,1,27.5,1,2490.35,0
W013009,36.29,1,51.4,1,5557.1,0
W013010,33.79,1,35.0,3,2767.3,0
W013011,25.9,0,67.2,3,1192.57,0
W013012,40.72,1,24.2,1,6235.68,0
W013013,12.66,0,15.3,4,14810.54,0
W013014,33.76,1,23.8,5,1464.06,0
W013015,6.07,0,67.5,1,15222.21,0
W013016,20.09,0,75.3,1,2279.81,0
W013017,33.32,1,95.5,5,954.37,0
W013018,43.12,1,42.6,5,10142.62,0
W013019,47.07,1,35.5,1,58453.7,0
W013020,33.68,1,23.0,2,9639.05,0
W013021,49.29,1,15.4,4,6654.92,0
W013022,0.1,0,126.4,2,2800.27,0
W013023,18.83,0,55.1,3,7369.85,0
W013024,45.35,1,66.1,2,4586.64,0
W013025,48.87,1,69.6,2,11738.51,0
W013026,18.9,0,10.7,4,1474.44,0
W013027,30.53,1,2.8,5,3445.26,0
W013028,23.72,0,110.8,2,1687.72,0
W013029,17.02,0,48.7,1,3640.44,0
W013030,44.72,1,33.5,3,2163.9,0
W013031,40.69,1,35.6,5,2453.7,0
W013032,15.16,0,60.5,2,6109.39,0
W013033,23.27,0,44.9,2,1212.14,0
W013034,14.1,0,94.5,1,13740.8,0
W013035,62.47,1,37.6,4,4343.99,0
W013036,38.7,1,66.6,3,2480.68,1
W013037,25.0,0,103.8,1,24214.17,0
W013038,31.81,1,38.8,2,6262.86,0
W013039,25.24,0,52.7,4,23212.78,1
W013040,42.76,1,60.0,4,2191.18,0
W013041,20.82,0,23.7,2,3961.32,0
W013042,39.94,1,66.9,5,4041.26,0
W013043,30.88,1,51.5,1,31798.83,0
W013044,41.48,1,16.3,3,3913.88,0
W013045,19.92,0,30.6,6,957.65,0
W013046,43.23,1,83.6,3,2151.58,0
W013047,27.95,0,24.4,1,941.56,1
W013048,38.62,1,31.7,1,1686.22,0
W013049,39.39,1,96.3,4,8979.57,0
W013050,19.87,0,118.9,1,952.93,0
W013051,41.46,1,62.2,3,2601.94,0
W013052,0.0,0,24.2,3,10337.04,0
W013053,0.0,0,92.9,1,6799.88,0
W013054,21.68,0,36.3,1,7203.6,0
W013055,41.09,1,67.3,6,1075.07,0
W013056,31.76,1,60.1,5,9014.7,0
W013057,12.15,0,150.9,3,2093.86,1
W013058,44.16,1,27.6,2,3208.69,0
W013059,15.82,0,41.9,2,2524.61,0
W013060,18.86,0,78.8,5,2837.19,0
W013061,66.78,1,78.3,3,1410.35,0
W013062,38.56,1,37.1,5,2482.92,0
W013063,42.1,1,130.7,5,1160.59,0
W013064,32.79,1,69.9,3,2082.61,0
W013065,49.52,1,66.8,1,949.93,1
W013066,35.21,1,10.6,3,776.62,0
W013067,13.6,0,31.8,3,420.78,0
W013068,49.15,1,71.3,2,6257.27,0
W013069,17.94,0,62.1,1,16207.98,0
W013070,9.46,0,99.1,6,3911.34,0
W013071,20.96,0,16.2,4,1783.94,0
W013072,36.44,1,36.2,4,6403.44,0
W013073,25.69,0,49.7,2,2136.02,0
W013074,44.24,1,57.2,4,2164.14,0
W013075,32.03,1,72.9,1,960.33,0
W013076,39.37,1,94.8,2,971.27,0
W013077,20.51,0,91.3,2,19860.27,0
W013078,8.31,0,51.7,3,3774.02,0
W013079,39.16,1,17.1,4,1293.93,0
W013080,81.18,1,120.8,1,4800.8,1
W013081,49.5,1,56.4,2,12690.2,0
W013082,21.14,0,34.5,6,567.73,0
W013083,18.32,0,20.5,3,1949.72,1
W013084,19.83,0,68.2,2,6838.9,0
W013085,48.42,1,77.8,2,1960.05,0
W013086,15.19,0,94.5,3,2084.08,0
W013087,45.16,1,76.8,2,1293.05,1
W013088,32.24,1,31.9,1,5223.15,0
W013089,35.55,1,78.8,1,6332.86,0
W013090,40.84,1,22.0,2,2873.15,0
W013091,31.91,1,19.4,4,6063.3,0
W013092,49.27,1,29.9,2,1905.0,0
W013093,0.0,0,138.8,4,2113.29,0
W013094,8.44,0,83.6,4,667.97,0
W013095,19.8,0,66.6,2,9150.53,0
W013096,27.03,0,41.4,2,2439.61,0
W013097,11.6,0,96.5,2,19341.74,0
W013098,22.83,0,132.7,1,1201.09,0
W013099,34.65,1,9.8,2,2316.95,0
W013100,23.78,0,16.4,1,2396.84,0
W013101,26.14,0,75.5,1,941.08,0
W013102,37.72,1,20.5,2,12149.01,0
W013103,23.25,0,37.8,1,3733.66,0
W013104,16.46,0,23.9,1,2784.98,1
W013105,38.81,1,100.2,3,19935.84,0
W013106,18.77,0,33.3,3,12590.74,0
W013107,22.31,0,63.3,1,380.55,0
W013108,35.55,1,34.5,4,26040.01,0
W013109,24.62,0,39.9,2,60642.16,0
W013110,52.61,1,123.4,1,268.37,0
W013111,32.59,1,81.9,1,695.8,0
W013112,6.33,0,62.3,6,4327.39,0
W013113,0.0,0,51.8,2,3395.56,0
W013114,47.99,1,58.8,3,1002.15,0
W013115,35.03,1,75.4,3,6048.62,0
W013116,1.73,0,44.4,4,11614.63,0
W013117,34.2,1,37.7,1,1268.5,1
W013118,45.78,1,84.5,2,934.14,0
W013119,33.28,1,134.5,4,12400.23,0
W013120,36.36,1,68.2,3,2998.77,0
W013121,31.39,1,63.9,3,19505.89,1
W013122,18.1,0,16.4,1,5907.4,1
W013123,5.19,0,95.4,2,3191.02,0
W013124,27.52,0,95.5,1,658.87,0
W013125,15.59,0,124.8,3,3672.14,0
W013126,21.72,0,33.7,5,6992.14,1
W013127,45.46,1,83.9,1,1227.28,0
W013128,5.41,0,5.7,2,270.35,0
W013129,19.41,0,114.6,2,2905.4,0
W013130,54.69,1,35.5,1,3554.35,0
W013131,0.0,0,17.7,2,599.26,0
W013132,7.45,0,50.8,1,89502.85,1
W013133,56.76,1,15.6,2,21282.63,0
W013134,15.19,0,34.0,5,5458.72,0
W013135,14.04,0,41.1,2,4343.85,0
W013136,52.44,1,9.0,2,2123.38,1
W013137,26.81,0,110.5,2,19367.35,0
W013138,58.43,1,13.8,4,3028.01,0
W013139,42.18,1,31.3,1,1846.72,0
W013140,49.9,1,17.8,2,1885.71,0
W013141,34.56,1,125.7,5,1197.53,0
W013142,47.4,1,90.0,1,330.49,0
W013143,31.29,1,41.3,2,11403.05,0
W013144,60.32,1,187.8,2,1026.05,0
W013145,22.03,0,68.7,1,566.21,0
W013146,20.37,0,36.3,1,619.6,1
W013147,16.81,0,150.9,1,891.63,0
W013148,53.35,1,2.6,3,23133.22,0
W013149,22.56,0,47.4,3,1251.37,0
W013150,36.95,1,85.2,2,2981.82,0
W013151,9.22,0,35.4,2,1000.42,0
W013152,26.11,0,263.1,2,2989.45,0
W013153,27.12,0,15.9,2,2154.95,1
W013154,43.08,1,89.7,3,1759.35,0
W013155,24.34,0,50.7,2,3707.72,0
W013156,37.12,1,66.3,4,1268.56,0
W013157,41.11,1,189.7,2,2046.88,0
W013158,45.38,1,37.8,2,9649.22,1
W013159,0.0,0,48.5,1,2682.71,0
W013160,7.33,0,13.8,2,2228.76,1
W013161,16.11,0,25.1,3,615.42,1
W013162,51.07,1,53.3,2,2303.2,0
W013163,25.37,0,33.5,4,2463.35,0
W013164,74.22,1,144.8,3,3491.2,0
W013165,16.72,0,42.3,1,13989.22,0
W013166,53.32,1,41.3,2,5865.98,1
W013167,54.44,1,88.4,1,794.11,0
W013168,4.3,0,17.5,1,4153.76,0
W013169,50.69,1,81.8,2,3547.9,1
W013170,0.0,0,71.7,2,20302.56,0
W013171,38.27,1,20.9,2,3906.04,0
W013172,41.21,1,22.1,3,7189.0,0
W013173,35.73,1,85.7,1,8678.1,0
W013174,50.53,1,23.4,2,16057.35,0
W013175,31.7,1,88.4,2,1199.47,0
W013176,16.09,0,19.0,1,1643.07,0
W013177,46.22,1,95.6,2,2449.73,0
W013178,29.64,0,13.1,4,1866.15,0
W013179,56.64,1,89.8,3,9236.37,0
W013180,0.0,0,11.0,1,1676.2,0
W013181,46.39,1,67.4,2,2507.29,0
W013182,30.39,1,20.8,1,2065.21,0
W013183,14.64,0,46.5,1,5260.04,0
W013184,2.96,0,66.1,3,4874.35,0
W013185,8.63,0,33.5,3,2269.35,0
W013186,45.8,1,48.2,3,11953.85,0
W013187,0.0,0,6.6,3,6842.21,1
W013188,34.13,1,82.0,2,444.13,0
W013189,53.65,1,27.9,1,12619.91,0
W013190,4.72,0,63.4,1,2555.81,0
W013191,0.0,0,38.0,4,7221.92,0
W013192,4.88,0,35.5,1,27231.82,0
W013193,54.18,1,18.9,4,819.4,0
W013194,13.84,0,96.4,4,25711.61,0
W013195,7.38,0,69.2,4,5103.72,0
W013196,43.35,1,41.5,2,17642.73,0
W013197,21.45,0,77.1,2,4703.31,0
W013198,37.74,1,69.8,4,1117.31,0
W013199,20.62,0,29.7,3,932.23,0
W013200,39.38,1,36.8,2,6707.09,0
W013201,25.24,0,10.0,4,4711.29,0
W013202,19.91,0,158.2,4,8282.27,0
W013203,13.27,0,57.1,3,16242.45,0
W013204,43.12,1,103.4,4,941.06,0
W013205,65.16,1,35.7,3,2465.01,0
W013206,54.3,1,40.8,5,13721.49,0
W013207,33.5,1,66.6,1,18985.77,0
W013208,15.91,0,71.2,1,1037.72,0
W013209,78.06,1,34.1,2,8619.47,0
W013210,41.2,1,146.8,1,10708.32,0
W013211,15.35,0,60.7,3,2330.54,0
W013212,26.87,0,28.8,2,4903.94,0
W013213,36.47,1,27.6,4,3773.03,0
W013214,37.66,1,5.9,1,3860.72,0
W013215,37.98,1,98.9,3,1227.41,0
W013216,55.69,1,19.4,4,1407.48,0
W013217,17.27,0,46.0,1,2762.9,1
W013218,55.42,1,84.1,1,2915.52,1
W013219,0.0,0,18.2,1,633.4,0
W013220,32.68,1,43.5,1,4214.07,0
W013221,52.67,1,104.6,2,1619.02,0
W013222,11.88,0,18.4,3,1882.82,0
W013223,48.01,1,8.8,1,4033.12,1
W013224,30.41,1,31.8,5,5341.26,0
W013225,36.52,1,174.5,3,4019.01,0
W013226,53.57,1,43.8,1,14270.68,0
W013227,0.0,0,40.4,1,3083.39,0
W013228,9.54,0,45.4,2,1570.52,0
W013229,70.97,1,14.2,3,14938.38,0
W013230,0.0,0,57.7,2,5664.34,0
W013231,25.09,0,82.9,2,12891.55,1
W013232,17.74,0,20.0,3,1329.75,0
W013233,41.75,1,78.7,2,5080.38,0
W013234,27.1,0,37.3,5,885.27,0
W013235,0.0,0,64.6,1,3532.44,0
W013236,56.36,1,70.3,2,19559.76,0
W013237,50.38,1,20.9,1,7358.91,1
W013238,51.15,1,54.6,3,2703.11,1
W013239,28.85,0,37.0,3,2732.95,0
W013240,16.61,0,77.0,1,25875.62,0
W013241,5.28,0,23.6,2,1789.49,0
W013242,40.77,1,70.8,1,2326.38,1
W013243,19.28,0,50.3,2,1508.39,0
W013244,21.42,0,98.7,3,39652.96,0
W013245,35.3,1,23.5,5,435.93,0
W013246,27.49,0,78.0,2,13556.14,0
W013247,24.68,0,22.2,3,4246.57,0
W013248,17.44,0,18.8,4,5120.93,0
W013249,45.18,1,78.2,2,13318.77,0
W013250,11.31,0,78.5,2,2401.8,0
W013251,37.55,1,67.0,2,2258.84,0
W013252,25.39,0,35.8,1,2506.82,0
W013253,40.92,1,74.1,1,1469.77,1
W013254,10.62,0,103.7,5,7584.23,1
W013255,28.13,0,67.2,5,8671.29,1
W013256,34.78,1,13.5,4,7316.21,0
W013257,2.77,0,83.6,1,2436.11,0
W013258,19.33,0,8.9,1,2290.36,1
W013259,34.85,1,28.8,3,1592.14,0
W013260,23.76,0,23.2,3,8547.85,0
W013261,13.41,0,35.5,2,3528.46,1
W013262,52.33,1,63.3,1,3255.21,0
W013263,12.9,0,19.4,2,249.25,0
W013264,7.16,0,45.8,1,2541.8,0
W013265,15.86,0,61.0,3,2957.69,0
W013266,0.0,0,60.5,4,5118.47,0
W013267,38.94,1,65.9,5,847.71,0
W013268,74.31,1,93.7,5,3951.37,0
W013269,28.48,0,14.1,2,1492.08,0
W013270,18.13,0,29.2,3,2220.79,0
W013271,15.1,0,25.2,2,11851.51,1
W013272,3.27,0,37.8,2,3343.58,0
W013273,68.72,1,99.9,1,6777.27,0
W013274,42.36,1,52.4,4,3918.31,0
W013275,44.81,1,111.7,1,3344.83,0
W013276,28.26,0,59.1,3,23059.37,0
W013277,73.37,1,192.1,1,2102.57,0
W013278,37.37,1,231.5,1,1752.92,0
W013279,72.3,1,19.3,3,864.98,0
W013280,13.43,0,66.7,2,8184.37,0
W013281,8.81,0,52.5,4,1648.51,1
W013282,51.89,1,68.3,1,5522.01,0
W013283,62.06,1,85.8,2,525.57,0
W013284,70.06,1,50.6,5,1738.69,0
W013285,24.17,0,32.1,1,3848.41,0
W013286,27.08,0,22.3,3,11458.43,0
W013287,6.03,0,137.3,2,13611.66,0
W013288,36.44,1,34.4,1,159.89,0
W013289,33.28,1,36.5,6,32738.91,0
W013290,26.03,0,37.1,2,5543.93,0
W013291,38.33,1,17.3,1,2288.33,0
W013292,48.79,1,30.1,1,1457.65,0
W013293,43.56,1,25.4,4,645.73,0
W013294,46.13,1,18.0,3,1510.0,0
W013295,17.87,0,11.2,1,1086.45,0
W013296,23.99,0,131.7,2,22721.2,0
W013297,32.63,1,61.7,3,62801.62,0
W013298,27.57,0,118.7,2,372.04,1
W013299,52.84,1,80.8,4,3927.1,0
W013300,1.99,0,19.2,3,1416.92,0
W013301,54.99,1,33.4,3,3190.05,0
W013302,16.35,0,49.6,1,1483.74,0
W013303,22.34,0,76.0,4,1511.12,1
W013304,32.18,1,65.0,4,11892.28,0
W013305,39.4,1,72.2,2,19377.16,0
W013306,66.61,1,36.9,1,23145.23,0
W013307,44.66,1,22.3,4,6856.5,0
W013308,51.3,1,53.3,3,7194.05,0
W013309,41.02,1,34.2,1,2573.3,1
W013310,79.43,1,23.4,2,1326.62,1
W013311,42.14,1,79.4,3,3233.61,0
W013312,38.05,1,31.0,1,3100.97,0
W013313,34.73,1,68.4,2,3542.54,0
W013314,12.69,0,56.6,5,1314.57,0
W013315,38.26,1,64.8,2,3509.21,0
W013316,36.6,1,28.6,3,837.37,0
W013317,40.51,1,28.1,1,3044.01,0
W013318,12.21,0,23.3,2,4380.32,0
W013319,22.09,0,59.4,6,5498.35,0
W013320,19.84,0,25.3,3,440.56,0
W013321,38.95,1,38.2,3,8307.44,0
W013322,9.43,0,54.1,1,3080.42,0
W013323,28.51,0,55.2,3,237.18,0
W013324,34.26,1,37.7,4,10777.4,0
W013325,29.82,0,11.1,4,3891.03,0
W013326,20.73,0,44.2,2,6855.37,0
W013327,11.95,0,53.8,2,2999.65,0
W013328,30.69,1,56.5,4,6734.59,0
W013329,16.74,0,21.5,5,10699.64,0
W013330,53.97,1,81.1,2,3039.36,0
W013331,29.02,0,236.7,1,4232.64,0
W013332,13.8,0,52.1,3,12140.52,1
W013333,28.21,0,69.5,5,1958.61,0
W013334,36.78,1,64.6,2,3500.83,0
W013335,10.32,0,62.8,3,1584.38,0
W013336,21.13,0,17.9,1,9641.95,0
W013337,9.72,0,136.7,2,307.6,0
W013338,20.31,0,127.8,4,4678.38,0
W013339,29.6,0,13.5,1,4659.13,0
W013340,17.52,0,68.7,2,2218.0,0
W013341,48.37,1,70.9,4,4330.73,0
W013342,23.92,0,64.7,1,18087.71,0
W013343,20.06,0,77.0,2,8449.17,0
W013344,61.03,1,34.0,3,1038.98,0
W013345,5.08,0,87.7,2,1101.93,0
W013346,23.84,0,65.6,3,5785.61,0
W013347,14.84,0,3.0,4,1175.07,1
W013348,26.0,0,30.3,2,17023.33,1
W013349,29.75,0,8.0,2,29409.25,1
W013350,35.89,1,106.0,2,753.01,0
W013351,61.5,1,12.0,6,3923.98,0
W013352,7.73,0,24.8,4,973.51,0
W013353,57.94,1,61.7,1,4176.85,1
W013354,25.04,0,114.3,3,4623.79,0
W013355,39.74,1,49.4,3,8030.66,0
W013356,45.74,1,163.9,1,23335.46,0
W013357,20.65,0,45.3,3,5681.31,0
W013358,19.1,0,105.4,4,1080.99,0
W013359,58.02,1,36.5,2,2223.72,0
W013360,57.25,1,36.5,2,3140.22,0
W013361,0.76,0,61.4,3,2104.94,0
W013362,43.69,1,37.6,1,1768.01,0
W013363,16.57,0,9.8,1,756.32,0
W013364,55.87,1,7.0,1,18400.65,0
W013365,33.9,1,80.2,2,2131.99,0
W013366,26.12,0,158.4,2,2968.74,0
W013367,34.3,1,68.7,4,19842.82,0
W013368,23.23,0,59.7,2,2017.56,0
W013369,30.39,1,64.2,3,2010.99,0
W013370,8.42,0,67.1,2,10962.64,0
W013371,19.05,0,50.8,2,2425.67,0
W013372,62.77,1,37.7,3,1767.65,0
W013373,13.69,0,63.9,3,52080.32,0
W013374,31.33,1,43.3,1,1428.71,0
W013375,55.75,1,62.5,3,3950.58,0
W013376,42.11,1,57.3,1,918.43,0
W013377,41.46,1,103.3,2,15238.89,1
W013378,37.8,1,39.3,2,3579.89,0
W013379,0.0,0,36.7,3,4495.49,1
W013380,38.39,1,188.8,2,2288.4,0
W013381,39.68,1,20.8,3,436.11,0
W013382,25.49,0,42.0,1,2009.99,0
W013383,44.99,1,8.7,3,5931.61,0
W013384,21.72,0,105.1,1,2270.97,0
W013385,19.26,0,155.1,3,1122.83,0
W013386,51.41,1,47.5,2,30811.08,0
W013387,39.17,1,12.0,3,19434.24,0
W013388,22.05,0,52.1,2,3727.18,0
W013389,0.0,0,26.4,2,2510.44,0
W013390,33.33,1,37.3,2,2531.0,0
W013391,28.37,0,27.2,1,1335.04,0
W013392,14.42,0,63.3,2,10838.73,1
W013393,29.87,0,73.9,3,4118.49,0
W013394,2.87,0,85.8,2,887.72,0
W013395,35.0,1,28.4,2,4932.74,0
W013396,35.62,1,78.7,3,7632.88,0
W013397,25.02,0,10.4,3,693.68,0
W013398,0.0,0,80.5,6,7483.22,0
W013399,40.72,1,76.7,1,3830.42,0
W013400,25.21,0,80.9,2,11949.69,0
W013401,6.83,0,117.3,3,2119.93,0
W013402,4.44,0,35.5,1,6094.43,0
W013403,1.39,0,81.7,2,7833.24,0
W013404,68.48,1,10.6,2,4630.4,0
W013405,41.73,1,48.2,4,3885.33,0
W013406,75.03,1,42.4,3,13771.5,1
W013407,9.84,0,77.9,3,1031.84,0
W013408,49.27,1,37.4,3,50952.0,1
W013409,49.94,1,57.8,1,8354.64,0
W013410,20.0,0,57.8,2,3014.74,0
W013411,24.86,0,64.5,1,7010.54,0
W013412,49.26,1,67.4,2,22605.71,0
W013413,37.29,1,32.5,3,871.76,0
W013414,8.74,0,37.7,1,666.73,0
W013415,27.7,0,25.2,3,3223.84,0
W013416,35.77,1,61.0,1,2880.99,0
W013417,36.33,1,55.9,1,1368.32,0
W013418,0.0,0,15.1,2,7718.59,0
W013419,21.83,0,7.8,4,1048.81,0
W013420,69.16,1,10.8,2,643.05,0
W013421,7.84,0,41.7,2,6042.52,0
W013422,42.49,1,59.0,4,3634.29,0
W013423,43.08,1,34.1,3,12776.34,0
W013424,21.09,0,26.7,2,9321.96,0
W013425,30.51,1,38.0,2,3202.43,1
W013426,15.17,0,44.0,6,2634.04,0
W013427,31.24,1,107.4,2,411.9,1
W013428,39.79,1,167.8,6,3632.8,0
W013429,49.87,1,65.6,3,33591.55,0
W013430,11.49,0,42.2,4,5303.99,0
W013431,32.24,1,5.4,1,13341.23,0
W013432,40.08,1,35.1,2,6486.32,0
W013433,26.59,0,61.4,4,1074.12,0
W013434,49.35,1,33.2,2,3029.09,0
W013435,54.63,1,21.4,4,11842.45,0
W013436,46.54,1,5.4,1,13752.14,1
W013437,0.0,0,83.2,1,6946.32,0
W013438,34.9,1,30.3,1,11891.68,0
W013439,53.25,1,89.9,2,8458.08,0
W013440,46.49,1,42.7,2,912.34,0
W013441,30.83,1,50.2,4,14229.16,1
W013442,69.86,1,38.8,6,3548.49,0
W013443,39.03,1,52.4,3,4547.44,0
W013444,11.19,0,15.2,2,1698.52,1
W013445,37.35,1,53.1,3,2061.85,0
W013446,45.9,1,41.6,2,14663.44,0
W013447,6.8,0,196.0,4,3357.84,0
W013448,42.31,1,90.3,3,4152.29,0
W013449,40.93,1,32.5,3,3255.45,0
W013450,0.0,0,55.6,2,16429.73,0
W013451,41.48,1,44.2,3,338.2,0
W013452,32.65,1,85.6,5,24273.77,0
W013453,26.58,0,106.7,3,15390.08,1
W013454,22.45,0,32.6,3,10324.67,1
W013455,0.0,0,36.6,2,3175.84,0
W013456,17.57,0,53.2,2,13066.47,0
W013457,55.28,1,146.1,1,5589.23,0
W013458,23.03,0,56.0,1,18530.89,0
W013459,20.99,0,27.6,1,6156.14,0
W013460,17.31,0,106.6,5,4924.31,0
W013461,36.19,1,45.8,3,1560.23,0
W013462,22.28,0,66.7,2,4613.07,0
W013463,34.73,1,81.7,4,3186.48,0
W013464,29.15,0,83.5,3,4734.88,0
W013465,1.7,0,30.5,3,1954.85,1
W013466,36.31,1,35.1,1,2945.79,0
W013467,30.51,1,38.2,3,2846.53,0
W013468,26.25,0,35.9,2,1074.31,1
W013469,21.33,0,20.5,2,3136.77,0
W013470,19.7,0,50.4,1,5598.45,0
W013471,38.1,1,5.3,2,11397.44,0
W013472,27.36,0,24.2,2,5061.03,0
W013473,45.54,1,25.1,2,1751.98,0
W013474,28.68,0,96.2,2,577.86,0
W013475,43.8,1,29.5,3,8992.12,0
W013476,27.07,0,14.2,6,4604.24,1
W013477,67.58,1,11.4,2,8065.29,0
W013478,24.93,0,26.0,3,12963.33,0
W013479,52.87,1,43.1,3,10625.73,0
W013480,23.76,0,67.6,4,12841.35,1
W013481,20.19,0,47.6,5,7387.19,0
W013482,27.58,0,61.0,3,12936.95,0
W013483,31.31,1,67.6,6,7723.79,0
W013484,29.69,0,37.7,3,24994.77,0
W013485,42.68,1,86.5,1,1253.46,0
W013486,46.18,1,21.6,1,2635.8,0
W013487,30.07,1,104.3,2,3930.43,0
W013488,18.95,0,77.8,3,2273.98,0
W013489,58.69,1,60.9,4,1311.96,0
W013490,53.81,1,40.3,1,1914.41,0
W013491,24.35,0,133.9,2,1336.78,0
W013492,19.8,0,34.8,3,29591.91,0
W013493,38.97,1,97.0,4,3193.0,0
W013494,62.47,1,118.9,3,24251.11,0
W013495,18.61,0,217.2,3,3263.18,0
W013496,26.35,0,24.2,1,5474.95,0
W013497,20.12,0,129.6,5,11978.05,0
W013498,12.6,0,78.2,2,7257.85,0
W013499,0.0,0,112.0,4,198.56,0
W013500,4.31,0,41.4,1,2707.58,0
W013501,30.7,1,33.1,1,815.72,0
W013502,25.89,0,14.5,4,922.01,0
W013503,72.14,1,85.8,1,530.14,0
W013504,27.27,0,47.6,3,420.97,0
W013505,28.29,0,16.9,3,794.89,0
W013506,0.0,0,49.1,1,6031.14,0
W013507,16.47,0,38.2,4,501.46,0
W013508,22.63,0,94.3,1,24774.35,0
W013509,20.26,0,127.5,2,2039.0,0
W013510,19.99,0,52.0,1,1372.39,0
W013511,22.0,0,32.7,2,3198.94,0
W013512,71.68,1,28.6,3,8872.71,1
W013513,18.25,0,31.9,4,2310.55,0
W013514,9.36,0,52.7,5,478.11,0
W013515,75.12,1,91.4,4,4203.39,0
W013516,2.93,0,48.5,1,5019.86,0
W013517,34.13,1,61.8,1,3546.18,0
W013518,48.19,1,29.0,5,5027.53,0
W013519,23.51,0,88.7,1,19191.59,0
W013520,0.0,0,17.9,1,28981.76,0
W013521,35.1,1,29.0,3,17046.63,0
W013522,10.07,0,31.9,3,3659.9,0
W013523,7.5,0,22.1,2,8197.72,0
W013524,19.37,0,64.2,1,6283.2,1
W013525,11.32,0,67.6,1,2317.6,0
W013526,23.57,0,68.8,2,4571.15,0
W013527,0.67,0,22.2,2,1823.5,0
W013528,13.62,0,37.8,1,4430.93,0
W013529,35.89,1,35.4,2,294.16,0
W013530,13.95,0,82.7,1,2732.1,0
W013531,36.77,1,32.7,3,20454.99,0
W013532,22.05,0,66.5,4,3968.87,0
W013533,13.09,0,9.5,3,2280.83,0
W013534,36.21,1,74.1,1,3803.69,0
W013535,5.85,0,170.2,2,2053.44,0
W013536,27.5,0,49.4,1,4386.44,0
W013537,38.97,1,89.1,2,611.18,0
W013538,46.36,1,71.4,2,6615.51,0
W013539,9.77,0,111.7,2,6156.08,0
W013540,21.59,0,10.6,2,967.4,0
W013541,51.38,1,27.0,1,12019.43,0
W013542,49.35,1,43.1,3,2513.34,0
W013543,26.87,0,106.2,3,3921.36,1
W013544,26.05,0,127.3,3,19566.95,0
W013545,29.11,0,3.6,4,3759.45,0
W013546,32.57,1,73.6,1,2709.51,0
W013547,54.97,1,13.3,2,5334.42,0
W013548,57.35,1,62.5,1,26668.66,0
W013549,1.66,0,41.5,2,5385.17,0
W013550,0.0,0,26.4,2,4403.34,0
W013551,6.84,0,20.5,4,4222.47,0
W013552,44.62,1,8.0,1,582.26,0
W013553,24.0,0,78.7,4,1635.21,0
W013554,29.87,0,41.1,1,15058.48,1
W013555,36.96,1,94.9,6,3643.17,0
W013556,35.35,1,29.8,1,17425.33,0
W013557,10.64,0,60.8,1,981.56,0
W013558,14.21,0,31.0,4,1917.44,0
W013559,51.46,1,35.9,4,2818.81,0
W013560,25.51,0,3.3,6,11651.08,0
W013561,60.74,1,51.5,5,1535.67,1
W013562,31.35,1,57.7,3,2361.65,0
W013563,30.12,1,34.5,2,11368.69,0
W013564,24.03,0,72.7,2,1672.45,1
W013565,31.45,1,43.0,3,2465.71,0
W013566,28.75,0,27.7,2,7595.13,0
W013567,0.92,0,25.0,3,6102.46,0
W013568,41.21,1,96.5,2,5692.65,0
W013569,33.56,1,29.5,3,4076.38,0
W013570,16.82,0,34.3,1,7366.92,0
W013571,49.37,1,46.3,2,2706.21,0
W013572,59.37,1,119.4,2,22564.86,1
W013573,25.46,0,12.7,1,1297.11,0
W013574,45.19,1,85.6,2,23626.72,0
W013575,27.98,0,78.8,3,834.17,0
W013576,24.54,0,72.3,3,7417.37,0
W013577,33.42,1,38.8,4,5935.18,0
W013578,35.51,1,46.7,4,586.61,0
W013579,61.8,1,111.5,4,1908.28,0
W013580,47.98,1,117.6,5,1206.88,0
W013581,44.43,1,2.4,2,1482.6,1
W013582,43.14,1,143.8,3,4907.03,0
W013583,30.52,1,60.0,3,473.91,0
W013584,22.3,0,1.9,4,1744.92,0
W013585,49.62,1,67.4,5,3800.04,0
W013586,48.56,1,96.7,2,2217.37,0
W013587,9.17,0,51.9,4,6797.61,0
W013588,22.95,0,93.3,2,2802.0,0
W013589,38.83,1,51.4,3,17923.34,0
W013590,14.89,0,82.5,1,2818.61,0
W013591,27.33,0,109.3,3,5498.32,0
W013592,40.66,1,74.3,2,2097.54,0
W013593,26.62,0,35.5,1,5770.69,0
W013594,0.0,0,79.2,5,264.6,0
W013595,39.72,1,31.3,4,2717.06,0
W013596,22.59,0,52.3,2,14020.59,0
W013597,35.86,1,113.9,1,3452.66,0
W013598,0.0,0,62.0,1,10919.6,0
W013599,35.43,1,15.5,1,36327.96,0
W013600,0.0,0,77.3,1,3718.24,0
W013601,62.96,1,18.1,1,33274.3,1
W013602,52.9,1,15.7,1,14964.43,0
W013603,27.06,0,50.4,4,3582.05,0
W013604,75.12,1,19.9,2,3050.11,0
W013605,27.56,0,74.3,2,16440.71,0
W013606,49.05,1,89.5,4,1120.23,0
W013607,63.95,1,101.0,1,3206.48,0
W013608,42.85,1,45.9,1,6652.95,0
W013609,15.79,0,18.3,4,5206.64,0
W013610,58.06,1,65.3,2,24914.3,0
W013611,35.74,1,49.3,1,11676.11,0
W013612,22.26,0,95.5,1,2701.73,1
W013613,14.58,0,36.7,6,16524.23,0
W013614,51.42,1,29.1,4,3113.16,0
W013615,11.63,0,27.4,2,17083.23,0
W013616,0.0,0,19.4,2,5699.22,0
W013617,21.76,0,84.1,4,1908.4,1
W013618,0.0,0,79.9,2,2393.24,0
W013619,11.29,0,37.7,2,14758.91,0
W013620,3.81,0,83.9,1,1134.19,0
W013621,11.32,0,46.9,1,7760.03,0
W013622,4.95,0,121.9,1,4310.61,0
W013623,39.87,1,59.1,2,761.69,0
W013624,30.63,1,36.6,1,61933.19,0
W013625,23.65,0,112.3,2,6085.88,0
W013626,12.64,0,93.7,4,3145.19,0
W013627,37.25,1,13.2,4,9411.01,0
W013628,35.18,1,61.2,1,1799.32,0
W013629,36.84,1,77.0,1,2384.61,0
W013630,27.29,0,96.6,3,6419.2,0
W013631,47.45,1,105.6,3,1150.28,0
W013632,25.98,0,117.3,4,25030.61,0
W013633,40.82,1,58.9,2,1341.06,0
W013634,46.86,1,44.1,1,6178.85,0
W013635,21.81,0,12.0,4,2261.3,0
W013636,30.82,1,39.4,6,1375.22,1
W013637,52.74,1,194.3,1,1042.71,0
W013638,30.78,1,30.2,4,8419.23,0
W013639,40.93,1,63.0,2,3046.31,0
W013640,13.24,0,29.0,3,5284.74,0
W013641,24.45,0,9.8,4,1472.33,0
W013642,48.86,1,91.7,4,1482.55,0
W013643,10.74,0,176.4,1,760.15,0
W013644,30.21,1,72.8,2,20753.59,0
W013645,23.17,0,20.0,3,6556.42,0
W013646,9.03,0,45.4,1,5570.57,0
W013647,39.34,1,53.5,4,7959.64,0
W013648,11.57,0,114.5,1,2078.9,1
W013649,0.0,0,58.8,1,7271.75,0
W013650,44.2,1,70.7,1,13410.72,0
W013651,13.45,0,42.2,1,6409.3,0
W013652,42.54,1,17.8,5,4342.5,0
W013653,39.27,1,10.1,3,1331.04,0
W013654,54.04,1,28.8,5,5107.23,0
W013655,50.98,1,22.3,1,1049.75,1
W013656,16.57,0,119.7,3,442.9,0
W013657,46.79,1,80.3,3,12353.08,0
W013658,5.84,0,104.3,3,2372.18,0
W013659,11.66,0,53.3,3,1865.07,0
W013660,16.7,0,33.7,1,10798.67,0
W013661,57.51,1,235.8,1,2523.19,0
W013662,49.5,1,16.2,4,7988.92,0
W013663,57.53,1,72.9,6,1300.2,0
W013664,39.0,1,37.2,1,584.23,0
W013665,41.92,1,25.7,1,21678.92,0
W013666,49.78,1,104.7,3,17516.94,0
W013667,16.34,0,44.5,6,6143.27,0
W013668,25.13,0,34.9,1,1052.69,0
W013669,32.89,1,96.5,3,848.22,0
W013670,35.39,1,46.3,1,2409.26,0
W013671,26.18,0,78.3,2,2775.73,0
W013672,26.53,0,87.5,2,5849.41,0
W013673,50.6,1,76.3,3,1828.5,0
W013674,45.27,1,50.3,2,3308.62,0
W013675,51.02,1,9.1,3,4109.3,0
W013676,12.94,0,77.5,1,2105.51,0
W013677,26.47,0,35.3,1,13778.42,0
W013678,43.71,1,113.8,5,1433.38,0
W013679,48.8,1,47.6,3,2508.11,0
W013680,20.77,0,108.3,3,1348.58,0
W013681,26.25,0,51.9,2,8763.16,0
W013682,25.37,0,19.8,2,879.11,0
W013683,29.28,0,94.6,3,3463.66,0
W013684,33.46,1,28.1,2,3987.55,0
W013685,2.64,0,69.1,1,340.02,0
W013686,42.89,1,56.9,1,6058.87,0
W013687,46.21,1,39.1,5,3426.21,0
W013688,42.11,1,79.0,1,1728.79,0
W013689,33.58,1,12.5,1,15064.63,1
W013690,20.23,0,50.1,1,3820.64,0
W013691,5.11,0,69.6,1,787.01,0
W013692,38.64,1,100.3,1,2647.73,0
W013693,1.75,0,164.2,5,4303.23,0
W013694,56.64,1,102.2,4,2369.62,1
W013695,46.19,1,210.1,5,2491.14,0
W013696,26.3,0,28.0,1,484.43,1
W013697,27.54,0,111.9,2,9754.37,0
W013698,61.2,1,65.9,3,1226.75,0
W013699,1.32,0,36.0,2,6454.85,0
W013700,14.03,0,60.8,4,5006.6,1
W013701,41.94,1,63.9,4,4987.98,0
W013702,1.09,0,14.6,3,3285.45,0
W013703,0.0,0,32.0,1,2801.2,0
W013704,20.44,0,28.2,1,15238.38,1
W013705,0.91,0,25.1,4,1435.54,0
W013706,2.27,0,33.7,1,42198.85,0
W013707,29.3,0,33.7,4,3896.57,0
W013708,72.78,1,88.2,2,2588.91,0
W013709,35.18,1,83.9,3,2045.72,0
W013710,17.1,0,32.0,3,895.66,0
W013711,52.64,1,77.1,1,592.45,0
W013712,55.59,1,101.2,3,6939.18,0
W013713,20.38,0,84.7,6,695.35,0
W013714,49.0,1,172.8,4,1355.48,0
W013715,10.91,0,37.6,3,1081.75,1
W013716,48.94,1,29.1,1,3829.26,0
W013717,64.02,1,72.0,2,2281.98,0
W013718,43.47,1,37.9,2,3526.17,0
W013719,43.12,1,125.2,6,1191.25,0
W013720,2.99,0,38.6,1,990.66,0
W013721,28.41,0,45.6,3,10221.09,0
W013722,40.2,1,102.5,2,13027.57,0
W013723,32.23,1,125.1,2,203.95,0
W013724,6.53,0,118.5,4,3669.6,0
W013725,58.14,1,51.9,2,9414.93,0
W013726,26.68,0,15.3,1,4096.61,0
W013727,48.3,1,35.0,1,1807.42,0
W013728,61.64,1,98.0,1,2668.34,0
W013729,54.65,1,14.0,2,1156.26,1
W013730,44.43,1,41.4,2,2433.55,0
W013731,22.87,0,62.4,1,3660.21,0
W013732,34.07,1,10.7,4,26961.65,0
W013733,15.36,0,23.4,2,8511.52,0
W013734,69.68,1,59.0,1,5628.27,0
W013735,39.71,1,92.3,6,15408.7,0
W013736,33.66,1,51.9,1,3859.58,1
W013737,29.67,0,10.5,4,42744.15,1
W013738,60.14,1,57.6,5,819.3,0
W013739,13.3,0,27.1,4,4447.36,0
W013740,26.65,0,52.8,2,12734.77,0
W013741,23.81,0,31.7,4,5934.57,1
W013742,4.65,0,13.8,1,1487.34,0
W013743,41.42,1,33.5,4,2138.25,1
W013744,16.77,0,63.9,4,4269.86,0
W013745,46.73,1,58.9,6,1209.17,0
W013746,30.07,1,41.5,4,7331.61,0
W013747,10.76,0,61.2,2,1567.93,0
W013748,34.21,1,159.8,3,1353.01,0
W013749,50.28,1,37.0,2,2042.56,0
W013750,11.25,0,20.7,3,1946.7,0
W013751,59.08,1,33.2,2,16625.05,1
W013752,36.49,1,9.8,2,11710.17,0
W013753,39.46,1,71.7,1,7261.86,0
W013754,29.68,0,1.5,5,10118.97,0
W013755,36.09,1,122.1,1,5421.99,0
W013756,13.22,0,76.6,4,782.03,0
W013757,62.82,1,79.2,3,1542.24,0
W013758,20.51,0,124.9,4,5086.02,0
W013759,8.09,0,105.3,4,791.71,0
W013760,34.24,1,20.3,3,1245.58,0
W013761,48.56,1,12.6,3,2560.85,0
W013762,9.53,0,26.8,1,10809.53,0
W013763,30.9,1,37.0,1,8953.67,0
W013764,61.63,1,60.9,3,8406.77,0
W013765,6.16,0,88.8,1,695.23,0
W013766,29.51,0,72.5,3,1203.25,0
W013767,22.95,0,18.5,2,19863.5,0
W013768,42.69,1,28.2,4,8869.71,0
W013769,51.78,1,69.7,6,18890.61,0
W013770,22.12,0,81.3,2,44312.08,0
W013771,38.06,1,39.0,4,1495.94,0
W013772,14.05,0,15.8,2,14139.38,0
W013773,14.18,0,151.2,1,1482.52,0
W013774,25.66,0,16.4,4,127.89,0
W013775,49.24,1,98.4,1,1177.21,0
W013776,14.44,0,102.7,2,2129.36,0
W013777,31.38,1,27.0,4,10542.23,0
W013778,0.0,0,63.8,1,7808.09,0
W013779,46.23,1,37.3,3,1916.7,0
W013780,15.74,0,16.2,1,6907.49,0
W013781,40.83,1,244.9,1,29583.35,0
W013782,10.96,0,124.8,4,1358.6,0
W013783,34.61,1,173.8,5,2383.17,0
W013784,44.71,1,104.8,6,1402.91,0
W013785,21.51,0,54.2,3,2528.72,0
W013786,58.67,1,37.0,1,1292.09,0
W013787,9.3,0,123.7,5,10964.25,0
W013788,2.65,0,24.5,1,1975.06,0
W013789,8.4,0,32.9,4,6558.86,0
W013790,33.13,1,11.2,4,8704.42,0
W013791,20.5,0,34.8,3,1488.73,0
W013792,31.51,1,112.6,3,5320.86,0
W013793,22.51,0,41.9,4,775.19,0
W013794,24.32,0,86.8,1,5320.08,0
W013795,60.35,1,52.5,5,31092.35,0
W013796,11.97,0,31.7,2,1999.81,0
W013797,9.42,0,71.8,2,21369.91,1
W013798,30.98,1,38.6,1,5457.39,0
W013799,38.04,1,38.7,3,1301.33,0
W013800,32.76,1,62.0,3,4539.12,0
W013801,36.51,1,38.4,2,1173.25,0
W013802,32.93,1,71.4,4,768.28,0
W013803,35.28,1,71.1,4,17131.87,0
W013804,41.93,1,92.8,1,9426.84,0
W013805,46.1,1,104.5,6,17410.65,0
W013806,24.82,0,28.7,2,11681.81,0
W013807,9.88,0,149.5,1,1303.93,0
W013808,40.89,1,91.5,4,1906.87,0
W013809,2.97,0,62.6,4,15984.66,0
W013810,26.27,0,22.4,4,3414.79,0
W013811,48.57,1,63.4,3,7574.51,0
W013812,31.24,1,77.3,2,2065.13,0
W013813,15.94,0,130.8,1,7203.72,0
W013814,86.43,1,68.4,3,5311.31,0
W013815,15.94,0,253.5,3,1654.18,0
W013816,23.14,0,29.6,2,6003.29,0
W013817,31.16,1,33.2,1,26677.73,0
W013818,39.03,1,34.1,2,830.7,0
W013819,34.36,1,47.6,1,3379.51,1
W013820,24.79,0,79.9,4,4977.21,0
W013821,2.57,0,71.2,2,4663.93,0
W013822,46.75,1,34.0,2,4720.13,0
W013823,0.0,0,46.1,1,9260.55,0
W013824,30.6,1,43.4,5,1111.7,0
W013825,41.17,1,286.9,1,4168.69,0
W013826,57.76,1,43.7,2,7533.99,1
W013827,0.0,0,78.2,2,4105.12,0
W013828,53.12,1,137.4,3,11302.5,0
W013829,39.26,1,105.3,2,3192.3,0
W013830,6.56,0,31.3,3,2368.0,1
W013831,17.47,0,99.2,2,1133.62,0
W013832,41.01,1,93.8,3,987.1,0
W013833,15.88,0,105.5,2,9135.93,0
W013834,35.97,1,70.1,3,29995.55,0
W013835,4.17,0,61.8,3,1607.56,0
W013836,67.21,1,63.6,5,6286.82,0
W013837,0.0,0,17.8,4,1111.33,0
W013838,22.14,0,50.5,1,4472.47,0
W013839,19.79,0,52.5,3,76269.67,0
W013840,12.43,0,28.0,4,3873.72,0
W013841,48.86,1,109.6,5,4973.44,0
W013842,22.65,0,14.3,2,7751.92,0
W013843,44.53,1,224.3,1,4311.24,0
W013844,41.65,1,15.4,1,5723.17,0
W013845,38.88,1,120.1,1,1158.24,0
W013846,22.73,0,12.3,1,798.7,0
W013847,25.31,0,45.7,3,1446.05,0
W013848,12.8,0,31.7,3,685.97,0
W013849,47.11,1,52.9,2,7619.81,0
W013850,34.91,1,170.2,1,860.49,0
W013851,31.57,1,25.3,3,4070.47,0
W013852,32.5,1,78.9,5,12108.65,0
W013853,25.35,0,25.2,1,7447.17,0
W013854,31.6,1,25.0,2,4618.03,0
W013855,47.8,1,94.5,3,16976.42,0
W013856,14.04,0,37.6,2,864.76,0
W013857,32.79,1,39.6,4,2059.57,0
W013858,11.31,0,31.5,1,444.18,0
W013859,36.26,1,34.0,2,4325.1,0
W013860,62.72,1,58.0,2,1446.58,0
W013861,0.0,0,20.5,1,3464.62,0
W013862,24.46,0,3.7,1,2967.86,1
W013863,0.0,0,32.6,2,5004.96,0
W013864,33.64,1,142.8,1,2323.92,0
W013865,24.95,0,53.5,2,1636.65,0
W013866,41.44,1,72.9,1,1708.75,0
W013867,32.83,1,119.9,3,14361.44,0
W013868,54.68,1,48.7,3,796.23,0
W013869,12.84,0,171.4,3,25738.7,0
W013870,27.87,0,39.2,1,5787.51,1
W013871,22.61,0,203.4,2,3331.17,0
W013872,14.34,0,57.2,3,4846.89,0
W013873,14.52,0,37.0,3,1349.5,0
W013874,3.11,0,95.4,3,20078.15,0
W013875,23.03,0,82.0,4,1887.59,0
W013876,32.94,1,22.3,3,1597.66,0
W013877,15.65,0,92.3,2,1011.98,0
W013878,16.65,0,19.2,3,1567.97,0
W013879,84.19,1,25.2,3,7839.96,0
W013880,17.89,0,43.5,3,3124.32,0
W013881,32.21,1,23.5,4,1404.12,0
W013882,0.0,0,32.4,5,1284.13,0
W013883,17.9,0,110.0,6,5466.71,0
W013884,28.99,0,97.4,3,1198.96,0
W013885,30.13,1,21.9,2,7379.02,0
W013886,7.22,0,61.4,2,2414.61,0
W013887,45.55,1,112.2,3,13523.25,0
W013888,21.34,0,54.2,1,9373.5,0
W013889,7.41,0,72.2,1,2832.53,0
W013890,25.53,0,133.7,1,6396.4,0
W013891,46.17,1,96.3,3,2231.86,1
W013892,17.55,0,86.0,4,1768.87,0
W013893,23.4,0,18.5,5,1037.04,1
W013894,0.0,0,58.6,2,15420.53,0
W013895,51.57,1,151.7,3,6836.69,0
W013896,35.92,1,10.1,1,2070.03,0
W013897,45.32,1,257.3,2,5097.2,0
W013898,46.44,1,49.3,5,13436.48,0
W013899,47.54,1,71.9,2,444.86,0
W013900,33.11,1,64.1,1,728.53,0
W013901,24.39,0,180.9,3,3982.78,0
W013902,17.69,0,97.0,2,2589.08,0
W013903,3.63,0,17.4,3,3270.75,0
W013904,67.52,1,124.4,4,10127.41,0
W013905,18.27,0,89.1,1,1106.66,0
W013906,39.51,1,36.0,2,1142.18,0
W013907,23.2,0,32.6,1,1378.63,0
W013908,2.82,0,32.4,2,3466.39,0
W013909,53.75,1,26.2,1,6030.52,0
W013910,6.91,0,49.8,1,3951.89,0
W013911,63.98,1,119.6,4,10980.89,0
W013912,22.68,0,33.1,1,12347.5,0
W013913,14.44,0,18.6,6,1553.57,0
W013914,17.88,0,40.4,1,1531.72,0
W013915,34.72,1,51.3,4,396.82,0
W013916,36.81,1,50.0,2,52065.37,0
W013917,26.86,0,18.1,5,11482.39,0
W013918,36.58,1,73.6,3,4012.04,0
W013919,37.25,1,11.5,1,3358.58,0
W013920,44.62,1,54.7,3,3034.85,0
W013921,27.78,0,81.3,2,3720.42,0
W013922,18.8,0,84.1,5,27374.15,0
W013923,54.34,1,104.3,3,1010.04,1
W013924,57.92,1,78.1,3,5893.26,0
W013925,23.29,0,19.9,1,1615.04,0
W013926,44.74,1,43.0,4,4169.63,0
W013927,26.52,0,3.9,4,5887.88,1
W013928,54.93,1,16.7,3,2796.4,0
W013929,38.38,1,136.1,5,3326.81,0
W013930,30.48,1,77.1,1,944.74,0
W013931,0.0,0,101.9,2,4620.78,0
W013932,17.34,0,54.8,5,3567.29,1
W013933,33.86,1,101.4,3,1354.98,0
W013934,21.29,0,37.9,4,13719.16,0
W013935,18.89,0,94.8,3,1803.81,0
W013936,17.57,0,63.2,1,1094.38,0
W013937,21.44,0,9.4,2,3722.48,1
W013938,25.23,0,10.0,1,8949.21,0
W013939,19.02,0,65.3,1,25292.78,0
W013940,19.01,0,24.9,2,1865.23,0
W013941,50.42,1,29.3,2,28541.45,0
W013942,45.94,1,52.5,4,1899.7,0
W013943,20.77,0,64.4,1,1604.18,0
W013944,23.29,0,43.5,2,3404.68,0
W013945,7.6,0,20.8,5,7292.04,0
W013946,57.41,1,13.4,2,3208.15,1
W013947,49.32,1,49.4,2,21436.25,1
W013948,0.0,0,24.8,1,5031.28,0
W013949,6.53,0,15.3,3,15116.56,0
W013950,5.04,0,134.1,2,4884.72,0
W013951,19.73,0,56.5,5,498.25,0
W013952,43.82,1,72.6,2,655.25,0
W013953,42.09,1,9.9,2,1173.73,0
W013954,47.26,1,57.5,3,9341.97,0
W013955,42.6,1,66.0,3,600.13,1
W013956,21.35,0,29.2,3,2444.76,0
W013957,38.39,1,12.3,6,3983.69,1
W013958,27.36,0,7.1,4,2482.03,0
W013959,36.68,1,34.3,1,4418.16,0
W013960,69.25,1,74.7,3,15734.73,0
W013961,0.0,0,61.3,3,3160.81,0
W013962,0.0,0,61.9,1,5070.34,0
W013963,30.16,1,32.7,1,4029.48,1
W013964,53.23,1,35.3,1,4506.86,0
W013965,22.88,0,57.3,5,95.88,0
W013966,18.49,0,102.7,4,4064.53,0
W013967,13.67,0,109.2,3,6724.25,0
W013968,24.72,0,8.9,2,1367.58,0
W013969,36.41,1,11.5,1,5039.77,0
W013970,37.86,1,12.2,1,1570.26,0
W013971,28.44,0,135.2,3,578.44,0
W013972,15.24,0,74.5,1,8560.33,0
W013973,20.51,0,78.0,4,35059.66,0
W013974,14.53,0,41.9,2,9600.36,0
W013975,57.67,1,21.4,3,2782.78,0
W013976,22.14,0,13.8,4,6856.02,0
W013977,72.32,1,60.7,2,5074.51,1
W013978,21.24,0,47.6,1,5756.19,1
W013979,55.66,1,18.7,6,16681.68,0
W013980,16.52,0,37.1,1,12290.44,0
W013981,0.99,0,69.7,2,17181.97,0
W013982,0.24,0,91.6,1,2151.0,0
W013983,68.83,1,10.6,5,5035.95,0
W013984,40.64,1,135.1,2,2405.35,0
W013985,26.36,0,33.7,3,1106.01,0
W013986,48.87,1,140.2,1,1336.76,0
W013987,7.96,0,19.1,1,2458.45,0
W013988,16.14,0,35.2,2,209.03,0
W013989,60.08,1,114.8,3,769.96,1
W013990,25.55,0,37.1,3,6273.7,0
W013991,37.56,1,50.9,1,285.03,0
W013992,21.91,0,75.6,4,8852.78,0
W013993,27.69,0,71.8,2,2492.84,0
W013994,52.97,1,41.5,3,23502.93,1
W013995,8.22,0,7.6,2,186.84,0
W013996,12.8,0,24.4,1,6539.48,0
W013997,38.9,1,114.8,2,13438.05,0
W013998,18.28,0,11.8,3,4126.59,0
W013999,34.71,1,69.9,2,7340.25,1
W014000,27.38,0,19.9,4,1215.95,1
W014001,51.43,1,74.6,1,575.08,0
W014002,42.75,1,39.4,2,4480.95,0
W014003,12.91,0,57.6,3,11101.74,1
W014004,36.83,1,33.7,4,3457.62,0
W014005,38.06,1,88.5,1,21712.45,1
W014006,14.95,0,40.2,2,2876.33,0
W014007,4.58,0,93.0,1,6003.81,0
W014008,42.4,1,95.8,2,1691.55,0
W014009,31.76,1,27.1,3,219.6,0
W014010,55.94,1,32.7,3,3050.91,0
W014011,46.1,1,14.9,1,1301.88,0
W014012,0.0,0,31.3,4,1849.77,0
W014013,66.66,1,79.0,2,7319.06,0
W014014,43.96,1,27.3,5,3397.0,0
W014015,31.7,1,107.4,3,230.97,0
W014016,39.15,1,3.0,1,5550.49,0
W014017,12.81,0,93.5,3,2288.98,0
W014018,56.56,1,93.0,1,8095.99,0
W014019,46.67,1,25.6,1,7000.91,0
W014020,0.0,0,45.9,2,2161.23,0
W014021,27.02,0,11.6,3,3004.05,0
W014022,54.94,1,89.8,1,6361.49,0
W014023,48.67,1,61.1,6,908.54,1
W014024,41.48,1,62.5,2,1427.29,0
W014025,15.26,0,66.5,2,2109.78,0
W014026,55.36,1,65.8,2,5239.86,0
W014027,35.06,1,24.9,2,3656.63,0
W014028,43.67,1,53.6,1,1998.97,0
W014029,33.82,1,59.8,1,6820.59,0
W014030,36.88,1,93.2,3,14964.36,1
W014031,35.19,1,70.9,1,10202.0,0
W014032,20.29,0,24.6,2,15022.95,0
W014033,28.39,0,47.6,2,7833.14,0
W014034,44.71,1,62.3,3,11564.18,0
W014035,35.8,1,11.0,1,3137.66,0
W014036,14.12,0,21.1,3,2892.48,1
W014037,36.74,1,7.1,2,2132.1,0
W014038,32.94,1,29.7,2,11685.89,0
W014039,41.74,1,77.7,1,8240.59,1
W014040,45.2,1,20.5,3,14341.63,0
W014041,47.76,1,84.6,2,2084.81,0
W014042,32.11,1,61.8,1,52112.83,0
W014043,20.08,0,71.8,6,2117.24,0
W014044,35.38,1,104.8,2,2250.78,0
W014045,19.62,0,19.0,4,7716.39,1
W014046,30.87,1,35.4,1,6990.92,0
W014047,20.03,0,36.2,3,1523.69,0
W014048,50.47,1,11.7,3,10498.28,0
W014049,57.5,1,81.9,6,5207.09,1
W014050,17.92,0,51.0,2,5646.53,0
W014051,18.72,0,58.9,5,4469.58,0
W014052,25.78,0,8.9,5,507.46,0
W014053,17.48,0,59.0,1,1209.25,0
W014054,13.51,0,29.7,3,3253.51,0
W014055,24.49,0,178.6,2,3604.87,0
W014056,22.64,0,8.5,2,1701.75,0
W014057,24.41,0,71.1,2,9885.52,0
W014058,22.85,0,110.1,4,4378.22,0
W014059,13.1,0,60.0,2,2663.95,0
W014060,10.44,0,73.0,4,7894.91,0
W014061,30.54,1,27.6,4,2817.94,0
W014062,13.58,0,22.1,3,1263.41,0
W014063,2.94,0,21.9,2,4132.87,0
W014064,16.69,0,22.4,2,2024.73,0
W014065,20.95,0,72.0,1,1753.07,0
W014066,67.4,1,19.8,2,6099.38,0
W014067,51.15,1,43.5,2,742.78,0
W014068,13.25,0,23.0,1,3222.2,0
W014069,50.45,1,71.6,5,636.8,0
W014070,70.87,1,15.0,4,2586.07,0
W014071,54.69,1,25.4,3,4346.37,0
W014072,26.17,0,92.2,2,695.38,1
W014073,59.06,1,170.7,1,17588.11,0
W014074,50.37,1,162.7,3,15536.73,0
W014075,22.65,0,34.3,1,1982.82,0
W014076,42.72,1,41.3,4,3280.69,0
W014077,14.12,0,37.7,2,25449.02,0
W014078,28.83,0,18.9,1,2306.82,0
W014079,6.93,0,40.6,4,695.67,0
W014080,10.09,0,93.8,6,11030.85,0
W014081,32.28,1,32.4,2,896.79,0
W014082,25.45,0,71.5,1,4802.53,0
W014083,35.36,1,71.4,1,6336.52,0
W014084,38.46,1,34.4,3,3726.51,0
W014085,0.0,0,8.6,4,7168.24,0
W014086,49.15,1,34.0,2,4391.22,0
W014087,38.86,1,28.0,1,5503.44,1
W014088,31.25,1,46.9,1,9984.43,0
W014089,20.87,0,156.2,4,1786.6,0
W014090,35.11,1,111.6,5,375.93,0
W014091,20.8,0,103.2,1,1466.59,0
W014092,81.34,1,10.3,3,1222.79,0
W014093,44.13,1,41.3,4,5459.44,0
W014094,23.6,0,51.5,2,1562.53,0
W014095,31.59,1,38.2,5,429.08,0
W014096,18.19,0,38.9,4,2070.37,1
W014097,32.33,1,39.9,2,14321.03,0
W014098,39.6,1,147.3,1,9637.48,0
W014099,32.14,1,62.8,1,3219.96,0
W014100,52.19,1,91.7,3,7592.3,0
W014101,18.09,0,10.3,2,9186.35,0
W014102,47.91,1,14.5,2,1896.6,1
W014103,6.06,0,106.3,3,6558.34,0
W014104,44.09,1,12.8,1,2586.67,0
W014105,44.91,1,112.0,5,40977.33,0
W014106,30.05,1,49.4,4,7000.37,0
W014107,35.54,1,25.2,5,1696.43,0
W014108,36.79,1,27.9,4,1679.31,0
W014109,20.77,0,18.5,4,1373.56,0
W014110,4.07,0,17.3,2,8742.69,0
W014111,30.93,1,9.6,4,2163.81,0
W014112,28.96,0,11.4,2,2727.58,0
W014113,18.66,0,70.1,1,492.73,0
W014114,29.6,0,99.1,3,9094.99,0
W014115,47.52,1,33.4,2,766.92,0
W014116,33.06,1,52.6,2,3736.72,0
W014117,0.0,0,20.8,2,1391.22,0
W014118,32.45,1,34.9,4,19122.22,0
W014119,21.38,0,52.1,3,3718.23,0
W014120,41.43,1,97.6,3,1992.97,0
W014121,51.33,1,77.4,1,1763.62,0
W014122,54.66,1,62.6,3,1187.85,0
W014123,73.59,1,25.2,4,8263.7,1
W014124,27.03,0,70.8,4,881.03,0
W014125,48.24,1,52.0,3,1677.34,0
W014126,33.59,1,19.9,6,12299.34,0
W014127,52.42,1,86.8,1,8396.39,0
W014128,32.24,1,55.6,5,18755.13,0
W014129,0.0,0,44.0,5,2465.21,0
W014130,20.29,0,83.9,6,19891.71,0
W014131,32.2,1,36.1,1,7564.4,0
W014132,25.47,0,191.2,3,19308.41,0
W014133,22.71,0,49.6,1,11175.41,0
W014134,25.59,0,50.1,1,1158.7,0
W014135,9.95,0,48.5,4,7465.27,0
W014136,36.39,1,61.8,1,2184.29,0
W014137,43.63,1,103.5,3,13363.64,0
W014138,31.55,1,41.7,6,1791.71,0
W014139,14.23,0,67.4,5,3351.56,0
W014140,25.67,0,75.2,5,17408.3,0
W014141,47.47,1,43.2,4,1779.94,0
W014142,36.6,1,51.4,2,5893.65,0
W014143,16.23,0,8.8,4,12701.39,0
W014144,39.33,1,4.4,2,2346.71,0
W014145,45.84,1,58.6,2,1980.52,0
W014146,33.92,1,39.0,3,24803.6,0
W014147,57.14,1,38.0,4,3770.27,0
W014148,21.49,0,53.8,3,13521.2,0
W014149,46.62,1,87.1,3,13183.92,0
W014150,22.96,0,36.0,4,627.94,0
W014151,49.52,1,9.4,2,576.88,0
W014152,32.18,1,98.2,4,4944.27,0
W014153,25.66,0,78.9,1,54431.97,0
W014154,31.69,1,2.3,4,18546.07,1
W014155,16.08,0,157.0,2,2156.51,0
W014156,43.94,1,29.2,2,11289.38,0
W014157,9.43,0,66.2,1,2377.02,0
W014158,42.93,1,31.9,2,1093.24,0
W014159,26.52,0,62.5,1,1998.68,0
W014160,30.12,1,24.4,1,1720.07,0
W014161,41.91,1,43.5,1,5462.09,0
W014162,47.53,1,57.5,2,10671.91,0
W014163,22.89,0,46.4,3,23267.75,0
W014164,7.86,0,40.1,4,4711.12,0
W014165,58.79,1,52.5,5,1511.48,0
W014166,33.17,1,44.1,5,5045.98,0
W014167,41.1,1,84.7,1,2980.02,0
W014168,27.26,0,44.9,4,2747.63,1
W014169,27.91,0,75.7,1,3803.67,0
W014170,34.72,1,36.8,6,29487.6,0
W014171,38.06,1,72.8,2,2218.42,0
W014172,54.22,1,34.0,2,541.18,0
W014173,57.64,1,91.1,2,827.6,0
W014174,24.77,0,23.2,1,6697.15,0
W014175,34.42,1,111.7,2,6641.66,0
W014176,49.46,1,25.6,6,1030.28,0
W014177,24.3,0,30.7,2,2381.0,0
W014178,0.0,0,103.5,3,4643.14,0
W014179,40.89,1,35.2,1,1422.47,0
W014180,17.61,0,19.9,3,2494.23,0
W014181,15.47,0,97.0,1,435.44,0
W014182,31.74,1,114.0,6,5059.54,0
W014183,59.75,1,66.4,4,3227.22,0
W014184,12.46,0,15.6,3,2281.08,0
W014185,31.81,1,58.1,1,941.43,0
W014186,9.08,0,72.0,3,13503.64,0
W014187,56.98,1,5.4,2,1896.29,0
W014188,19.54,0,37.8,3,8514.47,0
W014189,23.6,0,77.2,2,4782.52,0
W014190,33.91,1,97.2,6,1173.49,1
W014191,51.1,1,58.1,2,2164.66,1
W014192,21.67,0,15.3,1,3316.53,0
W014193,10.09,0,85.8,1,5481.73,0
W014194,26.26,0,76.5,1,3305.96,1
W014195,49.11,1,58.4,1,2230.16,0
W014196,19.6,0,76.9,5,1943.42,0
W014197,49.91,1,25.6,2,610.17,0
W014198,31.82,1,67.0,2,2171.42,0
W014199,40.01,1,83.3,3,2305.96,0
W014200,26.29,0,95.1,5,5115.85,0
W014201,38.9,1,174.8,2,14590.89,0
W014202,26.8,0,39.0,3,5053.27,0
W014203,28.32,0,30.7,3,520.08,0
W014204,6.12,0,73.8,2,1727.61,0
W014205,3.87,0,42.0,4,3244.02,0
W014206,41.31,1,18.8,1,937.99,0
W014207,37.31,1,85.7,4,479.35,0
W014208,4.47,0,154.2,2,3600.27,0
W014209,48.24,1,63.6,4,491.14,0
W014210,29.52,0,41.1,3,1012.81,0
W014211,41.0,1,32.1,1,811.64,0
W014212,24.72,0,80.7,1,6894.97,0
W014213,21.87,0,17.7,1,4895.46,0
W014214,47.88,1,188.7,1,576.72,0
W014215,17.19,0,62.0,3,6606.76,0
W014216,26.37,0,182.6,3,4562.46,0
W014217,36.38,1,75.3,2,3100.37,0
W014218,50.02,1,152.7,1,3392.1,0
W014219,1.19,0,99.2,2,13032.14,0
W014220,53.21,1,79.8,2,1916.41,0
W014221,48.32,1,38.3,1,19063.17,0
W014222,37.23,1,65.7,3,1399.6,0
W014223,17.96,0,74.8,5,2763.78,0
W014224,48.68,1,15.9,2,2605.84,0
W014225,49.68,1,44.0,1,46503.62,0
W014226,5.34,0,8.9,1,2721.3,0
W014227,30.44,1,30.1,1,7492.33,0
W014228,31.05,1,9.8,6,2181.9,0
W014229,29.6,0,200.0,1,3761.56,1
W014230,22.56,0,64.7,1,8209.52,0
W014231,3.34,0,8.9,2,946.87,0
W014232,47.48,1,48.5,5,2975.1,0
W014233,59.59,1,71.4,2,3256.2,0
W014234,25.68,0,53.1,4,4580.14,0
W014235,34.18,1,67.5,4,79027.74,0
W014236,26.64,0,60.3,2,1249.02,0
W014237,42.98,1,13.3,4,1206.67,0
W014238,15.79,0,33.9,2,1816.44,1
W014239,9.05,0,67.2,3,2121.11,0
W014240,49.34,1,83.3,2,5816.02,0
W014241,40.03,1,156.8,4,22999.15,0
W014242,26.29,0,107.9,4,5252.48,0
W014243,11.03,0,18.6,2,36890.05,0
W014244,12.69,0,45.3,6,398.11,1
W014245,44.46,1,50.9,3,1463.96,0
W014246,15.36,0,9.9,3,7334.12,0
W014247,45.23,1,119.6,3,1353.83,0
W014248,24.92,0,7.6,5,4820.13,0
W014249,23.42,0,73.9,5,12804.32,0
W014250,44.39,1,60.8,4,5517.13,0
W014251,3.72,0,152.9,1,36936.44,0
W014252,18.5,0,68.6,1,797.7,0
W014253,26.55,0,23.2,4,1003.8,0
W014254,53.19,1,95.0,5,1561.19,0
W014255,24.01,0,42.8,1,10385.08,0
W014256,0.0,0,14.6,5,2374.68,0
W014257,55.72,1,145.6,2,3445.96,0
W014258,14.91,0,78.2,2,2853.75,0
W014259,30.89,1,48.6,5,1855.47,0
W014260,36.28,1,57.8,6,11796.47,0
W014261,35.71,1,10.5,3,17726.07,0
W014262,33.21,1,55.1,1,850.93,0
W014263,57.68,1,54.7,1,3737.5,0
W014264,41.8,1,84.4,1,1108.53,0
W014265,25.65,0,84.6,1,5594.35,0
W014266,32.09,1,20.0,5,12166.27,0
W014267,33.25,1,123.2,1,4076.74,0
W014268,31.9,1,10.3,4,1091.78,1
W014269,14.24,0,20.1,3,1813.64,0
W014270,28.64,0,142.2,2,1665.97,0
W014271,29.5,0,69.8,1,2381.67,0
W014272,0.0,0,27.5,1,7192.15,0
W014273,35.39,1,31.0,2,7419.99,0
W014274,21.28,0,14.0,3,5069.22,0
W014275,36.75,1,49.1,1,4949.95,0
W014276,20.1,0,32.4,1,795.93,0
W014277,41.07,1,101.4,2,1430.25,0
W014278,35.68,1,70.4,1,1553.28,0
W014279,64.88,1,22.4,2,26321.92,1
W014280,0.0,0,66.7,1,11475.58,0
W014281,49.66,1,73.3,1,327.2,0
W014282,69.54,1,75.7,1,11252.34,0
W014283,20.26,0,62.7,3,6601.61,0
W014284,18.19,0,21.5,4,3964.5,0
W014285,24.52,0,42.0,1,3557.78,0
W014286,34.17,1,24.1,1,13244.52,0
W014287,21.28,0,39.1,3,18969.36,0
W014288,25.15,0,97.7,5,815.7,0
W014289,16.54,0,55.8,3,20003.54,0
W014290,39.11,1,51.8,4,1756.55,0
W014291,0.0,0,14.1,2,5334.38,0
W014292,59.31,1,96.2,4,1893.18,0
W014293,40.35,1,120.8,3,2229.41,0
W014294,31.93,1,75.1,1,1527.42,0
W014295,31.19,1,43.2,6,449.61,0
W014296,0.0,0,50.1,1,3515.62,0
W014297,43.71,1,22.5,1,323.44,0
W014298,41.22,1,85.4,4,5070.96,1
W014299,43.92,1,159.9,2,5474.66,0
W014300,22.4,0,27.1,1,1833.5,0
W014301,15.12,0,50.1,3,3646.3,1
W014302,34.58,1,39.3,3,412.57,0
W014303,50.81,1,89.1,1,5686.4,0
W014304,20.01,0,39.2,2,10364.58,0
W014305,21.55,0,26.6,2,2254.52,0
W014306,0.0,0,21.7,5,1883.64,0
W014307,42.85,1,57.5,1,3436.48,0
W014308,28.19,0,20.1,1,3584.56,1
W014309,11.73,0,47.2,4,1252.3,0
W014310,0.0,0,19.2,4,1937.41,0
W014311,23.45,0,101.0,1,1124.27,0
W014312,21.44,0,31.5,1,4838.51,0
W014313,63.82,1,131.5,2,2369.76,0
W014314,34.11,1,95.5,1,7397.91,0
W014315,17.44,0,9.7,6,7205.74,0
W014316,44.18,1,77.9,5,5140.13,0
W014317,34.2,1,160.8,6,397.56,1
W014318,30.16,1,94.7,2,7384.66,0
W014319,11.07,0,29.2,4,15645.3,0
W014320,52.29,1,23.4,1,2173.25,0
W014321,30.65,1,9.7,3,3180.8,0
W014322,21.86,0,27.4,5,6425.78,0
W014323,50.81,1,50.7,3,444.37,0
W014324,27.28,0,40.5,3,53945.13,0
W014325,23.23,0,10.2,5,3300.87,0
W014326,24.37,0,53.1,2,2917.11,0
W014327,14.92,0,38.5,1,652.34,0
W014328,39.01,1,30.2,2,12935.1,0
W014329,39.55,1,105.9,3,1383.34,0
W014330,50.87,1,83.5,3,1975.88,0
W014331,29.43,0,15.0,3,2852.3,0
W014332,67.05,1,41.4,2,5052.11,0
W014333,19.33,0,87.6,1,375.73,0
W014334,4.77,0,143.1,3,40102.87,0
W014335,47.09,1,103.5,1,50327.87,0
W014336,16.21,0,124.9,1,12468.96,0
W014337,43.52,1,81.2,2,1367.97,0
W014338,0.0,0,33.7,1,2716.29,1
W014339,39.37,1,20.9,3,101.25,0
W014340,22.14,0,12.4,2,4076.51,1
W014341,41.66,1,36.8,1,1160.82,0
W014342,24.96,0,43.2,2,7357.48,0
W014343,31.67,1,58.8,2,4601.23,1
W014344,34.89,1,108.2,2,5087.85,0
W014345,50.9,1,106.6,2,4882.25,0
W014346,52.71,1,52.8,1,1189.74,1
W014347,4.68,0,13.4,1,1163.14,0
W014348,22.68,0,80.7,2,11669.57,0
W014349,29.22,0,80.5,1,9799.6,0
W014350,36.19,1,115.4,2,3513.71,0
W014351,48.26,1,11.8,6,5715.7,0
W014352,38.8,1,92.7,1,4147.39,0
W014353,39.88,1,62.6,1,915.58,0
W014354,4.38,0,16.1,2,905.66,0
W014355,0.0,0,101.5,5,1373.51,0
W014356,19.72,0,200.9,3,4166.35,0
W014357,50.19,1,15.5,1,4542.69,0
W014358,31.24,1,51.0,2,46777.97,1
W014359,54.68,1,47.5,6,14117.44,0
W014360,22.14,0,67.0,4,8600.47,0
W014361,47.51,1,23.5,2,771.36,0
W014362,14.54,0,25.1,1,17987.14,0
W014363,11.41,0,40.6,3,2344.28,0
W014364,11.28,0,32.6,2,314.12,0
W014365,10.19,0,64.2,3,1415.46,0
W014366,31.13,1,38.2,5,11294.03,0
W014367,10.8,0,46.6,4,21289.38,0
W014368,17.94,0,70.4,1,7851.6,0
W014369,7.39,0,49.9,2,19730.35,0
W014370,55.23,1,136.8,2,8935.38,0
W014371,37.73,1,63.8,1,3359.07,0
W014372,7.73,0,76.6,3,2867.25,0
W014373,23.32,0,42.8,2,1787.7,0
W014374,37.36,1,109.8,4,4729.18,0
W014375,19.53,0,20.8,3,5864.71,0
W014376,28.41,0,107.2,3,1832.55,0
W014377,37.24,1,116.0,1,13643.65,0
W014378,33.76,1,146.5,4,1295.44,1
W014379,15.99,0,28.7,2,4826.13,0
W014380,29.18,0,77.1,2,16397.57,1
W014381,53.54,1,49.8,1,10830.17,0
W014382,65.51,1,125.4,3,10197.4,0
W014383,44.88,1,159.8,1,10930.9,0
W014384,21.77,0,34.2,2,6369.14,0
W014385,22.04,0,47.6,4,26575.55,0
W014386,54.16,1,100.9,3,3510.76,0
W014387,26.35,0,43.4,2,1773.99,0
W014388,26.49,0,26.3,2,7611.06,0
W014389,35.17,1,23.5,1,4567.73,0
W014390,40.67,1,47.9,3,4367.03,0
W014391,19.07,0,23.5,3,6772.21,1
W014392,41.65,1,93.6,4,777.36,0
W014393,0.0,0,20.0,4,1864.13,0
W014394,47.2,1,71.6,3,6718.29,0
W014395,57.73,1,139.8,1,4451.63,0
W014396,6.85,0,25.3,1,8184.27,1
W014397,28.88,0,21.8,6,953.4,0
W014398,6.16,0,101.7,1,5457.49,0
W014399,49.6,1,29.6,1,4781.96,0
W014400,56.93,1,45.6,2,8140.13,0
W014401,21.88,0,6.0,2,353.14,0
W014402,27.11,0,51.9,2,101610.9,0
W014403,48.82,1,109.5,1,615.25,0
W014404,27.52,0,36.9,2,18956.4,1
W014405,55.07,1,75.8,5,2208.0,0
W014406,14.46,0,55.9,5,13311.07,0
W014407,11.21,0,42.0,2,723.18,0
W014408,70.38,1,144.3,3,1354.99,0
W014409,40.05,1,13.9,2,8607.94,0
W014410,24.09,0,91.3,4,5389.47,0
W014411,34.06,1,101.2,2,4699.65,0
W014412,39.21,1,35.4,3,3499.03,0
W014413,60.55,1,103.0,1,1322.3,0
W014414,12.62,0,43.2,3,6447.69,1
W014415,51.1,1,51.1,1,4531.03,0
W014416,27.1,0,44.1,2,1972.63,0
W014417,29.24,0,37.5,2,5675.24,0
W014418,17.83,0,7.2,1,1085.98,0
W014419,1.33,0,39.8,4,33122.24,0
W014420,39.75,1,49.3,4,4311.51,0
W014421,34.59,1,89.7,1,25510.91,0
W014422,71.6,1,88.6,1,2154.37,0
W014423,0.0,0,131.5,4,8692.39,0
W014424,32.63,1,92.4,6,24554.19,0
W014425,29.94,0,46.6,1,5554.82,0
W014426,10.95,0,84.0,3,2203.62,0
W014427,63.21,1,108.7,2,13550.49,0
W014428,39.82,1,50.9,1,2688.05,0
W014429,24.56,0,36.6,5,16470.64,0
W014430,44.92,1,168.3,4,3734.38,0
W014431,30.98,1,25.0,1,3424.39,0
W014432,20.0,0,67.7,2,619.33,0
W014433,36.48,1,65.0,4,794.63,0
W014434,53.74,1,44.6,2,6011.26,0
W014435,25.98,0,53.6,1,7052.49,0
W014436,30.77,1,22.9,2,1883.27,0
W014437,34.97,1,63.8,1,1677.3,0
W014438,27.59,0,65.2,2,3476.56,0
W014439,22.75,0,31.9,1,6366.73,1
W014440,55.05,1,46.1,2,902.0,1
W014441,66.97,1,115.0,1,3386.92,0
W014442,49.37,1,56.6,3,4905.52,0
W014443,0.0,0,3.8,1,2486.7,0
W014444,25.05,0,126.9,2,1209.79,0
W014445,29.04,0,77.7,2,924.41,0
W014446,48.89,1,51.4,2,3006.01,1
W014447,0.0,0,26.9,3,857.45,0
W014448,38.72,1,27.1,5,7781.33,0
W014449,25.63,0,130.4,4,4546.45,0
W014450,23.44,0,18.5,2,16203.03,0
W014451,0.78,0,90.1,3,2777.48,0
W014452,43.07,1,71.4,2,1077.1,0
W014453,61.46,1,124.2,2,6534.46,0
W014454,0.0,0,3.0,1,4154.94,0
W014455,30.76,1,4.8,4,21273.4,0
W014456,3.39,0,29.1,2,2128.35,0
W014457,16.67,0,62.1,3,1917.86,0
W014458,8.85,0,69.2,3,10977.75,0
W014459,22.62,0,151.7,3,6168.85,0
W014460,27.16,0,43.0,1,9271.14,0
W014461,35.25,1,30.0,1,964.2,0
W014462,20.93,0,12.9,6,11228.47,1
W014463,60.34,1,76.0,4,2792.35,1
W014464,22.31,0,16.9,2,10268.43,0
W014465,40.21,1,55.0,1,3546.49,0
W014466,32.35,1,105.0,1,1614.46,0
W014467,12.76,0,61.1,3,627.25,0
W014468,22.08,0,87.7,1,8476.67,0
W014469,21.6,0,18.3,4,16106.77,0
W014470,13.91,0,85.6,1,640.75,0
W014471,32.62,1,27.1,2,7760.45,0
W014472,2.68,0,13.3,3,1565.3,0
W014473,15.91,0,61.8,2,5450.21,0
W014474,9.25,0,130.1,1,4795.5,0
W014475,52.29,1,36.1,4,4559.23,0
W014476,27.74,0,81.5,5,213.98,0
W014477,35.23,1,55.0,3,2016.33,0
W014478,22.99,0,69.6,2,12139.45,0
W014479,24.86,0,44.3,5,6326.65,0
W014480,38.54,1,158.0,1,19226.19,0
W014481,26.63,0,83.2,3,3956.57,0
W014482,35.09,1,34.4,1,611.93,0
W014483,12.54,0,45.0,3,9195.76,0
W014484,27.07,0,95.1,2,15598.13,0
W014485,32.8,1,47.9,1,7148.35,1
W014486,5.14,0,41.6,4,10494.08,0
W014487,25.27,0,25.7,2,67015.44,0
W014488,14.17,0,8.2,1,8529.61,0
W014489,48.78,1,36.7,3,572.52,0
W014490,37.69,1,40.3,4,2967.69,0
W014491,20.45,0,38.3,4,1268.29,0
W014492,51.42,1,88.0,2,2360.6,0
W014493,48.16,1,93.4,6,6395.99,0
W014494,50.96,1,36.2,1,5193.36,0
W014495,56.98,1,15.3,5,2007.03,0
W014496,35.91,1,110.3,1,1806.96,0
W014497,28.36,0,95.6,5,18526.6,0
W014498,42.03,1,67.2,3,14441.36,0
W014499,44.48,1,39.5,1,1012.27,0
W014500,23.64,0,46.0,4,26976.92,0
W014501,11.94,0,9.7,3,19788.84,0
W014502,0.0,0,20.2,1,2132.39,0
W014503,45.81,1,123.7,6,707.06,0
W014504,23.28,0,7.3,1,4651.36,0
W014505,40.06,1,73.4,1,1363.58,0
W014506,20.3,0,18.8,4,4402.62,0
W014507,19.17,0,31.9,4,1203.48,0
W014508,60.66,1,63.5,2,7478.88,0
W014509,28.37,0,90.4,1,783.41,0
W014510,42.61,1,92.6,3,8614.35,0
W014511,45.65,1,74.8,2,1737.88,0
W014512,59.65,1,72.2,2,7927.56,0
W014513,10.8,0,51.2,1,5123.59,0
W014514,18.99,0,241.0,2,2703.07,0
W014515,28.23,0,11.0,2,2455.7,0
W014516,25.92,0,73.3,2,649.54,0
W014517,16.76,0,57.0,3,4459.23,0
W014518,25.71,0,19.5,4,2633.06,0
W014519,61.04,1,71.8,6,488.53,0
W014520,43.37,1,83.2,2,9241.93,0
W014521,19.99,0,22.0,2,8226.33,1
W014522,8.68,0,22.7,2,5532.96,0
W014523,13.43,0,37.3,1,1799.79,0
W014524,5.13,0,19.6,5,2090.44,0
W014525,6.9,0,15.2,1,1769.55,0
W014526,18.1,0,131.6,3,14492.56,0
W014527,20.82,0,29.6,2,1805.92,1
W014528,73.71,1,184.3,1,11762.07,0
W014529,32.66,1,52.0,3,9374.73,0
W014530,18.38,0,31.1,3,808.32,0
W014531,21.08,0,53.4,2,2008.25,1
W014532,28.29,0,67.4,1,1372.67,0
W014533,35.09,1,93.9,3,4256.4,1
W014534,50.97,1,61.7,4,3326.49,0
W014535,49.78,1,21.1,1,3488.47,0
W014536,24.72,0,139.0,1,1764.47,0
W014537,12.7,0,124.6,1,4730.82,1
W014538,13.7,0,127.6,5,3698.7,0
W014539,45.88,1,28.6,5,6758.1,0
W014540,42.1,1,58.7,4,2397.63,0
W014541,14.74,0,187.7,1,230.73,0
W014542,6.59,0,137.8,1,2284.74,0
W014543,32.63,1,74.2,2,34658.2,0
W014544,29.57,0,38.9,1,743.5,1
W014545,2.48,0,14.9,3,3985.96,0
W014546,10.95,0,112.2,4,1125.26,0
W014547,38.53,1,44.5,4,2499.45,0
W014548,10.22,0,42.8,1,10156.16,0
W014549,30.42,1,236.5,3,3052.94,0
W014550,37.52,1,132.8,3,9619.37,0
W014551,23.15,0,191.8,2,5723.87,0
W014552,35.29,1,56.6,1,3606.74,0
W014553,24.1,0,80.4,1,8600.84,0
W014554,57.01,1,25.1,1,3941.91,1
W014555,50.02,1,75.4,1,1093.45,0
W014556,6.83,0,48.1,1,2485.8,0
W014557,24.69,0,137.0,3,30650.49,0
W014558,15.54,0,69.5,2,1465.13,0
W014559,32.95,1,16.2,2,2402.25,0
W014560,23.37,0,37.6,2,26182.43,1
W014561,32.86,1,100.7,1,579.52,0
W014562,74.12,1,52.1,5,13116.63,0
W014563,8.95,0,51.9,1,1817.71,0
W014564,26.45,0,9.4,4,2239.27,0
W014565,53.18,1,106.4,5,1532.88,0
W014566,18.77,0,38.0,2,918.26,1
W014567,32.58,1,33.8,1,2429.27,0
W014568,45.45,1,49.5,1,436.69,0
W014569,36.34,1,92.2,3,142.85,0
W014570,41.54,1,14.4,3,3280.87,0
W014571,0.0,0,76.2,2,5065.27,0
W014572,17.6,0,60.6,3,1913.44,0
W014573,63.93,1,83.2,5,1595.12,0
W014574,20.12,0,39.9,3,5457.63,0
W014575,51.86,1,25.4,6,10188.17,0
W014576,29.5,0,91.7,3,5090.25,0
W014577,34.09,1,53.9,1,3707.4,0
W014578,33.74,1,14.0,1,15675.03,0
W014579,57.51,1,66.2,3,1269.64,0
W014580,39.28,1,63.8,4,26276.76,0
W014581,30.56,1,126.3,2,6892.62,0
W014582,2.76,0,109.1,1,1053.7,1
W014583,23.88,0,114.9,1,4340.1,0
W014584,40.2,1,74.7,1,2397.38,0
W014585,26.49,0,46.7,4,9756.27,0
W014586,29.03,0,43.4,1,497.75,1
W014587,8.26,0,16.4,1,606.23,0
W014588,47.0,1,41.9,2,44105.0,0
W014589,0.0,0,43.3,6,3426.56,0
W014590,32.24,1,62.1,2,12213.94,1
W014591,28.0,0,9.5,6,3544.24,0
W014592,13.11,0,15.4,1,1121.58,0
W014593,30.46,1,10.0,4,7924.28,0
W014594,32.18,1,30.5,2,4712.79,0
W014595,4.52,0,35.2,4,1929.79,0
W014596,42.6,1,80.6,1,1575.84,0
W014597,0.0,0,18.3,1,4661.3,0
W014598,47.43,1,56.8,2,5732.47,0
W014599,16.18,0,56.7,2,5662.35,0
W014600,0.18,0,82.6,3,16990.08,0
W014601,3.87,0,49.4,3,6477.35,0
W014602,28.86,0,15.2,4,14757.33,0
W014603,25.25,0,29.8,1,1169.82,0
W014604,42.73,1,18.6,2,25618.93,0
W014605,0.0,0,26.0,6,9950.82,1
W014606,32.56,1,5.3,1,16439.54,0
W014607,10.34,0,29.5,2,1053.38,0
W014608,49.89,1,32.4,2,2324.04,0
W014609,12.8,0,85.4,1,402.06,0
W014610,12.16,0,9.8,4,864.62,0
W014611,31.99,1,40.9,5,26818.45,0
W014612,31.61,1,13.4,2,21399.85,0
W014613,31.65,1,23.9,2,360.95,0
W014614,27.78,0,50.6,3,2578.69,0
W014615,39.92,1,127.2,2,2578.36,0
W014616,25.21,0,30.9,1,458.09,0
W014617,51.6,1,89.6,5,6409.52,0
W014618,35.75,1,85.1,3,3246.38,0
W014619,25.09,0,66.1,2,29428.08,1
W014620,16.67,0,88.5,1,8155.14,0
W014621,24.06,0,97.1,2,3998.06,0
W014622,43.73,1,115.9,3,16940.18,0
W014623,30.28,1,35.8,1,1006.47,0
W014624,26.04,0,18.7,2,1960.11,1
W014625,21.76,0,11.8,1,1658.21,0
W014626,20.49,0,15.8,5,3048.25,0
W014627,40.4,1,99.4,3,7653.79,0
W014628,8.15,0,125.1,3,15952.07,1
W014629,8.32,0,100.4,2,2123.23,0
W014630,37.24,1,64.2,2,848.27,0
W014631,27.53,0,28.5,2,2388.9,1
W014632,23.58,0,49.6,3,2493.82,0
W014633,25.93,0,84.2,2,9677.34,0
W014634,19.24,0,149.0,2,12031.27,0
W014635,15.01,0,290.4,4,2527.1,0
W014636,47.89,1,39.5,4,587.3,0
W014637,13.27,0,34.8,2,3389.55,0
W014638,14.87,0,17.8,2,8708.44,0
W014639,43.51,1,158.8,3,265.28,0
W014640,19.72,0,29.4,5,7844.81,1
W014641,24.71,0,64.8,4,4952.52,0
W014642,24.69,0,6.5,1,1021.49,0
W014643,8.32,0,13.1,2,738.03,1
W014644,8.0,0,45.9,2,19054.28,1
W014645,12.62,0,14.3,5,10088.92,0
W014646,44.66,1,118.6,1,13136.98,0
W014647,22.17,0,65.4,3,10764.05,0
W014648,2.88,0,49.9,2,5750.14,0
W014649,25.87,0,87.7,1,2631.25,0
W014650,23.72,0,40.2,1,7315.87,0
W014651,12.76,0,51.1,3,1652.77,0
W014652,11.85,0,111.9,4,1921.68,0
W014653,12.56,0,49.3,4,8369.59,0
W014654,55.06,1,126.4,3,981.08,0
W014655,30.75,1,39.3,1,2582.26,0
W014656,54.87,1,38.0,3,9770.02,0
W014657,8.8,0,122.6,2,2952.26,0
W014658,26.24,0,93.6,1,5693.05,1
W014659,30.93,1,25.0,1,5086.9,0
W014660,7.04,0,14.9,4,13402.02,0
W014661,56.55,1,66.6,1,3730.68,0
W014662,30.06,1,48.3,3,1167.67,0
W014663,64.56,1,71.1,2,1394.19,0
W014664,52.08,1,43.1,5,771.57,0
W014665,18.55,0,17.5,4,2616.33,0
W014666,48.5,1,32.4,2,420.91,0
W014667,29.81,0,14.4,1,24178.6,1
W014668,27.83,0,32.5,2,15663.59,0
W014669,9.26,0,177.3,1,12334.16,0
W014670,12.43,0,37.5,4,2226.52,0
W014671,46.38,1,41.5,3,3121.17,0
W014672,51.43,1,32.3,3,12434.29,0
W014673,3.1,0,15.8,2,3458.82,0
W014674,38.94,1,16.0,1,864.7,0
W014675,23.23,0,18.0,3,1757.9,0
W014676,27.54,0,24.4,3,3182.51,0
W014677,25.24,0,7.2,4,8690.13,1
W014678,47.15,1,228.5,3,521.8,0
W014679,55.38,1,45.3,3,6177.29,0
W014680,46.25,1,27.5,4,12503.24,0
W014681,0.0,0,84.3,2,1986.57,0
W014682,36.39,1,141.7,3,3015.75,0
W014683,72.03,1,51.0,5,10545.99,0
W014684,17.67,0,67.8,2,675.43,0
W014685,30.3,1,54.8,2,2726.0,0
W014686,39.93,1,22.0,3,2534.49,0
W014687,39.73,1,71.9,3,425.17,0
W014688,12.7,0,67.6,1,3098.15,0
W014689,27.45,0,37.2,1,5524.48,0
W014690,25.95,0,66.5,4,12000.68,1
W014691,24.52,0,88.7,1,11269.64,0
W014692,50.53,1,50.6,2,19485.86,0
W014693,56.16,1,19.8,4,1800.39,0
W014694,42.67,1,50.8,4,1986.31,0
W014695,61.86,1,236.0,3,6115.7,1
W014696,28.05,0,58.8,5,1023.89,1
W014697,24.77,0,42.8,1,5937.52,0
W014698,12.07,0,23.1,2,712.99,0
W014699,28.82,0,56.6,2,947.99,0
W014700,36.08,1,61.8,2,1621.16,1
W014701,31.25,1,205.5,4,3812.08,0
W014702,34.06,1,122.5,4,8984.14,0
W014703,14.85,0,43.3,2,3097.01,0
W014704,21.18,0,126.2,3,6125.12,0
W014705,45.45,1,15.3,4,9486.12,0
W014706,82.41,1,68.4,1,15386.86,0
W014707,24.76,0,71.8,1,20493.35,0
W014708,40.14,1,35.5,1,3598.7,0
W014709,39.92,1,66.8,2,1444.42,0
W014710,58.29,1,42.9,3,7013.12,0
W014711,33.2,1,67.3,2,9872.62,1
W014712,27.98,0,51.7,2,974.5,1
W014713,23.96,0,38.0,3,2186.18,0
W014714,36.36,1,53.5,1,4742.44,0
W014715,39.2,1,109.3,2,5620.36,0
W014716,10.93,0,16.3,3,3215.13,0
W014717,50.68,1,43.2,2,10925.35,0
W014718,53.32,1,164.2,1,6528.59,0
W014719,65.61,1,57.1,5,1887.25,0
W014720,34.9,1,47.0,4,1597.73,0
W014721,38.53,1,60.6,5,912.91,0
W014722,87.87,1,68.1,2,4095.7,1
W014723,47.86,1,27.4,2,7085.49,0
W014724,16.86,0,70.6,1,4180.88,0
W014725,28.38,0,9.6,1,6065.9,0
W014726,5.27,0,56.1,3,75793.0,0
W014727,30.18,1,93.4,3,10895.56,0
W014728,24.13,0,29.3,2,2398.21,0
W014729,10.27,0,44.7,1,3304.26,0
W014730,0.0,0,75.9,2,8489.63,0
W014731,65.2,1,15.9,5,2285.23,0
W014732,57.51,1,185.1,1,1888.33,0
W014733,24.72,0,87.1,4,4519.8,0
W014734,35.18,1,53.9,1,6768.4,0
W014735,18.89,0,89.0,4,17304.43,0
W014736,35.13,1,67.6,3,674.07,0
W014737,27.66,0,63.0,1,12976.74,1
W014738,42.31,1,46.2,5,2664.02,0
W014739,24.4,0,13.9,2,177.87,0
W014740,22.12,0,108.6,3,1296.19,0
W014741,32.34,1,82.9,1,520.36,0
W014742,20.45,0,125.5,1,3045.77,0
W014743,38.1,1,54.0,3,964.51,0
W014744,50.45,1,48.8,1,3066.17,0
W014745,28.76,0,53.1,5,2593.28,0
W014746,43.52,1,38.5,1,5007.73,0
W014747,33.7,1,48.1,3,794.96,0
W014748,30.37,1,66.8,2,122.53,0
W014749,64.22,1,270.1,1,8537.51,0
W014750,12.44,0,21.7,4,3167.9,0
W014751,34.13,1,35.0,5,4791.08,0
W014752,29.16,0,15.4,2,1289.94,0
W014753,0.0,0,12.5,2,9507.73,0
W014754,36.29,1,31.9,3,2675.25,0
W014755,56.67,1,61.0,1,1228.37,1
W014756,45.03,1,105.9,3,434.32,0
W014757,40.88,1,39.4,4,6338.04,0
W014758,17.47,0,28.2,3,128.52,1
W014759,25.5,0,34.9,5,6320.09,1
W014760,48.55,1,25.9,2,2512.26,0
W014761,35.06,1,60.6,3,8361.44,0
W014762,19.86,0,54.4,2,1819.73,1
W014763,2.73,0,57.0,2,32974.67,0
W014764,12.63,0,43.7,1,2031.32,0
W014765,39.5,1,78.5,5,31394.05,0
W014766,15.71,0,2.2,3,19946.05,1
W014767,45.36,1,7.2,1,7710.22,0
W014768,19.05,0,89.3,2,903.85,0
W014769,28.89,0,104.1,2,7484.57,0
W014770,40.48,1,17.1,4,2177.2,0
W014771,26.49,0,14.0,3,3823.6,0
W014772,28.25,0,157.3,2,849.16,0
W014773,11.69,0,150.3,3,791.02,0
W014774,28.0,0,23.7,2,2772.07,0
W014775,30.67,1,210.9,1,19712.05,0
W014776,43.51,1,28.7,1,4362.34,0
W014777,63.82,1,33.3,1,1097.7,0
W014778,38.32,1,51.5,1,4587.33,0
W014779,21.45,0,174.9,2,6791.04,0
W014780,59.69,1,35.7,3,25513.56,0
W014781,10.24,0,22.7,2,892.65,0
W014782,54.96,1,54.8,2,1427.41,0
W014783,47.31,1,55.7,1,3814.72,0
W014784,29.28,0,28.3,3,6970.66,1
W014785,47.7,1,63.2,2,1893.98,0
W014786,37.98,1,45.5,5,1160.4,0
W014787,15.24,0,27.2,1,58667.71,1
W014788,17.53,0,24.7,5,12161.88,0
W014789,16.34,0,68.0,3,12737.32,0
W014790,32.71,1,44.3,4,2508.35,0
W014791,32.91,1,210.1,1,8916.75,0
W014792,22.79,0,11.4,4,12894.64,0
W014793,32.24,1,90.7,1,9692.02,0
W014794,35.48,1,135.6,1,6270.62,0
W014795,49.05,1,59.1,2,53676.22,1
W014796,25.3,0,69.9,2,942.37,0
W014797,11.4,0,54.2,1,652.89,0
W014798,50.4,1,42.5,5,20196.69,0
W014799,65.33,1,42.2,1,4583.52,0
W014800,68.42,1,67.9,1,2638.19,0
W014801,62.73,1,29.5,3,5684.73,0
W014802,40.88,1,140.1,4,1255.22,0
W014803,52.24,1,78.1,1,17867.57,0
W014804,18.94,0,42.8,2,4567.71,0
W014805,36.84,1,60.8,2,1820.46,0
W014806,10.54,0,10.7,1,1972.5,0
W014807,32.73,1,25.1,1,1949.19,0
W014808,28.3,0,37.8,2,8065.56,0
W014809,43.95,1,97.7,2,4015.49,0
W014810,33.38,1,38.2,3,2096.74,0
W014811,38.11,1,105.8,4,11573.07,0
W014812,50.36,1,82.3,1,1708.82,0
W014813,22.2,0,16.4,5,3694.23,0
W014814,35.24,1,72.3,5,2721.83,0
W014815,32.83,1,53.6,1,7717.8,0
W014816,15.4,0,98.5,5,12198.13,0
W014817,15.96,0,132.1,5,1031.08,0
W014818,7.03,0,68.7,4,363.54,0
W014819,0.0,0,77.9,2,2785.24,0
W014820,33.95,1,91.0,4,11836.56,0
W014821,14.63,0,21.3,3,1914.18,1
W014822,17.5,0,89.2,2,8190.52,0
W014823,20.53,0,37.8,3,3251.42,0
W014824,68.84,1,17.7,3,4732.35,0
W014825,0.0,0,108.6,2,2261.38,0
W014826,16.06,0,41.8,1,2286.89,1
W014827,26.1,0,28.2,1,3652.17,0
W014828,32.69,1,48.0,1,4900.01,0
W014829,40.86,1,74.9,1,9305.77,0
W014830,11.4,0,120.2,2,4024.64,0
W014831,54.42,1,31.1,5,416.36,0
W014832,4.69,0,13.2,5,4899.84,0
W014833,8.4,0,51.6,2,12806.07,0
W014834,37.37,1,178.8,1,5144.33,0
W014835,48.23,1,133.3,3,478.05,0
W014836,7.53,0,27.7,2,981.04,0
W014837,32.59,1,34.4,2,25160.55,0
W014838,0.0,0,1.2,3,5067.37,0
W014839,33.12,1,56.0,3,3745.88,0
W014840,12.23,0,24.0,1,7504.68,0
W014841,37.6,1,140.5,2,2367.99,1
W014842,35.38,1,25.8,1,9727.88,0
W014843,46.79,1,90.5,1,6673.22,0
W014844,54.24,1,125.3,4,1234.86,0
W014845,60.86,1,44.7,2,1416.32,0
W014846,17.81,0,33.0,1,15800.23,0
W014847,7.46,0,91.0,1,3998.5,0
W014848,43.56,1,79.0,5,7938.4,0
W014849,20.16,0,36.0,1,14583.93,0
W014850,23.85,0,25.6,6,19287.49,0
W014851,8.86,0,72.6,2,5424.7,0
W014852,13.02,0,48.4,5,2863.25,0
W014853,43.26,1,88.6,4,1568.68,0
W014854,56.14,1,51.3,1,4399.01,0
W014855,32.12,1,123.6,5,20503.85,0
W014856,35.93,1,98.8,3,26593.76,0
W014857,0.0,0,14.4,5,8464.16,0
W014858,2.79,0,24.8,5,1253.11,0
W014859,72.54,1,50.9,1,6901.33,0
W014860,51.45,1,33.3,2,8481.42,0
W014861,31.96,1,97.2,3,22781.75,0
W014862,54.72,1,67.5,1,2371.69,0
W014863,44.19,1,107.5,5,5944.3,0
W014864,20.88,0,27.8,2,12522.39,0
W014865,59.06,1,65.0,4,19458.66,0
W014866,35.42,1,29.2,3,941.5,0
W014867,55.53,1,41.2,3,2000.37,0
W014868,23.66,0,136.3,6,2295.83,0
W014869,31.79,1,12.4,3,328.44,0
W014870,12.85,0,118.8,5,4133.46,0
W014871,47.19,1,106.0,5,6549.74,0
W014872,55.3,1,45.0,2,5675.27,0
W014873,39.87,1,90.1,2,969.91,0
W014874,19.07,0,96.3,1,3067.64,0
W014875,26.67,0,17.2,3,35577.96,0
W014876,25.58,0,87.6,3,5178.29,0
W014877,43.72,1,31.6,1,42709.95,1
W014878,35.89,1,14.1,3,3175.55,0
W014879,27.44,0,134.4,3,1151.19,0
W014880,3.76,0,122.6,1,8140.2,0
W014881,41.61,1,72.9,2,8164.42,0
W014882,43.95,1,58.4,2,4881.98,0
W014883,53.83,1,244.5,2,1321.54,1
W014884,62.66,1,26.3,1,16019.4,0
W014885,38.4,1,38.6,1,5072.08,0
W014886,27.16,0,30.9,2,3227.54,0
W014887,37.95,1,20.8,6,1785.62,0
W014888,31.1,1,55.9,2,7439.43,0
W014889,46.71,1,31.5,1,2312.93,0
W014890,19.36,0,32.8,1,1220.06,0
W014891,19.59,0,149.2,2,2681.31,0
W014892,0.0,0,34.7,2,8667.55,0
W014893,35.08,1,95.6,2,2929.0,0
W014894,6.86,0,48.6,1,2592.01,0
W014895,55.07,1,70.4,1,1992.65,0
W014896,25.3,0,29.1,1,21193.49,0
W014897,42.42,1,101.4,3,3339.26,0
W014898,37.81,1,59.6,6,2431.94,0
W014899,0.0,0,5.4,1,8367.61,0
W014900,57.95,1,76.1,4,2199.96,0
W014901,0.0,0,16.1,2,992.63,0
W014902,43.53,1,56.9,3,1358.85,0
W014903,35.78,1,114.3,1,8157.2,0
W014904,0.0,0,77.4,2,3202.4,0
W014905,28.77,0,51.2,2,2597.25,1
W014906,11.14,0,89.1,5,2684.43,0
W014907,27.4,0,81.8,5,2001.01,0
W014908,13.6,0,133.0,2,12421.11,0
W014909,9.87,0,69.2,1,15080.54,0
W014910,31.23,1,49.4,2,2782.76,0
W014911,14.93,0,93.5,2,3527.78,0
W014912,21.56,0,77.6,2,845.89,0
W014913,76.23,1,12.2,1,2660.55,1
W014914,30.42,1,18.0,1,5494.37,0
W014915,40.16,1,17.8,1,1708.11,0
W014916,25.99,0,66.9,2,1632.27,0
W014917,8.37,0,44.5,2,515.23,0
W014918,29.12,0,146.5,4,8023.39,0
W014919,26.39,0,48.2,2,2676.49,0
W014920,30.25,1,63.5,2,17396.17,0
W014921,6.97,0,76.5,3,6984.86,0
W014922,16.06,0,21.6,3,6740.91,0
W014923,7.6,0,114.3,1,2547.42,0
W014924,28.3,0,84.3,5,4377.9,0
W014925,34.69,1,45.3,1,8214.04,0
W014926,32.53,1,47.9,2,119.77,0
W014927,56.09,1,37.6,2,5132.05,1
W014928,15.09,0,74.5,4,3790.72,0
W014929,13.73,0,23.0,1,1957.87,0
W014930,43.6,1,18.3,1,4477.41,0
W014931,27.63,0,67.7,5,5167.41,1
W014932,27.95,0,49.4,1,3306.36,0
W014933,21.66,0,23.4,2,1427.59,0
W014934,17.8,0,88.6,1,3384.09,0
W014935,7.44,0,40.8,5,6939.07,0
W014936,18.15,0,151.8,6,31397.66,0
W014937,28.41,0,52.3,1,4926.22,0
W014938,53.22,1,52.9,1,4022.02,0
W014939,5.74,0,80.8,4,1232.37,1
W014940,29.43,0,33.1,3,9589.83,1
W014941,55.52,1,8.0,1,3188.36,0
W014942,45.87,1,52.5,1,2071.6,0
W014943,18.98,0,44.3,4,7116.99,0
W014944,12.48,0,32.5,4,2564.94,0
W014945,62.28,1,47.9,1,21715.29,0
W014946,11.75,0,114.2,1,4367.84,0
W014947,34.61,1,57.0,2,2509.87,0
W014948,34.9,1,106.3,3,3562.99,0
W014949,30.19,1,27.3,1,4093.88,1
W014950,43.79,1,111.6,1,31274.04,0
W014951,43.43,1,22.4,4,4496.8,0
W014952,7.66,0,147.3,4,15623.54,0
W014953,16.77,0,138.7,5,6519.81,0
W014954,28.16,0,55.8,1,2697.13,0
W014955,9.71,0,26.8,4,6058.23,0
W014956,58.47,1,37.5,1,4137.74,0
W014957,48.48,1,94.0,1,905.99,0
W014958,27.74,0,9.3,1,799.69,1
W014959,48.04,1,60.9,4,17526.18,0
W014960,0.0,0,25.2,3,4949.93,0
W014961,42.76,1,72.1,6,1870.28,0
W014962,11.39,0,17.4,2,5450.62,0
W014963,19.56,0,53.3,1,5863.55,0
W014964,41.17,1,19.5,2,12973.49,0
W014965,16.24,0,173.3,1,6552.63,0
W014966,26.89,0,49.0,1,3216.65,0
W014967,29.81,0,41.0,2,2051.67,0
W014968,11.44,0,47.2,4,3048.34,0
W014969,37.63,1,123.4,4,2659.3,0
W014970,46.43,1,51.4,2,2112.55,0
W014971,10.5,0,21.6,1,6684.79,0
W014972,27.03,0,58.8,1,3812.6,1
W014973,33.38,1,36.5,2,7966.57,0
W014974,63.72,1,44.9,2,12095.83,0
W014975,31.93,1,81.6,2,3922.1,0
W014976,19.14,0,77.0,2,6996.86,0
W014977,4.14,0,39.9,2,1836.64,0
W014978,31.09,1,46.3,1,4619.59,0
W014979,3.13,0,31.9,1,14135.66,0
W014980,33.09,1,57.9,3,3146.69,0
W014981,18.39,0,58.2,1,822.59,0
W014982,21.25,0,42.7,2,3534.75,0
W014983,12.86,0,44.3,2,2699.79,0
W014984,0.0,0,12.4,2,363.42,0
W014985,43.68,1,18.4,3,1946.55,0
W014986,46.25,1,131.1,2,5148.86,0
W014987,32.01,1,69.5,5,6605.22,0
W014988,40.34,1,25.8,6,7254.33,0
W014989,40.48,1,12.5,3,5688.13,0
W014990,7.53,0,16.2,2,51521.38,0
W014991,21.94,0,58.7,2,3432.26,0
W014992,44.2,1,102.8,1,1985.1,0
W014993,52.46,1,59.9,3,2402.09,0
W014994,35.26,1,122.1,1,11325.05,1
W014995,36.39,1,34.3,4,705.09,0
W014996,39.34,1,96.1,2,5560.66,0
W014997,0.46,0,73.1,1,2871.53,0
W014998,33.81,1,72.2,2,9038.93,0
W014999,49.08,1,52.1,2,4262.11,0
